time,x,x_dot,z,z_dot,theta,theta_dot,u1,u2,x_ref,z_ref,theta_ref
0.0,0.27395604855596334,-0.0012224312049589538,1.3020370878759355,0.003947360581187278,-0.24349359126741027,0.009512447032735119,0.05632337490909717,0.05948875053171005,0.5,1.0,0.0
0.02002002002002002,0.2735179553281295,-0.02190466139169292,1.2998611588679423,-0.10879645039965802,-0.24079598803903154,0.1348801614189366,0.056323374904880714,0.07666050443205384,0.49999013042806856,1.0031415719827794,0.0
0.04004004004004004,0.2726049646655523,-0.04564953312885974,1.29567724571232,-0.2091956577811096,-0.22205610775257706,0.9369940143227242,0.05632337493095994,0.0645268990320752,0.49996052210190806,1.0062830199416763,0.0
0.06006006006006006,0.27126512906328665,-0.06699178011328061,1.2893120519329557,-0.3182596889682158,-0.19704417646079542,1.2505965645890824,0.05632337490989532,0.06129396721931868,0.4999111761904045,1.0094242198577041,0.0
0.08008008008008008,0.26954175766863464,-0.0861685697325996,1.2807265536631067,-0.42927491349245195,-0.1686049028116635,1.4219636824565995,0.05632337490496075,0.0591997945669478,0.49984209464164997,1.0125650477216688,0.0
0.10010010010010009,0.2674836185911613,-0.10290695387366472,1.269899392313965,-0.5413580674570874,-0.13857286189650359,1.5016020457579942,0.05632337490488535,0.05799802164372078,0.4997532801828658,1.0157053795390643,0.0
0.12012012012012012,0.26514161920056434,-0.11709996952984815,1.2568218650500618,-0.6538763631951657,-0.10805008220548826,1.5261389845507667,0.05632337507834572,0.057529519447631905,0.4996447363202946,1.0188450913349674,0.0
0.14014014014014015,0.2625670743962033,-0.1287272402180521,1.2414948787717008,-0.7663493139180424,-0.0776279741090274,1.5211054048230424,0.05632337492364626,0.05721787452622945,0.49951646733906235,1.0219840591589324,0.0
0.16016016016016016,0.25981160846700946,-0.13777329645969127,1.223920175572022,-0.878735159983949,-0.047629510536969774,1.4999231786028815,0.05632337492196732,0.056618676736761096,0.49936847830300873,1.0251221590898847,0.0
0.18018018018018017,0.2569269459355167,-0.1442331265746397,1.2040936490088092,-0.9913263281606316,-0.018719861986061275,1.4454824275454257,0.05632338342821416,0.05662778004905963,0.4992007750544875,1.0282592672410122,0.0
0.20020020020020018,0.25396323173452356,-0.1481857100496568,1.1820185753177455,-1.1037536845531868,0.008995614351614398,1.3857738168837836,0.12042146743204439,0.12039445453697034,0.4990133642141358,1.0313952597646567,0.0
0.22022022022022023,0.2509334482143621,-0.15148917600807388,1.1595905198229808,-1.1214027747382314,0.03506510844301545,1.3034747045700525,0.1828520901803754,0.18178607594632873,0.4988062531806126,1.0345300128572028,0.0
0.24024024024024024,0.24795301769812622,-0.1490215258117931,1.1386442926655425,-1.0473113578719122,0.05858484847125586,1.17598700141202,0.22422305005492527,0.22259341583272435,0.49857945013030697,1.0376634027639664,0.0
0.2602602602602603,0.24520545850262151,-0.137377959775235,1.120393499579169,-0.9125396543186806,0.07903286694984632,1.0224009239295235,0.23945387138051216,0.23746177019457346,0.49833296401701493,1.0407953057840789,0.0
0.2802802802802803,0.24287248308357337,-0.1166487709524069,1.1052760019654304,-0.755874880686927,0.095955526946181,0.846132999816734,0.2512593548455225,0.2492908447845019,0.49806680457158625,1.0439255982753717,0.0
0.3003003003003003,0.24112589530173217,-0.0873293890920604,1.0936309154083568,-0.5822543278536767,0.10933247171324724,0.6688472383533143,0.251864499892192,0.24996891894738305,0.49778098230154,1.047054156659257,0.0
0.3203203203203203,0.24009258017835952,-0.05166575616863285,1.0854661975121904,-0.4082358948083128,0.11912844205759436,0.48979851721735546,0.24295613915433492,0.2413083283918423,0.4974755084906501,1.0501808574256075,0.0
0.34034034034034033,0.2398431003731822,-0.012473990258865371,1.0805129314716817,-0.24766330202543885,0.1254826869459925,0.3177122444199064,0.22677298474854343,0.2255185087111723,0.49715039519849946,1.05330557713763,0.0
0.36036036036036034,0.24039103427223363,0.027396694952570938,1.0782927901781056,-0.11100706467879912,0.12861072681576363,0.15640199348855777,0.2098488173923371,0.20908660041545335,0.4968056552600042,1.056428192436741,0.0
0.38038038038038036,0.24171679403953766,0.06628798836520239,1.078310300511029,0.000875516646169916,0.12891221813267134,0.015074565845386162,0.1920231456024853,0.19171856525872313,0.49644130228490685,1.059548580047435,0.0
0.40040040040040037,0.2437728250298832,0.10280154951727669,1.0800459204901414,0.08678099895561064,0.12663007347223576,-0.11410723302177925,0.17552993411249485,0.17580591705836301,0.49605735065723894,1.0626666167821521,0.0
0.42042042042042044,0.2464991298823833,0.13631524262500458,1.0830233268241616,0.1488703167010105,0.12218203995804724,-0.22240167570942582,0.16000345047348075,0.1607561404486085,0.4956538155347533,1.0657821795461413,0.0
0.44044044044044045,0.24982670907410828,0.16637895958625024,1.0867946784531999,0.18856758145191035,0.11596363145057473,-0.31092042537362596,0.14761775167229604,0.14878624533409132,0.4952307128483256,1.068895145342319,0.0
0.46046046046046046,0.2536906611088476,0.19319760173696404,1.0910044644781245,0.21048930124623186,0.1081971113113584,-0.3883260069608162,0.13729436911908208,0.1389054320175586,0.49478805930132547,1.072005391276126,0.0
0.4804804804804805,0.25802926230536083,0.21693005982566269,1.0953586175268764,0.21770765243759274,0.09918129435318652,-0.4507908479085939,0.1296683308398528,0.1317018760848971,0.49432587236895703,1.0751127945603784,0.0
0.5005005005005005,0.2627871948551355,0.23789662748873577,1.0996422789999258,0.21418307365247455,0.08927264439870523,-0.4954324977240657,0.12415232750447201,0.126512777545859,0.4938441702975689,1.0782172325201154,0.0
0.5205205205205206,0.26791405579776423,0.2563430471314356,1.1037012475534476,0.202948427676084,0.07867229056986587,-0.5300176914419655,0.12080243861340148,0.123477008073812,0.493342972103934,1.0813185825974418,0.0
0.5405405405405406,0.27336473765923314,0.272534093073445,1.1074447596274486,0.18717560370005468,0.06770782167675854,-0.5482234446553675,0.11897531190566207,0.12185131017857834,0.492822297574499,1.084416722356367,0.0
0.5605605605605606,0.27909697744738565,0.2866119894076252,1.1108250380535647,0.16901392130581028,0.056565986891630275,-0.5570917392564134,0.11856105332096888,0.12159489641627454,0.49228216726460267,1.087511529487638,0.0
0.5805805805805806,0.28507108963860867,0.29870560956115,1.113835030267033,0.1504996106734208,0.045363714613020696,-0.5601136139304791,0.11904719321453824,0.12222969787268366,0.49172260249766486,1.0906028818135687,0.0
0.6006006006006006,0.2912484709584402,0.30886906599157715,1.1164937778265243,0.13293737797456096,0.03416526435711042,-0.5599225127955136,0.12016803076043613,0.12351891605512251,0.49114362536434436,1.0936906572928624,0.0
0.6206206206206206,0.29759071983852603,0.3171124440042927,1.1188389883815197,0.11726052774977835,0.023165347751032666,-0.5499958303038879,0.12162945883605308,0.12507535162521563,0.49054525872166704,1.0967747340254301,0.0
0.6406406406406406,0.3040589255718248,0.3234102866649386,1.1209169521140792,0.10389818662796824,0.01252471613464928,-0.5320315808191692,0.12336676817163686,0.1268478454592631,0.48992752619212343,1.0998549902572035,0.0
0.6606606606606606,0.3106140712165146,0.32775728223448863,1.1227808044374785,0.09319261616996581,0.0023419609988638073,-0.5091377567892735,0.12514108191552656,0.12862158652652325,0.48929045216273603,1.1029313043849407,0.0
0.6806806806806807,0.3172173575330952,0.3301643158290306,1.1244838088351867,0.08515021988541104,-0.0073429354834308475,-0.4842448241147327,0.12684131155659384,0.13031911942964786,0.48863406178409674,1.1060035549610272,0.0
0.7007007007007007,0.3238305661652242,0.3306604316064494,1.1260765869477423,0.07963890562778138,-0.016414271937900637,-0.45356682272348936,0.1284523347782664,0.13187121675622035,0.4879583809693737,1.1090716206982714,0.0
0.7207207207207207,0.33041642008526495,0.3292926960020382,1.1276059062960324,0.07646596741451087,-0.024844435711042803,-0.4215081886571085,0.12992227774032555,0.13327299819758837,0.48726343639328856,1.1121353804746905,0.0
0.7407407407407407,0.33693924158522315,0.3261410749979099,1.1291138896532564,0.07539916786120628,-0.03269715117957352,-0.39263577342653594,0.1311219747239146,0.13445568757113271,0.48654925549106326,1.1151947133382953,0.0
0.7607607607607607,0.3433652133639159,0.3212985889346384,1.1306351426865981,0.07606265166708723,-0.03982157729611531,-0.3562213058270892,0.13211679079044633,0.13533952047040876,0.485815866457337,1.1182494985118623,0.0
0.7807807807807807,0.34966250589480935,0.31486462654467373,1.1321965935678284,0.07807254406150986,-0.04623026959487947,-0.3204346149382075,0.13293909362465536,0.13605300318370636,0.4850632982450529,1.1212996153977037,0.0
0.8008008008008007,0.35580191377952286,0.30697039423567507,1.1338199532905942,0.08116798613828381,-0.0518185274528484,-0.2794128928984466,0.13358858300679294,0.13651568330633118,0.48429158056431554,1.1243449435824273,0.0
0.8208208208208209,0.36175710267570044,0.2977594448088792,1.135520582334683,0.0850314522044462,-0.05661244479319688,-0.23969586701742385,0.13410534522420442,0.13684536335086514,0.4835007438812175,1.127385362841691,0.0
0.8408408408408409,0.3675050354536215,0.28739663889605394,1.137309907926821,0.08946627960690305,-0.060648249768681904,-0.20179024877425175,0.13446278538505751,0.1370183026561685,0.48269081941663694,1.1304207531449484,0.0
0.8608608608608609,0.3730259831090672,0.27604738277228436,1.1391947321855953,0.09424121293871847,-0.06392332362388882,-0.16375369276034618,0.13471207564144153,0.13705832375517388,0.48186183914500486,1.1334509946601878,0.0
0.8808808808808809,0.37830339647185823,0.26387066813955007,1.141178382196253,0.09918250053288111,-0.06641932842501477,-0.12480024005629803,0.1348595878625789,0.13695790590791795,0.48101383579304297,1.1364759677586627,0.0
0.9009009009009009,0.3833240233144441,0.25103134212929185,1.143260733447065,0.10411756254061126,-0.06823298720464328,-0.09068293898142554,0.13490768039945528,0.136792353586893,0.48014684283847153,1.1394955530196147,0.0
0.9209209209209209,0.38807786779431197,0.23769222399339332,1.1454393950420503,0.10893307974926342,-0.06935744317171132,-0.056222798353400584,0.13489829044029433,0.13653542841993044,0.4792608945086879,1.142509631234988,0.0
0.9409409409409409,0.3925578259595167,0.22399790826023852,1.1477099396220187,0.1135272289984232,-0.06979528514679925,-0.021892098754397897,0.134850186241703,0.13620725273960782,0.4783560257794152,1.1455180834141359,0.0
0.960960960960961,0.396759728483934,0.2100951262208622,1.150066495246334,0.11782778121576572,-0.06967299902759717,0.0061143059601045865,0.13474619520223396,0.135874227127735,0.4774322723733215,1.1485207907885175,0.0
0.980980980980981,0.40068216937023104,0.1961220443148525,1.1525024811249105,0.12179929392882194,-0.06894525329656973,0.03638728655137134,0.1346862709938561,0.13552394716365074,0.47648967075860943,1.151517634816387,0.0
1.001001001001001,0.4043259920823496,0.18219113560592698,1.1550118690637912,0.1254693969440381,-0.06769230745523441,0.06264729206676564,0.13460570040318773,0.13516999715210729,0.47552825814757677,1.1545084971874737,0.0
1.021021021021021,0.40769448735618347,0.16842476369169287,1.1575884387675919,0.12882848519003845,-0.06600177564349614,0.08452659058691397,0.13374898411263014,0.13380846461010987,0.4745480724951473,1.1574932598276524,0.0
1.0410410410410411,0.41079478665949865,0.15501496516575838,1.1601997444033751,0.1305652817891585,-0.06408255574158547,0.09596099509553362,0.134150994967398,0.13407082879681945,0.47354915249737217,1.1604718049036047,0.0
1.0610610610610611,0.4136328713468532,0.14190423436772953,1.1628560547391584,0.13281551678916947,-0.06192182903409501,0.10803633537452334,0.13417858886651315,0.13393815060798817,0.4725315375899024,1.1634440148274712,0.0
1.0810810810810811,0.41621637300729586,0.12917508302213251,1.1655563118488064,0.13501285548239508,-0.059471512148693326,0.12251584427008386,0.1341701974623274,0.13371749091524554,0.4714952679464322,1.1664097722614932,0.0
1.1011011011011012,0.4185540274875775,0.11688272401408169,1.1682976692525064,0.13706787018500566,-0.05681098311856469,0.13302645150643172,0.13411219069427913,0.13347606854984195,0.4704403844771127,1.1693689601226458,0.0
1.1211211211211212,0.4206556919448634,0.10508322286429658,1.1710762886931634,0.1389309720328427,-0.05383061488236323,0.14901841181007244,0.1340889902664573,0.1331732733907339,0.46936692882693704,1.1723214615872586,0.0
1.1411411411411412,0.42253206949429567,0.09381887747161176,1.173887961271539,0.14058362891877996,-0.05052548879700877,0.16525630426772356,0.13408736083179518,0.13285633413598094,0.46827494337409614,1.1752671600956295,0.0
1.1611611611611612,0.42419517857908257,0.08315545423934383,1.1767286267728343,0.14203327506477217,-0.047104505429389494,0.17104916838096415,0.13401555314746202,0.13257713158429352,0.467164471228306,1.1782059393566253,0.0
1.1811811811811812,0.4256582216076181,0.07315215142677826,1.1795937733834343,0.14325733052999948,-0.04347384215460646,0.18153316373915113,0.13397988778450037,0.1322493958014988,0.4660355562291055,1.1811376833522729,0.0
1.2012012012012012,0.4269349292469697,0.06383538196757844,1.1824786826435776,0.1442454630071635,-0.03982293318369983,0.18254544854533183,0.13388710577431273,0.1319643983029705,0.46488824294412573,1.184062276342339,0.0
1.2212212212212212,0.42803980318746004,0.05524369702451856,1.1853784114192858,0.14498643878540668,-0.03619564111489585,0.18136460344019859,0.13377693051064116,0.1316759999379719,0.4637225766673307,1.1869796028689001,0.0
1.2412412412412412,0.4289873582294896,0.047377752101477794,1.1882876582968398,0.145462343877704,-0.03253180192583545,0.18319195945301986,0.1336916809325564,0.13135826144658014,0.462538603417229,1.1898895477609006,0.0
1.2612612612612613,0.4297920247078222,0.04023332391663097,1.1912009990578158,0.14566703804880496,-0.028921014784481832,0.18053935706768132,0.13357244242435334,0.1310493503614809,0.4613363699350574,1.1927919961386984,0.0
1.2812812812812813,0.43046830309754036,0.033813919485910074,1.1941125883834365,0.14557946628103596,-0.025317580196344294,0.18017172940687634,0.13348438791921602,0.13072758103867385,0.4601159236829352,1.1956868334186013,0.0
1.3013013013013013,0.4310304582521198,0.028107757728970076,1.197016792226076,0.14521019213196842,-0.02176658180069261,0.17754991978258466,0.1333846224323798,0.13040821735534258,0.45887731284199057,1.1985739453173903,0.0
1.3213213213213213,0.43149269512995875,0.023111843891949403,1.1999077857184013,0.14454967461626872,-0.01831891468413535,0.17238335582786288,0.13326765742559896,0.13009272278502115,0.45762058631045877,1.2014532178568313,0.0
1.3413413413413413,0.4318689862625627,0.018814556630198466,1.2027794902432545,0.14358522624265968,-0.015034156299287789,0.16423791924237807,0.13313405839559672,0.12979146308348385,0.4563457937017514,1.2043245373681746,0.0
1.3613613613613613,0.43217286259506366,0.015193816625046696,1.2056257341176353,0.14231219371904294,-0.011957480136416513,0.15383380814356376,0.13300625458289136,0.12952121177305495,0.45505298534249783,1.2071877904966422,0.0
1.3813813813813813,0.4324171945880046,0.01221659964704757,1.2084408342574557,0.14075500699101862,-0.009171022052927722,0.1393229041744395,0.13285446772026052,0.12928179264916115,0.45374221227055844,1.2100428642059031,0.0
1.4014014014014013,0.4326139791490817,0.009839228053852705,1.2112191569201944,0.1389161331369296,-0.006651891785649464,0.12595651336391298,0.13277766976501032,0.1291084313267697,0.45241352623300973,1.2128896457825364,0.0
1.4214214214214214,0.4327740411045036,0.008003097771096784,1.2139571105141522,0.13689767969788985,-0.004401857124909962,0.11250173303697507,0.1326753270138396,0.12891789850757185,0.4510669796841014,1.2157280228404794,0.0
1.4414414414414414,0.43290715803490576,0.00665584652010601,1.2166504335614157,0.13466615236317492,-0.002427665468719779,0.09870958280950924,0.1325871833756991,0.12875339969236996,0.44970262578318554,1.2185578833254664,0.0
1.4614614614614614,0.43302204053823606,0.005744125166515066,1.2192954314406697,0.13224989396269884,-0.0007241581215977789,0.08517536735609997,0.13253272391370544,0.12862751477893747,0.44832051839261794,1.2213791155194507,0.0
1.4814814814814814,0.43312633877219203,0.00521491169779741,1.2218894584919429,0.12970135256366278,0.000657096425817796,0.06906272737077873,0.13250592280671075,0.12857591453970194,0.4469207120756319,1.2241916080450161,0.0
1.5015015015015014,0.4332266404049216,0.0050150816364773814,1.2244313636008473,0.12709525544522365,0.0017118871233297354,0.052739534875596975,0.13249772724000675,0.12855984138284432,0.44550326209418395,1.2269952498697734,0.0
1.5215215215215214,0.43332824727308955,0.005080343408399156,1.2269207874099546,0.12447119045536753,0.0025352959930708746,0.041170443487056986,0.13451133015099576,0.13096495519473159,0.4440682244067723,1.2297899303107438,0.0
1.5415415415415414,0.4334353880055498,0.005357036623013289,1.2294231874612702,0.125120002565782,0.0033585752800247065,0.04116396434769159,0.13487510392343277,0.131118137834416,0.4426156556662276,1.2325755390387292,0.0
1.5615615615615615,0.43355131734219876,0.005796466832447777,1.2319462154665488,0.12615140026392943,0.004026440257685777,0.03339324888305358,0.13383453705051204,0.12997976370649014,0.44114561321747664,1.2353519660826662,0.0
1.5815815815815815,0.4336792059722306,0.006394431501591039,1.234457581439858,0.12556829866545743,0.004383641118822689,0.01786004305684552,0.13323221731523147,0.12939022916625903,0.4396581550952781,1.2381191018339694,0.0
1.6016016016016015,0.4338216030313876,0.007119852957850163,1.2369396187855786,0.12410186728603238,0.004422270631145841,0.0019314756161575228,0.1329097753220425,0.12910534061869713,0.4381533400219318,1.2408768370508576,0.0
1.6216216216216217,0.433979880567221,0.007913876791666817,1.239383324256677,0.12218527355491803,0.004126051593352188,-0.014810951889682625,0.13279539048091665,0.12906243837989326,0.4366312274049601,1.2436250628626662,0.0
1.6416416416416417,0.4341541778008293,0.008714861680417522,1.2417863670367622,0.12015213900425802,0.0035585282761553027,-0.028376165859844198,0.13283114549632286,0.12915112435173265,0.43509187733476284,1.2463636707741457,0.0
1.6616616616616617,0.43434341989371394,0.009462104644230501,1.2441505955919379,0.1182114277587851,0.002607597906734095,-0.04754651847106037,0.13296234315096095,0.12943465259983367,0.433535350582245,1.2490925526697454,0.0
1.6816816816816818,0.4345454353744282,0.010100774035711094,1.2464821624340732,0.1165783421067608,0.0013776127913183158,-0.06149925577078894,0.13316289112327062,0.1297503526826525,0.43196170859641764,1.2518116008178803,0.0
1.7017017017017018,0.4347566108794188,0.010558775249530203,1.248788727053369,0.11532823096479189,-0.00018667623406938997,-0.07821445126938528,0.13342847036200278,0.13019605768463877,0.4303710135019718,1.2545207078751857,0.0
1.7217217217217218,0.4349721856956448,0.010778740811298348,1.2510808365303112,0.11460547384710687,-0.0019742232605202818,-0.0893773513225446,0.1337151667983079,0.1306219801088329,0.4287633280968261,1.2572197668907532,0.0
1.7417417417417418,0.43518612224420417,0.010696827427968444,1.253369051819125,0.11441076444068335,-0.004047367294171731,-0.10365720168257245,0.13399608959342402,0.1311122877522956,0.4271387158496476,1.2599086713103547,0.0
1.7617617617617618,0.43539146013225793,0.010266894402687386,1.255664790970284,0.11478695755795555,-0.006385387128932387,-0.11690099173803283,0.1342993144879679,0.13164861727097357,0.4254972408973459,1.262587314980648,0.0
1.7817817817817818,0.4355800322920923,0.009428607991717197,1.2579804672102013,0.11578381199586432,-0.00885998587620309,-0.12372993736353516,0.1345912686320777,0.13212144674766063,0.4238389680425416,1.265255592153367,0.0
1.8018018018018018,0.4357426360461071,0.00813018770073912,1.260327362383999,0.11734475868988825,-0.011519969515103153,-0.1329991819450032,0.13484309006779305,0.1326150446128429,0.42216396275100754,1.2679133974894983,0.0
1.8218218218218218,0.43586939476715064,0.006337936052177204,1.2627164447741595,0.11945411950802275,-0.014165680952943818,-0.1322855718920331,0.13503380612958304,0.13294449774246178,0.4204722911490846,1.270560626063438,0.0
1.8418418418418419,0.4359497781311347,0.004019168199204917,1.265155312681488,0.12194339536643369,-0.016920564707244918,-0.13774418771505512,0.13515303277330915,0.1333050172930118,0.4187640200210709,1.2731971733671346,0.0
1.8618618618618619,0.43597324123285186,0.0011731550858574804,1.2676509378517178,0.12478125851148562,-0.01973132180484332,-0.14053785487992002,0.13522153954267288,0.13360801532122626,0.41703921680658557,1.2758229353142152,0.0
1.8818818818818819,0.435928830288851,-0.002220547200042508,1.270208652978846,0.12788575635641822,-0.022638865242409368,-0.1453771718783025,0.13523948732067054,0.13391421710793344,0.41529794959790634,1.278437808244094,0.0
1.901901901901902,0.43580530876061,-0.006176076412049017,1.272833054209491,0.13122006153223992,-0.025534176875919776,-0.14476558167551984,0.135182059152255,0.1340997032199233,0.4135402871372809,1.2810416889260652,0.0
1.921921921921922,0.43559111168420306,-0.010709853820348558,1.2755257926166494,0.13463692035791944,-0.028390323656184782,-0.14280733901325046,0.1350708354338451,0.1342368825432732,0.4117662988142137,1.2836344745633783,0.0
1.941941941941942,0.43527474556789764,-0.01581830581527098,1.278286974419564,0.1380590901457244,-0.031162654774307318,-0.1386165559061267,0.13487740420405678,0.13427964179656476,0.4099760546627262,1.2862160627972954,0.0
1.961961961961962,0.4348449884817667,-0.0214878543065444,1.2811140611348732,0.14135433576546128,-0.033921554324622794,-0.13794497751577378,0.1346128039164994,0.13431537670612476,0.40816962535859197,1.2887863517111338,0.0
1.981981981981982,0.4342909404897554,-0.027702399600566797,1.2840033346890756,0.14446367771011076,-0.036534923214008405,-0.13066844446928036,0.13429645093605286,0.13423231967068086,0.406347082216547,1.291345239834288,0.0
2.002002002002002,0.4336019084828646,-0.034451600344539285,1.286948523668051,0.14725944894876516,-0.03904351646622004,-0.12542966261058144,0.1338419032722217,0.13405400877779444,0.4045084971874737,1.2938926261462367,0.0
2.022022022022022,0.43276789743906424,-0.04170055219002004,1.2899398924710705,0.14956844015098164,-0.04135647816827753,-0.11564808510287455,0.13369140378754862,0.1341631882065102,0.40265394285556094,1.2964284100805297,0.0
2.042042042042042,0.43177910308633666,-0.049439717636378507,1.2929764532691927,0.1518280399061119,-0.04356677069764932,-0.110514626468589,0.13331500263790338,0.13409045233200734,0.4007834924354383,1.2989524915287594,0.0
2.062062062062062,0.4306266688153197,-0.057621713550847414,1.296051189000557,0.15373678656821513,-0.045529864828407596,-0.09815470653791374,0.132534045762558,0.1335288939062275,0.3988972197692855,1.3014647708445124,0.0
2.0820820820820822,0.4293027535462135,-0.0661957634553089,1.2991438577308336,0.1546334365138289,-0.04717362737834237,-0.08218812749673836,0.13185960406116168,0.1330244602934222,0.3969951993239177,1.3039651488473027,0.0
2.1021021021021022,0.4278005189562467,-0.07511172949833875,1.3022366681441608,0.15464052066635817,-0.04860616747861285,-0.07162700501352498,0.13111247028228748,0.13251479510585706,0.39507750618784515,1.3064535268264883,0.0
2.1221221221221223,0.4261144921587421,-0.08430133987523056,1.3053107228266156,0.1537027341227372,-0.04987188629241486,-0.06328594069010055,0.13042869121655726,0.13209952945193507,0.39314421606830946,1.308929806545167,0.0
2.1421421421421423,0.42423992473750827,-0.09372837106169028,1.3083494910268014,0.15193841000929187,-0.05088153086795492,-0.05048222877700266,0.1298124105750196,0.13169432732101582,0.39119540528829405,1.3113938902440563,0.0
2.1621621621621623,0.42217270784141225,-0.10336084480480023,1.3113376161878363,0.14940625805174657,-0.05160387058052556,-0.03611698562853212,0.12924059466885787,0.13130799323894263,0.38923115078351167,1.3138456806453502,0.0
2.1821821821821823,0.4199097620054237,-0.11314729179942747,1.3142607248987088,0.14615543554362914,-0.05215927479462091,-0.027770210704766554,0.1286524886286876,0.1309797651603037,0.3872515300993669,1.3162850809565623,0.0
2.2022022022022023,0.4174490560016753,-0.1230353001874186,1.3171051170971886,0.14221960992398786,-0.05247774580212717,-0.01592355037531317,0.12814393861172257,0.13068402184744668,0.38525662138789457,1.3187119948743449,0.0
2.2222222222222223,0.4147891560420387,-0.132994997981832,1.3198587827460528,0.1376832824432109,-0.05259176803944138,-0.00570111186570983,0.12766238476196679,0.13043140209004384,0.3832465034046749,1.3211263265882922,0.0
2.2422422422422423,0.4119294536050932,-0.14298512184727485,1.3225107963116782,0.13260067828126582,-0.052425006449455296,0.008338079499302896,0.12723027013332472,0.13017331627095802,0.3812212555057239,1.3235279807847222,0.0
2.2622622622622623,0.4088701235225446,-0.15296650412743104,1.3250509238464871,0.12700637674044798,-0.05202753483987393,0.019873580479069015,0.12683402948695183,0.1299724858465989,0.37918095764436094,1.3259168626504394,0.0
2.2822822822822824,0.40561231062095704,-0.16289064507937756,1.3274703653818787,0.12097207676957902,-0.05136532921059528,0.03311028146393241,0.12656868372465763,0.1298684087560914,0.3771256903680519,1.3282928778764782,0.0
2.3023023023023024,0.4021578559163155,-0.17272273523207676,1.3297637343327837,0.1146684475452469,-0.0504319230522871,0.04667030791540804,0.1263929247782343,0.12983610355356814,0.37505553481522974,1.330655932661826,0.0
2.3223223223223224,0.39850946952705035,-0.18241931946325737,1.331928082330922,0.10821739990692023,-0.04921782931055011,0.06070468708685024,0.1262949733231019,0.1298570985251208,0.3729705727120911,1.3330059337171258,0.0
2.3423423423423424,0.39467082502972206,-0.1919322248664154,1.3339624509957426,0.10171843324102488,-0.047830983941594137,0.06934226844779823,0.1261643575777551,0.12990308841356565,0.37087088636936966,1.33534278826836,0.0
2.3623623623623624,0.39064661642940873,-0.20121043001566588,1.335865817592117,0.09516832981871921,-0.046213286675831876,0.08088486328811324,0.12615414032441677,0.13001816475081146,0.36875655867908697,1.3376664040605122,0.0
2.3823823823823824,0.386442068888856,-0.21022737702763514,1.3376399890040636,0.08870857059732698,-0.04438310420334061,0.09150912362456312,0.12624394038609393,0.13022879995876063,0.36662767311128003,1.3399766893612095,0.0
2.4024024024024024,0.38206309239214864,-0.2189488248353694,1.3392896999536066,0.08248554747715407,-0.04220371664877504,0.10896937772827894,0.1264506547367211,0.1304433251394714,0.3644843137107058,1.3422735529643444,0.0
2.4224224224224224,0.3775163967763932,-0.22733478078777128,1.3408214997746852,0.07658999105393687,-0.03977544388577515,0.12141363814999405,0.1267323113392353,0.13078039700892063,0.36232656509352335,1.3445569041936742,0.0
2.4424424424424425,0.3728099530493555,-0.2353221863518858,1.3422449056332408,0.07117029292777707,-0.03724125008368625,0.12670969010444483,0.1269956597334653,0.13116299653525582,0.36015451244395347,1.3468266529064024,0.0
2.4624624624624625,0.36795263250991994,-0.24286602697177817,1.3435698591747793,0.06624767707692078,-0.034498056742809556,0.1371596670438347,0.12741043515539058,0.1316112588006592,0.3579682415109156,1.3490827094967364,0.0
2.4824824824824825,0.36295359719948367,-0.24995176552181325,1.3448095104160864,0.061982562065350445,-0.03140055205115434,0.15487523458276045,0.12802603934755208,0.13213414885703711,0.3557678386046427,1.3513249848994247,0.0
2.5025025025025025,0.357822835790946,-0.2565380704268849,1.345981093408012,0.058579149596288196,-0.0281568670932154,0.16218424789694744,0.1285601317620851,0.13267787507662016,0.3535533905932738,1.3535533905932737,0.0
2.5225225225225225,0.35257180405614347,-0.2625515867401263,1.34710096125593,0.05599339239588734,-0.024827156638004264,0.1664855227605567,0.12864716500601373,0.13284031080261485,0.3513249848994246,1.3557678386046428,0.0
2.5425425425425425,0.34721289801238436,-0.2679453021879546,1.3481731821086336,0.05361104263517915,-0.021228941744624766,0.17991074466897516,0.12941758899573053,0.1334864630883982,0.34908270949673637,1.3579682415109156,0.0
2.5625625625625625,0.34175851594613127,-0.2727191033126545,1.3492190774921977,0.052294769178207814,-0.01752875765296569,0.18500920458295336,0.13023784804297672,0.1342602063768946,0.34682665290640247,1.3601545124439536,0.0
2.5825825825825826,0.33622213014077734,-0.2768192902676965,1.3502625796351375,0.05217510714699368,-0.013669182638235858,0.19297875073649196,0.13101714067130307,0.13492347695860968,0.34455690419367424,1.3623265650935232,0.0
2.6026026026026026,0.3306178748720871,-0.2802127634345119,1.3513253375198846,0.05313789423735093,-0.00977786475893332,0.19456589396512683,0.13168118737894483,0.1355247546772214,0.3422735529643443,1.3644843137107059,0.0
2.6226226226226226,0.3249606454847981,-0.2828614693644512,1.352426332133374,0.055049730674473045,-0.005769963512294606,0.20039506233193566,0.1324434115669113,0.13613852206862553,0.3399766893612096,1.3666276731112799,0.0
2.6426426426426426,0.3192656301395838,-0.2847507672607134,1.3535861281487866,0.05798980077062882,-0.0017258403715585604,0.2022061570368023,0.13309136726645004,0.13666155772557384,0.33766640406051224,1.3687565586790869,0.0
2.6626626626626626,0.3135486658818669,-0.28584821288584467,1.3548221972698689,0.061803456054106996,0.002277571006073006,0.20017056888157833,0.1336247296849258,0.13709069044623085,0.33534278826836,1.3708708863693695,0.0
2.6826826826826826,0.30782586916539145,-0.2861398358237743,1.356148859234876,0.06633309825035509,0.006207812369660498,0.19651206817937455,0.133988762675244,0.1373484478453396,0.33300593371712583,1.372970572712091,0.0
2.7027027027027026,0.30211324591442995,-0.28563116254807525,1.3575753213000772,0.07132310326006179,0.010163091591573052,0.1977639610956277,0.13449257528204667,0.13765590612266607,0.3306559326618259,1.3750555348152298,0.0
2.7227227227227226,0.2964266007615479,-0.2843322576441026,1.3591135350325,0.07691068662114567,0.014163265716937459,0.20000870626822048,0.134989762584661,0.13790310763622282,0.3282928778764782,1.377125690368052,0.0
2.7427427427427427,0.290781942415858,-0.2822329172844962,1.360774397313131,0.08304311403154047,0.018136151964529137,0.19864431237958396,0.1355992429643693,0.13828483920635495,0.32591686265043934,1.379180957644361,0.0
2.7627627627627627,0.28519563391029135,-0.2793154252783316,1.3625723945910544,0.08989986389617485,0.021938316239201727,0.19010821373362968,0.1359288759390928,0.13845664450973588,0.32352798078472217,1.381221255505724,0.0
2.7827827827827827,0.279683852217844,-0.27558908462236875,1.3645146940355246,0.09711497222350961,0.02563959106938088,0.18506374150895757,0.1359752275672692,0.1382761778175243,0.32112632658829215,1.383246503404675,0.0
2.8028028028028027,0.27426195025503175,-0.2710950981406109,1.3665989995665246,0.10421527654999765,0.029203055457804265,0.17817321942116954,0.13608338978530646,0.13816401074857554,0.3187119948743448,1.3852566213878945,0.0
2.8228228228228227,0.26894492965885386,-0.26585102980889436,1.3688248941628662,0.11129472981708355,0.03253059646968726,0.16637705059414984,0.13607402088680248,0.13797660623257987,0.31628508095656227,1.3872515300993669,0.0
2.8428428428428427,0.26374711742691137,-0.25989061159712373,1.3711890669474858,0.11820863923097817,0.035636454838907365,0.1552929184610047,0.13586706637171683,0.13758035846500283,0.3138456806453503,1.3892311507835116,0.0
2.8628628628628627,0.258681623844811,-0.25327467910501744,1.3736821693785402,0.12465512155272472,0.0386371545292967,0.150034984519467,0.13573008181487473,0.13716030179426672,0.3113938902440563,1.391195405288294,0.0
2.8828828828828827,0.2537607009884052,-0.24604614282029214,1.3762955254752516,0.1306678048355748,0.041379441469763294,0.1371143470233302,0.1354652742684719,0.1366990157772836,0.30892980654516716,1.3931442160683094,0.0
2.9029029029029028,0.24899598957741195,-0.23823557054966274,1.3790179359104437,0.13612052175960368,0.043880473048925825,0.12505157895812669,0.13507683722420458,0.1360953952264738,0.3064535268264883,1.395077506187845,0.0
2.9229229229229228,0.24439784188724367,-0.22990738450841447,1.3818342738588054,0.14081689741808254,0.046199611807138934,0.11595693791065521,0.13453056772743993,0.13528984196602312,0.3039651488473027,1.3969951993239176,0.0
2.942942942942943,0.23997534099688742,-0.22112504451781284,1.3847241033971593,0.1444914769177004,0.048332166263675855,0.10662772282684643,0.13421779735894074,0.13470888895018673,0.3014647708445124,1.3988972197692855,0.0
2.962962962962963,0.23573704286728667,-0.21191490648003716,1.3876737809094104,0.1474838756125565,0.05031173024841641,0.0989781992370281,0.13388563295717923,0.1340735085061182,0.29895249152875947,1.4007834924354383,0.0
2.982982982982983,0.2316906632755246,-0.20231897958810408,1.3906685877007077,0.14974033956486774,0.05210469857403976,0.08964841628116692,0.1335109671704523,0.13340770524533416,0.29642841008052967,1.4026539428555609,0.0
3.003003003003003,0.227843224565892,-0.19237193548162945,1.393692741485025,0.15120768921587632,0.053615037802301244,0.07551696141307469,0.13306435976446296,0.13272860268274278,0.29389262614623657,1.4045084971874737,0.0
3.023023023023023,0.22420085181275454,-0.18211863765687344,1.3967292248021193,0.15182416585471292,0.054890399870553476,0.06376810341261163,0.13183731563913198,0.13159136406945401,0.291345239834288,1.406347082216547,0.0
3.043043043043043,0.2207675675059497,-0.17166421534024218,1.3997427473489614,0.15067612734210778,0.056108787415660506,0.06091937725535133,0.13099752106213972,0.13036366396540375,0.2887863517111338,1.408169625358592,0.0
3.063063063063063,0.2175465554312422,-0.16105060373537425,1.4027024558069354,0.1479854228987053,0.057245662933072226,0.056843775870586276,0.1312036052498213,0.13019291525551685,0.28621606279729545,1.4099760546627262,0.0
3.083083083083083,0.21454249763139244,-0.15020288999248935,1.4056086111493236,0.14530776711941074,0.05815646443706594,0.0455400751996858,0.13118557394178834,0.12988144612408023,0.28363447456337826,1.4117662988142137,0.0
3.103103103103103,0.21175945724658846,-0.13915201924019943,1.4084560904910262,0.1423739670851299,0.058751581639763815,0.029755860134892426,0.13092157169199842,0.1293863146255434,0.2810416889260653,1.4135402871372809,0.0
3.123123123123123,0.20920020359362984,-0.1279626826479309,1.4112334632704333,0.1388686389703611,0.059102393359421024,0.017540585982861172,0.13051584523611778,0.12871085738528487,0.27843780824409403,1.4152979495979063,0.0
3.143143143143143,0.2068660222788896,-0.11670906573701326,1.4139246055109704,0.13455711202685994,0.05917190146476033,0.0034754052669653188,0.1301015881808058,0.1280550997286054,0.27582293531421515,1.4170392168065855,0.0
3.163163163163163,0.20475724506129667,-0.10543886087964674,1.4165136134773613,0.12945039831954713,0.05897856820031066,-0.00966666322248307,0.12967874822938763,0.12738941667458467,0.2731971733671345,1.418764020021071,0.0
3.183183183183183,0.20287312180424166,-0.09420616285275055,1.4189843734145167,0.12353799685776516,0.058499582816913864,-0.02394926916983979,0.12925575004609388,0.12674783631206735,0.27056062606343795,1.4204722911490846,0.0
3.203203203203203,0.20121192062549625,-0.08306005893726974,1.42132118468232,0.11684056339016637,0.05774675739678187,-0.03764127100660049,0.12892519551668638,0.1262034321258962,0.2679133974894983,1.4221639627510076,0.0
3.2232232232232234,0.19977102002325386,-0.0720450301121195,1.423511213748329,0.1095014533004573,0.056689341797966156,-0.05287077994078512,0.1286532422226189,0.12575196288739676,0.26525559215336697,1.4238389680425416,0.0
3.2432432432432434,0.19854686404886462,-0.06120779871946139,1.4255439263992542,0.10163563254626089,0.0554522559759846,-0.061854291099078,0.12845643260256667,0.1253079459971466,0.26258731498064786,1.4254972408973459,0.0
3.2632632632632634,0.19753488961092325,-0.05059872189706874,1.4274100720701433,0.09330728354445393,0.0539682080860486,-0.07420239449680056,0.1283765313693401,0.12503457638923268,0.2599086713103547,1.4271387158496476,0.0
3.2832832832832834,0.19673014225174315,-0.040237367959004754,1.4291046858003091,0.0847306865082969,0.05214295681510337,-0.09126256354726124,0.1283481279616249,0.12489195490767539,0.2572197668907532,1.4287633280968262,0.0
3.3033033033033035,0.19612687668755505,-0.030163278209405293,1.430625542240926,0.07604282203084592,0.050013240454066486,-0.10648581805184361,0.12833968206780597,0.12476845487351462,0.2545207078751856,1.4303710135019718,0.0
3.3233233233233235,0.19571809497201895,-0.020439085776805227,1.4319710524380476,0.06727550985607642,0.047649380982893716,-0.11819297355863854,0.12851124299968275,0.12480243887906003,0.25181160081788034,1.4319617085964178,0.0
3.3433433433433435,0.19549588348901392,-0.011110574150250942,1.4331446654216324,0.05868064917924906,0.0451933314244354,-0.12280247792291604,0.1287439804862832,0.12482262171170518,0.24909255266974542,1.433535350582245,0.0
3.3633633633633635,0.19545156669274308,-0.0022158398135419255,1.434150556920763,0.050294574956531904,0.04245948065107929,-0.13669253866780529,0.1290754125509697,0.12507930290162242,0.24636367077414578,1.435091877334763,0.0
3.3833833833833835,0.19557623674485405,0.006233502605548988,1.4349978589695531,0.042365102439505344,0.0396255556795199,-0.14169624857797025,0.12943377515897145,0.12526890765753904,0.24362506286266622,1.43663122740496,0.0
3.4034034034034035,0.1958599269811303,0.014184511813812325,1.4356951332754333,0.034863715294009834,0.03663446026759145,-0.1495547705964225,0.12985817439689237,0.12557785160763674,0.24087683705085766,1.4381533400219317,0.0
3.4234234234234235,0.1962923913286706,0.021623217377014146,1.4362536744165502,0.027927057055845386,0.03337327527287832,-0.16305924973565655,0.13046167053303906,0.12615993649491675,0.23811910183396956,1.439658155095278,0.0
3.4434434434434436,0.1968629502238866,0.028527944760800245,1.4366914662606474,0.021889592204864545,0.029859589199919052,-0.17568430364796364,0.13097761299669236,0.12667935036580608,0.23535196608266626,1.4411456132174767,0.0
3.4634634634634636,0.19755969817610422,0.034837397610881005,1.4370242727813771,0.01664032603648745,0.026170627814792027,-0.1844480692563512,0.13158002568854635,0.12726581621389957,0.23257553903872924,1.4426156556662275,0.0
3.4834834834834836,0.1983697288737457,0.04050153488207503,1.437270123118965,0.012292516879398807,0.02236818946591287,-0.19012191744395737,0.13221339595855694,0.12787185075217158,0.22978993031074396,1.4440682244067722,0.0
3.5035035035035036,0.19927937215450045,0.04548216403773691,1.4374477687954041,0.00888228382195562,0.01845853977642955,-0.19548248447416625,0.13280048047456688,0.12845261687076118,0.2269952498697734,1.445503262094184,0.0
3.5235235235235236,0.2002743798238059,0.049750383465271386,1.4375748625150808,0.006354685983833309,0.014404488456302144,-0.20270256600637035,0.1345780222900633,0.13014260259021623,0.22419160804501612,1.4469207120756318,0.0
3.5435435435435436,0.2013405744466662,0.05330973114301499,1.4377030751778794,0.0064106331399315115,0.01012741968848665,-0.21385343839077472,0.13471024550683858,0.13040593816326834,0.22137911551945075,1.448320518392618,0.0
3.5635635635635636,0.20246218489161635,0.056080522247507994,1.4378385275408503,0.0067726181485415525,0.005617654293036852,-0.2254882697724898,0.13513026425680708,0.13101119942381537,0.2185578833254665,1.4497026257831855,0.0
3.5835835835835836,0.20362254735094606,0.05801812296648624,1.437996614206739,0.00790433329443818,0.0010794090543509143,-0.22691226193429687,0.13580353906352555,0.13177375689667534,0.2157280228404795,1.4510669796841014,0.0
3.6036036036036037,0.2048040238633067,0.05907382561803214,1.4381987464113513,0.010106610230610397,-0.003479994162320272,-0.22797016083355937,0.1363838281885431,0.13246829657452394,0.21288964578253633,1.4524135262330098,0.0
3.6236236236236237,0.20598866955381415,0.05923228452537237,1.438463870736557,0.013256216260286956,-0.008037263208416287,-0.2278634523048008,0.13694971281943014,0.13316769502689266,0.2100428642059031,1.4537422122705586,0.0
3.6436436436436437,0.207158255432828,0.05847929395069341,1.4388107102060372,0.017341973474015063,-0.0124747218563564,-0.2218729323970056,0.13742585833389037,0.13373428011600963,0.20718779049664213,1.4550529853424978,0.0
3.6636636636636637,0.20829449293776872,0.05681187524703517,1.439254607162184,0.022194847807335452,-0.016919826890205394,-0.22225525169244964,0.13783446964460122,0.1343341335993982,0.20432453736817455,1.4563457937017514,0.0
3.6836836836836837,0.20937937746138488,0.054244226180808104,1.439810317840679,0.027785533924748966,-0.021237865938370504,-0.2159019524082555,0.1381726448266423,0.13480559895441144,0.20145321785683135,1.4576205863104588,0.0
3.7037037037037037,0.21039480414257902,0.050771334059706734,1.440489571786336,0.03396269728284908,-0.025374828032213203,-0.20684810469213485,0.13834785653068013,0.13510454629740712,0.19857394531739028,1.4588773128419905,0.0
3.7237237237237237,0.21132322678258897,0.046421132000497946,1.441299058846215,0.04047435299394162,-0.02940389808423814,-0.2014535026012466,0.13854843223541097,0.135496793260473,0.19568683341860116,1.460115923682935,0.0
3.7437437437437437,0.21214771235564642,0.04122427865287202,1.4422471681853501,0.0474054669567644,-0.03329442608535629,-0.19452640005590816,0.1386694961228743,0.13581307884514088,0.1927919961386983,1.4613363699350574,0.0
3.7637637637637638,0.21285178162750906,0.03520346359313236,1.443339928282691,0.05463800486704296,-0.03706334676940102,-0.18844603420223607,0.13863316195920064,0.1360057316350133,0.18988954776090056,1.462538603417229,0.0
3.7837837837837838,0.21341956732480558,0.028389284864826114,1.4445791578091556,0.06196147632321926,-0.04058830674719293,-0.17624799888959508,0.13855524227867885,0.13609358210657466,0.1869796028689002,1.4637225766673307,0.0
3.803803803803804,0.2138358263734583,0.020812952432636072,1.4459644644404677,0.0692653315656095,-0.04397867418359418,-0.16951837182006302,0.13831316659506482,0.13613135453242495,0.18406227634233893,1.4648882429441257,0.0
3.823823823823824,0.21408643024775517,0.012530193714844306,1.4474922672310053,0.07639013952688438,-0.04723290585777591,-0.16271158370908642,0.13782685869057273,0.13593394062004988,0.1811376833522728,1.4660355562291056,0.0
3.843843843843844,0.21415807757905672,0.0035823665650776063,1.449151864071055,0.08297984200248391,-0.05018960462866568,-0.14783493854448793,0.13749659296436043,0.13579427237737632,0.17820593935662538,1.467164471228306,0.0
3.863863863863864,0.21403800249897703,-0.006003754003985189,1.450935699033186,0.08919174810655253,-0.05294554797281643,-0.13779716720753746,0.13704044198848542,0.13561362633682172,0.17526716009562948,1.4682749433740963,0.0
3.883883883883884,0.2137147336966696,-0.016163440115371387,1.4528337670782216,0.09490340225177382,-0.05531237661053018,-0.11834143188568766,0.1364273725560165,0.13514081411633627,0.17232146158725858,1.469366928826937,0.0
3.903903903903904,0.2131780808293592,-0.026832643365519097,1.4548294298105848,0.09978313661815914,-0.0573878390219976,-0.10377312057337032,0.1357233853395508,0.13464757415325107,0.16936896012264574,1.4704403844771128,0.0
3.923923923923924,0.21241961343962576,-0.0379233694866726,1.4569044624762288,0.1037516332821972,-0.05927462613899966,-0.09433935585010263,0.13496524063159593,0.13417033874286907,0.16640977226149334,1.4714952679464322,0.0
3.943943943943944,0.2114321293251584,-0.049374205723368494,1.459040125071762,0.10678312977665767,-0.06088173380853192,-0.08035538347661358,0.13426900221355734,0.13369718519024806,0.16344401482747123,1.4725315375899024,0.0
3.963963963963964,0.21020928211640805,-0.06114236043751757,1.4612186851209692,0.10892800246035739,-0.06241633889324069,-0.07673025423543837,0.1334710405719017,0.13326636403818864,0.16047180490360483,1.473549152497372,0.0
3.983983983983984,0.20874587490733637,-0.0731703604535836,1.463421589092919,0.1101451985974924,-0.06376421625370769,-0.06739386802334979,0.13268482586833735,0.13278550791076538,0.15749325982765244,1.4745480724951472,0.0
4.004004004004004,0.2070370776030266,-0.08543986521548932,1.4656297285027735,0.11040697049273065,-0.06482659755804625,-0.05311906521692688,0.13193595631857896,0.13227900621911814,0.15450849718747373,1.4755282581475768,0.0
4.024024024024024,0.20507883646097755,-0.09791205710245166,1.4678242088306164,0.10972401639213768,-0.0655553557193967,-0.03643790806752274,0.13035266186971425,0.12964360084610893,0.151517634816387,1.4764896707586095,0.0
4.044044044044044,0.2028711766896255,-0.11038298856760216,1.4699423949133932,0.10590930413883978,-0.0671496593419872,-0.07971518112952561,0.12758029293452253,0.1279002832287902,0.14852079078851743,1.4774322723733215,0.0
4.064064064064064,0.20041571182892798,-0.12277324303487606,1.4719173485257926,0.09874768061996861,-0.0688778519525141,-0.08640963052634433,0.12905424603435536,0.12997564322045535,0.14551808341413586,1.4783560257794153,0.0
4.084084084084084,0.19770300142217956,-0.13563552033742157,1.4738011334839003,0.09418924790538089,-0.07056812109597045,-0.0845134571728175,0.1294748957908077,0.13092775015159577,0.14250963123498808,1.479260894508688,0.0
4.104104104104104,0.1947250769232948,-0.14889622494423743,1.475613587988614,0.09062272523569312,-0.07193176158995492,-0.06818202469922323,0.12934532423699105,0.1311536781433363,0.13949555301961475,1.4801468428384714,0.0
4.124124124124124,0.19147541524387154,-0.16248308397116262,1.4773556817120428,0.08710468617143452,-0.07292009416510199,-0.04941662875735389,0.1287226128716411,0.1308491104701148,0.13647596775866258,1.481013835793043,0.0
4.1441441441441444,0.1879498233207985,-0.17627959615365246,1.4790133380673676,0.08288281776623825,-0.07347617114138073,-0.02780384881393746,0.12786636266131532,0.1302629246281703,0.13345099466018784,1.481861839145005,0.0
4.1641641641641645,0.18414613334860627,-0.190184498609611,1.480564969396398,0.07758156645152223,-0.07357359500151216,-0.0048711930065699766,0.12692337994354105,0.12955537289803054,0.1304207531449485,1.482690819416637,0.0
4.1841841841841845,0.1800641013672303,-0.20410159906879857,1.4819860337953679,0.07105321994849259,-0.07325915101813468,0.01572219916887249,0.1259678304062666,0.1288458635384831,0.1273853628416912,1.4835007438812176,0.0
4.2042042042042045,0.17570520424993769,-0.21794485586463133,1.4832519032656346,0.063293473513339,-0.07243140903496356,0.04138709915855648,0.12517160406175698,0.12820790661666095,0.12434494358242737,1.4842915805643155,0.0
4.2242242242242245,0.17107228428085056,-0.23164599845435713,1.4843414747072146,0.05447857207899222,-0.07126075852954131,0.05853252527111277,0.12440417426891877,0.12768522170835242,0.12129961539770377,1.485063298245053,0.0
4.2442442442442445,0.16616986755517166,-0.24512083628394477,1.4852359115649927,0.044721842888901575,-0.06967896412143446,0.07908972040534357,0.12381405629951014,0.12727354356934029,0.11824949851186238,1.4858158664573369,0.0
4.2642642642642645,0.16100342413970278,-0.2583221707734435,1.4859207239216679,0.034240617833753845,-0.067695421582597,0.09917712694187182,0.12341915520336717,0.12703816812205085,0.11519471333829531,1.4865492554910633,0.0
4.2842842842842845,0.15557957348678755,-0.2711925326457621,1.4863870113055822,0.023314369195712406,-0.06547010545113013,0.11126580657334346,0.12307489306515285,0.12693474784891193,0.11213538047469059,1.4872634363932886,0.0
4.3043043043043046,0.14990612593945649,-0.2836723773665538,1.4866286617086761,0.012082520154696805,-0.06286613193356809,0.13019867587810274,0.12305904021975037,0.12704946564974862,0.10907162069827135,1.4879583809693737,0.0
4.324324324324325,0.14399122629754837,-0.2957449820954057,1.4866476850439543,0.0009511667639032096,-0.059827249767747614,0.1519441082910241,0.1232258884596586,0.1272742714550284,0.10600355496102726,1.4886340617840967,0.0
4.344344344344345,0.13784417580766556,-0.30735252449414036,1.4864504908347895,-0.009859710458239216,-0.05641350549135522,0.17068721381961927,0.12357090859155542,0.12768135941603093,0.10293130438494068,1.4892904521627361,0.0
4.364364364364365,0.13147565446219678,-0.31842606727343936,1.4860488928999038,-0.020079896744287295,-0.05283228053765564,0.17906124768497872,0.12406614829355443,0.12834376620472648,0.0998549902572035,1.4899275261921234,0.0
4.384384384384385,0.12489741546667522,-0.32891194977607796,1.4854607523842651,-0.02940702578193576,-0.04904883432482542,0.18917231064151122,0.12451916406338388,0.12891832903280506,0.0967747340254302,1.490545258721667,0.0
4.404404404404405,0.11812201587884748,-0.33876997939138714,1.4847020025601383,-0.03793749120633831,-0.04493399180066033,0.20574212620825438,0.12521049050056665,0.1296208323465907,0.09369065729286226,1.4911436253643444,0.0
4.424424424424425,0.11116265822026941,-0.34796788292890296,1.48379399124281,-0.045400565866411766,-0.04055718359046743,0.21884041050964467,0.1259587652567926,0.13038513356236472,0.0906028818135687,1.4917226024976649,0.0
4.444444444444445,0.10403388106142337,-0.3564388579423016,1.4827598340742005,-0.05170785843047242,-0.035982627047302304,0.22872782715825632,0.12681184196077128,0.13126158198119867,0.08751152948763802,1.4922821672646027,0.0
4.464464464464465,0.09675125793929781,-0.364131156106278,1.481625842868024,-0.05669956030882703,-0.031206110989631723,0.23882580288352856,0.12777531536959782,0.13220964270490584,0.08441672235636702,1.4928222975744991,0.0
4.484484484484485,0.08933124858543409,-0.3710004676931861,1.4804209874921108,-0.060242768795661275,-0.026241339138476767,0.24823859255774805,0.12876101293427888,0.1331495072600239,0.08131858259744175,1.493342972103934,0.0
4.504504504504505,0.08179134068996821,-0.3769953947732942,1.4791743988349104,-0.06232943286001705,-0.021095947159184388,0.25726959896461854,0.12983168843476978,0.13413903638232977,0.07821723252011546,1.4938441702975689,0.0
4.524524524524525,0.07415002244688149,-0.3820659121543362,1.4779171411980334,-0.06286288184385405,-0.015925921132334164,0.2585013013425112,0.12763096377896418,0.1330042553968325,0.07511279456037853,1.494325872368957,0.0
4.544544544544545,0.06642843057141994,-0.38607959377307755,1.4766002868931527,-0.06584271524403632,-0.009812985257896513,0.30564679372188275,0.1257343225720923,0.13041591557726168,0.07200539127612605,1.4947880593013254,0.0
4.564564564564565,0.05864759753358331,-0.38904165189183104,1.4751577696920903,-0.07212586005311765,-0.003350079960676007,0.32314526486102524,0.13094646138679963,0.13525796184436373,0.06889514534231898,1.4952307128483255,0.0
4.584584584584585,0.05082925609528837,-0.39091707191474717,1.4737388318436084,-0.07094689242409327,0.003173258094518488,0.32616690275972476,0.1340475381928764,0.13810636045672445,0.06578217954614128,1.4956538155347534,0.0
4.604604604604605,0.04299855377862551,-0.39153511583314293,1.4724317809796386,-0.06535254319849103,0.009685513515396446,0.32561277104389763,0.1365118014802102,0.14031547291622123,0.06266661678215202,1.496057350657239,0.0
4.624624624624625,0.035182000862668,-0.39082764579787593,1.4713058542731832,-0.05629633532277503,0.016016367972162278,0.3165427228382916,0.1381313165601718,0.14174450360734447,0.05954858004743485,1.4964413022849068,0.0
4.644644644644645,0.02740670714129479,-0.38876468606866027,1.470406041534293,-0.0449906369445123,0.02211446905890166,0.3049050543369692,0.13929720675460577,0.14272170686608104,0.05642819243674091,1.4968056552600042,0.0
4.664664664664665,0.019699451131403194,-0.38536280049457977,1.4697637509002617,-0.032114531701570914,0.02776680207873064,0.28261665099144867,0.13984256892826824,0.14318641450780153,0.05330557713763,1.4971503951984995,0.0
4.684684684684685,0.012085948659374483,-0.3806751236014355,1.469393456986688,-0.018514695678688124,0.03316143333275149,0.26973156270104315,0.13999623975693343,0.14315379484569848,0.050180857425607565,1.4974755084906501,0.0
4.704704704704705,0.0045899622717330505,-0.3747993193820716,1.4692963614130095,-0.004854778683929535,0.03809395658390143,0.2466261625574968,0.13983079523162312,0.14289878410690104,0.04705415665925714,1.49778098230154,0.0
4.724724724724725,-0.0027661706581395967,-0.36780664649363237,1.4694655493572377,0.008459397211410556,0.04270560929510145,0.23058263556000028,0.13958197971354946,0.14245477427796752,0.04392559827537166,1.4980668045715864,0.0
4.744744744744745,-0.009962244750357108,-0.35980370461087563,1.4698900282642193,0.02122394534908341,0.04698412261037696,0.2139256657637761,0.1392885287759672,0.14196353400771664,0.04079530578407882,1.4983329640170149,0.0
4.764764764764765,-0.01697953402123559,-0.35086446354392414,1.470557405428296,0.03336885820382771,0.05085822850106756,0.19370529453453061,0.13875101593611722,0.14127560974748304,0.037663402763966375,1.498579450130307,0.0
4.784784784784785,-0.02380117789237922,-0.34108219355718133,1.4714487470673427,0.04456708195234559,0.054478963889017094,0.18103676939747645,0.13813508247189601,0.1403856380268345,0.03453001285720289,1.4988062531806126,0.0
4.804804804804805,-0.03041231286191571,-0.33055674847682454,1.47254098637955,0.05461196561036404,0.05778183054362126,0.16514333273020837,0.13762870495220664,0.13963738552226987,0.03139525976465676,1.499013364214136,0.0
4.824824824824825,-0.036799064806805976,-0.31933759724451316,1.473814777324983,0.06368954727164579,0.060665599884041355,0.1441884670210049,0.13697638648129765,0.13880965967285303,0.0282592672410122,1.4992007750544876,0.0
4.844844844844845,-0.04294922074829918,-0.3075077970746605,1.475247468793222,0.07163457341195194,0.06317693303285248,0.1255666574405552,0.13626636534669145,0.1378906617042265,0.0251221590898848,1.4993684783030088,0.0
4.864864864864865,-0.04885254864129688,-0.29516639464988487,1.4768142741821324,0.07834026944551958,0.06533573138401386,0.10793991755806981,0.13555979408266047,0.1369647662894583,0.021984059158932447,1.4995164673390624,0.0
4.884884884884885,-0.05450045485388626,-0.28239531062946904,1.4784904258557314,0.08380758367995339,0.06713542363024343,0.08998461231147935,0.13467021044042213,0.13586381197456002,0.018845091334967347,1.4996447363202945,0.0
4.904904904904905,-0.0598862484071597,-0.269289677663672,1.4802459376135297,0.08777558788991896,0.0686379662193373,0.07512712945469373,0.13401126175723402,0.13496437378387618,0.015705379539064087,1.499753280182866,0.0
4.924924924924925,-0.0650043510042516,-0.2559051298545954,1.482057296843609,0.09056796150395682,0.06984956335074173,0.06057985657022147,0.13316798634688162,0.1338740005325252,0.012565047721668766,1.49984209464165,0.0
4.944944944944945,-0.0698508095787197,-0.24232292872340494,1.4838955182017959,0.09191106790934252,0.0707307548191706,0.044059573421443086,0.13247994433734722,0.13298423122769265,0.009424219857704088,1.4999111761904045,0.0
4.964964964964965,-0.07442252531184432,-0.2285857866562312,1.485736952064801,0.09207169315025479,0.07126666833961358,0.02679567602214796,0.13163132908790737,0.13194180350247325,0.006283019941676388,1.4999605221019081,0.0
4.984984984984985,-0.07871815340648096,-0.21478140473183227,1.4875534096366807,0.09082287859399289,0.07168039645867672,0.020686405953157242,0.13100157119901845,0.13096361013113195,0.0031415719827794218,1.4999901304280685,0.0
5.005005005005005,-0.08273733348877985,-0.2009590041149441,1.4893209814365302,0.0883785899924822,0.0717809264401366,0.00502649907299511,0.13043592735164244,0.13017300321743167,3.061616997868383e-17,1.5,0.0
5.025025025025025,-0.08648005565724372,-0.1871361084231933,1.4910195117922431,0.08492651778564309,0.0718264049373405,0.0022739248601943277,0.12896894442441992,0.12908403317850523,-0.0031415719827794716,1.4999901304280685,0.0
5.045045045045045,-0.08994865072383403,-0.17342975332951566,1.492611204427099,0.079584631742792,0.07212582170742453,0.014970838504201042,0.1275517962216289,0.12705806416336354,-0.006283019941676326,1.4999605221019081,0.0
5.065065065065065,-0.09314670495590453,-0.15990271160352534,1.494045169246092,0.07169824094966043,0.07247736139092334,0.017576984174939584,0.12857712234035984,0.1275832574438419,-0.009424219857704138,1.4999111761904045,0.0
5.085085085085085,-0.09607147217217024,-0.14623836081328576,1.4953442359650522,0.06495333594799954,0.07258402623981891,0.005333242444780012,0.12895787734224187,0.12764410738476847,-0.012565047721668703,1.49984209464165,0.0
5.105105105105105,-0.09872126408009647,-0.13248959539631194,1.4965148333314748,0.05852986832113763,0.07252506583882432,-0.002948020049730231,0.12895700986777758,0.12727407412228156,-0.01570537953906425,1.499753280182866,0.0
5.125125125125125,-0.10109616770218013,-0.11874518110418324,1.4975514516033401,0.05183091359326265,0.07227412866736073,-0.012546858573179429,0.12880998333640728,0.12677678491210057,-0.018845091334967288,1.4996447363202945,0.0
5.145145145145145,-0.10319714292027587,-0.10504876090478724,1.4984445866796805,0.04465675381701704,0.07168171457061652,-0.029620704837210018,0.12848970334257928,0.1262066395195865,-0.021984059158932385,1.4995164673390624,0.0
5.165165165165165,-0.10502615554169047,-0.09145063107072923,1.499181150243061,0.036828178169027774,0.0707381477160259,-0.04717834272953028,0.12811122169967587,0.12559742788621958,-0.025122159089884737,1.4993684783030088,0.0
5.185185185185185,-0.10658654535932957,-0.07801949088195514,1.4997467081337459,0.028277894534246388,0.06943956047833715,-0.06492936188443792,0.1277008739613872,0.12498225640552015,-0.02825926724101214,1.4992007750544876,0.0
5.205205205205205,-0.10788297603271177,-0.06482153366910966,1.5001263578053547,0.018982483580445568,0.06777397158055001,-0.08327944488935601,0.12738269714816014,0.12448740618993245,-0.0313952597646567,1.499013364214136,0.0
5.225225225225225,-0.1089212154563064,-0.05191197117973109,1.5003084238776982,0.00910330361717117,0.06584037432540281,-0.09667986275736155,0.12715309077313125,0.12403671430097399,-0.03453001285720283,1.4988062531806126,0.0
5.245245245245245,-0.10970817526117926,-0.039347990243643154,1.50028327705207,-0.0012573412814139203,0.06354525808317196,-0.11475581211154265,0.1270112727769668,0.1237562851459015,-0.03766340276396631,1.498579450130307,0.0
5.265265265265265,-0.11025154353189529,-0.027168413535801253,1.5000451557259655,-0.01190606630522063,0.06105840432299606,-0.12434268800879468,0.12701242792087272,0.12352523417590391,-0.04079530578407876,1.4983329640170149,0.0
5.285285285285285,-0.11056012393412738,-0.015429020111605046,1.4995912121297823,-0.022697179809162523,0.058421324580593424,-0.13185398712013222,0.12712690953084207,0.12339655662720635,-0.0439255982753716,1.4980668045715864,0.0
5.305305305305305,-0.11064313459617503,-0.004150533102382538,1.4989218110425904,-0.03347005435959663,0.05541795089420844,-0.1501686843192488,0.12737391029125575,0.1235615960149047,-0.04705415665925708,1.49778098230154,0.0
5.325325325325325,-0.11051006805586837,0.006653327015333275,1.4980436306995186,-0.043909017153590635,0.05220993784157479,-0.16040065263168254,0.12770813724841268,0.12373683867247187,-0.0501808574256075,1.4974755084906501,0.0
5.345345345345345,-0.11017166648519959,0.016920078533438784,1.4969648423890343,-0.05393941552421362,0.0487062544697637,-0.17518416859055524,0.12816781228272606,0.12412217049256806,-0.053305577137629935,1.4971503951984995,0.0
5.365365365365365,-0.10963927194469636,0.0266197270251615,1.495698590449953,-0.06331259695406284,0.04502567865182955,-0.18402879089670646,0.12867240169964306,0.12450479533285254,-0.05642819243674085,1.4968056552600042,0.0
5.385385385385385,-0.10892536054418175,0.03569557002573038,1.4942586637014152,-0.07199633742688148,0.04117550769764879,-0.1925085477090378,0.12927813053591192,0.12500909776789487,-0.05954858004743479,1.4964413022849068,0.0
5.405405405405405,-0.10804301247560107,0.044117403429034564,1.492662137132227,-0.0798263284594094,0.03715958156143281,-0.20079630681080007,0.13003262247188518,0.12567671280296744,-0.06266661678215218,1.4960573506572388,0.0
5.425425425425425,-0.10700585420423366,0.05185791356837077,1.490930686092333,-0.08657255199469696,0.03291287796676406,-0.21233517973343682,0.13072953349933358,0.12636646696835818,-0.06578217954614123,1.4956538155347534,0.0
5.445445445445445,-0.1058283243145578,0.05887649448379269,1.489085435309893,-0.09226253912200313,0.02842585638005576,-0.224351079335415,0.1314691191059409,0.12714793423090456,-0.06889514534231903,1.4952307128483255,0.0
5.465465465465465,-0.10452589687341987,0.06512137205689614,1.4871494732910844,-0.09679810094043047,0.02387321273574315,-0.22763218221563047,0.13231445781032677,0.1279486315102229,-0.072005391276126,1.4947880593013254,0.0
5.485485485485485,-0.10311502712301583,0.07054348752020186,1.4851477030692886,-0.10008851108979391,0.01911450360573551,-0.2379354565003824,0.13319115317005678,0.12890222116783073,-0.07511279456037857,1.494325872368957,0.0
5.505505505505505,-0.10161267071488377,0.07511782040660328,1.4831076912239238,-0.1020005922682376,0.01436459358691396,-0.23749550094107752,0.13402410571208184,0.12971010660671453,-0.0782172325201154,1.4938441702975689,0.0
5.525525525525525,-0.10003685355989504,0.07879085774943607,1.4810541391453682,-0.1026776039277848,0.009648452089628032,-0.23580707486429633,0.13305151238528648,0.12815425521590387,-0.08131858259744179,1.493342972103934,0.0
5.545545545545545,-0.0984066583704594,0.08150975947178273,1.4789499029077493,-0.10521181188094123,0.004461948811132495,-0.25932516392477695,0.13250544861778182,0.1279781261080812,-0.08441672235636695,1.4928222975744991,0.0
5.565565565565565,-0.09674041880645887,0.0833119782000265,1.4767845029704223,-0.10826999686635137,-0.0009562297101723455,-0.27090892606524203,0.13530993697436036,0.13103886308904825,-0.08751152948763807,1.4922821672646027,0.0
5.585585585585585,-0.09505774406339768,0.08413373715305929,1.4746449719027306,-0.10697655338458639,-0.006455533068561957,-0.2749651679194805,0.13717613787794614,0.13312225612455678,-0.09060288181356864,1.4917226024976649,0.0
5.605605605605605,-0.09338007384087244,0.08388351112626202,1.4725898596561564,-0.10275561232871205,-0.01185517512618026,-0.26998210288091523,0.1386629976912161,0.1347383087138127,-0.09369065729286241,1.4911436253643444,0.0
5.625625625625625,-0.09172969322724345,0.08251903068144963,1.4706650527366114,-0.09624034597724741,-0.01715021002858476,-0.26475174512022465,0.13954037582453843,0.1357769529227522,-0.09677473402543015,1.490545258721667,0.0
5.645645645645645,-0.09012878483298248,0.08004541971304881,1.4688987344350295,-0.08831591507909999,-0.022282829325756533,-0.2566309648585891,0.14018757179386493,0.1365765225606238,-0.09985499025720344,1.4899275261921234,0.0
5.665665665665665,-0.08859927860040862,0.07647531162869295,1.4673120219568778,-0.07933562390758449,-0.027227274415130554,-0.24722225446870089,0.14058720311962436,0.13714182217793192,-0.10293130438494062,1.4892904521627361,0.0
5.685685685685685,-0.08716252673341826,0.071837593349518,1.4659187921234687,-0.06966149167045568,-0.03187416521175191,-0.23234453983106765,0.14089996012067293,0.1375585017404389,-0.1060035549610272,1.4886340617840967,0.0
5.7057057057057055,-0.08583910797465782,0.066170937938022,1.4647293438337794,-0.059472414484459786,-0.0362934939684477,-0.2209664378347894,0.14105188959751078,0.13788427607273945,-0.10907162069827128,1.4879583809693737,0.0
5.7257257257257255,-0.08464833273760822,0.05953876185248023,1.4637501841861187,-0.0489579823830392,-0.04056494117555801,-0.2135723603555159,0.1408083088649941,0.1379067192108569,-0.11213538047469052,1.4872634363932886,0.0
5.7457457457457455,-0.08360832495163499,0.052000389298661326,1.462977416894602,-0.03863836457583283,-0.04450275828788633,-0.19689085561641603,0.14067870432869062,0.13792839249652436,-0.11519471333829524,1.4865492554910633,0.0
5.7657657657657655,-0.08273655956528916,0.04358826931729142,1.4624087666735175,-0.028432511054222172,-0.04822561019309222,-0.18614259526029453,0.14022241288300105,0.1377137533001939,-0.11824949851186232,1.485815866457337,0.0
5.7857857857857855,-0.0820488037948094,0.03438778852398801,1.4620336125404516,-0.01875770665329523,-0.05162365237942207,-0.16990210931649213,0.1399860510816522,0.13765810960521013,-0.12129961539770372,1.485063298245053,0.0
5.8058058058058055,-0.08156012606703288,0.024433886388826112,1.4618469230507503,-0.009334474485063684,-0.05465346449814719,-0.15149060593625555,0.13924123716666698,0.1370802986052778,-0.12434494358242731,1.4842915805643155,0.0
5.8258258258258255,-0.08128337297365702,0.013837654668792497,1.4618284323593294,-0.0009245345710437343,-0.05746897478875001,-0.14077551453014128,0.13845241014642434,0.13656982791274952,-0.12738536284169114,1.4835007438812176,0.0
5.8458458458458455,-0.08122984247906213,0.0026765247297447555,1.4619582615851752,0.006491461292287796,-0.05994909752649885,-0.12400613688744218,0.1376888059794865,0.1360392236139676,-0.13042075314494844,1.482690819416637,0.0
5.865865865865866,-0.08140982819133263,-0.008999285613524866,1.4622166261520915,0.01291822834581557,-0.06207254584786023,-0.10617241606806915,0.13694582236401784,0.13548497214482272,-0.13345099466018778,1.481861839145005,0.0
5.885885885885886,-0.08183215254370557,-0.021116217618647022,1.462583752161472,0.01835630046902649,-0.06387493414434374,-0.0901194148241759,0.1359231929167812,0.13469598323393603,-0.13647596775866253,1.481013835793043,0.0
5.905905905905906,-0.08250361318935115,-0.0335730322822787,1.4630323299568417,0.02242888976848758,-0.06542785922266707,-0.07764625391616602,0.1350263621641111,0.13406335122811971,-0.13949555301961467,1.4801468428384714,0.0
5.925925925925926,-0.08342992152812827,-0.04631541693885559,1.4635392922858779,0.025348116451809215,-0.06667201346263728,-0.06220771199851111,0.1341627687525497,0.13343295322196327,-0.14250963123498803,1.479260894508688,0.0
5.945945945945946,-0.08461572246765524,-0.059290046976348536,1.4640821533371147,0.027143052561845227,-0.06766269986329708,-0.049534320032989874,0.1333387506986149,0.1328693376515321,-0.1455180834141359,1.4783560257794153,0.0
5.965965965965966,-0.08606450516381677,-0.07243913480807622,1.4646400757078348,0.02789611853600706,-0.06836858861119474,-0.03529443739488333,0.13235054354953923,0.13212608250834285,-0.14852079078851738,1.4774322723733215,0.0
5.985985985985986,-0.08777836028839585,-0.08569275622895386,1.4651872045695453,0.027356443085525737,-0.06880051067348047,-0.021596103114286842,0.1315690991831862,0.13158322597991326,-0.15151763481638703,1.4764896707586095,0.0
6.006006006006006,-0.08975864450538883,-0.09901421084964895,1.4657037785124745,0.025828697146458284,-0.06894385689543833,-0.007167311097892735,0.13071197224769612,0.13095890653839426,-0.15450849718747367,1.4755282581475768,0.0
6.026026026026026,-0.09200542327539636,-0.1123389385003768,1.4661677867093965,0.023200409846098887,-0.06891093573164743,0.0016460581895456922,0.1293941301492098,0.12954247427527468,-0.1574932598276524,1.4745480724951472,0.0
6.046046046046046,-0.09451637983963974,-0.12554782821216942,1.4665387793839473,0.018549633727534598,-0.06900849819461335,-0.004878123148296434,0.12834487752522172,0.12900799664833565,-0.16047180490360477,1.473549152497372,0.0
6.066066066066066,-0.09728969555406133,-0.13866578572107965,1.4667933582503596,0.012728943320621565,-0.06904285090844124,-0.0017176356913941428,0.12829632803849328,0.12936215696335038,-0.16344401482747128,1.4725315375899024,0.0
6.086086086086086,-0.10032597836408452,-0.1518141405011595,1.4669360144695818,0.007132810961105751,-0.06890501116194439,0.0068919873248414415,0.12789672871085853,0.12930426012310167,-0.16640977226149328,1.4714952679464322,0.0
6.106106106106106,-0.10362481932003056,-0.164942047797302,1.4669599774244586,0.0011981477438437063,-0.06852590342310538,0.018955386941951768,0.1273871473007628,0.12908893571740626,-0.16936896012264577,1.4704403844771128,0.0
6.126126126126126,-0.10718490842609543,-0.17800445530324338,1.4668545694521011,-0.005270398617874003,-0.06780201081939437,0.03619463018555045,0.1268024654357457,0.12872597497923147,-0.17232146158725853,1.469366928826937,0.0
6.146146146146146,-0.11100376144609587,-0.19094265100002195,1.4666058832574764,-0.01243430973123797,-0.06679879841915504,0.050160620011965126,0.12620187995772025,0.1283780051960355,-0.17526716009562954,1.4682749433740963,0.0
6.166166166166166,-0.11507765944685032,-0.20369490003772206,1.4662000851085464,-0.020289907446503056,-0.06540688969066677,0.06959543642441476,0.12572016702945474,0.12805789674293158,-0.17820593935662532,1.467164471228306,0.0
6.186186186186186,-0.11940194189340156,-0.21621412232756176,1.465625577112632,-0.028725399795711384,-0.06375826977485527,0.08243099579057372,0.12526206371458798,0.12782824640551582,-0.18113768335227273,1.4660355562291056,0.0
6.206206206206206,-0.12397062594417076,-0.22843420253846,1.4648725377859428,-0.03765196633445708,-0.0619386187977862,0.09098254885345294,0.12481089935724753,0.1276467927035863,-0.184062276342339,1.4648882429441257,0.0
6.226226226226226,-0.1287768865699439,-0.24031303128865725,1.4639320129902662,-0.04702623978383407,-0.0598987140240979,0.10199523868441573,0.12450626032834068,0.1275645623200608,-0.18697960286890014,1.4637225766673307,0.0
6.246246246246246,-0.13381353322364625,-0.2518323326851172,1.4627987097635309,-0.05666516133677102,-0.05758216933221147,0.11582723459432148,0.12433673087352018,0.127567934437807,-0.1898895477609005,1.462538603417229,0.0
6.266266266266266,-0.1390728062789159,-0.26296365276348355,1.4614706347083866,-0.06640375275721659,-0.0548732912298872,0.1354439051162128,0.12434555148416127,0.12764592179454234,-0.19279199613869824,1.4613363699350574,0.0
6.286286286286286,-0.14454604271225774,-0.2736618216670912,1.4599495792658315,-0.076052772127755,-0.0520157415823298,0.14287748237787062,0.12436236183912408,0.12786314134185542,-0.1956868334186012,1.460115923682935,0.0
6.306306306306306,-0.15022330808183554,-0.28386326847889065,1.4582395736471665,-0.08550028093325136,-0.04892482040181871,0.15454605902555435,0.12456654970933871,0.1282016273289872,-0.19857394531739023,1.4588773128419907,0.0
6.326326326326326,-0.1560942894208192,-0.29354906694918387,1.4563492169857974,-0.09451783306844724,-0.04568267897187566,0.1621070714971525,0.12477067357857805,0.12856703552006496,-0.20145321785683137,1.4576205863104588,0.0
6.346346346346346,-0.1621477889248435,-0.3026749752012149,1.4542875206234327,-0.10308481811823937,-0.042298757413880894,0.1691960778997383,0.12508950754368015,0.12903296362348277,-0.2043245373681745,1.4563457937017514,0.0
6.366366366366366,-0.16837216710322186,-0.31121890891891885,1.452066673924423,-0.11104233495048595,-0.03869556244764188,0.18015974831195067,0.12556857378032357,0.1295842051433033,-0.20718779049664207,1.4550529853424978,0.0
6.386386386386386,-0.17475527446666797,-0.31915536817230555,1.4497024873025632,-0.11820933109298377,-0.03500006151586065,0.18477504658906185,0.12603298533796475,0.13018415806443395,-0.21004286420590315,1.4537422122705586,0.0
6.406406406406406,-0.18128409257861955,-0.3264409055975794,1.447211268746013,-0.12456092782750997,-0.031152980588235926,0.19235404638123585,0.12660679875151942,0.13082720350097676,-0.21288964578253636,1.4524135262330098,0.0
6.426426426426427,-0.1879452245854197,-0.3330566003400074,1.4446115515149092,-0.1299858615551904,-0.027120847875499038,0.2016066356368444,0.12724401212149702,0.13148257724225731,-0.21572802284047934,1.4510669796841014,0.0
6.446446446446447,-0.19472461053938744,-0.33896929769838624,1.441922960970902,-0.13442952720036808,-0.022861974304656467,0.21294367854212848,0.1280484919605108,0.13224007285020856,-0.21855788332546655,1.4497026257831855,0.0
6.466466466466467,-0.20160741140701643,-0.3441400433814494,1.439169079231368,-0.1376940869766962,-0.018458125911709037,0.220192419647372,0.12883132162298902,0.13300198370182564,-0.2213791155194507,1.448320518392618,0.0
6.486486486486487,-0.20857768779717495,-0.3485138195079262,1.4363731957453958,-0.13979417429861424,-0.014044608220758066,0.22067588454754816,0.1295358826539427,0.13374096071320277,-0.22419160804501606,1.446920712075632,0.0
6.506506506506507,-0.21561876658230977,-0.35205393925674167,1.4335570455203523,-0.14080751125217672,-0.009556746250182623,0.22439309852877232,0.1303027956477035,0.1344746119208755,-0.22699524986977335,1.445503262094184,0.0
6.526526526526527,-0.22271375704992474,-0.3547495233807487,1.4307431366907304,-0.14069544148109797,-0.0049890854744219885,0.22838303878803173,0.13135296685601527,0.13552913262326907,-0.2297899303107439,1.4440682244067724,0.0
6.546546546546547,-0.22984531097631145,-0.35657769631933506,1.4279628561902091,-0.1390140250260615,-0.0004510394343537087,0.22690230200341396,0.1319942103072202,0.1361421320782087,-0.23257553903872918,1.4426156556662275,0.0
6.566566566566567,-0.23699546442997482,-0.35750767268316885,1.4252349165090212,-0.1363969840593912,0.0040483123783583595,0.22496759063560345,0.13250355532602137,0.13660771485930537,-0.23535196608266631,1.4411456132174767,0.0
6.586586586586587,-0.24414622899009836,-0.3575382280061762,1.4225738100546748,-0.1330553227173245,0.008567980772857585,0.2259834197249612,0.1331353400892207,0.13712314504951595,-0.23811910183396962,1.439658155095278,0.0
6.606606606606607,-0.25127961753853895,-0.35666942742203,1.41999650020079,-0.12886549269424594,0.013075321488011849,0.22536703575771327,0.13381887563263706,0.13766902084729063,-0.24087683705085772,1.4381533400219317,0.0
6.626626626626627,-0.2583774108678129,-0.3548896664636981,1.4175210856289446,-0.12377072859226927,0.017554874727734038,0.2239776619861093,0.13449048581006245,0.13819295658872252,-0.24362506286266608,1.4366312274049602,0.0
6.646646646646647,-0.2654212812239751,-0.35219351780810976,1.4151650804378473,-0.1178002595548723,0.021979946558975158,0.2212535915620559,0.13493862675330326,0.13848580396889368,-0.24636367077414592,1.4350918773347627,0.0
6.666666666666667,-0.2723929594537097,-0.34858391148672935,1.4129391834053415,-0.1112948516252891,0.026279642079875196,0.2149847760450019,0.13536276283376983,0.13875849793055503,-0.24909255266974537,1.433535350582245,0.0
6.686686686686687,-0.2792743329469805,-0.34406867466353896,1.4108533611426959,-0.10429111313227926,0.03043432804226733,0.20773429811960673,0.13575294336358326,0.13899329685861106,-0.2518116008178804,1.4319617085964178,0.0
6.706706706706707,-0.2860477390045567,-0.33867030287880967,1.408916448111377,-0.09684565156594789,0.0344240599395026,0.19948659486176334,0.13600386226164532,0.1390963823617058,-0.25452070787518566,1.4303710135019718,0.0
6.726726726726727,-0.2926961345409334,-0.3324197768188352,1.4071332069154205,-0.0891620597978186,0.038190255350693855,0.1883097705595623,0.13603750708400422,0.13899480204116424,-0.25721976689075327,1.4287633280968262,0.0
6.746746746746747,-0.2992033568433078,-0.3253611151187205,1.4055021044807514,-0.08155512173345132,0.041775986375446716,0.17928655123764312,0.13627981011210175,0.1390368227864493,-0.2599086713103548,1.4271387158496476,0.0
6.766766766766767,-0.30555396499800147,-0.31753040773468516,1.4040267929090504,-0.07376557858504934,0.04517401875021116,0.16990161873822252,0.13624667293732137,0.13881308054118016,-0.26258731498064775,1.425497240897346,0.0
6.786786786786787,-0.3117335764799821,-0.308980574099032,1.4027028852884567,-0.06619538102968851,0.04842986983407738,0.16279255419331082,0.13618281017482514,0.13851636049399307,-0.2652555921533669,1.4238389680425416,0.0
6.806806806806807,-0.31772863456810285,-0.2997529044060371,1.4015244432994902,-0.05892209944831737,0.051456161725381255,0.15131459456519347,0.13610844908575154,0.1382153954214017,-0.2679133974894982,1.4221639627510076,0.0
6.826826826826827,-0.3235262617700532,-0.2898813600975187,1.4004852931718021,-0.05195750638440784,0.05431360469542975,0.1428721485024246,0.13599745921824843,0.13784008939004358,-0.2705606260634379,1.4204722911490846,0.0
6.846846846846847,-0.3291146065094742,-0.2794172369710499,1.399577626062533,-0.045383355463461415,0.0569583910683205,0.1322393186445374,0.1357840399201611,0.13739477712747195,-0.2731971733671345,1.418764020021071,0.0
6.866866866866867,-0.33448267062928366,-0.26840320599047185,1.3987910846088836,-0.03932707268247176,0.05933585599854266,0.11887324651110794,0.1355722325618579,0.1369355409981332,-0.2758229353142151,1.4170392168065855,0.0
6.886886886886887,-0.33962039489953216,-0.25688621351242635,1.398115148344132,-0.03379681323757449,0.06141609084367391,0.10401174225656326,0.13479451154069091,0.1359545094852052,-0.27843780824409403,1.4152979495979063,0.0
6.906906906906907,-0.3445197989743444,-0.24497020374061348,1.3975232497368286,-0.0295949303651783,0.06318944785224494,0.08866785042855115,0.13454678030014988,0.13552010919494753,-0.28104168892606535,1.4135402871372809,0.0
6.926926926926927,-0.3491732560223846,-0.2326728524020078,1.3970047987152083,-0.025922551081019495,0.06472738813706715,0.07689701424111094,0.13372119064031937,0.13447059805879152,-0.28363447456337815,1.411766298814214,0.0
6.946946946946947,-0.35357552122435465,-0.22011326009850468,1.3965316296860666,-0.023658451457082293,0.06607318286859744,0.06728973657651399,0.13339811061968418,0.1338418022174065,-0.2862160627972955,1.4099760546627262,0.0
6.966966966966967,-0.35772148431610956,-0.2072981545877456,1.39608927975984,-0.022117496311321535,0.06718631464754175,0.055656588947217145,0.1329659805136042,0.13315102650881055,-0.2887863517111337,1.408169625358592,0.0
6.986986986986987,-0.3616069973154325,-0.19427564996614638,1.3956608013803502,-0.021423918974500238,0.06804961747419402,0.04316514133261445,0.13255310190790145,0.1324470271088096,-0.29134523983428795,1.4063470822165471,0.0
7.007007007007007,-0.36522885094619884,-0.181092681538317,1.3952293933499413,-0.021570401520447084,0.06858812097573011,0.026925175076804166,0.13198747882410258,0.13167801859294553,-0.2938926261462365,1.4045084971874737,0.0
7.027027027027027,-0.3685851156163681,-0.16781323350846142,1.3947751001107218,-0.022714661960979484,0.06892836210400995,0.017012056413990367,0.1306417064433922,0.1307798913300153,-0.2964284100805296,1.402653942855561,0.0
7.047047047047047,-0.3716760232760087,-0.15454538298202863,1.394264613271786,-0.025524341946788077,0.06956895356568352,0.0320295730836786,0.12947585010163923,0.12899423761032475,-0.29895249152875947,1.4007834924354383,0.0
7.067067067067067,-0.37450333335156355,-0.1413655037777445,1.3936542200579054,-0.030519660694027236,0.07018192905056146,0.030648774243897028,0.12990137159942217,0.12899800650442025,-0.3014647708445124,1.3988972197692855,0.0
7.087087087087087,-0.37706420124948997,-0.12804339489632008,1.3929500952152378,-0.03520624213337707,0.07054950566267787,0.018378830605820105,0.13000698953695586,0.12881379126669268,-0.30396514884730275,1.3969951993239176,0.0
7.107107107107107,-0.3793565108842487,-0.11461548173793584,1.392150913055594,-0.03995910798219321,0.07083614217207805,0.014331825470009846,0.1299710006402936,0.12838148357986448,-0.3064535268264883,1.395077506187845,0.0
7.127127127127127,-0.3813793737905205,-0.10114314531358844,1.3912496540163233,-0.04506295196353273,0.07080060933900349,-0.0017766416537278902,0.12975374449788002,0.127910694862456,-0.3089298065451671,1.3931442160683094,0.0
7.147147147147147,-0.38313251505385165,-0.08765706316655864,1.390236072911733,-0.05067905522951603,0.07050236772914412,-0.014912080492968872,0.12943182880805043,0.12729763356155038,-0.31139389024405634,1.391195405288294,0.0
7.167167167167167,-0.3846171023704978,-0.07422936583230695,1.3890963625308832,-0.05698551904248257,0.06984843907003954,-0.03269643295522906,0.12901144233148845,0.12665677547109896,-0.3138456806453502,1.3892311507835118,0.0
7.187187187187187,-0.3858353897610906,-0.06091436952964062,1.3878149198655554,-0.0640721332663865,0.06870149179182085,-0.05734736391093575,0.12854400219921322,0.1260854587421982,-0.3162850809565622,1.3872515300993669,0.0
7.207207207207207,-0.38679105099193895,-0.04778306154241752,1.386376567122665,-0.07191763714451713,0.0673223274567081,-0.06895821675563525,0.1282981600211678,0.1255892474172553,-0.3187119948743449,1.3852566213878945,0.0
7.227227227227227,-0.38748921071579145,-0.03490798619262573,1.3847706363370615,-0.08029653928017655,0.06565255797279891,-0.08348847419546024,0.12802223813230462,0.12512673441299202,-0.3211263265882922,1.383246503404675,0.0
7.247247247247247,-0.3879358312517949,-0.02233102680017427,1.3829865650503412,-0.0892035643360101,0.06367676294108651,-0.09878975158561992,0.12789563626067596,0.12484526074780944,-0.3235279807847222,1.381221255505724,0.0
7.267267267267267,-0.38813763464529094,-0.010090169674799638,1.3810187367761122,-0.0983914137114475,0.06147391548059183,-0.11014237302473431,0.12789869685291835,0.12465422490101334,-0.3259168626504393,1.379180957644361,0.0
7.287287287287287,-0.3881022507583404,0.0017691943475283724,1.3788648503947185,-0.10769431906968198,0.059072370797164896,-0.12007723417134612,0.1279876856788277,0.12454820650238113,-0.32829287787647815,1.377125690368052,0.0
7.307307307307307,-0.38783792522163035,0.013216276835500142,1.3765251695025973,-0.11698404460605727,0.056323703620108384,-0.1374333588528256,0.12812884264128874,0.12459898749208911,-0.33065593266182586,1.3750555348152298,0.0
7.327327327327327,-0.3873535146141734,0.024220530372847916,1.374003073881269,-0.1261047810664209,0.05330004032398449,-0.1511831648061949,0.1284183413333396,0.12478949800143893,-0.3330059337171258,1.372970572712091,0.0
7.347347347347347,-0.3866589643901425,0.03472751120154367,1.3713062569613035,-0.13484084599827645,0.050107184671480155,-0.15964278262521686,0.12882169275027225,0.12505105357337146,-0.33534278826836,1.3708708863693695,0.0
7.367367367367367,-0.38576509973567064,0.04469323272359348,1.3684451766171701,-0.143054017206665,0.04669128493844551,-0.17079498665173243,0.1294182478209246,0.12555814227177994,-0.33766640406051224,1.3687565586790869,0.0
7.387387387387387,-0.3846830945013319,0.054100261716934855,1.3654367832156753,-0.15041967007473947,0.042975598239309215,-0.1857843349568146,0.12987132797198395,0.12600952689470812,-0.3399766893612096,1.3666276731112799,0.0
7.407407407407407,-0.3834252462261288,0.06289241376015714,1.3622950858981588,-0.15708486587582768,0.03904415426494744,-0.19657219871808868,0.13049353759346277,0.1266109582771669,-0.34227355296434436,1.3644843137107057,0.0
7.4274274274274275,-0.3820048727115168,0.07101867573059918,1.3590388272324998,-0.16281293328294927,0.03494008280305046,-0.20520357309484913,0.13124908274264446,0.12733228481121112,-0.34455690419367413,1.3623265650935235,0.0
7.4474474474474475,-0.3804361235548344,0.07843745783411875,1.355690484062067,-0.167417158521648,0.030737915650357755,-0.21010835763463453,0.13183024965237738,0.12787170625654826,-0.3468266529064026,1.3601545124439534,0.0
7.4674674674674675,-0.37873416323444303,0.08509801601956801,1.3522672290211568,-0.1711627520455062,0.026483471499633756,-0.21272220753620028,0.1325218047965271,0.12851884161188457,-0.34908270949673625,1.3579682415109158,0.0
7.4874874874874875,-0.37691456313998295,0.09098000472300281,1.3487894160243423,-0.17389064984072297,0.02219088162181045,-0.2146294938911654,0.13316941211347832,0.12914506324870362,-0.35132498489942454,1.3557678386046428,0.0
7.5075075075075075,-0.3749932450744124,0.09606590327852758,1.3452763806634955,-0.17565176804233779,0.017770376963308344,-0.2210252329251051,0.1339186915925285,0.12994253369290648,-0.35355339059327373,1.3535533905932737,0.0
7.5275275275275275,-0.3729864059688769,0.10034195527677411,1.3417514380533184,-0.17624713050885563,0.01332701216380693,-0.22216823997507062,0.13418450758053654,0.12989414671328536,-0.35576783860464267,1.3513249848994247,0.0
7.5475475475475475,-0.370911241582861,0.10375821930079542,1.338218154097672,-0.17666419778231143,0.008540250823137594,-0.239338067033467,0.13489844938249074,0.13088044643561367,-0.3579682415109156,1.3490827094967364,0.0
7.5675675675675675,-0.36878478668367043,0.10632274495952777,1.3347019856053122,-0.17580842461799084,0.0035911823914296934,-0.24745342158539493,0.1359963700128045,0.13215242923869783,-0.36015451244395347,1.3468266529064024,0.0
7.587587587587588,-0.3666255915665171,0.10795975585766818,1.331238247045931,-0.17318692796905524,-0.0013797575873373978,-0.24854699893835458,0.1366367445549737,0.13293717401408958,-0.36232656509352335,1.3445569041936742,0.0
7.607607607607608,-0.36445319610749033,0.10861977295133698,1.3278481704166039,-0.16950383146635178,-0.00637916084002361,-0.2499701626343107,0.1374193401501451,0.1339225566562235,-0.36448431371070583,1.3422735529643441,0.0
7.627627627627628,-0.36228751188628033,0.10828421106049978,1.3245579699135794,-0.16451002515122634,-0.011193129753786715,-0.24069844568815524,0.13814668657656873,0.13472848464684115,-0.3666276731112799,1.3399766893612097,0.0
7.647647647647648,-0.3601487562369566,0.10693778246618764,1.3213902822860069,-0.15838438137862462,-0.015828516759710972,-0.23176935029621243,0.13862410673880593,0.13530010518381935,-0.368756558679087,1.3376664040605122,0.0
7.667667667667668,-0.35805652885081146,0.10461136930725612,1.3183604769198614,-0.15149026830727524,-0.020304643840774367,-0.22380635405317,0.13877295439009377,0.13558650851610946,-0.37087088636936955,1.3353427882683602,0.0
7.687687687687688,-0.35602969273316043,0.10134180588255023,1.3154747470255284,-0.14428649471665067,-0.02464087602544069,-0.2168116092333159,0.13893659498213115,0.13593575321913584,-0.37297057271209105,1.3330059337171258,0.0
7.707707707707708,-0.35408653321605105,0.09715797585546815,1.3127403606594885,-0.13671931830198836,-0.02884569953459373,-0.2102411754576519,0.13910026589950977,0.13632621410701576,-0.3750555348152298,1.330655932661826,0.0
7.727727727727728,-0.35224485015837764,0.09208415288367004,1.3101651279009692,-0.12876163792596726,-0.032884381925856694,-0.20193411956314797,0.1391549968922988,0.136550707167595,-0.37712569036805194,1.3282928778764782,0.0
7.747747747747748,-0.35052185622735155,0.08614969655130474,1.307752724893362,-0.12062015038035787,-0.03677189861355248,-0.19437583438478917,0.13886176585416837,0.13650058408871094,-0.37918095764436094,1.3259168626504394,0.0
7.767767767767768,-0.34893383154987007,0.07940123387407337,1.3054975585870263,-0.11275831531678693,-0.040420974611148505,-0.18245379987980131,0.138718932254182,0.1365770567479285,-0.38122125550572383,1.3235279807847222,0.0
7.787787787787788,-0.34749655470727275,0.07186384212986632,1.3033980942975372,-0.1049732144744583,-0.04374681869940369,-0.1662922044127593,0.138327244657947,0.13633368081582686,-0.38324650340467487,1.3211263265882922,0.0
7.807807807807808,-0.3462244433527659,0.06360556772534114,1.3014443570885388,-0.09768686044991388,-0.04681924566945247,-0.15362134850243886,0.13808110004677226,0.13630230339744556,-0.38525662138789457,1.3187119948743449,0.0
7.827827827827828,-0.3451307841707435,0.054682959101122024,1.2996316701019202,-0.0906343493309267,-0.049606132700908176,-0.13934435157278557,0.1375934367541694,0.1360647905734485,-0.38725153009936686,1.3162850809565623,0.0
7.847847847847848,-0.34422750619153347,0.04516389896050052,1.2979487364039088,-0.08414668490056923,-0.052021476425210086,-0.12076718621509552,0.13654402027345924,0.1351862965982722,-0.38923115078351167,1.3138456806453502,0.0
7.867867867867868,-0.34352447116749707,0.035151751201818904,1.2963664849686674,-0.07911257176207404,-0.05394925333731299,-0.09638884560514549,0.13631518015448432,0.13507900103112513,-0.39119540528829405,1.3113938902440563,0.0
7.887887887887888,-0.34303098167665197,0.02467447454225609,1.2948794488802953,-0.07435180441860308,-0.05566721991849507,-0.08589832905910416,0.1358209154278108,0.13489976463632525,-0.39314421606830946,1.308929806545167,0.0
7.907907907907908,-0.34275422461870697,0.013837852897251075,1.2934772543677848,-0.07010972562552076,-0.05696247048515157,-0.0647625283328251,0.13491657883741512,0.13418477231917195,-0.3950775061878452,1.306453526826488,0.0
7.927927927927928,-0.3426996351366573,0.0027294741024836405,1.292135571083219,-0.06708416422829426,-0.05795905884116791,-0.04982941780081693,0.13441775602756564,0.13385492748049688,-0.3969951993239176,1.3039651488473027,0.0
7.947947947947948,-0.3428716174273087,-0.008599114532569127,1.290841851737928,-0.06468596726454134,-0.058653424472726874,-0.034718281577948436,0.13319476913547407,0.13281067736378516,-0.39889721976928555,1.3014647708445124,0.0
7.967967967967968,-0.3432720934302331,-0.020023800146221855,1.289562336567863,-0.06397575850325841,-0.059119156053212975,-0.023286579024304588,0.13200979068957022,0.13176903462067735,-0.4007834924354382,1.2989524915287596,0.0
7.987987987987988,-0.3439018117071934,-0.031485913848015155,1.2882639358603665,-0.06492003537482992,-0.059365146193068284,-0.012299506992765621,0.1312133009239635,0.13120628750233057,-0.40265394285556094,1.2964284100805297,0.0
8.008008008008009,-0.34476132740846893,-0.04297578506377664,1.2869264408411172,-0.06687475096246832,-0.05938349492942685,-0.0009174368179281946,0.13057051138836429,0.13079738122421153,-0.40450849718747367,1.2938926261462367,0.0
8.028028028028029,-0.34585057322627505,-0.05446229089030569,1.2855342416559807,-0.06960995925682605,-0.05922947308355881,0.00770109229340119,0.13084833940229515,0.12991205033205216,-0.406347082216547,1.2913452398342882,0.0
8.048048048048049,-0.3471690309331298,-0.06592288534273752,1.2840783499105513,-0.07279458727147811,-0.05996998315867616,-0.037025503755867356,0.1285117009207809,0.12856534756868424,-0.40816962535859197,1.2887863517111338,0.0
8.068068068068069,-0.3487127480616295,-0.0771858564249855,1.2825043285412079,-0.07870106846716997,-0.06113079596279115,-0.058040640205749595,0.12905797819198492,0.12987586184245284,-0.4099760546627262,1.2862160627972954,0.0
8.088088088088089,-0.3504861338303503,-0.08866928843604237,1.280839468132994,-0.0832430204107,-0.062235273585412976,-0.055223881131091015,0.12914587080646547,0.1304704475875835,-0.4117662988142137,1.283634474563378,0.0
8.108108108108109,-0.3524941750221382,-0.10040205958939316,1.2790935911276748,-0.08729385026595934,-0.06306426929399059,-0.04144978542888035,0.12880810229618758,0.1305031994604012,-0.41354028713728086,1.2810416889260654,0.0
8.128128128128129,-0.354740783152227,-0.11233040650444132,1.2772619256447666,-0.09158327414541309,-0.063437143186193,-0.01864369461012113,0.12823352224412438,0.13017438805978643,-0.4152979495979064,1.278437808244094,0.0
8.148148148148149,-0.35722818675236967,-0.12437018000713188,1.2753309153214165,-0.09655051616749856,-0.06341824432882018,0.0009449428686406809,0.12745633530319866,0.12966468339521925,-0.4170392168065857,1.275822935314215,0.0
8.168168168168169,-0.3599565729418015,-0.13641930947159175,1.2732814432177513,-0.1024736051832612,-0.06286282594632976,0.027770919124521357,0.1267600047219325,0.12912277611666875,-0.4187640200210708,1.2731971733671346,0.0
8.188188188188189,-0.3629246437010201,-0.14840353796093111,1.2710952065090457,-0.10931183543527703,-0.061801533505506566,0.0530646220411594,0.1260770157782574,0.12857359256399403,-0.4204722911490845,1.270560626063438,0.0
8.208208208208209,-0.3661290580732831,-0.16022071861315038,1.2687541196991394,-0.11705434049531822,-0.060352616041186836,0.0724458732159866,0.12549835399153791,0.12821916875570538,-0.4221639627510074,1.2679133974894985,0.0
8.228228228228229,-0.369564930254768,-0.17179360907424437,1.2662446350943437,-0.1254742302397898,-0.05842175075226535,0.09654326444607456,0.12508319797506243,0.12791429093331771,-0.4238389680425416,1.265255592153367,0.0
8.248248248248249,-0.3732261218839537,-0.18305958145928655,1.263556437376704,-0.13440988588198335,-0.05606134071051363,0.11802050208758552,0.12510565023584744,0.12808941280122288,-0.425497240897346,1.2625873149806477,0.0
8.268268268268269,-0.37710556457430183,-0.1939721345174075,1.2606928781148257,-0.14317796309392009,-0.05318179523930201,0.14397727356058015,0.12462103917023809,0.12757803115124255,-0.4271387158496475,1.2599086713103549,0.0
8.288288288288289,-0.38119352642013893,-0.20439809229185527,1.2576397315813512,-0.15265732667372325,-0.04995990495164932,0.1610945143826349,0.12496979872700156,0.12806052378735477,-0.42876332809682605,1.2572197668907532,0.0
8.308308308308309,-0.3854798325763772,-0.2143153078119119,1.2544098825825243,-0.16149244994135026,-0.046494111482684876,0.1732896734482219,0.12498487651260543,0.1281546375956165,-0.4303710135019719,1.2545207078751854,0.0
8.328328328328329,-0.3899524353548299,-0.22363013892263453,1.2510055693273898,-0.17021566275672112,-0.0428774678840407,0.18083217993220937,0.1254471422025574,0.12876177912672937,-0.43196170859641764,1.2518116008178803,0.0
8.348348348348349,-0.394599076005067,-0.232332032511857,1.2474432443508312,-0.17811624882793012,-0.039018346171409514,0.19295608563155933,0.12606384075713473,0.129455317820007,-0.433535350582245,1.2490925526697454,0.0
8.368368368368369,-0.39940690076630164,-0.24039123806173107,1.2437429091739802,-0.18501675884254454,-0.03503825962514146,0.19900432731340245,0.1267323120988465,0.13024288371504927,-0.43509187733476273,1.2463636707741461,0.0
8.388388388388389,-0.40436214877326965,-0.24776240034840089,1.2399267163243055,-0.1908096424837342,-0.030848595057767127,0.2094832283687171,0.12761447149941074,0.1311621249728648,-0.4366312274049601,1.2436250628626662,0.0
8.408408408408409,-0.4094505615934175,-0.2544206410073921,1.2360218977760185,-0.19524092741434998,-0.026534555756041665,0.21570196508627315,0.12842907317812163,0.13202353036284956,-0.4381533400219318,1.2408768370508576,0.0
8.428428428428429,-0.41465682540135745,-0.26031319039699985,1.2320538004922563,-0.1984048641881015,-0.022112993696627562,0.22107810297070515,0.12899774708253645,0.13259155539404222,-0.43965815509527806,1.2381191018339697,0.0
8.448448448448449,-0.4199648066053472,-0.2653990601994859,1.2280397360623487,-0.20070322149538108,-0.017436013010438116,0.2338490343094723,0.12988410332405387,0.13335948547431042,-0.4411456132174766,1.2353519660826664,0.0
8.468468468468469,-0.42535785959002514,-0.26965264923389676,1.2240046231939954,-0.201755643417668,-0.01272550401680651,0.2355254496815803,0.13049244458805748,0.13395067225615723,-0.4426156556662277,1.232575539038729,0.0
8.488488488488489,-0.4308180393940799,-0.27300899020273844,1.2199665906306056,-0.20190162816949048,-0.00803007083993512,0.23477165884356954,0.13122004654408773,0.13466265104402553,-0.44406822440677224,1.229789930310744,0.0
8.508508508508509,-0.43632718242282786,-0.27545715143739835,1.215947242060732,-0.20096742849368382,-0.003312694393179536,0.23586882233777923,0.13198258070057653,0.13539913260061273,-0.4455032620941839,1.2269952498697734,0.0
8.528528528528529,-0.44186693179612,-0.2769874686646088,1.211968976345505,-0.1989132857613473,0.0013188838899872274,0.23157891415833814,0.1299950083505493,0.13405744167719214,-0.4469207120756319,1.2241916080450161,0.0
8.548548548548549,-0.4474184277537308,-0.2775747978805404,1.207982577314436,-0.19931995155346016,0.006366824121349943,0.2523970115681357,0.1308419803290242,0.1345627516511068,-0.44832051839261794,1.2213791155194507,0.0
8.568568568568569,-0.45296349919314643,-0.2772535719707817,1.2040080968189284,-0.19872402477538006,0.011505402206309625,0.25692890424798404,0.13298334072974433,0.13639284998719994,-0.44970262578318554,1.2185578833254664,0.0
8.588588588588589,-0.4584819784477489,-0.2759239627301234,1.2001042938190982,-0.1951901499915087,0.01662251797576018,0.2558557884725277,0.13506204631139854,0.13832471983842418,-0.4510669796841014,1.2157280228404794,0.0
8.608608608608609,-0.46395265979239986,-0.27353406723254625,1.1963303970661017,-0.18869483764982564,0.021572230238316607,0.24748561312782152,0.1355013254662738,0.13872622156232825,-0.4524135262330097,1.2128896457825364,0.0
8.62862862862863,-0.4693546737061839,-0.27010069568920164,1.1926985693835372,-0.1815913841282222,0.0264730055843617,0.24503876730225432,0.13606909808174825,0.13903448510449193,-0.4537422122705585,1.2100428642059031,0.0
8.64864864864865,-0.4746677153822883,-0.2656520838052198,1.1892214020626486,-0.1738583660444294,0.031309941655950815,0.24184680357945615,0.1371424850660457,0.1397845712733382,-0.4550529853424979,1.207187790496642,0.0
8.66866866866867,-0.4798711125830899,-0.26016986004008047,1.1859254202824001,-0.16479908901242515,0.03585602366403145,0.22730410040403176,0.13787214336086642,0.1404088204059017,-0.4563457937017514,1.2043245373681746,0.0
8.68868868868869,-0.48494441156990103,-0.25366494934055556,1.1828300988541987,-0.15476607141006937,0.04005645123710941,0.2100213786538983,0.1375016821262312,0.14002255861843863,-0.45762058631045877,1.2014532178568313,0.0
8.70870870870871,-0.4898693272305829,-0.24624578303409278,1.1799236049774353,-0.14532469383816385,0.04400621638603043,0.1974882574460509,0.13737404879361528,0.1395768599925112,-0.4588773128419907,1.19857394531739,0.0
8.72872872872873,-0.4946290063416557,-0.2379839555536382,1.1771967963148338,-0.13634043313007863,0.04760234551688593,0.17980645654277405,0.13796383459427383,0.140011658137237,-0.4601159236829352,1.1956868334186013,0.0
8.74874874874875,-0.4992066006540072,-0.22887971561757578,1.1746641562426086,-0.12663200361126556,0.05075066182377956,0.15741581534468316,0.13758032421753877,0.1394877186311869,-0.46133636993505744,1.1927919961386984,0.0
8.76876876876877,-0.5035880079957055,-0.21907036708491345,1.1723115781902755,-0.11762890261665528,0.0534611063964252,0.13552222863228158,0.13689645825115232,0.13854034845439323,-0.46253860341722897,1.1898895477609006,0.0
8.78878878878879,-0.5077615572949945,-0.20867746496445436,1.170114291563517,-0.10986433133793223,0.05555008414005926,0.1044488871817019,0.13660745451495607,0.138230359336133,-0.46372257666733063,1.1869796028689004,0.0
8.80880880880881,-0.5117167366697101,-0.19775896873577936,1.1680628590374524,-0.10257162630322787,0.05713760169944418,0.07937587796924593,0.1363950217861408,0.1378900139768396,-0.46488824294412573,1.184062276342339,0.0
8.82882882882883,-0.515445575997672,-0.1864419663980963,1.1661486405642845,-0.09571092365839874,0.05827810350140798,0.05702509009819079,0.13427794865443446,0.1356017973950648,-0.4660355562291055,1.1811376833522729,0.0
8.84884884884885,-0.5189454236228095,-0.17499238125687266,1.1643061158235541,-0.0921262370365129,0.058976764312890506,0.03493304057412616,0.13426670059417167,0.13580664978160092,-0.467164471228306,1.1782059393566253,0.0
8.86886886886887,-0.5222116666461631,-0.16331215116768305,1.1625378851578319,-0.08841153328611455,0.05964807714547323,0.03356564162913521,0.13255478884572067,0.13374252193469027,-0.4682749433740961,1.1752671600956297,0.0
8.88888888888889,-0.525244844574794,-0.15165889643154204,1.1607879407073864,-0.08749722252226907,0.0600856767908484,0.021879982268758837,0.13153502756666235,0.13285606207200978,-0.46936692882693704,1.1723214615872586,0.0
8.90890890890891,-0.528044074405647,-0.1399614915426499,1.1590279353896127,-0.08800026588868406,0.060571001021696755,0.024266211542417607,0.13088155026687778,0.13201236500378208,-0.4704403844771127,1.1693689601226456,0.0
8.92892892892893,-0.5306090520050504,-0.1282488799701687,1.1572356263174983,-0.08961545360572304,0.06112085169797808,0.027492533814066543,0.13082186330475404,0.1315689638990966,-0.4714952679464322,1.1664097722614934,0.0
8.94894894894895,-0.5329384093744353,-0.11646786846924702,1.1554034600388368,-0.09160831393307638,0.06158042234087339,0.022978532144764714,0.1313917952900519,0.13193344388202569,-0.47253153758990235,1.1634440148274714,0.0
8.96896896896897,-0.5350292590968303,-0.10454248611975146,1.1535451238716357,-0.09291680836005368,0.061990605018940215,0.020509133903341942,0.13094321648908386,0.13116752008709354,-0.47354915249737217,1.1604718049036047,0.0
8.98898898898899,-0.5368809661979662,-0.0925853550567951,1.1516425493666773,-0.09512872524792197,0.06220329867938587,0.010634683022281535,0.13078540675165762,0.1306977490416776,-0.47454807249514724,1.1574932598276524,0.0
9.00900900900901,-0.5384926230545095,-0.08058284282716255,1.1496863585408201,-0.09780954129285972,0.06220529259728512,9.969589496212558e-05,0.13057091691868597,0.13032303259112163,-0.47552825814757677,1.1545084971874737,0.0
9.02902902902903,-0.5398639963905258,-0.068568666800814,1.1476677881627921,-0.1009285189014016,0.061971641248051934,-0.011682567461658909,0.13014902990983881,0.13097949384701568,-0.4764896707586094,1.1515176348163871,0.0
9.04904904904905,-0.540994952479535,-0.05654780445045901,1.1455903062061215,-0.10387409783353373,0.06256429140209514,0.02963250770216086,0.12946241549639376,0.12929472026482516,-0.4774322723733215,1.1485207907885175,0.0
9.06906906906907,-0.541888669577495,-0.044685854898000185,1.1434189045220462,-0.10857008420375937,0.0634060796673645,0.04208941326346727,0.13094333641104483,0.13007545831968054,-0.4783560257794153,1.1455180834141359,0.0
9.08908908908909,-0.5425408244891715,-0.032607745583821485,1.1411868822400781,-0.11160111409840427,0.06402258810757741,0.0308254220106463,0.131472692030459,0.13019342206873538,-0.479260894508688,1.142509631234988,0.0
9.10910910910911,-0.5429476270976168,-0.020340130422263646,1.1389036051153012,-0.1141638562388511,0.06422954831539547,0.01034801039090235,0.1314517395792965,0.1298264826183349,-0.4801468428384715,1.1394955530196147,0.0
9.12912912912913,-0.5431071252804063,-0.007974909139473484,1.1365631862053045,-0.1170209454998333,0.063892343003273,-0.016860265606123706,0.1307193958252012,0.12895043285196423,-0.48101383579304297,1.1364759677586624,0.0
9.14914914914915,-0.5430201009053803,0.004351218751296905,1.1341417952554365,-0.12106954749340552,0.0630082321352056,-0.04420554340337045,0.12997627701562126,0.12806988544905878,-0.4818618391450049,1.1334509946601876,0.0
9.16916916916917,-0.5426894904406903,0.01653052323450508,1.1316155100764014,-0.12631425895174878,0.06169743303364134,-0.06553995507821275,0.12915944036245094,0.12709762759131998,-0.48269081941663694,1.1304207531449486,0.0
9.18918918918919,-0.5421204272614155,0.02845315896373494,1.128958092470085,-0.13287088031581218,0.060032566029587335,-0.08324335020270049,0.12876992802740886,0.12654930854350585,-0.4835007438812175,1.1273853628416912,0.0
9.20920920920921,-0.5413187536534436,0.040083680398596715,1.1261559851602603,-0.1401053654912382,0.057924847264349884,-0.10538593826187263,0.12944715670381635,0.12711856311333997,-0.4842915805643156,1.124344943582427,0.0
9.22922922922923,-0.5402897612236395,0.0514496214902051,1.1232280043525937,-0.14639904038333235,0.05553178657448836,-0.1196530344930763,0.1299139515123345,0.12746243534752075,-0.4850632982450529,1.1212996153977037,0.0
9.24924924924925,-0.53904076571392,0.06244977548597497,1.1201866120135884,-0.15206961695026522,0.052780344316138476,-0.1375721129174944,0.1294264573072041,0.12701045961769541,-0.485815866457337,1.1182494985118623,0.0
9.26926926926927,-0.5375817567924018,0.07295044607591143,1.1170184288759706,-0.15840915688089105,0.0499260778558195,-0.14271332301594883,0.12947545123145046,0.12692235123790183,-0.48654925549106326,1.1151947133382953,0.0
9.28928928928929,-0.5359231729394213,0.08292919264902558,1.11372344208486,-0.16474933955552687,0.04679021123231267,-0.15679333117534078,0.1300648504308494,0.12740539531250852,-0.48726343639328856,1.1121353804746907,0.0
9.30930930930931,-0.5340751514928874,0.09240107232669266,1.110318076412545,-0.17026828361574364,0.043502931813741486,-0.16436397092855964,0.13075275083041343,0.12791518700117765,-0.4879583809693737,1.1090716206982711,0.0
9.32932932932933,-0.5320488577322778,0.1013146880304814,1.1068206342297484,-0.17487210913983284,0.040018116055538976,-0.17424078791012568,0.13000458042969307,0.1271455501105767,-0.48863406178409674,1.1060035549610274,0.0
9.34934934934935,-0.5298579173845643,0.10954701738567749,1.103209219305459,-0.1805707462144726,0.03644745470359086,-0.17853306759740556,0.13069564564032624,0.12777201751562792,-0.48929045216273603,1.1029313043849407,0.0
9.36936936936937,-0.5275148211798791,0.11715481023426003,1.0995038892597595,-0.18526650228497352,0.03274773091715468,-0.18498618932180932,0.13131167865499915,0.12838907337437253,-0.4899275261921234,1.0998549902572037,0.0
9.38938938938939,-0.5250325897953566,0.12411156922612732,1.0957234225575117,-0.1890233351123914,0.028962703724671537,-0.189251359624157,0.13193648723275828,0.12900499696475312,-0.49054525872166704,1.0967747340254301,0.0
9.40940940940941,-0.5224248830690265,0.13038533631650878,1.0918866829377305,-0.1918369809890591,0.025153202008805154,-0.19047508579331912,0.1325999385520937,0.12964095786025392,-0.49114362536434436,1.0936906572928622,0.0
9.42942942942943,-0.5197057834091668,0.1359549829929802,1.0880133642847496,-0.19366593264904214,0.02132005119121315,-0.19165754087960032,0.13324241063569645,0.130214258920575,-0.4917226024976648,1.090602881813569,0.0
9.44944944944945,-0.5168897008099591,0.14080412996038666,1.0841218727665392,-0.19457457591052216,0.01754294316678019,-0.18885540122164793,0.13358954983283094,0.13054170843601492,-0.49228216726460267,1.087511529487638,0.0
9.46946946946947,-0.5139913547116912,0.14491730491339233,1.0802225476309415,-0.19496625677988266,0.013746074373499693,-0.18984343966402456,0.1341027900087347,0.1311219612001615,-0.492822297574499,1.0844167223563668,0.0
9.48948948948949,-0.5110252629899459,0.14830458608726751,1.0763318734605756,-0.1945337085182951,0.01002606287314021,-0.18600057501797437,0.13474115615900692,0.1317652238414906,-0.493342972103934,1.0813185825974418,0.0
9.50950950950951,-0.508006075334944,0.15095938275009393,1.0724690689435281,-0.19314022585237672,0.006364771503170067,-0.18306456849850716,0.13506908017317687,0.13211554701641778,-0.49384417029756883,1.0782172325201156,0.0
9.52952952952953,-0.5049483927693086,0.15288412828177048,1.068644356253799,-0.19123563448645764,0.002803013185398781,-0.17808791588856418,0.1327922619934399,0.129265775005979,-0.494325872368957,1.0751127945603787,0.0
9.54954954954955,-0.5018671659906028,0.1540613389352902,1.0647819062157788,-0.193122501901009,-0.0011771804479711514,-0.19900968166849664,0.13483031042241658,0.1316009626499979,-0.49478805930132547,1.072005391276126,0.0
9.56956956956957,-0.4987760299794555,0.15455680055736118,1.060946570643143,-0.1917667786317937,-0.005369830134672461,-0.20963248433506546,0.13552359127117486,0.1326207103083327,-0.4952307128483256,1.068895145342319,0.0
9.58958958958959,-0.49569075475857105,0.1542637610442226,1.0571637404895964,-0.18914150767732293,-0.009461283742461505,-0.20457268038945217,0.1365664147307233,0.1338062439055008,-0.4956538155347533,1.0657821795461413,0.0
9.60960960960961,-0.49262814915764713,0.1531302800461965,1.0534663734551248,-0.1848683517235786,-0.013394286520146712,-0.19665013888426025,0.1372253693106279,0.13454580267438157,-0.4960573506572389,1.0626666167821524,0.0
9.62962962962963,-0.48960480071799445,0.15116742198263317,1.0498750658007507,-0.17956538271871042,-0.01710536498118465,-0.18555392305189686,0.13730960692884087,0.13474840110636802,-0.49644130228490685,1.0595485800474347,0.0
9.64964964964965,-0.48663654836549636,0.1484126176249055,1.0463938856109187,-0.17405900949159986,-0.02061350398244454,-0.17540695006299478,0.13753942903351088,0.1350908533863927,-0.4968056552600042,1.0564281924367407,0.0
9.66966966966967,-0.48373850009676306,0.14490241343666446,1.0430310816946662,-0.16814019581262807,-0.02382139938459948,-0.16039477010774683,0.13744000866057945,0.13510792049117737,-0.49715039519849946,1.05330557713763,0.0
9.68968968968969,-0.4809247058066446,0.14068971450592402,1.039785167054558,-0.16229573200541855,-0.02682756082140066,-0.15030807184005876,0.13749606278896037,0.13531854722079398,-0.4974755084906501,1.0501808574256075,0.0
9.70970970970971,-0.4782081772723389,0.1358264267152859,1.0366598036456762,-0.15626817044408137,-0.029578526707874937,-0.13754829432371396,0.13718923224357724,0.1350846325941593,-0.49778098230154005,1.047054156659257,0.0
9.72972972972973,-0.4756008482783421,0.1303664496998389,1.033646675651768,-0.1506563996954096,-0.03201681209827451,-0.1219142695199787,0.1366640963411313,0.1346170489786594,-0.49806680457158625,1.0439255982753717,0.0
9.74974974974975,-0.47311329816276104,0.12437750577905346,1.0307307696355437,-0.14579530081120837,-0.03425733808485246,-0.11202629932889756,0.136219174375306,0.1343264579009897,-0.49833296401701493,1.0407953057840786,0.0
9.76976976976977,-0.4707548860038229,0.11792060794690645,1.0279008929403424,-0.14149383476006908,-0.03635452428598847,-0.10485931005680062,0.13583384928225362,0.13414214062266758,-0.49857945013030697,1.0376634027639666,0.0
9.78978978978979,-0.4685342688553605,0.11103085742312195,1.025148313847838,-0.13762895462521238,-0.03820996831665984,-0.09277220153356877,0.13556992709295454,0.13404779564433095,-0.4988062531806126,1.034530012857203,0.0
9.80980980980981,-0.4664595884751665,0.10373401900969925,1.0224674321188072,-0.13404408645154206,-0.03978737231178927,-0.07887019975647136,0.13541343368539324,0.13396335503004647,-0.4990133642141358,1.0313952597646565,0.0
9.82982982982983,-0.4645380540936514,0.09607671907575431,1.019854404721,-0.13065136989035167,-0.041152371887686195,-0.06824997879484662,0.13467080644134008,0.13330693043048947,-0.4992007750544875,1.0282592672410122,0.0
9.84984984984985,-0.4627751040396136,0.08814750270189115,1.0172882759273998,-0.12830643968001507,-0.04229358808439594,-0.05706080983548618,0.13445063042200484,0.13322900075900487,-0.49936847830300873,1.025122159089885,0.0
9.86986986986987,-0.46117586696404134,0.07996185377861252,1.014764413845928,-0.1261931040735899,-0.04330520314454134,-0.0505807530072705,0.13385338934966987,0.13275934877471343,-0.49951646733906235,1.0219840591589326,0.0
9.88988988988989,-0.4597441681184623,0.07158494227895099,1.0122668380195612,-0.12487879131834068,-0.044142999657084965,-0.041889825627181174,0.13339075268739078,0.1325029451031777,-0.4996447363202946,1.0188450913349674,0.0
9.90990990990991,-0.45848344371226185,0.06303622031002169,1.009784735024685,-0.12410514974381888,-0.04482938070009558,-0.0343190521505313,0.13273936217694768,0.1320418528924633,-0.4997532801828658,1.015705379539064,0.0
9.92992992992993,-0.4573962196979624,0.0543612007149722,1.007301495437736,-0.12416197934745013,-0.04529955393011815,-0.023508661501128604,0.13262802576764837,0.13216229025422516,-0.49984209464164997,1.012565047721669,0.0
9.94994994994995,-0.45648509173819574,0.045556397988332116,1.0048171342145595,-0.12421806115882206,-0.0455646041799978,-0.013252512493982358,0.1327752231645716,0.13273855791374628,-0.4999111761904045,1.0094242198577041,0.0
9.96996996996997,-0.4557522874676777,0.036640213525900675,1.0023422752719522,-0.12374294713037122,-0.045476974826667176,0.0043814676665319945,0.13235839496759816,0.13246404322698255,-0.49996052210190806,1.0062830199416761,0.0
9.98998998998999,-0.4551983045445538,0.027699146156195422,0.9998666397727621,-0.12378177495950131,-0.04507325062120878,0.020186210272919614,0.13149293428424172,0.13168189214718834,-0.49999013042806856,1.0031415719827796,0.0
10.01001001001001,-0.45482165612033953,0.01883242121071286,0.9973658595348015,-0.1250390118980328,-0.04435241913791257,0.03604157416481045,0.1312438681338456,0.13163984454002364,-0.5,1.0,0.0
10.03003003003003,-0.45462046573957177,0.010059519038389203,0.9948356973839221,-0.1265081075439695,-0.043360225662456384,0.04960967377280902,0.13208282236593658,0.13113738393794586,-0.49999013042806856,0.9968584280172206,0.0
10.05005005005005,-0.4545920993895261,0.0014183175022840309,0.9922812589904771,-0.12772191967224877,-0.04326660644907299,0.004680960669169759,0.13087146046672046,0.13084571746135656,-0.49996052210190806,0.9937169800583237,0.0
10.07007007007007,-0.4547316415038953,-0.006977105718458297,0.9896804678272445,-0.1300395581616302,-0.04349803993917175,-0.011571674504938075,0.13041872560332204,0.13092844294096267,-0.4999111761904045,0.9905757801422959,0.0
10.09009009009009,-0.4550384764401307,-0.015341746811770338,0.9870278631210953,-0.13263023530746074,-0.04365570176609387,-0.007883091346105946,0.13003329496482968,0.1308997111136771,-0.49984209464164997,0.9874349522783312,0.0
10.11011011011011,-0.45551314581105495,-0.02373346854621449,0.9843172760742814,-0.13552935234069263,-0.04361857004744278,0.0018565859325547149,0.12960532601535524,0.1308876811588501,-0.4997532801828658,0.984294620460936,0.0
10.13013013013013,-0.4561558331129042,-0.03213436509246173,0.9815421678447195,-0.1387554114780957,-0.043320027708084116,0.014927116967933711,0.12916661254715014,0.13076037403607266,-0.4996447363202946,0.9811549086650326,0.0
10.15015015015015,-0.45696597290932256,-0.040506989820918396,0.9786941671690296,-0.142400033784497,-0.04261599083774794,0.03520184351680785,0.12888870037986225,0.13073255442734746,-0.49951646733906235,0.9780159408410675,0.0
10.17017017017017,-0.4579421696368995,-0.04880983637884688,0.9757687988942056,-0.14626841374119853,-0.04139989939091386,0.060804572341704305,0.1283096088942912,0.13016686362961705,-0.49936847830300873,0.9748778409101153,0.0
10.19019019019019,-0.45908091466578865,-0.05693725144445952,0.972749234997939,-0.1509781948133334,-0.03981001313914532,0.07949431258842778,0.1283551257985567,0.1302237772492982,-0.4992007750544875,0.9717407327589878,0.0
10.21021021021021,-0.4603775421857499,-0.06483137599806288,0.969637187232415,-0.1556023882761979,-0.037976292921886375,0.09168601086294641,0.12848855141103965,0.13051272097710198,-0.4990133642141358,0.9686047402353432,0.0
10.23023023023023,-0.4618261832133663,-0.07243205138082218,0.9664391552013158,-0.15990160155495503,-0.035831114240052274,0.1072589340917055,0.1283224646143211,0.13028937887139797,-0.4988062531806126,0.9654699871427971,0.0
10.25025025025025,-0.46341953518857204,-0.07966759876028462,0.9631496473339013,-0.16447539337072636,-0.03351428745191915,0.11584133940665604,0.1284371021123144,0.13046446503162093,-0.49857945013030697,0.9623365972360336,0.0
10.27027027027027,-0.4651494679375689,-0.08649663744984383,0.959773256312548,-0.168819551067666,-0.031104079636349126,0.12051039077850143,0.12870772325503305,0.13095954029930593,-0.49833296401701493,0.9592046942159214,0.0
10.29029029029029,-0.46700741657177175,-0.09289743171014322,0.956321627470445,-0.1725814421051456,-0.02853396535507436,0.1285057140637387,0.12869241075886598,0.13105651277260286,-0.49806680457158625,0.9560744017246285,0.0
10.31031031031031,-0.4689841071788214,-0.09883453035248271,0.9527962695146353,-0.17626789779048596,-0.02579027603454715,0.13718446602636064,0.12859763571963018,0.13112399847683062,-0.49778098230154,0.9529458433407427,0.0
10.33033033033033,-0.4710696188206711,-0.10427558209248522,0.9491970731937541,-0.17995981604405525,-0.022780355093690717,0.15049604704282174,0.12910402249550407,0.13140872629284372,-0.4974755084906501,0.9498191425743926,0.0
10.35035035035035,-0.4732536460496343,-0.10920136144815948,0.9455360415407558,-0.18305158264991667,-0.019774868845205764,0.15027431242424755,0.12930007228592502,0.13190844247010702,-0.49715039519849946,0.9466944228623702,0.0
10.37037037037037,-0.4755247506039546,-0.11355522771601395,0.9418237616109536,-0.1856139964901086,-0.016632894075870857,0.1570987384667453,0.12947316112049298,0.13168600368803338,-0.49680565526000425,0.9435718075632594,0.0
10.39039039039039,-0.47787129052121086,-0.11732699586281282,0.9380597498874108,-0.18820058617713734,-0.013662550760795205,0.1485171657537825,0.1308333484423146,0.13365797957313333,-0.49644130228490685,0.9404514199525651,0.0
10.41041041041041,-0.48028187098446584,-0.12052902316274855,0.9342935862035328,-0.188308184193905,-0.010477926227243405,0.15923122667759013,0.13010820251714336,0.13245475963686568,-0.49605735065723894,0.9373333832178479,0.0
10.43043043043043,-0.4827444633510741,-0.1231296183304154,0.9304968811394922,-0.18983525320202746,-0.00745455316644589,0.15116865303987576,0.13119040221026135,0.13372304684258554,-0.4956538155347533,0.9342178204538589,0.0
10.45045045045045,-0.48524701053770086,-0.12512735933133812,0.9267046043297877,-0.1896138404852248,-0.0044984905155574925,0.14780313254441996,0.13199163373397468,0.13443361478512325,-0.49523071284832565,0.9311048546576811,0.0
10.47047047047047,-0.48777779914473457,-0.12653943035168494,0.92293925857015,-0.18826728798188844,-0.0017008618714298097,0.1398814322063841,0.1313780438371403,0.134085187175985,-0.49478805930132547,0.9279946087238738,0.0
10.49049049049049,-0.4903251033282506,-0.1273652091757994,0.9191866616254063,-0.18762984723718829,0.0011692892716976618,0.14350755715637356,0.13240257820626117,0.1347974587933862,-0.49432587236895703,0.9248872054396216,0.0
10.51051051051051,-0.4928779456135247,-0.1276421142637063,0.9154725780214639,-0.18570418019712068,0.0038373138081982867,0.13340122682503125,0.13281448436398077,0.1356836129945964,-0.4938441702975689,0.9217827674798846,0.0
10.53053053053053,-0.49542493530245507,-0.1273494844465183,0.9118162412887552,-0.18281683663543358,0.006679394707190125,0.14210404494959192,0.1296871348392572,0.13379630685203306,-0.493342972103934,0.9186814174025583,0.0
10.55055055055055,-0.4979557450273769,-0.12654048624608966,0.9081433342123402,-0.18364535382074712,0.010696475939696552,0.20085406162532132,0.129273401214956,0.13288484327462682,-0.492822297574499,0.9155832776436331,0.0
10.57057057057057,-0.5004594258360519,-0.12518404043374734,0.9044341663434252,-0.18545839344574605,0.015522871232776356,0.24131976465399022,0.13037637046962522,0.13338453187518706,-0.49228216726460267,0.9124884705123619,0.0
10.59059059059059,-0.5029201429150032,-0.12303585394756822,0.9007123438588056,-0.1860911242309785,0.02071966898641876,0.25983988768212,0.13404954846492134,0.13613105821180177,-0.4917226024976648,0.9093971181864313,0.0
10.61061061061061,-0.5053175839090315,-0.11987204970141487,0.8970727147969145,-0.18198145309455643,0.025591711021438923,0.2436021017510081,0.13655883976285196,0.13888288412677302,-0.49114362536434436,0.9063093427071378,0.0
10.63063063063063,-0.5076293693459031,-0.11558927184358082,0.8935928279838208,-0.17399434065469008,0.030398179071869327,0.2403234025215204,0.1355304394608961,0.13749826391751507,-0.49054525872166704,0.9032252659745698,0.0
10.65065065065065,-0.5098364890556274,-0.11035598548621565,0.8902364863579747,-0.16781708129230485,0.034776536358817785,0.21891786434742272,0.13612186335357943,0.13818265652366052,-0.48992752619212343,0.9001450097427963,0.0
10.67067067067067,-0.5119190232091528,-0.10412670767627144,0.8870220379793515,-0.1607224189311568,0.03896069120470433,0.20920774229432715,0.13835535493811277,0.13941940220400748,-0.4892904521627361,0.8970686956150594,0.0
10.69069069069069,-0.5138574394414891,-0.09692081161681232,0.8840002829731075,-0.15108775031220334,0.04222551006770087,0.1632409431498273,0.1382694332199769,0.1402833471760657,-0.48863406178409674,0.8939964450389727,0.0
10.71071071071071,-0.5156341111738026,-0.08883358661567888,0.8811821041826551,-0.1409089395226189,0.045386736579872244,0.15806132560856884,0.13469884025626247,0.1362789463500023,-0.48795838096937366,0.8909283793017285,0.0
10.73073073073073,-0.5172403523774378,-0.08031206018176007,0.8784548327500531,-0.13636357163009694,0.04816837651697443,0.1390819968551082,0.13609352384617998,0.13744712534496503,-0.48726343639328856,0.8878646195253094,0.0
10.75075075075075,-0.5186617793839523,-0.07107135032572365,0.8758558421577627,-0.12994952961451764,0.050423993141492054,0.11278083122588194,0.13684207894632874,0.13779377353148928,-0.48654925549106326,0.8848052866617047,0.0
10.77077077077077,-0.5198864261745162,-0.06123233952819332,0.8734008117144039,-0.12275152216794137,0.051964110836403385,0.07700588474556685,0.1355694502534812,0.13693440410421465,-0.485815866457337,0.8817505014881378,0.0
10.79079079079079,-0.5209067908616978,-0.05101823435907684,0.8710577441814694,-0.11715337664672293,0.05324537436148141,0.06406317625390094,0.13404384747378706,0.13454091216263034,-0.48506329824505295,0.8787003846022964,0.0
10.81081081081081,-0.5217197319394028,-0.040647053885248675,0.8687683391033886,-0.11447025390404006,0.05366484573473908,0.020973568662883017,0.13430050082106673,0.1355341533086141,-0.48429158056431554,0.8756550564175725,0.0
10.83083083083083,-0.5223192201723111,-0.02997441164541892,0.8665508191280824,-0.11087599876531055,0.05389448800630265,0.011482113578178611,0.13103108760868162,0.13175272862913362,-0.48350074388121755,0.872614637158309,0.0
10.85085085085085,-0.5227092611172778,-0.019502047248329355,0.8643007881813253,-0.11250154733785783,0.05365645992240364,-0.011901404194950962,0.13318862752942237,0.13301574459737844,-0.48269081941663694,0.8695792468550516,0.0
10.87087087087087,-0.5228862792972115,-0.00885090899668591,0.8620687995305641,-0.11159943253805431,0.052316240321177446,-0.06701098006131001,0.12991381828347776,0.1320738493804229,-0.4818618391450049,0.8665490053398125,0.0
10.89089089089089,-0.522854661709663,0.0015808793774295393,0.8597925238402948,-0.11381378451346426,0.05190779403569764,-0.020422314273990022,0.12966955171559472,0.12973837476146477,-0.48101383579304297,0.8635240322413373,0.0
10.91091091091091,-0.5226216254576712,0.011651812599591586,0.8574340705073252,-0.11792266664847668,0.05080018866812713,-0.05538026837852556,0.12909131547203082,0.13085998130079887,-0.48014684283847153,0.8605044469803853,0.0
10.93093093093093,-0.5221884403264486,0.02165925656112764,0.855001560382248,-0.12162550625386462,0.05055362045609413,-0.012328410601649999,0.12997283635322515,0.1300550564241395,-0.479260894508688,0.8574903687650122,0.0
10.95095095095095,-0.5215593460322809,0.03145471470838507,0.8524963457126364,-0.1252607334805749,0.04988222167898833,-0.03356993885529051,0.1309610361990188,0.13201613133650508,-0.4783560257794153,0.8544819165858643,0.0
10.97097097097097,-0.5207331463595682,0.04130998363563399,0.8499621117520599,-0.12671169802882365,0.049669397236202256,-0.010641222139302804,0.13144540458004103,0.1311728459727761,-0.4774322723733215,0.8514792092114825,0.0
10.99099099099099,-0.5197127782031485,0.051018407820985504,0.8473936791277413,-0.1284216312159308,0.04895141297335549,-0.03589921314233753,0.13223122094585663,0.13198091262512127,-0.47648967075860943,0.8484823651836131,0.0
11.01101101101101,-0.5184980234347562,0.06073773841961873,0.8448146729986237,-0.12895030645588185,0.04795487859922269,-0.049826718706640516,0.13175453602718123,0.13137854941456537,-0.4755282581475768,0.8454915028125264,0.0
11.03103103103103,-0.5170925296377701,0.07027468984930489,0.8422092651401605,-0.1302703929231581,0.0466746515807744,-0.06401135092241428,0.1315533456222127,0.13132446507271947,-0.4745480724951473,0.8425067401723476,0.0
11.05105105105105,-0.515500411327733,0.07960591550185217,0.8395738662070149,-0.13176994665727948,0.04531449597558935,-0.06800778025925315,0.132086101792616,0.13164585865941175,-0.47354915249737217,0.8395281950963953,0.0
11.07107107107107,-0.5137261526562955,0.08871293357187673,0.8369213523037475,-0.13262569516337058,0.04385771247593233,-0.07283917498285036,0.13114037574747453,0.13067041320097383,-0.4725315375899024,0.8365559851725287,0.0
11.09109109109109,-0.5117764154774883,0.09748685894035743,0.8342235351907124,-0.13489085565176154,0.04238280080919297,-0.07374558333696829,0.1311683859770773,0.13048560081595215,-0.4714952679464322,0.8335902277385067,0.0
11.11111111111111,-0.5096570537982132,0.10596808396375156,0.8314783459523959,-0.13725946191582397,0.04089110816742042,-0.07458463208862749,0.13125547442794167,0.1303565858590598,-0.4704403844771128,0.8306310398773544,0.0
11.13113113113113,-0.507373836915481,0.11416084413661257,0.8286854104674064,-0.13964677424947475,0.03925774066523005,-0.08166837510951852,0.13129796273488178,0.13022894380427996,-0.46936692882693704,0.8276785384127414,0.0
11.15115115115115,-0.5049326904472515,0.12205732341147221,0.8258437089037839,-0.14208507818112368,0.03750072283983234,-0.0878508912698858,0.13139076950994832,0.13014105989476812,-0.46827494337409614,0.8247328399043704,0.0
11.17117117117117,-0.502339980481373,0.12963549829392737,0.8229535676772753,-0.14450706132542995,0.0355456115233258,-0.09775556582532725,0.1313329342915751,0.12992964572296875,-0.46716447122830607,0.8217940606433747,0.0
11.19119119119119,-0.49960270745382296,0.13686365137749948,0.8200112619205299,-0.1471152878372712,0.033343322784123025,-0.11011443696013838,0.13164812869339407,0.13011889159110787,-0.4660355562291055,0.8188623166477272,0.0
11.21121121121121,-0.4967282763981003,0.14372155278613397,0.8170245364248844,-0.14933627478227549,0.03096123211644818,-0.11910453338374237,0.13253109183664044,0.13088191652702794,-0.4648882429441256,0.8159377236576608,0.0
11.23123123123123,-0.4937244182029793,0.1501929097560512,0.8140180567610079,-0.15032398319382118,0.028312731915482822,-0.13242501004826746,0.1334971105401467,0.1317376836796742,-0.46372257666733063,0.8130203971310997,0.0
11.25125125125125,-0.4905996759026516,0.1562371150163872,0.8110190982470157,-0.1499479256996111,0.025442998337249313,-0.14348667891167527,0.13289749177004317,0.13114543551754257,-0.462538603417229,0.8101104522390994,0.0
11.27127127127127,-0.4873650164070969,0.16173297477773405,0.8080103190593546,-0.15043895938305424,0.02245459284856772,-0.1494202744340803,0.1328783675894402,0.13105265948009567,-0.4613363699350575,0.8072080038613019,0.0
11.29129129129129,-0.4840317334072759,0.1666641499910492,0.8049903636392319,-0.1509977710061348,0.01933043323837203,-0.15620798050978424,0.13251342472418642,0.13078573569613675,-0.46011592368293525,0.804313166581399,0.0
11.31131131131131,-0.48061179871772625,0.17099673447748298,0.8019501531723001,-0.1520105233465905,0.016268271826690488,-0.15310807058407758,0.1330028405199211,0.13116937062996872,-0.4588773128419905,0.8014260546826096,0.0
11.33133133133133,-0.4771171989981643,0.17472998597809894,0.7989028739149442,-0.15236396286779721,0.013259741413396673,-0.15042652066469042,0.13312881850004166,0.13128026828037323,-0.4576205863104588,0.7985467821431688,0.0
11.35135135135135,-0.4735598886835188,0.1778655157322751,0.7958522479722268,-0.1525312971358724,0.010331927132373067,-0.14639071405118062,0.13300633567931786,0.1310476869330101,-0.45634579370175143,0.7956754626318255,0.0
11.37137137137137,-0.4699517347097769,0.18040769868709217,0.7927931895830693,-0.1529529194578726,0.0074115889370546225,-0.14601690976592224,0.13296507441036415,0.13108575942476358,-0.45505298534249794,0.7928122095033582,0.0
11.391391391391391,-0.46630424002683585,0.18237473414705396,0.7897257866074892,-0.15337014877900984,0.004632456129080169,-0.1389566403987226,0.1331842211668442,0.13130600673561632,-0.4537422122705585,0.7899571357940969,0.0
11.411411411411411,-0.4626288424359272,0.18376987954543034,0.786656649757736,-0.15345684248765798,0.002084287186849673,-0.1274084471115248,0.13348700702330907,0.13157906019277477,-0.45241352623300973,0.7871103542174637,0.0
11.431431431431431,-0.4589364287478182,0.1846206844054509,0.783594375472556,-0.1531137142590036,-0.0002075360042583502,-0.1145911595554012,0.13403210457630535,0.13190421049403261,-0.4510669796841015,0.7842719771595207,0.0
11.451451451451451,-0.4552369721024558,0.18497283226812056,0.7805518898899421,-0.15212427913069287,-0.0024355011476716497,-0.11139825717066498,0.13382160775083288,0.13182101200806892,-0.4497026257831856,0.7814421166745337,0.0
11.471471471471471,-0.45153953828573884,0.1848716908358471,0.7775248504412264,-0.15135197243578216,-0.004448363484370129,-0.10064311683492394,0.13473616491286133,0.13266047831632852,-0.4483205183926179,0.7786208844805491,0.0
11.491491491491491,-0.4478529711799637,0.18432835528875832,0.7745392309951155,-0.14928097230554901,-0.006294392823202093,-0.09230146694159809,0.13486563796129786,0.13293935014552533,-0.44692071207563194,0.775808391954984,0.0
11.511511511511511,-0.44418526080087195,0.18338551895458682,0.771601053600219,-0.14690886974482043,-0.007877015701314586,-0.07913114390562484,0.13507111889797713,0.13309974619458026,-0.44550326209418395,0.7730047501302266,0.0
11.531531531531531,-0.4405437636253838,0.18207485877440732,0.7687156992087042,-0.1442677195757416,-0.009241558164286675,-0.06822712314860416,0.13146124469048462,0.12840804751556195,-0.4440682244067723,0.7702100696892561,0.0
11.551551551551551,-0.43693381263580927,0.18049754947872612,0.7657601408193204,-0.14777791946919075,-0.011239006596176469,-0.09987242159448981,0.1326833506562735,0.1300158854084308,-0.4426156556662276,0.7674244609612708,0.0
11.571571571571571,-0.4333610321202892,0.17863902577600405,0.762776256771372,-0.14919420239742628,-0.013591862202537336,-0.11764278031804343,0.13415555603071339,0.13174471810198798,-0.44114561321747664,0.7646480339173337,0.0
11.591591591591591,-0.42983368880983874,0.17636716552252188,0.7598113872519733,-0.1482434759699358,-0.016159984191948074,-0.12840609947053686,0.13443254911549443,0.1327662904910099,-0.4396581550952781,0.7618808981660304,0.0
11.611611611611611,-0.4263613056503268,0.17361915797559632,0.7568846534214768,-0.1463366915248207,-0.01836364231055003,-0.11018290593009791,0.13616655901590238,0.1342030771113139,-0.43815334002193185,0.7591231629491425,0.0
11.631631631631631,-0.42295477437372264,0.17032656383020991,0.7540428726879302,-0.14208903667732634,-0.020494059200512994,-0.10652084449814797,0.13505736203615998,0.1335770544376435,-0.43663122740496,0.7563749371373337,0.0
11.651651651651651,-0.41962243183336895,0.1666171270176843,0.7512601900706288,-0.13913413086507231,-0.022194839031186565,-0.08503899153367873,0.13617182236680814,0.13438506197143582,-0.4350918773347628,0.7536363292258541,0.0
11.671671671671671,-0.41637332356983836,0.16245541317652856,0.7485649158756521,-0.13476370974883492,-0.02373894280529036,-0.07720518870518966,0.13497182312744882,0.13371821497280237,-0.43353535058224507,0.7509074473302546,0.0
11.691691691691691,-0.41321362220928287,0.15798506802777335,0.7459292544362153,-0.13178307197184136,-0.024747664997872933,-0.050436109629128464,0.13577850348703474,0.13401722860339438,-0.4319617085964177,0.7481883991821197,0.0
11.711711711711711,-0.4101497862722443,0.1531917968519298,0.7433694406362885,-0.12799068999633706,-0.025740635427595585,-0.04964852148613268,0.1344283404408537,0.13329081907768878,-0.4303710135019717,0.7454792921248141,0.0
11.731731731731731,-0.40718508620666266,0.14823500327908312,0.740854622122508,-0.12574092568902634,-0.026222225449375355,-0.02407950108898855,0.13426833181655187,0.13283102017607337,-0.4287633280968261,0.7427802331092468,0.0
11.751751751751751,-0.40432312888851046,0.14309786590761106,0.738375520193799,-0.12395509643544668,-0.02657118975086759,-0.01744821507461181,0.13380664096954956,0.13297496787648372,-0.4271387158496476,0.7400913286896452,0.0
11.771771771771771,-0.40156566844872704,0.13787302198917176,0.7359273796562472,-0.12240702687759333,-0.02634642511663307,0.011238231711726075,0.13438563352529712,0.13354928236086938,-0.42549724089734603,0.7374126850193523,0.0
11.791791791791791,-0.3989144937531786,0.1325587347774223,0.7335272441062195,-0.12000677750138351,-0.025617968389223544,0.03642283637047637,0.13290709694696656,0.13218482541089283,-0.4238389680425417,0.7347444078466331,0.0
11.811811811811811,-0.3963675378367417,0.12734779582184316,0.7311330333414667,-0.11971053823764088,-0.024391116874491452,0.061342575736604385,0.13370352587231682,0.13216718544207098,-0.4221639627510075,0.7320866025105016,0.0
11.831831831831831,-0.393922185790611,0.12226760230653491,0.7287563555134535,-0.11883389140066138,-0.02339191977988898,0.049959854730123605,0.1316699174577742,0.13085591766925128,-0.4204722911490846,0.7294393739365621,0.0
11.851851851851851,-0.3915723242505303,0.11749307700403508,0.7263477924587675,-0.1204281527343039,-0.022149722990298347,0.06210983947953173,0.13316779981526192,0.13150558288927813,-0.4187640200210709,0.7268028266328654,0.0
11.871871871871871,-0.3893147845846465,0.11287698329418702,0.7239392438301955,-0.12042743142859957,-0.02138492797863902,0.038239750582966525,0.13188944154887572,0.13124471374727206,-0.41703921680658573,0.724177064685785,0.0
11.891891891891891,-0.38714407214402924,0.10853562203086288,0.7215080227539357,-0.12156105381299283,-0.02045405490048168,0.04654365390786689,0.13256094110847466,0.13115839160414744,-0.41529794959790634,0.7215621917559061,0.0
11.911911911911911,-0.3850573579916243,0.10433570762024504,0.7190628614345389,-0.12225806596983994,-0.020012451084244407,0.022080190811863888,0.1327176282416861,0.13219898568276037,-0.4135402871372809,0.7189583110739347,0.0
11.931931931931931,-0.38305126902240444,0.10030444846099498,0.7166215697372392,-0.1220645848649828,-0.019493537648408412,0.025945671791799733,0.1329110221202689,0.13194104149944827,-0.41176629881421384,0.7163655254366219,0.0
11.951951951951951,-0.3811240064634734,0.09636312794655394,0.7141832266177561,-0.12191715597415764,-0.01932478150922084,0.008437806959378964,0.13265648143138814,0.1322603280378384,-0.40997605466272624,0.7137839372027046,0.0
11.971971971971971,-0.37927347693441077,0.09252647645313021,0.7117488313076492,-0.12171976550534856,-0.019153794432122236,0.008549353854929944,0.1325776717338195,0.13212839772036944,-0.4081696253585919,0.7112136482888661,0.0
11.991991991991991,-0.3774988296174091,0.08873236585008384,0.7093152751697605,-0.1216778068944374,-0.019200268467480932,-0.0023237017679344774,0.1323340528672352,0.13212865915181088,-0.40634708221654703,0.708654760165712,0.0
12.012012012012011,-0.3757993455057709,0.08497420558191095,0.7068789664699461,-0.12181543499071616,-0.01924159878527105,-0.00206651588950597,0.13209627905298413,0.1322219331670078,-0.4045084971874738,0.7061073738537635,0.0
12.032032032032031,-0.37417503679988723,0.08121543529418218,0.7044377613734114,-0.12206025482673481,-0.01918904920692024,0.002627478917540537,0.1324105213171612,0.13263687670878926,-0.402653942855561,0.7035715899194704,0.0
12.052052052052051,-0.37262625977863095,0.077438851062814,0.7020024575225293,-0.12176519254410223,-0.018980217282730232,0.010441596209500373,0.1322900217029395,0.13266763561009765,-0.4007834924354383,0.7010475084712406,0.0
12.072072072072071,-0.3711526495737005,0.07368051024652411,0.6995717296347187,-0.12153639439053107,-0.01867414668793591,0.015303529739716278,0.13205220395771233,0.1324649000097534,-0.3988972197692855,0.6985352291554876,0.0
12.092092092092091,-0.3697531722922997,0.06997386407003865,0.697139067812586,-0.1216330911066326,-0.018364086228806437,0.015503022956473416,0.13189502554426982,0.13249520261110598,-0.39699519932391764,0.6960348511526973,0.0
12.112112112112111,-0.3684265314210588,0.06633204356204644,0.6947026153225796,-0.12182262450032325,-0.01798255235696329,0.019076693592157138,0.13180269650487653,0.1326045498877835,-0.39507750618784526,0.6935464731735119,0.0
12.132132132132131,-0.3671714740528431,0.06275286841078363,0.6922626467339106,-0.12199842943345242,-0.01742475049789913,0.027890092953208125,0.13162462836191333,0.13250051519524053,-0.3931442160683094,0.6910701934548328,0.0
12.152152152152151,-0.3659863480403163,0.05925630062633999,0.6898150105799822,-0.1223818076964189,-0.016740258209398493,0.03422461442503176,0.13144779500561135,0.13240557442244943,-0.391195405288294,0.6886061097559437,0.0
12.172172172172171,-0.3648688210797286,0.05587634802938622,0.6873557198276378,-0.12296453761722162,-0.01596773860250049,0.03862598034490018,0.13174651799269935,0.13277927723575203,-0.3892311507835118,0.6861543193546498,0.0
12.192192192192191,-0.3638163330810561,0.05262439993362674,0.6848947806491638,-0.12304695892370283,-0.01511318956999716,0.0427274516251662,0.13168097052858568,0.13280073948626153,-0.38725153009936697,0.6837149190434378,0.0
12.212212212212211,-0.36282577081947726,0.049528113078940963,0.6824315895218827,-0.12315955636405797,-0.01420442628816123,0.0454381640917968,0.13181502396060202,0.13323035611601736,-0.3852566213878945,0.681288005125655,0.0
12.232232232232231,-0.3618938470225777,0.04659618984497766,0.6799745481922911,-0.12285206647957653,-0.013088233349515333,0.05580964693229482,0.13118971548636882,0.1323418599653088,-0.3832465034046749,0.6788736734117078,0.0
12.252252252252251,-0.3610166322999165,0.043860736133061615,0.6775012844934971,-0.12366318493969666,-0.012028059823960179,0.053008676277757696,0.13148768800070376,0.13261169302277676,-0.38122125550572394,0.6764720192152778,0.0
12.272272272272271,-0.3601898190454023,0.04134066272570903,0.6750202691056635,-0.12405076939168255,-0.01112164638553775,0.045320671921121373,0.13134961033620643,0.13308169779771648,-0.37918095764436105,0.6740831373495608,0.0
12.292292292292291,-0.359409258433276,0.03902803060631717,0.6725364712017927,-0.12418989519353647,-0.009957147129435698,0.05822496280510249,0.1305185777209891,0.13224895822750865,-0.3771256903680519,0.6717071221235218,0.0
12.312312312312311,-0.3586710869334779,0.0369085749899049,0.670025284929388,-0.12555931362023764,-0.00858206060382514,0.06875432628052804,0.13131986716745764,0.1333618982352068,-0.3750555348152297,0.669344067338174,0.0
12.332332332332332,-0.357971020003794,0.03500334648419342,0.6675151156140722,-0.1255084657657877,-0.006786541606415631,0.08977594987047555,0.13178562656913534,0.13291730020049075,-0.3729705727120911,0.6669940662828743,0.0
12.352352352352352,-0.357303584337211,0.03337178332915044,0.6650063267270628,-0.12543944435046817,-0.005402757609125191,0.06918919986452204,0.13198980530163446,0.1340016048582493,-0.37087088636936966,0.66465721173164,0.0
12.372372372372372,-0.3566618467657417,0.03208687857346372,0.6625180605775447,-0.124413307475907,-0.0037495516627493166,0.08266029731879365,0.1320513027920739,0.13321636480958404,-0.36875655867908713,0.662333595939488,0.0
12.392392392392392,-0.3560402674597266,0.031078965300754668,0.660039628443691,-0.12392160669268579,-0.0025364104989879423,0.06065705818806872,0.13218228171299318,0.13433533721233057,-0.36662767311128003,0.6600233106387904,0.0
12.412412412412412,-0.3554323731629242,0.03039471484011978,0.6575895777235198,-0.12250253600855958,-0.0010261557137747604,0.0755127392606591,0.1321903557705442,0.13337013492998628,-0.3644843137107058,0.6577264470356556,0.0
12.432432432432432,-0.3548332975849539,0.029953778898514104,0.6551537438400219,-0.12179169417489288,-4.33164905056277e-05,0.04914196116345659,0.13231831867137847,0.13458017127211205,-0.36232656509352346,0.6554430958063259,0.0
12.452452452452452,-0.3542371488227609,0.02980743810964978,0.6527519595775914,-0.12008921312152857,0.0013204075556081654,0.06818620230568963,0.13160500913566323,0.13298057330135063,-0.3601545124439536,0.6531733470935976,0.0
12.472472472472472,-0.35363998302300037,0.02985828998802843,0.6503499617179577,-0.12009989298168378,0.002290508121018142,0.048505028270498796,0.13241978505222943,0.13493027741011124,-0.3579682415109155,0.6509172905032636,0.0
12.492492492492492,-0.35303641338614117,0.03017848184296048,0.647988702071704,-0.1180629823126833,0.003796459468741128,0.07529756738614929,0.1308224601832492,0.13213844722725104,-0.3557678386046427,0.6486750151005755,0.0
12.512512512512512,-0.35242273640296023,0.03068384915904646,0.6456031493529784,-0.11927763593628325,0.0048753354449217745,0.053943798809032356,0.13251191661617764,0.13495038467328166,-0.35355339059327384,0.6464466094067263,0.0
12.532532532532532,-0.35179280342784724,0.03149664875565001,0.6432599725425597,-0.11715884052093103,0.006394787845843533,0.07597262004608797,0.12826562508231237,0.1327652667047934,-0.35132498489942465,0.6442321613953574,0.0
12.552552552552552,-0.35114283270404156,0.03249853619028342,0.6408638740963667,-0.11980492230964984,0.010044745096442485,0.18249786252994762,0.12837019994659632,0.13118157404268166,-0.34908270949673637,0.6420317584890844,0.0
12.572572572572572,-0.35046707059264426,0.03378810556986557,0.6383929084952341,-0.1235482800566286,0.014457871515020386,0.22065632092889495,0.13336583192218418,0.13492751550104326,-0.34682665290640247,0.6398454875560465,0.0
12.592592592592592,-0.34975022340971185,0.03584235914662156,0.6359764586356269,-0.12082249298035919,0.018691256161879326,0.21166923234294674,0.13420423994423236,0.13596760839369684,-0.34455690419367424,0.6376734349064767,0.0
12.612612612612612,-0.348974340676724,0.03879413664939298,0.6336421363584268,-0.11671611386000558,0.022901180759508637,0.21049622988146574,0.13520961043524132,0.13611890937208124,-0.3422735529643445,0.6355156862892943,0.0
12.632632632632632,-0.34812220151577644,0.04260695804737799,0.6314067937124359,-0.11176713229954399,0.0264602159362098,0.17795175883505815,0.135954605777638,0.13703094100236993,-0.33997668936120956,0.6333723268887199,0.0
12.652652652652652,-0.34717637606018714,0.0472912727794652,0.6292946209086936,-0.10560864018711658,0.029569152765450805,0.15544684146205023,0.13635886099731853,0.13682080943035502,-0.3376664040605121,0.6312434413209129,0.0
12.672672672672672,-0.34612240801485167,0.0526984022667732,0.6273081376395662,-0.09932416345637317,0.03175174563921202,0.10912964368806088,0.13545026855502484,0.1365006903116449,-0.33534278826836006,0.6291291136306305,0.0
12.692692692692692,-0.3449483191191281,0.0587044447861776,0.6254287962880057,-0.09396706757801855,0.03355644672441122,0.09023505425996005,0.13496128255848114,0.13485331914975277,-0.33300593371712583,0.6270294272879089,0.0
12.712712712712712,-0.34364632539508266,0.06509968620227137,0.6236246935022092,-0.0902051392898296,0.03406089580829108,0.025222454193992758,0.1344869017941294,0.13511267052345813,-0.3306559326618258,0.6249444651847701,0.0
12.732732732732732,-0.34220937450820055,0.07184754434410634,0.6218924099351896,-0.08661417835098165,0.03391666321024096,-0.00721162990250631,0.13294382908349103,0.1324878062239806,-0.3282928778764782,0.6228743096319481,0.0
12.752752752752752,-0.3406375635488412,0.07859054796796598,0.6201701660815062,-0.08611219268416603,0.032271083872928645,-0.08227896686561592,0.13074870109934336,0.13306528511738686,-0.3259168626504395,0.6208190423556392,0.0
12.772772772772772,-0.33893233162700653,0.08526159609173525,0.6184340298258355,-0.08680681278353305,0.031416679479401306,-0.04272021967636734,0.131373490973008,0.13197857464783,-0.3235279807847221,0.6187787444942761,0.0
12.792792792792792,-0.3371003770758181,0.091597727559423,0.616677374267815,-0.08783277790102556,0.03004631771950032,-0.06851808799504913,0.1319145037487971,0.13338207356027934,-0.321126326588292,0.616753496595325,0.0
12.812812812812812,-0.3351441894495256,0.0978093813146219,0.6149290989051799,-0.08741376813175344,0.02892735492224068,-0.055948139862981694,0.13104273437634809,0.13165431151763513,-0.31871199487434476,0.6147433786121053,0.0
12.832832832832834,-0.3330704034626787,0.10368929934234532,0.6131508750364165,-0.08891119343816827,0.027489496149894214,-0.07189293861732332,0.13184025149665726,0.13301661133906442,-0.3162850809565623,0.6127484699006331,0.0
12.852852852852854,-0.3308824965607461,0.10939534509663125,0.6113748149532697,-0.08880300415733924,0.02624605056224092,-0.062172279382664876,0.13126179430925378,0.13168347581384343,-0.31384568064535046,0.6107688492164884,0.0
12.872872872872874,-0.3285869229735048,0.11477867936206453,0.6095727685906831,-0.09010231812933289,0.024638116155626215,-0.0803967203307355,0.13115600982979755,0.13265213333017778,-0.3113938902440563,0.608804594711706,0.0
12.892892892892894,-0.326188300657412,0.1199311158046402,0.6077576449773429,-0.09075618066701367,0.02365822158612728,-0.04899472847494619,0.1317036287907016,0.13192302063700728,-0.308929806545167,0.6068557839316904,0.0
12.912912912912914,-0.3236930070382776,0.12476468095671965,0.6059269160001619,-0.0915364488590502,0.022320644746108398,-0.06687884200094443,0.13144961783951978,0.1326123049456444,-0.30645352682648824,0.6049224938121548,0.0
12.932932932932934,-0.3211048178516624,0.12940945933075848,0.6040871207561852,-0.091989762198835,0.021501219664238323,-0.04097125409350371,0.1318192814398617,0.13219975801688696,-0.30396514884730286,0.6030048006760824,0.0
12.952952952952954,-0.3184290227408032,0.13378975554296046,0.6022377443798888,-0.09246881881482401,0.020626933398115922,-0.04371431330611979,0.13194067963414202,0.13264397329590066,-0.3014647708445123,0.6011027802307145,0.0
12.972972972972974,-0.31566874039317205,0.13801411738155883,0.6003872346142578,-0.09252548828154909,0.0200669179501684,-0.028000772397376424,0.1324556052105201,0.13259347691001433,-0.2989524915287595,0.5992165075645618,0.0
12.992992992992994,-0.31282731424403776,0.14207130745671398,0.598542542609407,-0.09223460024253921,0.019438035474378144,-0.03144412378951235,0.13226760491070472,0.13251379450935427,-0.2964284100805295,0.5973460571444389,0.0
13.013013013013014,-0.3099071137362765,0.1460100253880625,0.5966997482336479,-0.09213971878795628,0.01893292544707139,-0.025255501365338228,0.13250031209983554,0.13254413768341872,-0.2938926261462366,0.5954915028125263,0.0
13.033033033033034,-0.3069105650835473,0.14982743263645915,0.5948627965175979,-0.09184758580250049,0.01843081103293279,-0.02510572070692983,0.13279258402189462,0.13256048055557185,-0.2913452398342883,0.5936529177834532,0.0
13.053053053053054,-0.3038396607294514,0.15354521770479596,0.59303629676219,-0.09132498777039198,0.01782119261479884,-0.030480920906697292,0.13296176364762644,0.13283373124437178,-0.2887863517111338,0.591830374641408,0.0
13.073073073073074,-0.3006963198388867,0.15716704452823335,0.5912268392511795,-0.0904728755505284,0.01726304937651354,-0.02790716191426476,0.13305729944114508,0.13278245768008973,-0.2862160627972956,0.590023945337274,0.0
13.093093093093094,-0.29748302711178165,0.16066463635525355,0.5894351231262744,-0.08958580624525328,0.016748243267843275,-0.025740305433513362,0.13306890469031532,0.1325938585079853,-0.2836344745633782,0.5882337011857863,0.0
13.113113113113114,-0.29420210456097534,0.16404612754031675,0.5876585652046229,-0.08882789608257609,0.0162055206140612,-0.027136132689103983,0.1330581882316881,0.13248475943836371,-0.28104168892606546,0.5864597128627191,0.0
13.133133133133134,-0.290855644968734,0.16732297961206732,0.5858954251445602,-0.08815700300313833,0.015597277052039085,-0.030412178101105677,0.1331326443797653,0.1324463047889284,-0.2784378082440939,0.5847020504020937,0.0
13.153153153153154,-0.2874458583323049,0.17048933182145398,0.5841462714090359,-0.08745768677621302,0.014926778689724723,-0.033524918115718,0.13320020683448985,0.1323550565282099,-0.2758229353142152,0.5829607831934145,0.0
13.173173173173174,-0.28397519685564776,0.17353307383285593,0.5824107911925096,-0.08677401082631467,0.014126242926232326,-0.04002678817461968,0.1330924272234573,0.13213965762394575,-0.27319717336713445,0.5812359799789291,0.0
13.193193193193194,-0.2804464698146241,0.1764363520511829,0.5806842374557625,-0.08632768683735727,0.013220584554348816,-0.04528291859417533,0.1332366523070457,0.1321350928005274,-0.27056062606343795,0.5795277088509154,0.0
13.213213213213214,-0.2768628614789841,0.1791804167820027,0.5789687247261845,-0.08577563647889752,0.012165236150171609,-0.05276742020886031,0.13354095654857584,0.13235871243007938,-0.26791339748949816,0.5778360372489924,0.0
13.233233233233234,-0.27322788983017865,0.18174858244027267,0.5772721220978272,-0.08483013141786522,0.010961796327652972,-0.060171991125931835,0.13339523295949962,0.13223988051061078,-0.265255592153367,0.5761610319574584,0.0
13.253253253253254,-0.26954582465059307,0.18410325897927857,0.5755905632864736,-0.08407794056767649,0.009701976656163283,-0.06299098357448421,0.13345154573705242,0.13224599027871878,-0.262587314980648,0.5745027591026541,0.0
13.273273273273274,-0.26582144689812803,0.18621888762325242,0.5739250277778998,-0.08327677542869114,0.008404665426688414,-0.0648655614737432,0.13372222000300743,0.1324113665343368,-0.2599086713103547,0.5728612841503524,0.0
13.293293293293294,-0.26205968976029964,0.18808785689141844,0.572282026510478,-0.08215006337108735,0.007024060529737216,-0.0690302448475598,0.1331947174145732,0.13199753568108466,-0.257219766890753,0.5712366719031737,0.0
13.313313313313314,-0.2582658699293607,0.18969099154694802,0.570647660602648,-0.0817182953914994,0.005741884384220324,-0.06410880727584445,0.13364578028973192,0.13231906596616114,-0.25452070787518555,0.5696289864980282,0.0
13.333333333333334,-0.2544453017044299,0.19102841124653816,0.5690334174395938,-0.08071215815271074,0.00441932777547999,-0.06612783043701656,0.13339990391478268,0.132117222246847,-0.2518116008178805,0.5680382914035824,0.0
13.353353353353354,-0.25060317190656445,0.19210648989327256,0.5674326964872836,-0.08003604761551047,0.003194940678351459,-0.06121935485642636,0.1335111103916365,0.13220505749079206,-0.24909255266974567,0.5664646494177551,0.0
13.373373373373374,-0.24674469617993094,0.19292378633167534,0.5658484729143426,-0.07921117864704755,0.002075700764522172,-0.055961995691464164,0.1336519039564981,0.13230849370233536,-0.24636367077414584,0.5649081226652373,0.0
13.393393393393394,-0.24287470385337692,0.19349961632770113,0.5642843832709602,-0.07820448216912045,0.0010515159597669953,-0.05120924023775855,0.1336424180904012,0.13225385881653906,-0.24362506286266597,0.5633687725950398,0.0
13.413413413413414,-0.2389976646454151,0.19385196039809136,0.5627394892438091,-0.07724470135755311,0.00014591833663613697,-0.04527988115654268,0.13348691564198942,0.13197146314205183,-0.24087683705085763,0.5618466599780683,0.0
13.433433433433434,-0.2351176330459362,0.19400157997394626,0.5612073097652103,-0.07660897392994352,-0.000731646498457833,-0.04387824175469823,0.13362734752642622,0.13210602764251994,-0.23811910183396973,0.5603418449047219,0.0
13.453453453453454,-0.23123816384489246,0.1939734600521865,0.5596919209879436,-0.07576943886333071,-0.0015958234921339199,-0.04320884968380408,0.1337570285318423,0.13230651437746524,-0.23535196608266623,0.5588543867825233,0.0
13.473473473473474,-0.22736274575894086,0.19377090429757948,0.5581982132728478,-0.07468538575479326,-0.0023605316443425775,-0.038235407610432585,0.13353511539200533,0.1320582188578053,-0.2325755390387293,0.5573843443337725,0.0
13.493493493493494,-0.22349478546968773,0.19339801446265648,0.5567192166105357,-0.07394983311560631,-0.003037870469590593,-0.033866941262400495,0.1335707274505699,0.1320717970374513,-0.22978993031074382,0.5559317755932277,0.0
13.513513513513514,-0.2196372980893456,0.19287436901710633,0.5552556537910937,-0.07317814097210366,-0.0036440099891059162,-0.03030697597576578,0.13362020314691872,0.13212756966058045,-0.22699524986977346,0.5544967379058161,0.0
13.533533533533534,-0.21579303420743884,0.19221319409533721,0.5538090768466282,-0.07232884722327287,-0.0040913348309879185,-0.022366242094099813,0.13121695580275078,0.12832100301469643,-0.22419160804501637,0.5530792879243682,0.0
13.553553553553554,-0.21196400009219668,0.19145170576210768,0.5522874811709314,-0.07607978378483718,-0.00555393191500785,-0.07312985420099624,0.13345879570350716,0.13199040979988846,-0.2213791155194508,0.551679481607382,0.0
13.573573573573574,-0.20815223194470725,0.19058840737447158,0.5507784334037772,-0.07545238835770979,-0.00693810764483654,-0.06920878649143418,0.13481275324139547,0.13339802096774867,-0.21855788332546666,0.5502973742168146,0.0
13.593593593593594,-0.2043637081648764,0.18942618899154318,0.549322817304528,-0.07278080496245949,-0.00820493257985731,-0.06334124675103811,0.1345644693940622,0.1331691871281075,-0.21572802284047946,0.5489330203158986,0.0
13.613613613613614,-0.2006038740821896,0.18799170413433913,0.5479135302801722,-0.07046435121779156,-0.009348011242786149,-0.057153933146441654,0.13422021641528034,0.1328882501512554,-0.21288964578253647,0.5475864737669903,0.0
13.633633633633634,-0.19687767455425143,0.18630997639690877,0.5465412725243097,-0.0686128877931228,-0.010323855589047642,-0.04879221731307433,0.13402261650266226,0.13280164936966374,-0.21004286420590307,0.5462577877294414,0.0
13.653653653653654,-0.1931895475157347,0.18440635192583674,0.5452017941417223,-0.06697391912936844,-0.011095114444671565,-0.038562942781195673,0.13427803743422934,0.13306372034754702,-0.20718779049664218,0.5449470146575022,0.0
13.673673673673674,-0.1895434408044795,0.1823053355627602,0.5439027233294975,-0.06495354061124049,-0.01164736427412823,-0.027612491472833036,0.13429830518766986,0.13332956942787422,-0.2043245373681744,0.5436542062982486,0.0
13.693693693693694,-0.1859423694740503,0.1800535665214594,0.5426482658814132,-0.06272287240421227,-0.011877671544827077,-0.011515363534942057,0.13392847617844397,0.1330755212194766,-0.2014532178568314,0.5423794136895412,0.0
13.713713713713714,-0.18238842458771673,0.17769724431667866,0.5414291549011127,-0.06095554901502672,-0.01168624779798355,0.009571187342176598,0.13387319358387487,0.1329880599800518,-0.19857394531739014,0.5411226871580094,0.0
13.733733733733734,-0.17888243307284643,0.1752995757435155,0.5402432650988119,-0.0592944901150359,-0.01116281790376696,0.026171494710829652,0.13365804881014426,0.13268570321946727,-0.1956868334186012,0.5398840763170648,0.0
13.753753753753754,-0.1754235050197257,0.17294640265603642,0.5390829392249291,-0.05801629369413839,-0.010424830888883685,0.03689935074416436,0.13342706465051574,0.1321826207091656,-0.19279199613869846,0.5386636300649427,0.0
13.773773773773774,-0.17200938442839586,0.17070602956649245,0.5379373264905843,-0.057280636717241235,-0.009764221977888657,0.033030445549751666,0.1332157264417466,0.13216454449159595,-0.18988954776090053,0.537461396582771,0.0
13.793793793793794,-0.1686370439865869,0.168617022090447,0.5368030596923128,-0.05671333991358013,-0.009119735195930992,0.03222433909788359,0.13356685297683143,0.1323726075930101,-0.18697960286889995,0.5362774233326693,0.0
13.813813813813814,-0.1653039376342773,0.16665531761547947,0.5356884489434097,-0.05573053744515247,-0.0086384708001453,0.024063219789284825,0.13313004679572985,0.13213314272225135,-0.1840622763423389,0.5351117570558743,0.0
13.833833833833834,-0.16200735771567631,0.16482899593004954,0.5345834998046063,-0.05524745694017206,-0.00824398177083705,0.019724451465412636,0.13344031001620782,0.1324332525869052,-0.18113768335227293,0.5339644437708946,0.0
13.853853853853854,-0.15874546133404802,0.1630948190814148,0.5334972712954286,-0.054311425458883365,-0.007976579513600871,0.013370112861809218,0.13321094648331133,0.13236238171726203,-0.17820593935662563,0.5328355287716942,0.0
13.873873873873874,-0.15551655464611422,0.16144533439668973,0.5324253287661083,-0.05359712646601695,-0.007817225873890457,0.007967681985520763,0.13322272730933932,0.13236371800062738,-0.17526716009562956,0.5317250566259039,0.0
13.893893893893894,-0.1523194923417866,0.15985311521638051,0.5313678750705211,-0.05287268477936127,-0.007872788597444263,-0.0027781361776901287,0.1331533612319356,0.1325641733851703,-0.17232146158725833,0.5306330711730629,0.0
13.913913913913914,-0.14915364180765717,0.1582925267064721,0.5303268571644054,-0.05205089530578094,-0.00794968375716186,-0.003844757985879894,0.13336125201067908,0.13277152988645208,-0.16936896012264568,0.5295596155228872,0.0
13.933933933933934,-0.14601923557226545,0.15672031176958512,0.5293084249527835,-0.050921610581095,-0.008084630787735596,-0.006747351528686732,0.1333819117861675,0.13287065735865547,-0.1664097722614935,0.5285047320535678,0.0
13.953953953953954,-0.14291650971381195,0.15513629292267567,0.5283143506070063,-0.04970371728886496,-0.008298534668828763,-0.010695194054658502,0.13321657277600546,0.13290576102092252,-0.16344401482747117,0.5274684624100976,0.0
13.973973973973974,-0.13984586309531516,0.15353233092483953,0.5273427005101096,-0.04858250484483397,-0.008551704573140872,-0.012658495215605466,0.13350465472085213,0.13320216933225537,-0.16047180490360488,0.5264508475026279,0.0
13.993993993993994,-0.1368081712072901,0.15188459440125188,0.5264021265707347,-0.04702869696874257,-0.008878205264860318,-0.01632503458597229,0.1330854258211514,0.13286082174026181,-0.1574932598276523,0.5254519275048526,0.0
14.014014014014014,-0.13380424997825857,0.15019606145157724,0.5254813529732352,-0.04603867987497776,-0.00930537683975718,-0.02135857874484342,0.13289468323376538,0.1328352283192634,-0.15450849718747378,0.5244717418524232,0.0
14.034034034034034,-0.1308352873083449,0.14844813349568364,0.5245771636552916,-0.04520946589718067,-0.009772169561647934,-0.02333963609453784,0.13276845358152886,0.1326404625523434,-0.15151763481638725,0.5235103292413907,0.0
14.054054054054054,-0.12790286042393892,0.14662134422029904,0.5236847880459806,-0.044618780465547854,-0.010394244723556038,-0.031103758095405467,0.13274878659700676,0.13289772055366783,-0.1485207907885175,0.5225677276266785,0.0
14.074074074074074,-0.12500876637647435,0.14470470237322824,0.5228077283367503,-0.043852985461518966,-0.011023379299826238,-0.03145672881351005,0.13272946546382805,0.13306109097500662,-0.14551808341413613,0.5216439742205848,0.0
14.094094094094094,-0.12215536940126723,0.14266984876035604,0.5219480937907683,-0.042981727299095863,-0.011620086491967553,-0.029835359607066233,0.13274298551011926,0.13333603761694127,-0.14250963123498805,0.520739105491312,0.0
14.114114114114114,-0.1193451521145153,0.14051086433759669,0.5211101312004752,-0.04189812951465726,-0.012016771855017962,-0.019834268152520686,0.13223733938057566,0.1329502656706709,-0.1394955530196148,0.5198531571615286,0.0
14.134134134134134,-0.11658020400711477,0.1382474053700261,0.5202806086337013,-0.04147612833869635,-0.012226712160397859,-0.010497015268995135,0.13223118060970024,0.1329420882435737,-0.13647596775866255,0.5189861642069571,0.0
14.154154154154154,-0.11386201916002699,0.1359092423543892,0.5194592952995443,-0.04106566670785109,-0.012312839320226606,-0.00430635799143778,0.13226286766883544,0.1330372958588519,-0.1334509946601879,0.5181381608549952,0.0
14.174174174174174,-0.11119136902724482,0.1335325066391087,0.5186480609814416,-0.04056171590513285,-0.012299991917839391,0.0006423701193601855,0.1325304887769084,0.1334652896949609,-0.13042075314494833,0.517309180583363,0.0
14.194194194194194,-0.10856866441550685,0.13113523058689813,0.5178572061514426,-0.03954274149994824,-0.012113637670455075,0.009317712369215116,0.13245930550174465,0.13327003898371229,-0.12738536284169116,0.5164992561187824,0.0
14.214214214214214,-0.10599373116956672,0.12874666229700643,0.5170827845609849,-0.0387210795228874,-0.011927041803920227,0.009329793326741909,0.13208980845030427,0.13329048073565952,-0.12434494358242722,0.5157084194356845,0.0
14.234234234234235,-0.10346568633299183,0.1264022418287442,0.5163196343548734,-0.038157510305577735,-0.01151378769288535,0.020662705551743057,0.13235997362065818,0.1331677273815551,-0.12129961539770373,0.5149367017549471,0.0
14.254254254254255,-0.10098379108454283,0.12409476242244981,0.5155699480745989,-0.037484314013723125,-0.011218302331543683,0.01477426806708276,0.1320160727182145,0.13349818567059238,-0.11824949851186255,0.5141841335426631,0.0
14.274274274274275,-0.0985463520791088,0.12187195027170128,0.5148335456362225,-0.036820121918817575,-0.01056514455837447,0.03265788865845988,0.13215488670189937,0.13314828911660298,-0.11519471333829526,0.5134507445089367,0.0
14.294294294294295,-0.09615211633292411,0.11971178730923428,0.5141073132978535,-0.03631161691845191,-0.00999937802364308,0.02828832673656889,0.13228987358481922,0.1337056834893471,-0.11213538047469031,0.5127365636067114,0.0
14.314314314314315,-0.09379857283576867,0.11767717485777213,0.5134015359475889,-0.03528886751323518,-0.00923373686987431,0.03828205768843766,0.13194334627722606,0.13311760221113889,-0.10907162069827119,0.5120416190306263,0.0
14.334334334334335,-0.0914833491947865,0.11576118204910862,0.5127023911484341,-0.03495723995773897,-0.008464697981104503,0.03845194443848941,0.13197852132877244,0.13348259619808933,-0.10600355496102742,0.5113659382159033,0.0
14.354354354354355,-0.0892034257146395,0.11399617400734953,0.5120158359899918,-0.034327757922113185,-0.007494401959639228,0.04851480107326286,0.13193542710730774,0.13265790327862087,-0.10293130438494096,0.5107095478372641,0.0
14.374374374374375,-0.08695562308698938,0.11239013138250602,0.5113290415906512,-0.03433971996702829,-0.00699236877571907,0.02510165919600675,0.13268677703299053,0.13440509915682175,-0.09985499025720355,0.5100724738078766,0.0
14.394394394394395,-0.0847364097527575,0.11096066671159473,0.5106790527539128,-0.03249944183691738,-0.0061660624078602785,0.041315318392938505,0.1308799552875909,0.13216214005559349,-0.09677473402542994,0.5094547412783329,0.0
14.414414414414415,-0.08254331839724488,0.10965456777563076,0.5100058885820888,-0.03365820859119719,-0.005423477531345751,0.037129243825725286,0.13110391545053654,0.13266712420753146,-0.09369065729286231,0.5088563746356556,0.0
14.434434434434435,-0.08037317087919213,0.10850737590263727,0.5093203692301693,-0.034275967595977265,-0.004562675415622254,0.04304010578617364,0.13241908987524256,0.1337788356815631,-0.09060288181356888,0.5082773975023351,0.0
14.454454454454455,-0.07822324981894026,0.1074960530125939,0.5086584648497915,-0.03309521901889209,-0.0037553256009146313,0.040367490735379805,0.1321575661225234,0.1335803375009967,-0.08751152948763798,0.5077178327353973,0.0
14.474474474474475,-0.07609013688772179,0.10665564656092356,0.5080133773221774,-0.03225437638070205,-0.0029422200302983968,0.04065527853081037,0.1325214586255937,0.1337831053718525,-0.08441672235636707,0.5071777024255011,0.0
14.494494494494495,-0.07397062815464464,0.10597543665385738,0.5073935147756529,-0.03099312732622697,-0.0023067288752914436,0.03177455775034614,0.13267495113490083,0.13407392405583343,-0.0813185825974417,0.5066570278960659,0.0
14.514514514514515,-0.07186154935257574,0.10545394010344522,0.5068054703123073,-0.029402223167278564,-0.0017235936626590117,0.029156760631620024,0.13281800910824745,0.1341049067524388,-0.07821723252011552,0.5061558297024311,0.0
14.534534534534535,-0.06976039028655877,0.10505795330084859,0.5062518288965593,-0.027682070787399825,-0.0012858034547359961,0.0218895103961491,0.12982252770102762,0.1332876672105752,-0.07511279456037881,0.505674127631043,0.0
14.554554554554555,-0.06766475034120592,0.10478199726764266,0.505676110504383,-0.028785919608814818,0.000753149256350842,0.1019476355543401,0.12992609929735188,0.13222695671467932,-0.07200539127612612,0.5052119406986746,0.0
14.574574574574575,-0.06557292786638207,0.10459112374119303,0.5050641378796804,-0.030598631235126614,0.0034856512952019013,0.13662510194255106,0.1320314972191501,0.13371413040208416,-0.06889514534231926,0.5047692871516745,0.0
14.594594594594595,-0.06347694373633048,0.10479920650257965,0.5044691363994414,-0.02975007401195169,0.0063987742622329995,0.1456561483515529,0.13277878715932642,0.13419985124478412,-0.06578217954614124,0.5043461844652467,0.0
14.614614614614615,-0.06136600918780004,0.10554672742652188,0.5039093499790823,-0.02798932101795132,0.00931641664642412,0.1458821192095537,0.13362655094874004,0.13462303010516113,-0.0626666167821523,0.5039426493427611,0.0
14.634634634634635,-0.05922851399475176,0.10687475965241414,0.5034035500687286,-0.025289995517684394,0.011931468279670964,0.13075258166233983,0.13355774704691603,0.13470542284023418,-0.059548580047434796,0.5035586977150932,0.0
14.654654654654655,-0.057052889447002444,0.10878122738746573,0.5029518468685585,-0.022585160008502102,0.01439289493097795,0.123071332565347,0.13395446377836004,0.13470922175582253,-0.056428192436740965,0.5031943447399958,0.0
14.674674674674675,-0.054828676787421676,0.11121063297903859,0.5025600631097011,-0.019589187942870307,0.016391561228506265,0.09993331487641299,0.1340340081796342,0.13493094490840585,-0.05330557713762983,0.5028496048015005,0.0
14.694694694694695,-0.052546046784439734,0.11413150014909701,0.5022325326070577,-0.016376525132169854,0.018072214218016164,0.08403264947549227,0.13429120336111552,0.13487118678396096,-0.05018085742560752,0.5025244915093499,0.0
14.714714714714715,-0.05019705752044826,0.11744946319957403,0.501972057382012,-0.013023761252286388,0.019248894956782232,0.05883403693830106,0.13381305141645716,0.13457297047543723,-0.04705415665925698,0.50221901769846,0.0
14.734734734734735,-0.04777524214185301,0.12109076892976234,0.5017670220826884,-0.010251764966179404,0.020091279220617254,0.04211921319174804,0.13399653616171492,0.1342558477527205,-0.043925598275371604,0.5019331954284137,0.0
14.754754754754755,-0.04527599929498193,0.124962142343554,0.5016153599540017,-0.007583106434333662,0.020236340582808224,0.007253068109545034,0.1335467696501667,0.13398137507653904,-0.04079530578407899,0.5016670359829851,0.0
14.774774774774775,-0.042696280273748735,0.1289859510616598,0.5015062778461198,-0.005454105394096239,0.019904706984387583,-0.016581679921035482,0.13309838536552374,0.1332533395885173,-0.037663402763966326,0.5014205498696931,0.0
14.794794794794795,-0.04003590369917961,0.1330188287284564,0.5014223392943402,-0.0041969275889777976,0.018912272618389726,-0.04962171829989652,0.13256780354670822,0.1329764973362891,-0.03453001285720262,0.5011937468193874,0.0
14.814814814814815,-0.03729648237878162,0.13697106601989917,0.5013516110928461,-0.0035364100747066803,0.01752635153564869,-0.06929605413705482,0.13290734288215658,0.13337636591850824,-0.031395259764656604,0.5009866357858642,0.0
14.834834834834835,-0.0344817479371097,0.14073672208359594,0.5013051212444338,-0.0023244924206131837,0.015829430014361656,-0.08484607606435556,0.13252064238741784,0.1334183854811336,-0.02825926724101237,0.5007992249455124,0.0
14.854854854854855,-0.03159731878601253,0.14422145755485835,0.5012778637555744,-0.0013628744429736604,0.014224921143188567,-0.08022544355865838,0.13221090050014997,0.13297415892687275,-0.025122159089885084,0.5006315216969912,0.0
14.874874874874875,-0.028650162491055987,0.14735781474782728,0.5012587816192672,-0.0009541068153598491,0.01270783919022566,-0.07585409764814954,0.13194257403020926,0.13294621431100356,-0.021984059158932506,0.5004835326609376,0.0
14.894894894894895,-0.025646684796734376,0.15017388471608054,0.5012435807997646,-0.0007600409751257998,0.011509604285658372,-0.05991174522836887,0.13210177397338338,0.13287199116142068,-0.018845091334967076,0.5003552636797053,0.0
14.914914914914915,-0.02259290211670007,0.15268913400171516,0.5012336002798934,-0.0004990259935609665,0.010520344336250282,-0.04946299747040912,0.1320796343838092,0.1327905570887888,-0.01570537953906415,0.5002467198171342,0.0
14.934934934934935,-0.019493575807790556,0.15496631544547582,0.5012273626912506,-0.00031187943214137405,0.009731613704711047,-0.0394365315769667,0.13221568068199183,0.1327284676863027,-0.012565047721668937,0.50015790535835,0.0
14.954954954954955,-0.0163526629420683,0.15704564328611278,0.5012260063886274,-6.781513115816144e-05,0.009068983523379388,-0.033131509066588044,0.13224014092093533,0.13276807478470742,-0.009424219857704037,0.5000888238095955,0.0
14.974974974974975,-0.013173299884162755,0.15896815289527721,0.5012305118207478,0.00022527160602198336,0.008592822024760999,-0.02380807493092499,0.1323089076327992,0.13264444351361374,-0.0062830199416764486,0.5000394778980919,0.0
14.994994994994995,-0.009958216980436287,0.1607541451863234,0.5012400906674344,0.00047894233432353684,0.008266727846487965,-0.01630470891365717,0.13241370125273258,0.13268631832262118,-0.003141571982779372,0.5000098695719315,0.0
15.015015015015015,-0.006709298539402027,0.16244592205171296,0.501256932219229,0.0008420775897306492,0.00807323703473593,-0.009674540587607604,0.13265314073269058,0.1326963796843132,-9.184850993605148e-17,0.5,0.0
15.035035035035035,-0.003427902417202321,0.1640698061099853,0.5012847434545221,0.0013905617646608579,0.007933010014310137,-0.007011351021295603,0.1320881612768518,0.1334677562360471,0.0031415719827791884,0.5000098695719315,0.0
15.055055055055055,-0.00011483534232722189,0.16565335374375495,0.5013265882227064,0.002092238409210429,0.008983586158914663,0.05252880723021994,0.13226369385232803,0.13263047328108354,0.0062830199416762655,0.5000394778980919,0.0
15.075075075075075,0.0032292367994139377,0.16720360708705798,0.5013726675380231,0.002303965765840105,0.010449967039215462,0.07331904401503342,0.13278738986964173,0.13261555126071672,0.009424219857703853,0.5000888238095955,0.0
15.095095095095095,0.0066084578879533964,0.1689610544269729,0.5014304836171036,0.002890803954026703,0.011946252700704572,0.07481428307444908,0.13295292863502955,0.1324511983212046,0.012565047721668754,0.50015790535835,0.0
15.115115115115115,0.010028452644482157,0.17099973782643804,0.5014999980040721,0.003475719348422655,0.013344753696465187,0.06992504978802395,0.13264668471934618,0.13164967425472915,0.015705379539063966,0.5002467198171342,0.0
15.135135135135135,0.013494859356314177,0.17332033559160107,0.5015647346123939,0.0032368304160935416,0.014296253065211177,0.047574968437293016,0.1329769251520794,0.13165960530756124,0.018845091334967336,0.5003552636797054,0.0
15.155155155155155,0.01701311149924543,0.1759126071465626,0.5016296633280982,0.003246435785213856,0.014650147591159733,0.0176947262974214,0.13392928650693373,0.1326023100112734,0.021984059158932322,0.5004835326609376,0.0
15.175175175175175,0.02058730677721831,0.17870976389864393,0.501722804780665,0.004657072628341466,0.01443135990395524,-0.010939384360231307,0.13391852576461308,0.13261384998622908,0.0251221590898849,0.5006315216969912,0.0
15.195195195195195,0.024218767280724064,0.18157302517528773,0.5018441502889903,0.006067275416267412,0.01373070731344705,-0.03503262952541579,0.13399080403372138,0.13277433478851272,0.028259267241012187,0.5007992249455124,0.0
15.215215215215215,0.02790662041493783,0.18439265671068827,0.5019971603972723,0.0076505054140997225,0.012675546268056316,-0.05275805226954276,0.13372138929875538,0.1325764483845444,0.03139525976465686,0.5009866357858642,0.0
15.235235235235235,0.03164794071357977,0.18706601493209687,0.502174951767816,0.008889568527188814,0.011382977918749784,-0.0646284174653324,0.13357577732122114,0.13243925683122765,0.03453001285720288,0.5011937468193874,0.0
15.255255255255255,0.035438452986605744,0.18952561365129866,0.5023733900152616,0.009921912372281728,0.009917774256367407,-0.0732601831191246,0.1330426100151362,0.13213734447812872,0.037663402763966146,0.5014205498696931,0.0
15.275275275275275,0.03927284647762896,0.19171967455116054,0.5025801656657521,0.010338782524528842,0.008539191971332164,-0.0689291142517676,0.13340493812507717,0.1322263933471127,0.040795305784078806,0.5016670359829851,0.0
15.295295295295295,0.04314540233136365,0.1936277926867346,0.5028020267611621,0.011093054770499221,0.00705735516460278,-0.07409184033647433,0.13302967777350466,0.13218066609061513,0.04392559827537187,0.5019331954284139,0.0
15.315315315315315,0.047050544028710825,0.19525708486735877,0.5030327867402096,0.01153799895237391,0.00583166622901208,-0.06128444677953988,0.13289242008550994,0.1316603854337719,0.047054156659257246,0.50221901769846,0.0
15.335335335335335,0.05098239247217175,0.19659242217304612,0.5032627499393083,0.011498159954939307,0.004544813149693501,-0.06434265396593344,0.13311148583004748,0.13230148404958902,0.050180857425607336,0.5025244915093499,0.0
15.355355355355355,0.05493615919801411,0.19768833629211818,0.5035046902756865,0.012097016818908844,0.0035921414237834945,-0.04763358629550449,0.13358125865953013,0.13223354141501822,0.05330557713762965,0.5028496048015005,0.0
15.375375375375375,0.058906803533756436,0.19853221678711633,0.5037645869799686,0.01299483521410998,0.002551557359517803,-0.0520292032132884,0.1335365223691855,0.13261608956759882,0.056428192436740784,0.5031943447399958,0.0
15.395395395395395,0.06289057730607261,0.1991886886158092,0.5040474599033794,0.014143646170536438,0.0017795485304135993,-0.03860044145521361,0.13380004414806132,0.13237756420031285,0.05954858004743506,0.5035586977150932,0.0
15.415415415415415,0.06688333076597014,0.1996376729948765,0.5043536919657754,0.015311603119802017,0.0009213992516211001,-0.04290746393962793,0.1335495954114936,0.13259946254408797,0.06266661678215212,0.503942649342761,0.0
15.435435435435435,0.07088194563516434,0.19993074345971037,0.5046828667916708,0.016458741294771043,0.0004268409216014352,-0.024727916500985842,0.13398614396795963,0.13252188070848164,0.06578217954614106,0.5043461844652467,0.0
15.455455455455455,0.07488305079542475,0.20005525801302032,0.5050403069738169,0.017872009107298394,-0.00012211165756520728,-0.027447628958334306,0.1336455539265068,0.1324342564786007,0.06889514534231908,0.5047692871516745,0.0
15.475475475475475,0.07888464275422975,0.20007959794025015,0.5054196699139798,0.018968147008145857,-0.000475409170662735,-0.017664875654878197,0.13444289626172884,0.13277045250496863,0.07200539127612593,0.5052119406986745,0.0
15.495495495495495,0.08288455029846804,0.19999537721191443,0.5058377491026531,0.020903959433666252,-0.0009959924160203766,-0.026029162267883498,0.13279250743674476,0.13163837398331826,0.07511279456037863,0.505674127631043,0.0
15.515515515515515,0.08688138639159086,0.199841804656141,0.5062533223881789,0.0207786642762865,-0.0012604119069823708,-0.013220974548100818,0.13387268485811893,0.13222033811182668,0.07821723252011534,0.5061558297024311,0.0
15.535535535535535,0.09087310928271913,0.19958614455641357,0.506691012577226,0.021884509452358078,-0.0016879014662325158,-0.021374477962508062,0.13309099931214796,0.13033354209853015,0.08131858259744151,0.5066570278960659,0.0
15.555555555555555,0.09485871781861603,0.1992804267948452,0.5071112854650519,0.02101364439129354,-0.003153135044934803,-0.07326167893511489,0.13340054275278948,0.13165829248265026,0.0844167223563669,0.507177702425501,0.0
15.575575575575575,0.09883650657191022,0.19888943766470965,0.5075383503181772,0.021353242656264957,-0.004846646795062273,-0.0846755875063739,0.1340978971200365,0.13260223595705284,0.0875115294876378,0.5077178327353973,0.0
15.595595595595595,0.10280063121255889,0.19820623203243398,0.5079965086124443,0.022907914713355286,-0.006556478397807789,-0.08549158013727598,0.13430024999666987,0.13301124158655458,0.0906028818135687,0.5082773975023351,0.0
15.615615615615615,0.10674437791987852,0.1971873353659815,0.5084947906403097,0.024914101393269234,-0.008137088812769538,-0.07903052074808746,0.13476348843921002,0.13349052291905683,0.09369065729286213,0.5088563746356556,0.0
15.635635635635635,0.11066092649380771,0.19582742869645944,0.5090471207512339,0.027616505546210934,-0.009616147290004852,-0.07395292386176588,0.1345220514624822,0.1333127959255495,0.0967747340254302,0.509454741278333,0.0
15.655655655655655,0.11454407733334473,0.19415754197685114,0.5096472431653847,0.030006120707538927,-0.010972154845505015,-0.06780037777500783,0.1341644305198549,0.13292947382567114,0.09985499025720337,0.5100724738078766,0.0
15.675675675675675,0.11838808898720922,0.19220058269322454,0.5102841293619867,0.03184430983010334,-0.012245572159462103,-0.06367086569785455,0.13379762655728986,0.132781340412181,0.10293130438494077,0.510709547837264,0.0
15.695695695695695,0.1221877264258172,0.18998187193039895,0.5109500958645423,0.03329832512777905,-0.013306018394150703,-0.05302231173442992,0.1344285118801004,0.13350276925016033,0.10600355496102724,0.5113659382159033,0.0
15.715715715715715,0.12593773066628833,0.18750021202355635,0.5116651170736549,0.03575106045563001,-0.014094632074788028,-0.039430684031865976,0.13433460738986513,0.13356162987830947,0.10907162069827145,0.5120416190306263,0.0
15.735735735735735,0.12963393076418986,0.1848100048950761,0.5124286200914617,0.038175150890340084,-0.014518462346232268,-0.021191513572211673,0.13392335509990394,0.13322297033690148,0.11213538047469057,0.5127365636067114,0.0
15.755755755755755,0.13327342874687775,0.18197489913439435,0.5132294533375865,0.04004166230624128,-0.014592113139477088,-0.0036825396622404624,0.13386946555941542,0.1331390850793605,0.11519471333829508,0.5134507445089367,0.0
15.775775775775776,0.13685462072609184,0.17905959896070395,0.5140655519219991,0.041804929220628645,-0.014381422604111432,0.010534526768283765,0.1336762539361431,0.13284081516159438,0.11824949851186237,0.514184133542663,0.0
15.795795795795796,0.14037738787061227,0.17613835722602134,0.514929631171488,0.043203962474447036,-0.014034686074184465,0.01733682649634986,0.1334161443742936,0.13248267283048715,0.12129961539770398,0.5149367017549471,0.0
15.815815815815816,0.1438427278682399,0.173266999881382,0.5158125447969065,0.044145681270922665,-0.013662906499991816,0.018588978709634687,0.1332677934177458,0.13240008589018326,0.12434494358242747,0.5157084194356845,0.0
15.835835835835836,0.14725215217390925,0.1704712152834677,0.5167108912388546,0.044917322097405434,-0.013309337891451193,0.017678430427034438,0.13311661333466893,0.13225202566863806,0.12738536284169097,0.5164992561187824,0.0
15.855855855855856,0.15060721390853954,0.1677530867315152,0.5176202579851199,0.04546833731326409,-0.012999639722876313,0.015484908428748455,0.13316349053811954,0.13234050027605254,0.13042075314494816,0.517309180583363,0.0
15.875875875875876,0.15390934093022268,0.16510635108415722,0.5185426688154631,0.04612054151715968,-0.012763938643205918,0.011785053983525546,0.13325545101164643,0.13252044973962865,0.13345099466018773,0.5181381608549951,0.0
15.895895895895896,0.1571597815396052,0.16252203046912544,0.5194821677087497,0.04697494466432913,-0.012613412437298794,0.007526310295363443,0.13294638131702355,0.13220939081646202,0.1364759677586628,0.5189861642069571,0.0
15.915915915915916,0.16035964144320242,0.15999299517986101,0.5204295802773768,0.047370628431358766,-0.012609322771380119,0.00020448329594308177,0.13260999000973062,0.13215292908201084,0.1394955530196146,0.5198531571615285,0.0
15.935935935935936,0.16350967061907665,0.15750145879371194,0.5213790944418941,0.0474757082258648,-0.012612547092159112,-0.00016121603893840854,0.13291826487637276,0.13252091928556456,0.14250963123498786,0.520739105491312,0.0
15.955955955955956,0.16660981049088827,0.15500699359058126,0.5223407283499258,0.04808169540158802,-0.012626654404735734,-0.0007053656288181122,0.1330737134410399,0.13289800737826196,0.14551808341413597,0.5216439742205847,0.0
15.975975975975976,0.16966002964223914,0.15251095756754277,0.5233223706460352,0.0490821148054678,-0.012555127430551543,0.003576348709224481,0.13299674459737437,0.13308728229552133,0.14852079078851732,0.5225677276266785,0.0
15.995995995995996,0.17266031273986185,0.15001415488113526,0.5243256842898039,0.05016568218843576,-0.01224637083116838,0.015437829969174024,0.13284297927532907,0.1330507702667667,0.15151763481638708,0.5235103292413906,0.0
16.016016016016017,0.1756110727018581,0.14753799809981233,0.5253478541297011,0.05110849199486069,-0.011702927735513072,0.027172154782782676,0.132774323784967,0.1329127818900491,0.15450849718747361,0.5244717418524232,0.0
16.036036036036037,0.17851362709990182,0.1451277199021862,0.5263858340866109,0.05189899784548723,-0.011044904547607782,0.03290115939528267,0.1335890312876047,0.13255983026995408,0.1574932598276521,0.5254519275048526,0.0
16.056056056056057,0.1813701063150297,0.14282396075639428,0.5274464901337251,0.05303280235571073,-0.011279047383306052,-0.011707141784891961,0.13303531516784017,0.13261270277580814,0.16047180490360471,0.5264508475026278,0.0
16.076076076076077,0.184183259082883,0.14065763839266507,0.5285224323277816,0.05379710970282581,-0.011993873873521393,-0.035741324510743924,0.13272488219856307,0.1327829851853169,0.163444014827471,0.5274684624100975,0.0
16.096096096096097,0.18695223649334722,0.13844887052321123,0.5296115742109893,0.05445709416038255,-0.012855139213127817,-0.04306326698029747,0.13262349686674516,0.1329718308181771,0.16640977226149334,0.5285047320535678,0.0
16.116116116116117,0.18967430440286664,0.1361033954759709,0.5307151786804221,0.05518022347163808,-0.013725985010776872,-0.04354228988243028,0.13260497499439644,0.13311747423678236,0.16936896012264593,0.5295596155228873,0.0
16.136136136136138,0.19234615275497452,0.1335924176053939,0.5318350867588096,0.05599540391937803,-0.0145808477141839,-0.04274313517033151,0.13259298856011653,0.13355111955441634,0.17232146158725858,0.5306330711730629,0.0
16.156156156156158,0.19496426804288644,0.13090576439559581,0.5329774990946579,0.05712061679241029,-0.015064184593597417,-0.024166843970660982,0.13206174965537817,0.13303999758483112,0.17526716009562937,0.5317250566259037,0.0
16.176176176176178,0.19752564976109394,0.12806908591037522,0.5341269272419916,0.05747140736668663,-0.01530940217105422,-0.012260878872832011,0.13225187504066202,0.13317006311976026,0.17820593935662546,0.5328355287716939,0.0
16.196196196196198,0.20002839699144304,0.1251373615174555,0.5352880860956243,0.058057942681633855,-0.015436389491387847,-0.006349366016681255,0.132133399716756,0.13330547935735773,0.18113768335227276,0.5339644437708945,0.0
16.216216216216218,0.2024715568754098,0.1221579941983383,0.5364612119595101,0.05865629319429482,-0.015258973167042158,0.008870816217274417,0.1316523277700208,0.13296609069320398,0.1840622763423387,0.5351117570558742,0.0
16.236236236236238,0.20485495959434763,0.11917013594689216,0.5376341436333264,0.05864658369081438,-0.014811973025278443,0.02235000708816294,0.1314081737568833,0.1327942335304296,0.18697960286889978,0.5362774233326691,0.0
16.256256256256258,0.20717943114724255,0.11622357764474583,0.5388007293802335,0.05832928734535246,-0.014077127727164513,0.03674226490565876,0.1313882937966088,0.13269286548331394,0.18988954776090075,0.537461396582771,0.0
16.276276276276278,0.20944676591007394,0.11336673814156996,0.5399591994356838,0.057923502772518745,-0.013140488427320659,0.0468319649921395,0.13172770143602755,0.13296368664245825,0.1927919961386983,0.5386636300649426,0.0
16.296296296296298,0.21165974092939704,0.1106487509661559,0.5411186348564324,0.057971771037430196,-0.012089621412870514,0.052543350722437626,0.13174737676495163,0.1329994321764922,0.19568683341860146,0.5398840763170649,0.0
16.316316316316318,0.21382210065397608,0.10811798622895125,0.5422799066035827,0.058063587357515496,-0.010999835908630868,0.05448927521189522,0.1319806629792476,0.13321877167741222,0.19857394531739037,0.5411226871580095,0.0
16.336336336336338,0.21593789196216706,0.10578956540954869,0.5434497717471448,0.05849325717810729,-0.009891245290543116,0.05542953090428229,0.13218965606707944,0.1335038679593992,0.20145321785683123,0.5423794136895412,0.0
16.356356356356358,0.21801141691373452,0.10367624757837246,0.5446355991160391,0.05929136844471579,-0.008811154000671742,0.054004564493443555,0.13184544265329723,0.13324919012052927,0.20432453736817424,0.5436542062982485,0.0
16.376376376376378,0.2200471098043309,0.10178464452981845,0.5458285622609793,0.05964815724701006,-0.0076725815962836895,0.05692862021925681,0.13224279581563955,0.1334991403133239,0.20718779049664202,0.5449470146575022,0.0
16.396396396396398,0.2220491559836082,0.10010230896386502,0.5470382901550669,0.0604863947043794,-0.006625422922553445,0.05235793368634717,0.13247976255648442,0.13385144740325472,0.2100428642059029,0.5462577877294414,0.0
16.416416416416418,0.22402204107995266,0.0986442548172229,0.5482735494674903,0.0617629656211688,-0.005653998276876554,0.04857123228365883,0.1326476156095011,0.13391344717580353,0.2128896457825359,0.54758647376699,0.0
16.436436436436438,0.22596991025785895,0.09739345889531448,0.5495377748879728,0.06321127102412451,-0.004883823469531163,0.03850874036706491,0.13274354489064435,0.13408527055856218,0.2157280228404797,0.5489330203158986,0.0
16.456456456456458,0.227896595534874,0.0963342638507534,0.5508349566122964,0.0648590862161765,-0.00427638795553973,0.030371775699348444,0.13215287849562155,0.13363280935894378,0.2185578833254665,0.5502973742168145,0.0
16.476476476476478,0.22980522534132786,0.09543149032269156,0.552149657123826,0.06573502557647924,-0.003733057664024787,0.02716651457550606,0.1319325346497517,0.1334573535061911,0.22137911551945064,0.551679481607382,0.0
16.496496496496498,0.23169824258628088,0.09465086224765182,0.5534760237316764,0.06631833039251885,-0.0032486315241933494,0.02422130699131455,0.1322040742923537,0.1337389543808464,0.2241916080450162,0.5530792879243682,0.0
16.516516516516518,0.23357775373732562,0.09397555755223708,0.5548222596079952,0.06731179381594328,-0.0028190535680999765,0.02147889780439754,0.1323475760997159,0.13395478499150354,0.22699524986977332,0.554496737905816,0.0
16.536536536536538,0.23544562228742305,0.09339342750487149,0.5561936948304956,0.06857176112501952,-0.002359844594531345,0.02296044867814956,0.1311698289398455,0.13365437033787267,0.22978993031074366,0.5559317755932276,0.0
16.556556556556558,0.23730363757733847,0.09290076449577137,0.5575684359343459,0.06873705519251148,-0.0012074649193601318,0.05761898375826581,0.13165155677629006,0.13363475115398846,0.23257553903872913,0.5573843443337724,0.0
16.576576576576578,0.2391535707213354,0.0924966571998461,0.558953333619805,0.06924488427295819,0.0002492365722202615,0.07283507457871917,0.13238748803383624,0.13402936682373023,0.23535196608266606,0.5588543867825233,0.0
16.596596596596598,0.24099997881412566,0.09232040463951402,0.560365144796279,0.07059055882369518,0.0016819766198462862,0.07163700238100096,0.13243807343922062,0.1340948525956809,0.23811910183396956,0.5603418449047219,0.0
16.616616616616618,0.24284856972915675,0.0924295457515538,0.5618055917913682,0.07202234975446514,0.0031447225288883636,0.07313729545180864,0.1325900541970749,0.13403085006242357,0.24087683705085786,0.5618466599780683,0.0
16.636636636636638,0.2447049676788163,0.09281989748297781,0.563275972521543,0.07351903650874121,0.004499654182321841,0.06774658267138953,0.13256958976900302,0.1340507923892581,0.24362506286266622,0.5633687725950399,0.0
16.656656656656658,0.24657490630164566,0.09349693114146772,0.5647762653082744,0.07501463933657078,0.00582368027632463,0.06620130469987073,0.13279732173123202,0.13403927397676718,0.24636367077414567,0.564908122665237,0.0
16.676676676676678,0.24846370645833457,0.09444000783444549,0.5663096528269651,0.07666937593453739,0.006971612692764369,0.05739662082173938,0.13262363507461572,0.1340166003028206,0.2490925526697455,0.566464649417755,0.0
16.696696696696698,0.25037656051216156,0.09564270269135071,0.5678731990686904,0.07817731208626515,0.008088039868631977,0.0558213587931581,0.13267146605989746,0.13383667552255896,0.25181160081788034,0.5680382914035823,0.0
16.716716716716718,0.2523179287835567,0.09706841356975685,0.5694649181253784,0.07958595283439653,0.009053891394594425,0.0482925762979304,0.132627842000841,0.1338579797741976,0.25452070787518544,0.569628986498028,0.0
16.736736736736738,0.25429218770423995,0.0987129460341628,0.5710844461532141,0.08097640139178512,0.009949620579668247,0.044786459253533265,0.13281005992116027,0.13378409119480472,0.2572197668907528,0.5712366719031736,0.0
16.756756756756758,0.25630314173211394,0.10054770139369831,0.572733355283808,0.08244545652969443,0.010592735485250757,0.03215574527900543,0.13261584292925807,0.1337215698013478,0.25990867131035494,0.5728612841503525,0.0
16.776776776776778,0.2583542158562818,0.10255370620839405,0.5744078085597348,0.08372266379634136,0.011168155829452903,0.02877101721002894,0.13275263569642343,0.13360307396740087,0.26258731498064786,0.5745027591026541,0.0
16.796796796796798,0.26044789655818956,0.10468403509538718,0.5761080509681531,0.08501212042091161,0.011528487541276332,0.018016585591136648,0.1324715720624854,0.1334615706475189,0.26525559215336725,0.5761610319574586,0.0
16.816816816816818,0.26258632278618366,0.1069213113997059,0.5778277979434919,0.08598734876694414,0.011851190011772221,0.01613512352480618,0.1326922761667487,0.13338321047130494,0.2679133974894984,0.5778360372489926,0.0
16.836836836836838,0.2647708489495699,0.1092263081693126,0.5795691420346271,0.08706720455675439,0.011994191112111115,0.007150055017004308,0.13249618166908556,0.13335292733948534,0.27056062606343784,0.5795277088509154,0.0
16.856856856856858,0.2670026763037023,0.11159136770661669,0.581328714864721,0.08797864150469925,0.012122538421264413,0.006417365457773481,0.13262625395504912,0.1332172185581168,0.2731971733671343,0.581235979978929,0.0
16.876876876876878,0.2692823278328147,0.1139825764556215,0.5831064262213181,0.0888855678298535,0.012065413139033275,-0.0028562641113984077,0.1325454755593111,0.1332397681388525,0.2758229353142151,0.5829607831934144,0.0
16.896896896896898,0.27161017189468883,0.11639220309370596,0.5849014074235072,0.08974906010944873,0.012045872642331402,-0.000977024834885035,0.13276720724040092,0.133195188117819,0.2784378082440938,0.5847020504020936,0.0
16.916916916916918,0.27398602992295396,0.11879290141325531,0.5867162854695829,0.09074390230378834,0.011832706379551436,-0.01065831313873932,0.13277738671560005,0.13318004501171343,0.2810416889260649,0.5864597128627188,0.0
16.936936936936938,0.2764097018179613,0.12118359475036856,0.5885509877577871,0.09173511441021363,0.011542295153649093,-0.01452056129480744,0.13260466358862127,0.13284286076840116,0.2836344745633784,0.5882337011857864,0.0
16.956956956956958,0.2788802167169313,0.12352574494849926,0.5903979706612454,0.09234914517291803,0.011089084933666789,-0.022660510998754997,0.13272733478840001,0.1328255074745262,0.2862160627972955,0.5900239453372739,0.0
16.976976976976978,0.281396372260855,0.12580777719618472,0.5922588076888031,0.09304185137788577,0.010449200905076894,-0.03199420142908284,0.13270937966599605,0.1327879298088268,0.28878635171113365,0.591830374641408,0.0
16.996996996996998,0.2839563184768491,0.12799731079970317,0.5941326963583081,0.09369443347525086,0.009672337509500903,-0.03884316977833592,0.1326132375658503,0.13272474421929534,0.2913452398342881,0.5936529177834531,0.0
17.017017017017018,0.2865573835146493,0.13005325189001105,0.5960173034922145,0.0942303566953174,0.00893373598742919,-0.0369300761030694,0.1326006301611748,0.13266471129545823,0.29389262614623646,0.5954915028125263,0.0
17.037037037037038,0.2891964615941237,0.13195390397371876,0.5979115837108839,0.09471401093347134,0.008243259088647039,-0.03452384493853747,0.13171195539748382,0.1328065909429465,0.2964284100805294,0.5973460571444389,0.0
17.057057057057058,0.2918704853754339,0.13370118906550935,0.599804500827054,0.09464585580850852,0.008501479170961466,0.012911004116333086,0.13229889340170348,0.13264866800502542,0.2989524915287594,0.5992165075645617,0.0
17.077077077077078,0.2945767417726597,0.13531281986128793,0.601702433642326,0.09489664076359837,0.00918184541917884,0.0340183124115307,0.13259241260309157,0.13254309521514093,0.3014647708445122,0.6011027802307143,0.0
17.097097097097098,0.29731616616957335,0.1369712198456836,0.6036081579616258,0.09528621596499026,0.010083670838624242,0.04509127097299189,0.13264366943681613,0.13221773856639843,0.3039651488473027,0.6030048006760824,0.0
17.117117117117118,0.3000913248222225,0.13875793263245764,0.60551758958968,0.09547158140271035,0.01098656763446572,0.04514483979286721,0.1325600673349183,0.13194264920875956,0.30645352682648846,0.6049224938121549,0.0
17.137137137137138,0.3029056140586292,0.14071446182033498,0.6074253807626864,0.09538955865031744,0.011841861066510454,0.04276467160311183,0.13182431867877892,0.1310155761141969,0.3089298065451672,0.6068557839316906,0.0
17.157157157157158,0.30576222158222716,0.14283037617989905,0.6093068612979349,0.09407402676242704,0.012591043532160007,0.03745912328344806,0.13214387960404975,0.13097175821031853,0.3113938902440561,0.6088045947117058,0.0
17.177177177177178,0.30866445337257636,0.14511158951746125,0.6111660779771825,0.0929608339623796,0.01303042859826592,0.021969253306381345,0.1332654561226646,0.13154652135482628,0.31384568064535034,0.6107688492164883,0.0
17.197197197197198,0.31161549576182435,0.14755211946239946,0.6130281240913014,0.093102305705947,0.012783635463594128,-0.012339656732359032,0.13358561163209312,0.1322949789544208,0.31628508095656216,0.612748469900633,0.0
17.217217217217218,0.31461724207970093,0.15008731589382796,0.614908807519465,0.09403417140818236,0.012238653322918316,-0.02724910703241869,0.13476445847704632,0.13305487260526414,0.31871199487434465,0.6147433786121053,0.0
17.237237237237238,0.3176690082139013,0.15258830671001875,0.6168368605429457,0.09640265117403618,0.01115654853579586,-0.0541052393545792,0.13333744432591083,0.13181635290945645,0.3211263265882918,0.6167534965953247,0.0
17.25725725725726,0.32076805404034814,0.1549522913223403,0.6187728237812533,0.09679816191538108,0.009803361366538988,-0.06765935846111952,0.13339991099805548,0.13199872156338183,0.32352798078472234,0.6187787444942763,0.0
17.27727727727728,0.32391011463376934,0.15710302967105935,0.6207203739208631,0.09737750698048704,0.008343560842805867,-0.07299002618474457,0.1332659023946228,0.13172981677995713,0.3259168626504394,0.6208190423556391,0.0
17.2972972972973,0.3270898108668068,0.15898481165187167,0.6226735979190101,0.09766119990735274,0.006672901339006274,-0.08353297518786595,0.1334945889104454,0.13225439992200322,0.32829287787647843,0.6228743096319482,0.0
17.31731731731732,0.3303014039856099,0.16057965594015827,0.6246437069368186,0.09850545089042123,0.00515273975086895,-0.07600807940455104,0.13407478811664658,0.13249304014221885,0.33065593266182597,0.6249444651847702,0.0
17.33733733733734,0.3335384084023651,0.16185022083775877,0.626642881043018,0.09995870530997268,0.0035005527380230685,-0.08260935063975453,0.1326252662339013,0.1313652707733846,0.3330059337171257,0.6270294272879089,0.0
17.35735735735736,0.3367945444461373,0.1628068021886107,0.6286329741483977,0.09950465526898276,0.0020736700086196862,-0.07134413646741244,0.13329032462457757,0.13183433856426183,0.3353427882683598,0.6291291136306302,0.0
17.37737737737738,0.34006336832251693,0.16344119381898148,0.6306308159765764,0.09989209140893848,0.0007689418815917994,-0.06523640634840316,0.1326975823034106,0.1313673812971904,0.3376664040605122,0.6312434413209129,0.0
17.3973973973974,0.34333919318313205,0.16379124303075696,0.6326207229284131,0.09949534759183504,-0.00024829228254892393,-0.05086170820381339,0.1339375062048523,0.13222093721624972,0.3399766893612094,0.6333723268887198,0.0
17.41741741741742,0.34661693699638263,0.16388719066252852,0.634633716765214,0.10064969184004129,-0.0012807963516029888,-0.05162520344922627,0.13322653796999984,0.13187790438409347,0.34227355296434464,0.6355156862892946,0.0
17.43743743743744,0.3498925792877527,0.16378211456850272,0.6366541837010119,0.10102334678989816,-0.002013612909665152,-0.036640827899403504,0.134729057241704,0.13307979203210427,0.3445569041936744,0.6376734349064768,0.0
17.45745745745746,0.3531619794213536,0.16347000668004535,0.6387221858903163,0.10340010946521914,-0.0026408792226160194,-0.03136331564359461,0.13377270837829316,0.13213137168030517,0.3468266529064025,0.6398454875560466,0.0
17.47747747747748,0.3564222506435198,0.16301356110831022,0.6408094997979383,0.10436569538110325,-0.0031071534040627356,-0.02331370906814932,0.1335217191586013,0.13184247205453722,0.3490827094967362,0.6420317584890842,0.0
17.4974974974975,0.35967092389007604,0.16243366232781326,0.6429081213478774,0.10493107749695424,-0.003414229564560628,-0.015353808020478458,0.1340225820417861,0.13231216956616595,0.35132498489942465,0.6442321613953574,0.0
17.51751751751752,0.3629061506683163,0.16176133891201144,0.6450324238749642,0.10621512635433773,-0.003618386083915101,-0.010207825963094361,0.13445199082376594,0.1324026848259059,0.3535533905932737,0.6464466094067262,0.0
17.53753753753754,0.3661266640868463,0.1610256709265007,0.647190105961954,0.1078841043494924,-0.003949839183751053,-0.016572654986948546,0.1332803075859919,0.12982026015269352,0.35576783860464245,0.6486750151005751,0.0
17.55755755755756,0.36933191358084605,0.16026247469998867,0.6493255487213837,0.10677213797148426,-0.005601148823657356,-0.08256548199018567,0.13337520633945854,0.13096274658425258,0.35796824151091555,0.6509172905032636,0.0
17.57757757757758,0.3725205236578685,0.1594305038511223,0.6514570787538164,0.10657650162163744,-0.007715486704756184,-0.10571689404962771,0.13431680397799872,0.13228796797946665,0.36015451244395325,0.6531733470935973,0.0
17.5975975975976,0.37568583351952417,0.1582654930827836,0.6536182471549908,0.1080584200587211,-0.009973536060820933,-0.11290246779779416,0.13446193120907945,0.13275279310573065,0.36232656509352335,0.6554430958063258,0.0
17.61761761761762,0.3788194203898339,0.15667934351548596,0.65581803438397,0.10998936144895927,-0.01211180410879013,-0.10691340239293858,0.13476441667021796,0.13316499539007853,0.36448431371070594,0.6577264470356559,0.0
17.63763763763764,0.3819122813149104,0.1546430462538254,0.6580669488205169,0.11244572182733995,-0.014089768030328463,-0.09889819607135998,0.134676812916011,0.13326191359021924,0.36662767311128003,0.6600233106387905,0.0
17.65765765765766,0.3849559472500991,0.15218329675943457,0.6603650347237823,0.11490429516327134,-0.015779732648794224,-0.08449823091774157,0.13495083598944158,0.13342814339576134,0.36875655867908685,0.6623335959394876,0.0
17.67767767767768,0.38794251529136137,0.14932840206311399,0.6627187108539873,0.11768380651024746,-0.01731362259861276,-0.07669449748542112,0.13448988742076304,0.13314002777137873,0.37087088636936966,0.66465721173164,0.0
17.6976976976977,0.39086546338530864,0.14614740469736331,0.6651167809984714,0.11990350722420347,-0.018575581746423944,-0.06309795738513935,0.1346502800704906,0.13319924540402328,0.372970572712091,0.6669940662828742,0.0
17.71771771771772,0.3937186983593684,0.1426617487029883,0.6675623975279273,0.12228082647279943,-0.019698127483191784,-0.05612728683309019,0.13426444159527784,0.1329988816717044,0.3750555348152296,0.6693440673381739,0.0
17.73773773773774,0.3964974145430708,0.1389358091851211,0.670046787608327,0.12421950401998211,-0.020579397488693512,-0.04406350026994722,0.134052579560693,0.13273123862798286,0.3771256903680516,0.6717071221235213,0.0
17.75775775775776,0.39919740303324924,0.13499942450892116,0.6725627637870482,0.1257988089360535,-0.021382154250791638,-0.04013783809996388,0.13364897486124816,0.13256770376895702,0.37918095764436105,0.6740831373495608,0.0
17.77777777777778,0.40181534516390505,0.13089710653279035,0.6751018556353018,0.12695459241268403,-0.021898171186992978,-0.025800846805359864,0.13392131305498162,0.13276958130372052,0.38122125550572394,0.6764720192152778,0.0
17.7977977977978,0.40434799213690087,0.12663234864979206,0.677671020544393,0.12845824545456094,-0.022266369962939684,-0.01840993879289262,0.1335316411698904,0.13284469948458966,0.3832465034046751,0.678873673411708,0.0
17.81781781781782,0.4067935015982583,0.12227547306787118,0.6802655554608324,0.12972674582197535,-0.022233572028820817,0.0016398967100806315,0.13278993898655148,0.13211890559329323,0.3852566213878947,0.6812880051256551,0.0
17.83783783783784,0.4091509327125906,0.1178715557166164,0.6828636930076629,0.12990687734152098,-0.021819874339671815,0.020684884461261897,0.13321287968793383,0.13265676325430228,0.38725153009936686,0.6837149190434377,0.0
17.85785785785786,0.41142015529492754,0.11346112911684612,0.6854796665804053,0.1307986786371175,-0.021005663830374492,0.040710525468330816,0.13355331376863167,0.1324725084405677,0.3892311507835115,0.6861543193546495,0.0
17.87787787787788,0.4136027996833647,0.10913221942185883,0.6881158252843216,0.13180793519581346,-0.02027585159929703,0.03649061155698051,0.1326188154273833,0.13192709586032844,0.391195405288294,0.6886061097559437,0.0
17.8978978978979,0.41570260666406866,0.1049903490351982,0.6907503180562407,0.13172463859595207,-0.019411865460405266,0.04319930694731408,0.1329045534143732,0.13205939222868493,0.3931442160683093,0.6910701934548327,0.0
17.91791791791792,0.41772236661849876,0.10098799772150449,0.6933893957588778,0.13195388513186015,-0.018608791616239857,0.04015369221060164,0.1324775678342327,0.1319595447940111,0.39507750618784543,0.6935464731735121,0.0
17.93793793793794,0.4196657156526444,0.09716745170728201,0.6960253222248747,0.1317963232998433,-0.017727991177908367,0.044040021918496146,0.1321461528265768,0.1316975424200819,0.3969951993239178,0.6960348511526975,0.0
17.95795795795796,0.4215360306568716,0.09351575021136124,0.6986493674127493,0.1312022593937297,-0.01680301984322736,0.046248566735553845,0.1324747538323236,0.13214082306771266,0.3988972197692855,0.6985352291554876,0.0
17.97797797797798,0.42333662776213077,0.09002985526295831,0.7012730273572958,0.13118299722732252,-0.015843750052854367,0.04796348951972848,0.132485701262676,0.13215144834382297,0.4007834924354382,0.7010475084712404,0.0
17.997997997998,0.42507117967789554,0.08672759578823819,0.7038966842124037,0.13118284275539452,-0.014920336944234034,0.04617065543166699,0.13238174772000993,0.13212759442201358,0.40265394285556105,0.7035715899194704,0.0
18.01801801801802,0.42674358134645374,0.08362008342790937,0.7065185061591265,0.13109109733614005,-0.014109803428779807,0.040526675772929864,0.1323627003274145,0.13218878396597739,0.40450849718747367,0.7061073738537633,0.0
18.03803803803804,0.428357503755841,0.08069612046936311,0.7091391731144702,0.13103334776718203,-0.013432364048630787,0.033871969007235506,0.13347016254316274,0.1316570196097614,0.4063470822165468,0.7086547601657117,0.0
18.05805805805806,0.4299160998637605,0.07792980539597721,0.7117672591951666,0.13140430403481973,-0.014331927817552319,-0.044978188446735706,0.1324423744543857,0.13169672710315394,0.40816962535859197,0.7112136482888661,0.0
18.07807807807808,0.43142230682958704,0.07531034829132784,0.7143881641324026,0.13104524686179775,-0.016064698025518725,-0.0866385103994368,0.1325063285116173,0.1324882164598527,0.409976054662726,0.7137839372027044,0.0
18.0980980980981,0.43287247549661495,0.07250843335139436,0.7170145109947615,0.131317343117949,-0.018121543196187452,-0.10284225853501644,0.13229919064146073,0.1329362347135332,0.4117662988142137,0.7163655254366217,0.0
18.11811811811812,0.4342598483027444,0.0693686403064721,0.7196497645361851,0.13176267707117711,-0.020119922931915477,-0.09991898678844788,0.13222654590789573,0.1331953876693977,0.413540287137281,0.7189583110739348,0.0
18.13813813813814,0.43557634039948745,0.06582460483715172,0.7222965492445814,0.13233923541981465,-0.021860225222374022,-0.0870151145254397,0.13179222939179808,0.1332040095351751,0.41529794959790634,0.7215621917559061,0.0
18.15815815815816,0.43681428849561654,0.061897404806453324,0.724948409567779,0.1325930161598765,-0.023082459970307806,-0.061111737399667576,0.1317773176950559,0.13315782159762327,0.4170392168065855,0.7241770646857848,0.0
18.17817817817818,0.437966939321434,0.05763254129087182,0.7276042971444248,0.1327943788322879,-0.02389447843137823,-0.0406009230569643,0.13179989783804194,0.13333220759022418,0.41876402002107094,0.7268028266328656,0.0
18.1981981981982,0.43902955401588734,0.05313073472266596,0.7302670214229267,0.13313621392509484,-0.024352088922218462,-0.022880524545924635,0.13113261855613687,0.13329370799114543,0.42047229114908447,0.729439373936562,0.0
18.21821821821822,0.4399992293973098,0.04848376907112148,0.7329260544947209,0.1329516535897152,-0.024005644610384628,0.017322215587299957,0.13040390748697456,0.1320470137254471,0.42216396275100737,0.7320866025105015,0.0
18.23823823823824,0.440874929438578,0.04378500206340971,0.7355520965321152,0.1313021018697101,-0.023334396705427644,0.0335623952429817,0.1301859199063012,0.1323157143612394,0.42383896804254134,0.7347444078466325,0.0
18.25825825825826,0.44165804877905435,0.03915596702381935,0.7381459311896837,0.12969173287842764,-0.022046216387378813,0.0644090158970797,0.13009400494087367,0.13186918194741898,0.42549724089734603,0.7374126850193523,0.0
18.27827827827828,0.44235144728044545,0.03466992506955436,0.7406996454238675,0.12768571170918336,-0.0205198059803295,0.07632052034660362,0.1307300874786274,0.13247041442502622,0.4271387158496476,0.7400913286896453,0.0
18.2982982982983,0.4429597633542136,0.03041580368840654,0.743231678799945,0.1266016688038792,-0.018850618129236635,0.08345939254826319,0.13149881433141408,0.1331388337418062,0.42876332809682627,0.742780233109247,0.0
18.31831831831832,0.44348857820638593,0.026440742608616747,0.7457634445543848,0.12658828772198774,-0.017219967530380104,0.08153252993590701,0.13150058561335315,0.13337566365527748,0.4303710135019719,0.7454792921248143,0.0
18.33833833833834,0.44394442342838547,0.022792261099975626,0.7482986057062783,0.12675805759467404,-0.015524004890277792,0.08479813199761634,0.13124006532800558,0.13315453226562038,0.4319617085964176,0.7481883991821194,0.0
18.35835835835836,0.44433379922988553,0.01946879007500348,0.7508301431315687,0.12657687126452064,-0.013706596839854281,0.0908704025130664,0.1315137279612578,0.13332556142525293,0.43353535058224485,0.7509074473302543,0.0
18.37837837837838,0.44466331533198794,0.016475805105119878,0.753364752817433,0.1267304842932164,-0.011955791663361583,0.0875402588158782,0.13181757346260853,0.13369832116703512,0.4350918773347628,0.7536363292258541,0.0
18.3983983983984,0.4449399867849364,0.013833572647421764,0.7559125618170189,0.12739044997929935,-0.010254292686696788,0.08507494882378609,0.13196137696602395,0.13381514405409012,0.43663122740495997,0.7563749371373336,0.0
18.41841841841842,0.44517067320966297,0.011534321236328611,0.7584775193509595,0.12824787669703072,-0.00865727655819471,0.07985080641490189,0.13224173244915896,0.13404750613821703,0.438153340021932,0.7591231629491427,0.0
18.43843843843844,0.4453620101689498,0.009566847964341067,0.7610672952327742,0.12948879409073358,-0.0072294889419293835,0.07138938080225858,0.1319516819492567,0.13397890885067024,0.4396581550952782,0.7618808981660307,0.0
18.45845845845846,0.4455203934484047,0.007919163972746666,0.7636766359341166,0.13046703506712043,-0.005872372591579367,0.06785581750559623,0.13189843819830843,0.13387030746223819,0.44114561321747664,0.7646480339173337,0.0
18.47847847847848,0.4456514608165211,0.006553368405820622,0.766303188493506,0.131327627969467,-0.004629446945233382,0.06214628230442528,0.1321053612988081,0.13403986327745077,0.4426156556662275,0.7674244609612707,0.0
18.4984984984985,0.4457605393338295,0.005453925865418383,0.768952565284142,0.13246883953180394,-0.0035608591899001056,0.05342938775273238,0.1323087412450349,0.13438032406882405,0.4440682244067723,0.7702100696892562,0.0
18.51851851851852,0.4458525354528491,0.0045998059509798,0.7716328488526304,0.13401417842441987,-0.0026268103205517456,0.04670244345230419,0.13204995486429283,0.13408207310577344,0.4455032620941839,0.7730047501302265,0.0
18.53853853853854,0.4459317045330153,0.003958454008310141,0.774335804135619,0.1351477641494302,-0.001871179460476575,0.037781542987347795,0.1312841274177841,0.1342552997139305,0.4469207120756318,0.7758083919549836,0.0
18.55855855855856,0.44600171988135456,0.003500767416962856,0.7770526632852733,0.13584295748271707,-0.0005006459862909235,0.06852667369133938,0.13165675754468684,0.13428070631383585,0.4483205183926179,0.7786208844805491,0.0
18.57857857857858,0.44606558009194036,0.003193010529289836,0.7797893298169971,0.1368333265861865,0.001145310031785977,0.08229780088426533,0.13197336361474366,0.13429263112337306,0.44970262578318543,0.7814421166745333,0.0
18.5985985985986,0.44612866410364954,0.003154200585457841,0.782550677257828,0.1380673720415421,0.002843992300916332,0.08493411343519017,0.13220887696558095,0.13438370464061722,0.4510669796841014,0.7842719771595206,0.0
18.61861861861862,0.446197406438131,0.0034371167240736127,0.785341541835733,0.13954322889525084,0.004569738699873077,0.086287319924629,0.13229243611296826,0.13432773639903034,0.45241352623300984,0.7871103542174639,0.0
18.63863863863864,0.4462785546163157,0.004057408909235072,0.7881623189211533,0.14103885427101584,0.006148183277801836,0.07892222887116179,0.13230542113646276,0.13429142163946722,0.4537422122705585,0.7899571357940969,0.0
18.65865865865866,0.4463788699115468,0.005015764761554475,0.7910126376239095,0.14251593513781255,0.007615095872744997,0.0733456297196237,0.13231872687916163,0.13422384245087285,0.4550529853424978,0.7928122095033578,0.0
18.67867867867868,0.446504571055781,0.006285057211711045,0.7938916604994857,0.14395114377881094,0.008915534199514902,0.06502191630848256,0.13229517110175815,0.1341656122081748,0.45634579370175143,0.7956754626318255,0.0
18.6986986986987,0.44666139378064096,0.007841136242996392,0.796798136076596,0.14532377885551712,0.010088205578291775,0.058633568906119635,0.13219795382501465,0.13400265981562368,0.45762058631045877,0.7985467821431685,0.0
18.71871871871872,0.44685437920713256,0.009649271324580223,0.7997281677128822,0.14650158181431008,0.011163561841434924,0.05376781312149136,0.13232489951296017,0.13400658460660833,0.45887731284199046,0.8014260546826094,0.0
18.73873873873874,0.4470881319370277,0.011687636494755188,0.8026836501891564,0.14777412381371055,0.012098329423812405,0.04673837908002835,0.13226860716890704,0.133928716827821,0.46011592368293497,0.8043131665813983,0.0
18.75875875875876,0.44736684165381263,0.013935485839247625,0.8056625509873131,0.14894503990783392,0.012917544796278473,0.04096076858098459,0.13214925532742183,0.13373145779734763,0.4613363699350575,0.8072080038613019,0.0
18.77877877877878,0.447694108009816,0.016363317800170685,0.8086601370437242,0.14987930282055628,0.013599767197215748,0.03411112000077788,0.13204849649583691,0.13359565973208035,0.462538603417229,0.8101104522390994,0.0
18.7987987987988,0.4480730605075434,0.018947624886370175,0.8116728637437457,0.15063633500107557,0.01419259962361057,0.029641621269580067,0.13220935651998317,0.1335822109078391,0.46372257666733074,0.8130203971311001,0.0
18.81881881881882,0.44850631802997054,0.021662876121356194,0.8147028791583868,0.15150077073205728,0.014701057886467472,0.0254229130884156,0.13215720552199584,0.13348527206398875,0.46488824294412573,0.815937723657661,0.0
18.83883883883884,0.44899612744395656,0.02449047069929971,0.8177479423339278,0.1522531587770518,0.015172773698435529,0.023585790539416278,0.1321852346512347,0.133322315470234,0.4660355562291054,0.818862316647727,0.0
18.85885885885886,0.44954439837171983,0.027413546388164897,0.8208060256537337,0.15290416599029744,0.015548302566196076,0.01877644332429867,0.13209770828919837,0.13312829459955386,0.4671644712283059,0.8217940606433743,0.0
18.87887887887888,0.4501528262979132,0.030421396309668332,0.8238729308138492,0.1533452580057725,0.01589143315380321,0.01715652931172665,0.1321961408966314,0.1330463455323379,0.46827494337409614,0.8247328399043704,0.0
18.8988988988989,0.4508228612061111,0.03350174540989473,0.8269488793209051,0.15379742535279914,0.01610104627179165,0.010480655825717736,0.13208758489715364,0.13278786486738195,0.4693669288269369,0.8276785384127412,0.0
18.91891891891892,0.45155567876216424,0.03664087780265816,0.8300284130864419,0.15397668827684388,0.01619147624151384,0.004521498407262942,0.13217855479679513,0.13266238686583465,0.4704403844771129,0.8306310398773546,0.0
18.93893893893894,0.45235203794874757,0.03981795932916713,0.8331110077886112,0.1541297351084669,0.016075428923533877,-0.005802365982992281,0.13215599892505686,0.13260036730570438,0.4714952679464323,0.8335902277385069,0.0
18.95895895895896,0.4532122081909684,0.04300851211104253,0.8361954048937039,0.1542198552546334,0.015823646372328574,-0.012589127649508425,0.13230467576697444,0.13260440191358933,0.4725315375899024,0.8365559851725288,0.0
18.97897897897898,0.45413569866411035,0.04617452365709655,0.8392838738444582,0.15442344753771498,0.015434831969282563,-0.019440720246703912,0.13231106882470617,0.13244378541680357,0.47354915249737206,0.8395281950963951,0.0
18.998998998999,0.45512140959088754,0.04928554633885859,0.8423741458949275,0.15451360252346377,0.01489637046735125,-0.026923075195915785,0.1324255812829003,0.13217954266114773,0.4745480724951473,0.8425067401723476,0.0
19.01901901901902,0.4561676857878381,0.05231380984752932,0.845464026917011,0.15449405110416928,0.01406041938629149,-0.0417975541566101,0.1322990723780647,0.13209106474069643,0.47552825814757677,0.8454915028125262,0.0
19.03903903903904,0.4572723124298844,0.05523133210231625,0.8485503642845406,0.15431686837648134,0.01304967302515738,-0.05053731816449307,0.13119606514522833,0.13231819148140542,0.4764896707586093,0.8484823651836128,0.0
19.05905905905906,0.45843178331843476,0.05797354442751653,0.8516202306782175,0.15349331968384547,0.013009656438710555,-0.0020008294362290277,0.13171250636474352,0.13212538713068964,0.4774322723733215,0.8514792092114825,0.0
19.07907907907908,0.459642095340609,0.06051560110871387,0.8546784737948483,0.15291215583154244,0.013570613165659441,0.02804783622911338,0.1320177683201447,0.1317646579694763,0.47835602577941516,0.8544819165858638,0.0
19.0990990990991,0.4609030080344655,0.06304563469282391,0.8577242740055335,0.15229001053425995,0.014321661660693125,0.03755242463060718,0.1316661398338182,0.1310300766249545,0.4792608945086879,0.857490368765012,0.0
19.11911911911912,0.46221642167531485,0.06567068204246695,0.8607415116613204,0.1508618827893428,0.015079115866661785,0.0378727101760015,0.13171083398654618,0.13021513571273685,0.4801468428384716,0.8605044469803856,0.0
19.13913913913914,0.46358503901900344,0.06843086718442984,0.8637187361071127,0.14886122228961424,0.015250816427524409,0.00858502792187383,0.13267117742319381,0.13136132782018492,0.48101383579304297,0.8635240322413374,0.0
19.15915915915916,0.46501219098047636,0.07135759807364535,0.8666871085228987,0.14841862078929544,0.015118401029441198,-0.006620770023698342,0.13349892576810624,0.13168267709457007,0.4818618391450048,0.866549005339812,0.0
19.17917917917918,0.4664987278136296,0.07432684165766136,0.8696636404126493,0.14882659448753108,0.0144145387952299,-0.035193111826095316,0.13273553534361815,0.1315234691088018,0.48269081941663694,0.8695792468550516,0.0
19.1991991991992,0.4680438637758028,0.07725679810865911,0.872634673112635,0.14855163499928084,0.01372449336962896,-0.03450227139203851,0.1323915562203422,0.13049637373836848,0.4835007438812175,0.8726146371583088,0.0
19.21921921921922,0.46964449987801066,0.08003180511039208,0.8755799372070857,0.1472632047225344,0.012590833952768605,-0.05668297094863613,0.13199938170320766,0.1308614824543003,0.4842915805643155,0.8756550564175724,0.0
19.23923923923924,0.47129788672774287,0.08266934248661037,0.8784990695691581,0.14595661810361907,0.011718717809988139,-0.04360580723925724,0.133725398463512,0.13213083327952255,0.4850632982450528,0.8787003846022958,0.0
19.25925925925926,0.47300009328351234,0.08511032778847245,0.881436500583474,0.14687155071579439,0.010874467704221315,-0.04221250538068755,0.13102480571731748,0.12932350239429957,0.48581586645733704,0.8817505014881378,0.0
19.27927927927928,0.47474668888143495,0.08732977989613018,0.8843106787339999,0.1437089075262963,0.01004467321022482,-0.04148972478299916,0.13331048374838209,0.1317261586359406,0.48654925549106326,0.8848052866617047,0.0
19.2992992992993,0.4765350992709489,0.08942051947569785,0.8871910935021458,0.14402073840729337,0.00945269599982277,-0.029598860593334327,0.13184791281165725,0.12969880442502246,0.4872634363932886,0.8878646195253097,0.0
19.31931931931932,0.47836149502574415,0.09131978773976375,0.8900260789797398,0.1417492738797062,0.008740782612464585,-0.035595669428564486,0.13283271276350145,0.13082556783337268,0.4879583809693737,0.8909283793017287,0.0
19.33933933933934,0.48022379440153296,0.0931149687894387,0.8928469385502563,0.1410429785258226,0.008171419174685897,-0.028468171936495063,0.13218001196213422,0.1302712280619551,0.4886340617840967,0.8939964450389726,0.0
19.35935935935936,0.4821190717132646,0.09476386558658352,0.8956358161098091,0.139443877977639,0.007809430093732286,-0.0180994540823371,0.13404825479164506,0.1314182302255374,0.489290452162736,0.897068695615059,0.0
19.37937937937938,0.48404542137261114,0.09631748296732635,0.8984373991829504,0.14007915365706544,0.0071815291895844235,-0.031395045226579134,0.1327729293685294,0.12994438130250283,0.48992752619212343,0.9001450097427964,0.0
19.3993993993994,0.48600109752069987,0.09778380740443626,0.9012109718782003,0.13867863476249437,0.006141920032232095,-0.051980457871082825,0.13343974246881082,0.13081093228077498,0.490545258721667,0.9032252659745696,0.0
19.41941941941942,0.4879837668115041,0.09913346454021299,0.9039792684323488,0.13841482770742514,0.004947693451553844,-0.05971132902262861,0.13292828764570955,0.12966023081926567,0.4911436253643444,0.906309342707138,0.0
19.43943943943944,0.489989186211748,0.10027097001219287,0.9067176918845736,0.13692117261124123,0.003131783907912765,-0.09079547715513941,0.13555954252765906,0.1330068917558925,0.49172260249766486,0.9093971181864315,0.0
19.45945945945946,0.4920131603738628,0.10119870810573964,0.9095148286265416,0.13985683709840063,0.001251243595216163,-0.09402701559578333,0.13543637733238878,0.13268554811702243,0.4922821672646027,0.912488470512362,0.0
19.47947947947948,0.4940483784897267,0.10176090579319569,0.9123641225618074,0.14246469676329124,-0.0007320526602419916,-0.09916481272263065,0.13524022101048055,0.1320433351999713,0.49282229757449897,0.9155832776436329,0.0
19.4994994994995,0.4960873320112995,0.10194767607863961,0.9152531697853142,0.14445236117534202,-0.0031275761975750635,-0.1197761768062243,0.13390299170029257,0.13193441266319406,0.4933429721039341,0.9186814174025583,0.0
19.51951951951952,0.4981222047867784,0.10174363877394464,0.9181605478697009,0.14536890421933538,-0.004983897180061477,-0.09281604905895742,0.13318380977665742,0.1304841568369436,0.49384417029756883,0.9217827674798844,0.0
19.53953953953954,0.5001436487186651,0.10107219659433565,0.9210540989470887,0.14467755386939044,-0.006853891380253848,-0.09349970994054145,0.13603107713802834,0.13231169671739132,0.494325872368957,0.9248872054396211,0.0
19.55955955955956,0.5021440588335028,0.10002050574188169,0.9240030491522692,0.147447510259026,-0.009531082267208807,-0.1338595442764903,0.13564349450661126,0.13250989750763506,0.49478805930132547,0.9279946087238738,0.0
19.57957957957958,0.5041160454007285,0.09859932836128933,0.9270045488930574,0.15007498703940894,-0.01258440123573265,-0.15266594835707864,0.13547532894755362,0.13278193408543,0.4952307128483256,0.9311048546576807,0.0
19.5995995995996,0.5060489773849786,0.09664659921250413,0.9300600497990912,0.15277504530169053,-0.01568836428441966,-0.15519815237120382,0.13554127647519934,0.1330959263203804,0.4956538155347533,0.9342178204538587,0.0
19.61961961961962,0.5079306303445467,0.09408264797840767,0.9331750459851406,0.15574980930246646,-0.018601885852006006,-0.14567607832546736,0.13524841279402638,0.13302255985653277,0.49605735065723894,0.9373333832178481,0.0
19.63963963963964,0.5097487764808211,0.09090730681372218,0.9363439378636573,0.15844459392583926,-0.021212423590877695,-0.13052688690208541,0.13544020114894012,0.1331800287039122,0.49644130228490685,0.9404514199525652,0.0
19.65965965965966,0.5114917677329515,0.0871495626065223,0.9395717001988196,0.1613881167581154,-0.023587188493519106,-0.11873824510544734,0.13461966483348556,0.13275516314788594,0.4968056552600042,0.943571807563259,0.0
19.67967967967968,0.5131496278359314,0.08289300514899899,0.9428396799459129,0.16339898735466174,-0.025437235466502606,-0.0925023486395046,0.1351071279696724,0.13304372471441597,0.49715039519849946,0.9466944228623702,0.0
19.6996996996997,0.5147127415855256,0.07815568747970715,0.9461591598786204,0.16597399663537757,-0.027024290616087337,-0.07935275748789003,0.13418563213067178,0.13233545432169527,0.4974755084906501,0.9498191425743925,0.0
19.71971971971972,0.5161744023867628,0.07308304006186367,0.9495058229884735,0.16733315549265596,-0.02821956485370103,-0.05976371190827591,0.1344913433584517,0.13246048097149907,0.49778098230154,0.9529458433407425,0.0
19.73973973973974,0.5175282178050319,0.06769077091345534,0.9528858838931087,0.16900304523175763,-0.02924203888988344,-0.05112370185535756,0.13355610337603557,0.13177024894077538,0.4980668045715862,0.9560744017246279,0.0
19.75975975975976,0.5187702074193806,0.062099480717434215,0.9562751405578721,0.1694628332381732,-0.030009547499411864,-0.038375430540172305,0.13404817483280118,0.13224296112213754,0.49833296401701493,0.9592046942159215,0.0
19.77977977977978,0.5198959594818204,0.056287603121989487,0.9596877645070552,0.17063119745915348,-0.03057510209095103,-0.02827772965588846,0.1335420618372821,0.13180335511439809,0.49857945013030697,0.9623365972360336,0.0
19.7997997997998,0.5209029171975553,0.05034788578674692,0.9631096617073867,0.17109486001657245,-0.030970959203149774,-0.019792855700759455,0.13330528338029285,0.1314989249398105,0.4988062531806126,0.9654699871427973,0.0
19.81981981981982,0.521789167449537,0.04431251259907958,0.9665327506644584,0.1711544478535893,-0.031364499412065976,-0.019677010543918266,0.13252108150597036,0.1310196265788231,0.4990133642141358,0.9686047402353434,0.0
19.83983983983984,0.5225537959165908,0.03823142335269406,0.9699382740512971,0.1702761693419306,-0.031615259472912854,-0.012538003143278763,0.13184764155823436,0.13059798291305677,0.4992007750544875,0.9717407327589876,0.0
19.85985985985986,0.5231958444006936,0.03210242420514078,0.9733099685045659,0.16858472266344227,-0.03164576414250293,-0.0015252335786801081,0.1334659567211231,0.1323813886136343,0.49936847830300873,0.9748778409101149,0.0
19.87987987987988,0.5237127835974579,0.025846959838215035,0.9766981740082522,0.16941027518431523,-0.03139140731310327,0.012717841378149006,0.13261130021070153,0.13202504859288355,0.49951646733906235,0.9780159408410675,0.0
19.8998998998999,0.5241051875535802,0.019620197806113793,0.9800849550561322,0.16933905239400082,-0.03068775884681344,0.035182423229992946,0.13173639710462087,0.13131279589445027,0.4996447363202946,0.9811549086650324,0.0
19.91991991991992,0.5243748900881492,0.013485126728451568,0.9834468412388611,0.16809430913644158,-0.029588830158341874,0.05494643434769673,0.13130658466787978,0.13256420925967488,0.4997532801828658,0.9842946204609363,0.0
19.93993993993994,0.5245242868879659,0.007469839990838073,0.9867960837922211,0.16746212766800117,-0.02680087499218015,0.13939775822010908,0.13304728582079797,0.1316970313526126,0.49984209464164997,0.9874349522783314,0.0
19.95995995995996,0.5245573889580779,0.0016551035056015422,0.9901457475891554,0.16748318984671584,-0.02459795413355087,0.11014604287233815,0.13037221512612795,0.1300400779286829,0.4999111761904045,0.990575780142296,0.0
19.97997997997998,0.5244868428164149,-0.0035273070831489065,0.9934319858049316,0.16431191078881,-0.022156827501068024,0.1220563315824382,0.13278886390922495,0.13147430847397668,0.49996052210190806,0.9937169800583235,0.0
20.0,0.5243198267043386,-0.008350805603813035,0.9967120496347979,0.1640031914933108,-0.02042545415561278,0.08656866727391427,0.1307031511626832,0.13065790585898343,0.49999013042806856,0.9968584280172206,0.0
