time,x,x_dot,z,z_dot,theta,theta_dot,u1,u2,x_ref,z_ref,theta_ref
0.0,0.4424411962704168,-0.0038572327842251973,0.4568692881801011,-0.005547629500195581,0.17172253241152527,-0.005665839105459019,0.2966828857953004,0.2959801025474579,0.5,1.0,0.0
0.02002002002002002,0.4438644033200419,0.07116035248125469,0.46148938791085015,0.2310049865374521,0.17105210830743733,-0.03352120520439762,0.29668288588443464,0.2740908710202316,0.49999013042806856,1.0031415719827794,0.0
0.04004004004004004,0.4467326077222283,0.14341022010931825,0.47052102467262313,0.4515818380886486,0.1522603916336824,-0.9395858336877471,0.29668288667212156,0.2827301904587148,0.49996052210190806,1.0062830199416763,0.0
0.06006006006006006,0.4510620954879386,0.21647438828551513,0.48409128739093066,0.6785131359153764,0.12218214413265631,-1.503912375051305,0.296682886431765,0.2905016242173774,0.4999111761904045,1.0094242198577041,0.0
0.08008008008008008,0.45671123227735544,0.28245683947084455,0.5023399387638895,0.9124325686479439,0.0869340914133573,-1.762402635964951,0.296682886658127,0.29551035969190975,0.49984209464164997,1.0125650477216688,0.0
0.10010010010010009,0.46342990816059854,0.33593379416215413,0.5253764193394062,1.1518240287758328,0.050485373559562896,-1.8224358926897202,0.29051515292018215,0.2925009444079339,0.4997532801828658,1.0157053795390643,0.0
0.12012012012012012,0.47089887903775485,0.37344854385781506,0.5530975577197149,1.3860569190154397,0.015252653554645853,-1.7616360002458524,0.21453253506945505,0.21906326815728655,0.4996447363202946,1.0188450913349674,0.0
0.14014014014014015,0.4786924478355235,0.38967843988843304,0.5833141531660277,1.5108297723156416,-0.016822508911589946,-1.6037581233117897,0.1803778386115551,0.1849172310586195,0.49951646733906235,1.0219840591589324,0.0
0.16016016016016016,0.4865690624022845,0.39383072833804883,0.6150218979270525,1.5853872380512406,-0.04583611164194018,-1.4506801365175113,0.14650196047061415,0.1513490108856881,0.49936847830300873,1.0251221590898847,0.0
0.18018018018018017,0.4943720233740125,0.3901480485864004,0.647221625309017,1.6099863690982188,-0.07165456385048247,-1.2909226104271152,0.12979466994646438,0.13448580223380838,0.4992007750544875,1.0282592672410122,0.0
0.20020020020020018,0.5019962037341359,0.38120901800617124,0.6794125067779176,1.6095440734450341,-0.09449167894212748,-1.1418557545822492,0.11548895057468427,0.12012333754273853,0.4990133642141358,1.0313952597646567,0.0
0.22022022022022023,0.5093711959866148,0.36874961262394573,0.711164983591586,1.5876238406834162,-0.11455508780331017,-1.0031704430591362,0.10694739082891579,0.11147118768750745,0.4988062531806126,1.0345300128572028,0.0
0.24024024024024024,0.5164416450987246,0.3535224556054888,0.7422188560987978,1.552693625360589,-0.1320441199875026,-0.8744516092096232,0.09997565562899235,0.10442127581312674,0.49857945013030697,1.0376634027639664,0.0
0.2602602602602603,0.5231668024056151,0.3362578653445268,0.7723609843162482,1.507106410872524,-0.14717182898943598,-0.7563854500966665,0.0950860870374763,0.09947139137813367,0.49833296401701493,1.0407953057840789,0.0
0.2802802802802803,0.5295133510195611,0.3173274306972994,0.8014403543615668,1.4539685022659294,-0.16010460300286075,-0.6466387006712389,0.09118851245001458,0.09552961595954627,0.49806680457158625,1.0439255982753717,0.0
0.3003003003003003,0.535455208974767,0.2970928977602922,0.8293360156743619,1.3947830656397533,-0.1710288310664947,-0.5462114031816973,0.08821765407594176,0.09254619278781066,0.49778098230154,1.047054156659257,0.0
0.3203203203203203,0.5409711045635491,0.2757947794391108,0.8559554101432545,1.3309697234446325,-0.18003487030146043,-0.4503019617482867,0.08588355157898825,0.09018152275558089,0.4974755084906501,1.0501808574256075,0.0
0.34034034034034033,0.5460440631477154,0.2536479292083119,0.8812251204272425,1.2634855141994024,-0.18725024636366966,-0.36076880311046144,0.08409406832074744,0.08836967212791401,0.49715039519849946,1.05330557713763,0.0
0.36036036036036034,0.5506605097714474,0.23082233118660372,0.9050885534743809,1.1931716523569174,-0.19274395945245384,-0.2746856544392086,0.08277668239384682,0.08700634552746168,0.4968056552600042,1.056428192436741,0.0
0.38038038038038036,0.554809796323497,0.20746432760247968,0.927503322713812,1.1207384619715532,-0.1967456174513474,-0.20008289994467537,0.08185691044347178,0.08612157667521682,0.49644130228490685,1.059548580047435,0.0
0.40040040040040037,0.558483505540941,0.1836854608721958,0.9484405795808406,1.0468628433514313,-0.1993303064237925,-0.12923444862226202,0.08138915437457285,0.0856824938336318,0.49605735065723894,1.0626666167821521,0.0
0.42042042042042044,0.5616745097902318,0.15955021246454118,0.9678852214958314,0.972232095749544,-0.2005499792981594,-0.06098364371834118,0.08134800182471016,0.08565038619278366,0.4956538155347533,1.0657821795461413,0.0
0.44044044044044045,0.5643767737169528,0.13511319633604812,0.9858349259393573,0.8974852221762903,-0.20048116319617826,0.003440805099058461,0.08170439720933222,0.086012215772413,0.4952307128483256,1.068895145342319,0.0
0.46046046046046046,0.5665852369250669,0.11042316040570423,1.0022995207041017,0.8232297382372149,-0.19919114160664278,0.06450107947677568,0.0824339459017499,0.0867388698283155,0.49478805930132547,1.072005391276126,0.0
0.4804804804804805,0.5682957897076925,0.08552763913127878,1.017300181124455,0.7500330210176693,-0.1967558755937524,0.12176330064451618,0.08352214713349533,0.0878216009920727,0.49432587236895703,1.0751127945603784,0.0
0.5005005005005005,0.5695052741046176,0.0604742198462592,1.030869075027294,0.6784446951419465,-0.19328741984377976,0.17342278749863088,0.08493031821847978,0.08924569055469911,0.4938441702975689,1.0782172325201154,0.0
0.5205205205205206,0.5702115136721778,0.03531197837801304,1.0430485681038433,0.6089746538274691,-0.188735880834684,0.22757695045478746,0.08676360845441497,0.09101365985344095,0.493342972103934,1.0813185825974418,0.0
0.5405405405405406,0.570413017273519,0.01007518006706112,1.0538927532206515,0.5422092558404136,-0.18313475792604783,0.28005614543181007,0.08890816169119743,0.09305646179714773,0.492822297574499,1.084416722356367,0.0
0.5605605605605606,0.5701099582689626,-0.01515295022782253,1.0634648395283293,0.47860431538389453,-0.17667660707206784,0.3229075426990021,0.09124275458161514,0.09535316228907639,0.49228216726460267,1.087511529487638,0.0
0.5805805805805806,0.5693046719772027,-0.04026431458799362,1.0718350827808267,0.4185121626248789,-0.16939631607056718,0.3640145500750348,0.09390520197991277,0.0979458095164933,0.49172260249766486,1.0906028818135687,0.0
0.6006006006006006,0.5680009927248071,-0.06518396261977974,1.0790833188277722,0.3624118023472749,-0.16127217207031425,0.40620720001264354,0.09687415380824034,0.1007712801763485,0.49114362536434436,1.0936906572928624,0.0
0.6206206206206206,0.5662048089393203,-0.08980918927433768,1.0852977249420204,0.31072030571241316,-0.15238780517838704,0.44421834459636034,0.10002339390333238,0.10376418068910354,0.49054525872166704,1.0967747340254301,0.0
0.6406406406406406,0.563924962563356,-0.11399231879821564,1.0905720301253075,0.2637152591643591,-0.14286016901530896,0.4763818081539024,0.10331475523812599,0.10690755779799127,0.48992752619212343,1.0998549902572035,0.0
0.6606606606606606,0.5611734235876817,-0.13757694878371554,1.095004648451058,0.2216309162875267,-0.13270882287831567,0.5075673068496648,0.10680444818611808,0.11019417638055848,0.48929045216273603,1.1029313043849407,0.0
0.6806806806806807,0.5579652041928256,-0.16041096974280625,1.098699311556101,0.1847331552521477,-0.1220105401511943,0.5349141363560685,0.11037853311607147,0.11354221327654986,0.48863406178409674,1.1060035549610272,0.0
0.7007007007007007,0.5543190526945913,-0.18230757491171834,1.1017621499756873,0.15314192097931628,-0.11093783352531944,0.5536353312937431,0.11390311176180296,0.11688102721007083,0.4879583809693737,1.1090716206982714,0.0
0.7207207207207207,0.5502577354039936,-0.2030658645298813,1.1042985954556879,0.12682227400002943,-0.09951633796543581,0.5710747779941815,0.1174809716882982,0.12022133410596826,0.48726343639328856,1.1121353804746905,0.0
0.7407407407407407,0.5458074909949238,-0.22251222045349137,1.1064149087889608,0.10581566666364131,-0.08790750487718449,0.5804416544125658,0.1208917957163157,0.12343014055347772,0.48654925549106326,1.1151947133382953,0.0
0.7607607607607607,0.5409984740558704,-0.2404508469526665,1.1082128978713004,0.08989945411697767,-0.07606261591776273,0.5922444479710886,0.12433172789175781,0.12656858724607933,0.485815866457337,1.1182494985118623,0.0
0.7807807807807807,0.5358639109264419,-0.25672815647142705,1.109793575759641,0.07903389441703727,-0.06411464203313721,0.597398694231277,0.12755302057669182,0.1295026523068002,0.4850632982450529,1.1212996153977037,0.0
0.8008008008008007,0.5304407371150887,-0.2711586905676621,1.1112514748443947,0.07289495423767592,-0.05226408905068984,0.5925276491223678,0.13044688154257367,0.13217637006707894,0.48429158056431554,1.1243449435824273,0.0
0.8208208208208209,0.5247689780718036,-0.28358795216425214,1.112672094750699,0.07103099531521405,-0.04052099345388678,0.5871547798401544,0.13314631811772878,0.13460488243183338,0.4835007438812175,1.127385362841691,0.0
0.8408408408408409,0.5188906177012924,-0.2939180185255576,1.1141339827739503,0.0730944011625685,-0.028940392486754778,0.5790300483565998,0.13557193131118825,0.13673738312063494,0.48269081941663694,1.1304207531449484,0.0
0.8608608608608609,0.5128494189041554,-0.30205993985685026,1.1157067713269233,0.07863942764865041,-0.01768903553023377,0.5625678478260503,0.1375850930512679,0.13851477540860066,0.48186183914500486,1.1334509946601878,0.0
0.8808808808808809,0.5066903568092823,-0.30795310474365023,1.117448215484572,0.0870722078824358,-0.0067634839883009236,0.5462775770966425,0.13931869779928707,0.139965295011632,0.48101383579304297,1.1364759677586627,0.0
0.9009009009009009,0.5004585460947096,-0.3115905357286318,1.119406552971011,0.09791687432195903,0.0037382631067419615,0.5250873547521443,0.14066728502196404,0.14105242146738714,0.48014684283847153,1.1394955530196147,0.0
0.9209209209209209,0.4941988703069199,-0.3129837893894874,1.1216184202784871,0.11059336537379602,0.013764525621364722,0.501313125731138,0.14166131859300535,0.1417833583880016,0.4792608945086879,1.142509631234988,0.0
0.9409409409409409,0.48795518179213515,-0.3121844257392371,1.1241094386447594,0.1245509183136146,0.023261827197365904,0.4748650788000589,0.14229613784249398,0.14215977925363601,0.4783560257794152,1.1455180834141359,0.0
0.960960960960961,0.48176969764060745,-0.3092742075763844,1.126894219539988,0.1392390447614255,0.032215903026111256,0.44770379143726735,0.1426135414604761,0.142202568356696,0.4774322723733215,1.1485207907885175,0.0
0.980980980980981,0.47568250590716576,-0.304359586672085,1.1299773567981557,0.1541568629083869,0.04051948253167974,0.4151789752784244,0.14255124444566292,0.14191694330126206,0.47648967075860943,1.151517634816387,0.0
1.001001001001001,0.4697311543934959,-0.2975675756834947,1.1333526508090688,0.16876470054565682,0.04810900011193496,0.37947587901276125,0.1421413839494347,0.14131655898313852,0.47552825814757677,1.1545084971874737,0.0
1.021021021021021,0.46394991985702666,-0.2890617268234611,1.1370038748956601,0.1825612043295633,0.05502347603581711,0.34572379619410754,0.14149008558979054,0.1404454387859995,0.4745480724951473,1.1574932598276524,0.0
1.0410410410410411,0.45836949844989566,-0.2790210703565507,1.1409070889202044,0.19516070122721363,0.061216553618930504,0.3096538791556696,0.14059766687248623,0.13936322364724715,0.47354915249737217,1.1604718049036047,0.0
1.0610610610610611,0.45301701287984625,-0.26762427850246956,1.1450315947229588,0.20622529013771337,0.06678003061060814,0.27817384958388186,0.13957955636267821,0.1380979643875435,0.4725315375899024,1.1634440148274712,0.0
1.0810810810810811,0.4479159595719885,-0.255052665392888,1.149342135927449,0.21552706022450424,0.07168720032373767,0.24535848565647628,0.13843333916114559,0.1367247855099443,0.4714952679464322,1.1664097722614932,0.0
1.1011011011011012,0.4430865907500517,-0.24146844109683868,1.1538000076333872,0.22289358529691486,0.07597332680500235,0.21430632406323472,0.13720750721276073,0.13525536225606438,0.4704403844771127,1.1693689601226458,0.0
1.1211211211211212,0.43854595341918956,-0.22703186654310747,1.1583639988718468,0.2281995619229839,0.0795548448497959,0.17907590223967737,0.13588938058223188,0.1337588171162434,0.46936692882693704,1.1723214615872586,0.0
1.1411411411411412,0.43430809055056163,-0.2118931434313967,1.1629912549172088,0.23136280226809366,0.08239477887767996,0.14199670139420226,0.1345117352037858,0.13224617814334075,0.46827494337409614,1.1752671600956295,0.0
1.1611611611611612,0.43038379313182573,-0.1962148709367946,1.167637980690131,0.23233628864610537,0.08454666006321411,0.10759405927670851,0.13315543213285877,0.13074322433098898,0.467164471228306,1.1782059393566253,0.0
1.1811811811811812,0.4267806904439178,-0.1801551343953963,1.1722610527207633,0.2311536015316212,0.08605760619762148,0.07554730672036875,0.1318788860210924,0.1293121973885215,0.4660355562291055,1.1811376833522729,0.0
1.2012012012012012,0.42350371006905263,-0.16384901874325833,1.176819800668919,0.22793739740778413,0.08696473767296704,0.04535657376727785,0.1307139819438357,0.12799140255194438,0.46488824294412573,1.184062276342339,0.0
1.2212212212212212,0.420555474474304,-0.14741177973743003,1.1812770375203454,0.22286184257132555,0.08723454214085895,0.013490223394595283,0.12966907704468508,0.12683733907199946,0.4637225766673307,1.1869796028689001,0.0
1.2412412412412412,0.41793649728712845,-0.13094885935877973,1.1856000086754017,0.2161485577528198,0.08706027685513955,-0.008713264285970194,0.1287864022539985,0.12574403913506416,0.462538603417229,1.1898895477609006,0.0
1.2612612612612613,0.41564522437178864,-0.11456364576699002,1.189759462559381,0.20797269419896963,0.08633747916519868,-0.03613988449704339,0.12807409135025777,0.12490918983877942,0.4613363699350574,1.1927919961386984,0.0
1.2812812812812813,0.41367899490653337,-0.09831147326276432,1.1937326222840658,0.19865798623424438,0.08500505087163311,-0.06662141467827816,0.12749504362367764,0.12427709364570284,0.4601159236829352,1.1956868334186013,0.0
1.3013013013013013,0.41203346539165514,-0.08227647574391264,1.1975018463804263,0.18846120481802955,0.08325139791127534,-0.08768264801788866,0.12707719604244444,0.1237144977998242,0.45887731284199057,1.1985739453173903,0.0
1.3213213213213213,0.41070240833854343,-0.06655285265558605,1.2010530874642074,0.1775620541890518,0.08106589583248337,-0.10927510393959843,0.126851166310534,0.12337504042276774,0.45762058631045877,1.2014532178568313,0.0
1.3413413413413413,0.4096786062370917,-0.05119010507258806,1.2043785444611959,0.16627284984943003,0.07843013468562593,-0.13178805734287205,0.12677849871662072,0.12322911554977617,0.4563457937017514,1.2043245373681746,0.0
1.3613613613613613,0.40895369266537634,-0.036245678585765995,1.2074756544817873,0.15485550102957338,0.07536103983569305,-0.15345474249664434,0.12685454892698983,0.12325242472222583,0.45505298534249783,1.2071877904966422,0.0
1.3813813813813813,0.40851796988590783,-0.021786138973425725,1.2103466626967503,0.14355041074815386,0.07201291468677833,-0.16740625744573578,0.12706289659682876,0.12333700957753875,0.45374221227055844,1.2100428642059031,0.0
1.4014014014014013,0.4083604340185454,-0.00787679336812169,1.2129967701154,0.13250537093249473,0.06827507109344817,-0.18689217966650826,0.1274271462039984,0.12367684370918025,0.45241352623300973,1.2128896457825364,0.0
1.4214214214214214,0.4084694470250222,0.005450650323840222,1.2154372949590102,0.12202624218050204,0.06413823252519564,-0.20684192841262714,0.12789924132539174,0.12416683010444664,0.4510669796841014,1.2157280228404794,0.0
1.4414414414414414,0.4088320422470631,0.018129761102045616,1.2176834316317453,0.11230683363675627,0.059781893588071504,-0.217816946856207,0.128458190545224,0.12466140551109858,0.44970262578318554,1.2185578833254664,0.0
1.4614614614614614,0.4094337996450452,0.030087869899107167,1.2197517778428328,0.10341731055437432,0.05517380268081546,-0.23040454536280164,0.129124772392461,0.12531401087498267,0.44832051839261794,1.2213791155194507,0.0
1.4814814814814814,0.41025961969603203,0.04129100254933927,1.2216628537203404,0.09555379387538017,0.0502195660392335,-0.24771183207909844,0.12987800054651522,0.12615161455845764,0.4469207120756319,1.2241916080450161,0.0
1.5015015015015014,0.41129339933960146,0.051688982178472766,1.2234411891218184,0.0889167700738936,0.0451355851592726,-0.2541990439980447,0.130651719259928,0.12690665117284183,0.44550326209418395,1.2269952498697734,0.0
1.5215215215215214,0.4125175370001809,0.061206883028971794,1.2251103935153038,0.08346021967426616,0.039847388032524196,-0.2644098563374203,0.1314944953889773,0.12781146186843637,0.4440682244067723,1.2297899303107438,0.0
1.5415415415415414,0.4139138280941486,0.06981455469838493,1.2266972552468431,0.0793430865769682,0.03439891119792044,-0.27242384173018813,0.13234575519563027,0.1287336830461282,0.4426156556662276,1.2325755390387292,0.0
1.5615615615615615,0.41546303528472867,0.07746035952900346,1.2282288902054812,0.07658174793189972,0.028820688107201724,-0.27891115453593546,0.13320758272730732,0.12968326153270998,0.44114561321747664,1.2353519660826662,0.0
1.5815815815815815,0.4171449914378913,0.0840978076581306,1.2297329003076471,0.07520050510829816,0.02325922538786351,-0.27807313596691097,0.13402407977493302,0.13052499825558647,0.4396581550952781,1.2381191018339694,0.0
1.6016016016016015,0.4189387361055604,0.08968723338345648,1.231234528397403,0.07508140448779341,0.017628767650992524,-0.28152288684354915,0.13482391184238432,0.13143668549128362,0.4381533400219318,1.2408768370508576,0.0
1.6216216216216217,0.4208230604234403,0.09421621589399476,1.2327596909791865,0.07625812908916885,0.012044091416991991,-0.27923381170002687,0.13555279991443359,0.13223543723348563,0.4366312274049601,1.2436250628626662,0.0
1.6416416416416417,0.42277621310030244,0.09765763384310795,1.2343314702645034,0.07858896426584921,0.006433735045300406,-0.28051781858457914,0.1362439660188363,0.1330741771242888,0.43509187733476284,1.2463636707741457,0.0
1.6616616616616617,0.42477635252765755,0.1000069713677559,1.2359728585826462,0.08206941590713832,0.0008270748244305107,-0.2803330110434948,0.1368755184634394,0.1338694925101852,0.433535350582245,1.2490925526697454,0.0
1.6816816816816818,0.4268013102147252,0.10124788435338511,1.23770520108636,0.0866171251856998,-0.004830471549709159,-0.2828773187069835,0.13746465685288747,0.13469521986321809,0.43196170859641764,1.2518116008178803,0.0
1.7017017017017018,0.4288285784811752,0.10136341332250105,1.2395495403845964,0.09221696491181297,-0.010258800892408715,-0.2714164671349776,0.1379260300055828,0.13524191931081497,0.4303710135019718,1.2545207078751857,0.0
1.7217217217217218,0.4308353039682581,0.10033627435414441,1.2415207650509292,0.09856123331663856,-0.01545754271733245,-0.25993709124618686,0.13824804144425146,0.13566787136141542,0.4287633280968261,1.2572197668907532,0.0
1.7417417417417418,0.43279949101589454,0.09820935238182361,1.2436297897034316,0.10545123262512439,-0.020544356521959677,-0.2543406902313612,0.13846438854412219,0.13608828418945954,0.4271387158496476,1.2599086713103547,0.0
1.7617617617617618,0.4346999348111191,0.09502218976122855,1.2458857754400703,0.11279928683193084,-0.02543815204077798,-0.24468977594091537,0.13858424893090662,0.136384702646263,0.4254972408973459,1.262587314980648,0.0
1.7817817817817818,0.4365158957508394,0.0907980469860138,1.2482945156280427,0.1204370093986182,-0.03017183336502592,-0.23668406621239713,0.13860524314607364,0.1366264951965462,0.4238389680425416,1.265255592153367,0.0
1.8018018018018018,0.4382273948222985,0.08557495357295478,1.250859443845253,0.1282464108605135,-0.03468580196489097,-0.22569842999325224,0.1385246183736645,0.13675000110390595,0.42216396275100754,1.2679133974894983,0.0
1.8218218218218218,0.4398151577491488,0.07938814634251659,1.2535806584668903,0.13606073108186606,-0.03890720564950894,-0.21107018423089896,0.1383264953097688,0.13672470561756472,0.4204722911490846,1.270560626063438,0.0
1.8418418418418419,0.44126100979144095,0.0722926021146083,1.2564542547151534,0.1436798124131552,-0.04295852229893617,-0.20256583247136153,0.13802009974148113,0.13668744962575108,0.4187640200210709,1.2731971733671346,0.0
1.8618618618618619,0.4425479601966843,0.06434752026216659,1.2594745124964801,0.15101288906633473,-0.04662371403776185,-0.1832595869412841,0.1376300084345032,0.13643911883403922,0.41703921680658557,1.2758229353142152,0.0
1.8818818818818819,0.44365997812634317,0.05560089648294339,1.262631307727089,0.15783976153043972,-0.04987568255902576,-0.16259842606319552,0.13710884881726423,0.13604307533025448,0.41529794959790634,1.278437808244094,0.0
1.901901901901902,0.444582948156363,0.04614850150099273,1.2659104006332156,0.16395464530632523,-0.05289838940803046,-0.15113534245023436,0.13648699367362324,0.13567065428005248,0.4135402871372809,1.2810416889260652,0.0
1.921921921921922,0.4453045382209792,0.03607950323081046,1.2692964448082917,0.16930220875380342,-0.05567984346595601,-0.13907270289627793,0.13584312331186707,0.13527913761745014,0.4117662988142137,1.2836344745633783,0.0
1.941941941941942,0.4458134792708247,0.025447052492274483,1.2727734966404431,0.1738525916075723,-0.05823920167927543,-0.1279679106659708,0.1351615493577098,0.13487201727780287,0.4099760546627262,1.2862160627972954,0.0
1.961961961961962,0.4460995526479122,0.014303668854372936,1.27632484609725,0.17756747284034125,-0.060451658193375696,-0.1106228257050133,0.13446145415243246,0.13437042498846785,0.40816962535859197,1.2887863517111338,0.0
1.981981981981982,0.44615365976686205,0.002705355947494886,1.2799321377079296,0.18036458053397897,-0.06237163332872145,-0.09599875676728777,0.13369558638196302,0.13383820261082058,0.406347082216547,1.291345239834288,0.0
2.002002002002002,0.4459682195575059,-0.009272010467809701,1.283575653017937,0.18217576550037162,-0.06394229882280145,-0.07853327470399907,0.13292235142035766,0.13326034144965826,0.4045084971874737,1.2938926261462367,0.0
2.022022022022022,0.4455370128292436,-0.021560336413115534,1.2872349476759908,0.18296473290269502,-0.06532497757532463,-0.06913393762615926,0.13209450734663938,0.1327322926328017,0.40265394285556094,1.2964284100805297,0.0
2.042042042042042,0.4448552200680537,-0.03408963805949375,1.2908895845067865,0.1827318415397826,-0.06647474769471463,-0.05748850596950094,0.13130779819958185,0.13222050366474977,0.4007834924354383,1.2989524915287594,0.0
2.062062062062062,0.4439187369876442,-0.0468241540204737,1.2945200171551623,0.1815216324187902,-0.06730532678493585,-0.04152895451106128,0.13055458672877082,0.13168442479621506,0.3988972197692855,1.3014647708445124,0.0
2.0820820820820822,0.44272443434889797,-0.05971513193731223,1.2981068916095795,0.17934372272086188,-0.06784660802141809,-0.02706406182411219,0.12979667655564303,0.13115675832847953,0.3969951993239177,1.3039651488473027,0.0
2.1021021021021022,0.44127040824424135,-0.07270130523283003,1.3016309897311222,0.1762049060771354,-0.06800320356294226,-0.007829777076207887,0.12911005233776846,0.13062884822052043,0.39507750618784515,1.3064535268264883,0.0
2.1221221221221223,0.4395558974149312,-0.08572554146550945,1.3050742185148003,0.1721614391839036,-0.06791792773075507,0.004263791609359288,0.1284025922481563,0.13016134825719047,0.39314421606830946,1.308929806545167,0.0
2.1421421421421423,0.4375815690625081,-0.09871641762115245,1.3084191704793304,0.1672475982265067,-0.06761679052138583,0.01505686046846181,0.1277600228921198,0.1297701546238039,0.39119540528829405,1.3113938902440563,0.0
2.1621621621621623,0.43534884120852946,-0.11163639269893265,1.3116505881093792,0.1615708815024348,-0.06703486762257538,0.029096144940522525,0.12721616279538714,0.12942803578487772,0.38923115078351167,1.3138456806453502,0.0
2.1821821821821823,0.4328598182528117,-0.12445114778588558,1.3147554535845194,0.1552432737570085,-0.06619436494066415,0.042025134095561564,0.12672484114799698,0.12914153404092654,0.3872515300993669,1.3162850809565623,0.0
2.2022022022022023,0.4301175326511204,-0.13711428008456614,1.3177224183258134,0.14834823706470265,-0.06506947422362917,0.056244535851748684,0.12632720888884658,0.1289193510298491,0.38525662138789457,1.3187119948743449,0.0
2.2222222222222223,0.4271258292297632,-0.14958517106785804,1.3205425320733948,0.14100568737906993,-0.06367219942914017,0.06986373972444995,0.12600636020903724,0.12876660165933967,0.3832465034046749,1.3211263265882922,0.0
2.2422422422422423,0.4238894606917866,-0.16181842689883044,1.3232090723860161,0.1333270156310733,-0.062004202596374874,0.08339984163826551,0.1257777380314784,0.12869091342776837,0.3812212555057239,1.3235279807847222,0.0
2.2622622622622623,0.420414031433366,-0.1737714629210328,1.3257178793474336,0.12544034807087406,-0.06008629656748294,0.0958953014445963,0.12563204363657215,0.12869435833609277,0.37918095764436094,1.3259168626504394,0.0
2.2822822822822824,0.4167059917212314,-0.18540198560672727,1.3280672444861032,0.11746825693348903,-0.05791536507012634,0.10854657486783026,0.12558640594948095,0.12877763403621517,0.3771256903680519,1.3282928778764782,0.0
2.3023023023023024,0.412772569465348,-0.19667111279416888,1.3302581652522376,0.10954603830672076,-0.05551657752703803,0.11993937715441491,0.125620292560284,0.12893735033497936,0.37505553481522974,1.330655932661826,0.0
2.3223223223223224,0.40862186585425636,-0.20753518055458375,1.3322939874246558,0.10179110862090451,-0.053051200802191556,0.12326883624232386,0.12562795462070186,0.1291606901408955,0.3729705727120911,1.3330059337171258,0.0
2.3423423423423424,0.40426273824628955,-0.21795638039833973,1.3341786407790284,0.09423266771862845,-0.050390310334947605,0.13304452336219708,0.12579642360219895,0.12944850363481408,0.37087088636936966,1.33534278826836,0.0
2.3623623623623624,0.3997041384334118,-0.22792999064388744,1.335919380459214,0.08703698400928207,-0.04748852096828252,0.1450894683332545,0.12606876248662277,0.1297888716736356,0.36875655867908697,1.3376664040605122,0.0
2.3823823823823824,0.3949557240313204,-0.23742072010456833,1.3375257922603392,0.08032059005626138,-0.04446591091633923,0.15113050259716385,0.12633571476416708,0.1301800208176921,0.36662767311128003,1.3399766893612095,0.0
2.4024024024024024,0.39002804525807133,-0.24638393866245456,1.3390081529202813,0.07411803299710253,-0.04129627935462836,0.15848157808554433,0.1266899683794747,0.13062260007318588,0.3644843137107058,1.3422735529643444,0.0
2.4224224224224224,0.38493205509418554,-0.2547995081942904,1.3403787836386154,0.06853153591670014,-0.03792059232606597,0.16878435142811912,0.12715518631313,0.13111385365801004,0.36232656509352335,1.3445569041936742,0.0
2.4424424424424425,0.37967927167704596,-0.2626391708569794,1.3416523602457144,0.06367883035494924,-0.03440244362780765,0.17590743491291533,0.12764477291369142,0.13164439365499908,0.36015451244395347,1.3468266529064024,0.0
2.4624624624624625,0.37428205707762036,-0.2698607299712802,1.342844496315247,0.05960680347662658,-0.030787196653621528,0.18076234870930613,0.12815472055735794,0.13220093188382084,0.3579682415109156,1.3490827094967364,0.0
2.4824824824824825,0.3687533658964259,-0.2764345590597251,1.343971470881329,0.056348728304100634,-0.027021039006699575,0.1883078823460975,0.12875221314349652,0.13278446259049098,0.3557678386046427,1.3513249848994247,0.0
2.5025025025025025,0.3631065863972217,-0.2823389749602075,1.3450512267298083,0.05398779242396495,-0.023091349393309916,0.19648448066948312,0.12941710906197715,0.13339677935828734,0.3535533905932738,1.3535533905932737,0.0
2.5225225225225225,0.3573558316318546,-0.287537738268357,1.3461031003448818,0.05259368075367502,-0.019141113475729832,0.1975117958790041,0.13000812713143803,0.13400039702718172,0.3513249848994246,1.3557678386046428,0.0
2.5425425425425425,0.35151595113122747,-0.29199402503135563,1.3471451686449702,0.052103415004422275,-0.015065593534597658,0.20377599705660907,0.13069519422889195,0.1346050212764099,0.34908270949673637,1.3579682415109156,0.0
2.5625625625625625,0.3456020112431773,-0.29569699440250863,1.3481968905205775,0.052586093780358854,-0.010896116416201279,0.2084738559198189,0.1313915251031245,0.1352068537552514,0.34682665290640247,1.3601545124439536,0.0
2.5825825825825826,0.3396297583973398,-0.2986126422918763,1.3492777697922222,0.054043963582237405,-0.006763169225520207,0.20664735953405342,0.13198784208670972,0.13576594296773856,0.34455690419367424,1.3623265650935232,0.0
2.6026026026026026,0.3336154177786688,-0.30071703093354907,1.3504051363324654,0.05636832701215387,-0.0025566721982340284,0.21032485136430887,0.132648499083887,0.13629021882643633,0.3422735529643443,1.3644843137107059,0.0
2.6226226226226226,0.32757527280324894,-0.302007248770994,1.3515966890540967,0.05957763608156568,0.0015895783408399749,0.20731252695370023,0.13319909465193053,0.13676278155470448,0.3399766893612096,1.3666276731112799,0.0
2.6426426426426426,0.32152605912973226,-0.302460683675835,1.3528676639074968,0.06354874267000758,0.005572069613682168,0.19912456364210968,0.13360083896915684,0.13713437383436233,0.33766640406051224,1.3687565586790869,0.0
2.6626626626626626,0.3154843032760443,-0.3020877926843981,1.3542295257351522,0.06809309138277239,0.009557808269958012,0.1992869328137921,0.13406596596832365,0.13743863428490946,0.33534278826836,1.3708708863693695,0.0
2.6826826826826826,0.30946599872688224,-0.3009152274581026,1.3556936154951362,0.07320448799920493,0.013528234909192539,0.19852133196172647,0.13452319885110664,0.13771803649608358,0.33300593371712583,1.372970572712091,0.0
2.7027027027027026,0.30348725474500254,-0.29893719909398564,1.3572707245231526,0.07885545140081142,0.01740709840856077,0.19394317496841162,0.134897175824769,0.13793797441302544,0.3306559326618259,1.3750555348152298,0.0
2.7227227227227226,0.29756417694684567,-0.29615388990784436,1.3589694659127955,0.08493706948215474,0.021135813430899212,0.18643575111692173,0.13515976972272448,0.1380636022227683,0.3282928778764782,1.377125690368052,0.0
2.7427427427427427,0.29171247210185236,-0.2925852422496653,1.3607953477273769,0.09129409072906933,0.02478459425779138,0.18243904134460862,0.1354046617617026,0.13810459493082944,0.32591686265043934,1.379180957644361,0.0
2.7627627627627627,0.28594726844383306,-0.2882601829009653,1.3627523135061408,0.09784828893819497,0.02832194947295117,0.17686776075798954,0.13559142250669315,0.13808494644885222,0.32352798078472217,1.381221255505724,0.0
2.7827827827827827,0.2802833603290543,-0.28319540573893576,1.3648424987935013,0.10450926436802667,0.03170540840421127,0.16917294656300494,0.13568806534851496,0.13798296990396983,0.32112632658829215,1.383246503404675,0.0
2.8028028028028027,0.2747350336499755,-0.27741633395394144,1.367065443819073,0.11114725127858308,0.03490146605376477,0.1598028824776751,0.13568497864855528,0.13778653589190937,0.3187119948743448,1.3852566213878945,0.0
2.8228228228228227,0.26931586392588275,-0.2709584862046361,1.369417782544933,0.11761693629299681,0.03786404972106614,0.14812918336506858,0.13556809941945688,0.137493666420975,0.31628508095656227,1.3872515300993669,0.0
2.8428428428428427,0.2640384870214523,-0.2638688452215225,1.371893017163674,0.12376173093705868,0.04069662221320554,0.14162862460696946,0.1354428600455599,0.13711164893229605,0.3138456806453503,1.3892311507835116,0.0
2.8628628628628627,0.25891452388170655,-0.25619815698728665,1.3744832022045177,0.12950925204218197,0.04337954198599196,0.13414598863932173,0.1352851639904302,0.13669344582109882,0.3113938902440563,1.391195405288294,0.0
2.8828828828828827,0.25395500658666986,-0.24797586475183553,1.3771793637395913,0.13480807675368167,0.045832709191766303,0.12265836028871692,0.135030128125587,0.13621802897875337,0.30892980654516716,1.3931442160683094,0.0
2.9029029029029028,0.2491702046157309,-0.23924009854694842,1.3799702361163326,0.13954361883707184,0.048041841945561006,0.1104566376897341,0.1346894703957336,0.1356592623060405,0.3064535268264883,1.395077506187845,0.0
2.9229229229229228,0.24456927834813355,-0.2300463133798672,1.3828420689389744,0.14359164113209152,0.05003587829982213,0.0997018177130563,0.13430761186205228,0.13503439485109098,0.3039651488473027,1.3969951993239176,0.0
2.942942942942943,0.2401602351895499,-0.22045215792918207,1.385779549810699,0.14687404358622685,0.051923843193778255,0.09439824469780664,0.1339582826301369,0.13436128632156874,0.3014647708445124,1.3988972197692855,0.0
2.962962962962963,0.23595018995826786,-0.21050226156410168,1.3887671604312404,0.14938053102706886,0.053644985649971,0.08605712280963775,0.13359153328480625,0.13369834347135987,0.29895249152875947,1.4007834924354383,0.0
2.982982982982983,0.23194582392779386,-0.20021830152369902,1.3917892842299078,0.15110618993336553,0.055020505414977494,0.06877598825032422,0.13310276004084096,0.13302731706839147,0.29642841008052967,1.4026539428555609,0.0
3.003003003003003,0.2281529450342166,-0.18964394467886295,1.3948284041238348,0.15195599469634724,0.0561096419999934,0.05445682925079603,0.1325575615324569,0.13226681379918026,0.29389262614623657,1.4045084971874737,0.0
3.023023023023023,0.22457582772377127,-0.17885586552226668,1.3978649111414887,0.15182535088269328,0.05694679850054933,0.041857825027796246,0.13202052565882655,0.1314955047024538,0.291345239834288,1.406347082216547,0.0
3.043043043043043,0.2212175781130553,-0.1679124805357972,1.400879215588533,0.15071522235221377,0.05754219745834944,0.029769947890005304,0.13150354365502534,0.13074063101440342,0.2887863517111338,1.408169625358592,0.0
3.063063063063063,0.2180803108229151,-0.15686336450701055,1.403852321054681,0.1486552733073932,0.057911074841500175,0.018443869157536787,0.13101592419131872,0.1300085894806763,0.28621606279729545,1.4099760546627262,0.0
3.083083083083083,0.21516523125081766,-0.14575397860487205,1.4067660560493882,0.1456867497353611,0.05803425187341625,0.006158851595804191,0.1305558335348432,0.12932104278454587,0.28363447456337826,1.4117662988142137,0.0
3.103103103103103,0.2124726830469019,-0.13462741019578825,1.4096033647406319,0.14186543456217998,0.05799240387333328,-0.002092400004148528,0.13014903912891154,0.12863857925255132,0.2810416889260653,1.4135402871372809,0.0
3.123123123123123,0.21000212601143947,-0.123527851773121,1.4123481096636428,0.13723724615054855,0.05777776434295687,-0.01073197651882036,0.12979955789863865,0.12802009179736268,0.27843780824409403,1.4152979495979063,0.0
3.143143143143143,0.20775251474497047,-0.11248056332344923,1.4149859839513463,0.13189371438518235,0.057324415025868485,-0.02266746585441974,0.1294781132159122,0.12747739358963386,0.27582293531421515,1.4170392168065855,0.0
3.163163163163163,0.2057222101329428,-0.1015152306013831,1.4175042542785934,0.12591351636235762,0.056679685010764445,-0.032236500755202346,0.12919508021608442,0.12695023450400938,0.2731971733671345,1.418764020021071,0.0
3.183183183183183,0.20390875065938918,-0.09067297367768201,1.419891036781568,0.11933912514872824,0.055789949446361065,-0.04448677822016839,0.12896201521114234,0.12651624281897356,0.27056062606343795,1.4204722911490846,0.0
3.203203203203203,0.20230901612063243,-0.0799867269378379,1.4221366043935137,0.11227838059728852,0.054819559518006614,-0.048519496417722935,0.1287905288381694,0.12604441717004303,0.2679133974894983,1.4221639627510076,0.0
3.2232232232232234,0.20091905946520489,-0.06949783277137686,1.4242316306665963,0.10475131365412596,0.053677710458410736,-0.05709245297979464,0.12869165163283097,0.12570703632250685,0.26525559215336697,1.4238389680425416,0.0
3.2432432432432434,0.19973483099024175,-0.05921142374815715,1.426169864735656,0.09691170345298952,0.05227995337680663,-0.06988785408020562,0.12862410212242906,0.1254666318261414,0.26258731498064786,1.4254972408973459,0.0
3.2632632632632634,0.19875173123166393,-0.049154987928891974,1.4279469842335908,0.08885597489673602,0.050649168026232,-0.08153926752873102,0.12860429125070094,0.12527471782199512,0.2599086713103547,1.4271387158496476,0.0
3.2832832832832834,0.19796429956040262,-0.03937158356306466,1.429560135403483,0.0806575584946114,0.048767611473152596,-0.0940778276539706,0.1286559960672511,0.1251824545484101,0.2572197668907532,1.4287633280968262,0.0
3.3033033033033035,0.19736633863564815,-0.02989804623772363,1.431009033676696,0.0724449136606483,0.04663692256487582,-0.10653444541383914,0.12877786328997357,0.1251784803824748,0.2545207078751856,1.4303710135019718,0.0
3.3233233233233235,0.19695084831183307,-0.020774516190753718,1.4322957751185246,0.06433707209142973,0.04420950954317412,-0.12137065108508488,0.12897978483460623,0.12530790610390616,0.25181160081788034,1.4319617085964178,0.0
3.3433433433433435,0.19670995331719474,-0.01204474973191707,1.4334256454917582,0.056493518661680876,0.04169741356758671,-0.12560479877937067,0.12923669444574692,0.12537482924320723,0.24909255266974542,1.433535350582245,0.0
3.3633633633633635,0.19663470466711333,-0.003762432504070913,1.434403852865778,0.048910368700991566,0.03902231695803865,-0.133754830477403,0.12957811202194736,0.12559102466110728,0.24636367077414578,1.435091877334763,0.0
3.3833833833833835,0.19671596126107635,0.004062829698150869,1.435239057881456,0.04176025078389612,0.03613727354067303,-0.1442521708682805,0.12996473576061937,0.12590383224364393,0.24362506286266622,1.43663122740496,0.0
3.4034034034034035,0.19694398124035067,0.011400998963715983,1.435942022629219,0.03514823738815209,0.0331004409167153,-0.15184163119788577,0.13039694230368534,0.12624730809092582,0.24087683705085766,1.4381533400219317,0.0
3.4234234234234235,0.1973082310545967,0.018212490712300654,1.436524642079815,0.02913097252980579,0.029898523645700222,-0.1600958635507542,0.13088382028729928,0.12667649530150218,0.23811910183396956,1.439658155095278,0.0
3.4434434434434436,0.197797606472569,0.02446877089861608,1.4370008797805338,0.023811885035939357,0.02652498108777609,-0.16867712789620673,0.13141313881842445,0.1271776295003746,0.23535196608266626,1.4411456132174767,0.0
3.4634634634634636,0.1984002950192775,0.03013442733542444,1.4373863796586865,0.01927499390763664,0.02311718174005614,-0.17038996738599785,0.13195199623944473,0.12762179003695276,0.23257553903872924,1.4426156556662275,0.0
3.4834834834834836,0.19910377477166966,0.03517398761960741,1.4376960643792975,0.015484236030544475,0.01957077641801713,-0.17732026610195054,0.132527504442534,0.12819187517254804,0.22978993031074396,1.4440682244067722,0.0
3.5035035035035036,0.1998953211623336,0.03957731953319772,1.4379472264031061,0.012558101190426578,0.015926768992331464,-0.1822003712842832,0.13310659900962643,0.12876566927171326,0.2269952498697734,1.445503262094184,0.0
3.5235235235235236,0.20076156823470426,0.04331235361853233,1.4381572346393692,0.010500411813155228,0.012196219289551958,-0.18652748513897535,0.1336985820778746,0.12937104877740863,0.22419160804501612,1.4469207120756318,0.0
3.5435435435435436,0.2016886613744765,0.04635465698861196,1.4383440764486708,0.009342090465078084,0.008396179608378167,-0.19000198405868957,0.13428802373200516,0.12998952306438485,0.22137911551945075,1.448320518392618,0.0
3.5635635635635636,0.20266230396466317,0.048682129509334045,1.4385258499867548,0.009088676904205614,0.004486888487251269,-0.19546455605634488,0.1348829371868429,0.13066830603576401,0.2185578833254665,1.4497026257831855,0.0
3.5835835835835836,0.20366782904215386,0.05027625387453426,1.4387215773492785,0.009786368126188811,0.0003921232514609973,-0.20473826178951365,0.13549934600850383,0.13145362713449457,0.2157280228404795,1.4510669796841014,0.0
3.6036036036036037,0.20468996282732455,0.05110668925853491,1.4389521237633047,0.011527320701311197,-0.0037864809464092765,-0.20893020989351366,0.13610408284777467,0.1321984687753695,0.21288964578253633,1.4524135262330098,0.0
3.6236236236236237,0.20571251115171707,0.05112741621962579,1.4392375224883822,0.014269936253872531,-0.00791455188353001,-0.20640354685603665,0.1366465526298935,0.1328232720551153,0.2100428642059031,1.4537422122705586,0.0
3.6436436436436437,0.20671883068721733,0.05031597677501243,1.4395950381458134,0.017875782871554252,-0.012012891707764357,-0.2049169912117174,0.1371151969902923,0.13341369455730354,0.20718779049664213,1.4550529853424978,0.0
3.6636636636636637,0.20769237805840865,0.04867736855956636,1.4400402637085652,0.022261278137592686,-0.016150915172643315,-0.20690117324394802,0.13753185321864475,0.1340276608929947,0.20432453736817455,1.4563457937017514,0.0
3.6836836836836837,0.20861655459161102,0.04620882666011865,1.4405883029013808,0.027401959640779915,-0.020195936500947125,-0.2022510664151906,0.13787127652549708,0.13450724787711218,0.20145321785683135,1.4576205863104588,0.0
3.7037037037037037,0.20947453613578976,0.042899077208937125,1.4412510532041982,0.033137515140868205,-0.024084298025311524,-0.1944180762182199,0.13810225133205775,0.1348584964541716,0.19857394531739028,1.4588773128419905,0.0
3.7237237237237237,0.21024983392270308,0.03876488934566578,1.4420368417681955,0.03928942819986109,-0.027733303082968244,-0.1824502528828361,0.1382050427720276,0.13504360179799155,0.19568683341860116,1.460115923682935,0.0
3.7437437437437437,0.2109267045322632,0.033843530478006575,1.4429495843913995,0.04563713116020768,-0.0312964592463826,-0.17815780817071777,0.13821862833631943,0.13525677283486714,0.1927919961386983,1.4613363699350574,0.0
3.7637637637637638,0.2114903357546945,0.02818156112156471,1.4439922564666052,0.05213360376028754,-0.03474495868354355,-0.1724249718580475,0.13817806341788494,0.13541982477156933,0.18988954776090056,1.462538603417229,0.0
3.7837837837837838,0.21192630873046803,0.021798648788676454,1.4451662457105234,0.05869946219590891,-0.0381026760050903,-0.16788586607733696,0.1380782027103528,0.13556121735392915,0.1869796028689002,1.4637225766673307,0.0
3.803803803803804,0.2122207174773059,0.014720437341893378,1.4464717055657466,0.06527299276115167,-0.04141324826082563,-0.1655286127867665,0.1379245395782657,0.13570231566656416,0.18406227634233893,1.4648882429441257,0.0
3.823823823823824,0.21235998282139462,0.0069632672044365905,1.447907954334096,0.07181243841747545,-0.04448533898559366,-0.15360453623840117,0.13769753157873263,0.1356654062445259,0.1811376833522728,1.4660355562291056,0.0
3.843843843843844,0.2123309146478648,-0.0014534086764906628,1.4494705520623934,0.07812988641487215,-0.047325624537084554,-0.14201427757454615,0.13734575365179094,0.1355190677356292,0.17820593935662538,1.467164471228306,0.0
3.863863863863864,0.21212152363659997,-0.010469550563241573,1.4511515923628393,0.0840520150222958,-0.05008209079314603,-0.13782331280307306,0.13690469290150006,0.13539553720561912,0.17526716009562948,1.4682749433740963,0.0
3.883883883883884,0.21172077069591444,-0.02003764703427649,1.4529421933980708,0.08953005176157787,-0.052596313522270094,-0.1257111364562034,0.13642558605151428,0.13514659775522178,0.17232146158725858,1.469366928826937,0.0
3.903903903903904,0.21111818279747088,-0.0301293949221772,1.4548310414579646,0.09444240299468647,-0.05494472559925155,-0.11742060384907324,0.1358482329183764,0.13485951801136756,0.16936896012264574,1.4704403844771128,0.0
3.923923923923924,0.21030434964747755,-0.040691657499666176,1.4568048287481385,0.09868936450869274,-0.056945658985249135,-0.10004666929987904,0.13522910883383837,0.13441908253382603,0.16640977226149334,1.4714952679464322,0.0
3.943943943943944,0.2092708716798907,-0.05167389837934283,1.4588473755969649,0.10212734244131437,-0.05885652076595786,-0.09554308903543639,0.1344910765805716,0.1340326955573611,0.16344401482747123,1.4725315375899024,0.0
3.963963963963964,0.2080107710844063,-0.06300502977421939,1.4609416039902738,0.10471141966544634,-0.06054940883581722,-0.08464440349296823,0.13377672485194153,0.13359880086391757,0.16047180490360483,1.473549152497372,0.0
3.983983983983984,0.2065175221119873,-0.07466244862095099,1.4630700924271376,0.10642442184318783,-0.06197530930041264,-0.07129502322977133,0.13302303102152171,0.1330970123840141,0.15749325982765244,1.4745480724951472,0.0
4.004004004004004,0.20478567584091908,-0.08659231355340986,1.4652138751405035,0.10718913566829667,-0.06326885196090025,-0.06467713302438047,0.13220181444504653,0.1326195829096163,0.15450849718747373,1.4755282581475768,0.0
4.024024024024024,0.2028108575403302,-0.09874091502944382,1.467353405686581,0.10697652730386492,-0.0642814108708952,-0.05062794549974813,0.1314246432503797,0.13209424305848194,0.151517634816387,1.4764896707586095,0.0
4.044044044044044,0.20058927928671552,-0.11107891268073404,1.469469108618927,0.10578514661731535,-0.06497292577414736,-0.03457574516260806,0.13063148300882882,0.13152201807150424,0.14852079078851743,1.4774322723733215,0.0
4.064064064064064,0.19811838223962505,-0.12354485235452398,1.4715405458526838,0.10357186168783118,-0.06541281054740669,-0.02199423866296656,0.12981629444758758,0.13096670446654737,0.14551808341413586,1.4783560257794153,0.0
4.084084084084084,0.19539684521002412,-0.1360768514800461,1.473547283046139,0.10033685967275346,-0.0655090759949547,-0.004813272377400542,0.12907305799765365,0.13041624301163807,0.14250963123498808,1.479260894508688,0.0
4.104104104104104,0.1924243306194992,-0.14862572952624648,1.47547008457855,0.09614007662055712,-0.06540805678097456,0.005050960699007201,0.12830628803323407,0.1299285062190813,0.13949555301961475,1.4801468428384714,0.0
4.124124124124124,0.18920179220640532,-0.16112692065469475,1.4772903808212203,0.09101481213351509,-0.06519039030449209,0.010883323824123745,0.12757665289858802,0.12952966876227945,0.13647596775866258,1.481013835793043,0.0
4.1441441441441444,0.18573071872202102,-0.173553674219215,1.4789915146904289,0.0850566934604268,-0.06462249727720787,0.02839465136420945,0.12702325480657226,0.1291506734823759,0.13345099466018784,1.481861839145005,0.0
4.1641641641641645,0.1820129175144874,-0.1858900603766807,1.48055975639262,0.07841208510955354,-0.06379493741468585,0.04137799312610231,0.12646681258657558,0.12881283210393846,0.1304207531449485,1.482690819416637,0.0
4.1841841841841845,0.1780514357924511,-0.19807408610181432,1.4819820247273043,0.07111341673421603,-0.06265123538921592,0.057185101273496436,0.12603038188615806,0.12854471294885397,0.1273853628416912,1.4835007438812176,0.0
4.2042042042042045,0.1738501503355381,-0.21006427284564996,1.4832481039716239,0.063303962215975,-0.06130986319229542,0.06706860984602499,0.12561171157272052,0.12835683571057557,0.12434494358242737,1.4842915805643155,0.0
4.2242242242242245,0.1694139820037271,-0.22180841659055114,1.4843492983938922,0.055059721113417795,-0.059740537540583984,0.07846628258557108,0.12531040903143004,0.128255577218841,0.12129961539770377,1.485063298245053,0.0
4.2442442442442445,0.16474842536109585,-0.23327783213156247,1.4852799679421482,0.04653347741279965,-0.0580478557968913,0.08463408718463448,0.12502618651901987,0.12822858276805257,0.11824949851186238,1.4858158664573369,0.0
4.2642642642642645,0.15985966324660308,-0.24443810572463792,1.4860358668115203,0.037794943468609975,-0.05609370065040488,0.09770775732432231,0.12491687840431723,0.1282757423710714,0.11519471333829531,1.4865492554910633,0.0
4.2842842842842845,0.15475415621306088,-0.2552753516771098,1.4866164496437564,0.029029141611807214,-0.05394705558538947,0.10733225325077059,0.12484038429477032,0.12838336243729492,0.11213538047469059,1.4872634363932886,0.0
4.3043043043043046,0.1494392767110428,-0.26574397510090403,1.4870225949428018,0.020307264952271725,-0.0516915393541791,0.11277581156051755,0.12479296973054745,0.12856169149421118,0.10907162069827135,1.4879583809693737,0.0
4.324324324324325,0.14392298200572073,-0.2758147352661031,1.4872566822198623,0.011704363853028504,-0.04920744616826129,0.12420465929589067,0.12490659998278526,0.12880949987983684,0.10600355496102726,1.4886340617840967,0.0
4.344344344344345,0.13821346629540618,-0.28547578551572717,1.4873245059219609,0.0033911851049304893,-0.04643609961177802,0.1385673278241638,0.12515085370028298,0.129126705822725,0.10293130438494068,1.4892904521627361,0.0
4.364364364364365,0.13231971048107466,-0.29468779071657586,1.4872348447538153,-0.0044830584072769065,-0.04350519668115329,0.1465451465312362,0.12540143971998188,0.12950941024480034,0.0998549902572035,1.4899275261921234,0.0
4.384384384384385,0.1262517300527425,-0.303399021416608,1.4869975697451905,-0.011863750431239634,-0.040375030203174594,0.1565083238989353,0.12577067835938974,0.12996391225247672,0.0967747340254302,1.490545258721667,0.0
4.404404404404405,0.12002009372948505,-0.31158181616287317,1.4866253705006847,-0.01860996222529097,-0.03709802104681907,0.16385045781777619,0.12617487999071667,0.13046416230278432,0.09369065729286226,1.4911436253643444,0.0
4.424424424424425,0.11363613599627262,-0.3191978866606212,1.4861321326121877,-0.024661894424850637,-0.03367287759897061,0.17125717239242214,0.12664871070633504,0.13101061230859717,0.0906028818135687,1.4917226024976649,0.0
4.444444444444445,0.10711179121888449,-0.3262172388694066,1.4855334434619265,-0.02993445751305588,-0.030169251389876344,0.17518131045471397,0.12712060894377045,0.13157821433017214,0.08751152948763802,1.4922821672646027,0.0
4.464464464464465,0.10045957394929723,-0.3326108634793628,1.484845156869595,-0.03441432961657563,-0.026414190071516033,0.1877530659180158,0.12779271422074573,0.13220687299841666,0.08441672235636702,1.4928222975744991,0.0
4.484484484484485,0.09369235514884412,-0.3383609400226553,1.4840869632031393,-0.03790968332279053,-0.022530231209917418,0.19419794307993055,0.12844714512790997,0.13286487077415118,0.08131858259744175,1.493342972103934,0.0
4.504504504504505,0.08682407219044626,-0.34341414791989294,1.483278708222201,-0.04041274904691347,-0.018492104674171075,0.2019063267873172,0.12917990962370154,0.1335547972065042,0.07821723252011546,1.4938441702975689,0.0
4.524524524524525,0.07986927427145425,-0.3477398959496005,1.4824418314056402,-0.04184384082804148,-0.01431109814469201,0.20905032647395314,0.1299545786785917,0.13426059739621238,0.07511279456037853,1.494325872368957,0.0
4.544544544544545,0.0728432694971075,-0.351300238717338,1.4815985842501769,-0.04216235777316364,-0.010037891267200252,0.2136603438745879,0.13072585282613222,0.13496302826589515,0.07200539127612605,1.4947880593013254,0.0
4.564564564564565,0.06576210045246574,-0.35405845223208826,1.480771065598634,-0.04137593257714395,-0.005701444031287508,0.21682236179563721,0.13148535794730937,0.13564082741982636,0.06889514534231898,1.4952307128483255,0.0
4.584584584584585,0.05864238641153537,-0.355985702046518,1.4799807725435592,-0.039514652753731755,-0.0014062896274477483,0.21475772019198794,0.1321420428435765,0.1362556309590502,0.06578217954614128,1.4956538155347534,0.0
4.604604604604605,0.0515011705611169,-0.35706079252092365,1.4792466766956665,-0.03670479239463739,0.002844509704720226,0.2125399666083987,0.13274671560439488,0.1367957822551053,0.06266661678215202,1.496057350657239,0.0
4.624624624624625,0.044355496123807805,-0.35728372186545493,1.4785857990896865,-0.03304388029899733,0.007033696461339706,0.20945933783097404,0.13329363342400827,0.13726461574473436,0.05954858004743485,1.4964413022849068,0.0
4.644644644644645,0.03722236760501176,-0.35665642593980224,1.4780131756258432,-0.0286311731921597,0.011136403522792132,0.20513535307262126,0.133774519288897,0.13766000127265107,0.05642819243674091,1.4968056552600042,0.0
4.664664664664665,0.030118588059519395,-0.35518897727461834,1.4775417048474029,-0.02357353892201488,0.015311909094357227,0.20877527857825473,0.13436281677656364,0.13802963538892601,0.05330557713763,1.4971503951984995,0.0
4.684684684684685,0.023060804584380538,-0.3528891737569429,1.47718542757051,-0.017813863844641717,0.01940981720582184,0.20489540557323077,0.1348473444211897,0.13836188846997743,0.050180857425607565,1.4974755084906501,0.0
4.704704704704705,0.01606602376538516,-0.3497390409497689,1.4769562200112714,-0.011460377961934436,0.023386582896981683,0.19883828455799216,0.135225888912855,0.138592529144348,0.04705415665925714,1.49778098230154,0.0
4.724724724724725,0.009150942315465803,-0.34575407249596785,1.4768628174944571,-0.004670125840706211,0.027302087461400705,0.1957752282209509,0.13558362530438445,0.1387381417573745,0.04392559827537166,1.4980668045715864,0.0
4.744744744744745,0.002331823597266449,-0.3409559359099677,1.476912329833478,0.0024756169510512125,0.031098849057103837,0.1898380797851567,0.13585642650490493,0.13881075546895155,0.04079530578407882,1.4983329640170149,0.0
4.764764764764765,-0.004375388408415724,-0.33536060028410863,1.4771094691254958,0.00985696460088734,0.034910881622491834,0.19060162826939958,0.13617656445624526,0.1388151273963475,0.037663402763966375,1.498579450130307,0.0
4.784784784784785,-0.010955130265010672,-0.32898709282974736,1.477458589529445,0.017456020197460422,0.0385679323893523,0.18285253834302367,0.13635453588083737,0.1387601737905745,0.03453001285720289,1.4988062531806126,0.0
4.804804804804805,-0.01739183477034987,-0.32183522526695996,1.4779609999477354,0.02512052091452371,0.04193434916137126,0.1683208386009476,0.13630320440927626,0.13854909777810254,0.03139525976465676,1.499013364214136,0.0
4.824824824824825,-0.02367080940997734,-0.3139487319813736,1.4786122682642604,0.03256341582624464,0.04503217858180058,0.15489147102146636,0.13611239206171707,0.13817483852718013,0.0282592672410122,1.4992007750544876,0.0
4.844844844844845,-0.02977878200087642,-0.3053986295449539,1.4794034788074637,0.03956052716017017,0.04792313557507331,0.14454784966363637,0.13587218338739881,0.13770008020162575,0.0251221590898848,1.4993684783030088,0.0
4.864864864864865,-0.03570375813868706,-0.2962488068905317,1.4803235030137933,0.04600121031648659,0.05071800321489806,0.13974338199123806,0.1356670869954905,0.13717198553634044,0.021984059158932447,1.4995164673390624,0.0
4.884884884884885,-0.04143459413708431,-0.28654179991986267,1.4813609468898918,0.05187219380492955,0.053271996785548774,0.12769967853253641,0.1353639042201826,0.13662478931297922,0.018845091334967347,1.4996447363202945,0.0
4.904904904904905,-0.04696067845205305,-0.27630421574843744,1.482502671478589,0.057086229434857555,0.0554833341096218,0.11056686620365033,0.13490052646510628,0.1359794245318522,0.015705379539064087,1.499753280182866,0.0
4.924924924924925,-0.052272744170376875,-0.26560328591619103,1.4837317394156908,0.06145339685508855,0.05759357910241349,0.10551224963958503,0.1344843477942191,0.13521741010541288,0.012565047721668766,1.49984209464165,0.0
4.944944944944945,-0.05736294853386689,-0.2545102181745009,1.4850302405289004,0.06492505566048276,0.05946934368917727,0.09378822933818926,0.13403412691178657,0.13449653719381718,0.009424219857704088,1.4999111761904045,0.0
4.964964964964965,-0.06222393123286302,-0.24304913494980634,1.4863803775881645,0.06750685296320474,0.06106294355376973,0.07967999322962276,0.13349843496685007,0.13371848034592398,0.006283019941676388,1.4999605221019081,0.0
4.984984984984985,-0.06684950034802066,-0.23127845575788247,1.4877622855289896,0.0690953970412537,0.06246873499824631,0.07028957222382905,0.13296151337616963,0.13287539969824197,0.0031415719827794218,1.4999901304280685,0.0
5.005005005005005,-0.07123469367733554,-0.21925966646574346,1.4891551780069099,0.0696446238960195,0.06369226534663494,0.06117651741943147,0.13244036582085908,0.13203893055486216,3.061616997868383e-17,1.5,0.0
5.025025025025025,-0.07537525636570891,-0.20702813441866857,1.4905386396659146,0.06917308295023868,0.06452552381120184,0.041662923228345174,0.13183311992502414,0.13125359450708465,-0.0031415719827794716,1.4999901304280685,0.0
5.045045045045045,-0.07926784734154248,-0.19462954879167815,1.4918917792842674,0.06765698091763728,0.06520055661045307,0.03375163996256249,0.13125124893499648,0.13034885561302859,-0.006283019941676326,1.4999605221019081,0.0
5.065065065065065,-0.08291071473139917,-0.18214336949283508,1.4931924107811854,0.06503157484590066,0.0656579686735274,0.022870603153715932,0.1307244760572318,0.12953611798842968,-0.009424219857704138,1.4999111761904045,0.0
5.085085085085085,-0.08630258734409091,-0.16959363063458685,1.4944205621514464,0.06140756851305114,0.06580325774103173,0.007264453375217323,0.13018725153821578,0.12877948363437156,-0.012565047721668703,1.49984209464165,0.0
5.105105105105105,-0.08944301933507107,-0.15702159954900788,1.495556991105573,0.05682144770633231,0.0656239277578425,-0.008966499159461242,0.1296550006215854,0.12804742171583666,-0.01570537953906425,1.499753280182866,0.0
5.125125125125125,-0.09233274755673421,-0.14448641108315669,1.496582971008333,0.05129899513799512,0.06513787523391219,-0.024302626196515638,0.12916807697907765,0.12736235573533625,-0.018845091334967288,1.4996447363202945,0.0
5.145145145145145,-0.09497371105187552,-0.13204817475706582,1.497481221381886,0.044912518677647985,0.06452574226119756,-0.030606648635732425,0.1287812198918248,0.12666873609179827,-0.021984059158932385,1.4995164673390624,0.0
5.165165165165165,-0.09736885009414799,-0.11975695211362344,1.498235889796873,0.03773342074935557,0.06370196044579464,-0.041189090770145265,0.12848930242545653,0.1261291018131289,-0.025122159089884737,1.4993684783030088,0.0
5.185185185185185,-0.09952136022756666,-0.10762550667093357,1.498834832688461,0.02994714457939562,0.06272761684153698,-0.048717180212883585,0.12825399410604255,0.12561325167156323,-0.02825926724101214,1.4992007750544876,0.0
5.205205205205205,-0.10143511153783526,-0.0956875655134294,1.4992671434458504,0.021615537869469535,0.06155428607746164,-0.058666538203766966,0.1280877659503742,0.12520414625892334,-0.0313952597646567,1.499013364214136,0.0
5.225225225225225,-0.10311434880525767,-0.08396186337112074,1.4995245468686287,0.012870171138913358,0.060142308154643706,-0.07059889614089683,0.1279719868824318,0.1248821164655598,-0.03453001285720283,1.4988062531806126,0.0
5.245245245245245,-0.10456393557825838,-0.07247933865003567,1.4996008426071372,0.003814786925426911,0.058529944279786236,-0.08061819374287313,0.12791705906577472,0.12460911711060105,-0.03766340276396631,1.498579450130307,0.0
5.265265265265265,-0.10578950443367328,-0.061278442770745435,1.4994915029079574,-0.005466984958985795,0.0567195875194579,-0.09051783801641672,0.12793751467781228,0.12442237210568836,-0.04079530578407876,1.4983329640170149,0.0
5.285285285285285,-0.10679729075597345,-0.050389316115008694,1.4991944261521526,-0.014853837790241473,0.05474724364840844,-0.09861719355247262,0.128025401552836,0.12429228514910545,-0.0439255982753716,1.4980668045715864,0.0
5.305305305305305,-0.10759406693612432,-0.039838809007543295,1.498709377965545,-0.0242524093303865,0.05237980065439655,-0.11837214970059452,0.1282014422480383,0.12442096477103139,-0.04705415665925708,1.49778098230154,0.0
5.325325325325325,-0.10818700933746739,-0.029647120067153768,1.4980412766525,-0.033405065652251556,0.04975813682004567,-0.13108319171754454,0.12842740169611877,0.12453670313901073,-0.0501808574256075,1.4974755084906501,0.0
5.345345345345345,-0.10858478581707373,-0.019888823980317067,1.4971956518210368,-0.04228124157316218,0.04703933309399685,-0.13594018630244065,0.12874291309641347,0.12465887496730078,-0.053305577137629935,1.4971503951984995,0.0
5.365365365365365,-0.10879691724996697,-0.010606571644662242,1.496179481175679,-0.05080853226788656,0.04415712023809565,-0.1441106427950605,0.12913925123409825,0.12492008504903174,-0.05642819243674085,1.4968056552600042,0.0
5.385385385385385,-0.10883314299297632,-0.0018112871504671404,1.495002989192635,-0.05882459915220072,0.04100911616451703,-0.1574002036789305,0.12959770465079212,0.12533319707384336,-0.05954858004743479,1.4964413022849068,0.0
5.405405405405405,-0.10870378824633185,0.00646773733222337,1.49367956985308,-0.06617096697774916,0.03772458472886453,-0.16422657178262481,0.1300948465916349,0.12572697216926101,-0.06266661678215218,1.4960573506572388,0.0
5.425425425425425,-0.10842021502877737,0.014178660877724202,1.4922229169585697,-0.07283264472551862,0.034289037203309836,-0.17177737627773507,0.130656119246666,0.12621644717394634,-0.06578217954614123,1.4956538155347534,0.0
5.445445445445445,-0.10799428490602958,0.021296506137389107,1.4906490759860354,-0.07869204862671722,0.03067084924580254,-0.18090939787536442,0.13126175343266894,0.126796940992286,-0.06889514534231903,1.4952307128483255,0.0
5.465465465465465,-0.10743848271460367,0.027790109571295407,1.4889760795256812,-0.08364982301771147,0.026908718712368076,-0.1881065266717228,0.13190041404978495,0.1274135019341142,-0.072005391276126,1.4947880593013254,0.0
5.485485485485485,-0.10676607826978987,0.033620222240689994,1.487222963911486,-0.08765578070976633,0.023023378553689404,-0.19426700793393392,0.13256722456743592,0.128072484707734,-0.07511279456037857,1.494325872368957,0.0
5.505505505505505,-0.10599100912183729,0.038753457397629046,1.4854097794540342,-0.09065922287258563,0.019059207739017158,-0.19820854073361235,0.13324001352875595,0.1287359252002014,-0.0782172325201154,1.4938441702975689,0.0
5.525525525525525,-0.10512780389671111,0.04316026125630882,1.4835566914146918,-0.09265440196711945,0.014965665090901303,-0.20467713240579272,0.13392986688482383,0.12947818561620064,-0.08131858259744179,1.493342972103934,0.0
5.545545545545545,-0.10419139987622385,0.04682020102436307,1.4816852361459265,-0.0935727634382646,0.010664754592382059,-0.21504552492596224,0.1346512120245367,0.13033878787484443,-0.08441672235636695,1.4928222975744991,0.0
5.565565565565565,-0.10319743776075559,0.04969810577341303,1.4798191190312082,-0.0933058557359178,0.006318940191843424,-0.21729072002693178,0.13535044286608983,0.13110762281272656,-0.08751152948763807,1.4922821672646027,0.0
5.585585585585585,-0.10216257157885532,0.051743309095013255,1.4779803043276483,-0.09194073517799671,0.0019880468438084912,-0.2165446674017467,0.1360038726713975,0.13182014346741336,-0.09060288181356864,1.4917226024976649,0.0
5.605605605605605,-0.1011037739135323,0.05293988326615063,1.4761891736119896,-0.08955653578292792,-0.002439189975202378,-0.22136184095054345,0.13663082331590026,0.1326103211336891,-0.09369065729286241,1.4911436253643444,0.0
5.625625625625625,-0.10003815715443068,0.05328083795508093,1.4744667927094393,-0.08611904512751743,-0.006920596313925857,-0.22407031693617396,0.13722159309828147,0.13337340719588406,-0.09677473402543015,1.490545258721667,0.0
5.645645645645645,-0.09898343885573554,0.052735914934756885,1.4728332147005496,-0.08167890044448087,-0.011295077352415105,-0.21872405192446223,0.13772316425930423,0.133972344551984,-0.09985499025720344,1.4899275261921234,0.0
5.665665665665665,-0.09795765135527056,0.05128937502324972,1.4713046589502696,-0.0764277875139977,-0.015617256653523206,-0.2161089650554053,0.13813537278226717,0.1345435427640204,-0.10293130438494062,1.4892904521627361,0.0
5.685685685685685,-0.0969785433047203,0.04895540252751267,1.4698955331512573,-0.07045628995061966,-0.019828272175531597,-0.21055077610041917,0.13845183926715332,0.13500763838658875,-0.1060035549610272,1.4886340617840967,0.0
5.7057057057057055,-0.09606370817448134,0.04574175651194806,1.468617164835582,-0.06391841578376921,-0.023942653933718007,-0.20571908790932122,0.13867742744390216,0.135415253330174,-0.10907162069827128,1.4879583809693737,0.0
5.7257257257257255,-0.09523034345300578,0.04166823607377834,1.4674786306139578,-0.05692671108120244,-0.027946687916494708,-0.20020169913883523,0.13881420230208993,0.13575065961248314,-0.11213538047469052,1.4872634363932886,0.0
5.7457457457457455,-0.09449530015852055,0.03675216472426171,1.4664865581468136,-0.04960362335720334,-0.031738569753843614,-0.1895940918674451,0.13884166738851186,0.13593144920457725,-0.11519471333829524,1.4865492554910633,0.0
5.7657657657657655,-0.0938748811917946,0.031020948336297254,1.4656436089728366,-0.04214745869885376,-0.03538053541540094,-0.18209828307786569,0.13876087485688673,0.13606308140614903,-0.11824949851186232,1.485815866457337,0.0
5.7857857857857855,-0.09338445796079743,0.024521161549858565,1.4649500753209126,-0.03467668259620325,-0.03893379769597913,-0.17766311402890986,0.13860902921135135,0.13618677295718193,-0.12129961539770372,1.485063298245053,0.0
5.8058058058058055,-0.09303879676325648,0.017283059877047473,1.4644050428223283,-0.027251624929210273,-0.04228841503533599,-0.16773086696784206,0.13838224416630568,0.1361853001022738,-0.12434494358242731,1.4842915805643155,0.0
5.8258258258258255,-0.09285217357077778,0.009331159623935005,1.464004595068019,-0.020022387715465783,-0.04540025791770933,-0.15559214411866792,0.13804284935523023,0.13605686322540875,-0.12738536284169114,1.4835007438812176,0.0
5.8458458458458455,-0.09283784220337497,0.0007165683701407608,1.4637412534095322,-0.013167082924341872,-0.048347829943452506,-0.14737860128715868,0.13760240605667776,0.13589293740425631,-0.13042075314494844,1.482690819416637,0.0
5.865865865865866,-0.09300797020988764,-0.00850640032563328,1.4636055196004996,-0.006786690451628301,-0.05105228246934051,-0.1352226262943999,0.1370950174264299,0.13562468885034185,-0.13345099466018778,1.481861839145005,0.0
5.885885885885886,-0.09337385843895255,-0.018294411453245205,1.4635853565392842,-0.0010081530607629454,-0.05353022037809832,-0.12389689543788995,0.1364978030195992,0.135287223679703,-0.13647596775866253,1.481013835793043,0.0
5.905905905905906,-0.09394565091435121,-0.028589623769933452,1.4636663923244548,0.004051789258532449,-0.05575067177210696,-0.11102256970043271,0.13583462345994987,0.1348719439851893,-0.13949555301961467,1.4801468428384714,0.0
5.925925925925926,-0.09473239931204191,-0.03933741988453545,1.4638321511809753,0.008287942826022215,-0.05767646158826356,-0.09628949080782954,0.13510941693882147,0.13437453734924554,-0.14250963123498803,1.479260894508688,0.0
5.945945945945946,-0.09574193227404898,-0.050476648100353176,1.4640640621289183,0.011595547397146248,-0.05927721922224265,-0.0800378816989543,0.1343310103529708,0.13380392816047884,-0.1455180834141359,1.4783560257794153,0.0
5.965965965965966,-0.0969806919184609,-0.061937982220595884,1.464341737176805,0.01388375239434296,-0.06061782990429447,-0.06703053410259181,0.13350378074673644,0.13322542009629204,-0.14852079078851738,1.4774322723733215,0.0
5.985985985985986,-0.09845367356856127,-0.07364908250501886,1.4646440155286382,0.01511391759165388,-0.06183479766937281,-0.06084838825391663,0.13265225090815636,0.13271600894681482,-0.15151763481638703,1.4764896707586095,0.0
6.006006006006006,-0.10016490148331414,-0.08556139573764333,1.4649504547466599,0.015321960901084234,-0.06277376276274106,-0.04694825466841208,0.13186694541421684,0.13217736050216522,-0.15450849718747367,1.4755282581475768,0.0
6.026026026026026,-0.10211784693672055,-0.09764727267032002,1.4652411854382157,0.014536534577792155,-0.06349745295756014,-0.03618450974095369,0.13104486137284488,0.13164124477540165,-0.1574932598276524,1.4745480724951472,0.0
6.046046046046046,-0.10431482791562902,-0.10984904894542341,1.4654958970606362,0.012735581121022577,-0.06401906957037999,-0.026080830640993008,0.1302370873200052,0.13112867014529933,-0.16047180490360477,1.473549152497372,0.0
6.066066066066066,-0.10675735419200283,-0.1221263138186907,1.4656948906195293,0.009949677944651706,-0.0642713484342216,-0.012613943192080056,0.12947392105578606,0.1306149516797659,-0.16344401482747128,1.4725315375899024,0.0
6.086086086086086,-0.10944618142653281,-0.13444136172649931,1.46581915936743,0.0062134373950291505,-0.06419547589726615,0.0037936268477730267,0.12875147390201266,0.13009534270770384,-0.16640977226149328,1.4714952679464322,0.0
6.106106106106106,-0.11238101689711413,-0.14674177352906637,1.4658502781538258,0.0015559393198026992,-0.06385811023226773,0.016868283249920516,0.12803724799636015,0.1296164243585454,-0.16936896012264577,1.4704403844771128,0.0
6.126126126126126,-0.11556036874869871,-0.1589675925792287,1.4657706258534746,-0.003982615017561681,-0.06326198059194109,0.02980648201633168,0.12739095056440164,0.12919808322842513,-0.17232146158725853,1.469366928826937,0.0
6.146146146146146,-0.11898184120669865,-0.17107362289999672,1.4655645445856986,-0.010304063388796764,-0.06251906882512408,0.03714558834085087,0.12676101082140728,0.12886184052503846,-0.17526716009562954,1.4682749433740963,0.0
6.166166166166166,-0.12264222832550772,-0.18301935594045352,1.4652178931045468,-0.01733257405758897,-0.061505953409321745,0.0506557707901162,0.12627703042539626,0.1285850442274201,-0.17820593935662532,1.467164471228306,0.0
6.186186186186186,-0.12653793335009128,-0.19478525122917736,1.4647195994839217,-0.024914681031254604,-0.06029597503569796,0.06049891868118917,0.12581442574826338,0.12836583476098626,-0.18113768335227273,1.4660355562291056,0.0
6.206206206206206,-0.1306644991751632,-0.20632829125359647,1.4640598189350207,-0.03298902744505629,-0.05874562607144852,0.07751744821247156,0.12552293549779353,0.12821101058081366,-0.184062276342339,1.4648882429441257,0.0
6.226226226226226,-0.13501686204187532,-0.21761814333560617,1.4632322287216777,-0.04137951066715426,-0.05707638185563286,0.0834622107907841,0.12517683941596555,0.12812984860024307,-0.18697960286890014,1.4637225766673307,0.0
6.246246246246246,-0.13958881236967924,-0.22859751639019546,1.462230856684025,-0.05006860188263648,-0.05513292686970225,0.09717274929652904,0.12503310003043777,0.12813938113309037,-0.1898895477609005,1.462538603417229,0.0
6.266266266266266,-0.14437388951278565,-0.2392538571553205,1.4610540803710432,-0.05883881564908891,-0.05305507985914313,0.1038923505279571,0.12487294821700864,0.12820764808027707,-0.19279199613869824,1.4613363699350574,0.0
6.286286286286286,-0.14936472181529326,-0.24954161512538034,1.4597009493441766,-0.06765655134333136,-0.05071116371462411,0.11719580722595012,0.1248973792075926,0.1283607484173243,-0.1956868334186012,1.460115923682935,0.0
6.306306306306306,-0.15455357543449477,-0.25944268096007544,1.458174511213364,-0.07632190654063432,-0.04826107842332406,0.12250426456500241,0.1248887509338063,0.12856725439756414,-0.19857394531739023,1.4588773128419907,0.0
6.326326326326326,-0.1599317928191249,-0.26891086923150564,1.4564781498029966,-0.08481807051836522,-0.045596512800255375,0.13322828115343543,0.1250449241829658,0.12885381416102332,-0.20145321785683137,1.4576205863104588,0.0
6.346346346346346,-0.16549048202090413,-0.2779344600889625,1.4546188715619752,-0.09296391205106919,-0.04266560312964105,0.14654548353071603,0.1253221739501027,0.12920465872658946,-0.2043245373681745,1.4563457937017514,0.0
6.366366366366366,-0.17122000695997258,-0.2864762469534217,1.4526064420991602,-0.10062147314074661,-0.039542226473687915,0.1561688327976565,0.1256438852363594,0.12962281592324318,-0.20718779049664207,1.4550529853424978,0.0
6.386386386386386,-0.17710973496881702,-0.2944864004422221,1.4504523000224412,-0.10770710383595422,-0.036310954070844885,0.16156362014215192,0.12598505735743754,0.13009443862221046,-0.21004286420590315,1.4537422122705586,0.0
6.406406406406406,-0.1831483184367023,-0.3019291733942637,1.4481689626967225,-0.11416686628594018,-0.032923983225693905,0.16934854225754775,0.12642673467517213,0.13061514624093987,-0.21288964578253636,1.4524135262330098,0.0
6.426426426426427,-0.18932399691601579,-0.3087839239656741,1.4457711430977,-0.11989097995112206,-0.029391795226065165,0.17660939998143782,0.12692277494189796,0.13117299376553923,-0.21572802284047934,1.4510669796841014,0.0
6.446446446446447,-0.1956244088066649,-0.31502059453245634,1.4432748923119894,-0.12481253928553393,-0.02561951135629568,0.1886141934884741,0.1275709450017475,0.13179266204862275,-0.21855788332546655,1.4497026257831855,0.0
6.466466466466467,-0.20203652712371362,-0.3206059158524354,1.4406994057619298,-0.1287743275029749,-0.021846345804454787,0.1886582775920447,0.12808903628185125,0.13241073258276911,-0.2213791155194507,1.448320518392618,0.0
6.486486486486487,-0.20854632693259198,-0.32548999044391774,1.438061908586826,-0.13187485875519173,-0.01789430484260761,0.1976020480923587,0.12878427953061827,0.13306628378623253,-0.22419160804501606,1.446920712075632,0.0
6.506506506506507,-0.21513964896068358,-0.3296661014045795,1.4353827533381252,-0.13395776243504365,-0.013897083506058627,0.1998610668274493,0.12941338578812836,0.1337130493640618,-0.22699524986977335,1.445503262094184,0.0
6.526526526526527,-0.22180153038987255,-0.33309407145944836,1.4326811434068387,-0.13508049656432608,-0.009759644121586614,0.2068719692236003,0.13015176537360157,0.13437907817503433,-0.2297899303107439,1.4440682244067724,0.0
6.546546546546547,-0.22851667713727625,-0.3357573373701851,1.4299781305078538,-0.13515064494924095,-0.00554291462764205,0.2108364746972282,0.13087866354011884,0.1350405766437774,-0.23257553903872918,1.4426156556662275,0.0
6.566566566566567,-0.23526907024765387,-0.3376196555188809,1.4272944742872946,-0.1341828110279565,-0.0013104113228517048,0.21162516523951716,0.13156444177589768,0.13567320638121785,-0.23535196608266631,1.4411456132174767,0.0
6.586586586586587,-0.24204220874760468,-0.3386569249975404,1.4246498335167488,-0.13223203852729426,0.0029077793065503637,0.21090953147010338,0.13220629071989182,0.13625458469561774,-0.23811910183396962,1.439658155095278,0.0
6.606606606606607,-0.24881940227951557,-0.3388596765955448,1.422062387485729,-0.1293723015509904,0.007186409944193754,0.2139315318821695,0.13289630088505405,0.13680585795619912,-0.24087683705085772,1.4381533400219317,0.0
6.626626626626627,-0.25558382143154634,-0.33822095760153986,1.4195505121014032,-0.12559376921629412,0.011421970809215932,0.21177804325110897,0.13349862765487255,0.1373065956407929,-0.24362506286266608,1.4366312274049602,0.0
6.646646646646647,-0.2623182971709661,-0.3367237869709875,1.4171304623545176,-0.12100248734427682,0.015658750129480647,0.2118389660132358,0.13410017471692853,0.1377493015461494,-0.24636367077414592,1.4350918773347627,0.0
6.666666666666667,-0.26900571096808534,-0.3343706898559606,1.4148175495486972,-0.11564564029101679,0.019912042231875458,0.2126646051197401,0.1346993000790379,0.13814734251498992,-0.24909255266974537,1.433535350582245,0.0
6.686686686686687,-0.2756287857806548,-0.3311537406284737,1.4126263136726942,-0.10956179380014845,0.024069100214537238,0.2078528991330892,0.1351775868706449,0.13846857306386642,-0.2518116008178804,1.4319617085964178,0.0
6.706706706706707,-0.28217015504865617,-0.3270684634000679,1.4105682913199875,-0.10290111763533685,0.028169670282191653,0.20502850338272102,0.13561323661724656,0.1386944930385951,-0.25452070787518566,1.4303710135019718,0.0
6.726726726726727,-0.2886127688342671,-0.32213068928054767,1.4086529101124257,-0.09576906037809359,0.03214412011538147,0.19872249165949019,0.13593822770941397,0.13882875827473257,-0.25721976689075327,1.4287633280968262,0.0
6.746746746746747,-0.2949397915198683,-0.31635113428006095,1.4068865359452396,-0.08831870835930496,0.03588222085107305,0.18690503678457904,0.13607991049264434,0.1388326358724017,-0.2599086713103548,1.4271387158496476,0.0
6.766766766766767,-0.30113502762140126,-0.3097618050766473,1.4052708363359958,-0.08078498046219257,0.03939885510324386,0.17583171260854008,0.1361065049809753,0.13869753343601848,-0.26258731498064775,1.425497240897346,0.0
6.786786786786787,-0.3071834057269833,-0.3024189052791034,1.4038036870624169,-0.0733574636789478,0.04280204459433625,0.17015947455461955,0.1361357311101229,0.1384766751389968,-0.2652555921533669,1.4238389680425416,0.0
6.806806806806807,-0.31307076848750715,-0.29436813802619116,1.4024817125673257,-0.06609872475456328,0.04599552476845108,0.15967400870574217,0.1360649796152762,0.13820016502524016,-0.2679133974894982,1.4221639627510076,0.0
6.826826826826827,-0.3187835722822949,-0.2856401897393893,1.4012992040583137,-0.05912542545059975,0.04900558630166238,0.15050307666056373,0.13592990900574314,0.13782779125628394,-0.2705606260634379,1.4204722911490846,0.0
6.846846846846847,-0.32430923181909943,-0.2762829768402252,1.4002480758754838,-0.05255640914149303,0.051730368776837496,0.13623912375875583,0.13566386459227286,0.1373796439884062,-0.2731971733671345,1.418764020021071,0.0
6.866866866866867,-0.3296361306892656,-0.266344943508308,1.399317180443976,-0.046544771575401246,0.05418576496160375,0.12276980923831332,0.1353099042292634,0.13682751320414813,-0.2758229353142151,1.4170392168065855,0.0
6.886886886886887,-0.3347540582100826,-0.25589637604084897,1.398492557227828,-0.041231160807395084,0.056492907959667084,0.11535714990316566,0.13497811376582963,0.1362093275142249,-0.27843780824409403,1.4152979495979063,0.0
6.906906906906907,-0.3396539819722412,-0.2449961881079324,1.3977596291575507,-0.03664640351386016,0.05866844505029428,0.10877685453136032,0.13466322389593358,0.135583011652284,-0.28104168892606535,1.4135402871372809,0.0
6.926926926926927,-0.3443274700714023,-0.23367440495805405,1.3971039620018495,-0.032783357785064714,0.060560209486164036,0.09458822179348794,0.13424506567346126,0.13494355676461087,-0.28363447456337815,1.411766298814214,0.0
6.946946946946947,-0.34876683242232,-0.22196811754588483,1.3965094131203608,-0.02972744407442893,0.062225659006727774,0.08327247602818734,0.13377655651805656,0.13421356750602356,-0.2862160627972955,1.4099760546627262,0.0
6.966966966966967,-0.3529656740887377,-0.2099420833208854,1.3959578100476002,-0.02758015363803249,0.06362119556476972,0.06977682790209719,0.13326347996663174,0.13346484446368007,-0.2887863517111337,1.408169625358592,0.0
6.986986986986987,-0.35691859553467553,-0.19764607229689302,1.395430089947332,-0.026386005013416612,0.06466020415268954,0.05195042939599111,0.1326736950761721,0.13269974008673374,-0.29134523983428795,1.4063470822165471,0.0
7.007007007007007,-0.3606214668966515,-0.18514356809879795,1.3949058742327909,-0.02621078572705943,0.06546517022810958,0.04024830377100268,0.13209791385165465,0.13187481267474135,-0.2938926261462365,1.4045084971874737,0.0
7.027027027027027,-0.36407164741692993,-0.17250902601392162,1.3943641932061466,-0.027084051332215184,0.06609194649805832,0.0313388134974368,0.13158450249445883,0.13107584920967305,-0.2964284100805296,1.402653942855561,0.0
7.047047047047047,-0.3672673533692397,-0.15978529761549032,1.393785441253021,-0.028937597656276775,0.06654253906780659,0.022529628487414185,0.1311160154508628,0.1303188443181006,-0.29895249152875947,1.4007834924354383,0.0
7.067067067067067,-0.37020745013302964,-0.14700483818949495,1.3931513422606063,-0.03170494962073159,0.06685484570687619,0.015615331953480206,0.13069168780308463,0.12957930647334756,-0.3014647708445124,1.3988972197692855,0.0
7.087087087087087,-0.37289138072692113,-0.13419652969457327,1.3924445762854378,-0.03533829875841971,0.06687821049638532,0.0011682394754560631,0.13025950782440368,0.12893142203181743,-0.30396514884730275,1.3969951993239176,0.0
7.107107107107107,-0.37531907919115703,-0.12138492321179623,1.3916490978586469,-0.03977392133955243,0.0666186970303154,-0.012975673303496065,0.12982059784872424,0.12828280959094893,-0.3064535268264883,1.395077506187845,0.0
7.127127127127127,-0.3774916178409303,-0.10862693248866369,1.390748825559745,-0.04501361494508814,0.06613658039533668,-0.02410583174893606,0.12943023631656547,0.1276529795670764,-0.3089298065451671,1.3931442160683094,0.0
7.147147147147147,-0.3794110504823781,-0.09597163207239026,1.3897287451519549,-0.05100402038951306,0.06539405447430828,-0.03712629605141917,0.12909429961857594,0.1271111237740129,-0.31139389024405634,1.391195405288294,0.0
7.167167167167167,-0.3810801422593925,-0.08345458885072075,1.3885760025262153,-0.057637131286984215,0.06442264303786094,-0.04857057182236787,0.12881409368052563,0.1266157943376743,-0.3138456806453502,1.3892311507835118,0.0
7.187187187187187,-0.3825025790064472,-0.07112183735273293,1.3872793180440073,-0.06483422411039647,0.06337788281072142,-0.052238011356976276,0.12862220971196608,0.1261141888373651,-0.3162850809565622,1.3872515300993669,0.0
7.207207207207207,-0.3836826942072631,-0.059005760040793755,1.3858286775328885,-0.07253202555594308,0.06202071381132577,-0.06785844996978149,0.12849443343392358,0.12583872275737412,-0.3187119948743449,1.3852566213878945,0.0
7.227227227227227,-0.38462487089704556,-0.04710883448912454,1.3842183707999627,-0.08051533664628979,0.06041810490816997,-0.08013044515779003,0.12839556206121128,0.12556659091710787,-0.3211263265882922,1.383246503404675,0.0
7.247247247247247,-0.3853346065584874,-0.03548678307209081,1.3824432324827687,-0.08875691585970444,0.058571252275643006,-0.09234263162634836,0.1283791911484625,0.12539239283303374,-0.3235279807847222,1.381221255505724,0.0
7.267267267267267,-0.38581811952113626,-0.02417564813244224,1.3805008133898689,-0.09712095464499693,0.05642994406602657,-0.10706541048082165,0.1284379812933335,0.12534537618935876,-0.3259168626504393,1.379180957644361,0.0
7.287287287287287,-0.3860824308624876,-0.013215567067566363,1.3783917004953499,-0.10545564472595254,0.054173325382445986,-0.11283093417902923,0.1285666382700429,0.12527019653245733,-0.32829287787647815,1.377125690368052,0.0
7.307307307307307,-0.38613555850469816,-0.002656382110526467,1.3761171474648803,-0.11372765152347834,0.05170150574467019,-0.12359098188878945,0.1287883419439782,0.12536698389172116,-0.33065593266182586,1.3750555348152298,0.0
7.327327327327327,-0.38598579868396604,0.007487991036606412,1.373682334819103,-0.12174063228886563,0.04911910129816411,-0.12912022232530393,0.1290531505454219,0.12545627116864477,-0.3330059337171258,1.372970572712091,0.0
7.347347347347347,-0.3856421679324082,0.017181537577891773,1.3710929938743854,-0.12946704723587074,0.0462641387556162,-0.14274812712739562,0.1293988188959904,0.1257502597946769,-0.33534278826836,1.3708708863693695,0.0
7.367367367367367,-0.3851139601822815,0.026410387506333052,1.368359080237093,-0.1366956818646235,0.04318187750212744,-0.1541130626744381,0.12979084805100694,0.12608836323920974,-0.33766640406051224,1.3687565586790869,0.0
7.387387387387387,-0.3844115244522197,0.035121786503088885,1.3654919135919117,-0.14335833225906555,0.040008075891391826,-0.15869008053678088,0.1302361843816653,0.12641411217425272,-0.3399766893612096,1.3666276731112799,0.0
7.407407407407407,-0.38354610072754114,0.04327118623392919,1.3625034291555973,-0.14942422181572412,0.03680053708510036,-0.160376940314573,0.13071729917539682,0.12675402986939563,-0.34227355296434436,1.3644843137107057,0.0
7.4274274274274275,-0.3825292597599979,0.050842048377160984,1.3594062824420245,-0.1548573356786361,0.03344017973546228,-0.16801786748190412,0.13123505455239806,0.12722643846293688,-0.34455690419367413,1.3623265650935235,0.0
7.4474474474474475,-0.3813727291847327,0.057826528763259596,1.3562156023686205,-0.1595340036702021,0.02999284354667796,-0.17236680943921592,0.13176403212603036,0.12769068260931615,-0.3468266529064026,1.3601545124439534,0.0
7.4674674674674675,-0.380088869510926,0.06419298369033326,1.3529465469056454,-0.16345277314875117,0.026382165492318414,-0.1805339027179769,0.13233558511250634,0.1282714992528095,-0.34908270949673625,1.3579682415109158,0.0
7.4874874874874875,-0.37869045094515474,0.06992092828856249,1.3496166007153843,-0.16649730951305708,0.022707413264602412,-0.18373761138580028,0.13291226010819038,0.1288195261440813,-0.35132498489942454,1.3557678386046428,0.0
7.5075075075075075,-0.37719092547462596,0.07497627352643967,1.346242813138933,-0.16868937882256194,0.01882537433094796,-0.19410194668272257,0.1335338894920481,0.1295342178582021,-0.35355339059327373,1.3535533905932737,0.0
7.5275275275275275,-0.37560412885319117,0.07933983107173845,1.3428453261225606,-0.16987435081862376,0.01490845442222468,-0.19584599543616396,0.13414155550468135,0.1301543071731931,-0.35576783860464267,1.3513249848994247,0.0
7.5475475475475475,-0.3739448514347556,0.08296387092178001,1.339442639573329,-0.1701343274615834,0.010975512965546844,-0.19664707283389188,0.13473444904504758,0.13077162724731126,-0.3579682415109156,1.3490827094967364,0.0
7.5675675675675675,-0.3722281363244244,0.08583575551655886,1.3360529392593763,-0.16948501569763194,0.006975804472187302,-0.19998542466797722,0.13530646155154646,0.13142817860371098,-0.36015451244395347,1.3468266529064024,0.0
7.587587587587588,-0.3704692402254785,0.0879448049472962,1.3326946252363536,-0.16791570115113044,0.002937788880207758,-0.2019007795989772,0.13585411924823906,0.13207140672536619,-0.36232656509352335,1.3445569041936742,0.0
7.607607607607608,-0.36868379477350055,0.08927227259889642,1.3293854816892485,-0.1654571773552596,-0.0011982670204000651,-0.20680279503039117,0.13638908409211545,0.13277272833577905,-0.36448431371070583,1.3422735529643441,0.0
7.627627627627628,-0.3668877774124154,0.089800868054258,1.3261439033408735,-0.16207891741874927,-0.005297585161141702,-0.20496590703708192,0.13687364608435268,0.1333672787176311,-0.3666276731112799,1.3399766893612097,0.0
7.647647647647648,-0.3650976657719771,0.08950558202191594,1.3229858913745745,-0.1579005983149554,-0.009367229886844946,-0.20348223628516204,0.13729313119626219,0.1339279974590855,-0.368756558679087,1.3376664040605122,0.0
7.667667667667668,-0.36332998237329045,0.08838416993433203,1.3199259138206305,-0.15299887769720075,-0.01321476112374443,-0.19237656184497434,0.1375999016691037,0.13427150466817997,-0.37087088636936955,1.3353427882683602,0.0
7.687687687687688,-0.3616010718570825,0.08644552581039751,1.3169734840999725,-0.14762148603290276,-0.017065345290163347,-0.19252920832094583,0.13782971408909747,0.13470511721750755,-0.37297057271209105,1.3330059337171258,0.0
7.707707707707708,-0.3599265224279989,0.08372747145418238,1.3141382549020724,-0.14176145989500968,-0.020857066126475154,-0.1895860418155901,0.13801350754149816,0.13508116080119445,-0.3750555348152298,1.330655932661826,0.0
7.727727727727728,-0.35832198541383425,0.08022685070823032,1.3114282835289495,-0.13549856865614185,-0.024531224024556708,-0.18370789490407763,0.1381246494875122,0.13537011687289793,-0.37712569036805194,1.3282928778764782,0.0
7.747747747747748,-0.35680287752819,0.07595539428221315,1.3088492052084508,-0.12895391602493161,-0.028064110026153836,-0.1766443000798564,0.13814344957271013,0.1355722358526839,-0.37918095764436094,1.3259168626504394,0.0
7.767767767767768,-0.35538410999825426,0.07093837649678829,1.3064039540155457,-0.12226255964525724,-0.03144511620310407,-0.169050308847512,0.13807161622380662,0.1356960412437643,-0.38122125550572383,1.3235279807847222,0.0
7.787787787787788,-0.35407997108902783,0.06520694546132151,1.3040929229059564,-0.1155515554794702,-0.034658917832309136,-0.16069008146025368,0.1379121067376013,0.13573994236764678,-0.38324650340467487,1.3211263265882922,0.0
7.807807807807808,-0.35290404159612154,0.058796474645314255,1.3019139920529366,-0.10894654265098756,-0.037727587075129035,-0.1534334621409946,0.13767051797583404,0.13573346713407755,-0.38525662138789457,1.3187119948743449,0.0
7.827827827827828,-0.351869174449753,0.05174335731842709,1.2998630580823742,-0.10254669852811439,-0.04057085424651604,-0.1421633585693501,0.13735385187535015,0.1356144539239245,-0.38725153009936686,1.3162850809565623,0.0
7.847847847847848,-0.3509874554734197,0.044085948816666616,1.2979332213159536,-0.096491838321032,-0.04326403891210009,-0.13465923327920273,0.13694660981333592,0.1354669399963204,-0.38923115078351167,1.3138456806453502,0.0
7.867867867867868,-0.35026996016523615,0.035874765409177924,1.2961158198828155,-0.09087007165689993,-0.045803013620015334,-0.1269487353957621,0.13648670752950562,0.13527960206914538,-0.39119540528829405,1.3113938902440563,0.0
7.887887887887888,-0.349727097741509,0.027143121186355777,1.2944008185429599,-0.08575006699278552,-0.04806046798401572,-0.11287271820001911,0.13597312098437037,0.13496565975709524,-0.39314421606830946,1.308929806545167,0.0
7.907907907907908,-0.3493684803615061,0.017930869000145625,1.292775515381104,-0.08126515809279607,-0.04997496224667525,-0.0957247131329764,0.13537258392399845,0.13452560970168073,-0.3950775061878452,1.306453526826488,0.0
7.927927927927928,-0.3492023731895162,0.008305358599494073,1.2912240869901745,-0.07757141954647041,-0.051532867474113425,-0.07789526137190933,0.13469958983998434,0.1339999733182978,-0.3969951993239176,1.3039651488473027,0.0
7.947947947947948,-0.3492354095738911,-0.0016518192187457495,1.2897284229670933,-0.0747832011540569,-0.05293002364746516,-0.06985780866758616,0.13395945785635063,0.13353427535632778,-0.39889721976928555,1.3014647708445124,0.0
7.967967967967968,-0.34947280694866956,-0.011869868738923397,1.2882703682589371,-0.07290273540780794,-0.05408701628517866,-0.05784963188567527,0.1332664811535253,0.13306875161128798,-0.4007834924354382,1.2989524915287596,0.0
7.987987987987988,-0.3499191177119894,-0.022315538165992157,1.2868324948713974,-0.07189366937698426,-0.054993441690079484,-0.04532127024504117,0.13256828749389107,0.13259070277913082,-0.40265394285556094,1.2964284100805297,0.0
8.008008008008009,-0.35057784874481385,-0.03293655164122277,1.285397158314276,-0.07176682785607048,-0.055745858911432314,-0.03762086106764237,0.13184966711683216,0.1321558998140571,-0.40450849718747367,1.2938926261462367,0.0
8.028028028028029,-0.3514515373801308,-0.04368443176584715,1.2839471025621139,-0.07250278760810773,-0.05631277283521964,-0.02834569618936604,0.13117034124202975,0.13174321743856743,-0.406347082216547,1.2913452398342882,0.0
8.048048048048049,-0.35254214016067714,-0.05453013902731664,1.2824660119843325,-0.07405452888906333,-0.05667991832635366,-0.0183572745567011,0.1305068834677274,0.13133752838265897,-0.40816962535859197,1.2887863517111338,0.0
8.068068068068069,-0.353850928023472,-0.06543939313974446,1.2809379488203119,-0.07640315820103037,-0.056745299699001224,-0.0032690686323779694,0.1298938470289631,0.13091139513826894,-0.4099760546627262,1.2862160627972954,0.0
8.088088088088089,-0.3553783859945015,-0.07637289855147504,1.2793474622657268,-0.07952432772925475,-0.0565190368188352,0.01131314400830099,0.12928848994767747,0.13048887943362994,-0.4117662988142137,1.283634474563378,0.0
8.108108108108109,-0.35712380542760924,-0.0872709716553874,1.2776793347668904,-0.08340637494181997,-0.05609408027326975,0.021247827278272045,0.1286884195697842,0.13012309988641874,-0.41354028713728086,1.2810416889260654,0.0
8.128128128128129,-0.359085454489346,-0.09808245308683815,1.2759193295721833,-0.08800025973534976,-0.05541543664136776,0.03393218159510056,0.1281799285232705,0.1298056449362097,-0.4152979495979064,1.278437808244094,0.0
8.148148148148149,-0.3612609144949324,-0.10877300027932157,1.2740553213872354,-0.09320040924739195,-0.054589533278364646,0.04129516815015488,0.12767445879914838,0.12955210389611474,-0.4170392168065857,1.275822935314215,0.0
8.168168168168169,-0.3636469299468213,-0.11930077259444437,1.2720762274098338,-0.09895469887008305,-0.0535186521200437,0.05354405791604759,0.1272922084441051,0.12935109660427693,-0.4187640200210708,1.2731971733671346,0.0
8.188188188188189,-0.36623984142797883,-0.1296455740578777,1.269973592680994,-0.10513173644198559,-0.05216719630453506,0.06757279077543257,0.12698502531081984,0.129187682191553,-0.4204722911490845,1.270560626063438,0.0
8.208208208208209,-0.3690351142974302,-0.1397636434725671,1.2677406753479916,-0.11164586665012348,-0.05065307329186034,0.07570615063373522,0.12668455183659869,0.12909344643390658,-0.4221639627510074,1.2679133974894985,0.0
8.228228228228229,-0.37202729566796217,-0.14960906852659928,1.2653719067257667,-0.11843843111124276,-0.04887243112287227,0.08903210844940306,0.12653275025693966,0.1290674585504662,-0.4238389680425416,1.265255592153367,0.0
8.248248248248249,-0.37521043096585976,-0.1591567648948808,1.2628649511088526,-0.12534778084571235,-0.04694437991855702,0.09640256021576271,0.12637884725529305,0.12910078860811697,-0.425497240897346,1.2625873149806477,0.0
8.268268268268269,-0.3785776295360851,-0.1683599285112675,1.2602183597612395,-0.13232956738065618,-0.04488354404508766,0.10304179367346819,0.12629894248861395,0.12920655383740343,-0.4271387158496475,1.2599086713103549,0.0
8.288288288288289,-0.38212161114998217,-0.17719908069485257,1.2574328648541944,-0.13927474535225334,-0.04255929837220795,0.11621228364398613,0.1263738518863508,0.12936657025311235,-0.42876332809682605,1.2572197668907532,0.0
8.308308308308309,-0.38583467601136084,-0.1856532430689337,1.254512301305406,-0.14602817743941884,-0.040052662303841254,0.12533180341833447,0.12646747100093828,0.12957674304097727,-0.4303710135019719,1.2545207078751854,0.0
8.328328328328329,-0.38970814825652295,-0.1936736122581039,1.251461550547465,-0.15253753789704516,-0.03743410227603843,0.1309280013901412,0.1265942590617302,0.12984915665646982,-0.43196170859641764,1.2518116008178803,0.0
8.348348348348349,-0.3937327312561699,-0.20122914998234842,1.2482869145736843,-0.15873179868903498,-0.03466162323024669,0.13862395228958624,0.12681537097983117,0.13017242474815333,-0.433535350582245,1.2490925526697454,0.0
8.368368368368369,-0.3978987597353042,-0.20830142395671386,1.244996837958585,-0.16450383075496625,-0.03171046128299843,0.1475580973624127,0.12711595484064275,0.13053856116712487,-0.43509187733476273,1.2463636707741461,0.0
8.388388388388389,-0.4021959820810493,-0.2148611172872534,1.2416015725258887,-0.16976327163481117,-0.028630369563581205,0.15400458597086203,0.12744635246704375,0.13094511431817185,-0.4366312274049601,1.2436250628626662,0.0
8.408408408408409,-0.40661341810079515,-0.22087180098729364,1.2381124043445693,-0.17445840906596982,-0.025515316430030334,0.15575265667754357,0.12775893387266538,0.1313770324397445,-0.4381533400219318,1.2408768370508576,0.0
8.428428428428429,-0.4111396036494627,-0.2263092774333779,1.234540714192026,-0.17858450762716527,-0.02224916351277815,0.16330764586260885,0.12819773214692617,0.13184098671323816,-0.43965815509527806,1.2381191018339697,0.0
8.448448448448449,-0.41576295092238214,-0.23116736364597126,1.2309001955471914,-0.18202593224172536,-0.018743280805168728,0.17529413538047134,0.12876359833878137,0.13234555174131468,-0.4411456132174766,1.2353519660826664,0.0
8.468468468468469,-0.4204711530155757,-0.23541010465967765,1.227207003197637,-0.18465961747771775,-0.015230372975728598,0.17564539147200678,0.12921423990348585,0.13285923178562598,-0.4426156556662277,1.232575539038729,0.0
8.488488488488489,-0.42525093066458786,-0.23898888245060695,1.2234756988250566,-0.1865652186290223,-0.011623331017233163,0.18035209792477153,0.12975562961674109,0.13338623550788858,-0.44406822440677224,1.229789930310744,0.0
8.508508508508509,-0.43008887539233015,-0.24189723638711563,1.2197223403185569,-0.18766792532498935,-0.007954341686626714,0.18344946653032257,0.13029365905795384,0.13390534368791263,-0.4455032620941839,1.2269952498697734,0.0
8.528528528528529,-0.43497108182166505,-0.2441103214667437,1.2159627767166974,-0.18797818009297615,-0.0042933337128448915,0.18305039868909104,0.1307905249919158,0.13440621825559923,-0.4469207120756319,1.2241916080450161,0.0
8.548548548548549,-0.439883349837805,-0.24561340080699806,1.2122119294642753,-0.18754236262110247,-0.0005290755692596508,0.18821290717926203,0.13137854674283833,0.13490117058958845,-0.44832051839261794,1.2213791155194507,0.0
8.568568568568569,-0.4448113812988216,-0.24640157305082896,1.2084859305556637,-0.18629994543057626,0.0033104885945608154,0.19197820819102332,0.13197371130257946,0.13539116982509783,-0.44970262578318554,1.2185578833254664,0.0
8.588588588588589,-0.4497403280991576,-0.24644734001680066,1.2048008922945657,-0.18425191305490132,0.007133111988638801,0.19113116970389923,0.13250612184027788,0.13585143176002096,-0.4510669796841014,1.2157280228404794,0.0
8.608608608608609,-0.45465495004277906,-0.24573109718107283,1.2011714997088974,-0.18146962928341054,0.010928568512875053,0.18977282621181243,0.13300524716935053,0.1362612365895948,-0.4524135262330097,1.2128896457825364,0.0
8.62862862862863,-0.4595399863575273,-0.24425181573741067,1.1976111387302724,-0.17801804893124784,0.014708931114081013,0.18901813006029802,0.1334875454038155,0.13662163139965042,-0.4537422122705585,1.2100428642059031,0.0
8.64864864864865,-0.4643801796359559,-0.24200966392142928,1.1941321562243437,-0.1739491252964333,0.018428282357813727,0.18596756218663557,0.13390928418390263,0.13692709786957152,-0.4550529853424979,1.207187790496642,0.0
8.66866866866867,-0.46916028467494186,-0.23900525194929723,1.190745130525772,-0.16935128492858287,0.022092193686468028,0.18319556643271498,0.1342958313076026,0.13717072221136653,-0.4563457937017514,1.2043245373681746,0.0
8.68868868868869,-0.47386520862168935,-0.2352461973373746,1.18745914867293,-0.16429909264209203,0.025594746597221402,0.17512764553766874,0.1345565965074601,0.1373376775271103,-0.45762058631045877,1.2014532178568313,0.0
8.70870870870871,-0.47848013103173154,-0.23074612050210858,1.184280247200692,-0.15894507361190036,0.028986202588851484,0.169572799581504,0.13478158835780168,0.13741922765013426,-0.4588773128419907,1.19857394531739,0.0
8.72872872872873,-0.4829909154202309,-0.225539219424969,1.181212629620534,-0.15338087900789185,0.03235043046778948,0.16821139394690002,0.1350326404294684,0.13744994353474388,-0.4601159236829352,1.1956868334186013,0.0
8.74874874874875,-0.48738380768563244,-0.21964461327007537,1.1782600953300557,-0.1476267145239142,0.03560367926965026,0.16266244009303893,0.13521020625476038,0.13743869269044914,-0.46133636993505744,1.1927919961386984,0.0
8.76876876876877,-0.4916451714219672,-0.21306818681673767,1.1754246905356798,-0.141770239718792,0.03863986823529298,0.15180944828213588,0.1352496801031759,0.1373429652176819,-0.46253860341722897,1.1898895477609006,0.0
8.78878878878879,-0.4957619187805955,-0.20583736793141644,1.1727051359836276,-0.13597772760260968,0.041390919118626794,0.13755254416669066,0.13514421357008022,0.13713888363012167,-0.46372257666733063,1.1869796028689004,0.0
8.80880880880881,-0.49972203895292383,-0.1980060086164173,1.1700963941395863,-0.13043709220205926,0.043929391315728185,0.12692360985506965,0.13499415563533673,0.1368369251153562,-0.46488824294412573,1.184062276342339,0.0
8.82882882882883,-0.5035148213257155,-0.18963911863957916,1.1675913302566725,-0.12525319414569125,0.04636493271787618,0.12177707010739915,0.1348805819717435,0.13648803352217606,-0.4660355562291055,1.1811376833522729,0.0
8.84884884884885,-0.507130380588471,-0.18077796313778152,1.1651826636357816,-0.12043333104454818,0.048574045517145455,0.1104556399634639,0.13468842664122624,0.13612908482051583,-0.467164471228306,1.1782059393566253,0.0
8.86886886886887,-0.5105594128547579,-0.17145161331434502,1.1628617966364643,-0.11604334996586735,0.05064949161479748,0.10377230488260146,0.1344975743324737,0.13570228101513163,-0.4682749433740961,1.1752671600956297,0.0
8.88888888888889,-0.5137935831376486,-0.16170851414452905,1.1606191690168186,-0.11213138098228771,0.05257088012972962,0.09606942574660737,0.13428707811127524,0.1352574578578277,-0.46936692882693704,1.1723214615872586,0.0
8.90890890890891,-0.5168251315239664,-0.15157741931589114,1.1584446727898776,-0.10872481134704488,0.054256486046483365,0.08428029583768687,0.13400316665781015,0.13478539116416957,-0.4704403844771127,1.1693689601226456,0.0
8.92892892892893,-0.5196470553132737,-0.14109618946536595,1.1563267279441525,-0.10589724228625572,0.05571667662680173,0.07300952901591823,0.13367308778704035,0.13425781218584304,-0.4714952679464322,1.1664097722614934,0.0
8.94894894894895,-0.5222534146917074,-0.13031796892168634,1.1542522887833457,-0.10372195804033667,0.056959446713758834,0.062138504347855464,0.13331954045715316,0.1336995017865176,-0.47253153758990235,1.1634440148274714,0.0
8.96896896896897,-0.5246392751048471,-0.11929302065698674,1.1522075487251977,-0.10223700290740312,0.058045712252174975,0.05431327692080661,0.13298142942601063,0.13311381753533477,-0.47354915249737217,1.1604718049036047,0.0
8.98898898898899,-0.5268005206835354,-0.10806227893441683,1.1501785672862375,-0.10144907194801193,0.058808029165225754,0.03811584565254019,0.13257661501965265,0.13257084374039826,-0.47454807249514724,1.1574932598276524,0.0
9.00900900900901,-0.5287338321004847,-0.09666557084746566,1.1481510807046422,-0.10137432907975681,0.05944992216071895,0.032094649774659034,0.1322164715740381,0.13194336579230073,-0.47552825814757677,1.1545084971874737,0.0
9.02902902902903,-0.530437116162619,-0.08516420310671488,1.1461103079879225,-0.10203863583598331,0.05983791328777474,0.019399556352790635,0.1318534097530186,0.13139875232669743,-0.4764896707586094,1.1515176348163871,0.0
9.04904904904905,-0.5319087628985696,-0.07358233679752811,1.1440426774031849,-0.10338152923687807,0.06004502737252563,0.010355704237544467,0.13150704044398426,0.13082754341981798,-0.4774322723733215,1.1485207907885175,0.0
9.06906906906907,-0.5331481262927924,-0.06196816971113984,1.1419345293301986,-0.10540740364931722,0.06000476846873023,-0.002012945189771166,0.13117015157131423,0.13031300397161272,-0.4783560257794153,1.1455180834141359,0.0
9.08908908908909,-0.5341552589411653,-0.050356632418644326,1.1397732245279104,-0.10806524011440546,0.05979282467670466,-0.010597189601278105,0.13086830421060242,0.1297903781177385,-0.479260894508688,1.142509631234988,0.0
9.10910910910911,-0.5349311229919835,-0.03879320254091094,1.137546579916795,-0.11133223055576702,0.05939423951135505,-0.01992925826748021,0.13060608732030082,0.12932116187050985,-0.4801468428384715,1.1394955530196147,0.0
9.12912912912913,-0.5354772807709298,-0.027307888947316884,1.1352438278095367,-0.11513760536291572,0.058856689142065655,-0.026877518464470514,0.13038803409574226,0.12886949096164416,-0.48101383579304297,1.1364759677586624,0.0
9.14914914914915,-0.5357958746506564,-0.01592969398632528,1.1328551552761752,-0.119433626668074,0.05803807521104195,-0.040930696551184705,0.13018408926919717,0.1285316992634972,-0.4818618391450049,1.1334509946601876,0.0
9.16916916916917,-0.5358895232471143,-0.004682429822892457,1.130372672489772,-0.12412413932015591,0.057016105683637255,-0.05109847637023541,0.1300123604889717,0.1281889423656731,-0.48269081941663694,1.1304207531449486,0.0
9.18918918918919,-0.535761820803977,0.006385122156858448,1.1277889535541485,-0.12918594678117123,0.055694840848274016,-0.06606324176816081,0.12988258917147283,0.12796446221975247,-0.4835007438812175,1.1273853628416912,0.0
9.20920920920921,-0.5354170613086495,0.017237974766377024,1.1250989835909502,-0.1344984981599161,0.054196278857619164,-0.07492809953274275,0.12980950244945638,0.12773398709381814,-0.4842915805643156,1.124344943582427,0.0
9.22922922922923,-0.5348605922134578,0.027823454759583505,1.1222985566461197,-0.14002134724152393,0.0525170127185488,-0.08396330695351911,0.12980670675680794,0.1275882784858977,-0.4850632982450529,1.1212996153977037,0.0
9.24924924924925,-0.5340983131621665,0.038113952564565234,1.1193857898904627,-0.14563833778285132,0.050693557513135104,-0.09117276027068401,0.12985936628037392,0.12748694927739582,-0.485815866457337,1.1182494985118623,0.0
9.26926926926927,-0.5331367140882924,0.048079953693703284,1.116360304791606,-0.15127425494283012,0.04872310086787658,-0.09852283226292569,0.12996436650729648,0.12745198627801607,-0.48654925549106326,1.1151947133382953,0.0
9.28928928928929,-0.5319827371050015,0.05769884916454536,1.1132234962054541,-0.1568404293075882,0.04660079490573592,-0.10611529810703423,0.13011391585067889,0.1274784613256341,-0.48726343639328856,1.1121353804746907,0.0
9.30930930930931,-0.5306438449467777,0.0669446079111927,1.1099783421846745,-0.1622577010389847,0.04440446294317126,-0.10981659812823295,0.1303066161481844,0.1275103168458183,-0.4879583809693737,1.1090716206982711,0.0
9.32932932932933,-0.5291280152608735,0.07579148429521085,1.1066285517436207,-0.16748952205268408,0.042090929275499685,-0.11567668338357828,0.13053896680322832,0.12762136619625755,-0.48863406178409674,1.1060035549610274,0.0
9.34934934934935,-0.5274434393172706,0.08422879718014689,1.103179588860812,-0.1724481441404409,0.03963544887220302,-0.12277402016483331,0.13080067042954915,0.1277933840334633,-0.48929045216273603,1.1029313043849407,0.0
9.36936936936937,-0.5255987022885519,0.09223685143593623,1.0996382558991387,-0.17706664808367137,0.036992394697730475,-0.13215270872362772,0.13109933435031404,0.12805154843602265,-0.4899275261921234,1.0998549902572037,0.0
9.38938938938939,-0.5236028656050639,0.0997918341744024,1.0960131799812733,-0.18125379589326115,0.034099265193599584,-0.14465647520654423,0.13144256263057155,0.1284203909838046,-0.49054525872166704,1.0967747340254301,0.0
9.40940940940941,-0.5214657621188163,0.10685517431237673,1.092315291779181,-0.1848944101046243,0.031144882463018785,-0.14771913652903987,0.13181865139515722,0.1287236505014725,-0.49114362536434436,1.0936906572928622,0.0
9.42942942942943,-0.5191982270449816,0.11337675369173579,1.0885550456882687,-0.18801230454561008,0.028162771212318367,-0.14910556253502066,0.1322171982380236,0.129043298672236,-0.4917226024976648,1.090602881813569,0.0
9.44944944944945,-0.5168113389333963,0.1193444055792708,1.084743448417026,-0.1905798635621298,0.025107346773652034,-0.15277122193331666,0.1326197903617257,0.1294135522491112,-0.49228216726460267,1.087511529487638,0.0
9.46946946946947,-0.5143163316314239,0.12475036509861927,1.080892287215351,-0.19255806008374357,0.0219838452169848,-0.15617507783336185,0.1330264630813995,0.12980440884638755,-0.492822297574499,1.0844167223563668,0.0
9.48948948948949,-0.5117247311482513,0.1295800241586244,1.0770136894916986,-0.19392988618262005,0.01869936641642704,-0.16422394002788815,0.13345124912384784,0.13029792432887047,-0.493342972103934,1.0813185825974418,0.0
9.50950950950951,-0.5090484444837471,0.13381433322521097,1.0731215427669045,-0.19460733623970566,0.01539819807256565,-0.1650584171930696,0.13387704035032222,0.13072377839828608,-0.49384417029756883,1.0782172325201156,0.0
9.52952952952953,-0.5063000660999983,0.13741891918744,1.0692287228436121,-0.19464099616461542,0.012069848349311378,-0.1664174861627136,0.13429306865547774,0.13116677828616516,-0.494325872368957,1.0751127945603787,0.0
9.54954954954955,-0.5034923370740115,0.140386451299342,1.0653481751677392,-0.19402738379364748,0.008723333843891422,-0.16732572527099773,0.13468796807254269,0.1316043333422697,-0.49478805930132547,1.072005391276126,0.0
9.56956956956957,-0.5006382168782075,0.14270600979019793,1.0614924112660005,-0.19278819508693262,0.005424929129731504,-0.1649202357079959,0.13505239464100402,0.1319879048958166,-0.4952307128483256,1.068895145342319,0.0
9.58958958958959,-0.4977507489902282,0.14437339439896726,1.0576726494261588,-0.19098809199207997,0.002055203682275829,-0.16848627237278374,0.1353943572773181,0.13244835636698213,-0.4956538155347533,1.0657821795461413,0.0
9.60960960960961,-0.49484292412461284,0.145391243280767,1.0539008693991723,-0.18858900134933101,-0.0012862687125885627,-0.16707361974321958,0.13571418169420738,0.13284648440294974,-0.4960573506572389,1.0626666167821524,0.0
9.62962962962963,-0.4919280647820865,0.14574296712631676,1.0501877575042706,-0.1856555947450814,-0.004599712230077239,-0.16567217587443384,0.13599500032779538,0.13322655496880492,-0.49644130228490685,1.0595485800474347,0.0
9.64964964964965,-0.4890194516929729,0.14543065445567993,1.0465431097958109,-0.18223238542299086,-0.00786756763865269,-0.16339277042877268,0.13623089675197955,0.13357134907041454,-0.4968056552600042,1.0564281924367407,0.0
9.66966966966967,-0.4861303248466933,0.14445634231397997,1.0429754901121926,-0.1783809841809148,-0.011040997280728255,-0.1586714821037782,0.13641426149827002,0.1338507150090278,-0.49715039519849946,1.05330557713763,0.0
9.68968968968969,-0.48327374587379246,0.14282894864503978,1.0394916720883645,-0.17419090119141148,-0.014159176178554634,-0.15590894489131885,0.13654108236711035,0.13411742111670744,-0.4974755084906501,1.0501808574256075,0.0
9.70970970970971,-0.4804624428443092,0.1405651514741629,1.0360973652723229,-0.1697153408020802,-0.017201232094905008,-0.15210279581751873,0.13662160077965452,0.13434390108718372,-0.49778098230154005,1.047054156659257,0.0
9.72972972972973,-0.4777089483518196,0.1376747246244824,1.0327969597960023,-0.16502027381603246,-0.020124794534900247,-0.14617812199976202,0.13664714481810372,0.13450512248547716,-0.49806680457158625,1.0439255982753717,0.0
9.74974974974975,-0.47502549243863507,0.13417279565922577,1.0295930306708345,-0.16019645625838944,-0.022882837017557455,-0.13790212413286057,0.13660631036560286,0.13458301754959318,-0.49833296401701493,1.0407953057840786,0.0
9.76976976976977,-0.4724238028957757,0.1300844771429686,1.0264859076631843,-0.15535615038251052,-0.0254365724870552,-0.12768677347488694,0.13649346844274352,0.13457335670603074,-0.49857945013030697,1.0376634027639666,0.0
9.78978978978979,-0.46991481689489745,0.12544930004391222,1.0234735381320772,-0.15061847655535177,-0.027905940341807548,-0.12346839273761757,0.13631365580077034,0.1345863006349834,-0.4988062531806126,1.034530012857203,0.0
9.80980980980981,-0.4675087023681969,0.120305726335026,1.0205532030072182,-0.14601675624295146,-0.030183928550617325,-0.11389941044048899,0.13611283080658124,0.13452126534758238,-0.4990133642141358,1.0313952597646565,0.0
9.82982982982983,-0.4652151836890848,0.11467593395560434,1.0177207008599976,-0.14162510736103728,-0.03230927958917906,-0.10626755192808707,0.1358502044883041,0.13442816921806208,-0.4992007750544875,1.0282592672410122,0.0
9.84984984984985,-0.46304317936301104,0.10860021630368848,1.0149704988884298,-0.13751009857839067,-0.03425228958250025,-0.0971504996660592,0.13555247127827996,0.13428931691965046,-0.49936847830300873,1.025122159089885,0.0
9.86986986986987,-0.4610009066941181,0.10211363344464862,1.0122958666640978,-0.13373161121660757,-0.03604556949507976,-0.08966399562897592,0.13521021502809402,0.1341347213149146,-0.49951646733906235,1.0219840591589326,0.0
9.88988988988989,-0.4590957849878992,0.0952560853109436,1.0096891892759934,-0.13033386940521458,-0.037721276240508785,-0.0837853372714511,0.13483919601782798,0.1339817471474956,-0.4996447363202946,1.0188450913349674,0.0
9.90990990990991,-0.45733462651984774,0.08805792340257422,1.0071424574408012,-0.12733659175960382,-0.03922289504748188,-0.07508094034865463,0.1344571584162653,0.1337893551328451,-0.4997532801828658,1.015705379539064,0.0
9.92992992992993,-0.4557237159506181,0.08054552846148169,1.0046469210561055,-0.12477681923478784,-0.04052406620790068,-0.0650585580209393,0.13404321102899122,0.1335520144551268,-0.49984209464164997,1.012565047721669,0.0
9.94994994994995,-0.45426858069306825,0.07275676287749294,1.0021927093065983,-0.12271058747536329,-0.0415963153400301,-0.05361245660647124,0.1336038564125951,0.13327166390586082,-0.4999111761904045,1.0094242198577041,0.0
9.96996996996997,-0.45297382055641916,0.06473800683245534,0.9997689630211349,-0.12118731427317106,-0.042550644709187395,-0.04771646845786428,0.13311805517398737,0.13301913351262948,-0.49996052210190806,1.0062830199416761,0.0
9.98998998998999,-0.4518431523581042,0.05653340991574832,0.9973645793947591,-0.12021918131879178,-0.04332498414428652,-0.03871697175495564,0.13266054712484024,0.13275885522990796,-0.49999013042806856,1.0031415719827796,0.0
10.01001001001001,-0.45087980456534466,0.04816738963797679,0.9949687759176994,-0.1197901738529875,-0.04391329286822542,-0.029415436196945935,0.13219435372357757,0.13248629821184446,-0.5,1.0,0.0
10.03003003003003,-0.4500862558225576,0.039677437139351984,0.9925704877120193,-0.11991441028400708,-0.044332351136734664,-0.02095291342546203,0.13172322890996532,0.13221931894673936,-0.49999013042806856,0.9968584280172206,0.0
10.05005005005005,-0.44946432051184426,0.03109676553566723,0.9901586898521548,-0.12058989299322412,-0.0444383366771851,-0.005299277022522364,0.13130937641782386,0.13191081305431648,-0.49996052210190806,0.9937169800583237,0.0
10.07007007007007,-0.4490150589510382,0.022463078040301426,0.9877226189695466,-0.1218035441304099,-0.04434239128697559,0.0047972695104766035,0.13085184268090733,0.1316207883077752,-0.4999111761904045,0.9905757801422959,0.0
10.09009009009009,-0.44873832824612314,0.013836535245753585,0.9852511927188083,-0.12357131253691542,-0.04403134122888738,0.01555250290440963,0.13044366758693668,0.13136490476217885,-0.49984209464164997,0.9874349522783312,0.0
10.11011011011011,-0.4486332441838186,0.0052542031152260395,0.9827345994202734,-0.12582966492674477,-0.04352563220177016,0.025285451355860706,0.13006421425554057,0.13114310626732945,-0.4997532801828658,0.984294620460936,0.0
10.13013013013013,-0.44869816123815315,-0.003245852716726406,0.9801639935647959,-0.12853029277387498,-0.04278905256691106,0.03682898174295558,0.12974590765340122,0.13094958564704845,-0.4996447363202946,0.9811549086650326,0.0
10.15015015015015,-0.4489306417824088,-0.0116240272127832,0.977531885353741,-0.1316054105527424,-0.04200859330708929,0.03902296299108865,0.12938494747773194,0.13082839054484738,-0.49951646733906235,0.9780159408410675,0.0
10.17017017017017,-0.4493274930511435,-0.019842563436734597,0.9748312610193167,-0.13503121672121404,-0.04107495844837081,0.046681742935924156,0.1291393560379837,0.1307497963821886,-0.49936847830300873,0.9748778409101153,0.0
10.19019019019019,-0.4498854443675382,-0.027897565819733766,0.9720574495752703,-0.13869057220232114,-0.03997023138131868,0.05523635335260524,0.12892965583204208,0.1306870418922853,-0.4992007750544875,0.9717407327589878,0.0
10.21021021021021,-0.45060069886891563,-0.03576272506887154,0.9692065673470931,-0.1425441114088611,-0.03864777763732506,0.06612268719968147,0.12878583860514753,0.13064798985341616,-0.4990133642141358,0.9686047402353432,0.0
10.23023023023023,-0.45146884896059886,-0.0434075045841625,0.966276079456538,-0.14652439452775018,-0.037120963348484894,0.07634071444200886,0.12868187182600613,0.13064234248799506,-0.4988062531806126,0.9654699871427971,0.0
10.25025025025025,-0.45248468091363253,-0.05079159765168476,0.963264562951462,-0.15057582525379923,-0.035441621303857584,0.0839671022313652,0.12860646936448647,0.1306845866996971,-0.49857945013030697,0.9623365972360336,0.0
10.27027027027027,-0.4536422166047418,-0.057876784555462385,0.9601717491050242,-0.15464069232188815,-0.03369388334050165,0.08738689816779635,0.12853863244553965,0.13077855029628557,-0.49833296401701493,0.9592046942159214,0.0
10.29029029029029,-0.4549350108672212,-0.06463971312397085,0.9569982587330716,-0.15867451859762718,-0.03176576258644004,0.09640603770308115,0.1285873594034585,0.13090532234373028,-0.49806680457158625,0.9560744017246285,0.0
10.31031031031031,-0.4563563973088495,-0.07106932208141704,0.9537469223988213,-0.16256681671251963,-0.029670047222154203,0.10478576821429189,0.12867012542934864,0.13105719573923655,-0.49778098230154,0.9529458433407427,0.0
10.33033033033033,-0.457899028402923,-0.07713155470367566,0.9504214570495332,-0.16627326746440874,-0.027436875531307317,0.11165858454234395,0.1287894485987626,0.1312481236278161,-0.4974755084906501,0.9498191425743926,0.0
10.35035035035035,-0.4595548877825866,-0.0827929689831794,0.9470267046419325,-0.16973762038003384,-0.025172528433305686,0.11321735490008178,0.12888836759691913,0.13147410286673622,-0.49715039519849946,0.9466944228623702,0.0
10.37037037037037,-0.46131550229320223,-0.08803072553078248,0.9435677222862192,-0.17294911778566485,-0.02277870691504554,0.11969107591300737,0.12908904194734344,0.13172525159511314,-0.49680565526000425,0.9435718075632594,0.0
10.39039039039039,-0.4631722934927294,-0.09283955997636004,0.9400514312580661,-0.17581455140765445,-0.020236802419283193,0.12709522478811713,0.12933729240509917,0.13199266042295202,-0.49644130228490685,0.9404514199525651,0.0
10.41041041041041,-0.4651161351526022,-0.09719208299363731,0.9364856907142097,-0.178287027192822,-0.017620931288401528,0.13079355654408342,0.12958035976884116,0.1322840368633521,-0.49605735065723894,0.9373333832178479,0.0
10.43043043043043,-0.46713732379041456,-0.1010594318906195,0.9328786283635124,-0.1803531175348677,-0.014929561846188273,0.1345684721106626,0.12985955261933207,0.13259367450046114,-0.4956538155347533,0.9342178204538589,0.0
10.45045045045045,-0.46922586656189863,-0.1044271385742025,0.9292391583487474,-0.1819735007382515,-0.012130607470586526,0.13994771878008744,0.13018916429877236,0.13291362598680334,-0.49523071284832565,0.9311048546576811,0.0
10.47047047047047,-0.4713713871199183,-0.10727602790098129,0.9255770730614005,-0.18310426436734692,-0.009325526116166775,0.14025406772098745,0.13047535323117135,0.13323754325644008,-0.49478805930132547,0.9279946087238738,0.0
10.49049049049049,-0.4735631160032904,-0.10958644416860419,0.9219015580530647,-0.18377575041678923,-0.006422530221655803,0.14514979472554876,0.13084205832138202,0.13356437230109097,-0.49432587236895703,0.9248872054396216,0.0
10.51051051051051,-0.4757902063678028,-0.11135451822561969,0.9182230050239194,-0.18392765145726636,-0.0034171128871531516,0.15027086672513243,0.1312363461323927,0.13389218292960375,-0.4938441702975689,0.9217827674798846,0.0
10.53053053053053,-0.47804129874053336,-0.11255461863653003,0.9145522010459065,-0.1835401989006461,-0.00045532041560704455,0.14808962357730543,0.13154884204843278,0.13421311182477885,-0.493342972103934,0.9186814174025583,0.0
10.55055055055055,-0.48030464271722534,-0.11316719883459982,0.9108985882126146,-0.182680641664595,0.002517330829866712,0.14863256227368785,0.1318912070768228,0.13451240819846597,-0.492822297574499,0.9155832776436331,0.0
10.57057057057057,-0.48256856258459563,-0.11319599336851532,0.9072716951965129,-0.18134465080508938,0.005441731620855193,0.14622003954942406,0.13218439399721732,0.13478362540732342,-0.49228216726460267,0.9124884705123619,0.0
10.59059059059059,-0.48482129578251576,-0.11263665989600542,0.9036798714177873,-0.1795911889362816,0.00829257697544053,0.14254226772926676,0.1324424178127098,0.1350220433408169,-0.4917226024976648,0.9093971181864313,0.0
10.61061061061061,-0.4870513141376853,-0.11150091775847847,0.9001304254320281,-0.17747229928795605,0.01119864058362003,0.14530318040897514,0.1327744683987666,0.13523281031225262,-0.49114362536434436,0.9063093427071378,0.0
10.63063063063063,-0.48924730658931775,-0.10979962258162052,0.8966313211315721,-0.17495521502280667,0.014160444680285822,0.14809020483328939,0.13312294629897536,0.13543504679959123,-0.49054525872166704,0.9032252659745698,0.0
10.65065065065065,-0.49139764097725996,-0.10751671939711135,0.8931906042889811,-0.17203584212954706,0.017063435678497375,0.14514954991057782,0.13339907879391985,0.13561793577039225,-0.48992752619212343,0.9001450097427963,0.0
10.67067067067067,-0.4934904638056464,-0.10464114141931961,0.8898149251295324,-0.16878395797243537,0.019884765032600473,0.1410664677051549,0.13362876965832,0.13575309501002455,-0.4892904521627361,0.8970686956150594,0.0
10.69069069069069,-0.49551415862286347,-0.10118474086085351,0.8865095074351985,-0.16527088471669393,0.02263141743283713,0.137332620011833,0.13382703213627403,0.13583667698512134,-0.48863406178409674,0.8939964450389727,0.0
10.71071071071071,-0.4974574239604847,-0.09716326688106248,0.8832783178570063,-0.16155947890961322,0.025285106281549192,0.1326844424356028,0.13398243422962947,0.13587401136960572,-0.48795838096937366,0.8909283793017285,0.0
10.73073073073073,-0.49930920390756467,-0.09258899735399974,0.8801239777731743,-0.15771700419160103,0.027722054630947665,0.12184741746992388,0.13401834373084867,0.1358623708348573,-0.48726343639328856,0.8878646195253094,0.0
10.75075075075075,-0.5010589802373873,-0.08748881649112883,0.8770465924575326,-0.15386926578208618,0.030074924111753287,0.11764347404028089,0.1340787882571164,0.13578046737386512,-0.48654925549106326,0.8848052866617047,0.0
10.77077077077077,-0.5026970897518733,-0.08190547572430142,0.8740455859150963,-0.1500503271218165,0.03235039620098152,0.11377360446141138,0.13413138051869355,0.13567188012560502,-0.485815866457337,0.8817505014881378,0.0
10.79079079079079,-0.5042141816670508,-0.07585459575887056,0.8711198571678233,-0.1462864373636515,0.034469817323217314,0.10597105611178964,0.13412062838328054,0.13553934382165073,-0.48506329824505295,0.8787003846022964,0.0
10.81081081081081,-0.5056012388383689,-0.06935285856590612,0.8682670006937396,-0.14264282370418355,0.03634883934304144,0.09395110099120729,0.13401755149452968,0.1353644631949649,-0.48429158056431554,0.8756550564175725,0.0
10.83083083083083,-0.5068500845771359,-0.06244228693834641,0.8654826182188939,-0.13921912374228396,0.03817511479564747,0.09131377263030054,0.1339736408057343,0.13512004657646884,-0.48350074388121755,0.872614637158309,0.0
10.85085085085085,-0.507953405423382,-0.05516604231230195,0.8627621755741991,-0.13602213223473955,0.039834415151733464,0.0829650178042992,0.13387558591480708,0.13488496375256243,-0.48269081941663694,0.8695792468550516,0.0
10.87087087087087,-0.5089041416435403,-0.04753681100791533,0.8601004697559044,-0.1330852909147387,0.04126616618262265,0.07158755154446027,0.13371251548331678,0.13462143118109637,-0.4818618391450049,0.8665490053398125,0.0
10.89089089089089,-0.5096960472959757,-0.03959528262177158,0.8574909281044195,-0.13047708257424162,0.04256583086326008,0.06498323403187074,0.1335628044686325,0.13430675356733557,-0.48101383579304297,0.8635240322413373,0.0
10.91091091091091,-0.5103238222714257,-0.03138874877249956,0.8549264459097867,-0.12822410973164117,0.04377446506819673,0.06043171024683324,0.13343462804112705,0.13397954990760022,-0.48014684283847153,0.8605044469803853,0.0
10.93093093093093,-0.5107826755248067,-0.02294266266905351,0.852400066786871,-0.12631895614578612,0.04485853318571493,0.054203405875909945,0.13329565059140225,0.13365573454194568,-0.479260894508688,0.8574903687650122,0.0
10.95095095095095,-0.5110681818496084,-0.014275316240088926,0.8499047344690552,-0.12476661589078542,0.04576805241734248,0.04547596158137701,0.13312390887993467,0.13332777987616415,-0.4783560257794153,0.8544819165858643,0.0
10.97097097097097,-0.5111764433009289,-0.005413072566023493,0.8474328635577757,-0.12359354556397611,0.0464665810163032,0.03492642994803641,0.13291771825683604,0.13298956895477357,-0.4774322723733215,0.8514792092114825,0.0
10.99099099099099,-0.5111043066070245,0.0036068346952181952,0.8449762346595587,-0.12283144491084969,0.046954692457456364,0.02440557205765822,0.13269586450651888,0.1326386320139386,-0.47648967075860943,0.8484823651836131,0.0
11.01101101101101,-0.5108495051073543,0.01274007498351397,0.8425262442869176,-0.12249951863205684,0.047273318753007776,0.015931314777569858,0.13248695487402376,0.13227718028710925,-0.4755282581475768,0.8454915028125264,0.0
11.03103103103103,-0.5104105835334342,0.021946078696007218,0.8400743623635493,-0.12259409616841487,0.0474059709711465,0.006632610906936979,0.13228436678849612,0.13193560743348956,-0.4745480724951473,0.8425067401723476,0.0
11.05105105105105,-0.5097867599053779,0.03119118140281,0.8376124773913548,-0.1230942486097215,0.04737997872808028,-0.0012996121533109875,0.13210148002625485,0.13159975641719315,-0.47354915249737217,0.8395281950963953,0.0
11.07107107107107,-0.5089779969652106,0.0404381470083663,0.8351328884280219,-0.12397944816664272,0.047261993160413115,-0.005899278383357909,0.13195939599409415,0.13126270757964023,-0.4725315375899024,0.8365559851725287,0.0
11.09109109109109,-0.5079848074595408,0.04965947528349421,0.832628509985285,-0.1252189221368449,0.047016127595873154,-0.012293278226998204,0.13183391426786498,0.13096561677968482,-0.4714952679464322,0.8335902277385067,0.0
11.11111111111111,-0.5068079845900442,0.05884114347483193,0.8300931104839847,-0.12676997506501644,0.04656459553487387,-0.02257660304996491,0.13170103456685825,0.130716666552315,-0.4704403844771128,0.8306310398773544,0.0
11.13113113113113,-0.5054488033982552,0.06795905958945114,0.8275210845418909,-0.12860129710469068,0.045897914990334396,-0.033334027226974344,0.13157471406551502,0.13049057354905408,-0.46936692882693704,0.8276785384127414,0.0
11.15115115115115,-0.50390934712066,0.07697281387975484,0.8249072989835377,-0.13068927791766402,0.04507290535930108,-0.04125048155166517,0.13148238665717416,0.13027168058331434,-0.46827494337409614,0.8247328399043704,0.0
11.17117117117117,-0.5021925211680764,0.08584129762917869,0.8222472676125127,-0.1330015685512507,0.04415833281805943,-0.04572862706208266,0.13143649390855994,0.13006093733625526,-0.46716447122830607,0.8217940606433747,0.0
11.19119119119119,-0.5003016998696482,0.09454106492141204,0.8195373377446258,-0.13549649339434164,0.04303070128452,-0.05638157667697119,0.13139998144423956,0.12994777026561358,-0.4660355562291055,0.8188623166477272,0.0
11.21121121121121,-0.4982406471101612,0.1030526379743522,0.8167754520915,-0.1380942826562842,0.041825598715616065,-0.06025512844519695,0.13140519395332337,0.12979891645800945,-0.4648882429441256,0.8159377236576608,0.0
11.23123123123123,-0.4960138347878577,0.11134061611517457,0.8139596748764603,-0.14078886075199168,0.040445290947057816,-0.06901538842791226,0.1314318916412148,0.1297433959432062,-0.46372257666733063,0.8130203971310997,0.0
11.25125125125125,-0.4936260300537889,0.1193902367034396,0.811089777267068,-0.1434948804696156,0.03896164559299553,-0.07418226770311398,0.13148942132043306,0.12968382689459565,-0.462538603417229,0.8101104522390994,0.0
11.27127127127127,-0.4910825780733046,0.12717259902421738,0.8081659487083152,-0.1461914279376402,0.03728861096883527,-0.08365173120801335,0.13156761719447288,0.1297130859276184,-0.4613363699350575,0.8072080038613019,0.0
11.29129129129129,-0.48838924139323103,0.13466683400367624,0.8051900077772677,-0.14879704655237497,0.03552046541484703,-0.08840727769941194,0.13167983845710907,0.12972971304281863,-0.46011592368293525,0.804313166581399,0.0
11.31131131131131,-0.485552486509454,0.14183774418885353,0.8021641088512877,-0.15129494629899676,0.03367863877277933,-0.09209133210338441,0.13182269277698977,0.12977358476973364,-0.4588773128419905,0.8014260546826096,0.0
11.33133133133133,-0.4825790956292559,0.14866954400990423,0.7990912657243112,-0.15364215634882844,0.031736261047360305,-0.09711888627095124,0.13198273996152785,0.12986345738638191,-0.4576205863104588,0.7985467821431688,0.0
11.35135135135135,-0.4794760728774171,0.15515113759193908,0.7959754257346106,-0.15579199948503358,0.02962370114116043,-0.1056279953099942,0.13215714731552233,0.1300288681820485,-0.45634579370175143,0.7956754626318255,0.0
11.37137137137137,-0.47625084583655064,0.16126135204332462,0.7928218670927326,-0.15767793209389971,0.027414518581115085,-0.11045912800226688,0.13235845330772278,0.1301915188493249,-0.45505298534249794,0.7928122095033582,0.0
11.391391391391391,-0.47291149127802484,0.16696772792629005,0.7896362310941598,-0.15928179992864064,0.02512441732352423,-0.11450506287954257,0.1325798299708946,0.13037943911483393,-0.4537422122705585,0.7899571357940969,0.0
11.411411411411411,-0.4694664410668852,0.17225251055698285,0.786424824147269,-0.1605703473445385,0.022733197712537855,-0.11956098054931913,0.13281187305449477,0.13060764757222648,-0.45241352623300973,0.7871103542174637,0.0
11.431431431431431,-0.46592448131268077,0.17709798771022006,0.7831946969783372,-0.16150635844658903,0.02029012272266075,-0.12215374949385463,0.1330552804621132,0.1308321174711149,-0.4510669796841015,0.7842719771595207,0.0
11.451451451451451,-0.4622947940653687,0.18148436236560397,0.7799530025885663,-0.1620847194885451,0.017788908417734742,-0.1250607152463004,0.13330168967273393,0.13107951563010112,-0.4497026257831856,0.7814421166745337,0.0
11.471471471471471,-0.45858682450732496,0.18539847790218789,0.7767072605801623,-0.1622871004202008,0.015290549954346947,-0.12491792316938968,0.1335477059981432,0.13130190808388234,-0.4483205183926179,0.7786208844805491,0.0
11.491491491491491,-0.4548103083237642,0.18882580917803804,0.7734645957567097,-0.1621332411726296,0.012864978374539779,-0.12127857899035857,0.13378210587579775,0.13147769322072844,-0.44692071207563194,0.775808391954984,0.0
11.511511511511511,-0.4509748982615862,0.1917705031088973,0.7702312463511597,-0.1616674702774991,0.010374261857943969,-0.12453582582979034,0.1339934622105019,0.13173245208122278,-0.44550326209418395,0.7730047501302266,0.0
11.531531531531531,-0.4470900637799109,0.19424172408376675,0.7670142513864503,-0.16084974823547243,0.00788622828298617,-0.12440167874788995,0.13420538751235006,0.13196077670940648,-0.4440682244067723,0.7702100696892561,0.0
11.551551551551551,-0.4431654991019626,0.19622823389741267,0.7638202466623686,-0.15970023620408802,0.005343408398614334,-0.1271409942185917,0.13440685215558656,0.13223262155483012,-0.4426156556662276,0.7674244609612708,0.0
11.571571571571571,-0.43921096557328554,0.19772667643385522,0.760656333527217,-0.15819565675758054,0.002804040979281654,-0.12696837096663405,0.13460371213062727,0.1324801907789378,-0.44114561321747664,0.7646480339173337,0.0
11.591591591591591,-0.4352364543437595,0.1987255614763013,0.7575291624665403,-0.15635855303383156,0.0002748779042202158,-0.12645815375307187,0.134781204710617,0.13271993031100407,-0.4396581550952781,0.7618808981660304,0.0
11.611611611611611,-0.43125200670432456,0.19922238197174716,0.7544449556042189,-0.15421034311607568,-0.002185320828118595,-0.12300993661694054,0.134935250419059,0.13291217754841067,-0.43815334002193185,0.7591231629491425,0.0
11.631631631631631,-0.42726761208768765,0.1992197308318446,0.7514088586359489,-0.15180484841349787,-0.0045997885812081975,-0.12072338765448007,0.13505343163681174,0.13309618941757534,-0.43663122740496,0.7563749371373337,0.0
11.651651651651651,-0.4232930451450957,0.19872834712959708,0.7484253391604692,-0.1491759737739865,-0.006918884244575924,-0.11595478316838634,0.135144687095198,0.1332330528220773,-0.4350918773347628,0.7536363292258541,0.0
11.671671671671671,-0.419337861739756,0.19775917026698409,0.7454977441404974,-0.1463797509985855,-0.009186774530542435,-0.11339451429832553,0.13519819164168378,0.13337221826332168,-0.43353535058224507,0.7509074473302546,0.0
11.691691691691691,-0.41541123669365243,0.19633125230517773,0.742628874773401,-0.14344346835481986,-0.011435168867480989,-0.11241971684692771,0.1352285682795716,0.1335234776563143,-0.4319617085964177,0.7481883991821197,0.0
11.711711711711711,-0.4115222176845855,0.19445095045334582,0.7398213491856496,-0.14037627938757458,-0.013573454995511302,-0.10691430640151585,0.1352454258073242,0.13361536972941182,-0.4303710135019717,0.7454792921248141,0.0
11.731731731731731,-0.40767971236219297,0.19212526611962732,0.7370766860748534,-0.13723315553980825,-0.015636074195173277,-0.10313095998309844,0.13521822043664014,0.133695729852093,-0.4287633280968261,0.7427802331092468,0.0
11.751751751751751,-0.4038922067681963,0.18937527969983287,0.7343955663491444,-0.134055986285455,-0.01760042551694664,-0.0982175660886686,0.13516506981201043,0.13374627456838012,-0.4271387158496476,0.7400913286896452,0.0
11.771771771771771,-0.4001678325155187,0.18621871263388098,0.7317778313998932,-0.1308867474625586,-0.019507590200549388,-0.0953582341801373,0.13507681523168852,0.13379941992919983,-0.42549724089734603,0.7374126850193523,0.0
11.791791791791791,-0.3965143925776989,0.1826719968909894,0.7292228311272491,-0.1277500136322079,-0.021266359448558328,-0.08793846240044696,0.1349768051800764,0.13379111048678974,-0.4238389680425417,0.7347444078466331,0.0
11.811811811811811,-0.3929393776276629,0.17875074750179895,0.7267288201583209,-0.12470054844640875,-0.02291100017939443,-0.08223203654180504,0.1348297583272527,0.13376424505781617,-0.4221639627510075,0.7320866025105016,0.0
11.831831831831831,-0.38944969873082663,0.17448394484181276,0.7242930798379078,-0.12178701602065312,-0.024398987189351927,-0.07439935049787513,0.13466392063008717,0.13369677362980056,-0.4204722911490846,0.7294393739365621,0.0
11.851851851851851,-0.38605175002717207,0.1698974351827283,0.7219120100983473,-0.11905348697802928,-0.025751930573232388,-0.06764716919402275,0.13446414248868252,0.13361335735463337,-0.4187640200210709,0.7268028266328654,0.0
11.871871871871871,-0.3827512776652926,0.16502361809397478,0.7195812767901405,-0.11653666541033691,-0.026971132388295044,-0.06096009075313267,0.13424709967751797,0.1335178754338945,-0.41703921680658573,0.724177064685785,0.0
11.891891891891891,-0.37955347556120034,0.15989010520461275,0.7172961167300717,-0.11425800300344087,-0.028043040851341534,-0.05359542315232467,0.13401825476473456,0.1334050730804157,-0.41529794959790634,0.7215621917559061,0.0
11.911911911911911,-0.3764629714015662,0.15452520798170588,0.7150513428368698,-0.11223869466009541,-0.02897477157151781,-0.04658653600881386,0.1337740956165664,0.13328379167600948,-0.4135402871372809,0.7189583110739347,0.0
11.931931931931931,-0.3734837997978081,0.14895858018790603,0.7128414265050268,-0.11049581659214948,-0.029750937728058466,-0.038808307827032894,0.13352583564218581,0.1331496903393693,-0.41176629881421384,0.7163655254366219,0.0
11.951951951951951,-0.37061932089598737,0.14322394509103548,0.7106606004217134,-0.10904130416566767,-0.030502637429555866,-0.03758498507486988,0.13323959280379982,0.13306701283545816,-0.40997605466272624,0.7137839372027046,0.0
11.971971971971971,-0.36787244005927044,0.13734404183584628,0.7085033114925869,-0.10786444645632236,-0.0310641391881312,-0.028075087928766885,0.13301530044760365,0.13294297300548624,-0.4081696253585919,0.7112136482888661,0.0
11.991991991991991,-0.36524588818006626,0.13132759396021007,0.7063643123087755,-0.106949959190574,-0.03146014683624387,-0.01980038240563309,0.13275860891365168,0.13279934354292122,-0.40634708221654703,0.708654760165712,0.0
12.012012012012011,-0.3627416050621616,0.12521415589523543,0.7042376069561426,-0.10633526763164548,-0.03171985501056332,-0.012985408715972743,0.1324947002561059,0.13266537417938182,-0.4045084971874738,0.7061073738537635,0.0
12.032032032032031,-0.36036086074679174,0.11903721576849224,0.7021172551647048,-0.10601758957188871,-0.031877827640543595,-0.007898631499013545,0.1322302710412777,0.13255286842581568,-0.402653942855561,0.7035715899194704,0.0
12.052052052052051,-0.35810443019114335,0.1128215277824204,0.6999976432986481,-0.10598059330283241,-0.03190401643471716,-0.001309439708677652,0.13199048717253456,0.13244496625410043,-0.4007834924354383,0.7010475084712406,0.0
12.072072072072071,-0.3559727290549337,0.10658505681048118,0.6978736033687846,-0.1062019964931745,-0.03174590885232585,0.007905379119564794,0.13177659312782544,0.13232443183303685,-0.3988972197692855,0.6985352291554876,0.0
12.092092092092091,-0.35396561194391646,0.10035585555086349,0.6957401801292843,-0.1066711619750117,-0.0314492652151556,0.01483218185851288,0.1315531242336151,0.13221763613292528,-0.39699519932391764,0.6960348511526973,0.0
12.112112112112111,-0.35208224988659337,0.09416810286615411,0.6935925029206396,-0.10738386043223513,-0.030994126933261854,0.022756914094687462,0.1313616036570487,0.13212391552676558,-0.39507750618784526,0.6935464731735119,0.0
12.132132132132131,-0.35032131598650645,0.08804669500434595,0.6914263846589428,-0.10830591308483675,-0.030348454932619805,0.03228360003210187,0.13120397148553778,0.13203435809587685,-0.3931442160683094,0.6910701934548328,0.0
12.152152152152151,-0.34868079803223617,0.08202589771351332,0.6892382204951341,-0.10940820819043734,-0.029620450163594554,0.03640023845126254,0.13102377007594884,0.13198441855941886,-0.391195405288294,0.6886061097559437,0.0
12.172172172172171,-0.34715797007772653,0.07614139772548198,0.6870246797221996,-0.1106770386467218,-0.028844515005676755,0.038796757895889857,0.13086626256428405,0.13197681021005805,-0.3892311507835118,0.6861543193546498,0.0
12.192192192192191,-0.34574986485191533,0.07040526129056021,0.6847834022937221,-0.11206387142387465,-0.02797723851941922,0.04336382431287662,0.1307542027988328,0.13198342999467197,-0.38725153009936697,0.6837149190434378,0.0
12.212212212212211,-0.3444533821022958,0.06482413748097471,0.6825129150981628,-0.11352435977796933,-0.0269673301986346,0.050495416039231425,0.13068331775621136,0.13199051121422536,-0.3852566213878945,0.681288005125655,0.0
12.232232232232231,-0.3432650332878788,0.059417440720853344,0.6802123691600009,-0.11502729690809319,-0.025865022805204696,0.055115369671495024,0.13060787259828677,0.1320165100688144,-0.3832465034046749,0.6788736734117078,0.0
12.252252252252251,-0.34218083169452523,0.05421007966767837,0.6778811401608547,-0.1165614499573116,-0.02463635263610183,0.06143350845514262,0.13057913439622504,0.13205838983694698,-0.38122125550572394,0.6764720192152778,0.0
12.272272272272271,-0.3411964396652088,0.04921960146582249,0.6755195360055178,-0.11808020776684247,-0.023293831615933843,0.06712605100839969,0.13056844352782204,0.13211550365120497,-0.37918095764436105,0.6740831373495608,0.0
12.292292292292291,-0.34030703286231884,0.04447034014449684,0.6731283649348782,-0.11955855353198358,-0.021860443663010463,0.07166939764616874,0.1305748412523442,0.13219404528145204,-0.3771256903680519,0.6717071221235218,0.0
12.312312312312311,-0.33950739855251283,0.03998171549030052,0.6707090101637622,-0.12096773855579931,-0.02029904058950248,0.07807015367539925,0.13063011850112446,0.13228568756502723,-0.3750555348152297,0.669344067338174,0.0
12.332332332332332,-0.33879190818224025,0.03577451851362744,0.6682637737274162,-0.12226182181729638,-0.01870252602638179,0.07982572815603468,0.13065988682367177,0.1324007656073454,-0.3729705727120911,0.6669940662828743,0.0
12.352352352352352,-0.3381544916277889,0.03187082772256871,0.6657949292478572,-0.12344222397794843,-0.017040855982528937,0.0830835021926422,0.13073313862549107,0.1325310563182898,-0.37087088636936966,0.66465721173164,0.0
12.372372372372372,-0.33758896814749456,0.02827617401471615,0.6633056129671296,-0.12446581403637792,-0.015284540511467744,0.08781577355305964,0.13084130907968508,0.13266519062586743,-0.36875655867908713,0.662333595939488,0.0
12.392392392392392,-0.33708887971322316,0.025004421713570205,0.6607995298820077,-0.12530415425609287,-0.01345814808735677,0.0913196212055486,0.13095755765080147,0.13280996777058385,-0.36662767311128003,0.6600233106387904,0.0
12.412412412412412,-0.33664740961814893,0.0220735047537106,0.6582806573999769,-0.125943624101541,-0.01155960921101148,0.0949269438172645,0.131098020003519,0.132964394463631,-0.3644843137107058,0.6577264470356556,0.0
12.432432432432432,-0.3362574618131919,0.019497390247851628,0.6557534664157948,-0.12635954920910544,-0.009596051618094868,0.0981778796458306,0.13125418524363502,0.13312516007385833,-0.36232656509352346,0.6554430958063259,0.0
12.452452452452452,-0.3359115977298545,0.017293204166867006,0.6532227447905262,-0.12653608126342827,-0.007642125980966089,0.09769628185643901,0.1313824550815915,0.13329450779921084,-0.3601545124439536,0.6531733470935976,0.0
12.472472472472472,-0.3356021694226048,0.015471415362486318,0.6506929828199279,-0.1264880985299157,-0.0056591057851337195,0.09915100979161849,0.13154255722539154,0.1334601227009787,-0.3579682415109155,0.6509172905032636,0.0
12.492492492492492,-0.33532155682566894,0.014030629846793425,0.6481690718361284,-0.1261955491899787,-0.003631262505828666,0.10139216396525262,0.13171932812892362,0.13361881731156294,-0.3557678386046427,0.6486750151005755,0.0
12.512512512512512,-0.33506199754210775,0.012977964178059164,0.6456560333954594,-0.12565192203344702,-0.0015740636727297383,0.10285994165494633,0.13189829769324948,0.13377548819437324,-0.35355339059327384,0.6464466094067263,0.0
12.532532532532532,-0.3348155371743662,0.012323018387077857,0.6431588769443212,-0.12485782255690946,0.0004989103526986055,0.10364870127141716,0.13207801245917777,0.1339279153463262,-0.35132498489942465,0.6442321613953574,0.0
12.552552552552552,-0.33457406486284896,0.012073615575860997,0.6406825441712165,-0.12381663865523448,0.002544674617531921,0.10228821324166569,0.13223522571912624,0.13407342399859895,-0.34908270949673637,0.6420317584890844,0.0
12.572572572572572,-0.3343294406679242,0.012231209746237686,0.6382315242362463,-0.12255099674851024,0.004598627494161771,0.10269764383149237,0.13241108777262395,0.134202596499151,-0.34682665290640247,0.6398454875560465,0.0
12.592592592592592,-0.33407359925774555,0.01279207050893275,0.635810323872554,-0.12106001818461416,0.006650352636883628,0.10258625713609287,0.1325807359221399,0.13431857019200596,-0.34455690419367424,0.6376734349064767,0.0
12.612612612612612,-0.333798423632792,0.013758781247678438,0.6334231454941844,-0.11935891891847705,0.00868096440898983,0.10153058860530992,0.13273834716713137,0.13442170266017567,-0.3422735529643445,0.6355156862892943,0.0
12.632632632632632,-0.33349577189579516,0.015132586849842531,0.6310738062562581,-0.11746696189631937,0.010647676620541892,0.09833561057760307,0.13286390761873276,0.13450946239267453,-0.33997668936120956,0.6333723268887199,0.0
12.652652652652652,-0.3331575980762264,0.016908690978438102,0.6287654047303414,-0.11542007629583609,0.012547678297341217,0.09500008383996607,0.13297360555752638,0.13457398957802777,-0.3376664040605121,0.6312434413209129,0.0
12.672672672672672,-0.3327761312671286,0.01907334045489039,0.6265004465961248,-0.11324790671082872,0.014406313746101802,0.09293177243802904,0.13308449290746038,0.1346132560823401,-0.33534278826836006,0.6291291136306305,0.0
12.692692692692692,-0.33234383560507,0.02161478310292949,0.6242810688401782,-0.11096888779732869,0.016198253092091223,0.0895969672994709,0.1331723893380082,0.13463563467163778,-0.33300593371712583,0.6270294272879089,0.0
12.712712712712712,-0.3318533688211005,0.024523339198475668,0.6221088056590534,-0.10861315905624368,0.01793794928101672,0.08698480944627449,0.13325709182770687,0.13463571162998997,-0.3306559326618258,0.6249444651847701,0.0
12.732732732732732,-0.3312976647888916,0.027785201610443424,0.6199848040914606,-0.10620007837963959,0.019637484283120926,0.08497675010521026,0.1333398647336096,0.1346151580413029,-0.3282928778764782,0.6228743096319481,0.0
12.752752752752752,-0.33066981188171846,0.03139264535865686,0.6179098679162196,-0.10374680876204839,0.021228114595775227,0.07953151563271463,0.13337638844894173,0.13458393562978566,-0.3259168626504395,0.6208190423556392,0.0
12.772772772772772,-0.3299631457717643,0.03533330549770949,0.6158839489093264,-0.1012959503446604,0.022757943560004698,0.07649144821147325,0.1334196046544708,0.13452075620731666,-0.3235279807847221,0.6187787444942761,0.0
12.792792792792792,-0.3291714070480642,0.03958693618500342,0.6139066223730218,-0.09886632681522654,0.02420158032234599,0.0721818381170645,0.13343955148450512,0.13444221427964897,-0.321126326588292,0.616753496595325,0.0
12.812812812812812,-0.32828860330805465,0.04414018700047594,0.6119768869116954,-0.09648677306632322,0.025553204998180562,0.06758123379172823,0.1334433212377557,0.13434429152070013,-0.31871199487434476,0.6147433786121053,0.0
12.832832832832834,-0.3273090851777612,0.048975906514672124,0.6100932135655676,-0.09418366730639303,0.026786837306105156,0.06168161539622922,0.13342027703639833,0.13423088175870712,-0.3162850809565623,0.6127484699006331,0.0
12.852852852852854,-0.32622761081289603,0.05407371824325886,0.6082534480706748,-0.09198827474463595,0.027911649580845018,0.056240613736992705,0.13338606947749146,0.13409612660414402,-0.31384568064535046,0.6107688492164884,0.0
12.872872872872874,-0.3250394418074384,0.05940845027288324,0.6064549601750008,-0.08992439478370345,0.028948584114383398,0.051846726676918614,0.13335135384604957,0.1339423660997519,-0.3113938902440563,0.608804594711706,0.0
12.892892892892894,-0.3237402883693711,0.06495767190336375,0.6046948368387061,-0.08800616681473644,0.029907160657051853,0.047928827133422176,0.13331608736957545,0.13377608474621167,-0.308929806545167,0.6068557839316904,0.0
12.912912912912914,-0.322326142417593,0.07070729758890434,0.6029699766960459,-0.08624300713300811,0.03069582708135975,0.03943332121539415,0.13323479517136605,0.13362048135053983,-0.30645352682648824,0.6049224938121548,0.0
12.932932932932934,-0.32079343637315566,0.0766353022218681,0.6012767601479432,-0.08466082740513713,0.031394870116268965,0.034952151745459493,0.13317164589059644,0.1334303106966782,-0.30396514884730286,0.6030048006760824,0.0
12.952952952952954,-0.31913922622337465,0.08271050748905116,0.5996113416111252,-0.08327092684090254,0.031970234977141826,0.028768243043642405,0.1330951425687821,0.13324636455084835,-0.3014647708445123,0.6011027802307145,0.0
12.972972972972974,-0.31736094503396556,0.0889140594704545,0.5979697787744926,-0.08207814183162497,0.03241967980428613,0.022472241357215254,0.13301366664701683,0.1330586263974044,-0.2989524915287595,0.5992165075645618,0.0
12.992992992992994,-0.31545652021137316,0.09522124112961913,0.5963480134033793,-0.08108826855566928,0.032738506681106484,0.015941343841017495,0.1329286880275785,0.13287109619678,-0.2964284100805295,0.5973460571444389,0.0
13.013013013013014,-0.31342437808853607,0.1016071061418537,0.5947419534238989,-0.08030299897401896,0.03292124088342485,0.009136710115917258,0.1328419639624006,0.13268717739472471,-0.2938926261462366,0.5954915028125263,0.0
13.033033033033034,-0.3112634596321744,0.10804592281808494,0.5931475505658383,-0.07972014290302566,0.032964381092574255,0.0021570104574692465,0.13275628162317182,0.13250953746513722,-0.2913452398342883,0.5936529177834532,0.0
13.053053053053054,-0.30897327286048476,0.11450933858448027,0.5915608822773922,-0.07933341442230733,0.032906576312237326,-0.0028902390168471697,0.13268851145041655,0.13232737766951086,-0.2887863517111338,0.591830374641408,0.0
13.073073073073074,-0.3065537990509056,0.1209736904789597,0.5899782423199775,-0.07913199787073699,0.03268878446235688,-0.01088959249402294,0.13261187769823232,0.13217824755838692,-0.2862160627972956,0.590023945337274,0.0
13.093093093093094,-0.30400548020186263,0.12741594245214682,0.588396295327854,-0.07909734960617937,0.032372281498558336,-0.01582514818992816,0.13255885477697854,0.13201809309641402,-0.2836344745633782,0.5882337011857863,0.0
13.113113113113114,-0.30132936365954316,0.1338058271159738,0.5868119128206858,-0.07921912535840855,0.031973085767424664,-0.019959786556684345,0.13252412818062456,0.13186837559894196,-0.28104168892606546,0.5864597128627191,0.0
13.133133133133134,-0.298526793652901,0.1401285003321063,0.5852224040747643,-0.0794754372960723,0.0314162110313273,-0.02784373680486895,0.13248072361706034,0.13176359029675752,-0.2784378082440939,0.5847020504020937,0.0
13.153153153153154,-0.2955995363168033,0.14636286680488708,0.5836256251039106,-0.07983894854268878,0.030801828654283218,-0.030719118852204495,0.1324708525959614,0.13163329202590124,-0.2758229353142152,0.5829607831934145,0.0
13.173173173173174,-0.29254988594892295,0.15248251839401827,0.5820195694339343,-0.08030278349881556,0.030088635906613488,-0.0356596373834877,0.13246661969459153,0.1315388163973354,-0.27319717336713445,0.5812359799789291,0.0
13.193193193193194,-0.28938038556408263,0.15847501924201463,0.5804028501797345,-0.0808359627099884,0.02930981126547702,-0.03894123205682419,0.13247985103327645,0.13144511807319126,-0.27056062606343795,0.5795277088509154,0.0
13.213213213213214,-0.28609392401552725,0.16432307742776806,0.5787743606892339,-0.08142447452502927,0.02845052033749178,-0.04296454639926231,0.1325015577126614,0.13137395262436377,-0.26791339748949816,0.5778360372489924,0.0
13.233233233233234,-0.28269361370303375,0.17001551562467493,0.577133458981525,-0.08204508538544707,0.02748690397887911,-0.048180817930634265,0.13252822000769904,0.13132979563728803,-0.265255592153367,0.5761610319574584,0.0
13.253253253253254,-0.27918285811232757,0.17553777953530858,0.5754799829815651,-0.08267379999799415,0.026402692799245467,-0.054210558981682644,0.13256241867981786,0.13131275265732642,-0.262587314980648,0.5745027591026541,0.0
13.273273273273274,-0.27556547228279943,0.1808692914764073,0.573814292090101,-0.08328454457320585,0.025217436806968446,-0.059262799613851364,0.13261248442522097,0.13130893538316438,-0.2599086713103547,0.5728612841503524,0.0
13.293293293293294,-0.27184575219091933,0.1859860045940062,0.5721371854216393,-0.08385533342308965,0.023970792546725815,-0.06233221301213236,0.13268185925512893,0.13130739584982887,-0.257219766890753,0.5712366719031737,0.0
13.313313313313314,-0.2680283676514543,0.1908692269732493,0.570449787222003,-0.0843699099818113,0.022672024331000355,-0.06493841078627322,0.13276269216349204,0.13131858612725908,-0.25452070787518555,0.5696289864980282,0.0
13.333333333333334,-0.2641181647622833,0.19551014445855336,0.568753580304118,-0.08481034589424666,0.02126748129797276,-0.07022715165137983,0.13284328646892743,0.13137367719819978,-0.2518116008178805,0.5680382914035824,0.0
13.353353353353354,-0.26012025884739,0.19989529574466455,0.5670506927948735,-0.08514437546222442,0.019822581871248728,-0.0722449713362014,0.13294287593102655,0.13141572080322175,-0.24909255266974567,0.5664646494177551,0.0
13.373373373373374,-0.256040094797305,0.2040082025042506,0.5653433432638446,-0.08536747655144536,0.018280235917432205,-0.07711729769082606,0.1330413767818999,0.1315037827694627,-0.24636367077414584,0.5649081226652373,0.0
13.393393393393394,-0.25188332103450783,0.20783868813985878,0.5636344113144437,-0.08544659747004835,0.01667838480134124,-0.08009255580454791,0.13315273976800046,0.13159232146103808,-0.24362506286266597,0.5633687725950398,0.0
13.413413413413414,-0.24765600522844528,0.2113657903031278,0.5619269731120955,-0.08537191011741001,0.015080189231730259,-0.07990977848054827,0.13327616541237353,0.1316610289563327,-0.24087683705085763,0.5618466599780683,0.0
13.433433433433434,-0.24336437423193713,0.21458154982540753,0.5602239844894407,-0.0851494311327397,0.013430047181454267,-0.08250710251379907,0.13339019495453108,0.13176504609948614,-0.23811910183396973,0.5603418449047219,0.0
13.453453453453454,-0.23901465715224413,0.21748585398464965,0.5585287750055906,-0.08476047419250193,0.011722349295908112,-0.08538489427730678,0.13350554552795493,0.13188598883241395,-0.23535196608266623,0.5588543867825233,0.0
13.473473473473474,-0.23461331329144644,0.2200671930398849,0.5568449373868245,-0.08419188093830818,0.00998456968150076,-0.08688898072036667,0.13362611228914661,0.13200629559254606,-0.2325755390387293,0.5573843443337725,0.0
13.493493493493494,-0.2301670211749628,0.22231460582418194,0.5551761243214631,-0.08344065326806617,0.008219865730847044,-0.08823519753268459,0.13374418656799128,0.13213333698522595,-0.22978993031074382,0.5559317755932277,0.0
13.513513513513514,-0.22568263431642843,0.22421934292671847,0.5535260411936016,-0.08250415639307668,0.006486747896316785,-0.08665589172651174,0.1338630235904968,0.13223283576009887,-0.22699524986977346,0.5544967379058161,0.0
13.533533533533534,-0.2211670480636117,0.2257793126408367,0.5518979857673574,-0.08140277131221349,0.004735061651194224,-0.08758431225612691,0.13396376342540733,0.13235587599527193,-0.22419160804501637,0.5530792879243682,0.0
13.553553553553554,-0.21662712553250718,0.2269961265552255,0.550295323472298,-0.08013311475296991,0.003034828118130293,-0.08501167665319528,0.13406578163905242,0.1324440757968938,-0.2213791155194508,0.551679481607382,0.0
13.573573573573574,-0.21206968633808065,0.22787195972132637,0.548720911099583,-0.07872061863575187,0.0012881492131626817,-0.08733394524837929,0.13414247732253382,0.13258028296469873,-0.21855788332546666,0.5502973742168146,0.0
13.593593593593594,-0.20750145268276612,0.22841168276572615,0.5471779288306551,-0.0771491134463952,-0.0004410455613899454,-0.08645973872763016,0.13422604828328236,0.13269436686320654,-0.21572802284047946,0.5489330203158986,0.0
13.613613613613614,-0.20292930242282536,0.22860751299703802,0.5456693198016117,-0.07543045145216755,-0.0021532956437023227,-0.08561250411561776,0.13429597639064475,0.13280514040888267,-0.21288964578253647,0.5475864737669903,0.0
13.633633633633634,-0.19836003663618512,0.22846328933201226,0.5441977639699181,-0.07357779158467531,-0.0038593275399082636,-0.08530159481029606,0.13435148892412774,0.13291918103909076,-0.21004286420590307,0.5462577877294414,0.0
13.653653653653654,-0.19380039929099932,0.22798186725929026,0.5427657644395415,-0.07159997651883214,-0.005554278912203044,-0.08474756861473819,0.13439606050378317,0.1330304513030532,-0.20718779049664218,0.5449470146575022,0.0
13.673673673673674,-0.1892571437367607,0.22716277771193105,0.5413756096533038,-0.06950773931188542,-0.00719900884036502,-0.08223649640809805,0.1344311278425302,0.13311683970279858,-0.2043245373681744,0.5436542062982486,0.0
13.693693693693694,-0.1847369633408847,0.22600901979379892,0.540029067320794,-0.06732711662548936,-0.008788521927625964,-0.07947565436304672,0.1344453902220503,0.13318738717093362,-0.2014532178568314,0.5423794136895412,0.0
13.713713713713714,-0.1802463295558411,0.22453168925218042,0.5387273522814863,-0.06508575196538953,-0.010339524024913173,-0.07755010486436018,0.1344382950376157,0.13325600163040038,-0.19857394531739014,0.5411226871580094,0.0
13.733733733733734,-0.17579150034858387,0.22274146036286202,0.5374713255182194,-0.06280133816334213,-0.011848147656872731,-0.07543118159797792,0.1344173932048465,0.13331753315391057,-0.1956868334186012,0.5398840763170648,0.0
13.753753753753754,-0.17137857897681907,0.22064606858823976,0.5362615300924897,-0.06048977128648637,-0.013306425750621773,-0.07291390468745254,0.13438198097333443,0.13336820959252454,-0.19279199613869846,0.5386636300649427,0.0
13.773773773773774,-0.16701352174795067,0.21825286144342046,0.5350981257421209,-0.0581702175184375,-0.01467847681132976,-0.06860255303539972,0.1343348769381447,0.13339110509353896,-0.18988954776090053,0.537461396582771,0.0
13.793793793793794,-0.16270208229822655,0.21557197248620621,0.5339806811024317,-0.055872231984459814,-0.01593670857553162,-0.06291158821009399,0.13426983713664126,0.13338256394498293,-0.18697960286889995,0.5362774233326693,0.0
13.813813813813814,-0.15844960756194307,0.2126237368141746,0.5329080300585415,-0.05363255219450828,-0.017118591205177693,-0.05909413148230498,0.13417650426833166,0.13337412033147977,-0.1840622763423389,0.5351117570558743,0.0
13.833833833833834,-0.15426102233306746,0.20942926144378057,0.531878588633046,-0.051472071274774156,-0.018198655562515282,-0.05400321786688047,0.13407864927066399,0.13334916325761292,-0.18113768335227293,0.5339644437708946,0.0
13.853853853853854,-0.1501409027869976,0.20600597730349307,0.5308904602318135,-0.04940642006162487,-0.0191986792174977,-0.0500011827491223,0.13396244331762092,0.13332374705291253,-0.17820593935662563,0.5328355287716942,0.0
13.873873873873874,-0.1460934184925277,0.20237421472349612,0.5299414715371465,-0.04744943473334855,-0.02011963308755916,-0.04604769350307465,0.1338394089194577,0.13329657118635924,-0.17526716009562956,0.5317250566259039,0.0
13.893893893893894,-0.1421224159406294,0.19855012759491414,0.5290293235815642,-0.04560739777911851,-0.020957411664676923,-0.0418889288558904,0.13371016424922197,0.1332645271658088,-0.17232146158725833,0.5306330711730629,0.0
13.913913913913914,-0.13823145063831818,0.19454826511556078,0.5281515557387064,-0.04388839214288911,-0.021676421392940685,-0.035950486413190666,0.1335817724292803,0.13321246755939078,-0.16936896012264568,0.5295596155228872,0.0
13.933933933933934,-0.13442367667402788,0.1903886982145154,0.5273054271902189,-0.04230642742437508,-0.022321049839404913,-0.03223142232321354,0.13343115724234317,0.13316859825575827,-0.1664097722614935,0.5285047320535678,0.0
13.953953953953954,-0.13070179368031984,0.18609414968540175,0.5264879967854983,-0.040871520236028316,-0.0228869968571681,-0.02829735088816205,0.1332829019132385,0.13312734526754263,-0.16344401482747117,0.5274684624100976,0.0
13.973973973973974,-0.12706827803150492,0.18167578244074653,0.5256964016881152,-0.039579754869157165,-0.023295595431519375,-0.02042992871756641,0.1331538010534618,0.1330539481220198,-0.16047180490360488,0.5264508475026279,0.0
13.993993993993994,-0.12352519388772003,0.1771542071892443,0.5249275922272164,-0.03844047304493782,-0.023604399861895168,-0.015440221518792308,0.13299649667849728,0.1329870794397501,-0.1574932598276523,0.5254519275048526,0.0
14.014014014014014,-0.12007393628544359,0.1725628801138218,0.5241782110146829,-0.037469060626676494,-0.023881650615075706,-0.01386253765903063,0.13282643534182048,0.1329534124860925,-0.15450849718747378,0.5244717418524232,0.0
14.034034034034034,-0.11671559673546979,0.16791697749869028,0.5234452121620509,-0.03664994263159765,-0.02407263639954103,-0.009549289223269957,0.13268626998290625,0.13291678189262512,-0.15151763481638725,0.5235103292413907,0.0
14.054054054054054,-0.11345113612666277,0.16322303044035077,0.5227259512998074,-0.03596304311217367,-0.02416308106456329,-0.004522233251117018,0.13254831493672517,0.13287234347742677,-0.1485207907885175,0.5225677276266785,0.0
14.074074074074074,-0.11028118856624555,0.15849737802086106,0.5220177090683379,-0.03541211157347456,-0.02413061722207913,0.0016231921242036065,0.13241963857524278,0.13281991925876913,-0.14551808341413613,0.5216439742205848,0.0
14.094094094094094,-0.10720594066200255,0.15376239521214982,0.5213177947027702,-0.03499571827838745,-0.024018869977495083,0.005587362229197642,0.1322787698978879,0.1327805727646681,-0.14250963123498805,0.520739105491312,0.0
14.114114114114114,-0.10422513417199723,0.14904032450026575,0.5206235422059989,-0.03471262483855984,-0.023812950719735153,0.01029596288799102,0.13215604128025635,0.13274757407056711,-0.1394955530196148,0.5198531571615286,0.0
14.134134134134134,-0.1013382243121897,0.14434549299037702,0.5199326557353984,-0.03454432353002591,-0.023491565752935734,0.016069248339964478,0.13204985259050772,0.13271315725513524,-0.13647596775866255,0.5189861642069571,0.0
14.154154154154154,-0.09854430047892879,0.13969619166304562,0.519243072162337,-0.034479178653070416,-0.023050073958507333,0.022074589721412134,0.13195520739042046,0.13268125162778735,-0.1334509946601879,0.5181381608549952,0.0
14.174174174174174,-0.09584194421774697,0.1351178130590906,0.5185529469904127,-0.03450625859621984,-0.022552062032955896,0.02490059627756321,0.13184797414103708,0.13267309880005682,-0.13042075314494833,0.517309180583363,0.0
14.194194194194194,-0.09322932466589974,0.1306309775923618,0.5178606115258615,-0.034616773227557775,-0.021978619108113526,0.02867214624210815,0.13176797012303545,0.1326767169491059,-0.12738536284169116,0.5164992561187824,0.0
14.214214214214214,-0.09070443137622501,0.12624466448373675,0.5171649789092077,-0.03478163083269053,-0.02129583531639756,0.03413918958578629,0.13171459927685106,0.13267920037224595,-0.12434494358242722,0.5157084194356845,0.0
14.234234234234235,-0.08826494319015943,0.12197440930327895,0.5164653454514457,-0.034981672888093986,-0.02051661527010513,0.03896100231460724,0.13166823356791943,0.13268940536358315,-0.12129961539770373,0.5149367017549471,0.0
14.254254254254255,-0.08590810117149443,0.11784210093324966,0.5157612334223746,-0.035205601453559346,-0.01966822502477233,0.04241951226662336,0.13162703674716242,0.13271554556890255,-0.11824949851186255,0.5141841335426631,0.0
14.274274274274275,-0.08363077770248745,0.11386617345034952,0.5150524836037842,-0.03543749092951775,-0.01876735670518782,0.045043415979207066,0.1315955037702238,0.13275641360549156,-0.11519471333829526,0.5134507445089367,0.0
14.294294294294295,-0.08142959772385495,0.11005899893162463,0.5143393010177613,-0.03565912930114827,-0.01781058627635532,0.04783852144160346,0.13158043480141082,0.13280585531638794,-0.11213538047469031,0.5127365636067114,0.0
14.314314314314315,-0.0793010138908902,0.10642919164823746,0.5136222625984137,-0.03585192096737738,-0.016774318958076163,0.05181336591393384,0.1315899892486163,0.1328574308127589,-0.10907162069827119,0.5120416190306263,0.0
14.334334334334335,-0.07724124393842752,0.10298849762313386,0.5129023423651948,-0.03599601166094185,-0.015674705839432274,0.0549806559321671,0.13160511867652636,0.1329166546146247,-0.10600355496102742,0.5113659382159033,0.0
14.354354354354355,-0.07524617948185222,0.09975322282876457,0.5121807118933029,-0.03608152359459456,-0.014542049294672827,0.056632827237941774,0.1316203212786874,0.13298831374338324,-0.10293130438494096,0.5107095478372641,0.0
14.374374374374375,-0.07331150528804943,0.09673370969013954,0.5114587277768584,-0.036099205822227205,-0.013356188779684811,0.05929302574936668,0.13165896105892744,0.13306321834036125,-0.09985499025720355,0.5100724738078766,0.0
14.394394394394395,-0.07143273902064042,0.09393831337045064,0.5107381390579603,-0.036029435944904716,-0.012152876331642321,0.06016562240208695,0.13168953642994888,0.13314585867515422,-0.09677473402542994,0.5094547412783329,0.0
14.414414414414415,-0.06960523201889629,0.09137535008720658,0.5100206877280595,-0.035872566495035514,-0.010909384857090716,0.062174573727539276,0.13174271683863845,0.13322938867135398,-0.09369065729286231,0.5088563746356556,0.0
14.434434434434435,-0.06782430209074436,0.0890464964075962,0.5093084591917485,-0.03561142681555005,-0.009586092224210262,0.06616463164397833,0.1318263071078573,0.13330773663454454,-0.09060288181356888,0.5082773975023351,0.0
14.454454454454455,-0.06608506682155539,0.08696176345944862,0.5086039086773259,-0.03522752572113249,-0.008212723205404797,0.0686684509402256,0.1319074041826529,0.13339146804929547,-0.08751152948763798,0.5077178327353973,0.0
14.474474474474475,-0.06438235668840744,0.08513550665739766,0.5079095312406645,-0.03471887183306736,-0.006781115135740338,0.07158040348317235,0.13200696333840045,0.13347735822541223,-0.08441672235636707,0.5071777024255011,0.0
14.494494494494495,-0.06271073684708513,0.08358099206611602,0.5072281222234358,-0.03407045086143579,-0.0053592342548790155,0.0710940440430128,0.1320802815295117,0.1335713633294522,-0.0813185825974417,0.5066570278960659,0.0
14.514514514514515,-0.06106457520908477,0.08230808190001768,0.5065622026444764,-0.03329597894797181,-0.003946936585298095,0.07061488347899016,0.1321584615511904,0.13366311325624095,-0.07821723252011552,0.5061558297024311,0.0
14.534534534534535,-0.05943830889811744,0.08131331554836699,0.5059143239163876,-0.03239393640443957,-0.0025127818531855673,0.0717077366055685,0.13225455384416804,0.13374395842618453,-0.07511279456037881,0.505674127631043,0.0
14.554554554554555,-0.057826399264935914,0.08059548165907603,0.5052871331937745,-0.031359536130652996,-0.0010550553564827984,0.07288632483507909,0.13235604955243704,0.13381877810655948,-0.07200539127612612,0.5052119406986746,0.0
14.574574574574575,-0.0562232225463456,0.08015883592951592,0.5046832608020627,-0.030193619585586536,0.0004270515395013296,0.074105344799146,0.13246423168114088,0.13388885770402986,-0.06889514534231926,0.5047692871516745,0.0
14.594594594594595,-0.05462304142900612,0.08000905586697404,0.5041053579087332,-0.028895144666471886,0.0019123961272067233,0.07426722938520891,0.13256600108559,0.13395553213241465,-0.06578217954614124,0.5043461844652467,0.0
14.614614614614615,-0.05302000916359091,0.08015161327076055,0.5035559218141421,-0.02747180472955601,0.0033767970477478638,0.07322004602699649,0.13265603942469417,0.1340168546117487,-0.0626666167821523,0.5039426493427611,0.0
14.634634634634635,-0.0514083293235795,0.08058399200057044,0.5030371880364499,-0.02593668888461004,0.00486911003692105,0.07461564945859976,0.13277064255883259,0.13406086452210544,-0.059548580047434796,0.5035586977150932,0.0
14.654654654654655,-0.049782181751461166,0.08130737860591665,0.5025514910850509,-0.024284847569949516,0.006307933316604572,0.07194116398411816,0.13284302418428365,0.1341054854519897,-0.056428192436740965,0.5031943447399958,0.0
14.674674674674675,-0.04813568514331568,0.0823248304072741,0.5021005399885238,-0.02254755482635573,0.007697584371666567,0.06948255275304382,0.1329106412244436,0.13413598255364526,-0.05330557713762983,0.5028496048015005,0.0
14.694694694694695,-0.04646317049078315,0.08362573262662673,0.5016857564608869,-0.020739176381844616,0.009038676681621637,0.06705461549770055,0.13296981568715902,0.13415082516140364,-0.05018085742560752,0.5025244915093499,0.0
14.714714714714715,-0.0447591859014333,0.08519922946749213,0.5013081985193832,-0.01887789707518185,0.010349049623543523,0.06551864709604507,0.13303178438150873,0.13414944832943837,-0.04705415665925698,0.50221901769846,0.0
14.734734734734735,-0.043018469354236276,0.08703582735985134,0.5009687193740624,-0.016973957266042904,0.011630067921931421,0.06405091491934976,0.13309105316473724,0.13413612029452063,-0.043925598275371604,0.5019331954284137,0.0
14.754754754754755,-0.0412358521591822,0.08913085975270399,0.5006679493130965,-0.015038503048289693,0.012848318087105307,0.06091250825865421,0.13312981615184513,0.1341166156529991,-0.04079530578407899,0.5016670359829851,0.0
14.774774774774775,-0.03940631833650016,0.09147669113410217,0.5004061178941381,-0.013091570947918104,0.01401419452481243,0.05829382188532132,0.133165838799741,0.13408148715722618,-0.037663402763966326,0.5014205498696931,0.0
14.794794794794795,-0.03752509272144103,0.0940612807529566,0.5001831793309227,-0.01114692816077,0.015117489518044893,0.05516474966159439,0.13319022540309733,0.13403517808943324,-0.03453001285720262,0.5011937468193874,0.0
14.814814814814815,-0.03558760742362071,0.09687426489101597,0.4999987468818053,-0.009221622455872203,0.016143579251411674,0.05130448666831621,0.1332003749094397,0.13397907281763094,-0.031395259764656604,0.5009866357858642,0.0
14.834834834834835,-0.03358956533306709,0.0999021045276811,0.4998520761795742,-0.007333535111553782,0.017097559369296782,0.047699005894239435,0.13320476728665698,0.13390957454967603,-0.02825926724101237,0.5007992249455124,0.0
14.854854854854855,-0.03152702220868327,0.10312715621919115,0.4997421393376393,-0.00549684209674778,0.018018054129636963,0.04602473801700015,0.13322137112467095,0.1338215776006654,-0.025122159089885084,0.5006315216969912,0.0
14.874874874874875,-0.029396252175113314,0.10653850167849763,0.4996678160928307,-0.003716162240430682,0.01885106181530275,0.041650384283287586,0.13321244459005047,0.13373765461154605,-0.021984059158932506,0.5004835326609376,0.0
14.894894894894895,-0.027193720701090617,0.11012657370113484,0.4996276671837614,-0.002007445453464411,0.019615474505764403,0.03822063452308885,0.13320432206677385,0.13363892074215813,-0.018845091334967076,0.5003552636797053,0.0
14.914914914914915,-0.02491620844284373,0.11387561291234445,0.49962004910680813,-0.00038090384766254924,0.02028186398985193,0.03331947420438986,0.1331787687426877,0.13353894503310648,-0.01570537953906415,0.5002467198171342,0.0
14.934934934934935,-0.022560810682753635,0.11776988800450468,0.499643044412893,0.0011497653042427153,0.02086792670219398,0.029303135617123673,0.13315415204262282,0.13342667584562226,-0.012565047721668937,0.50015790535835,0.0
14.954954954954955,-0.02012500750782651,0.12179015874635624,0.4996945730555984,0.002576432135270035,0.021372506930577972,0.025229011419229234,0.13312631012436546,0.13330982240706846,-0.009424219857704037,0.5000888238095955,0.0
14.974974974974975,-0.017606627041366295,0.12591902332301078,0.4997724442481809,0.0038935596291260017,0.02181829379550785,0.022289343246530674,0.1331058758077636,0.1331832221057968,-0.0062830199416764486,0.5000394778980919,0.0
14.994994994994995,-0.015003794900701646,0.13014160703323246,0.49987443813590343,0.005099694386125442,0.022188082068674498,0.01848941365837761,0.13307984699455983,0.13305962754357642,-0.003141571982779372,0.5000098695719315,0.0
15.015015015015015,-0.01231486129633717,0.13444668021822376,0.49999830062817213,0.006193124613435082,0.022461711372454143,0.013681465189035286,0.13304533716835648,0.1329399144877228,-9.184850993605148e-17,0.5,0.0
15.035035035035035,-0.009538522906588496,0.13881691948743374,0.5001417154257951,0.007170739881147888,0.02267093597844889,0.010461230299798447,0.1330207105539095,0.13280909625096257,0.0031415719827791884,0.5000098695719315,0.0
15.055055055055055,-0.006673806213298781,0.14323583466448572,0.5003023561533496,0.008032036377723456,0.022781672479619108,0.005536825058580612,0.13298663219018383,0.13269068198449913,0.0062830199416762655,0.5000394778980919,0.0
15.075075075075075,-0.0037200112621063363,0.14768974755962225,0.5004779456488534,0.008779474775190591,0.022796520105883896,0.0007423813133170974,0.132953534903817,0.13257330029365139,0.009424219857703853,0.5000888238095955,0.0
15.095095095095095,-0.0006768037738870479,0.15216037441096442,0.5006662452681053,0.009414980962595092,0.022697017085497317,-0.004975151019242716,0.1329167183684601,0.1324670161572941,0.012565047721668754,0.50015790535835,0.0
15.115115115115115,0.0024557033491553895,0.15662535615212186,0.5008651342210773,0.009944447648597443,0.022546395959046436,-0.007531056322448693,0.13290228491280806,0.1323443045171654,0.015705379539063966,0.5002467198171342,0.0
15.135135135135135,0.005677001454905282,0.16106490528749462,0.5010725901498215,0.010372796437213725,0.02232715952915308,-0.010961821494562898,0.13289004038945282,0.13223550215420987,0.018845091334967336,0.5003552636797054,0.0
15.155155155155155,0.008986401135857854,0.16546998404762867,0.5012868336110541,0.010712173061628413,0.022017544272000252,-0.015480762857526916,0.13287657092196525,0.13214194414075717,0.021984059158932322,0.5004835326609376,0.0
15.175175175175175,0.01238293618039376,0.1698267522267953,0.5015062987266554,0.010973255780064063,0.021621256920279042,-0.0198143675859351,0.1328688651099618,0.1320555448752533,0.0251221590898849,0.5006315216969912,0.0
15.195195195195195,0.015865310073314213,0.17411869464602261,0.5017296186359951,0.011165995466984546,0.021124414155773333,-0.024842138225149277,0.13286367140401814,0.13198538733591705,0.028259267241012187,0.5007992249455124,0.0
15.215215215215215,0.019431868198505172,0.1783279062595479,0.5019557112193785,0.011304629169171427,0.020548346384751517,-0.028803388550942874,0.13287033258777217,0.13191857224960965,0.03139525976465686,0.5009866357858642,0.0
15.235235235235235,0.023080603217882766,0.18243675096887974,0.5021837271689581,0.011400797478979156,0.019872794195575267,-0.03377760945865241,0.13287986434692536,0.1318734548003679,0.03453001285720288,0.5011937468193874,0.0
15.255255255255255,0.026809179755223945,0.186428826867059,0.5024131864832206,0.011472965713129928,0.019117520537147943,-0.03776368292119266,0.13290136127925134,0.13183413637847854,0.037663402763966146,0.5014205498696931,0.0
15.275275275275275,0.030614831981243585,0.19028261130098198,0.5026438787405135,0.011534612864646241,0.01834216868698787,-0.03876759250781552,0.1329433604295719,0.13178101679866266,0.040795305784078806,0.5016670359829851,0.0
15.295295295295295,0.034494626621928065,0.19398973203422398,0.5028756969685166,0.011590911400158227,0.017440489680568685,-0.04508395032075689,0.1329695894133746,0.13178675654655517,0.04392559827537187,0.5019331954284139,0.0
15.315315315315315,0.03844544442008666,0.19754088990792995,0.5031091716489313,0.011673734020734208,0.016481487243403415,-0.047950121858044814,0.1330169839010513,0.13177787863071422,0.047054156659257246,0.50221901769846,0.0
15.335335335335335,0.04246374928650381,0.20091524332085742,0.5033449365832094,0.011788246713908516,0.015430197421582297,-0.052564491090820925,0.13306497725737415,0.1317999856438439,0.050180857425607336,0.5025244915093499,0.0
15.355355355355355,0.046545744680296625,0.2040997696896408,0.5035840939594556,0.011957868812308635,0.0143169464776422,-0.05566254719675244,0.13312529222916816,0.13182374956282158,0.05330557713762965,0.5028496048015005,0.0
15.375375375375375,0.05068723655077465,0.20707459352390126,0.5038279550605553,0.012193055054985831,0.013199005291465515,-0.055897059308563674,0.13320029433882047,0.13183136588963051,0.056428192436740784,0.5031943447399958,0.0
15.395395395395395,0.05488388091610873,0.20983221826670356,0.5040778087285571,0.01249268340009206,0.012015473803703627,-0.059176574387804874,0.13326572152775876,0.13187512126562884,0.05954858004743506,0.5035586977150932,0.0
15.415415415415415,0.05913125803946419,0.21236885616777323,0.5043353327304797,0.012876200096128847,0.010800099254233577,-0.06076872747319356,0.1333404824839965,0.13191469289882315,0.06266661678215212,0.503942649342761,0.0
15.435435435435435,0.0634246902061772,0.21467160833565094,0.5046022793687682,0.013347331914427009,0.00957343751781527,-0.061333086820586115,0.1334196702272565,0.131951995997325,0.06578217954614106,0.5043461844652467,0.0
15.455455455455455,0.06775946931903598,0.21673895564293838,0.5048804288161672,0.013907472369951424,0.008254875856689162,-0.06592808305595607,0.13348629116772795,0.13203794785149636,0.06889514534231908,0.5047692871516745,0.0
15.475475475475475,0.07213072980385786,0.21856302424109364,0.5051720904320132,0.01458308079229468,0.006923694245595211,-0.06655908055432753,0.13357046960393995,0.1321005551173703,0.07200539127612593,0.5052119406986745,0.0
15.495495495495495,0.07653329411467331,0.22012821554077278,0.5054794849806833,0.015369727433506694,0.00557195635709481,-0.06758689442462927,0.13365021709031052,0.13217160198460184,0.07511279456037863,0.505674127631043,0.0
15.515515515515515,0.08096194423017203,0.2214325057749354,0.5058048861616206,0.016270059046863107,0.0041878345671885605,-0.06920608949490088,0.1337252675071211,0.132254575039616,0.07821723252011534,0.5061558297024311,0.0
15.535535535535535,0.08541137511433236,0.2224715442080167,0.5061506682856618,0.017289106202061182,0.0027734369480853834,-0.07071988095472681,0.13379886131379704,0.13234461189223892,0.08131858259744151,0.5066570278960659,0.0
15.555555555555555,0.0898760940534188,0.22323594695432228,0.50651928210456,0.01843069094490783,0.0013904149820059962,-0.0691510983035169,0.13387707290146406,0.13240740370934803,0.0844167223563669,0.507177702425501,0.0
15.575575575575575,0.0943505570011041,0.223723147384265,0.5069128359603124,0.019677692787622637,1.0190278040018512e-06,-0.06946979770962725,0.13393840200756305,0.1324847210280978,0.0875115294876378,0.5077178327353973,0.0
15.595595595595595,0.0988293443953359,0.2239393697115901,0.5073333952309377,0.021027963531259426,-0.0014138307680732504,-0.07074248979337082,0.1339923108231993,0.13257658708798756,0.0906028818135687,0.5082773975023351,0.0
15.615615615615615,0.10330700211419727,0.22388288594306827,0.5077831233595038,0.022486406428306814,-0.002852014120547802,-0.07190916762321733,0.13404362311500578,0.1326752760026121,0.09369065729286213,0.5088563746356556,0.0
15.635635635635635,0.10777794304920811,0.22354704675054227,0.5082642386368565,0.024055763867636977,-0.004278086002350214,-0.07130359408959268,0.13409402883028407,0.13275998684458692,0.0967747340254302,0.509454741278333,0.0
15.655655655655655,0.11223648367723402,0.22292703140129522,0.5087787306606144,0.02572460118789444,-0.005668452161285171,-0.06951830794620273,0.13413501850660264,0.1328277784057421,0.09985499025720337,0.5100724738078766,0.0
15.675675675675675,0.11667702111926961,0.22202687210178004,0.5093281908908438,0.02747301151146852,-0.007041570983289926,-0.06865594109967664,0.1341585362061657,0.13289760205808684,0.10293130438494077,0.510709547837264,0.0
15.695695695695695,0.12109409072632947,0.2208534803529926,0.5099139747927559,0.02928919509560475,-0.008400530196393736,-0.06794796065461424,0.13417163623269854,0.1329676289549951,0.10600355496102724,0.5113659382159033,0.0
15.715715715715715,0.1254822843867469,0.21940968302087238,0.5105372793218604,0.031165226455228564,-0.009731103311298417,-0.06652865574464367,0.1341769152194729,0.1330290450787204,0.10907162069827145,0.5120416190306263,0.0
15.735735735735735,0.12983624054075052,0.2176978077001799,0.5111990509937387,0.03308858359391559,-0.011011608748839866,-0.06402527187646881,0.13417267177736253,0.13307404132347075,0.11213538047469057,0.5127365636067114,0.0
15.755755755755755,0.1341507646103495,0.21572620347994903,0.511899845774074,0.035039739016760635,-0.01227859038839101,-0.06334908197694171,0.1341474791763346,0.13312928789565698,0.11519471333829508,0.5134507445089367,0.0
15.775775775775776,0.13842079426089832,0.21350148252744047,0.5126400563002317,0.037010526307883734,-0.013478405028138983,-0.05999073198677218,0.13412350967612055,0.1331582962334592,0.11824949851186237,0.514184133542663,0.0
15.795795795795796,0.1426413441357851,0.21102749374434024,0.5134196987960886,0.03898212479284736,-0.014599063061785078,-0.056032901681667434,0.13408346687809483,0.13316787230656285,0.12129961539770398,0.5149367017549471,0.0
15.815815815815816,0.14680779291098087,0.2083224387597876,0.514238260760447,0.04092809821791659,-0.015721504725125006,-0.056122083166350416,0.1340135867951038,0.13320663640223218,0.12434494358242747,0.5157084194356845,0.0
15.835835835835836,0.15091573933237115,0.20539732106951453,0.5150952189770559,0.042847910830446666,-0.016785990621240223,-0.0532242948051062,0.13395508059217112,0.13322613592507104,0.12738536284169097,0.5164992561187824,0.0
15.855855855855856,0.15496084326041004,0.20225519640194492,0.5159899282778072,0.04473546503756368,-0.017822131812118117,-0.05180705954323319,0.13387514618743207,0.1332498392041874,0.13042075314494816,0.517309180583363,0.0
15.875875875875876,0.15893891780201003,0.19890372707999893,0.5169214872443502,0.04657794832714563,-0.018757955343371026,-0.04679117656197712,0.13380239542251618,0.13323925101974557,0.13345099466018773,0.5181381608549951,0.0
15.895895895895896,0.1628459824659067,0.1953532331948334,0.5178885904710654,0.048355161335759025,-0.01963967153835652,-0.044085809748601316,0.13369969434910425,0.13323195488827586,0.1364759677586628,0.5189861642069571,0.0
15.915915915915916,0.16667845003464324,0.1916233784368274,0.5188895409453451,0.05004752371398534,-0.020473787081026484,-0.041705777132820296,0.13359006201648677,0.13322728082683863,0.1394955530196146,0.5198531571615285,0.0
15.935935935935936,0.17043292435437787,0.18772371598673174,0.5199225786276986,0.05165188411767365,-0.021232292564940528,-0.037925274195020196,0.1334807894309994,0.13320927340461855,0.14250963123498786,0.520739105491312,0.0
15.955955955955956,0.1741062075035033,0.18366415745627154,0.5209857521583005,0.05315867653008915,-0.02190155497924853,-0.033463120714715675,0.13336440054912854,0.1331777701172171,0.14551808341413597,0.5216439742205847,0.0
15.975975975975976,0.1776954790725959,0.1794635784546286,0.5220768085474546,0.054552819457708415,-0.02254290458956949,-0.03206748051536141,0.13322306023459815,0.1331646758946603,0.14852079078851732,0.5225677276266785,0.0
15.995995995995996,0.1811981849118521,0.17513529196281066,0.5231934034329055,0.055829744272546306,-0.02309152933030112,-0.027431237035894784,0.13310180947928363,0.13313355896018028,0.15151763481638708,0.5235103292413906,0.0
16.016016016016017,0.18461192251596129,0.17068688020545952,0.5243332238475451,0.05699102073197565,-0.02355278329810247,-0.02306269838938057,0.132968294610085,0.13309446364587274,0.15450849718747361,0.5244717418524232,0.0
16.036036036036037,0.1879346349752965,0.16613562296676082,0.525493663915298,0.05802200338764251,-0.02389891104860211,-0.01730638752429596,0.13284037924181544,0.13304259854686482,0.1574932598276521,0.5254519275048526,0.0
16.056056056056057,0.1911646370827937,0.1615001053748587,0.5266720185621142,0.05891773234081341,-0.024139662979902284,-0.012037596564324394,0.1327061983395959,0.1329888936419447,0.16047180490360471,0.5264508475026278,0.0
16.076076076076077,0.19430070468620195,0.1568033801704131,0.527865472744647,0.05967270912664099,-0.024284269947075547,-0.007230348357981706,0.13257246414127613,0.13293985934249702,0.163444014827471,0.5274684624100975,0.0
16.096096096096097,0.1973420364213841,0.15206658675910745,0.5290712968105531,0.06029120329530269,-0.024347380402510735,-0.00315552277108176,0.1324397800149743,0.13289994771659558,0.16640977226149334,0.5285047320535678,0.0
16.116116116116117,0.20028827018274034,0.14731168806781308,0.5302869207688901,0.06078119791684743,-0.02440265480736746,-0.0027637202421661234,0.13228823034622533,0.1328901921622609,0.16936896012264593,0.5295596155228873,0.0
16.136136136136138,0.20313925611667275,0.14254929669662003,0.5315099495891298,0.061151441011983526,-0.024378373428102222,0.001214068963924814,0.13217486504897924,0.1328740749641239,0.17232146158725858,0.5306330711730629,0.0
16.156156156156158,0.20589484952035275,0.13777967018399964,0.53273846029071,0.061425535079011113,-0.02422388179541326,0.00772458163510144,0.1320800019140098,0.1328401887210355,0.17526716009562937,0.5317250566259037,0.0
16.176176176176178,0.20855528286760155,0.1330216673624399,0.5339705483674683,0.061604403837910604,-0.023984539717810095,0.011967103880799756,0.13197076432868118,0.13281642206461267,0.17820593935662546,0.5328355287716939,0.0
16.196196196196198,0.21112130168918833,0.1283009410793381,0.535204258697583,0.0616855165057392,-0.023687554592566825,0.01484925626279175,0.13186354470148942,0.13280974366302575,0.18113768335227276,0.5339644437708945,0.0
16.216216216216218,0.213593925626194,0.12363119685028334,0.5364379270170484,0.06168341597326953,-0.02329579066269012,0.019588196494447933,0.13178378495119072,0.13280336710562535,0.1840622763423387,0.5351117570558742,0.0
16.236236236236238,0.2159744227171286,0.11902485454673072,0.5376703053449555,0.06161891639535822,-0.022828253146035652,0.02337687583331737,0.13170438719442304,0.13280494950113142,0.18697960286889978,0.5362774233326691,0.0
16.256256256256258,0.21826439869341335,0.11449879881423679,0.5389002772453725,0.06149859502084533,-0.022267132079565044,0.028056053324104234,0.13164643857914257,0.13281136402055854,0.18988954776090075,0.537461396582771,0.0
16.276276276276278,0.22046575817378286,0.11006797401847584,0.5401271216977612,0.06134222261943933,-0.021620480686647063,0.032332569646449524,0.13159745244484228,0.13282568622436633,0.1927919961386983,0.5386636300649426,0.0
16.296296296296298,0.22258076240525793,0.10575021157375271,0.5413503748546472,0.061162657844300326,-0.020893703844809215,0.03633884209241837,0.13156113149264131,0.13284977401359385,0.19568683341860146,0.5398840763170649,0.0
16.316316316316318,0.22461201419718213,0.10156258959621053,0.5425699111094728,0.06097681274128195,-0.02010976095189272,0.039197144646322214,0.13152873026489734,0.1328866338887992,0.19857394531739037,0.5411226871580095,0.0
16.336336336336338,0.22656239210571824,0.09751889542680517,0.5437858570147356,0.06079729526313658,-0.019250647871656455,0.04295565401228157,0.1315196708218219,0.13292898419864937,0.20145321785683123,0.5423794136895412,0.0
16.356356356356358,0.22843500106261255,0.09363044784471576,0.5449987686233393,0.06064558043018647,-0.018324258306297917,0.046319478268363114,0.13151995054133792,0.13297843503943751,0.20432453736817424,0.5436542062982485,0.0
16.376376376376378,0.23023323899883388,0.08991189681106694,0.5462094487831102,0.06053400798854253,-0.01734298661976246,0.04906358432717412,0.13152851810664296,0.13303700594479148,0.20718779049664202,0.5449470146575022,0.0
16.396396396396398,0.23196076980256242,0.08637654018642696,0.5474189601664993,0.060475569169456525,-0.016324816236804762,0.050908519148249495,0.13154095331260673,0.13310449749593317,0.2100428642059029,0.5462577877294414,0.0
16.416416416416418,0.23362141670379355,0.08303234506155645,0.5486285552815084,0.06047975575045806,-0.01522649028028537,0.05491629782629513,0.13158775178042265,0.1331705145380249,0.2128896457825359,0.54758647376699,0.0
16.436436436436438,0.23521917986675725,0.07988815814818442,0.5498399724426255,0.06057085805585269,-0.014073416704097846,0.05765367880966139,0.13163423138849112,0.1332431358300874,0.2157280228404797,0.5489330203158986,0.0
16.456456456456458,0.2367583710178394,0.07695955755410709,0.5510550438619894,0.06075357096819619,-0.012880351935099092,0.05965323845018009,0.13168692602592091,0.1333230159648917,0.2185578833254665,0.5502973742168145,0.0
16.476476476476478,0.2382434920968165,0.07425605394885473,0.5522757997013381,0.06103779196743238,-0.011633914196914808,0.06232188690941212,0.13175785215432184,0.1334035562910509,0.22137911551945064,0.551679481607382,0.0
16.496496496496498,0.23967920718394253,0.07178575435630208,0.5535045468466248,0.06143735726433294,-0.010339150442201586,0.06473818773581182,0.13183716070157334,0.13348582460208128,0.2241916080450162,0.5530792879243682,0.0
16.516516516516518,0.24107038979855352,0.06955913073054895,0.5547437388814451,0.061959601741019436,-0.009002206955199338,0.06684717435021344,0.1319242769735014,0.1335697923601555,0.22699524986977332,0.554496737905816,0.0
16.536536536536538,0.24242208834046888,0.06758492709576856,0.5559959661616435,0.06261136400991682,-0.007613023163231513,0.06945918959843904,0.13202695524056043,0.13365203038343096,0.22978993031074366,0.5559317755932276,0.0
16.556556556556558,0.24373959833067538,0.06587549951032506,0.5572640189295416,0.06340263839490395,-0.006257180652648917,0.06779212552911991,0.13209082506773523,0.1337421139605632,0.23257553903872913,0.5573843443337724,0.0
16.576576576576578,0.24502833552431236,0.06443685968184833,0.5585502233341251,0.06431022022917368,-0.004879672870048408,0.06887538912995216,0.1321846992208629,0.13381934366003073,0.23535196608266606,0.5588543867825233,0.0
16.596596596596598,0.24629358824916803,0.06326263624278407,0.5598571512285043,0.06534639471896055,-0.003458734742783785,0.07104690636308725,0.1322940243260585,0.1338870770594424,0.23811910183396956,0.5603418449047219,0.0
16.616616616616618,0.24754078416816908,0.062359795950052414,0.5611874558983614,0.06651523349285154,-0.002043623439287054,0.07075556517461287,0.1323840499727158,0.1339568624067141,0.24087683705085786,0.5618466599780683,0.0
16.636636636636638,0.24877544410653793,0.06173299691844321,0.5625435282613,0.0678036181469311,-0.0005731613491701351,0.07352310450553139,0.13251034850791513,0.13401229901660164,0.24362506286266622,0.5633687725950399,0.0
16.656656656656658,0.25000314738138557,0.061385163742382384,0.563928076046049,0.06922738923744472,0.000891854192615724,0.0732507770888738,0.132610322310133,0.13406869994198187,0.24636367077414567,0.564908122665237,0.0
16.676676676676678,0.25122968695803155,0.061326978832299414,0.565343423511507,0.07076737327290039,0.0023264242483483615,0.07172850278609115,0.13269534836275335,0.13411746671377428,0.2490925526697455,0.566464649417755,0.0
16.696696696696698,0.2524607885201832,0.06155507810758489,0.5667915518505086,0.07240641695007526,0.0037683898322116867,0.07209827919248439,0.1327947017227372,0.1341466696775881,0.25181160081788034,0.5680382914035823,0.0
16.716716716716718,0.25370210458719933,0.062065803350806,0.568274356471341,0.07414023104161716,0.005183272080458784,0.07074411241150877,0.1328745321953941,0.1341685997201066,0.25452070787518544,0.569628986498028,0.0
16.736736736736738,0.2549592965753857,0.06285959940931703,0.5697933275486087,0.07594855386338456,0.006573097669451335,0.06949127944859103,0.13295012355496677,0.1341761450424928,0.2572197668907528,0.5712366719031736,0.0
16.756756756756758,0.25623787174794876,0.06392875862815396,0.5713496716667148,0.07781720590530886,0.007986763212627467,0.0706832771575521,0.1330471073377519,0.1341625314921437,0.25990867131035494,0.5728612841503525,0.0
16.776776776776778,0.257543329022086,0.06527286370686058,0.572944591582927,0.07974599581060791,0.009343356251742986,0.06782965195427225,0.13310338772588998,0.13415018572931045,0.26258731498064786,0.5745027591026541,0.0
16.796796796796798,0.25888123771427357,0.06689543460937925,0.5745786974200718,0.08170529185724501,0.01062063624601952,0.06386399971203757,0.13313593109632407,0.13412236829114726,0.26525559215336725,0.5761610319574586,0.0
16.816816816816818,0.26025690531771084,0.06878338017186474,0.5762520126479354,0.083665761393173,0.011838768208346175,0.060906598114222325,0.133163986213403,0.1340712536738919,0.2679133974894984,0.5778360372489926,0.0
16.836836836836838,0.2616753332140948,0.07092139481919905,0.5779641451830535,0.08560662675590536,0.012989710868336802,0.05754713299706142,0.13317933825133796,0.13400646998970892,0.27056062606343784,0.5795277088509154,0.0
16.856856856856858,0.26314126621145856,0.07329664986818742,0.5797143086004591,0.08750817087028377,0.014083745052179509,0.05470170918926953,0.13319164199173605,0.13392595633830834,0.2731971733671343,0.581235979978929,0.0
16.876876876876878,0.26465919771923235,0.07589657538869067,0.5815014359130435,0.0893563656292192,0.015099111123265643,0.05076830355100832,0.13318781844743513,0.13383786364435518,0.2758229353142151,0.5829607831934144,0.0
16.896896896896898,0.26623333300573077,0.07870676432492073,0.5833241069294313,0.09113355081939076,0.016083619239263717,0.04922540579614649,0.1331985700484079,0.13372730264435068,0.2784378082440938,0.5847020504020936,0.0
16.916916916916918,0.2678676100213092,0.08171385077892114,0.5851807845527643,0.09283388116665493,0.017001513627241224,0.04589471939463652,0.1331928325346717,0.13361659511060836,0.2810416889260649,0.5864597128627188,0.0
16.936936936936938,0.2695658157477977,0.08491028632442481,0.5870696831965824,0.09444493219090329,0.01785528263969105,0.042688450617756786,0.13318162586776622,0.13349365275924827,0.2836344745633784,0.5882337011857864,0.0
16.956956956956958,0.2713315251199034,0.08828546860528312,0.5889887557383973,0.095953627090747,0.018575717208109997,0.036021728415698506,0.13313461627762865,0.13337718748363525,0.2862160627972955,0.5900239453372739,0.0
16.976976976976978,0.27316795132780025,0.09182131039484275,0.5909355219309724,0.09733830962876043,0.01923785760426648,0.0331070198020729,0.13310599729093614,0.13322888769686794,0.28878635171113365,0.591830374641408,0.0
16.996996996996998,0.2750778104207229,0.09549295464613103,0.5929073093963535,0.09858937326905096,0.01983550333957115,0.029882286759006126,0.1330762847512086,0.13307915027814385,0.2913452398342881,0.5936529177834531,0.0
17.017017017017018,0.2770636122020457,0.0992900890661398,0.594901410715481,0.0997050659563738,0.020330633542352292,0.024756510132387447,0.1330309885227904,0.1329360137105749,0.29389262614623646,0.5954915028125263,0.0
17.037037037037038,0.2791275825154198,0.10319851566870782,0.5969149888044314,0.100678904447521,0.02073053473043041,0.01999505939684944,0.13298368534764826,0.13278559527753972,0.2964284100805294,0.5973460571444389,0.0
17.057057057057058,0.28127155583753727,0.10719866610587386,0.5989450758813639,0.10150435384662443,0.021017713842248167,0.014358955583513702,0.13292901828300674,0.13263940883758085,0.2989524915287594,0.5992165075645617,0.0
17.077077077077078,0.2834969242190708,0.11126841907667565,0.6009886646542157,0.10217943864259224,0.021258273789250447,0.012027997342544287,0.13289653044464964,0.1324718844379957,0.3014647708445122,0.6011027802307143,0.0
17.097097097097098,0.28580468001675313,0.11538778988411665,0.6030427690499995,0.10270521978919231,0.021431728656280177,0.00867274334386376,0.13286445086791068,0.1323154752758636,0.3039651488473027,0.6030048006760824,0.0
17.117117117117118,0.2881956547927888,0.11954873880178463,0.6051045772844784,0.10309041172394212,0.021503049652804092,0.0035660498186715394,0.13282379416755036,0.13217311355666064,0.30645352682648846,0.6049224938121549,0.0
17.137137137137138,0.2906704096687927,0.12373774380019567,0.6071713640522393,0.10333933838803945,0.021464438176417786,-0.001930573826569814,0.13278165519135707,0.1320366437952176,0.3089298065451672,0.6068557839316906,0.0
17.157157157157158,0.29322910845837835,0.12793493947928133,0.6092404778992713,0.10345569235160133,0.02131118376507432,-0.007662720573970529,0.13274167478006946,0.13190888728042427,0.3113938902440561,0.6088045947117058,0.0
17.177177177177178,0.2958714762926047,0.13211839171131576,0.6113094376606472,0.10344798806879618,0.021057055843611904,-0.012706396079245423,0.13271109301428433,0.1317855602207173,0.31384568064535034,0.6107688492164883,0.0
17.197197197197198,0.2985968072358289,0.13626654716120934,0.6133759765737375,0.10332694565452155,0.020696521498327108,-0.018026717269465233,0.13268719227614628,0.13167671814122414,0.31628508095656216,0.612748469900633,0.0
17.217217217217218,0.301403940084111,0.1403566424141057,0.615438149607658,0.10310865169602032,0.020310725303474293,-0.019289809746656412,0.1326913473257424,0.1315456858468302,0.31871199487434465,0.6147433786121053,0.0
17.237237237237238,0.3042913944497344,0.14437271828117296,0.617494106978667,0.1027978685504508,0.019829475363905096,-0.024062496981003816,0.13269004084373,0.13145619466425518,0.3211263265882918,0.6167534965953247,0.0
17.25725725725726,0.3072575639683312,0.1483084759298394,0.6195425347769796,0.10242138991563134,0.0192672760432551,-0.028109966033290884,0.1326975994565043,0.13137090246821728,0.32352798078472234,0.6187787444942763,0.0
17.27727727727728,0.31030045313429,0.15214445829794002,0.6215823194151298,0.10198923190750826,0.01866013188272796,-0.030357208025080636,0.13272141997009412,0.13128198728687754,0.3259168626504394,0.6208190423556391,0.0
17.2972972972973,0.31341782203451124,0.15586844501106215,0.6236125396985157,0.10151101416929512,0.01794800432032135,-0.03560637811674454,0.1327422337256912,0.1312333755861439,0.32829287787647843,0.6228743096319482,0.0
17.31731731731732,0.3166072179405305,0.1594697953009622,0.6256328289066738,0.10101446040790671,0.017163960135011723,-0.039202209259329525,0.13277703021027593,0.1311839521796373,0.33065593266182597,0.6249444651847702,0.0
17.33733733733734,0.319865799991267,0.16292910253682744,0.6276430213524822,0.10050962229041868,0.016307629396838576,-0.042816536899717865,0.13282168199260877,0.1311504421210586,0.3330059337171257,0.6270294272879089,0.0
17.35735735735736,0.32319048371352366,0.16623418611283197,0.6296433358986162,0.10001572730670316,0.015346670384622486,-0.04804795059893399,0.13287019694571844,0.13114937101361268,0.3353427882683598,0.6291291136306302,0.0
17.37737737737738,0.32657787628558654,0.16936962860314536,0.6316345313664709,0.09955977339273331,0.014313223758517634,-0.05167233129031598,0.13293374997238483,0.13115123752943422,0.3376664040605122,0.6312434413209129,0.0
17.3973973973974,0.3300242127068272,0.1723168210620318,0.6336176363072851,0.09915524704071318,0.013188436027417127,-0.056239386537004214,0.1330043494487794,0.13118105504576894,0.3399766893612094,0.6333723268887198,0.0
17.41741741741742,0.3335254370817575,0.17506121874651537,0.6355941981864499,0.09882809395824424,0.01198591668563242,-0.06012596706813823,0.13308590500205067,0.13122285459113736,0.34227355296434464,0.6355156862892946,0.0
17.43743743743744,0.33707713504265646,0.17758489804494695,0.6375661048607872,0.09859533371686409,0.01072306429608502,-0.06314261945327798,0.1331775752188416,0.13127288174725063,0.3445569041936744,0.6376734349064768,0.0
17.45745745745746,0.34067463034323947,0.17987476502915095,0.6395355146673586,0.09847049032856911,0.009362508257526133,-0.06802780190106311,0.13327105858966865,0.13135959648118464,0.3468266529064025,0.6398454875560466,0.0
17.47747747747748,0.34431295986037935,0.18191647585699297,0.6415051532303171,0.09848192814792688,0.007958105678034198,-0.07022012894516472,0.13337790118124015,0.13143601663569585,0.3490827094967362,0.6420317584890842,0.0
17.4974974974975,0.34798682317575674,0.1836931657688693,0.643477789001609,0.09863178856459563,0.006480330587590179,-0.0738887544905782,0.13348418036307616,0.1315416107710717,0.35132498489942465,0.6442321613953574,0.0
17.51751751751752,0.3516907138710978,0.18519453476705125,0.6454566084609696,0.09894097296803114,0.00496035884389741,-0.07599858715124294,0.13359658518111728,0.13164469557200228,0.3535533905932737,0.6464466094067262,0.0
17.53753753753754,0.35541887817373874,0.18640821513204753,0.6474448458671479,0.09941187030891438,0.0033610421510762416,-0.07996583460642333,0.13370552082736914,0.13178057611494767,0.35576783860464245,0.6486750151005751,0.0
17.55755755755756,0.35916537664895626,0.18732492376087642,0.649446162247914,0.10006581903830264,0.0016895153752126684,-0.08357633875789941,0.13381809720715326,0.13192988289620838,0.35796824151091555,0.6509172905032636,0.0
17.57757757757758,0.3629239224844731,0.18792729177584033,0.6514644635039322,0.100915062800912,-8.287152197630154e-06,-0.0848901263352178,0.13393430171464263,0.13206630977307882,0.36015451244395325,0.6531733470935973,0.0
17.5975975975976,0.3666879811994161,0.18820293574715022,0.6535035089354047,0.10195227157362258,-0.0017618140268671632,-0.08767634369885527,0.13403965529176265,0.13222395276600926,0.36232656509352335,0.6554430958063258,0.0
17.61761761761762,0.37045083421171526,0.18814265061495733,0.6555672004120382,0.10318457383167699,-0.0034895196653522355,-0.08638528189099574,0.134145376456743,0.13234112393023134,0.36448431371070594,0.6577264470356559,0.0
17.63763763763764,0.37420556903142543,0.18773674098550716,0.6576588339153582,0.10458167516600053,-0.005190682672850832,-0.08505815034375638,0.13423165179692725,0.1324471352640881,0.36662767311128003,0.6600233106387905,0.0
17.65765765765766,0.37794541801364584,0.18699244911101903,0.6597812402101209,0.10612031473813137,-0.006924937392186227,-0.08671273593842392,0.13429631270082903,0.13258136394434616,0.36875655867908685,0.6623335959394876,0.0
17.67767767767768,0.3816636768226232,0.18591294044886877,0.6619373365994851,0.1078048194682108,-0.008672648514935844,-0.08738555611267441,0.1343573869290143,0.13271281839631965,0.37087088636936966,0.66465721173164,0.0
17.6976976976977,0.3853534762486531,0.18448997130149608,0.6641299337548837,0.1096298577699333,-0.01038228102833401,-0.08548162564931125,0.13441108113438097,0.1328147724623802,0.372970572712091,0.6669940662828742,0.0
17.71771771771772,0.3890079294908752,0.18272266211110427,0.6663612835619243,0.11156749035202451,-0.012072186918568744,-0.08449529449597178,0.13444124196532004,0.13291505856379604,0.3750555348152296,0.6693440673381739,0.0
17.73773773773774,0.39262029727090053,0.18061838900126648,0.6686332539801576,0.11359852091166857,-0.01374455168062565,-0.08361823809246213,0.13445495890815531,0.1330113928478662,0.3771256903680516,0.6717071221235213,0.0
17.75775775775776,0.39618390024563843,0.1781801487368964,0.6709474001321339,0.11570730759881483,-0.015372067832489596,-0.08137580758866253,0.13445552845813216,0.13308726664665724,0.37918095764436105,0.6740831373495608,0.0
17.77777777777778,0.39969214006764686,0.17541199110042283,0.6733047688676155,0.11786843677407904,-0.0169464345853257,-0.07871833764349441,0.13443583159102207,0.13314650316661142,0.38122125550572394,0.6764720192152778,0.0
17.7977977977978,0.40313860905237636,0.17232344923647464,0.6757058519803492,0.12005415563668649,-0.018467285849923996,-0.07604256323810421,0.13439560715978974,0.1331936261025697,0.3832465034046751,0.678873673411708,0.0
17.81781781781782,0.4065171256291266,0.16892582883751314,0.6781506508089905,0.12223994143206851,-0.019939615032597953,-0.07361645914856044,0.1343361492066124,0.1332335398764947,0.3852566213878947,0.6812880051256551,0.0
17.83783783783784,0.4098217360831357,0.16523052270045382,0.6806387691088892,0.12440591499493348,-0.021370617971914523,-0.07155014698744003,0.134259152056509,0.1332698330621379,0.38725153009936686,0.6837149190434377,0.0
17.85785785785786,0.41304669990157694,0.16124819092206258,0.6831694919079059,0.12653613995083426,-0.022774822953317328,-0.07021024909849435,0.134164740799104,0.13330824529737503,0.3892311507835115,0.6861543193546495,0.0
17.87787787787788,0.41618642476902645,0.15698624337247455,0.6857418726405748,0.12861903663344704,-0.024122472022186148,-0.06738245347845935,0.13406117711734575,0.13332796946197475,0.391195405288294,0.6886061097559437,0.0
17.8978978978979,0.4192354417649742,0.1524508497973851,0.688354546753926,0.13063370566756077,-0.02539901537264925,-0.06382716756472326,0.13393915632584988,0.13332767864981357,0.3931442160683093,0.6910701934548327,0.0
17.91791791791792,0.4221885012025987,0.14765297188122545,0.6910055775829542,0.13255154145140674,-0.02656245627348498,-0.05817204508974732,0.13380419739963273,0.13329276648340246,0.39507750618784543,0.6935464731735121,0.0
17.93793793793794,0.42504067292006753,0.14260858587344158,0.6936923241905822,0.13433733038139975,-0.027608878436670956,-0.05232110821350686,0.1336464742141767,0.13323567046857127,0.3969951993239178,0.6960348511526975,0.0
17.95795795795796,0.42778754410350484,0.13734355917186566,0.6964114855980662,0.13595807037419735,-0.028595984164372874,-0.04935528644553948,0.13345982553960212,0.13319154202904646,0.3988972197692855,0.6985352291554876,0.0
17.97797797797798,0.43042514359388223,0.13187997451886943,0.699159532138864,0.13740232703988703,-0.029502650536390885,-0.04533331866764778,0.13327467268136334,0.1331412082806598,0.4007834924354382,0.7010475084712404,0.0
17.997997997998,0.4329497368107428,0.1262296608430281,0.7019328669791244,0.13866674201302087,-0.030305593305652356,-0.04014713853631102,0.13308530917915903,0.1330754935777077,0.40265394285556105,0.7035715899194704,0.0
18.01801801801802,0.4353579739505333,0.12041185698952495,0.7047276088879251,0.1397370954400343,-0.03106173535837513,-0.03780710271644113,0.13286982281566942,0.1330250182708667,0.40450849718747367,0.7061073738537633,0.0
18.03803803803804,0.4376468755303919,0.1144450789929294,0.707539724836227,0.14060579741509444,-0.03172829737336378,-0.033328100837524646,0.13266612461480398,0.13296383259588201,0.4063470822165468,0.7086547601657117,0.0
18.05805805805806,0.43981366307971587,0.10833937746620007,0.7103652011319455,0.14127381478592504,-0.03229625326293662,-0.028397794575559167,0.1324554529575117,0.13289246060062387,0.40816962535859197,0.7112136482888661,0.0
18.07807807807808,0.441855902308689,0.10211196144865634,0.7131997791150516,0.14172889915530634,-0.032730014447852146,-0.021688059352733973,0.13225080524411137,0.13280454372038317,0.409976054662726,0.7137839372027044,0.0
18.0980980980981,0.44377159661800053,0.09578471546557586,0.7160390552945437,0.1419638089746029,-0.03306769656308346,-0.0168841058803402,0.13202885739533238,0.13272358418117997,0.4117662988142137,0.7163655254366217,0.0
18.11811811811812,0.44555922757208993,0.08938154770447101,0.7188784891880939,0.14197169467751392,-0.03324910044321677,-0.009070194139019605,0.13183475977373532,0.13263002609025926,0.413540287137281,0.7189583110739348,0.0
18.13813813813814,0.4472176540816673,0.08292132547886916,0.7217137779934285,0.14176444026672766,-0.03325329731790893,-0.00020984388246989873,0.1316513812154445,0.13252793642073135,0.41529794959790634,0.7215621917559061,0.0
18.15815815815816,0.4487464067193344,0.0764376318833558,0.7245406713263967,0.14134466664840745,-0.03315671607915223,0.004829061771682133,0.1314496210432851,0.13245199422164047,0.4170392168065855,0.7241770646857848,0.0
18.17817817817818,0.45014565170793763,0.06996224943016081,0.7273550568061665,0.14071927398849188,-0.03292513147161884,0.011579230189462764,0.13128385663245865,0.1323863591675532,0.41876402002107094,0.7268028266328656,0.0
18.1981981981982,0.4514159649726539,0.06351566323581251,0.7301535207126152,0.13992319532243097,-0.03260010922953751,0.016251111892360885,0.13111576308246514,0.13234091724387884,0.42047229114908447,0.729439373936562,0.0
18.21821821821822,0.4525584570252185,0.057124602628231894,0.7329329311558965,0.1389705221640652,-0.03223053777963414,0.01847857225473995,0.1309458922509977,0.13232384541308745,0.42216396275100737,0.7320866025105015,0.0
18.23823823823824,0.45357453834885664,0.05080406618190575,0.735690561641266,0.13788152426847256,-0.03177168218787847,0.02294277931461132,0.1308132868629794,0.13231374147972802,0.42383896804254134,0.7347444078466325,0.0
18.25825825825826,0.4544657776834594,0.04456196673014011,0.7384243457710413,0.13668920648876787,-0.03121438365370008,0.02786492639888196,0.13069677212246153,0.13230958490280395,0.42549724089734603,0.7374126850193523,0.0
18.27827827827828,0.45523406308310144,0.03841426998209979,0.7411325539548641,0.13541040919113695,-0.030534769926531844,0.033980686007655185,0.13060897398102464,0.13231253444898264,0.4271387158496476,0.7400913286896453,0.0
18.2982982982983,0.4558816604069065,0.03237986619025302,0.7438139981631596,0.13407221041477627,-0.029744929818130282,0.03949200502470368,0.13053523831012698,0.1323297379222952,0.42876332809682627,0.742780233109247,0.0
18.31831831831832,0.4564112863091085,0.026481295110100448,0.7464679229900579,0.13269624134491556,-0.0288414267432447,0.04517515330070182,0.13048704013403165,0.13236218119823775,0.4303710135019719,0.7454792921248143,0.0
18.33833833833834,0.4568260576047026,0.02073856477970378,0.7490941878251274,0.13131324175347078,-0.027815425843527527,0.05130004449101293,0.1304681788623462,0.13240881423086676,0.4319617085964176,0.7481883991821194,0.0
18.35835835835836,0.45712954078193824,0.015174158861782397,0.7516933069781195,0.12995595764960982,-0.026708320534784995,0.05535526488785461,0.1304526376473309,0.13247626457590506,0.43353535058224485,0.7509074473302543,0.0
18.37837837837838,0.45732572724850407,0.00980932332829245,0.7542661623534036,0.12864276876420078,-0.025485881978045796,0.061121927231298966,0.13048105344639985,0.13255601096254407,0.4350918773347628,0.7536363292258541,0.0
18.3983983983984,0.4574189390776853,0.004660591459061823,0.7568144733329685,0.12741554897824373,-0.024190778888830873,0.06475515379681215,0.1305093780981788,0.13265285992671008,0.43663122740495997,0.7563749371373336,0.0
18.41841841841842,0.4574138924521041,-0.00025233127906123566,0.7593402180419663,0.12628723544989034,-0.022775609093228573,0.07075848905770844,0.13058921732630868,0.13275948320925232,0.438153340021932,0.7591231629491427,0.0
18.43843843843844,0.4573156290048966,-0.0049131723603777384,0.7618462834809615,0.12530327194976204,-0.021313292779871425,0.07311581488657909,0.13065065030752387,0.13288338380217768,0.4396581550952782,0.7618808981660307,0.0
18.45845845845846,0.4571296184712238,-0.009300526683639933,0.7643355442646398,0.12446303918391527,-0.019777878204224133,0.07677072794338882,0.13074686937632357,0.1330152818584067,0.44114561321747664,0.7646480339173337,0.0
18.47847847847848,0.4568614757454611,-0.013407136288133843,0.766811504984078,0.12379803597191381,-0.018115638515099293,0.0831119835627342,0.13089526882257327,0.13315065926919636,0.4426156556662275,0.7674244609612707,0.0
18.4984984984985,0.45651718917272205,-0.017214328636952755,0.769278492178654,0.12334935972879968,-0.01645039798684034,0.08326202546731111,0.13099347018309157,0.13330320137146803,0.4440682244067723,0.7702100696892562,0.0
18.51851851851852,0.45610316557833086,-0.020701179719559874,0.7717403431475721,0.12309254844590846,-0.014704346000816439,0.08730259830840584,0.1311501157335047,0.13345293922604057,0.4455032620941839,0.7730047501302265,0.0
18.53853853853854,0.45562587658353615,-0.023864449739736865,0.7742017089742042,0.12306829133160366,-0.012928851303079946,0.0887747338522515,0.13129000470830912,0.133605924550003,0.4469207120756318,0.7758083919549836,0.0
18.55855855855856,0.4550920344788686,-0.02669210523337739,0.7766670346845523,0.12326628551741091,-0.011018161171354063,0.09553450551808047,0.1315101862499841,0.1337551695142032,0.4483205183926179,0.7786208844805491,0.0
18.57857857857858,0.45450859166939755,-0.02917214047355047,0.7791418890735977,0.12374271945226699,-0.009118532246984185,0.09498144512376984,0.13166357346404942,0.1339163927530335,0.44970262578318543,0.7814421166745333,0.0
18.5985985985986,0.45388295762496034,-0.03128170222185961,0.7816310226577562,0.12445667920792179,-0.0071582644788962865,0.09801338729241972,0.13186337249673824,0.1340647693329746,0.4510669796841014,0.7842719771595206,0.0
18.61861861861862,0.4532225890648205,-0.033018428006991174,0.7841396686305516,0.1254322986397733,-0.005229296739995079,0.09644838582482493,0.13201209121008456,0.13420823492666473,0.45241352623300984,0.7871103542174639,0.0
18.63863863863864,0.45253509070721565,-0.03437491788024175,0.7866722183881124,0.12662748787803801,-0.0032102291423627308,0.10095337876433362,0.13223233456290057,0.13433034826609697,0.4537422122705585,0.7899571357940969,0.0
18.65865865865866,0.45182804656806935,-0.03535220695731384,0.7892337909331216,0.12807862725046137,-0.0011892390977341562,0.10104950112779901,0.13241335363988602,0.13445321158254847,0.4550529853424978,0.7928122095033578,0.0
18.67867867867868,0.4511093843725748,-0.0359331097747265,0.7918289218496743,0.12975654582763865,0.0008291839234432152,0.10092114997999947,0.13258813607004905,0.1345590508088188,0.45634579370175143,0.7956754626318255,0.0
18.6986986986987,0.4503870739199053,-0.03611552263347664,0.7944617860688034,0.13164321095644982,0.0028079968523617802,0.09894064540283955,0.13273160427356293,0.13464487801486275,0.45762058631045877,0.7985467821431685,0.0
18.71871871871872,0.4496690586939178,-0.035900761299373876,0.7971357819964195,0.1336997963808116,0.004768823600204298,0.09804133639605635,0.13287379358300463,0.13470329413185408,0.45887731284199046,0.8014260546826094,0.0
18.73873873873874,0.44896316565803457,-0.035294651794162545,0.7998538672982393,0.13590426509098552,0.006669732577750744,0.09504544793908457,0.13298120786086726,0.1347423115110569,0.46011592368293497,0.8043131665813983,0.0
18.75875875875876,0.44827712667121994,-0.034301949340730525,0.8026181818604352,0.13821572810979946,0.008530026576340114,0.09301469905967588,0.1330829391997345,0.13475234830139826,0.4613363699350575,0.8072080038613019,0.0
18.77877877877878,0.44761845609391904,-0.03293352886504437,0.8054303383498032,0.14060782446839523,0.010327197701834266,0.08985855548336615,0.13316010015910817,0.13474146965252348,0.462538603417229,0.8101104522390994,0.0
18.7987987987988,0.44699445973037993,-0.031199818176955798,0.8082912625925731,0.14304621213849986,0.012116198564583713,0.08945004243405302,0.13325552054501114,0.13470123228847966,0.46372257666733074,0.8130203971311001,0.0
18.81881881881882,0.4464122515867783,-0.029110407180084147,0.8112017048197473,0.14552211135870857,0.013825964611469664,0.08548830173720424,0.13330833361971803,0.13465245255699232,0.46488824294412573,0.815937723657661,0.0
18.83883883883884,0.44587885615426204,-0.026669771625810818,0.8141616450869147,0.14799701335836768,0.015492228385625547,0.08331318820455362,0.13336049705839415,0.1345696824606819,0.4660355562291054,0.818862316647727,0.0
18.85885885885886,0.44540097349630625,-0.023894132897788738,0.8171705419677294,0.15044484404073705,0.01712937070372347,0.08185711551195642,0.13341170862886018,0.13446432333392921,0.4671644712283059,0.8217940606433743,0.0
18.87887887887888,0.4449851253249659,-0.020792408567015766,0.8202274964210896,0.1528477226680104,0.0187331282184057,0.08018787545675572,0.13345374222883055,0.13433969750382244,0.46827494337409614,0.8247328399043704,0.0
18.8988988988989,0.44463772662781137,-0.017369934857727976,0.8233311790703125,0.1551841324611441,0.020262196565553094,0.07645341719975736,0.1334625977110387,0.13419740154128648,0.4693669288269369,0.8276785384127412,0.0
18.91891891891892,0.4443650727448738,-0.01363269414687803,0.8264794992827981,0.15741601062427912,0.021639069762432676,0.06884365980932264,0.1334087774552699,0.13403615932980872,0.4704403844771129,0.8306310398773546,0.0
18.93893893893894,0.4441730722675219,-0.009600023867596345,0.8296691533897709,0.15948270534863776,0.022916789388714654,0.06388598140479138,0.13334646796423086,0.13382757028638306,0.4714952679464323,0.8335902277385069,0.0
18.95895895895896,0.44406705359473847,-0.005300933639172539,0.8328960147338444,0.1613430672036797,0.02403831982514358,0.056076522039168644,0.1332450285377259,0.13361257536725166,0.4725315375899024,0.8365559851725288,0.0
18.97897897897898,0.44405184408035464,-0.0007604757191919925,0.8361552839708101,0.1629634618482811,0.025105643138332752,0.053366166005372924,0.1331692797996508,0.13335245643018956,0.47354915249737206,0.8395281950963951,0.0
18.998998998999,0.4441317042523093,0.003993008597731821,0.8394418826328289,0.1643299331009448,0.02605466030881513,0.04745085899890586,0.13307268259496258,0.13310642917017035,0.4745480724951473,0.8425067401723476,0.0
19.01901901901902,0.4443106214049105,0.00894585763005977,0.8427506328581594,0.16543751126652534,0.026923937991533524,0.043463884740142754,0.13298026163902024,0.13283490556078145,0.47552825814757677,0.8454915028125262,0.0
19.03903903903904,0.44459212465374726,0.014075162441836223,0.8460760489858501,0.1662708063845309,0.02768605462156649,0.03810583223582598,0.1328771054295377,0.13256539284677774,0.4764896707586093,0.8484823651836128,0.0
19.05905905905906,0.4449794309683562,0.019365315730445865,0.8494125213275544,0.16682361708521687,0.028300018917334153,0.030698215653107246,0.13275166888198642,0.13229830504137313,0.4774322723733215,0.8514792092114825,0.0
19.07907907907908,0.44547529549955717,0.024793226560050542,0.8527541551128819,0.16708168926637473,0.028783573205566442,0.02417771540799929,0.13262354538515891,0.1320170945862069,0.47835602577941516,0.8544819165858638,0.0
19.0990990990991,0.4460818321569119,0.030326832867735902,0.8560948210854308,0.16703329862744495,0.02921972480483363,0.021807581093794503,0.13252524107959077,0.13170900169521502,0.4792608945086879,0.857490368765012,0.0
19.11911911911912,0.44680076336510416,0.035946560409612575,0.8594284469367888,0.16668129256790143,0.029441291509052864,0.011078336477189962,0.13238885706674783,0.13147075518129325,0.4801468428384716,0.8605044469803856,0.0
19.13913913913914,0.44763353795070715,0.04163872928015065,0.8627494354449443,0.16604942540777545,0.02952704060184482,0.004287456045096695,0.1322621895842132,0.13119648476707924,0.48101383579304297,0.8635240322413374,0.0
19.15915915915916,0.4485807663908337,0.04736142200632916,0.8660518239632378,0.1651194259146729,0.0294949972420805,-0.0016021664387671653,0.13215625738126155,0.13093333083251738,0.4818618391450048,0.866549005339812,0.0
19.17917917917918,0.4496425173104455,0.053087545980590546,0.8693301370655577,0.1639156551159954,0.029396716663478303,-0.004914027229983801,0.13207790045631213,0.13066454231582544,0.48269081941663694,0.8695792468550516,0.0
19.1991991991992,0.45081848719204287,0.05879849407986789,0.8725792377782889,0.16245503563656097,0.029128593097747978,-0.01340617642946101,0.1319939371591276,0.1304592409580505,0.4835007438812175,0.8726146371583088,0.0
19.21921921921922,0.452108108459513,0.0644810633735056,0.8757948538134337,0.1607808017572381,0.028696818939979177,-0.021588705866926673,0.13191719599066923,0.13026445828750796,0.4842915805643155,0.8756550564175724,0.0
19.23923923923924,0.4535101614136496,0.07010264770683024,0.8789729948041892,0.1589070495377779,0.02811302482335698,-0.0291897036363812,0.13186151423681508,0.1300908832763473,0.4850632982450528,0.8787003846022958,0.0
19.25925925925926,0.4550227761614106,0.0756307373880529,0.8821103142344555,0.156865971513312,0.02744997433425501,-0.033152522075506584,0.13183985318815877,0.12990985623124598,0.48581586645733704,0.8817505014881378,0.0
19.27927927927928,0.45664356646101006,0.0810395149799714,0.8852038748487028,0.15467803071236175,0.02664819141600359,-0.040089143336945736,0.13183384329120518,0.129788187879317,0.48654925549106326,0.8848052866617047,0.0
19.2992992992993,0.45836986007844926,0.08631468087195898,0.8882518572510699,0.1523991201183599,0.025705694842183973,-0.04712482590725527,0.13184459093053286,0.1296933887938417,0.4872634363932886,0.8878646195253097,0.0
19.31931931931932,0.4601984584173869,0.09142991694687999,0.89125310072462,0.15006217367750616,0.0246441641859186,-0.05307652980792979,0.13188089612466358,0.12961927734883238,0.4879583809693737,0.8909283793017287,0.0
19.33933933933934,0.4621256529537057,0.09635972681594314,0.8942071409443029,0.14770201098414068,0.02345553141110823,-0.05943163549968342,0.13194013001463029,0.1295827866257323,0.4886340617840967,0.8939964450389726,0.0
19.35935935935936,0.4641473049043675,0.1010825975330882,0.8971144182629568,0.14536386593269418,0.0221307701153228,-0.06623806129893184,0.13202101124937157,0.12958495653934815,0.489290452162736,0.897068695615059,0.0
19.37937937937938,0.46625879175421436,0.10557434249234175,0.8999762734741129,0.14309276055780498,0.020694695260879498,-0.0718037389670052,0.13212673812247985,0.12960769000958353,0.48992752619212343,0.9001450097427964,0.0
19.3993993993994,0.46845501047406557,0.10981093599255967,0.9027947262443079,0.1409226385097502,0.019107905524817087,-0.07933948276939409,0.1322532427684575,0.12968985927074464,0.490545258721667,0.9032252659745696,0.0
19.41941941941942,0.47073044125677416,0.11377153913542873,0.9055729866029573,0.13891301793246996,0.017369690709452903,-0.08691073644246385,0.13240279668156968,0.1298117050716314,0.4911436253643444,0.906309342707138,0.0
19.43943943943944,0.4730789478216684,0.11742532824471248,0.9083151970913487,0.13711052441956822,0.015562522035192318,-0.09035842907807179,0.13257823397415908,0.1299205676743602,0.49172260249766486,0.9093971181864315,0.0
19.45945945945946,0.47549378853030266,0.12074203543171165,0.9110256920721971,0.13552474904242012,0.013750524253657337,-0.0905998841116557,0.13276727783162248,0.13001109045213233,0.4922821672646027,0.912488470512362,0.0
19.47947947947948,0.4779680426038489,0.12371270367731187,0.9137087284873281,0.1341518207565504,0.011788015509849111,-0.0981254318816143,0.13295749161284834,0.13020984229067084,0.49282229757449897,0.9155832776436329,0.0
19.4994994994995,0.4804947168038911,0.12633371000211177,0.9163701716302842,0.13307215714780932,0.009721536822082209,-0.10332392872031605,0.13316336850674537,0.130412690228153,0.4933429721039341,0.9186814174025583,0.0
19.51951951951952,0.48306621609465367,0.12857496453812853,0.9190161739622447,0.13230011659802354,0.007582437177882746,-0.1069549761656499,0.13338444250187845,0.130626945676755,0.49384417029756883,0.9217827674798844,0.0
19.53953953953954,0.4856745540178037,0.13041689615750118,0.9216532712840922,0.13185486609237826,0.0053366225720359005,-0.11229072385704028,0.1336113457412572,0.1308867110583562,0.494325872368957,0.9248872054396211,0.0
19.55955955955956,0.48831141079669443,0.1318428389445365,0.9242887456802188,0.13177371980632702,0.003030881138029724,-0.11528706485690804,0.13384354682243585,0.13113998373811228,0.49478805930132547,0.9279946087238738,0.0
19.57957957957958,0.49096804117421894,0.13283151887622635,0.9269298460959813,0.13205502078812373,0.000658940553280339,-0.1185970219694583,0.13407334213850255,0.13141264743910264,0.4952307128483256,0.9311048546576807,0.0
19.5995995995996,0.4936354220546552,0.13336904402181446,0.9295840542031242,0.13271040535714487,-0.001749403560005595,-0.12041719795337445,0.1342961522666216,0.13167698192566882,0.4956538155347533,0.9342178204538587,0.0
19.61961961961962,0.49630427265588895,0.13344253006168733,0.9322586041677714,0.1337274982323598,-0.004233076782801615,-0.12418365297086677,0.13450813779956355,0.13197471315737241,0.49605735065723894,0.9373333832178481,0.0
19.63963963963964,0.4989650748413038,0.13304010927074353,0.9349610421627044,0.13512189974665015,-0.006690288448028907,-0.12286057461202829,0.13470807336031168,0.1322123242908605,0.49644130228490685,0.9404514199525652,0.0
19.65965965965966,0.5016080157998268,0.13214704792615162,0.937697820972073,0.1368389404684324,-0.009120756291565035,-0.12152338302352542,0.13487715823193616,0.1324329571624582,0.4968056552600042,0.943571807563259,0.0
19.67967967967968,0.5042233492931965,0.1307666746684786,0.9404746609921837,0.1388420010055338,-0.011493557990949038,-0.11864007528492784,0.1350142348466582,0.13261492407316147,0.49715039519849946,0.9466944228623702,0.0
19.6996996996997,0.5068014662045511,0.12890584556773235,0.9432962125059243,0.1410775756870295,-0.013873297784029846,-0.11898697941669617,0.1351197310970677,0.13282185617855846,0.4974755084906501,0.9498191425743925,0.0
19.71971971971972,0.5093329124080637,0.12657231017562673,0.9461670068078235,0.14353971509496186,-0.016184794106337868,-0.11557480529630253,0.1352065125185375,0.1329764388990023,0.49778098230154,0.9529458433407425,0.0
19.73973973973974,0.5118082877171356,0.12376876545359695,0.9490904995080208,0.14617463500986466,-0.018541437413228338,-0.11783215392594609,0.13526022091296783,0.13318780690638615,0.4980668045715862,0.9560744017246279,0.0
19.75975975975976,0.514218371768345,0.12050420256046762,0.9520704791304725,0.1489989811225845,-0.02085915850234711,-0.11588604241462025,0.13530492481113393,0.1333544287385011,0.49833296401701493,0.9592046942159215,0.0
19.77977977977978,0.5165537902566444,0.11677092441497322,0.9551099131612758,0.15197170154016493,-0.023135555243938174,-0.11381982439264587,0.13531447888533893,0.13349968351868285,0.49857945013030697,0.9623365972360336,0.0
19.7997997997998,0.5188052999150389,0.11257548291972191,0.9582109128437223,0.15504998412232224,-0.025307842017329694,-0.1086143253083447,0.13528873898225188,0.13358215990563144,0.4988062531806126,0.9654699871427973,0.0
19.81981981981982,0.5209639017160267,0.10793009004939212,0.9613741190884958,0.15816031223867613,-0.02743928344212108,-0.10657205718407083,0.13521253579980838,0.1336679129734803,0.4990133642141358,0.9686047402353434,0.0
19.83983983983984,0.5230210154368583,0.10285568604157967,0.9645994637628706,0.161267233718741,-0.029532181284535424,-0.1046448773566177,0.1351085960700084,0.1337430334360083,0.4992007750544875,0.9717407327589876,0.0
19.85985985985986,0.5249682249714765,0.09736047673091099,0.9678862961769161,0.16434162070227312,-0.031549956291714705,-0.10088873487244106,0.13497704026081261,0.13378123979290382,0.49936847830300873,0.9748778409101149,0.0
19.87987987987988,0.5267973046989074,0.09145398637154516,0.971232996552137,0.16733501876104218,-0.03347628523989829,-0.09631643118927065,0.13480642728329822,0.13378203701702468,0.49951646733906235,0.9780159408410675,0.0
19.8998998998999,0.5285003623219293,0.08515288115109432,0.9746368050211126,0.17019042344877858,-0.035280130598164754,-0.0901922509502853,0.134598491357135,0.13373555529465236,0.4996447363202946,0.9811549086650324,0.0
19.91991991991992,0.5300699341200366,0.07847858990535934,0.9780937053726707,0.1728450175779045,-0.03696267955929583,-0.08412743034718861,0.13434858821654594,0.13365630395149852,0.4997532801828658,0.9842946204609363,0.0
19.93993993993994,0.5314990909601223,0.07145784200428691,0.9815985778032885,0.17524362153089304,-0.03850805660153965,-0.07726883365867812,0.13406735368560704,0.1335428351348831,0.49984209464164997,0.9874349522783314,0.0
19.95995995995996,0.5327814350826842,0.06411720612809584,0.9851453375921657,0.17733798944385978,-0.03989742745106143,-0.06946852328546077,0.13375860141339516,0.13339506750581132,0.4999111761904045,0.990575780142296,0.0
19.97997997997998,0.533911181781213,0.056487334926439904,0.9887269953507483,0.17908288792912602,-0.041146878799805865,-0.06247254752914766,0.13342019472222744,0.1332325473595103,0.49996052210190806,0.9937169800583235,0.0
20.0,0.5348831990198735,0.0486008619330228,0.9923359203270424,0.18044624881470822,-0.042241180781589074,-0.054715078492042955,0.1330694255144846,0.1330517268269772,0.49999013042806856,0.9968584280172206,0.0
