time,x,x_dot,z,z_dot,theta,theta_dot,u1,u2,x_ref,z_ref,theta_ref
0.0,0.27395604855596334,-0.0012224312049589538,1.3020370878759355,0.003947360581187278,-0.24349359126741027,0.009512447032735119,0.056323374906220504,0.05817781509572751,0.5,1.0,0.0
0.02002002002002002,0.27352263769093965,-0.02167054325118563,1.2998423104982353,-0.10973886888501025,-0.24184473638781756,0.08244274397963389,0.05632337833272701,0.0778031125012649,0.49999013042806856,1.0031415719827794,0.0
0.04004004004004004,0.2726102482454509,-0.04561947227443948,1.295655977205085,-0.20931666465750853,-0.22323948108293737,0.9302627652440116,0.05632337490533183,0.06498191778028346,0.49996052210190806,1.0062830199416763,0.0
0.06006006006006006,0.2712675761822891,-0.06713360315808854,1.2892944593977955,-0.3180758903644785,-0.19799820152460143,1.2620639779167977,0.05632337490569882,0.061570977360352025,0.4999111761904045,1.0094242198577041,0.0
0.08008008008008008,0.26953844866986926,-0.08645637562099119,1.280716183801611,-0.4289137798092292,-0.16910805752518143,1.444507199970999,0.056323374905123284,0.05933454725219985,0.49984209464164997,1.0125650477216688,0.0
0.10010010010010009,0.2674725597585029,-0.1032944455683157,1.2698978820446765,-0.5409150878467257,-0.13851741310435087,1.529532221041528,0.056323376688867055,0.058055084052351706,0.4997532801828658,1.0157053795390643,0.0
0.12012012012012012,0.26512182820462354,-0.11753657769396907,1.256829904488341,-0.6533988778167636,-0.10739042391845069,1.5563494592950091,0.056323375024133426,0.05746172307398966,0.4996447363202946,1.0188450913349674,0.0
0.14014014014014015,0.2625387825479469,-0.1291522828338334,1.2415114860632506,-0.7659209212545208,-0.07641834193496104,1.5486040991744827,0.056323374944808054,0.05714731727173389,0.49951646733906235,1.0219840591589324,0.0
0.16016016016016016,0.2597760309799959,-0.1381375783975495,1.2239444307419642,-0.8783527660643197,-0.04592635052259733,1.5245995706181852,0.056323375032025565,0.05653958888652456,0.49936847830300873,1.0251221590898847,0.0
0.18018018018018017,0.2568861902344168,-0.14449203727895654,1.2041245395436404,-0.9909945599161885,-0.016586444783845602,1.4669952869375862,0.05632337499574033,0.05650143413740443,0.4992007750544875,1.0282592672410122,0.0
0.20020020020020018,0.2539202306248937,-0.14829798047615284,1.1820543645510178,-1.1035087496311269,0.011458221879867338,1.402233333185647,0.1194255481760646,0.11927148510344149,0.4990133642141358,1.0313952597646567,0.0
0.22022022022022023,0.25089633242066683,-0.1511949102113433,1.159599955484971,-1.1227204533023392,0.037755257138024904,1.314851762907878,0.183306893561511,0.18216350698596953,0.4988062531806126,1.0345300128572028,0.0
0.24024024024024024,0.24793523091259834,-0.14805507540342508,1.1386395672981902,-1.048019409339046,0.06144065313062193,1.1842697996298508,0.22507228330155532,0.22336190767647715,0.49857945013030697,1.0376634027639664,0.0
0.2602602602602603,0.24522570100418326,-0.1354764954207541,1.120397914171657,-0.9120826563266672,0.08198976500437118,1.0274555936874623,0.24049953756262207,0.23840073388945457,0.49833296401701493,1.0407953057840789,0.0
0.2802802802802803,0.24295270132904892,-0.11364998375671642,1.1053176927866852,-0.7540110692485872,0.09892817011794598,0.8469202556787397,0.25357600330783653,0.2515399292911169,0.49806680457158625,1.0439255982753717,0.0
0.3003003003003003,0.2412934849220856,-0.08296082034816508,1.093775532255127,-0.5771080265779074,0.11226674266040142,0.6669286271227722,0.25322387645866723,0.25123701784708813,0.49778098230154,1.047054156659257,0.0
0.3203203203203203,0.24037338120595683,-0.046005185806438434,1.0857503255351142,-0.40126033600064126,0.12195105134587764,0.48421543427381075,0.24366186126960332,0.2419372083365208,0.4974755084906501,1.0501808574256075,0.0
0.34034034034034033,0.24026025008489751,-0.005656556052966055,1.0809538903772336,-0.2398217578940285,0.12813160643709331,0.30902775456078424,0.2281766611562103,0.22683528249088494,0.49715039519849946,1.05330557713763,0.0
0.36036036036036034,0.24096821145797442,0.03539806865384565,1.078928309332378,-0.10127905224277184,0.13101552757824034,0.14419605705735006,0.21006254143426364,0.20921876437785483,0.4968056552600042,1.056428192436741,0.0
0.38038038038038036,0.24247096186387965,0.07513752029526113,1.0791433829985015,0.01075368330617979,0.13100634541256845,-0.00045910828359160827,0.19150324467802785,0.1911452017724599,0.49644130228490685,1.059548580047435,0.0
0.40040040040040037,0.24471542397299834,0.11222310545593514,1.0810587388574124,0.09576779294554635,0.12836894939041157,-0.1318698011078481,0.17402207473223344,0.17422629796564906,0.49605735065723894,1.0626666167821521,0.0
0.42042042042042044,0.24763499274719591,0.14597843870987834,1.084169120045627,0.15551905941073024,0.12350601863540542,-0.24314653775030576,0.15849312318918105,0.1592314494071432,0.4956538155347533,1.0657821795461413,0.0
0.44044044044044045,0.25115827587098055,0.17616415618923242,1.0880278025587222,0.19293412565475973,0.11685871082651975,-0.332365390444282,0.14556749409556533,0.1467611180548858,0.4952307128483256,1.068895145342319,0.0
0.46046046046046046,0.25521626397587505,0.2028994052447244,1.0922642908934759,0.21182441673768634,0.10868057540827364,-0.40890677091230776,0.13543990323067467,0.13710604561016332,0.49478805930132547,1.072005391276126,0.0
0.4804804804804805,0.25974622767508154,0.22649818496032423,1.0965909588958231,0.216333400117359,0.09929427019804889,-0.4693152605112361,0.12793230802462485,0.1300217640536438,0.49432587236895703,1.0751127945603784,0.0
0.5005005005005005,0.2646918943397488,0.24728333323336266,1.100796621904038,0.21028315041074397,0.08905701840453248,-0.5118625896758195,0.12283202091399636,0.12524828283002093,0.4938441702975689,1.0782172325201154,0.0
0.5205205205205206,0.2700031108098272,0.26556082350391963,1.1047394456926751,0.19714118943185463,0.07816999533703686,-0.544351153374782,0.11980641584863008,0.12253175983325412,0.493342972103934,1.0813185825974418,0.0
0.5405405405405406,0.27563481310063354,0.2815851145403165,1.108338236891043,0.17993955991839952,0.06695711276532736,-0.5606441285854747,0.1183920658186726,0.12131227599570987,0.492822297574499,1.084416722356367,0.0
0.5605605605605606,0.2815449883756621,0.29550876375142815,1.111557359233155,0.16095611710559507,0.05560022601280143,-0.5678443376262957,0.11826788046387737,0.12134077324631898,0.49228216726460267,1.087511529487638,0.0
0.5805805805805806,0.2876938286957259,0.30744201600319077,1.1143982851457384,0.14204629562916954,0.04421249381560694,-0.5693866098597256,0.11902967828017215,0.12224699304463305,0.49172260249766486,1.0906028818135687,0.0
0.6006006006006006,0.29404249130546606,0.31743313048700694,1.1168881566558415,0.1244935755051634,0.03285513911306213,-0.5678677351272404,0.12034763192220316,0.12372918757331404,0.49114362536434436,1.0936906572928624,0.0
0.6206206206206206,0.30055212481606736,0.32548167553006496,1.1190704474908149,0.10911454174866315,0.021719971240465007,-0.556758393629856,0.12196891885027707,0.12544334767960552,0.49054525872166704,1.0967747340254301,0.0
0.6406406406406406,0.3071832737971583,0.33155744905454726,1.1209961271065068,0.09628398078459088,0.010966415715816169,-0.5376777762324416,0.12377459065148509,0.12727831275758922,0.48992752619212343,1.0998549902572035,0.0
0.6606606606606606,0.3138962759189524,0.3356501060897052,1.1227202317256932,0.08620523095932325,0.0006886837617303253,-0.5138865977042921,0.12562760656093086,0.1291289879528864,0.48929045216273603,1.1029313043849407,0.0
0.6806806806806807,0.3206517222449664,0.33777231630070076,1.12429828117249,0.07890247233983985,-0.009074368352926224,-0.48815260573282726,0.127405095554429,0.13090233509145635,0.48863406178409674,1.1060035549610272,0.0
0.7007007007007007,0.3274108039675611,0.3379540861297351,1.1257831064621042,0.07424126448071097,-0.018207960175625967,-0.4566795911349875,0.12902899209900875,0.13246456460617012,0.4879583809693737,1.1090716206982714,0.0
0.7207207207207207,0.33413569639400575,0.3362446213222334,1.127221750870908,0.0719322204401844,-0.02668648330453847,-0.4239261564456248,0.1304756430896063,0.13384205541326846,0.48726343639328856,1.1121353804746905,0.0
0.7407407407407407,0.34079026076527846,0.33272821856363477,1.128655563948077,0.07169065385845835,-0.03457428971670406,-0.394390320608279,0.1316871160327472,0.13503452378138012,0.48654925549106326,1.1151947133382953,0.0
0.7607607607607607,0.3473402780913607,0.32750086630411057,1.13011940176732,0.0731918909621424,-0.041722065024351176,-0.35738876538235587,0.13266937415281446,0.13590487705153484,0.485815866457337,1.1182494985118623,0.0
0.7807807807807807,0.35375361005438777,0.3206665981513525,1.1316397394805993,0.07601688566397052,-0.048143039100343024,-0.32104870379959316,0.1334592503400144,0.13658639755962695,0.4850632982450529,1.1212996153977037,0.0
0.8008008008008007,0.3600008390774776,0.31236145115449204,1.133237271914121,0.07987662167608414,-0.053732167341171255,-0.279456412041411,0.1340718087566201,0.13701103443579657,0.48429158056431554,1.1243449435824273,0.0
0.8208208208208209,0.3660555059191145,0.30273334208184677,1.1349261932726036,0.08444606792412719,-0.05851645974905204,-0.23921462039403973,0.1345263913755491,0.13727638531987263,0.4835007438812175,1.127385362841691,0.0
0.8408408408408409,0.37189456787899833,0.29195309799419017,1.1367160109861163,0.08949088567563608,-0.06253390856431969,-0.20087244076338137,0.13482121639144537,0.13738644835619798,0.48269081941663694,1.1304207531449484,0.0
0.8608608608608609,0.37749837004643216,0.28019010837169156,1.138611632466034,0.09478107399588999,-0.06578218409269748,-0.1624137764188906,0.13499092855446396,0.1373473087038642,0.48186183914500486,1.1334509946601878,0.0
0.8808808808808809,0.3828505345071736,0.2676082230370709,1.1406140083581169,0.10011879460413879,-0.06824272284433835,-0.12302693758204333,0.1350770777102008,0.13718510792706337,0.48101383579304297,1.1364759677586627,0.0
0.9009009009009009,0.387938009629209,0.2543737561017698,1.142721174154419,0.10535828981511047,-0.07001265298794536,-0.08849650718035043,0.13506954088051296,0.1369633198959416,0.48014684283847153,1.1394955530196147,0.0
0.9209209209209209,0.3927510432909593,0.24065168308751522,1.1449290757823822,0.11039508139815804,-0.07108570924497196,-0.053652812851329335,0.13501270039623214,0.13665917340250341,0.4792608945086879,1.142509631234988,0.0
0.9409409409409409,0.39728280444673697,0.22658805778888516,1.1472318856918433,0.11514049547305547,-0.07146440581582099,-0.01893482854245223,0.1349378936109417,0.13630545742642936,0.4783560257794152,1.1455180834141359,0.0
0.960960960960961,0.4015293913046588,0.21232934289609184,1.1496229669953923,0.11955406517744654,-0.07127435751654639,0.009502414963730329,0.13481287901809363,0.1359503615731688,0.4774322723733215,1.1485207907885175,0.0
0.980980980980981,0.4054896903077482,0.19801495015446802,1.1520951167290714,0.1236074866839485,-0.07047117458524689,0.040159146564975066,0.13470796597504314,0.13555398107915523,0.47648967075860943,1.151517634816387,0.0
1.001001001001001,0.40916492205326765,0.18376158727597344,1.1546409815393024,0.12729324051154542,-0.06913606920620352,0.06675526895216741,0.13459656432273667,0.13516837913449786,0.47552825814757677,1.1545084971874737,0.0
1.021021021021021,0.4125587537760498,0.1696915861391064,1.1572534444106524,0.13062314356750276,-0.06735735901210109,0.08893550970512143,0.13447153476744303,0.13479410861799138,0.4745480724951473,1.1574932598276524,0.0
1.0410410410410411,0.41567693190872124,0.1559089066335715,1.1599254981299538,0.1336026859650738,-0.06513953879519245,0.11089101084543299,0.13437131134896305,0.13441600524365646,0.47354915249737217,1.1604718049036047,0.0
1.0610610610610611,0.4185269569022272,0.14250124967529892,1.1626505563116127,0.1362529090829511,-0.06258039617317025,0.1279571311011099,0.13426212850651748,0.13406136841927851,0.4725315375899024,1.1634440148274712,0.0
1.0810810810810811,0.42111800980101655,0.12955264493946922,1.1654223467671934,0.1385895227790305,-0.05970000592717432,0.14401951229979687,0.1341722980194702,0.1337103128032246,0.4714952679464322,1.1664097722614932,0.0
1.1011011011011012,0.4234606116270186,0.11713009130010156,1.1682349998428851,0.14063265378458828,-0.056616891812827384,0.15415570571734663,0.13406038589502065,0.13338777262148424,0.4704403844771127,1.1693689601226458,0.0
1.1211211211211212,0.4255664430641588,0.10529157185701016,1.1710827891453417,0.14238946512282602,-0.05324317509406319,0.1686858359382105,0.13400975881009988,0.13304320508131687,0.46936692882693704,1.1723214615872586,0.0
1.1411411411411412,0.42744793031125294,0.09407436235470569,1.1739605793774894,0.1438895116073847,-0.0495853629926055,0.18289060507288496,0.13398723739399163,0.13269857938750063,0.46827494337409614,1.1752671600956295,0.0
1.1611611611611612,0.4291186722409182,0.0835370964832643,1.176863671844235,0.14515462333727727,-0.04585772905080833,0.1863816970898581,0.13389557293792506,0.1323967753542909,0.467164471228306,1.1782059393566253,0.0
1.1811811811811812,0.4305932770465503,0.07373024028160488,1.1797869872408855,0.14616576983252658,-0.04196855829639436,0.1944585377206985,0.1338476623860499,0.1320569045423313,0.4660355562291055,1.1811376833522729,0.0
1.2012012012012012,0.431886679135746,0.06467010445978587,1.1827254882138514,0.1469250486482936,-0.03810712275009548,0.1930717773149436,0.13373834970042014,0.13175697075965165,0.46488824294412573,1.184062276342339,0.0
1.2212212212212212,0.4330143921325148,0.056385649838437704,1.1856737897553211,0.14741507707348334,-0.03431592360239379,0.18955995738508422,0.13361479355268782,0.1314579127794716,0.4637225766673307,1.1869796028689001,0.0
1.2412412412412412,0.4339917433697047,0.04886756185949365,1.1886262433943402,0.14762268195095718,-0.030532508231076897,0.18917076856584458,0.133520212047296,0.13113406576470507,0.462538603417229,1.1898895477609006,0.0
1.2612612612612613,0.43483378358796615,0.042102010913073716,1.1915771928402474,0.14754747229536555,-0.02684380843279657,0.18443498991401672,0.13340253134497104,0.13082980931716706,0.4613363699350574,1.1927919961386984,0.0
1.2812812812812813,0.43555544583174466,0.03608311218892648,1.1945208709829875,0.14718390713699978,-0.02320152918658476,0.1821139623105903,0.1333018339920659,0.13049933130571612,0.4601159236829352,1.1956868334186013,0.0
1.3013013013013013,0.4361712757377233,0.03079149529893202,1.1974513065295422,0.14652177732773464,-0.019647506087707725,0.17770115494385208,0.13319048729189295,0.13017228335375197,0.45887731284199057,1.1985739453173903,0.0
1.3213213213213213,0.4366956023613044,0.026216331179054732,1.2003623626434001,0.14555280569289045,-0.01622942629201915,0.17090398978442875,0.13306472790891274,0.12985192990144606,0.45762058631045877,1.2014532178568313,0.0
1.3413413413413413,0.43714237847395654,0.022338805632606228,1.2032477285840384,0.14426829703191632,-0.013003645483210835,0.16128904044041534,0.1329268763231248,0.1295502974438002,0.4563457937017514,1.2043245373681746,0.0
1.3613613613613613,0.4375249853252808,0.01913034256621107,1.2061011331473857,0.1426702281673614,-0.010012174123846475,0.14957356796821814,0.13278752769117189,0.12927302253168677,0.45505298534249783,1.2071877904966422,0.0
1.3813813813813813,0.4378560342641338,0.016552446942649558,1.2089165879921766,0.14077274223954603,-0.007333506412065186,0.1339333855890645,0.13264804563350643,0.12905044354803402,0.45374221227055844,1.2100428642059031,0.0
1.4014014014014013,0.43814715484320316,0.014556028953468289,1.2116888631701195,0.13861375889714803,-0.004941088920085325,0.11962087459899293,0.132538852656086,0.128848620581445,0.45241352623300973,1.2128896457825364,0.0
1.4214214214214214,0.4384087359278998,0.013079054234833302,1.2144134412298186,0.1362289029849542,-0.0028335288334754454,0.10537800433049405,0.13245780769658141,0.12868172113567403,0.4510669796841014,1.2157280228404794,0.0
1.4414414414414414,0.438650035226294,0.012064964919708062,1.2170867058237629,0.13366322969720942,-0.0010157128439048067,0.09089079947853192,0.1324031056354494,0.1285534244817662,0.44970262578318554,1.2185578833254664,0.0
1.4614614614614614,0.4388791882950928,0.011457653439941427,1.2197059775661936,0.13096358712154016,0.0005197026956038775,0.07677077697543422,0.13237781850803806,0.12846018370142592,0.44832051839261794,1.2213791155194507,0.0
1.4814814814814814,0.4391032248368439,0.011201827087554588,1.222269514014695,0.128176822425072,0.0017238674837767288,0.06020823940864257,0.13237846456071062,0.1284377719971763,0.4469207120756319,1.2241916080450161,0.0
1.5015015015015014,0.4393280738353165,0.011242449923631898,1.2247769941866904,0.12537400859977024,0.0025938966366004425,0.043501457641185674,0.13241713002650007,0.12847247587480723,0.44550326209418395,1.2269952498697734,0.0
1.5215215215215214,0.4395583495344541,0.011513784956878572,1.2272294998143316,0.12262528138205961,0.003227952717552597,0.03170280404760774,0.13249947069078627,0.12850290759008154,0.4440682244067723,1.2297899303107438,0.0
1.5415415415415414,0.43979745609372867,0.011955327963727141,1.2296286943342727,0.11995972599705249,0.0035024422068255004,0.013724474463645095,0.13260341927957547,0.1286524282690129,0.4426156556662276,1.2325755390387292,0.0
1.5615615615615615,0.4400478542080213,0.012519905714629498,1.2319783256904917,0.11748156781095552,0.0034667729742760664,-0.0017834616274716476,0.1327499814897527,0.12883565885024356,0.44114561321747664,1.2353519660826662,0.0
1.5815815815815815,0.44031065825556315,0.013140202377093974,1.2342832760969753,0.11524752032417582,0.003072871784279307,-0.019695059499838012,0.13293572369043055,0.12911389516456268,0.4396581550952781,1.2381191018339694,0.0
1.6016016016016015,0.4405857638282742,0.01375527863555141,1.236550419749873,0.11335718264488087,0.0023761379765358647,-0.03483669038717215,0.133161372134228,0.1294233565018469,0.4381533400219318,1.2408768370508576,0.0
1.6216216216216217,0.4408716878239778,0.014296199785179955,1.2387876891643042,0.11186347072156008,0.0013968393155925384,-0.04896493304716628,0.13341386315098816,0.1297727583796631,0.4366312274049601,1.2436250628626662,0.0
1.6416416416416417,0.4411657406245108,0.014702640026649805,1.2410040086313427,0.11081597335192966,0.00021841067568165453,-0.0589214319955442,0.13367835835833,0.13010454728686488,0.43509187733476284,1.2463636707741457,0.0
1.6616616616616617,0.4414641829201527,0.014922114782094107,1.243208219184365,0.11021052765111479,-0.0012600686988405421,-0.07392396872610983,0.13394554050699994,0.13053079475702667,0.433535350582245,1.2490925526697454,0.0
1.6816816816816818,0.44176242111171843,0.014911909578286881,1.2454105975737702,0.11011891947025543,-0.0029291715259275974,-0.08345514135435275,0.1342229849472247,0.13092518738273257,0.43196170859641764,1.2518116008178803,0.0
1.7017017017017018,0.44205471301539223,0.014614595183688886,1.247621093916248,0.11052481712389535,-0.004842843487907662,-0.0956835980990032,0.1344944878968187,0.13137645184091193,0.4303710135019718,1.2545207078751857,0.0
1.7217217217217218,0.442334486409862,0.013988669723488103,1.2498504020979277,0.11146540908398604,-0.006890479875351827,-0.1023818193722083,0.13475575781119553,0.1317739219741763,0.4287633280968261,1.2572197668907532,0.0
1.7417417417417418,0.44259423026235606,0.012987192624702161,1.252108251824992,0.1128924863532154,-0.009136784365107998,-0.11231522448780851,0.134990093002906,0.13221366975516985,0.4271387158496476,1.2599086713103547,0.0
1.7617617617617618,0.44282585301293004,0.011581137528699822,1.2544045818415053,0.1148165008256618,-0.011564115403427534,-0.12136655191597667,0.13520605304022984,0.13265484136483394,0.4254972408973459,1.262587314980648,0.0
1.7817817817817818,0.443020399410717,0.009727319889350668,1.256749055767028,0.1172236962761401,-0.01405042785739096,-0.12431562269817137,0.13538922202444598,0.1330114921423817,0.4238389680425416,1.265255592153367,0.0
1.8018018018018018,0.44316822636137376,0.0073913475328379954,1.2591495706987552,0.12002574658636168,-0.016650204422642156,-0.12998882826255972,0.13551359565948892,0.1333701606363829,0.42216396275100754,1.2679133974894983,0.0
1.8218218218218218,0.44325934660165023,0.0045560120138225454,1.2616131554964567,0.12317923988506861,-0.019169699993067498,-0.12597477852126737,0.13558687289723612,0.13357373078000778,0.4204722911490846,1.270560626063438,0.0
1.8418418418418419,0.4432834346197502,0.0012044009049988103,1.2641437520709777,0.12652982872604768,-0.021738800623006854,-0.12845503149696766,0.13557366002045645,0.13379348244392375,0.4187640200210709,1.2731971733671346,0.0
1.8618618618618619,0.4432304452325289,-0.0026494693610646593,1.266744239768635,0.13002438488287035,-0.02431064257647554,-0.12859209767343419,0.13551694728699715,0.1339623135047701,0.41703921680658557,1.2758229353142152,0.0
1.8818818818818819,0.443090186781757,-0.007012922538597241,1.2694160695204777,0.13359148759213663,-0.02693301354293949,-0.13111854832319775,0.13540474478897047,0.13412973602267353,0.41529794959790634,1.278437808244094,0.0
1.901901901901902,0.44285242519493123,-0.011888079341289265,1.2721598227731454,0.13718766263339208,-0.029503613704581603,-0.12853000808210527,0.1352512151545204,0.13421162343886026,0.4135402871372809,1.2810416889260652,0.0
1.921921921921922,0.44250679019182515,-0.01728175015530315,1.2749741702784292,0.14071737526418576,-0.032001317221248535,-0.12488517583334645,0.13502705756657357,0.1342263197775072,0.4117662988142137,1.2836344745633783,0.0
1.941941941941942,0.44204317886712835,-0.023180566234841334,1.2778557207209473,0.14407752212590325,-0.03438895848934784,-0.11938206340496516,0.13473818129400425,0.1341670676341455,0.4099760546627262,1.2862160627972954,0.0
1.961961961961962,0.44145190361986625,-0.029563762363104616,1.2807990129391098,0.14716461090812666,-0.03674201559063173,-0.11765285506419451,0.13437505484674783,0.13409821592135493,0.40816962535859197,1.2887863517111338,0.0
1.981981981981982,0.4407237221063361,-0.03640907567650805,1.2837973353514143,0.14991612061522358,-0.03893316599772796,-0.10955752035481153,0.13398680121347242,0.13393599971974623,0.406347082216547,1.291345239834288,0.0
2.002002002002002,0.4398496729849245,-0.04370245607057908,1.2868422055657973,0.15224351071914682,-0.04100890206877315,-0.10378680355225926,0.1335248140559346,0.1337401404786686,0.4045084971874737,1.2938926261462367,0.0
2.022022022022022,0.4388214972270436,-0.05140878789404534,1.289923556093632,0.15406752639172755,-0.042886431836733144,-0.09387648839799956,0.13303823797478706,0.13347457565305448,0.40265394285556094,1.2964284100805297,0.0
2.042042042042042,0.43763156028775996,-0.05949684696418245,1.2930299250470818,0.1553184476724881,-0.044689645950589996,-0.09016070569284342,0.13247654167956774,0.13322269490471078,0.4007834924354383,1.2989524915287594,0.0
2.062062062062062,0.4362730115213168,-0.06792743832215753,1.2961489596434765,0.15595172981974084,-0.04626911372836073,-0.07897338888853557,0.13193859290945775,0.1329060123933894,0.3988972197692855,1.3014647708445124,0.0
2.0820820820820822,0.43473936641116856,-0.0766822555074132,1.2992677006131998,0.1559370484861707,-0.04755122823423354,-0.0641057252936407,0.13138743663684327,0.13252665666939104,0.3969951993239177,1.3039651488473027,0.0
2.1021021021021022,0.4330251687160469,-0.08570988475608321,1.3023720955974412,0.15521974921206888,-0.048642697438467095,-0.054573460211678214,0.130785706936257,0.1321631565997669,0.39507750618784515,1.3064535268264883,0.0
2.1221221221221223,0.4311261834420562,-0.09494926369953516,1.3054476259916254,0.15377651970922,-0.049587344309648326,-0.04723234355906084,0.1301838205978338,0.13183035385269326,0.39314421606830946,1.308929806545167,0.0
2.1421421421421423,0.429038885928407,-0.10436487568246157,1.3084802565061477,0.15163152572611235,-0.05029547377863294,-0.03540647344923052,0.12963430404175105,0.13149242727813776,0.39119540528829405,1.3113938902440563,0.0
2.1621621621621623,0.4267603189910227,-0.11392834686921584,1.3114566759721287,0.14882097329905086,-0.05073545455577145,-0.02199903885692548,0.12911316345181853,0.13115684445322617,0.38923115078351167,1.3138456806453502,0.0
2.1821821821821823,0.42428848987527584,-0.12359145578734157,1.3143640714866256,0.145369775724846,-0.0510276086232217,-0.014607703372512656,0.1285679095188937,0.1308708669855326,0.3872515300993669,1.3162850809565623,0.0
2.2022022022022023,0.4216223818604794,-0.13330540073982236,1.3171900586932357,0.14129936033050963,-0.05110241230020035,-0.0037401838489327776,0.1280990836445855,0.13061422308861906,0.38525662138789457,1.3187119948743449,0.0
2.2222222222222223,0.41876150011265184,-0.14304408739137867,1.3199238467706496,0.13668940387069417,-0.050992840008048795,0.0054786146075778384,0.12764916685789993,0.13039271385771117,0.3832465034046749,1.3211263265882922,0.0
2.2422422422422423,0.41570610685697923,-0.1527696627836303,1.3225554870177536,0.13158201235520714,-0.05062295551003747,0.018494224900566875,0.12728822130174475,0.1302037418360939,0.3812212555057239,1.3235279807847222,0.0
2.2622622622622623,0.4124571083742994,-0.1624499241339934,1.3250768644707023,0.1260688726474308,-0.050044453367529045,0.02892510712542045,0.12695155868044208,0.13006222246660162,0.37918095764436094,1.3259168626504394,0.0
2.2822822822822824,0.40901631857324233,-0.1720394900528525,1.3274809756861106,0.12020556077041933,-0.049223495452914955,0.04104789573070527,0.12669965582610843,0.12997312755767385,0.3771256903680519,1.3282928778764782,0.0
2.3023023023023024,0.4053862363516987,-0.18150411107718317,1.3297628859937674,0.11409551538283698,-0.04815235888461825,0.05355682841483459,0.126520853017283,0.12993843990252069,0.37505553481522974,1.330655932661826,0.0
2.3223223223223224,0.40157017468361067,-0.19080308340440078,1.3319195912837176,0.1078352644975179,-0.046821007035245235,0.06656759246865195,0.12642664348958155,0.12996586446483901,0.3729705727120911,1.3330059337171258,0.0
2.3423423423423424,0.39757232353910393,-0.19989255722533794,1.3339503013615477,0.10153550389149801,-0.04533521028355915,0.07428983758430392,0.1263407261689045,0.1300555542867011,0.37087088636936966,1.33534278826836,0.0
2.3623623623623624,0.39339776236274776,-0.20872805881780873,1.3358553121056125,0.0952505372032356,-0.04363765907440252,0.08487756045783129,0.12636240251830685,0.13020257562941448,0.36875655867908697,1.3376664040605122,0.0
2.3823823823823824,0.38905206015050464,-0.2172851106121563,1.3376373801341541,0.08910340142707716,-0.04174668145358443,0.09454888104090406,0.1264397753753871,0.13040049523642364,0.36662767311128003,1.3399766893612095,0.0
2.4024024024024024,0.3845414679229356,-0.2255296113784532,1.339300866917918,0.08317433918819267,-0.03952580530964178,0.11104380719713261,0.1266981008441608,0.13066871186752418,0.3644843137107058,1.3422735529643444,0.0
2.4224224224224224,0.3798728887174661,-0.23342896027347357,1.340853873371567,0.07765032268243918,-0.037073716266182284,0.12260445217297511,0.1269860898385393,0.1310033284072697,0.36232656509352335,1.3445569041936742,0.0
2.4424424424424425,0.37505449003554203,-0.24091993409620288,1.3423059600834302,0.07260433559315967,-0.034540459612285516,0.12666283269483825,0.12723805467295143,0.13137966278469737,0.36015451244395347,1.3468266529064024,0.0
2.4624624624624625,0.37009528778751577,-0.24796011240131352,1.343666787653116,0.06804137848429478,-0.031818928437578796,0.13607655873533647,0.1276131751549939,0.13179128929370623,0.3579682415109156,1.3490827094967364,0.0
2.4824824824824825,0.36500453216324935,-0.2545377812133223,1.3449483521034946,0.06407822251892861,-0.028761470135638057,0.15287291509703677,0.1281795845500615,0.13226806034812685,0.3557678386046427,1.3513249848994247,0.0
2.5025025025025025,0.3597922352432238,-0.2606148460012776,1.3461664470970869,0.060904749679614734,-0.025573862270102055,0.15938039327680037,0.1286850774559682,0.13278565657607252,0.3535533905932738,1.3535533905932737,0.0
2.5225225225225225,0.35446977797839996,-0.2661228632411915,1.3473365805246602,0.058506671378666296,-0.022314401390384493,0.1629730439858778,0.1291796385047405,0.13330749697251762,0.3513249848994246,1.3557678386046428,0.0
2.5425425425425425,0.3490490703620032,-0.271035380819837,1.3484741406769463,0.05687800761430491,-0.018839204647923994,0.17375983712302495,0.12981446285987008,0.13384871678922658,0.34908270949673637,1.3579682415109156,0.0
2.5625625625625625,0.3435424199347782,-0.27533252136125247,1.3495968495572106,0.05613544401322006,-0.015290437136616722,0.17743837556536343,0.13039023493334617,0.13439293536966873,0.34682665290640247,1.3601545124439536,0.0
2.5825825825825826,0.3379630484763116,-0.2789685729233287,1.3507215759759883,0.05623632093887974,-0.011598859506909134,0.18457888148537943,0.13103881453940355,0.13493669524166807,0.34455690419367424,1.3623265650935232,0.0
2.6026026026026026,0.3323246171334471,-0.2819215671432265,1.3518662197012326,0.05723218626220886,-0.007883352962460276,0.18577532722244294,0.13161317397389724,0.13545449282162564,0.3422735529643443,1.3644843137107059,0.0
2.6226226226226226,0.32664143037114135,-0.28415933811528504,1.3530471553111785,0.05904678049729188,-0.004054243812157251,0.1914554575151512,0.13225251522371528,0.13595055174888793,0.3399766893612096,1.3666276731112799,0.0
2.6426426426426426,0.3209280398499484,-0.2856695260596474,1.3542813462244385,0.061709545663003317,-0.00018791023139620144,0.19331667903805247,0.13284619963546318,0.13641934726962415,0.33766640406051224,1.3687565586790869,0.0
2.6626626626626626,0.3151995862045693,-0.286422682268955,1.3555846235667897,0.06516386711755287,0.0036385914648664045,0.1913250848131303,0.13335263660787705,0.13682491277187764,0.33534278826836,1.3708708863693695,0.0
2.6826826826826826,0.3094714696151547,-0.2864058294707298,1.3569705311996554,0.06929538164328296,0.007395375812973036,0.18783921740533155,0.13377971353827905,0.13714781444490498,0.33300593371712583,1.372970572712091,0.0
2.7027027027027026,0.30375897542734953,-0.28562470939025963,1.3584501534181992,0.07398111092718693,0.011182319065990912,0.18934716265089396,0.13424284350587593,0.13741597504191982,0.3306559326618259,1.3750555348152298,0.0
2.7227227227227226,0.2980771936322183,-0.28408908975656316,1.3600342406716495,0.0792043626725096,0.015020397535019075,0.1919039234514081,0.1347279653300792,0.13766072791321698,0.3282928778764782,1.377125690368052,0.0
2.7427427427427427,0.2924414354784672,-0.2817879076875568,1.361733463674722,0.08496115015362782,0.018845126172513237,0.19123643187470804,0.13515646246136562,0.1378596131313646,0.32591686265043934,1.379180957644361,0.0
2.7627627627627627,0.2868673114974135,-0.2787061990526833,1.363556913022589,0.09117246739335666,0.022511542971007378,0.1833208399247074,0.13541430939577703,0.13795835792611683,0.32352798078472217,1.381221255505724,0.0
2.7827827827827827,0.28137031303737614,-0.2748499230018695,1.3655096086836511,0.0976347830530967,0.026088561204734264,0.17885091168634432,0.1356164311829613,0.13793623839009048,0.32112632658829215,1.383246503404675,0.0
2.8028028028028027,0.2759652897309325,-0.27025116532218235,1.3675939096545833,0.10421504854661112,0.029541412663271913,0.17264257292688237,0.13573765733806975,0.13783403974692743,0.3187119948743448,1.3852566213878945,0.0
2.8228228228228227,0.27066671018488675,-0.2649289773022864,1.3698097455015887,0.1107917923502746,0.032769566938126285,0.16140771374271862,0.13570900206204317,0.1376313756604533,0.31628508095656227,1.3872515300993669,0.0
2.8428428428428427,0.26548840134809576,-0.2589154418395488,1.3721533015707756,0.11717780345934592,0.035790614986215635,0.1510524024044677,0.1355856514044621,0.13731090898849488,0.3138456806453503,1.3892311507835116,0.0
2.8628628628628627,0.26044311134889836,-0.2522644999598703,1.3746175991105836,0.12321487699039972,0.03871503927238695,0.14622121430856566,0.13547317559617747,0.13691385848415633,0.3113938902440563,1.391195405288294,0.0
2.8828828828828827,0.2555427480850663,-0.2450181631916042,1.3771946758081546,0.12885383487855137,0.04138846624767415,0.13367134876435993,0.1352430816928258,0.13648556182919486,0.30892980654516716,1.3931442160683094,0.0
2.9029029029029028,0.25079866026271325,-0.23720439111765104,1.3798743455151798,0.1339834853512617,0.04382682649569785,0.12191801240118458,0.13492782143410062,0.1359548657296791,0.3064535268264883,1.395077506187845,0.0
2.9229229229229228,0.24622099489836452,-0.22888326821743576,1.3826436553490815,0.13846549169508537,0.04608946406135764,0.11313187828299001,0.13459566796193398,0.13536007236862688,0.3039651488473027,1.3969951993239176,0.0
2.942942942942943,0.24181884993672087,-0.220107248082183,1.3854884691472313,0.14224068990749653,0.04816915645729222,0.10398461979672925,0.13424107196131924,0.1347377323925616,0.3014647708445124,1.3988972197692855,0.0
2.962962962962963,0.2376005049373961,-0.21091724996623853,1.388393922461384,0.14527266570763261,0.05010001217200995,0.0965427857358861,0.1338784932979582,0.13407548199769842,0.29895249152875947,1.4007834924354383,0.0
2.982982982982983,0.2335734284331684,-0.20135382521138576,1.3913444598189426,0.14752686787793187,0.05185138791489628,0.0875687871443168,0.1334885065149772,0.13339628874283,0.29642841008052967,1.4026539428555609,0.0
3.003003003003003,0.22974443152460283,-0.19144984542827853,1.394323884930512,0.14897125557846466,0.0533288726525553,0.07387423688295108,0.1330243245004262,0.13270031398124574,0.29389262614623657,1.4045084971874737,0.0
3.023023023023023,0.22611945200415987,-0.1812489760221479,1.3973146805507488,0.1495397810118462,0.05458079268555999,0.06259600165023449,0.13253103751971101,0.13194390763255945,0.291345239834288,1.406347082216547,0.0
3.043043043043043,0.22270327194266124,-0.1708090030749316,1.4002980532827805,0.14916863660158297,0.05550285434271677,0.04610308285783901,0.1319935970835714,0.13121374961558152,0.2887863517111338,1.408169625358592,0.0
3.063063063063063,0.21949965917740627,-0.1601806382627483,1.4032549873243618,0.14784670207906547,0.056226780397434985,0.03619630273591033,0.13147770083195426,0.13042442323978304,0.28621606279729545,1.4099760546627262,0.0
3.083083083083083,0.2165110733656915,-0.14942929058573803,1.4061659780195874,0.1455495347612844,0.05669079149950321,0.023200555103411187,0.13098936761035707,0.1297047540734678,0.28363447456337826,1.4117662988142137,0.0
3.103103103103103,0.2137392601625209,-0.1385906601585303,1.4090130004839088,0.14235112321606264,0.05685501792545899,0.008211321297789278,0.13050530546146133,0.12902267278063737,0.2810416889260653,1.4135402871372809,0.0
3.123123123123123,0.21118493610224442,-0.12771620301382372,1.411778705147721,0.13828523319061997,0.056817427213930724,-0.0018795355764131914,0.13007230648102608,0.12833579356541827,0.27843780824409403,1.4152979495979063,0.0
3.143143143143143,0.2088477238562168,-0.11686061230138123,1.4144464922018063,0.13338935270426525,0.05655376196209573,-0.01318326259174966,0.12970075628845873,0.12773122588498467,0.27582293531421515,1.4170392168065855,0.0
3.163163163163163,0.20672658174585043,-0.10605710551831865,1.4170019321507596,0.12777199744766454,0.05608932910954496,-0.02322164262753955,0.12938085978506406,0.12716855075098923,0.2731971733671345,1.418764020021071,0.0
3.183183183183183,0.20481970492032897,-0.09534384127607315,1.4194320277336476,0.12150477914439636,0.05540139520371903,-0.034396695291296076,0.12911554132512038,0.12668250053848745,0.27056062606343795,1.4204722911490846,0.0
3.203203203203203,0.20312463973946862,-0.08475325904301803,1.4217257644332677,0.11468683498100604,0.05450006640728051,-0.04506643982192579,0.1289030640639422,0.12625202987811865,0.2679133974894983,1.4221639627510076,0.0
3.2232232232232234,0.20163820566799043,-0.07432170357390941,1.4238737769619427,0.10740062643375088,0.05335126413966507,-0.057440113380771686,0.12874823417361142,0.1259124417072474,0.26525559215336697,1.4238389680425416,0.0
3.2432432432432434,0.20035650499562022,-0.06408503361851052,1.425868938611021,0.09975808245391213,0.05207572673806134,-0.06377687008018706,0.12865748822482612,0.12556905476899308,0.26258731498064786,1.4254972408973459,0.0
3.2632632632632634,0.19927482056174597,-0.054084221693711715,1.4277050605416783,0.09180609653286152,0.050601787828121046,-0.07369694549701548,0.12864204084159403,0.12535538878710675,0.2599086713103547,1.4271387158496476,0.0
3.2832832832832834,0.1983881573709174,-0.044333159541428996,1.4293790062058485,0.08369728320850384,0.048831369794516986,-0.0885209016802023,0.12867556430997495,0.1252700214707029,0.2572197668907532,1.4287633280968262,0.0
3.3033033033033035,0.19769089208371338,-0.03486326436020103,1.430890293145793,0.07556434699722198,0.046797462799966515,-0.10169534972752306,0.1287682868538044,0.12524354917537137,0.2545207078751856,1.4303710135019718,0.0
3.3233233233233235,0.1971763623505931,-0.025726486656013903,1.43224023268205,0.0674969768128515,0.04456708904130975,-0.11151868793283858,0.128939391161219,0.1252712818380312,0.25181160081788034,1.4319617085964178,0.0
3.3433433433433435,0.19683697048869334,-0.01696959309498826,1.4334321331485096,0.059595023322978086,0.042277620452535775,-0.11447342943869915,0.1291732367392892,0.12528609907241908,0.24909255266974542,1.433535350582245,0.0
3.3633633633633635,0.19666449609914527,-0.008623719477403584,1.4344700583680858,0.05189626097881111,0.039738299752078814,-0.12696603502284767,0.1294849778124888,0.12551684752308281,0.24636367077414578,1.435091877334763,0.0
3.3833833833833835,0.19665057108106476,-0.0006962509040253362,1.4353624126914435,0.04461771616788783,0.03712197653798722,-0.13081616070458024,0.12981271606644557,0.12567085377999912,0.24362506286266622,1.43663122740496,0.0
3.4034034034034035,0.19678586648966445,0.006764770429983943,1.4361167207213261,0.03771540149413491,0.03436769153530633,-0.13771425013404437,0.1302075849573806,0.12594591123492704,0.24087683705085766,1.4381533400219317,0.0
3.4234234234234235,0.19706086333466802,0.013749842250178248,1.436743280920561,0.031328009961744514,0.03135916002462501,-0.1504265755340662,0.13065512528850784,0.12637208602679817,0.23811910183396956,1.439658155095278,0.0
3.4434434434434436,0.1974655488274553,0.020234274639363548,1.4372554031038511,0.025606109164515493,0.02811416752103396,-0.16224962517955174,0.13115683641412224,0.12687056423624618,0.23535196608266626,1.4411456132174767,0.0
3.4634634634634636,0.19798891131446977,0.02616812435072481,1.4376682740185773,0.020643545736308187,0.024704769825984133,-0.17046988475249147,0.131708785538444,0.12740120388136356,0.23257553903872924,1.4426156556662275,0.0
3.4834834834834836,0.1986189761027209,0.03150323941255642,1.43799829448983,0.01650102356263239,0.021188689828293614,-0.17580399988452602,0.13228949848489124,0.12794881999356988,0.22978993031074396,1.4440682244067722,0.0
3.5035035035035036,0.1993430632008596,0.03620435490693543,1.4382625209974789,0.013211325382444131,0.017567793551626493,-0.18104481383335633,0.13288648076588228,0.12853638397418232,0.2269952498697734,1.445503262094184,0.0
3.5235235235235236,0.20014800390292953,0.04024703510349701,1.4384788094703953,0.01081442364582098,0.013802594973146946,-0.18825992892397736,0.1335014498598709,0.1291955588571127,0.22419160804501612,1.4469207120756318,0.0
3.5435435435435436,0.20102011216185026,0.04360541294603684,1.4386663049361423,0.00937477328735551,0.009920088104534259,-0.1941253434306344,0.13412394292149743,0.12987539801408446,0.22137911551945075,1.448320518392618,0.0
3.5635635635635636,0.20194504408479655,0.04624659614731414,1.4388445291998555,0.008911213185655156,0.005851639788981381,-0.20342241577764386,0.1347717617543483,0.13065912260787246,0.2185578833254665,1.4497026257831855,0.0
3.5835835835835836,0.2029078061605983,0.0481381037900877,1.4390348693774715,0.009517008880801226,0.001762131513787822,-0.2044754137596779,0.1353883110528444,0.13133771532057203,0.2157280228404795,1.4510669796841014,0.0
3.6036036036036037,0.20389253602101784,0.04923649302097654,1.4392566385893353,0.011088460593193383,-0.002362879342852504,-0.20625054283201633,0.1359726068180416,0.1320214850514395,0.21288964578253633,1.4524135262330098,0.0
3.6236236236236237,0.20488313193705088,0.049529795801651434,1.4395286844796342,0.013602294514941757,-0.006511928161230187,-0.20745244091888412,0.13650857158930704,0.13267954053987047,0.2100428642059031,1.4537422122705586,0.0
3.6436436436436437,0.2058631709551833,0.04900195090662137,1.4398686912686613,0.017000339451353857,-0.010576453882542742,-0.20322628606562776,0.13696942909095322,0.13321826523214347,0.20718779049664213,1.4550529853424978,0.0
3.6636636636636637,0.20681608280694627,0.04764559258814872,1.4402913938452528,0.021135128829576952,-0.014694132852242818,-0.20588394848500396,0.13738488649348315,0.1338289139264915,0.20432453736817455,1.4563457937017514,0.0
3.6836836836836837,0.20772544482982894,0.04546810114413309,1.4408118539238715,0.026023003930929753,-0.01872714987624296,-0.2016508512000068,0.13773030572100822,0.13430962452661707,0.20145321785683135,1.4576205863104588,0.0
3.7037037037037037,0.20857455311740083,0.04245541437859516,1.4414421001014495,0.0315123088789038,-0.022620001419040896,-0.1946425771398967,0.13797924714129156,0.13467965295892032,0.19857394531739028,1.4588773128419905,0.0
3.7237237237237237,0.20934704674553722,0.038624681406819135,1.4421910290926865,0.03744644956185109,-0.026448203232433784,-0.19141009066964462,0.13814415619067863,0.1350378078043833,0.19568683341860116,1.460115923682935,0.0
3.7437437437437437,0.21002707374798735,0.03400135012250654,1.4430660629464918,0.043751692690265215,-0.03018003555995617,-0.18659161637611893,0.13823888397748166,0.13533026821074332,0.1927919961386983,1.4613363699350574,0.0
3.7637637637637638,0.21059905668164625,0.02859914668294534,1.4440725557030378,0.05032463782730744,-0.0338306539371134,-0.18253091885786193,0.13826001732642684,0.13558337830193384,0.18988954776090056,1.462538603417229,0.0
3.7837837837837838,0.21104777687338366,0.02243600958687105,1.4452141401941265,0.057079224554440075,-0.03727548847403066,-0.17224172684586306,0.13818792273625122,0.13568278783847706,0.1869796028689002,1.4637225766673307,0.0
3.803803803803804,0.21135850547196497,0.01553642992906502,1.4464907469253288,0.0638303365601128,-0.04061958579500882,-0.16720486604890766,0.1380161670811653,0.13576950540730476,0.18406227634233893,1.4648882429441257,0.0
3.823823823823824,0.2115174018397717,0.007944818390336075,1.447900620132259,0.0704936603465106,-0.043878742194380524,-0.16295781996858488,0.13778170624135982,0.13582740625703216,0.1811376833522728,1.4660355562291056,0.0
3.843843843843844,0.21151104423501815,-0.0003178802376764961,1.4494406181207027,0.07699989942218284,-0.0468889597917026,-0.1505108798661043,0.13746834023843824,0.13571742152000726,0.17820593935662538,1.467164471228306,0.0
3.863863863863864,0.21132659860656922,-0.009222281422446188,1.4511039170819622,0.08316494806297947,-0.04973698871324708,-0.14240144607722383,0.13703721460985577,0.1355591282167847,0.17526716009562948,1.4682749433740963,0.0
3.883883883883884,0.21095231599055167,-0.01871413080087693,1.452881241762245,0.08886623401414198,-0.05223674161077525,-0.12498764487640815,0.1365334949236847,0.13521639665859425,0.17232146158725858,1.469366928826937,0.0
3.903903903903904,0.21037740724097168,-0.028745437478999727,1.4547595121872428,0.0939135212498914,-0.05446951657917664,-0.1116387484200696,0.1359114480278623,0.13481024874054237,0.16936896012264574,1.4704403844771128,0.0
3.923923923923924,0.20959271429476342,-0.039234647310412596,1.4567230037187784,0.09817457657677922,-0.056533976821021584,-0.10322301209224752,0.1352312452040282,0.134417837498619,0.16640977226149334,1.4714952679464322,0.0
3.943943943943944,0.2085902081732105,-0.050125306077646536,1.4587553717963202,0.10161840387709606,-0.058333676052755676,-0.08998496158670415,0.13454454137536012,0.13396364891650317,0.16344401482747123,1.4725315375899024,0.0
3.963963963963964,0.20736274703165644,-0.06137305707770306,1.4608392838193527,0.10419560115162953,-0.06006823631495539,-0.0867280131099865,0.13378546157351476,0.13357564740260444,0.16047180490360483,1.473549152497372,0.0
3.983983983983984,0.20590423837425342,-0.07292543287015135,1.462957363951848,0.1059040066247706,-0.061620269901192945,-0.07760167931187763,0.13305960359790606,0.13315784297732625,0.15749325982765244,1.4745480724951472,0.0
4.004004004004004,0.20420889268910716,-0.08476728425731331,1.4650922931066384,0.10674645773951122,-0.06288882659739001,-0.0634278348098535,0.13231454093849643,0.1326588753319147,0.15450849718747373,1.4755282581475768,0.0
4.024024024024024,0.20227178676947624,-0.09685529598154657,1.467225303976374,0.10665054348678277,-0.06382275432516711,-0.046696386388855454,0.13153870490870176,0.1320919251637008,0.151517634816387,1.4764896707586095,0.0
4.044044044044044,0.2000893270469612,-0.10912298612575183,1.4693362329454598,0.10554644845428036,-0.0646122811232307,-0.03947633990317929,0.13069022790013074,0.1315739549411477,0.14852079078851743,1.4774322723733215,0.0
4.064064064064064,0.19765919653892186,-0.12150652540196644,1.4714046466258972,0.10342068402187307,-0.0650845466311704,-0.023613275396984556,0.12993688932104325,0.13103900040164818,0.14551808341413586,1.4783560257794153,0.0
4.084084084084084,0.19497967504380087,-0.13397607475604947,1.4734113021592863,0.10033277666945606,-0.06537407300930108,-0.014476318906534044,0.12913661455078596,0.13053944144324012,0.14250963123498808,1.479260894508688,0.0
4.104104104104104,0.19205024060520418,-0.14647172192983432,1.4753368651957877,0.09627815182507318,-0.06537677006287657,-0.00013485267877421693,0.12842790863297804,0.13006070017049556,0.13949555301961475,1.4801468428384714,0.0
4.124124124124124,0.18887101346713683,-0.15896135690336735,1.4771637089010459,0.09134218526291538,-0.06514440683216778,0.011618161535439056,0.12772940517257614,0.12961795582092922,0.13647596775866258,1.481013835793043,0.0
4.1441441441441444,0.1854431567836369,-0.17139283417499673,1.4788749613445895,0.08556262217718524,-0.06466997988185201,0.023721347515788582,0.1270960032547485,0.12922885215371327,0.13345099466018784,1.481861839145005,0.0
4.1641641641641645,0.18176860668149833,-0.1837275051069289,1.4804555642002935,0.07903014278519742,-0.06394773369881061,0.03611230915207111,0.12652906581964707,0.12889375399532033,0.1304207531449485,1.482690819416637,0.0
4.1841841841841845,0.17785010638347826,-0.19592501490100322,1.4818922987667325,0.07183672832194468,-0.06302733882212451,0.04601974383430548,0.12600651993132386,0.12862647736955857,0.1273853628416912,1.4835007438812176,0.0
4.2042042042042045,0.17369116380764985,-0.20794712879142035,1.4831736635217556,0.0640682377511562,-0.061799994113117325,0.06136723545035934,0.1256247704481403,0.1284183526088489,0.12434494358242737,1.4842915805643155,0.0
4.2242242242242245,0.16929589771877201,-0.2197633044438917,1.4842911572226882,0.0558746850466333,-0.06042380800737464,0.06880930528713439,0.12522554091610338,0.12828242992803046,0.12129961539770377,1.485063298245053,0.0
4.2442442442442445,0.1646694520334391,-0.23132228426664608,1.4852371549399344,0.04729988586230154,-0.05881573021650161,0.08040388954365126,0.12497092111678908,0.1282280549102359,0.11824949851186238,1.4858158664573369,0.0
4.2642642642642645,0.15981731469344143,-0.2426068669998838,1.4860074029872627,0.03851240236641945,-0.05696778896329239,0.09239706266046115,0.12480027943060233,0.12823767858798046,0.11519471333829531,1.4865492554910633,0.0
4.2842842842842845,0.15474574723220072,-0.2535783730620353,1.4865998794541113,0.029623823342423822,-0.05502351891042807,0.09721350264321611,0.12461900531359103,0.12831765502965267,0.11213538047469059,1.4872634363932886,0.0
4.3043043043043046,0.14946177005679087,-0.2641988587704927,1.4870134868838203,0.020680371485449607,-0.05282994146469241,0.10967887228678311,0.12462596890547617,0.12847521531371173,0.10907162069827135,1.4879583809693737,0.0
4.324324324324325,0.14397253994732187,-0.2744615054734506,1.4872510667263938,0.011878992128681274,-0.050315108953127054,0.1257416255782672,0.12477258347281871,0.1287030884614669,0.10600355496102726,1.4886340617840967,0.0
4.344344344344345,0.13828601422560546,-0.2843262860858202,1.487318602547532,0.003376791056905939,-0.047520874059848846,0.13971174466391026,0.1250067797041049,0.12901891723006215,0.10293130438494068,1.4892904521627361,0.0
4.364364364364365,0.13241130399213283,-0.29373551167363166,1.4872247193722719,-0.004694158763012352,-0.044639625132114266,0.1440624463867297,0.12520006834772127,0.12939788780933542,0.0998549902572035,1.4899275261921234,0.0
4.384384384384385,0.1263585444383585,-0.3026379776887167,1.4869783997442387,-0.012315981401657648,-0.04162253338602935,0.1508545873042457,0.12549854767937646,0.12983519008358596,0.0967747340254302,1.490545258721667,0.0
4.404404404404405,0.12013809444571891,-0.31102249963198003,1.4865910338751644,-0.019368293453709655,-0.03832731096778433,0.16476112091225129,0.12598018304635697,0.13033926825418993,0.09369065729286226,1.4911436253643444,0.0
4.424424424424425,0.11376077650802086,-0.3188658968849029,1.4860777043753044,-0.02566647499299829,-0.03481527302138815,0.17560189731980902,0.12651518409701648,0.13090601981627736,0.0906028818135687,1.4917226024976649,0.0
4.444444444444445,0.10723849583709642,-0.3261140335462219,1.4854552215925048,-0.03112413913997809,-0.03113904626222313,0.18381133795825108,0.12709806302588678,0.13152661344368805,0.08751152948763802,1.4922821672646027,0.0
4.464464464464465,0.1005840224205432,-0.33272367082766086,1.4847418936600376,-0.03566639662335407,-0.027283902224348573,0.19275720189372803,0.12776247768501908,0.1321903181405413,0.08441672235636702,1.4928222975744991,0.0
4.484484484484485,0.0938108227597127,-0.3386599830415253,1.4839578512930247,-0.039202118350641635,-0.023252742511640848,0.20155798563538663,0.12849253547104664,0.13288987349834744,0.08131858259744175,1.493342972103934,0.0
4.504504504504505,0.08693315026043105,-0.34388362496408215,1.4831246996962684,-0.04165757983781498,-0.01904182902007159,0.21054567457846243,0.1292914504109574,0.13362186869804416,0.07821723252011546,1.4938441702975689,0.0
4.524524524524525,0.07996611549553577,-0.34835173824476406,1.4822655072847823,-0.0429596205743005,-0.01479694700309639,0.21224410084876008,0.13000828325940356,0.13433539140271303,0.07511279456037853,1.494325872368957,0.0
4.544544544544545,0.072925690892621,-0.35202123014573844,1.4814018074919355,-0.043184989642341624,-0.010455948784318757,0.21704991093888176,0.13077931608076118,0.13503381036124562,0.07200539127612605,1.4947880593013254,0.0
4.564564564564565,0.0658281907099789,-0.3548750091321049,1.4805556488417362,-0.04230793250997079,-0.006117662637475779,0.2169143073421489,0.13147262362282763,0.1356889451280214,0.06889514534231898,1.4952307128483255,0.0
4.584584584584585,0.05869049829540694,-0.3568846207285979,1.4797472230051,-0.04042129183180662,-0.001807446474497171,0.21551080814893037,0.13211596519728863,0.1362849958859641,0.06578217954614128,1.4956538155347534,0.0
4.604604604604605,0.05152962662213055,-0.3580435836638197,1.478995033294969,-0.037609485506555,0.002566608836588914,0.21870276555430426,0.1328179317310066,0.1368503442521957,0.06266661678215202,1.496057350657239,0.0
4.624624624624625,0.044362669481050915,-0.35834785705398164,1.478317922629263,-0.033855533285297015,0.006927917762871919,0.21806544631415029,0.1334637014158446,0.13737757410225407,0.05954858004743485,1.4964413022849068,0.0
4.644644644644645,0.03720711144849409,-0.35777790162784107,1.4777332620885604,-0.029233027035133332,0.011282164964404187,0.21771236007661326,0.13408688047580491,0.1378486600223222,0.05642819243674091,1.4968056552600042,0.0
4.664664664664665,0.03008058677792723,-0.356326233528343,1.4772571795420661,-0.023804127324708768,0.015444617215610025,0.20812261256029208,0.13450445505696326,0.13821027227454732,0.05330557713763,1.4971503951984995,0.0
4.684684684684685,0.023000678189268892,-0.3539954294329168,1.4769010580468651,-0.01780607476005398,0.019624009832402724,0.20896963083963477,0.135003155685075,0.138492546552186,0.050180857425607565,1.4974755084906501,0.0
4.704704704704705,0.01598439987428233,-0.35081391574932813,1.4766762414934829,-0.011240827669112552,0.023591508208638846,0.19837491881180622,0.1353012161907152,0.1386979664822404,0.04705415665925714,1.49778098230154,0.0
4.724724724724725,0.009048754539142431,-0.346782266756995,1.4765898905042791,-0.004317549460182753,0.027487214405800518,0.19478530985808332,0.13560344764196697,0.1387959166362098,0.04392559827537166,1.4980668045715864,0.0
4.744744744744745,0.0022099324392975232,-0.3419411049922454,1.4766475840790187,0.002884678736979297,0.03129276835514277,0.19027769746711223,0.13586966604933226,0.13884341083080112,0.04079530578407882,1.4983329640170149,0.0
4.764764764764765,-0.004516138079703068,-0.33630352595002955,1.47685356364042,0.01029897807006908,0.03492121149413463,0.18142215694959377,0.13601498854650412,0.1388049052587854,0.037663402763966375,1.498579450130307,0.0
4.784784784784785,-0.011114022360935685,-0.32989421406163083,1.4772089557623065,0.01776960609432545,0.03849881098695217,0.17887997464087724,0.13617657700001604,0.138677442685123,0.03453001285720289,1.4988062531806126,0.0
4.804804804804805,-0.01756899300168166,-0.32274853203729875,1.477713776709562,0.02524104736278318,0.04195049643742145,0.17258427252346425,0.13626605197672192,0.1385012992011219,0.03139525976465676,1.499013364214136,0.0
4.824824824824825,-0.023866574619400904,-0.3148790808859622,1.4783662087968412,0.032621604363961006,0.04515721889451832,0.16033612285484322,0.13618393155443592,0.13821385068787814,0.0282592672410122,1.4992007750544876,0.0
4.844844844844845,-0.02999302407827184,-0.3063224729435468,1.4791602167209124,0.03970039620356206,0.048143140316408053,0.1492960710944875,0.13599354979623005,0.13779010718262077,0.0251221590898848,1.4993684783030088,0.0
4.864864864864865,-0.03593579502169661,-0.29713854717123855,1.480086144024192,0.04629636516398211,0.05090995199720678,0.13834058403993574,0.135725556240182,0.13727553470281625,0.021984059158932447,1.4995164673390624,0.0
4.884884884884885,-0.041683407419437477,-0.2873806198870433,1.4811318457907827,0.052285088329542415,0.05343037469637831,0.12602113495857767,0.13537121457582665,0.13668257700384961,0.018845091334967347,1.4996447363202945,0.0
4.904904904904905,-0.0472254805226521,-0.2771036551607313,1.4822827521507713,0.05754531799942881,0.05574561783533778,0.1157621569479726,0.13497513872447692,0.13601227837702887,0.015705379539064087,1.499753280182866,0.0
4.924924924924925,-0.05255278356256435,-0.2663651519956123,1.4835225577849231,0.061990281707592874,0.05783568673154668,0.10450344481044448,0.134533156175002,0.13530042535777703,0.012565047721668766,1.49984209464165,0.0
4.944944944944945,-0.057657043765553036,-0.25521301014943437,1.4848336882516273,0.06555652333520764,0.05964346796536988,0.09038906169116069,0.1340146667037162,0.13454475681427264,0.009424219857704088,1.4999111761904045,0.0
4.964964964964965,-0.06253106218500698,-0.2437009209726973,1.4861968244597765,0.06815681040746366,0.0611261399324154,0.07413359835227522,0.13341735172741487,0.13373919013596952,0.006283019941676388,1.4999605221019081,0.0
4.984984984984985,-0.06716902983935419,-0.2318983827173601,1.4875907976893987,0.06969866148110797,0.06249560274692257,0.06847314072535873,0.13288378473240872,0.13285728180275502,0.0031415719827794218,1.4999901304280685,0.0
5.005005005005005,-0.07156640095217053,-0.21986855564081667,1.4889943229630807,0.0701762636840928,0.06356102684308589,0.05327120480816563,0.1323251243225624,0.13206976883833746,3.061616997868383e-17,1.5,0.0
5.025025025025025,-0.07571919258405631,-0.20763958159428925,1.4903871628674945,0.06964199522069249,0.06457742042999089,0.05081967934525053,0.1318273358313113,0.13117465772312586,-0.0031415719827794716,1.4999901304280685,0.0
5.045045045045045,-0.07962455275687656,-0.1952680086410128,1.4917484606655245,0.06806488990149859,0.06523347042102709,0.032802499551810776,0.1312907617972393,0.130439081854144,-0.006283019941676326,1.4999605221019081,0.0
5.065065065065065,-0.08327984464876596,-0.18276459459447025,1.4930591554224584,0.06553473784670032,0.06565502671345799,0.021077814621545024,0.13072481902244434,0.12960050221888766,-0.009424219857704138,1.4999111761904045,0.0
5.085085085085085,-0.08668392182991241,-0.17020385905732266,1.4942983186639993,0.06195816207704581,0.0657269835538235,0.0035978420182755932,0.13016689748955507,0.12885193092926137,-0.012565047721668703,1.49984209464165,0.0
5.105105105105105,-0.08983654790371273,-0.15763130369001602,1.4954465303189792,0.05741058274899912,0.06563173857298009,-0.004762249042170397,0.12966331534361555,0.1280480852621799,-0.01570537953906425,1.499753280182866,0.0
5.125125125125125,-0.0927388124714001,-0.14511322838436821,1.4964844447838153,0.05189572324180227,0.06539785729584684,-0.011694063856662266,0.12925790980615195,0.12732428218929634,-0.018845091334967288,1.4996447363202945,0.0
5.145145145145145,-0.09539222053623797,-0.1326704032418937,1.4973953929259474,0.04554740710660685,0.06490124010852392,-0.024830859366146284,0.12889030092259676,0.12672241126540174,-0.021984059158932385,1.4995164673390624,0.0
5.165165165165165,-0.09779866339944024,-0.12032214316011336,1.4981651009875112,0.038485403078195334,0.06414457640259309,-0.03783318529654099,0.12854871593655462,0.12615544751760946,-0.025122159089884737,1.4993684783030088,0.0
5.185185185185185,-0.09996095289786174,-0.10811447492107508,1.498780259759898,0.030757938619337524,0.06312818994164653,-0.05081932304732906,0.12826638321358885,0.12565942778860864,-0.02825926724101214,1.4992007750544876,0.0
5.205205205205205,-0.101882729728116,-0.09608884151271367,1.49922954590757,0.02246430738359679,0.06183296575010673,-0.06476120957698908,0.1280511663428582,0.12525686739967143,-0.0313952597646567,1.499013364214136,0.0
5.225225225225225,-0.10356846995207397,-0.08428701119789857,1.4995040685554035,0.013726132391678312,0.060349300999224774,-0.0741832375440975,0.12791407440377525,0.12488750889834986,-0.03453001285720283,1.4988062531806126,0.0
5.245245245245245,-0.10502351704586355,-0.07275235468947845,1.499596642568151,0.004628700637377853,0.05857482124343826,-0.08872398778932618,0.12786732193388237,0.12468869153093413,-0.03766340276396631,1.498579450130307,0.0
5.265265265265265,-0.10625373371418514,-0.061510833416079616,1.499503975747064,-0.004633341054346221,0.0566685828851485,-0.09531191791448776,0.1278837344267951,0.1244654552647523,-0.04079530578407876,1.4983329640170149,0.0
5.285285285285285,-0.10726600563134948,-0.05061359585821676,1.4992234038474008,-0.014028594983158903,0.054666294277840886,-0.10011443036538116,0.12799478300003014,0.12432167432838037,-0.0439255982753716,1.4980668045715864,0.0
5.305305305305305,-0.1080674677458375,-0.040073105724401176,1.4987548531365842,-0.02342753554082877,0.0523428605082881,-0.11617168847763916,0.12818217777048524,0.1244145972034101,-0.04705415665925708,1.49778098230154,0.0
5.325325325325325,-0.10866544515853005,-0.029898870634627407,1.4981028866981405,-0.032598321922180096,0.04985025180681478,-0.12463043507366504,0.12840382769504788,0.12446541426019041,-0.0501808574256075,1.4974755084906501,0.0
5.345345345345345,-0.10906842202253583,-0.02014884320028891,1.4972720005355074,-0.041544308131652594,0.047088388312517535,-0.13809317471486282,0.12873082295164717,0.12470615136133602,-0.053305577137629935,1.4971503951984995,0.0
5.365365365365365,-0.10928536733754643,-0.010847265750529845,1.4962710719735652,-0.050046428097108686,0.044167028737733253,-0.14606797873921457,0.1291056993032773,0.1249467901224371,-0.05642819243674085,1.4968056552600042,0.0
5.385385385385385,-0.10932624669825473,-0.0020439680354149333,1.4951097120649681,-0.05806799542985026,0.04108423459607445,-0.15413970708294036,0.1295555778729688,0.12528336650469585,-0.05954858004743479,1.4964413022849068,0.0
5.405405405405405,-0.10920156001124097,0.006234334350687971,1.493800062145251,-0.06548249598585686,0.03783498402676971,-0.16246252846523726,0.1300563166775641,0.12569599794396136,-0.06266661678215218,1.4960573506572388,0.0
5.425425425425425,-0.10892238244542307,0.013958878290895076,1.4923561381660027,-0.07219619896241818,0.034353899675443514,-0.17405421756630907,0.13062085245050764,0.12624099792279786,-0.06578217954614123,1.4956538155347534,0.0
5.445445445445445,-0.10850039379082728,0.02109943272978967,1.490794851597569,-0.07806432842167549,0.030622164056261173,-0.18658678095911696,0.13124618835807783,0.12689116442162512,-0.06889514534231903,1.4952307128483255,0.0
5.465465465465465,-0.10794823372332339,0.027608003375194562,1.4891355656534977,-0.08296429720356935,0.026801617668952973,-0.19102731936541031,0.13189385277761648,0.12748848694446552,-0.072005391276126,1.4947880593013254,0.0
5.485485485485485,-0.10727956612655143,0.03343337983859822,1.4873971794963774,-0.08691930785601151,0.02274775290480836,-0.20269323820723065,0.13260669600603453,0.12827452149024832,-0.07511279456037857,1.494325872368957,0.0
5.505505505505505,-0.10650852616793402,0.03855199793087036,1.4856023122152828,-0.08974336405472873,0.018673293116552914,-0.20372298941277242,0.13329093685531185,0.12892517021031544,-0.0782172325201154,1.4938441702975689,0.0
5.525525525525525,-0.10565034440741353,0.042909088026024805,1.4837711229606079,-0.09155946273374319,0.014597039606536862,-0.20381267550080248,0.13396364259622506,0.12957434518577413,-0.08131858259744179,1.493342972103934,0.0
5.545545545545545,-0.10472046830953721,0.04649380489381564,1.481923519518369,-0.0923801721119395,0.010463101958069397,-0.206696882423373,0.1346150597809327,0.1302639866012792,-0.08441672235636695,1.4928222975744991,0.0
5.565565565565565,-0.10373450208406805,0.04929831127345842,1.4800796320394174,-0.09219437394758,0.006245285855269146,-0.21089080514001282,0.13525785244497776,0.13099205597288874,-0.08751152948763807,1.4922821672646027,0.0
5.585585585585585,-0.10270843670412977,0.05130326899691378,1.4782599717381908,-0.09098301506133392,0.0019579899139801358,-0.21436479706445044,0.13588846206017877,0.1317309101443146,-0.09060288181356864,1.4917226024976649,0.0
5.605605605605605,-0.10165878597908928,0.05248253625202427,1.4764849655578915,-0.0887503090149653,-0.002304404865056978,-0.21311973895185568,0.13647251012753142,0.13239176361740368,-0.09369065729286241,1.4911436253643444,0.0
5.625625625625625,-0.10060247860938014,0.05281536848545734,1.4747731261682488,-0.08559196948213377,-0.006578473191222732,-0.21370341630828765,0.1370122727779004,0.13306067158746798,-0.09677473402543015,1.490545258721667,0.0
5.645645645645645,-0.09955651009849159,0.052298425544427485,1.4731423568124427,-0.08153846779030598,-0.010831818282393565,-0.21266725455854166,0.13749510374678597,0.13368183293178915,-0.09985499025720344,1.4899275261921234,0.0
5.665665665665665,-0.09853805615929387,0.05092269695988621,1.471608936625988,-0.07667100932274147,-0.015049887560595629,-0.2109034639101031,0.13791505249897495,0.13425976580693566,-0.10293130438494062,1.4892904521627361,0.0
5.685685685685685,-0.09756435679563216,0.04868496818308521,1.4701874994255981,-0.07107186001949359,-0.019129391923068447,-0.203975218123641,0.13823870227609536,0.13469969567233583,-0.1060035549610272,1.4886340617840967,0.0
5.7057057057057055,-0.09665253585714369,0.04559104692442356,1.468889136127119,-0.064918164923952,-0.02313093138445124,-0.20007697306913974,0.13847434832541045,0.1351147029915637,-0.10907162069827128,1.4879583809693737,0.0
5.7257257257257255,-0.0958191943064601,0.041667077534179336,1.467723202386053,-0.058296687053308024,-0.027130601311439673,-0.19998349634942122,0.138654819897873,0.13555373451568803,-0.11213538047469052,1.4872634363932886,0.0
5.7457457457457455,-0.09508075075595782,0.03692217752511451,1.4666985308881506,-0.05123357489511603,-0.030949032986585644,-0.19092158375729862,0.1387485292663697,0.13581564691400944,-0.11519471333829524,1.4865492554910633,0.0
5.7657657657657655,-0.09445350658515352,0.03136220854021483,1.4658199798823486,-0.04392755029009612,-0.034692412718479435,-0.18716898659468992,0.1387392403240843,0.13606643578128758,-0.11824949851186232,1.485815866457337,0.0
5.7857857857857855,-0.09395306860210002,0.025021899152674807,1.4650906744515493,-0.03646527153997006,-0.038236858649812286,-0.17722229656664257,0.1386357420410446,0.13616527333204453,-0.12129961539770372,1.485063298245053,0.0
5.8058058058058055,-0.09359463056337851,0.017921901936075537,1.4645100454907143,-0.02903144804175462,-0.041522430586663446,-0.16427859684255808,0.13840384912800785,0.13611097665811236,-0.12434494358242731,1.4842915805643155,0.0
5.8258258258258255,-0.09339234879131834,0.01011408860300837,1.464073330189502,-0.021835765060621393,-0.04469570611086094,-0.15866377620987393,0.13806567864421193,0.13606227109528946,-0.12738536284169114,1.4835007438812176,0.0
5.8458458458458455,-0.09335930075770867,0.0016524016804836013,1.4637742692588551,-0.014953046532345306,-0.04762742436400481,-0.14658591265719445,0.13766610648301403,0.13588522839400566,-0.13042075314494844,1.482690819416637,0.0
5.865865865865866,-0.09350792134546167,-0.007431029387649946,1.4636037734062832,-0.008524792628593673,-0.050305420412951204,-0.13389980244731872,0.1371619127082795,0.1356055604664989,-0.13345099466018778,1.481861839145005,0.0
5.885885885885886,-0.09384945985944176,-0.017076925699004673,1.463549694778341,-0.00270393139710809,-0.052737342969960875,-0.12159612785048371,0.13657129585652897,0.13525306501271342,-0.13647596775866253,1.481013835793043,0.0
5.905905905905906,-0.09439393075407519,-0.02722354473167135,1.4635975493242004,0.002392727292969723,-0.054991804565828764,-0.11272307979339476,0.1359137313767276,0.1348881176867333,-0.13949555301961467,1.4801468428384714,0.0
5.925925925925926,-0.09515026191620625,-0.03781655810655307,1.4637317054342294,0.006707805501448825,-0.056987159446802646,-0.09976774404869411,0.13522595354575614,0.1344487718750775,-0.14250963123498803,1.479260894508688,0.0
5.945945945945946,-0.0961264812354747,-0.048810965963422576,1.463935003273059,0.0101648919414799,-0.05876682853132471,-0.08898345422610379,0.13447356500185248,0.13397848912047175,-0.1455180834141359,1.4783560257794153,0.0
5.965965965965966,-0.09732945354274519,-0.0601486153635246,1.4641889124922807,0.012695460961086903,-0.0602822961549791,-0.07577338118271885,0.13369809077152917,0.13345808218492314,-0.14852079078851738,1.4774322723733215,0.0
5.985985985985986,-0.09876504398084264,-0.0717795219048727,1.4644738585770296,0.014247304237449163,-0.061536374659271205,-0.06270392521460505,0.13288672762049392,0.13290449413543126,-0.15151763481638703,1.4764896707586095,0.0
6.006006006006006,-0.10043795925134635,-0.08364576352518563,1.4647692999400834,0.014772068152696266,-0.062499100553542804,-0.048136294713580774,0.13206659241652696,0.1323212096310957,-0.15450849718747367,1.4755282581475768,0.0
6.026026026026026,-0.10235174404233363,-0.0956892395493637,1.4650541839399969,0.014244199995670632,-0.06327939924796513,-0.039014934721115044,0.13121292465360618,0.13177429163827875,-0.1574932598276524,1.4745480724951472,0.0
6.046046046046046,-0.1045087853990779,-0.10785206783721339,1.465307567959766,0.012669200988461398,-0.06385957417449316,-0.029008746326402303,0.1303966368794588,0.13125566913117973,-0.16047180490360477,1.473549152497372,0.0
6.066066066066066,-0.10691078973200577,-0.12010021664639345,1.4655095240675051,0.010097805386956218,-0.06421941665931068,-0.017992124240875387,0.1296062890700387,0.13074975120168827,-0.16344401482747128,1.4725315375899024,0.0
6.086086086086086,-0.10955870059308763,-0.1323955430540928,1.4656407446019881,0.006561026724145715,-0.06434436458432226,-0.006247396250579573,0.12884321376201816,0.13025901772922344,-0.16640977226149328,1.4714952679464322,0.0
6.106106106106106,-0.11245263885703814,-0.1446969131975258,1.4656826040845445,0.002092974127817198,-0.06422064525151167,0.006185966640529764,0.12811698921192832,0.12979120224421334,-0.16936896012264577,1.4704403844771128,0.0
6.126126126126126,-0.11559189910622068,-0.15696301245912675,1.4656174188299218,-0.003259262731135003,-0.06377331601699472,0.02236646172584688,0.12746780731277255,0.12934248386541194,-0.17232146158725853,1.469366928826937,0.0
6.146146146146146,-0.11897487989144835,-0.16914903926138347,1.4654289875448292,-0.009421564254635275,-0.06308467086908835,0.03443225739532011,0.12683206832939176,0.12894867814901365,-0.17526716009562954,1.4682749433740963,0.0
6.166166166166166,-0.12259887789002726,-0.181199899928945,1.4651021975635494,-0.0163394990639886,-0.06205385616162399,0.051540735373217,0.12633311462492805,0.12861359006820972,-0.17820593935662532,1.467164471228306,0.0
6.186186186186186,-0.12646041733856406,-0.1930769724268398,1.464624882697972,-0.023865743278867334,-0.060810924677084675,0.06214657422696608,0.12584207029418026,0.12835561394242326,-0.18113768335227273,1.4660355562291056,0.0
6.206206206206206,-0.1305548291412543,-0.20472059013451177,1.4639862111532964,-0.031933577233773686,-0.05943778720365812,0.0686568736713278,0.12540616367444662,0.12819803611029384,-0.184062276342339,1.4648882429441257,0.0
6.226226226226226,-0.1348768477467195,-0.2161009302732613,1.4631776941877237,-0.04042584827863788,-0.05787837158496016,0.07797078093489856,0.1250888305976491,0.12811595158952085,-0.18697960286890014,1.4637225766673307,0.0
6.246246246246246,-0.13942092844489734,-0.22720403490889082,1.4621937349484078,-0.04919796196579465,-0.05606614056996374,0.09061155074982077,0.12488675753082021,0.12809337953685856,-0.1898895477609005,1.462538603417229,0.0
6.266266266266266,-0.1441810305136409,-0.23800510343717723,1.4610313538648823,-0.058119054176271064,-0.05388033185702278,0.10929043564704827,0.12485564768867291,0.12814232385330754,-0.19279199613869824,1.4613363699350574,0.0
6.286286286286286,-0.1491502810158865,-0.24846252511228026,1.4596912014813275,-0.06700761917773781,-0.05155605459335209,0.11621386318353477,0.12476956236730295,0.12826716537582258,-0.1956868334186012,1.460115923682935,0.0
6.306306306306306,-0.15432050280124576,-0.25851108926796207,1.4581743012810993,-0.07584501001141526,-0.04900048877266847,0.12777829103418062,0.12485845697190971,0.12849171940136334,-0.19857394531739023,1.4588773128419907,0.0
6.326326326326326,-0.1596831657978818,-0.26813314983180275,1.4564857498982466,-0.08442756914263207,-0.04629502705604203,0.13527308583132186,0.1249700732990555,0.1287731066861504,-0.20145321785683137,1.4576205863104588,0.0
6.346346346346346,-0.16522892484104007,-0.2772879521579132,1.4546318446808335,-0.09269526087065741,-0.043442714661393086,0.14261561973244746,0.1251626201655126,0.12912123663272876,-0.2043245373681745,1.4563457937017514,0.0
6.366366366366366,-0.1709479761224263,-0.28595256406931063,1.4526210714801235,-0.10053866003550033,-0.040359690385210714,0.154151213809119,0.12549582441821486,0.1295351061321968,-0.20718779049664207,1.4550529853424978,0.0
6.386386386386386,-0.17682999842458275,-0.29410111510782266,1.4504649695735419,-0.10780509532907884,-0.037166625646946866,0.15965323691319183,0.1258161152446263,0.12999214138117887,-0.21004286420590315,1.4537422122705586,0.0
6.406406406406406,-0.18286379883736423,-0.30169002063907346,1.4481755334637199,-0.11447180549110063,-0.0338037594757527,0.1681433085597093,0.12625516476154874,0.13050881949711687,-0.21288964578253636,1.4524135262330098,0.0
6.426426426426427,-0.1890378018492162,-0.30870015059259803,1.4457673812527456,-0.12040761054871008,-0.030231362088432696,0.1786198693659992,0.1267995567624375,0.13107849963330367,-0.21572802284047934,1.4510669796841014,0.0
6.446446446446447,-0.19533978898526552,-0.31509935680246615,1.4432574621166092,-0.12549595680682094,-0.026402447496391368,0.19144572960206657,0.12747571992968756,0.13171735760592393,-0.21855788332546655,1.4497026257831855,0.0
6.466466466466467,-0.2017566900729197,-0.32084505438270755,1.440665685850259,-0.1295888133175215,-0.022391476363588108,0.20054855664016255,0.12818501553548498,0.13240344272890353,-0.2213791155194507,1.448320518392618,0.0
6.486486486486487,-0.2082743091854261,-0.32588095562532104,1.4380131338333322,-0.13262760084633282,-0.018336078235653037,0.2027699063967537,0.12883502983642478,0.13309127497906217,-0.22419160804501606,1.446920712075632,0.0
6.506506506506507,-0.2148776211433117,-0.3301655978942788,1.4353199987865903,-0.13465675233708688,-0.014169153300991912,0.20834624673305613,0.1295584145119444,0.1337822243251422,-0.22699524986977335,1.445503262094184,0.0
6.526526526526527,-0.2215512861360248,-0.3336832496356553,1.4326075507171359,-0.13562240347272336,-0.009884836596982083,0.21421583520049148,0.1303192331724601,0.13447501689843935,-0.2297899303107439,1.4440682244067724,0.0
6.546546546546547,-0.22827931161124237,-0.33640127376087936,1.429897586645005,-0.13549820360654782,-0.005650828066885802,0.21170042650481416,0.13095251543094316,0.13512193037371925,-0.23257553903872918,1.4426156556662275,0.0
6.566566566566567,-0.2350450819471753,-0.3382885167966465,1.4272092736372324,-0.13441565038863493,-0.0014428633130726637,0.21039823769065694,0.13156829614350657,0.1357132693440931,-0.23535196608266631,1.4411456132174767,0.0
6.586586586586587,-0.24183204078724174,-0.33934794200332236,1.4245606243050224,-0.13243246661050248,0.002813552676973383,0.21282079950230237,0.13223230292779797,0.13627690760928574,-0.23811910183396962,1.439658155095278,0.0
6.606606606606607,-0.24862357190802448,-0.3395765560391373,1.4219698850622726,-0.1295369621374857,0.007098611264884201,0.2142529293955409,0.13289363338913318,0.13681978195976524,-0.24087683705085772,1.4381533400219317,0.0
6.626626626626627,-0.2554027259239612,-0.3389577007968362,1.4194548843056458,-0.1257500378313405,0.011412368469160421,0.21568786021381106,0.13355608549254747,0.13733217774369919,-0.24362506286266608,1.4366312274049602,0.0
6.646646646646647,-0.2621522889335123,-0.33747815047755614,1.4170329418926773,-0.1210971206484266,0.01572642800764717,0.21570297692433762,0.13418662119482908,0.1377991025818191,-0.24636367077414592,1.4350918773347627,0.0
6.666666666666667,-0.2688547820563002,-0.33512465613939496,1.4147201552125326,-0.11563933400723146,0.01996344451165905,0.21185082520059356,0.13471834821404358,0.13818862938077867,-0.24909255266974537,1.433535350582245,0.0
6.686686686686687,-0.2754926446722779,-0.33189313079888444,1.41252993491076,-0.10951101508862836,0.024111481569458477,0.20740185288997165,0.13517282478339201,0.13848277505674192,-0.2518116008178804,1.4319617085964178,0.0
6.706706706706707,-0.28204856439032805,-0.3277959859025073,1.4104730638004046,-0.10284355551777721,0.028146965068491295,0.20177417495164107,0.13554224845569005,0.1386823271133069,-0.25452070787518566,1.4303710135019718,0.0
6.726726726726727,-0.28850554586108595,-0.32284907353789577,1.408557598132201,-0.09577328341018454,0.03199397784344994,0.19235063874793282,0.13577298448267164,0.1387717070412858,-0.25721976689075327,1.4287633280968262,0.0
6.746746746746747,-0.29484712119989637,-0.31707876694052073,1.4067878501597368,-0.08848739862320723,0.03569108982719247,0.1848555991871251,0.1359380058851207,0.1387513879541899,-0.2599086713103548,1.4271387158496476,0.0
6.766766766766767,-0.30105763720131956,-0.3105258000711604,1.4051654920804835,-0.08111790396266891,0.03924340810107716,0.17761591369423502,0.13604668242576007,0.1386510402070164,-0.26258731498064775,1.425497240897346,0.0
6.786786786786787,-0.30712212498530134,-0.3032243891990883,1.4036901381319462,-0.07376769742686441,0.0426821234966447,0.17193576977837716,0.1361257791304298,0.13847954216375216,-0.2652555921533669,1.4238389680425416,0.0
6.806806806806807,-0.31302622770829064,-0.29520513614946464,1.4023598789410836,-0.0665129595431284,0.04590597314805129,0.16119248257032925,0.13608150267444163,0.13823207689652198,-0.2679133974894982,1.4221639627510076,0.0
6.826826826826827,-0.3187562409352842,-0.28650066134967855,1.401169823457565,-0.05950277417593127,0.04899476957583828,0.15443982138934986,0.13600322269488985,0.13788223146198222,-0.2705606260634379,1.4204722911490846,0.0
6.846846846846847,-0.32429942872430373,-0.2771593894509767,1.4001130556396886,-0.05283839089381454,0.0518991866766504,0.14522085504060608,0.13585043372781377,0.13747252280363004,-0.2731971733671345,1.418764020021071,0.0
6.866866866866867,-0.3296437283995698,-0.26721498376330305,1.3991806577179227,-0.046619896088295004,0.05454476762740341,0.13227904753764966,0.13557302819807274,0.13697511429555653,-0.2758229353142151,1.4170392168065855,0.0
6.886886886886887,-0.3347780517101996,-0.2567161655314899,1.398360573384004,-0.04100421669592974,0.05692375324649506,0.11894928095458313,0.1351965508059144,0.13637683177350082,-0.27843780824409403,1.4152979495979063,0.0
6.906906906906907,-0.33969257536816144,-0.24572618289809262,1.3976378149677409,-0.03613792081316349,0.059011870013697926,0.10440583836014257,0.13473517015037112,0.13570537086170256,-0.28104168892606535,1.4135402871372809,0.0
6.926926926926927,-0.3443787793959495,-0.23431020138940356,1.3969950936362192,-0.03213606657607914,0.0608619839111655,0.09250569487337873,0.1342458833076858,0.13496849000559136,-0.28363447456337815,1.411766298814214,0.0
6.946946946946947,-0.3488294655172729,-0.22253430606616972,1.3964137908699676,-0.029065138312580195,0.06249851689832102,0.08182664935777612,0.1337540587414585,0.13420831805895775,-0.2862160627972955,1.4099760546627262,0.0
6.966966966966967,-0.3530384719022615,-0.21045031924943175,1.395874950909545,-0.02694199802113368,0.06391089052631563,0.07061868139973136,0.13325039438392444,0.13343886349580095,-0.2887863517111337,1.408169625358592,0.0
6.986986986986987,-0.3570005626002586,-0.1981045348998531,1.395359349092254,-0.025780090864549587,0.06507623471736905,0.05826720955267021,0.13272450134763508,0.13266018274465338,-0.29134523983428795,1.4063470822165471,0.0
7.007007007007007,-0.3607114615276122,-0.18554494636768032,1.3948473453958123,-0.025600184822087643,0.06595023636865037,0.04370008256406681,0.1321665033983163,0.13188019936428605,-0.2938926261462365,1.4045084971874737,0.0
7.027027027027027,-0.36416799300751485,-0.17282657399513282,1.3943188645468267,-0.026424042449284063,0.06664448715483381,0.03471253930917071,0.13164221603112727,0.1310634017331669,-0.2964284100805296,1.402653942855561,0.0
7.047047047047047,-0.36736810703361755,-0.16000570130513617,1.393753857986386,-0.028250328022042387,0.06706542695972981,0.021046990244801646,0.1311274220112745,0.1303179038749727,-0.29895249152875947,1.4007834924354383,0.0
7.067067067067067,-0.37031041341680193,-0.1471153191592203,1.3931335171689696,-0.031017040870819107,0.0671962952249238,0.006543413259699059,0.13060786282544026,0.12958582012673736,-0.3014647708445124,1.3988972197692855,0.0
7.087087087087087,-0.3729945726043839,-0.1342079593790971,1.3924392320015588,-0.03471425837054305,0.06698664407740332,-0.010482557376025079,0.130096486522014,0.12890589721664988,-0.30396514884730275,1.3969951993239176,0.0
7.107107107107107,-0.375421413938679,-0.12134206671475484,1.3916533595978349,-0.03929362018620231,0.06669781955673933,-0.014441226033199934,0.12968332362907878,0.1281617938123517,-0.3064535268264883,1.395077506187845,0.0
7.127127127127127,-0.37759291609139073,-0.10857510763558742,1.3907588476544634,-0.04472559716857517,0.06614087615658994,-0.027847170007468603,0.1293397189106129,0.1276114815409134,-0.3089298065451671,1.3931442160683094,0.0
7.147147147147147,-0.37951116050959555,-0.09591222091023953,1.3897425560941186,-0.050814578017243255,0.06541264653015676,-0.036411481321659944,0.12903219107286118,0.1270431757989995,-0.31139389024405634,1.391195405288294,0.0
7.167167167167167,-0.38117917272145696,-0.08340061059307043,1.3885916786878267,-0.05754387031459035,0.06444439435257704,-0.04841260887898509,0.12878583174045385,0.126587996243168,-0.3138456806453502,1.3892311507835118,0.0
7.187187187187187,-0.38260040379230176,-0.07106155354224006,1.387296026084044,-0.06478263018914743,0.06310808379607209,-0.06681552782524701,0.12856882915125326,0.1262611422280605,-0.3162850809565622,1.3872515300993669,0.0
7.207207207207207,-0.3837791570537141,-0.05893766307061821,1.3858477955523858,-0.07241152658290133,0.06165959320410821,-0.07242452959819343,0.12842225923724115,0.12585484104114422,-0.3187119948743449,1.3852566213878945,0.0
7.227227227227227,-0.3847210374692376,-0.047094020776172536,1.3842391342425142,-0.08043306549357501,0.060032977367223225,-0.08133079184424852,0.12838236080416063,0.12560503181573718,-0.3211263265882922,1.383246503404675,0.0
7.247247247247247,-0.3854318063937246,-0.03553844622435175,1.3824660985259087,-0.08865178583027454,0.05819410385642496,-0.09194367553991321,0.12839444237397418,0.12544180422454468,-0.3235279807847222,1.381221255505724,0.0
7.267267267267267,-0.3859177844685109,-0.024298903739313794,1.3805268254214842,-0.09696365522122226,0.0562055341167722,-0.09942848698263879,0.1284669677927802,0.1253119227975219,-0.3259168626504393,1.379180957644361,0.0
7.287287287287287,-0.3861859943150998,-0.013410492329445346,1.3784208751900235,-0.10529751157303009,0.05408895365899073,-0.10582902288907343,0.12860761932432124,0.12524716848576137,-0.32829287787647815,1.377125690368052,0.0
7.307307307307307,-0.38624384119656985,-0.0028923440735028096,1.3761497978747357,-0.11355386576439779,0.05168769726471463,-0.12006281971380516,0.12881216434157003,0.1253641320063895,-0.33065593266182586,1.3750555348152298,0.0
7.327327327327327,-0.38609907150551637,0.0072384845526731415,1.3737187883521318,-0.12155047613018988,0.04907620522142814,-0.1305746021643238,0.12906312051625143,0.12550236075824323,-0.3330059337171258,1.372970572712091,0.0
7.347347347347347,-0.3857604883979873,0.01692915537645266,1.3711340826237173,-0.12923528642073084,0.046349418477692854,-0.1363393371867642,0.12938245479234656,0.1256656809003628,-0.33534278826836,1.3708708863693695,0.0
7.367367367367367,-0.3852376019826184,0.026144320768445257,1.3684033185092417,-0.1365382057237804,0.04344232482813314,-0.1453546824779857,0.12976692141347865,0.125953900193909,-0.33766640406051224,1.3687565586790869,0.0
7.387387387387387,-0.38454024217838556,0.0348679902116431,1.3655369424284345,-0.14331880404035732,0.040273021261405084,-0.15846517833640322,0.13020816983478717,0.12637715461685592,-0.3399766893612096,1.3666276731112799,0.0
7.407407407407407,-0.3836788898230233,0.04306761776811266,1.3625482440372494,-0.1494349195592494,0.03691279396469144,-0.16801136483568233,0.13069948456036462,0.1268328860771649,-0.34227355296434436,1.3644843137107057,0.0
7.4274274274274275,-0.3826650420871722,0.050692386792551815,1.3594517464000866,-0.15482488185813684,0.03339326242825437,-0.17597657682185378,0.1312446740775214,0.12734842586128667,-0.34455690419367413,1.3623265650935235,0.0
7.4474474474474475,-0.38151097129536543,0.05770353959034078,1.3562636479683174,-0.15940492158845695,0.029792990115108605,-0.1800136156572882,0.13181251052208784,0.12786008422843334,-0.3468266529064026,1.3601545124439534,0.0
7.4674674674674675,-0.38022965168163464,0.06406598068653938,1.3530004062247496,-0.16316208717839242,0.026146643790423498,-0.18231731623425512,0.13238966363765148,0.12837980196595708,-0.34908270949673625,1.3579682415109158,0.0
7.4874874874874875,-0.37883446457668013,0.06975935524772536,1.349678701396333,-0.16608524142082923,0.022458340868185597,-0.18441514611189508,0.13296387716402405,0.12891488303646229,-0.35132498489942454,1.3557678386046428,0.0
7.5075075075075075,-0.37733903676556646,0.07477139055568388,1.346315355812186,-0.16816727920734698,0.01862443763993651,-0.19169516141245416,0.13355648448004223,0.12956149117167967,-0.35355339059327373,1.3535533905932737,0.0
7.5275275275275275,-0.3757572899324382,0.07908734165641457,1.3429290713110507,-0.16931422505677388,0.014755037346594467,-0.19347001466710204,0.13413893903411797,0.13015471521445,-0.35576783860464267,1.3513249848994247,0.0
7.5475475475475475,-0.3741038177319117,0.08267361002632331,1.3395375692965261,-0.16957510072622967,0.010789851168933218,-0.19825930888306248,0.13472816581576166,0.13082089636532213,-0.3579682415109156,1.3490827094967364,0.0
7.5675675675675675,-0.3723934830118302,0.08551673600407635,1.3361596992258935,-0.1688935035316334,0.006753941619379191,-0.20179547747770146,0.1353052120400057,0.1314894127876992,-0.36015451244395347,1.3468266529064024,0.0
7.587587587587588,-0.37064168824752136,0.087589738215441,1.3328141120403685,-0.16727935927624563,0.002721995584430248,-0.20159730174744708,0.13585001416376918,0.13210542553245308,-0.36232656509352335,1.3445569041936742,0.0
7.607607607607608,-0.3688642241841727,0.08887320316743294,1.3295181445322999,-0.164798375403425,-0.0013709706315427864,-0.2046483107986517,0.136366856826785,0.1327646360166238,-0.36448431371070583,1.3422735529643441,0.0
7.627627627627628,-0.36707707195489847,0.08935761146371018,1.326289295480697,-0.1614424525801456,-0.0053591118182244385,-0.19940705933408254,0.13681443101192653,0.13327364232832273,-0.3666276731112799,1.3399766893612097,0.0
7.647647647647648,-0.3652965457775104,0.08902630886940165,1.3231417474589735,-0.1573774010861785,-0.009262941939776727,-0.19519150607761443,0.13718362198201767,0.13373851247247218,-0.368756558679087,1.3376664040605122,0.0
7.667667667667668,-0.3635386351201649,0.08789553286727818,1.3200878030522305,-0.15269722033715352,-0.013100670315620278,-0.19188641879217755,0.13748294122133523,0.13416862666189083,-0.37087088636936955,1.3353427882683602,0.0
7.687687687687688,-0.3618190599490408,0.08597875855620386,1.3171381536651905,-0.14748246935199957,-0.01689728157218318,-0.1898305628281449,0.1377281080974393,0.1345860100973556,-0.37297057271209105,1.3330059337171258,0.0
7.707707707707708,-0.360153333138451,0.08328634052948841,1.314302441318518,-0.14178561733361922,-0.020672291828566676,-0.18875051281917507,0.1379250104814689,0.1349954830653994,-0.3750555348152298,1.330655932661826,0.0
7.727727727727728,-0.35855686548357807,0.0798233827436474,1.3115894183436998,-0.135651148740912,-0.024402705949625368,-0.18652070605293466,0.1380668073414512,0.13536321031514081,-0.37712569036805194,1.3282928778764782,0.0
7.747747747747748,-0.35704501586645115,0.07559248085634669,1.3090063449310498,-0.12915367063249733,-0.02805897292109393,-0.18281334857342743,0.138135734649536,0.13566562041485314,-0.37918095764436094,1.3259168626504394,0.0
7.767767767767768,-0.35563298501521085,0.07060154256201677,1.3065583801975655,-0.12239823667421011,-0.03156190693087671,-0.1751467004891397,0.13810986212952703,0.1358445173297857,-0.38122125550572383,1.3235279807847222,0.0
7.787787787787788,-0.3543356278496018,0.06486785828045123,1.3042474012948446,-0.11554894513604035,-0.03483872975627159,-0.163841141269744,0.13796605408952572,0.1358744655257069,-0.38324650340467487,1.3211263265882922,0.0
7.807807807807808,-0.353167028094586,0.05842998775079102,1.3020712984999316,-0.10880513974565433,-0.037939350733947795,-0.15503104888381025,0.1377077914449308,0.1358366759286495,-0.38525662138789457,1.3187119948743449,0.0
7.827827827827828,-0.3521402648286025,0.05133816329917456,1.3000252472402845,-0.10230256298236418,-0.04082746332249322,-0.1444056294272716,0.13736725951670475,0.13570718101896134,-0.38725153009936686,1.3162850809565623,0.0
7.847847847847848,-0.35126758632633576,0.04363392511333716,1.2981018320281494,-0.09617076060675318,-0.04344869480689168,-0.13106157421992265,0.13694056438831856,0.1354656689766079,-0.38923115078351167,1.3138456806453502,0.0
7.867867867867868,-0.35056025601614726,0.03536651550942439,1.2962907017109593,-0.0905565158595125,-0.045675910357060985,-0.11136077750846489,0.13642745612314744,0.13505631739328336,-0.39119540528829405,1.3113938902440563,0.0
7.887887887887888,-0.3500281000651354,0.02660779755059369,1.2945777574941364,-0.0856472108411411,-0.04780135245540112,-0.10627210491700723,0.13580526628919173,0.13473211557152054,-0.39314421606830946,1.308929806545167,0.0
7.907907907907908,-0.34967941210440023,0.01743439803675776,1.2929485943346233,-0.08145815797565495,-0.04962594780963836,-0.09122976771186257,0.13522178593408343,0.13432623578698327,-0.3950775061878452,1.306453526826488,0.0
7.927927927927928,-0.34952189120414634,0.007876045012695962,1.2913881737807202,-0.07802102769514653,-0.051283236500204464,-0.08286443452830357,0.13456326289283185,0.13393546970579992,-0.3969951993239176,1.3039651488473027,0.0
7.947947947947948,-0.3495619913138262,-0.0020050054839922445,1.2898806151508666,-0.07537793149268526,-0.05269070896487393,-0.07037362323347347,0.13391790696504194,0.1335099099479316,-0.39889721976928555,1.3014647708445124,0.0
7.967967967967968,-0.34980539637061125,-0.012170252839252894,1.2884097414152975,-0.0735436867784552,-0.05388907039368121,-0.05991807144036414,0.1332363445759831,0.13307647885579119,-0.4007834924354382,1.2989524915287596,0.0
7.987987987987988,-0.35025675566291525,-0.022567964615198968,1.286958767314812,-0.07254870502427718,-0.05480334658204597,-0.045713809418238244,0.1325668611056541,0.13260647205475487,-0.40265394285556094,1.2964284100805297,0.0
8.008008008008009,-0.350919809267621,-0.03315268023528769,1.2855105841835233,-0.07240915656443031,-0.05545291819661827,-0.03247858072861444,0.13187741799660743,0.13212482468535927,-0.40450849718747367,1.2938926261462367,0.0
8.028028028028029,-0.35179709571672385,-0.0438643224551413,1.2840476734793882,-0.07314553520675679,-0.055913679748866754,-0.023038077612424913,0.1311790143820545,0.1316811220312026,-0.406347082216547,1.2913452398342882,0.0
8.048048048048049,-0.3528901589204184,-0.05465316018472742,1.2825530011318802,-0.07473361737540185,-0.056118087643805915,-0.010220394746958014,0.13053736417719697,0.13124799603067236,-0.40816962535859197,1.2887863517111338,0.0
8.068068068068069,-0.3541997722150305,-0.0654806647306038,1.2810105695524003,-0.0771215789739964,-0.056216659847162065,-0.004928610167807395,0.12986252225072528,0.13087751812647525,-0.4099760546627262,1.2862160627972954,0.0
8.088088088088089,-0.35572580380193286,-0.07630157934511655,1.2794048725160667,-0.08028485181667855,-0.05610051018252414,0.005807483231896343,0.12928361083261822,0.13053309860081538,-0.4117662988142137,1.283634474563378,0.0
8.108108108108109,-0.35746778956936237,-0.08709928837147454,1.2777222312797705,-0.08413206181481236,-0.0557680708603424,0.016621966109087068,0.12872416544121154,0.13020175811570858,-0.41354028713728086,1.2810416889260654,0.0
8.128128128128129,-0.3594244958189521,-0.09783531247948474,1.2759494948711925,-0.08863682042889888,-0.0551525480399869,0.03077614101777459,0.128233318245333,0.12988687665412585,-0.4152979495979064,1.278437808244094,0.0
8.148148148148149,-0.3615938775204618,-0.10846908507548655,1.2740748164179152,-0.0937339226638594,-0.05437390565299137,0.038932119349777444,0.12772825913629296,0.12962594548243014,-0.4170392168065857,1.275822935314215,0.0
8.168168168168169,-0.3639729301132212,-0.11895262963796883,1.2720869956440086,-0.09939103869532688,-0.05330606198935375,0.05339218318188017,0.1273592603131802,0.12941008824135367,-0.4187640200210708,1.2731971733671346,0.0
8.188188188188189,-0.36655815486727666,-0.12926123770277423,1.269977543314523,-0.10547261647428204,-0.0519806010518404,0.06627304687566608,0.12702841590795586,0.1292371750675085,-0.4204722911490845,1.270560626063438,0.0
8.208208208208209,-0.3693450050897693,-0.13934251112463325,1.2677392255509676,-0.11191588817776967,-0.05049635428055925,0.07421233856405811,0.12672272341934324,0.12914079985518667,-0.4221639627510074,1.2679133974894985,0.0
8.228228228228229,-0.37232811014082384,-0.14915525255272732,1.2653663586269646,-0.1186433462001564,-0.0487709945777727,0.08626798513932678,0.1265493658756322,0.1291114130539638,-0.4238389680425416,1.265255592153367,0.0
8.248248248248249,-0.3755016406979251,-0.15867652785506078,1.2628562309000333,-0.12550638634655964,-0.04683005257983587,0.0970470998968429,0.12643171701345435,0.1291377333180393,-0.425497240897346,1.2625873149806477,0.0
8.268268268268269,-0.3788589889789542,-0.16786741405145508,1.2602078151814138,-0.13242078593098058,-0.04459113450021232,0.1119459039811774,0.12645406735273895,0.12923101437669213,-0.4271387158496475,1.2599086713103549,0.0
8.288288288288289,-0.3823928291058434,-0.176692006344459,1.257423173794506,-0.13923206934538218,-0.04215312487095789,0.1219004814627214,0.12649967821952213,0.12938935559029777,-0.42876332809682605,1.2572197668907532,0.0
8.308308308308309,-0.38609473705256775,-0.18509539733621716,1.2545057127781787,-0.1458730508163724,-0.03963166048685999,0.12607321920489487,0.12655708854096925,0.12961882402769917,-0.4303710135019719,1.2545207078751854,0.0
8.328328328328329,-0.3899555912788853,-0.1930427113158759,1.2514600791482184,-0.1522816814980086,-0.037045941203648,0.1292859641605994,0.12666395104313227,0.12989928095999248,-0.43196170859641764,1.2518116008178803,0.0
8.348348348348349,-0.39396604493595216,-0.2005226828533422,1.2482923976735065,-0.15838407373559502,-0.03428205602750423,0.13819425880718833,0.1268996594401699,0.1302198388042704,-0.433535350582245,1.2490925526697454,0.0
8.368368368368369,-0.3981165034071599,-0.207522923560388,1.2450112803883646,-0.1640558642570912,-0.031455998665623916,0.1413028680940158,0.1271038444567201,0.13056643067049808,-0.43509187733476273,1.2463636707741461,0.0
8.388388388388389,-0.4023967189533168,-0.2140107773078441,1.2416252575514288,-0.16930114184678813,-0.028461390740789336,0.14973039624172882,0.12744162414047536,0.1309604878642393,-0.4366312274049601,1.2436250628626662,0.0
8.408408408408409,-0.4067961990111974,-0.21997400289403118,1.2381455203545524,-0.17398685984382564,-0.02536914504867556,0.15461228460568902,0.12777887174151434,0.1313786805228702,-0.4381533400219318,1.2408768370508576,0.0
8.428428428428429,-0.41130377695989956,-0.225378897435108,1.2345835993645402,-0.1780960495006114,-0.02216983809024005,0.15996534792177555,0.12817497585154722,0.13182985952905354,-0.43965815509527806,1.2381191018339697,0.0
8.448448448448449,-0.4159079619555325,-0.23020924978164645,1.2309523623916274,-0.18156184864563626,-0.018671617945295385,0.17491100724723307,0.1287783840438082,0.13233513015322726,-0.4411456132174766,1.2353519660826664,0.0
8.468468468468469,-0.4205967408164999,-0.23443894304837049,1.2272685231661882,-0.1841919612719649,-0.015081279976383788,0.17951689844558,0.12930277363002896,0.1328631831102614,-0.4426156556662277,1.232575539038729,0.0
8.488488488488489,-0.4253568565436264,-0.23800578635632713,1.2235479470325825,-0.18602880668028074,-0.011431677456434664,0.18248012599745608,0.12984211405428475,0.13340381588511904,-0.44406822440677224,1.229789930310744,0.0
8.508508508508509,-0.4301746249037485,-0.24088841800610608,1.219806867099285,-0.187053996664876,-0.007672862850695493,0.18794073028695849,0.13043824583631808,0.13394279609734305,-0.4455032620941839,1.2269952498697734,0.0
8.528528528528529,-0.43503596526686406,-0.2430670181557753,1.2160622874183573,-0.1872289840463857,-0.003938385132166316,0.1867238859264588,0.13094615512333938,0.134455560057717,-0.4469207120756319,1.2241916080450161,0.0
8.548548548548549,-0.43992626180702094,-0.24451482700784427,1.2123294692595794,-0.18664090793889823,-0.00023952294623646845,0.18494310929649235,0.1314270014123721,0.13492917627197043,-0.44832051839261794,1.2213791155194507,0.0
8.568568568568569,-0.4448308604722724,-0.24522993326257295,1.2086226379449199,-0.18534156573297417,0.003364733701763327,0.1802128323999897,0.13183129897989734,0.13534685562093865,-0.44970262578318554,1.2185578833254664,0.0
8.588588588588589,-0.44973522331626326,-0.24521814219954324,1.2049540013996924,-0.1834318272613706,0.007021847601616242,0.18285569499264584,0.13232704035985668,0.13573918529147874,-0.4510669796841014,1.2157280228404794,0.0
8.608608608608609,-0.4546250235917177,-0.24449001377272217,1.2013366938649224,-0.1808653767384995,0.010619926927214201,0.17990396627989796,0.13274550092676524,0.13610265079464576,-0.4524135262330097,1.2128896457825364,0.0
8.62862862862863,-0.4594857171352483,-0.24303467717652982,1.1977822237196183,-0.177723507265201,0.01426388571159445,0.18219793921901228,0.13323165888483726,0.13644166865667084,-0.4537422122705585,1.2100428642059031,0.0
8.64864864864865,-0.4643029240760385,-0.2408603470395134,1.1943026886916697,-0.1739767513974326,0.01802933135268626,0.18827228205459068,0.13379990885944368,0.13678074900336384,-0.4550529853424979,1.207187790496642,0.0
8.66866866866867,-0.4690619063124569,-0.2379491118209207,1.190911348217363,-0.16956702371533772,0.02176465999676785,0.1867664322040793,0.1342750253197497,0.13709356229350092,-0.4563457937017514,1.2043245373681746,0.0
8.68868868868869,-0.47374737119579385,-0.2342732441668476,1.1876196297239021,-0.16458592467304617,0.02536984239736072,0.18025912002964364,0.134619351926955,0.1373182368086143,-0.45762058631045877,1.2014532178568313,0.0
8.70870870870871,-0.4783441656677671,-0.22983972359866298,1.184435662086773,-0.15919838185644777,0.028857591879020095,0.1743874740829686,0.13488960905790381,0.13744164044038568,-0.4588773128419907,1.19857394531739,0.0
8.72872872872873,-0.4828376857290657,-0.22467600306492944,1.1813649331765643,-0.15353644551043877,0.032262991673990125,0.1702699897485018,0.1351251123171259,0.13748686618396583,-0.4601159236829352,1.1956868334186013,0.0
8.74874874874875,-0.4872137560804868,-0.21880351757105362,1.178411218727385,-0.1476857224589676,0.035464336361233334,0.16006723436216003,0.13522161793931498,0.13745483813966516,-0.46133636993505744,1.1927919961386984,0.0
8.76876876876877,-0.49145865095923374,-0.21224474393734877,1.1755750532239948,-0.14180827516951128,0.03848220408795495,0.15089338633608082,0.13524222052442977,0.13732113494848452,-0.46253860341722897,1.1898895477609006,0.0
8.78878878878879,-0.4955595151731371,-0.20504321069516807,1.1728543243037253,-0.13603644601347853,0.04122123059421396,0.1369513253129499,0.1351279280394308,0.13710543755285873,-0.46372257666733063,1.1869796028689004,0.0
8.80880880880881,-0.49950441807112006,-0.19724514489914632,1.1702436963906995,-0.13053139565129526,0.04373826305763712,0.12585162317115867,0.13496436624656208,0.13679778261352038,-0.46488824294412573,1.184062276342339,0.0
8.82882882882883,-0.5032826775719867,-0.18891297504333665,1.1677357543118814,-0.12539710394090264,0.046075948379561,0.1168842660961941,0.13478828278768912,0.13644114203148158,-0.4660355562291055,1.1811376833522729,0.0
8.84884884884885,-0.50688457604395,-0.18009492359816348,1.165322183053737,-0.12067856290722201,0.04823295545690075,0.10785035386698706,0.13459137421402773,0.13605501069317033,-0.467164471228306,1.1782059393566253,0.0
8.86886886886887,-0.5103012340308067,-0.17083289934283885,1.162993932470214,-0.11641252917614094,0.05030046299278325,0.10337537679412555,0.13443041434957115,0.13563354099367234,-0.4682749433740961,1.1752671600956297,0.0
8.88888888888889,-0.5135244612651888,-0.16116136171910503,1.1607419763373292,-0.11259780664424396,0.052146105915369674,0.0922821461293208,0.1341974259053327,0.1352152124359583,-0.46936692882693704,1.1723214615872586,0.0
8.90890890890891,-0.516546558232716,-0.15110484837635768,1.1585562703497945,-0.10928529937673562,0.05379691371605896,0.0825403900344645,0.1339244952565582,0.13473438643068802,-0.4704403844771127,1.1693689601226456,0.0
8.92892892892893,-0.5193608250361174,-0.14071334017006978,1.1564252857494768,-0.10654923001588384,0.055255850223633454,0.07294682537872349,0.133627114183454,0.13422186208685458,-0.4714952679464322,1.1664097722614934,0.0
8.94894894894895,-0.5219614132340988,-0.1300294098990724,1.1543366934131074,-0.1044296168184649,0.05650310586520207,0.06236278207843139,0.13329923104479557,0.1336881116074089,-0.47253153758990235,1.1634440148274714,0.0
8.96896896896897,-0.5243433387802433,-0.11909627730722418,1.1522774323696023,-0.10296305217525037,0.057579204598146146,0.05380493664720333,0.1329704993844881,0.13312420938172642,-0.47354915249737217,1.1604718049036047,0.0
8.98898898898899,-0.5265024700280131,-0.10795656238849029,1.1502340239875868,-0.10217041910078153,0.058401753607049425,0.04112745044516389,0.1326048874308101,0.13257594937835743,-0.47454807249514724,1.1574932598276524,0.0
9.00900900900901,-0.5284354570049045,-0.09664934884456876,1.1481927100150282,-0.10206569862792789,0.0590607505352796,0.03294984641150967,0.13225494449415964,0.1319859512049184,-0.47552825814757677,1.1545084971874737,0.0
9.02902902902903,-0.5301399329107519,-0.08522379529237391,1.1461394018497535,-0.10266540826373426,0.05946726358225968,0.020325652349004315,0.13189203467290808,0.13144167278945618,-0.4764896707586094,1.1515176348163871,0.0
9.04904904904905,-0.5316142057364718,-0.07371364128599192,1.1440605316738703,-0.10394350879416114,0.059675201876004315,0.010396914687231125,0.13154146941781641,0.13087931210247486,-0.4774322723733215,1.1485207907885175,0.0
9.06906906906907,-0.5328575964985627,-0.06216953810454647,1.1419425046337843,-0.10590135200430394,0.05973619676632271,0.003049744515919873,0.13123443322670603,0.1303285511226207,-0.4783560257794153,1.1455180834141359,0.0
9.08908908908909,-0.5338700953404287,-0.05062494209330297,1.1397725871149549,-0.1084958759414737,0.05954090276789962,-0.009764699921155008,0.13093017895782944,0.1298552440922447,-0.479260894508688,1.142509631234988,0.0
9.10910910910911,-0.5346522202741026,-0.039106246683696416,1.1375392661342565,-0.11166604903491872,0.059098767657901494,-0.022106755499905754,0.13063612460700255,0.1293957942247066,-0.4801468428384715,1.1394955530196147,0.0
9.12912912912913,-0.5352054540253847,-0.027661687564099112,1.1352314434190827,-0.11539113575869026,0.058419502668924025,-0.03396324944887305,0.13037780443096242,0.12897629163441635,-0.48101383579304297,1.1364759677586624,0.0
9.14914914914915,-0.5355321418676703,-0.016334392114282385,1.1328391956590667,-0.11961238800079986,0.05748627507354443,-0.046661379768980535,0.1301591079787632,0.12861940456382626,-0.4818618391450049,1.1334509946601876,0.0
9.16916916916917,-0.5356354931666893,-0.005167564950950811,1.1303541635065764,-0.12425160762451247,0.0564184481292875,-0.053391347212846274,0.13000784015252861,0.12826307600861978,-0.48269081941663694,1.1304207531449486,0.0
9.18918918918919,-0.5355196031069736,0.005794502985791485,1.1277690466631403,-0.12925584217179983,0.055248747676664926,-0.058485022631127696,0.12992806294940226,0.12796201371827715,-0.4835007438812175,1.1273853628416912,0.0
9.20920920920921,-0.5351888879391549,0.016535758390934283,1.1250784446070374,-0.13453010280514272,0.05383844565588136,-0.07051510103917845,0.1298798170182602,0.12779122298629625,-0.4842915805643156,1.124344943582427,0.0
9.22922922922923,-0.5346481026573139,0.027039264092048994,1.12227936668988,-0.13995389585786674,0.05233328945313699,-0.07525781013721858,0.12987576901218975,0.12758204429510328,-0.4850632982450529,1.1212996153977037,0.0
9.24924924924925,-0.5339028064296609,0.037264811382650226,1.119368952070814,-0.14552073095329335,0.050594627614445206,-0.08693309193458928,0.12992055442097383,0.12752222882879455,-0.485815866457337,1.1182494985118623,0.0
9.26926926926927,-0.5329588509165503,0.047197775655531904,1.1163472830074075,-0.15108345317032976,0.04876593908457044,-0.09143442649373797,0.13000545917537637,0.1274234059338416,-0.48654925549106326,1.1151947133382953,0.0
9.28928928928929,-0.5318228392932907,0.05680058116298275,1.113214494685931,-0.1566394160738209,0.0466314249305607,-0.10672570770048725,0.13013967734003698,0.1275291943735641,-0.48726343639328856,1.1121353804746907,0.0
9.30930930930931,-0.5305016664506306,0.06605864213300557,1.1099744848694695,-0.16200049082308077,0.044383766946219864,-0.11238289921704135,0.13031158485748265,0.12756874418375647,-0.4879583809693737,1.1090716206982711,0.0
9.32932932932933,-0.5290033730292416,0.07491467106945081,1.106630771360755,-0.16718567543572127,0.04201370308140783,-0.11850319324060184,0.13054463757856616,0.12768913834517967,-0.48863406178409674,1.1060035549610274,0.0
9.34934934934935,-0.5273363682996004,0.08335023648206318,1.1031889758949167,-0.17208977329191916,0.03956023339961353,-0.12267348408971543,0.13080990278950844,0.12783068327251196,-0.48929045216273603,1.1029313043849407,0.0
9.36936936936937,-0.5255094651378318,0.09134515808843198,1.099655511536651,-0.17667321791328194,0.03693317988349088,-0.1313526758061328,0.1311101786127341,0.12808227747412082,-0.4899275261921234,1.0998549902572037,0.0
9.38938938938939,-0.5235317571091971,0.09888540143173602,1.0960389310728458,-0.18082902319027078,0.03413688928954648,-0.13981452969721953,0.13144200652139534,0.12838473980702989,-0.49054525872166704,1.0967747340254301,0.0
9.40940940940941,-0.5214130132614342,0.10593719238814307,1.0923490107107363,-0.18449601810547095,0.031216164013367926,-0.14603626380892734,0.13180941205060998,0.12871576410494873,-0.49114362536434436,1.0936906572928622,0.0
9.42942942942943,-0.5191636520606975,0.1124680600368341,1.0885964739391136,-0.18762683858113496,0.028165041506982125,-0.1525561253192898,0.13220619993045202,0.1291019191482713,-0.4917226024976648,1.090602881813569,0.0
9.44944944944945,-0.5167946467010262,0.11845026798356868,1.0847932825558302,-0.19015956916416957,0.02511038065416645,-0.1527330426407841,0.13261076337057062,0.12943283887361445,-0.49228216726460267,1.087511529487638,0.0
9.46946946946947,-0.5143174722446057,0.1238587228210254,1.0809506789282182,-0.1921301813806006,0.021933384823941613,-0.15884979151124184,0.13302750320133067,0.1298718342806181,-0.492822297574499,1.0844167223563668,0.0
9.48948948948949,-0.5117436895775701,0.12868913335178056,1.077081652466789,-0.19345132307146165,0.018695028941288227,-0.16191779413266902,0.1334450403836152,0.1302955686750659,-0.493342972103934,1.0813185825974418,0.0
9.50950950950951,-0.5090853893577397,0.13291501099151717,1.073198954484028,-0.19413489913805035,0.015378257749220374,-0.16583855960339255,0.13386767506288585,0.1307580156011577,-0.49384417029756883,1.0782172325201156,0.0
9.52952952952953,-0.5063549922749441,0.1365198541397815,1.0693159520290896,-0.19415012274691776,0.012037792198592842,-0.1670232775313766,0.13428040441654945,0.13119790037616563,-0.494325872368957,1.0751127945603787,0.0
9.54954954954955,-0.5035652805402749,0.13948558673345735,1.065445496445581,-0.19352277917543104,0.008635583567448145,-0.170110431557235,0.1346818061355361,0.13167407093258862,-0.49478805930132547,1.072005391276126,0.0
9.56956956956957,-0.5007292232788155,0.14180286307297105,1.0616007679538313,-0.19223642458749246,0.005199680049416005,-0.17179517590160684,0.1350666456734699,0.13214035503729413,-0.4952307128483256,1.068895145342319,0.0
9.58958958958959,-0.49786016586152704,0.14345287086442338,1.057794514091982,-0.190312693092461,0.001847732637365859,-0.16759737060250743,0.13541327191388433,0.13251235727573232,-0.4956538155347533,1.0657821795461413,0.0
9.60960960960961,-0.49497163036725395,0.1444267747136549,1.0540374751529331,-0.1878519469524491,-0.0014569523885218966,-0.16523425129438774,0.13570831467325434,0.13287375579113878,-0.4960573506572389,1.0626666167821524,0.0
9.62962962962963,-0.4920769070952259,0.14473616360140168,1.050339423058023,-0.1849026047455121,-0.004662428681475661,-0.1602738146476883,0.13595304835290303,0.1331684362216124,-0.49644130228490685,1.0595485800474347,0.0
9.64964964964965,-0.4891891048451793,0.1443901125023285,1.0467083516881661,-0.18155356849284737,-0.007842697220510543,-0.159013426951744,0.13615307230081194,0.13348439727143258,-0.4968056552600042,1.0564281924367407,0.0
9.66966966966967,-0.48632104664694703,0.14340290991161378,1.0431518660791295,-0.17782428045182733,-0.010898124013103715,-0.15277133962965855,0.1363124606148582,0.13371295295457117,-0.49715039519849946,1.05330557713763,0.0
9.68968968968969,-0.4834853896257743,0.1417828510586357,1.0396756339406703,-0.1738116069229619,-0.013965512918183492,-0.15336944525398893,0.1364256443926335,0.1340029383054545,-0.4974755084906501,1.0501808574256075,0.0
9.70970970970971,-0.48069438939342823,0.13955001161730357,1.036285513262602,-0.16950603390341004,-0.0169740678306424,-0.15042774562294525,0.13651647208824183,0.1342473277443388,-0.49778098230154005,1.047054156659257,0.0
9.72972972972973,-0.4779604059594429,0.13669917169926674,1.0329863169693971,-0.16495981466024656,-0.01980229694988192,-0.1414114559619764,0.13655076569193964,0.1343715217273378,-0.49806680457158625,1.0439255982753717,0.0
9.74974974974975,-0.47529546815704937,0.13324689011967553,1.0297802060010806,-0.16030554841582595,-0.022539694406902146,-0.13686987285101088,0.13650582238249148,0.13448784160757554,-0.49833296401701493,1.0407953057840786,0.0
9.76976976976977,-0.47271085968046916,0.12923042382901068,1.0266680288582881,-0.15560885713962583,-0.025235489864027114,-0.13478977285624838,0.13642105050229292,0.13461504986470268,-0.49857945013030697,1.0376634027639666,0.0
9.78978978978979,-0.470217552936326,0.1246653372071585,1.023650181418998,-0.15089237196450067,-0.027782887629262867,-0.1273698882617875,0.13630383354407397,0.13465728674869049,-0.4988062531806126,1.034530012857203,0.0
9.80980980980981,-0.4678262932682818,0.11956298340221097,1.0207252946729406,-0.14624433730286526,-0.030153961309293913,-0.1185536840015525,0.1361164577295803,0.1346221473064674,-0.4990133642141358,1.0313952597646565,0.0
9.82982982982983,-0.46554715083533016,0.11395712164758139,1.0178898023224763,-0.1417746175232145,-0.03235035255163972,-0.10981956211729058,0.13586362715092318,0.13453178448926253,-0.4992007750544875,1.0282592672410122,0.0
9.84984984984985,-0.4633894511017709,0.1078849866779632,1.015138346874258,-0.13757277241091193,-0.03429986511469459,-0.0974756281527444,0.13556261205647757,0.1343520564807202,-0.49936847830300873,1.025122159089885,0.0
9.86986986986987,-0.4613616535160124,0.1013898792879235,1.0124635350095843,-0.13374059323368365,-0.036113255390172475,-0.0906695137738938,0.1351917828404884,0.1341798474014563,-0.49951646733906235,1.0219840591589326,0.0
9.88988988988989,-0.45947124528699734,0.09452041145075149,1.0098570667079911,-0.13032341507966044,-0.03768952074540879,-0.07881326776181516,0.1348189861923164,0.1339459420380002,-0.4996447363202946,1.0188450913349674,0.0
9.90990990990991,-0.4577250394225897,0.08731029322038311,1.0073097049259918,-0.12736808909996147,-0.039104610513154926,-0.07075448838730768,0.13439264950581464,0.13371075651166253,-0.4997532801828658,1.015705379539064,0.0
9.92992992992993,-0.45612889476890434,0.07980723268426881,1.0048114247457227,-0.12491400901345184,-0.04029289665871549,-0.05941430727802757,0.1339697653558329,0.13343955503727015,-0.49984209464164997,1.012565047721669,0.0
9.94994994994995,-0.4546879256083117,0.07204845802963013,1.0023517355167926,-0.12298446144650381,-0.04132906752468683,-0.051808543298567586,0.133508858317206,0.13318044559471728,-0.4999111761904045,1.0094242198577041,0.0
9.96996996996997,-0.4534063058325902,0.06408098878607726,0.9999197921518742,-0.12159716824591821,-0.042246893921087894,-0.04589131982005275,0.13304697387574674,0.13294754901647074,-0.49996052210190806,1.0062830199416761,0.0
9.98998998998999,-0.45228762327905503,0.05593412767675753,0.9975051433601634,-0.1207324395855399,-0.04301324360508552,-0.03831748419988111,0.13259935631082675,0.13271235376024487,-0.49999013042806856,1.0031415719827796,0.0
10.01001001001001,-0.4513350306587775,0.047629631013875705,0.9950975313256013,-0.12038060172810607,-0.043523646277636094,-0.025520133627528065,0.1321732497332525,0.13242999143424156,-0.5,1.0,0.0
10.03003003003003,-0.4505509764175825,0.03920271205974955,0.992686341550295,-0.12055948876531564,-0.04387397136921876,-0.017516254579133993,0.1317013641209379,0.13216039802023358,-0.49999013042806856,0.9968584280172206,0.0
10.05005005005005,-0.4499369310192298,0.03070226991763568,0.990260513017882,-0.12129142662064911,-0.04399898597925219,-0.0062507305016716915,0.131274061644421,0.13189047253751876,-0.49996052210190806,0.9937169800583237,0.0
10.07007007007007,-0.44949372459038156,0.02216032144241372,0.9878096665412575,-0.12254232383122478,-0.04393471015929677,0.0032137909977710943,0.13084317720335836,0.1316347309991371,-0.4999111761904045,0.9905757801422959,0.0
10.09009009009009,-0.44922138073877677,0.01361719258023861,0.9853236183206789,-0.1243024110289278,-0.04357056213289045,0.018207401320315925,0.1304845410284862,0.13137069334760315,-0.49984209464164997,0.9874349522783312,0.0
10.11011011011011,-0.449119157804982,0.005111146689736496,0.9827931634459643,-0.1265227437357324,-0.042994971208882404,0.02877954620040226,0.13011104169028406,0.13113654016028475,-0.4997532801828658,0.984294620460936,0.0
10.13013013013013,-0.44918511146362,-0.0032976829318982458,0.9802093699886096,-0.12918967286773494,-0.042362271430693335,0.03163498890945306,0.12972635739891508,0.1309864152975767,-0.4996447363202946,0.9811549086650326,0.0
10.15015015015015,-0.44941661889465545,-0.011575371551772844,0.9775644185642881,-0.1322475712160768,-0.04158985945868893,0.03862059860022076,0.12943974881481662,0.13087964136009236,-0.49951646733906235,0.9780159408410675,0.0
10.17017017017017,-0.44981094088690027,-0.019716099612241248,0.9748525907763499,-0.13559138939691004,-0.04062745042518765,0.04812045167506391,0.12920540414604367,0.1307850827680644,-0.49936847830300873,0.9748778409101153,0.0
10.19019019019019,-0.4503648179024399,-0.02769385077697992,0.9720691432020073,-0.1391723787171286,-0.039512262832789295,0.05575937961991784,0.12898764763832196,0.13072152670364268,-0.4992007750544875,0.9717407327589878,0.0
10.21021021021021,-0.4510743009109378,-0.03547415042489734,0.969210064030249,-0.14295395858791357,-0.038260183467592544,0.06260396825983777,0.12880842041133733,0.13069819197569035,-0.4990133642141358,0.9686047402353432,0.0
10.23023023023023,-0.45193495157330116,-0.04303253311816777,0.9662725265684902,-0.1468768730879441,-0.036803586385663285,0.07282985409646224,0.12871135896600874,0.13070200687966763,-0.4988062531806126,0.9654699871427971,0.0
10.25025025025025,-0.4529418542652849,-0.050345134599186964,0.9632553375358108,-0.15085945163396614,-0.03515611063591957,0.08237378748718564,0.128651630731884,0.13073677183892307,-0.49857945013030697,0.9623365972360336,0.0
10.27027027027027,-0.4540893306462737,-0.05737381904944111,0.9601583374081424,-0.1548500063834238,-0.03336919694829647,0.08934568438115498,0.12861842141335594,0.1308170705107888,-0.49833296401701493,0.9592046942159214,0.0
10.29029029029029,-0.45537101446653383,-0.06408419101300544,0.9569824511103081,-0.15879431489171186,-0.031465567349140175,0.09518147995781549,0.12862627358771833,0.13094067965199468,-0.49806680457158625,0.9560744017246285,0.0
10.31031031031031,-0.45678006225809276,-0.07045238957794697,0.9537298604023825,-0.16262953539627972,-0.029429303519282458,0.10181319149288544,0.12869117432143456,0.13109789535381824,-0.49778098230154,0.9529458433407427,0.0
10.33033033033033,-0.45830923744199964,-0.07645875919534328,0.9504040915322973,-0.1662884435042592,-0.027224237312093592,0.1102533103594439,0.12882482207311996,0.13128410825639011,-0.4974755084906501,0.9498191425743926,0.0
10.35035035035035,-0.4599507914550495,-0.08207770065249444,0.9470101197048735,-0.16969859137119023,-0.024902286515038823,0.11609753985273807,0.12897414966930312,0.1315020170495642,-0.49715039519849946,0.9466944228623702,0.0
10.37037037037037,-0.46169631880788187,-0.08727636764161646,0.9435536241076758,-0.17282477985988381,-0.0225112858004853,0.11955003572767611,0.1291386570169834,0.13175117718670717,-0.49680565526000425,0.9435718075632594,0.0
10.39039039039039,-0.4635370153059078,-0.09203482490129652,0.940040964753094,-0.175632967729095,-0.019975738406861853,0.12677736968117237,0.1293906921327856,0.13202242132983924,-0.49644130228490685,0.9404514199525651,0.0
10.41041041041041,-0.4654637552372976,-0.09633699656949171,0.9364801110232228,-0.17804268649355498,-0.017384548125929773,0.1295595140466039,0.12961928114196264,0.1323096422505998,-0.49605735065723894,0.9373333832178479,0.0
10.43043043043043,-0.46746687310902957,-0.10015589358659849,0.9328789116098668,-0.18005997066780213,-0.014684334500066626,0.13501068129315738,0.12991839696864027,0.1326156443403545,-0.4956538155347533,0.9342178204538589,0.0
10.45045045045045,-0.4695364363637566,-0.10347816273635194,0.9292465176847953,-0.18161969625357915,-0.01192510675255952,0.13796138737535543,0.1302120769349244,0.1329294828056399,-0.49523071284832565,0.9311048546576811,0.0
10.47047047047047,-0.4716620611430757,-0.10628123896595496,0.9255920969402457,-0.18272103722748095,-0.009109766055167902,0.14076703486958064,0.13052878072696203,0.1332503609443281,-0.49478805930132547,0.9279946087238738,0.0
10.49049049049049,-0.4738331102406535,-0.10855245487889033,0.9219252374715318,-0.1833429734356977,-0.006216370024529891,0.14466980153190065,0.13088059595866988,0.13357242585042217,-0.49432587236895703,0.9248872054396216,0.0
10.51051051051051,-0.476038654502278,-0.11027721308122528,0.9182560379834515,-0.1834599744040178,-0.003293852605163868,0.14612587096830104,0.1312179611467971,0.13389170272161827,-0.4938441702975689,0.9217827674798846,0.0
10.53053053053053,-0.4782674122568437,-0.11143788772828549,0.9145943131847721,-0.1830862399339668,-0.00036003897877373304,0.14669068131950677,0.13155175580539502,0.1342007132974924,-0.493342972103934,0.9186814174025583,0.0
10.55055055055055,-0.4805079369221793,-0.11202623326678045,0.91094964064488,-0.18223362699460624,0.002574171807754885,0.14671053932643088,0.13187835682101082,0.1344916119969175,-0.492822297574499,0.9155832776436331,0.0
10.57057057057057,-0.4827486948777839,-0.1120378977802294,0.907331189609483,-0.18092255176985322,0.005512734498244108,0.1469281345244611,0.1322054442481499,0.13476203176555784,-0.49228216726460267,0.9124884705123619,0.0
10.59059059059059,-0.484978104495588,-0.11147048089020482,0.9037477991889427,-0.17916952102701783,0.008453937841574432,0.14706016716651618,0.13252918526967036,0.1350109373385541,-0.4917226024976648,0.9093971181864313,0.0
10.61061061061061,-0.4871845186232237,-0.11032070638178652,0.9002079059137954,-0.17699466375736478,0.011383887000006013,0.1464974579215792,0.13283916356574185,0.13523565773152688,-0.49114362536434436,0.9063093427071378,0.0
10.63063063063063,-0.4893562459659515,-0.10858636713639035,0.8967193495545874,-0.17442781796039886,0.014299508887674667,0.1457810943834327,0.1331379139028924,0.13543174297789967,-0.49054525872166704,0.9032252659745698,0.0
10.65065065065065,-0.4914815180764898,-0.10626360552691494,0.8932893451170185,-0.1715002218784471,0.01704082821889895,0.13706596656121414,0.13330610108113966,0.13558715550157058,-0.48992752619212343,0.9001450097427963,0.0
10.67067067067067,-0.4935487551985612,-0.10336185610356678,0.8899225372120201,-0.16834039524992378,0.019757843528635192,0.13585076548681224,0.13352512419848953,0.13568374857947849,-0.4892904521627361,0.8970686956150594,0.0
10.69069069069069,-0.49554699701832006,-0.09991209098794467,0.8866234298398354,-0.1649553686092307,0.02242539599826086,0.1333776234812834,0.13371880817961818,0.13575308367735825,-0.48863406178409674,0.8939964450389727,0.0
10.71071071071071,-0.4974653613957929,-0.09591821887364106,0.8833957194509988,-0.16138551944183085,0.025000559970628184,0.12875819861836613,0.13386791230621994,0.13579007923635147,-0.48795838096937366,0.8909283793017285,0.0
10.73073073073073,-0.49929317813251006,-0.09139083683585777,0.8802419377895667,-0.15768908307160487,0.027465658207643066,0.12325491185074387,0.13397424532416372,0.13578248178535648,-0.48726343639328856,0.8878646195253094,0.0
10.75075075075075,-0.5010201434673446,-0.08634826674172785,0.8771633032206788,-0.15393172844439476,0.029765167792330207,0.11497547923435734,0.13400938383886107,0.1357294317169801,-0.48654925549106326,0.8848052866617047,0.0
10.77077077077077,-0.5026364919269944,-0.08081742298249127,0.8741592920820709,-0.15020055693039766,0.03196165476275861,0.10982434852141985,0.13404041388529248,0.13562200725021953,-0.485815866457337,0.8817505014881378,0.0
10.79079079079079,-0.5041331441847273,-0.07483261288664433,0.8712285101907583,-0.1465390945656291,0.03407142433944331,0.10548847883423546,0.13406327244722133,0.1354831532396553,-0.48506329824505295,0.8787003846022964,0.0
10.81081081081081,-0.5055014366080611,-0.06841462116668778,0.8683689691910749,-0.14297704998416944,0.036057405538668555,0.09929905996126157,0.13404850113772718,0.1353189520505341,-0.48429158056431554,0.8756550564175725,0.0
10.83083083083083,-0.506733086588483,-0.061582499021097234,0.8655777410669219,-0.13956140620765192,0.03788353540742864,0.09130649343800443,0.13398415737875854,0.1351200664426423,-0.48350074388121755,0.872614637158309,0.0
10.85085085085085,-0.5078203913160002,-0.054365236375856406,0.8628506508192565,-0.13635451238326876,0.03957458130103376,0.08455229468025557,0.13390006088348372,0.1348781329673313,-0.48269081941663694,0.8695792468550516,0.0
10.87087087087087,-0.5087563054427825,-0.04679570633911346,0.8601826027457687,-0.1334024036743876,0.0410858157889377,0.07556172439519773,0.13377041305950202,0.13461360073510184,-0.4818618391450049,0.8665490053398125,0.0
10.89089089089089,-0.5095344308205696,-0.03890626888935604,0.8575675009944749,-0.1307550875646919,0.04247709182317945,0.06956380171208737,0.13364380462178746,0.13430785825766878,-0.48101383579304297,0.8635240322413373,0.0
10.91091091091091,-0.510149050747317,-0.030730996337369892,0.8549987035033019,-0.12843987455864883,0.043647344547263364,0.058512636204194994,0.13345881622840167,0.13400545957442023,-0.48014684283847153,0.8605044469803853,0.0
10.93093093093093,-0.5105950736649691,-0.022301145882611048,0.8524687655490097,-0.12649689771460376,0.044702590234163675,0.05276228434501525,0.13329431307486272,0.13365269736166657,-0.479260894508688,0.8574903687650122,0.0
10.95095095095095,-0.5108682386236325,-0.013658247933169044,0.8499698316194744,-0.12494669647676906,0.045555389908667,0.042639983725167044,0.13309573048578865,0.13331955652163127,-0.4783560257794153,0.8544819165858643,0.0
10.97097097097097,-0.5109647915166716,-0.004827644651958403,0.8474938479066016,-0.12379918564363405,0.04620289125909456,0.03237506752137796,0.1328780775334288,0.13297120187644468,-0.4774322723733215,0.8514792092114825,0.0
10.99099099099099,-0.5108818110481499,0.004149023426085795,0.8450322859636005,-0.12307809715005887,0.04663861289628044,0.02178608185929446,0.13265141880078907,0.1326215153640502,-0.47648967075860943,0.8484823651836131,0.0
11.01101101101101,-0.510617271312275,0.013226986793746395,0.8425764994948752,-0.12278932343626418,0.04697232648483026,0.016685679427490923,0.13246909448669988,0.13224616238058726,-0.4755282581475768,0.8454915028125264,0.0
11.03103103103103,-0.5101699053712465,0.022368297051423854,0.8401181561372878,-0.12291716787936906,0.0471447456009747,0.008620955807221602,0.1322921202037556,0.1319136377899589,-0.4745480724951473,0.8425067401723476,0.0
11.05105105105105,-0.5095388133825901,0.03155459943282115,0.8376496548517214,-0.12342506427831836,0.0471172983199522,-0.0013723640511247356,0.13210815034100226,0.13160301485454917,-0.47354915249737217,0.8395281950963953,0.0
11.07107107107107,-0.5087237608487029,0.04075262669436373,0.8351636447319312,-0.1243005059895083,0.04694072320628711,-0.008828755683254417,0.1319469948314988,0.1312873328043503,-0.4725315375899024,0.8365559851725287,0.0
11.09109109109109,-0.5077252514734466,0.049925468762814444,0.8326530744098712,-0.1255285161029975,0.046593508409358976,-0.017360739846405678,0.13180132601357722,0.13100555183069618,-0.4714952679464322,0.8335902277385067,0.0
11.11111111111111,-0.5065443776241124,0.05904369246670731,0.8301116506438013,-0.12707118830349443,0.04613812415889887,-0.022769212523005386,0.1316901761983567,0.13072215255179848,-0.4704403844771128,0.8306310398773544,0.0
11.13113113113113,-0.5051827929421451,0.06807923409836744,0.8275335978050821,-0.1289026419359619,0.04548480713980718,-0.03266585095458413,0.13158394363679365,0.13050724550940004,-0.46936692882693704,0.8276785384127414,0.0
11.15115115115115,-0.5036425829558809,0.07701049931320719,0.8249142453870817,-0.13096762090001784,0.044700678662592704,-0.03920642386072426,0.1315068016165888,0.13028626843040014,-0.46827494337409614,0.8247328399043704,0.0
11.17117117117117,-0.5019265281364328,0.08580274097240889,0.8222492975486624,-0.13324739192096366,0.04374089433475857,-0.047989216391705725,0.13145005996015507,0.1301225895648052,-0.46716447122830607,0.8217940606433747,0.0
11.19119119119119,-0.5000378607430541,0.09443336966893545,0.8195356291510444,-0.13568341988089774,0.04259383626955399,-0.05735290326022942,0.1314135139862492,0.1299980659682522,-0.4660355562291055,0.8188623166477272,0.0
11.21121121121121,-0.4979805090854206,0.1028675828816778,0.8167710206778845,-0.13823042365799332,0.04135740000892209,-0.06182181303159589,0.13142132204828336,0.12986438633890562,-0.4648882429441256,0.8159377236576608,0.0
11.23123123123123,-0.49575899905504667,0.11107550151869425,0.8139538007587208,-0.14086099595818738,0.03992801638980655,-0.07146918095577619,0.13144719510479505,0.12982583306236353,-0.46372257666733063,0.8130203971310997,0.0
11.25125125125125,-0.4933782077500107,0.1190395652517984,0.8110839825404325,-0.14349091091441693,0.038387753993279046,-0.07701311982637572,0.13150628815916576,0.12978045641800767,-0.462538603417229,0.8101104522390994,0.0
11.27127127127127,-0.4908437198167909,0.12672439666098836,0.8081619938704127,-0.1460994335009906,0.03674989780335933,-0.08189280949598526,0.13159859447817518,0.12976972729450548,-0.4613363699350575,0.8072080038613019,0.0
11.29129129129129,-0.48816147642966523,0.13411216935628503,0.8051892758177589,-0.1486359026326869,0.034974004357595984,-0.08879467228816697,0.13171054128381007,0.12981666776482373,-0.46011592368293525,0.804313166581399,0.0
11.31131131131131,-0.4853378086662182,0.1411833881723533,0.8021684188834071,-0.15104284671758955,0.0331275140075721,-0.0923245175011944,0.13185056522555,0.12986044768436183,-0.4588773128419905,0.8014260546826096,0.0
11.33133133133133,-0.4823795503769325,0.14791291446428467,0.7991023911232435,-0.1533013880081751,0.031209746177502933,-0.09588839150345889,0.13201188627914306,0.12993633736597862,-0.4576205863104588,0.7985467821431688,0.0
11.35135135135135,-0.47929376938627266,0.1542890495329919,0.7959949485717317,-0.15537212757559454,0.029191481366008784,-0.10091324057470764,0.13218641652703086,0.13005669580748966,-0.45634579370175143,0.7956754626318255,0.0
11.37137137137137,-0.47608778137521635,0.16029940055281583,0.7928506971902647,-0.15721256907334943,0.027044114112145638,-0.107368362693157,0.13237582891939248,0.13022614688852743,-0.45505298534249794,0.7928122095033582,0.0
11.391391391391391,-0.4727693186316178,0.16592313717992682,0.7896751879804992,-0.15877546048827312,0.02482177546308962,-0.111116932452801,0.13258616841648765,0.13039773145095376,-0.4537422122705585,0.7899571357940969,0.0
11.411411411411411,-0.4693466415019037,0.1711338564857068,0.7864743118760119,-0.16004380522436576,0.02258211010380251,-0.11198326796435547,0.13281058461556608,0.13055892316102166,-0.45241352623300973,0.7871103542174637,0.0
11.431431431431431,-0.46582830049755836,0.1759170502172674,0.7832540043383525,-0.1610153768829727,0.02032340515004229,-0.112935247688011,0.13303581173588458,0.13073318793404118,-0.4510669796841015,0.7842719771595207,0.0
11.451451451451451,-0.4622228918381591,0.18027043296996292,0.7800203893607444,-0.1616807488804041,0.017988007523049774,-0.11676988134962549,0.13325860301875547,0.13095636289654736,-0.4497026257831856,0.7814421166745337,0.0
11.471471471471471,-0.45853914291762826,0.18418744602654383,0.7767802618203719,-0.1620063770186275,0.015625161971392767,-0.1181422775828504,0.13348755938916346,0.13116946796679763,-0.4483205183926179,0.7786208844805491,0.0
11.491491491491491,-0.454786088262734,0.18765273274471345,0.7735403448160452,-0.16199585021633664,0.013233477399290072,-0.11958422860513472,0.1337148254416,0.1313961547880965,-0.44692071207563194,0.775808391954984,0.0
11.511511511511511,-0.4509728751722797,0.1906606545227146,0.7703075184493033,-0.16164131833709394,0.01078896860491456,-0.12222543971877564,0.13393737881126128,0.1316498204824303,-0.44550326209418395,0.7730047501302266,0.0
11.531531531531531,-0.44710880119299495,0.19320369896423675,0.7670889727368432,-0.16092728562300673,0.008306585730185135,-0.12411914373647137,0.13415793214101576,0.1319093196322668,-0.4440682244067723,0.7702100696892561,0.0
11.551551551551551,-0.4432034214164717,0.195268988826165,0.7638919346771857,-0.15985190298287044,0.005831138377694694,-0.12377236762452203,0.13437068516988543,0.13214805603315835,-0.4426156556662276,0.7674244609612708,0.0
11.571571571571571,-0.43926644839510187,0.19684865106848934,0.760723186194473,-0.15843742413563888,0.0033518148196618794,-0.1239661779016407,0.1345645595565209,0.13239011665915953,-0.44114561321747664,0.7646480339173337,0.0
11.591591591591591,-0.43530757875870185,0.19794348182000024,0.7575892545667048,-0.15669658138840867,0.0008417291684321563,-0.12550428256148613,0.1347413598047915,0.1326498273099619,-0.4396581550952781,0.7618808981660304,0.0
11.611611611611611,-0.43133658983538986,0.19854944616559828,0.7544966516069556,-0.15463014798746286,-0.0016490752169426148,-0.1245402192687386,0.13490524866735623,0.13288150077002134,-0.43815334002193185,0.7591231629491425,0.0
11.631631631631631,-0.42736338786498446,0.1986600985202706,0.7514512583445819,-0.15226966311867993,-0.004120036918735955,-0.12354808508966697,0.1350422054202778,0.1331015529310953,-0.43663122740496,0.7563749371373337,0.0
11.651651651651651,-0.4233978466300108,0.1982770617486821,0.7484583598044278,-0.14964492700771076,-0.0065351822623874786,-0.12075726718257623,0.1351520654596124,0.1332859787937692,-0.4350918773347628,0.7536363292258541,0.0
11.671671671671671,-0.41944978486968976,0.19740308801605155,0.7455222874261759,-0.1468036189125966,-0.00886302558467119,-0.1163921661141855,0.13522709693863025,0.13342743216645928,-0.43353535058224507,0.7509074473302546,0.0
11.691691691691691,-0.41552879892013456,0.19604929747776015,0.7426461971545184,-0.14380451358287136,-0.011098582377473,-0.11177783964009058,0.13526270413531366,0.13353697672930256,-0.4319617085964177,0.7481883991821197,0.0
11.711711711711711,-0.41164409740643393,0.1942350756850305,0.7398321679701669,-0.14070145921757107,-0.013296217534495669,-0.10988175785113341,0.1352611973412823,0.13365711510865544,-0.4303710135019717,0.7454792921248141,0.0
11.731731731731731,-0.4078046029192027,0.19197472436156324,0.737081868417499,-0.1375149776333978,-0.015362481949644076,-0.10331322075742026,0.13524475164253535,0.13371315178584814,-0.4287633280968261,0.7427802331092468,0.0
11.751751751751751,-0.40401898406229286,0.1892809428454919,0.7343957781881696,-0.13430451146646916,-0.017378079654719897,-0.10077988525379099,0.13517925827935887,0.13378259361078607,-0.4271387158496476,0.7400913286896452,0.0
11.771771771771771,-0.40029544657638216,0.18617687429553587,0.7317738377992681,-0.13109701944507426,-0.019278617857206998,-0.09502691012435541,0.13510149503715038,0.1338092513391143,-0.42549724089734603,0.7374126850193523,0.0
11.791791791791791,-0.3966419638033525,0.18267413865148344,0.7292151587761603,-0.12793395115538747,-0.021046795222674483,-0.08840886827337394,0.13498873556096752,0.13379716438341022,-0.4238389680425417,0.7347444078466331,0.0
11.811811811811811,-0.39306600474515824,0.1787979529097136,0.7267177531207759,-0.1248702827692196,-0.022698342755243253,-0.08257737662843893,0.13484059943296042,0.13376679324268856,-0.4221639627510075,0.7320866025105016,0.0
11.831831831831831,-0.38957450266715604,0.17457510390011083,0.7242788349126082,-0.1219459104083833,-0.024213564582569496,-0.07576109136631212,0.13467125751614908,0.13370880336414187,-0.4204722911490846,0.7294393739365621,0.0
11.851851851851851,-0.3861738777040528,0.17003124815516063,0.7218948934031628,-0.11919707547227124,-0.025610043657769282,-0.06982395375998926,0.1344739563710349,0.13363983169241597,-0.4187640200210709,0.7268028266328654,0.0
11.871871871871871,-0.3828700294631192,0.16519241204667903,0.7195618436683482,-0.11665248674072884,-0.026826676575160965,-0.06083164586958411,0.13426983555897082,0.13352802835395416,-0.41703921680658573,0.724177064685785,0.0
11.891891891891891,-0.3796682631619091,0.16008831506050666,0.7172748687163435,-0.11434874760023532,-0.027959017623482553,-0.05661705241607949,0.13402176207279884,0.1334377800264662,-0.41529794959790634,0.7215621917559061,0.0
11.911911911911911,-0.3765732359037616,0.15475136290737274,0.7150288316382588,-0.11230185390423635,-0.028929486672989013,-0.048523452475323005,0.13379212120843664,0.13332015159199084,-0.4135402871372809,0.7189583110739347,0.0
11.931931931931931,-0.3735891891272802,0.1492023388240728,0.7128184668250487,-0.11051824066050418,-0.029788069045763824,-0.04292911863874079,0.13353174867131729,0.1332062981818082,-0.41176629881421384,0.7163655254366219,0.0
11.951951951951951,-0.37071975443933863,0.1434717343970781,0.7106381232870195,-0.10901717690145894,-0.030483444478434547,-0.03476877163353635,0.1332833988328609,0.13307308352385416,-0.40997605466272624,0.7137839372027046,0.0
11.971971971971971,-0.36796807845852547,0.13758379904065932,0.7084820511293077,-0.10780360788558892,-0.031029502702429705,-0.02730291119975741,0.13302009481483346,0.1329331762291554,-0.4081696253585919,0.7112136482888661,0.0
11.991991991991991,-0.36533659354414827,0.131574245718859,0.7063441969471818,-0.10689270910629782,-0.03150378924988811,-0.02371432737292016,0.13273637753823145,0.13282488382087024,-0.40634708221654703,0.708654760165712,0.0
12.012012012012011,-0.3628272904561107,0.1254651544018804,0.7042186898233797,-0.10627535619010535,-0.031738521893754916,-0.011736632193340146,0.13251718921093153,0.132671197090177,-0.4045084971874738,0.7061073738537635,0.0
12.032032032032031,-0.36044173148980785,0.11927794831514076,0.7020999500913048,-0.10593698660374289,-0.03185666663078068,-0.005907236851288724,0.13224149137370303,0.1325351600553894,-0.402653942855561,0.7035715899194704,0.0
12.052052052052051,-0.3581806314339991,0.11305500279043942,0.699981851890963,-0.10590491001709319,-0.03176459608124409,0.004603527476829901,0.132022790098758,0.13239127084081856,-0.4007834924354383,0.7010475084712406,0.0
12.072072072072071,-0.35604414934149525,0.10682410462519168,0.6978590115032162,-0.10614201938734096,-0.03158200375171517,0.009129616476445907,0.1317662123023908,0.1322816714622497,-0.3988972197692855,0.6985352291554876,0.0
12.092092092092091,-0.35403166199937597,0.1006243671059655,0.6957260182885859,-0.10664966073151134,-0.03131241252863798,0.013479561153859305,0.13154181911100712,0.13220588069759812,-0.39699519932391764,0.6960348511526973,0.0
12.112112112112111,-0.3521422528638572,0.09447045677593953,0.6935784499144789,-0.10737841870535214,-0.030919411932903044,0.01965002978674698,0.13135103961726805,0.1321377556869106,-0.39507750618784526,0.6935464731735119,0.0
12.132132132132131,-0.35037470570754115,0.08837735781580336,0.6914125057596312,-0.10829720774238838,-0.030361500393672282,0.027895576961537678,0.13119099521329602,0.13206728769424703,-0.3931442160683094,0.6910701934548328,0.0
12.152152152152151,-0.34872729888704923,0.08237034102459606,0.6892248201848198,-0.10938427874057219,-0.029675868976561118,0.034281570855558205,0.1310315082928955,0.132013647881063,-0.391195405288294,0.6886061097559437,0.0
12.172172172172171,-0.34719768181742855,0.07648085348103338,0.6870123038729913,-0.11062581559142787,-0.028882141859709262,0.039686355842592926,0.13089103100697977,0.1319852959857542,-0.3892311507835118,0.6861543193546498,0.0
12.192192192192191,-0.34578305800869996,0.07073119043643031,0.6847725369466787,-0.11198834631562982,-0.027956808952591138,0.04626664535590656,0.13078797788155588,0.13197193297528012,-0.38725153009936697,0.6837149190434378,0.0
12.212212212212211,-0.3444802120645979,0.0651422972051026,0.6825038859343074,-0.1134325506185645,-0.026925762752317946,0.05155231001365934,0.1306965011889462,0.13197859426659186,-0.3852566213878945,0.681288005125655,0.0
12.232232232232231,-0.3432854426934802,0.05973846855588288,0.6802051971578585,-0.11493443882244496,-0.025793976211638838,0.056589327033955375,0.13063121369135663,0.13200679398128262,-0.3832465034046749,0.6788736734117078,0.0
12.252252252252251,-0.34219468143746085,0.054538062800969324,0.6778760314566703,-0.11645828505941368,-0.02453979221571481,0.06270919979620164,0.13060332209245185,0.1320491044694798,-0.38122125550572394,0.6764720192152778,0.0
12.272272272272271,-0.3412034713322014,0.04956050526297238,0.6755167184405292,-0.11796565080705526,-0.023182529254103527,0.06786314808056425,0.13059144727981808,0.13210940048330588,-0.37918095764436105,0.6740831373495608,0.0
12.292292292292291,-0.34030689102945383,0.04482901513737882,0.6731280980513972,-0.11943101945660192,-0.02173931772136425,0.07216057663696353,0.13059945977550003,0.1321906539738412,-0.3771256903680519,0.6717071221235218,0.0
12.312312312312311,-0.33949965163845286,0.0403619695500491,0.6707116184224248,-0.12082398144862015,-0.02019790086481168,0.07707084282762836,0.13064098774781366,0.13228692731484734,-0.3750555348152297,0.669344067338174,0.0
12.332332332332332,-0.3387761463219186,0.03617526582671236,0.668269446762558,-0.12210858299334067,-0.018554167476358227,0.08218666942267286,0.13071009651273596,0.1323959345589328,-0.3729705727120911,0.6669940662828743,0.0
12.352352352352352,-0.33813034129871894,0.03229025115998409,0.6658043471791277,-0.12325497917151156,-0.01688032628770243,0.08369205943279023,0.13076412947753413,0.13252580653031956,-0.37087088636936966,0.66465721173164,0.0
12.372372372372372,-0.33755585951681377,0.028724089095257057,0.6633191678562754,-0.12425896614261259,-0.015138769631707495,0.08707783279974643,0.1308620538489706,0.13266561706538144,-0.36875655867908713,0.662333595939488,0.0
12.392392392392392,-0.33704620343557073,0.02548280406215079,0.6608175459601643,-0.1250810948055565,-0.01332813685300427,0.09053163893516128,0.13097747369048163,0.13280991954383464,-0.36662767311128003,0.6600233106387904,0.0
12.412412412412412,-0.33659458710136725,0.02258081671017334,0.6583034376359762,-0.12570541620940215,-0.011478559187309643,0.0924788832847314,0.13109483795835114,0.13296374551038434,-0.3644843137107058,0.6577264470356556,0.0
12.432432432432432,-0.33619394852372303,0.02003192888220973,0.6557809608708095,-0.1261238382583343,-0.009606692982998757,0.09359331021554425,0.1312183977120215,0.13312381731313352,-0.36232656509352346,0.6554430958063259,0.0
12.452452452452452,-0.33583713041767477,0.01784090530241448,0.6532544070790549,-0.12632768958772697,-0.0076404578310777654,0.0983117575960495,0.13139794119489628,0.1332799837519697,-0.3601545124439536,0.6531733470935976,0.0
12.472472472472472,-0.3355167942301422,0.016016809376629294,0.6507288267935201,-0.1262790142767411,-0.005663815378181563,0.09883212264481002,0.1315435555620994,0.13344226213978042,-0.3579682415109155,0.6509172905032636,0.0
12.492492492492492,-0.33522527797154944,0.014575812929637815,0.6482088477413854,-0.1259989526067335,-0.0036416106272979874,0.10111023754417878,0.13172317453431975,0.1336032498906006,-0.3557678386046427,0.6486750151005755,0.0
12.512512512512512,-0.33495484052094193,0.013521872530375732,0.6456995674856808,-0.12546401278523017,-0.0015957152439502417,0.10229476916738726,0.13189845490196705,0.133759985713872,-0.35355339059327384,0.6464466094067263,0.0
12.532532532532532,-0.3346975223348382,0.012865909305187304,0.6432059417355456,-0.1246812875067618,0.0004289792449957651,0.10123472444730029,0.13205337176867257,0.1339133209135989,-0.35132498489942465,0.6442321613953574,0.0
12.552552552552552,-0.3344453073636463,0.012610748559595052,0.6407325582678681,-0.12366917338387373,0.002472549113345996,0.10217849341751148,0.13223220908488123,0.1340525649763658,-0.34908270949673637,0.6420317584890844,0.0
12.572572572572572,-0.3341901978430785,0.012755476028389806,0.6382841340529308,-0.12242121074686618,0.004486789997138425,0.1007120441896214,0.1323832888061491,0.13418266026964362,-0.34682665290640247,0.6398454875560465,0.0
12.592592592592592,-0.3339241631952453,0.013301732391658837,0.6358648229380063,-0.12096555574622878,0.0065116921600771776,0.10124510814693764,0.13255596295713323,0.13429614539288043,-0.34455690419367424,0.6376734349064767,0.0
12.612612612612612,-0.33363922141863145,0.014247088830694511,0.6334788365981434,-0.11929931699314263,0.00849484699082705,0.0991577415374935,0.13269651465224244,0.13439879621665857,-0.3422735529643445,0.6355156862892943,0.0
12.632632632632632,-0.3333273853685013,0.0155918025065063,0.6311297339350691,-0.11745513315371751,0.010461857486868028,0.098350524802049,0.13284547491401844,0.13448171595955127,-0.33997668936120956,0.6333723268887199,0.0
12.652652652652652,-0.3329808299664041,0.017327770104859426,0.6288208912044738,-0.11544213652976272,0.01242727254752744,0.09827075303297086,0.13299860490127638,0.13454580948502037,-0.3376664040605121,0.6312434413209129,0.0
12.672672672672672,-0.3325917407025229,0.019454463194058885,0.6265554525196556,-0.11327193424091182,0.014335523516045428,0.0954125484258992,0.13311620621695863,0.13459782752374394,-0.33534278826836006,0.6291291136306305,0.0
12.692692692692692,-0.3321523575225263,0.021969158999829694,0.6243358414128648,-0.11098055533953893,0.016212303887863058,0.0938390185908814,0.13323599702703212,0.13462415639690695,-0.33300593371712583,0.6270294272879089,0.0
12.712712712712712,-0.3316550822719853,0.02486376252704922,0.6221641211252683,-0.10858601437982383,0.017987849677596573,0.0887772894866759,0.1333049712148583,0.13463486854168993,-0.3306559326618258,0.6249444651847701,0.0
12.732732732732732,-0.33109249984569095,0.02812912131471766,0.6200413582900449,-0.10613814176116701,0.019680706782586942,0.08464285524951863,0.13336317353268545,0.13461533453349278,-0.3282928778764782,0.6228743096319481,0.0
12.752752752752752,-0.330457560963011,0.031746944133996965,0.6179680051630514,-0.10366765634967871,0.021242145654053468,0.07807194357332606,0.13337706672841346,0.1345767299938762,-0.3259168626504395,0.6208190423556392,0.0
12.772772772772772,-0.32974361289651355,0.03569740332487106,0.6159435691485884,-0.10122180072315287,0.022704995578810592,0.0731424962378563,0.13338702829898696,0.13450797216144297,-0.3235279807847221,0.6187787444942761,0.0
12.792792792792792,-0.3289445265694701,0.03995431635217366,0.6139670525677514,-0.09882582904184922,0.024068602645060347,0.06818035331248787,0.13338410413263796,0.13442072993661228,-0.321126326588292,0.616753496595325,0.0
12.812812812812812,-0.3280545905951134,0.044496798717836926,0.6120369924030015,-0.09650300823749541,0.0253429089083463,0.06371531316429735,0.13337630442842932,0.13431618178965676,-0.31871199487434476,0.6147433786121053,0.0
12.832832832832834,-0.32706853076843423,0.04930299133395887,0.6101515982108328,-0.0942697096084356,0.026564759957257045,0.06109255244553742,0.13338040444378232,0.13419219744223537,-0.3162850809565623,0.6127484699006331,0.0
12.852852852852854,-0.3259813899935319,0.054357038745117214,0.6083089696555465,-0.09213142776431102,0.027693023618285496,0.05641318305142274,0.13336273329112863,0.13406564770932325,-0.31384568064535046,0.6107688492164884,0.0
12.872872872872874,-0.32478841938426506,0.059648530463341065,0.6065068451929134,-0.09010622313165068,0.028685304161525985,0.049614027162024274,0.13331387335928355,0.13393157285838095,-0.3113938902440563,0.608804594711706,0.0
12.892892892892894,-0.32348533691171283,0.06515412362761151,0.6047423944639829,-0.08822253644652718,0.02960574778521653,0.04602218118452737,0.133279763364848,0.13376700573845318,-0.308929806545167,0.6068557839316904,0.0
12.912912912912914,-0.32206832890782944,0.07085040019416905,0.603012564584888,-0.08649149395474932,0.030385434807669715,0.038984351122659126,0.13321251208405557,0.1336102980391902,-0.30645352682648824,0.6049224938121548,0.0
12.932932932932934,-0.32053395597108425,0.07671864683725885,0.6013139329802718,-0.0849315802308085,0.03107333500206248,0.03439500971963822,0.1331546752469847,0.13342954726164477,-0.30396514884730286,0.6030048006760824,0.0
12.952952952952954,-0.3188792890324299,0.0827333469327179,0.5996428742163928,-0.08355293819394771,0.03162353958929063,0.02751022936140759,0.1330763483990145,0.1332562898760379,-0.3014647708445123,0.6011027802307145,0.0
12.972972972972974,-0.3171018228993548,0.0888733066537551,0.5979955794465143,-0.0823647384939272,0.03207040356913014,0.022343198991976045,0.1330053860989912,0.13306788147382378,-0.2989524915287595,0.5992165075645618,0.0
12.992992992992994,-0.3151995683119947,0.09511272936800372,0.596368140018951,-0.08137197137816525,0.03238881317873551,0.015920480480268347,0.13292610599789137,0.13288713254218437,-0.2964284100805295,0.5973460571444389,0.0
13.013013013013014,-0.31317097956474743,0.10142943736236393,0.594756649544935,-0.0805745237007984,0.032603130681341054,0.010715875130276763,0.13285516832915076,0.13269960265576725,-0.2938926261462366,0.5954915028125263,0.0
13.033033033033034,-0.31101496295161773,0.10780083065648441,0.5931572404784349,-0.07997045332500441,0.03266103521514967,0.002895226690431579,0.13276987813434074,0.13253367136358754,-0.2913452398342883,0.5936529177834532,0.0
13.053053053053054,-0.3087308930914651,0.11420349300763129,0.5915661656031838,-0.07955374376255495,0.032607928928772165,-0.0026553143188753417,0.1327000328949337,0.13235742793435867,-0.2887863517111338,0.591830374641408,0.0
13.073073073073074,-0.30631872798656185,0.120608255245164,0.5899797736801036,-0.07931959615401002,0.03243425823846567,-0.008683534515324706,0.13263600661177302,0.132195917380003,-0.2862160627972956,0.590023945337274,0.0
13.093093093093094,-0.3037788812740697,0.1269923356246073,0.5883947320031863,-0.07925208384586556,0.0321711714864437,-0.013154337601098028,0.13258949888865143,0.13203456424707175,-0.2836344745633782,0.5882337011857863,0.0
13.113113113113114,-0.3011122127552575,0.13333342594060907,0.5868079849274523,-0.07933735378669773,0.03181563587171712,-0.01777678073632954,0.13255329657635226,0.13188765671423025,-0.28104168892606546,0.5864597128627191,0.0
13.133133133133134,-0.29831987774521146,0.13961675050230357,0.5852168544291827,-0.07955652491348474,0.03132024130801172,-0.024769728185269582,0.1325133850297386,0.1317723528394458,-0.2784378082440939,0.5847020504020937,0.0
13.153153153153154,-0.2954034254159304,0.14582261646405356,0.5836190867391556,-0.07988838450135191,0.03071827401554826,-0.030098364623173196,0.13248974912102363,0.13165819775427223,-0.2758229353142152,0.5829607831934145,0.0
13.173173173173174,-0.29236491226392314,0.1519256576003642,0.5820127027307446,-0.0803192004205536,0.029996655609310884,-0.03608092031186863,0.1324753402419026,0.1315679655496283,-0.27319717336713445,0.5812359799789291,0.0
13.193193193193194,-0.2892068407258418,0.15790357690406798,0.5803962259567633,-0.08082383869906083,0.029205781330232827,-0.03954371395390224,0.1324843194558632,0.13147437940699963,-0.27056062606343795,0.5795277088509154,0.0
13.213213213213214,-0.2859321381189347,0.16373513034535384,0.5787684892247776,-0.08138683659928607,0.02833814963381147,-0.04338158482106808,0.13250507843378415,0.13140200299137592,-0.26791339748949816,0.5778360372489924,0.0
13.233233233233234,-0.2825439793074811,0.16940794057268016,0.5771288196928305,-0.08198347659736058,0.02738548538081885,-0.0476332126496309,0.13253482348664475,0.1313498096747974,-0.265255592153367,0.5761610319574584,0.0
13.253253253253254,-0.27904582967320657,0.174907481713726,0.5754769825146463,-0.08259185890921025,0.026352496500962327,-0.05164944399282571,0.13257608298584794,0.1313128288291066,-0.262587314980648,0.5745027591026541,0.0
13.273273273273274,-0.27544146585529916,0.18021819089537142,0.5738131448075787,-0.0831918853533799,0.02523567396360898,-0.05584112686766761,0.13262742698624205,0.13129558407331923,-0.2599086713103547,0.5728612841503524,0.0
13.293293293293294,-0.2717349486679599,0.18532585936696291,0.5721379200658145,-0.08376123708820797,0.024018577789194084,-0.060854808720744336,0.13268649993829193,0.1313055822514373,-0.257219766890753,0.5712366719031737,0.0
13.313313313313314,-0.2679307023414184,0.19021231632707347,0.5704524438631935,-0.08427381013105192,0.02275265555381159,-0.06329611176912439,0.1327647329416047,0.13131005139530472,-0.25452070787518555,0.5696289864980282,0.0
13.333333333333334,-0.26403342683410336,0.19486377536575314,0.568758058277951,-0.08471927926212647,0.021343629859617713,-0.07045128470969354,0.13283786178170773,0.1313808254687599,-0.2518116008178805,0.5680382914035824,0.0
13.353353353353354,-0.2600481216376855,0.1992652598208936,0.5670570104615271,-0.08505239082119648,0.019892746157466987,-0.07254418510753571,0.1329372166995928,0.13142424684674966,-0.24909255266974567,0.5664646494177551,0.0
13.373373373373374,-0.2559802820411534,0.20339197982660306,0.5653515367314598,-0.08527368650336739,0.018380715182892107,-0.07560154872874356,0.13304103457153016,0.13149353738185446,-0.24636367077414584,0.5649081226652373,0.0
13.393393393393394,-0.251835559240549,0.20723614003022114,0.5636443183005105,-0.08536092154746137,0.016799443191240555,-0.07906359958257733,0.13314873398553487,0.1315827343911807,-0.24362506286266597,0.5633687725950398,0.0
13.413413413413414,-0.24761988201747642,0.21078386115362954,0.5619383850515027,-0.08529666245039307,0.015193412567574385,-0.08030153118330817,0.13326696521164522,0.13166395459752162,-0.24087683705085763,0.5618466599780683,0.0
13.433433433433434,-0.24333941464106876,0.21402336882038364,0.5602368004856831,-0.08507922829098025,0.013543603597917876,-0.08249044848282498,0.1333831922222896,0.13176510849448847,-0.23811910183396973,0.5603418449047219,0.0
13.453453453453454,-0.23900040481621856,0.21695049124250954,0.5585428855186347,-0.0846957483524207,0.011827644852492632,-0.08579793727126189,0.13349806266085892,0.13189129928113302,-0.23535196608266623,0.5588543867825233,0.0
13.473473473473474,-0.23460931450829314,0.21955451539627055,0.5568603042143283,-0.08412906521532322,0.010083570521435077,-0.08720371655287742,0.13361973123761017,0.1320119257169162,-0.2325755390387293,0.5573843443337725,0.0
13.493493493493494,-0.23017285883336036,0.22182278374663855,0.555192731460276,-0.08337863770261154,0.00831909862794918,-0.08822359467429465,0.13373874181602524,0.13213585843802278,-0.22978993031074382,0.5559317755932277,0.0
13.513513513513514,-0.22569786900286687,0.22374949152467488,0.5535438414249991,-0.0824445017638429,0.006539182196716132,-0.08899582156165174,0.13385250514013805,0.1322623464438238,-0.22699524986977346,0.5544967379058161,0.0
13.533533533533534,-0.2211913453933156,0.22532618047756217,0.5519172572131047,-0.0813292105947194,0.004835891114130955,-0.08516455412925841,0.13396761355751124,0.13233848011303226,-0.22419160804501637,0.5530792879243682,0.0
13.553553553553554,-0.21666024164706282,0.22655518731264018,0.5503158641115244,-0.0800696550790113,0.003126339015651022,-0.08547760492399618,0.13405426754797584,0.13244684892797381,-0.2213791155194508,0.551679481607382,0.0
13.573573573573574,-0.2121112215884387,0.2274510029312057,0.5487425895329873,-0.0786637289268591,0.0013795091627629723,-0.08734149264440201,0.13413351004973878,0.13257997741136135,-0.21855788332546666,0.5502973742168146,0.0
13.593593593593594,-0.20755102438422615,0.22800986021062805,0.5472006065697675,-0.07709914816098522,-0.0003656265582984985,-0.08725678605307309,0.13421558548443943,0.13270323099764272,-0.21572802284047946,0.5489330203158986,0.0
13.613613613613614,-0.20298654255327092,0.22822409154776174,0.5456929726806633,-0.07538169445521328,-0.0020854632448221067,-0.08599183432617993,0.1342887046718454,0.13281268322605402,-0.21288964578253647,0.5475864737669903,0.0
13.633633633633634,-0.19842467419542567,0.22809341789226226,0.5442223961255512,-0.07352882775560478,-0.003758304969329075,-0.08364208622534797,0.13434801622647313,0.13290317938606316,-0.21004286420590307,0.5462577877294414,0.0
13.653653653653654,-0.19387218354524474,0.22762453250904668,0.5427910879327214,-0.07156540964149352,-0.005410668109707183,-0.08261815701890488,0.13438607049455442,0.1329986336963288,-0.20718779049664218,0.5449470146575022,0.0
13.673673673673674,-0.18933571266267984,0.22682354412824451,0.5414010066407485,-0.06950406459864028,-0.006987780607022186,-0.07885562486574979,0.1344181800452786,0.13306102547187884,-0.2043245373681744,0.5436542062982486,0.0
13.693693693693694,-0.18482172802272268,0.22569923199785835,0.540053522241454,-0.06737421996472516,-0.008558729771578226,-0.07854745822780156,0.13442009025210983,0.13314643967206963,-0.2014532178568314,0.5423794136895412,0.0
13.713713713713714,-0.18033649736000826,0.2242615331357213,0.5387498896560455,-0.06518162927042447,-0.010049782550714075,-0.07455263895679175,0.13442489260636611,0.13319594995621156,-0.19857394531739014,0.5411226871580094,0.0
13.733733733733734,-0.17588619563498095,0.22251508625136548,0.537490865081908,-0.06295122870687365,-0.011489022344791194,-0.0719619897038554,0.13440271022728315,0.13324335924761235,-0.1956868334186012,0.5398840763170648,0.0
13.753753753753754,-0.1714766944277306,0.22047506036251707,0.536276767229437,-0.06070489262355246,-0.012868364667861069,-0.06896711615349325,0.13436834746836418,0.13328093571753796,-0.19279199613869846,0.5386636300649427,0.0
13.773773773773774,-0.1671136313485078,0.21815315396114146,0.5351075822487301,-0.05845924903533933,-0.014204238313869164,-0.06679368230040457,0.1343166033780067,0.13331949482754785,-0.18988954776090053,0.537461396582771,0.0
13.793793793793794,-0.162802384708025,0.21556233202413988,0.5339830482152387,-0.05622670167457397,-0.0155173137084955,-0.06565376973131652,0.13425047606823412,0.13336623609426634,-0.18697960286889995,0.5362774233326693,0.0
13.813813813813814,-0.15854821679508863,0.2127083956468179,0.5329028062616114,-0.05401209768136786,-0.01674976831157827,-0.061622730154138015,0.1341848039292486,0.13338401890973364,-0.1840622763423389,0.5351117570558743,0.0
13.833833833833834,-0.1543562447414794,0.20959860268046068,0.5318660696403541,-0.051836831062864075,-0.017915798615600314,-0.05830151520110157,0.13409422386164907,0.13339195719660882,-0.18113768335227293,0.5339644437708946,0.0
13.853853853853854,-0.1502313030340825,0.20624708536984582,0.5308715353846926,-0.04972671278307508,-0.018968532057535563,-0.05263667209676207,0.13399831150265643,0.13336877825789417,-0.17820593935662563,0.5328355287716942,0.0
13.873873873873874,-0.14617787667686746,0.20267131786075238,0.5299173593767371,-0.047708800397774406,-0.019956897991089018,-0.0494182966776728,0.1338716142324643,0.13335035465825743,-0.17526716009562956,0.5317250566259039,0.0
13.893893893893894,-0.1421999992305326,0.19889387231674427,0.5290013151673599,-0.04580221046885836,-0.020892205014606962,-0.046765351175896516,0.1337370205734267,0.1333374641231094,-0.17232146158725833,0.5306330711730629,0.0
13.913913913913914,-0.1383015183191519,0.1949240455690334,0.528121142091992,-0.04400865376839614,-0.021699143468258783,-0.04034692268259102,0.1336133045022964,0.13329036327773308,-0.16936896012264568,0.5295596155228872,0.0
13.933933933933934,-0.13448604637338155,0.19077359728851773,0.5272742345022203,-0.04234537948858525,-0.02235242974286914,-0.03266431373051772,0.13347669908377435,0.1332129518125682,-0.1664097722614935,0.5285047320535678,0.0
13.953953953953954,-0.1307566234185389,0.18647114774213347,0.5264573545801792,-0.04084399610205655,-0.0228879355073479,-0.026775288223938043,0.1333190496771514,0.13313606526822502,-0.16344401482747117,0.5274684624100976,0.0
13.973973973973974,-0.1271156344579148,0.18204944803120401,0.5256669717408591,-0.03951914196600698,-0.02336118137392309,-0.02366229332875934,0.1331482648061129,0.13308319216913456,-0.16047180490360488,0.5264508475026279,0.0
13.993993993993994,-0.12356507735351656,0.17752785521991152,0.5248997255879753,-0.03836230764419249,-0.023718363768923913,-0.01785911975004156,0.13300225345143338,0.13302157210942042,-0.1574932598276523,0.5254519275048526,0.0
14.014014014014014,-0.12010665830908898,0.17292095222137904,0.5241524977803214,-0.037361390382694065,-0.023981304375275573,-0.013147030317583002,0.13284617646216235,0.1329631738292916,-0.15450849718747378,0.5244717418524232,0.0
14.034034034034034,-0.1167416392764691,0.1682509516309935,0.5234220786665752,-0.03652095568730967,-0.02414272439686536,-0.008071001079489534,0.13269796158867156,0.1329072179892471,-0.15151763481638725,0.5235103292413907,0.0
14.054054054054054,-0.11347092275244208,0.16353582620135082,0.5227054196724694,-0.03583294970529135,-0.0241895124684602,-0.002339403579742115,0.1325583317763082,0.13284926455002558,-0.1485207907885175,0.5225677276266785,0.0
14.074074074074074,-0.11029500037795917,0.1587961187241455,0.5219995792097565,-0.035292023135645334,-0.024129524852957968,0.002999380775112079,0.1324210685957184,0.13279568519097928,-0.14551808341413613,0.5216439742205848,0.0
14.094094094094094,-0.10721388168313171,0.15405593474137277,0.5213017263632996,-0.03489264232284184,-0.024002356962199857,0.006358394537905269,0.13227894963932693,0.13276086226132863,-0.14250963123498805,0.520739105491312,0.0
14.114114114114114,-0.10422722613691764,0.14933277731070366,0.520609246228744,-0.03462400672777968,-0.02376373891429734,0.01193090239512595,0.13216690347295865,0.1327251107633279,-0.1394955530196148,0.5198531571615286,0.0
14.134134134134134,-0.10133437293521512,0.14464266008512563,0.5199199618573664,-0.03446421856887965,-0.023461782268417015,0.015097832294016098,0.13204231318815837,0.13270467866277033,-0.13647596775866255,0.5189861642069571,0.0
14.154154154154154,-0.09853427316102491,0.14000498870951075,0.5192317477383142,-0.03441070595261481,-0.02307453781240312,0.019362222800694086,0.1319414714936983,0.13269133539125583,-0.1334509946601879,0.5181381608549952,0.0
14.174174174174174,-0.09582562691281324,0.13543231241058373,0.5185429406706689,-0.034440353382265365,-0.022607742237601442,0.023339778740083954,0.13184727011504802,0.13268454015512413,-0.13042075314494833,0.517309180583363,0.0
14.194194194194194,-0.09320682732771035,0.13093997925514414,0.5178520801288126,-0.034543027092813254,-0.02204534818630583,0.028119702564779952,0.13177202881286282,0.13268160257685338,-0.12738536284169116,0.5164992561187824,0.0
14.214214214214214,-0.09067594435098231,0.1265441488364023,0.5171580499842778,-0.03470150722673789,-0.02140363397639301,0.032085710495640726,0.13170146755613774,0.13268833973437433,-0.12434494358242722,0.5157084194356845,0.0
14.234234234234235,-0.08823066757934793,0.12226383858171916,0.516459954114055,-0.034904793511141556,-0.020706408575391688,0.034861270050065396,0.13163521693762045,0.13271016671211383,-0.12129961539770373,0.5149367017549471,0.0
14.254254254254255,-0.0858684386912578,0.11811144440450635,0.515757189141554,-0.035138248625051736,-0.019913402891007407,0.0396502842192139,0.13160222963608822,0.1327336637524702,-0.11824949851186255,0.5141841335426631,0.0
14.274274274274275,-0.08358645935927106,0.11409896659933723,0.5150496719868041,-0.03537585773749902,-0.01904356881015017,0.04349170404286124,0.13157226779058948,0.132765098195986,-0.11519471333829526,0.5134507445089367,0.0
14.294294294294295,-0.08138156950541171,0.11024449269296699,0.5143374875294048,-0.0356092228699629,-0.01810195407637499,0.047080736688758285,0.13155673413803767,0.132807204859603,-0.11213538047469031,0.5127365636067114,0.0
14.314314314314315,-0.0792503185574991,0.1065625473956305,0.5136210957188502,-0.035819590527727985,-0.017093153949887935,0.05044000632435242,0.1315544515576823,0.13285823339662164,-0.10907162069827119,0.5120416190306263,0.0
14.334334334334335,-0.0771890278276643,0.10306453649173991,0.5129012870885169,-0.03599043151666124,-0.015977735909620237,0.05577090201338455,0.1315875285599446,0.13290995300640884,-0.10600355496102742,0.5113659382159033,0.0
14.354354354354355,-0.07519369966961996,0.09976640790221762,0.5121793872376015,-0.036094992545768784,-0.014806770090490268,0.05854829095649746,0.13161069690133953,0.13297488374342856,-0.10293130438494096,0.5107095478372641,0.0
14.374374374374375,-0.07325993862749638,0.09668805210617906,0.5114567734399522,-0.03613068988246396,-0.013591033245950103,0.06078684222700758,0.13164649528445146,0.1330514501520844,-0.09985499025720355,0.5100724738078766,0.0
14.394394394394395,-0.07138317433461736,0.0938382146439512,0.5107351808233338,-0.036079630830923574,-0.01230198006963422,0.06445265881579346,0.13171041385411436,0.13312855891052863,-0.09677473402542994,0.5094547412783329,0.0
14.414414414414415,-0.06955860686677265,0.09122837339223526,0.5100167661788464,-0.035920732224367674,-0.010988002686628476,0.06569886915028626,0.13176170950017435,0.13321502268122445,-0.09369065729286231,0.5088563746356556,0.0
14.434434434434435,-0.06778117935301523,0.08887137568787105,0.5093036357094016,-0.035656523472240735,-0.009643749335220287,0.06721266757040867,0.13182816979737708,0.1333052628341482,-0.09060288181356888,0.5082773975023351,0.0
14.454454454454455,-0.06604574891715766,0.08677152179287835,0.5085981708279654,-0.03527324407180759,-0.008259033669829526,0.06923578326953714,0.1319085699339028,0.1333938084685929,-0.08751152948763798,0.5077178327353973,0.0
14.474474474474475,-0.06434706732714605,0.08493407950058017,0.5079029287863116,-0.034762102082689164,-0.006818455055058303,0.07202893073856008,0.13200709328327712,0.13347991233650003,-0.08441672235636707,0.5071777024255011,0.0
14.494494494494495,-0.06267965783445467,0.08337047463456937,0.5072206934264296,-0.03411176799409864,-0.005386295845350263,0.07160796048540088,0.13208103571490398,0.13357342129642455,-0.0813185825974417,0.5066570278960659,0.0
14.514514514514515,-0.06103788577186287,0.08208860312958986,0.5065539881661154,-0.033335263015707814,-0.003931364416259584,0.07274657145453273,0.1321777417816679,0.13366120034301923,-0.07821723252011552,0.5061558297024311,0.0
14.534534534534535,-0.05941612473442463,0.0810880518719119,0.5059055804739494,-0.03242038460830034,-0.002463947359982832,0.07337085281383623,0.13227275866139948,0.13374418314318057,-0.07511279456037881,0.505674127631043,0.0
14.554554554554555,-0.05780865781032018,0.08037334620522259,0.5052781340570134,-0.03137232084680164,-0.0009895399598388254,0.07372037000719892,0.1323695914907545,0.13382300890822915,-0.07200539127612612,0.5052119406986746,0.0
14.574574574574575,-0.05620973141865793,0.0799463195831125,0.5046742697492164,-0.030193215389851025,0.000501370145238229,0.07454550525385117,0.13247496188256452,0.13389416803932325,-0.06889514534231926,0.5047692871516745,0.0
14.594594594594595,-0.05461351343040511,0.07981089941264079,0.5040966128415526,-0.02888284538318971,0.0019630629766183316,0.07308464156900345,0.13255824349579712,0.13396359413471787,-0.06578217954614124,0.5043461844652467,0.0
14.614614614614615,-0.053014151934273224,0.07996807480659432,0.5035474271062214,-0.0274592867665611,0.0034175442538411926,0.07272406386114122,0.13265162355487367,0.13402060804773241,-0.0626666167821523,0.5039426493427611,0.0
14.634634634634635,-0.051405903315895035,0.08041243091890944,0.5030289334860982,-0.025924681006155012,0.004868231172320042,0.07253434592394052,0.13274564300978203,0.13406641978428732,-0.059548580047434796,0.5035586977150932,0.0
14.654654654654655,-0.04978304201023267,0.08114306528311832,0.5025431880832394,-0.024287270142942508,0.006304573492179881,0.07181711599298976,0.13283409846105385,0.1341038166248394,-0.056428192436740965,0.5031943447399958,0.0
14.674674674674675,-0.04813982912368805,0.08216064432723089,0.5020920315977325,-0.022557824275344418,0.007690990994685761,0.06932087512529167,0.13290125301891884,0.13413476202054336,-0.05330557713762983,0.5028496048015005,0.0
14.694694694694695,-0.046470606503017924,0.08346113103350637,0.5016768856015652,-0.020757299808366627,0.009029617904931038,0.06693134551226132,0.13296223366537918,0.1341513812779638,-0.05018085742560752,0.5025244915093499,0.0
14.714714714714715,-0.04476994974838544,0.085032837731624,0.5012988613078841,-0.018901214684052002,0.010352674623807139,0.06615283594380228,0.13303339804318884,0.13414927927890102,-0.04705415665925698,0.50221901769846,0.0
14.734734734734735,-0.043032578597053533,0.0868685575665953,0.5009589375350914,-0.01699618863964038,0.01162746787760232,0.06373966268975619,0.1330855180150925,0.1341409014434368,-0.043925598275371604,0.5019331954284137,0.0
14.754754754754755,-0.041253287893666966,0.08896453516932827,0.5006577115283276,-0.015061300338189577,0.012843252202386218,0.06078921623919164,0.1331259820796953,0.13412122226363835,-0.04079530578407899,0.5016670359829851,0.0
14.774774774774775,-0.039427110390537375,0.0913088751564797,0.5003954357275174,-0.01311379004051023,0.01403242263425183,0.05945852159327682,0.1331751987073143,0.13408207870839547,-0.037663402763966326,0.5014205498696931,0.0
14.794794794794795,-0.03754927175035887,0.09389193200892519,0.5001722004569499,-0.011161763528380112,0.015164070676358221,0.05658240210531592,0.13320598094816888,0.13403694421844717,-0.03453001285720262,0.5011937468193874,0.0
14.814814814814815,-0.03561513339964291,0.09670691753579776,0.49998772984334744,-0.009223530680121961,0.016241843516052082,0.0538886419846892,0.13323167701603336,0.1339780907003156,-0.031395259764656604,0.5009866357858642,0.0
14.834834834834835,-0.03362025818509637,0.09974376072732699,0.49984146731849083,-0.0073131262428293275,0.017232395243837222,0.049527586389252476,0.13323462362672323,0.13391295706764225,-0.02825926724101237,0.5007992249455124,0.0
14.854854854854855,-0.031560457503173246,0.10299003409615615,0.4997324247201464,-0.005452129917221545,0.018141659751194767,0.045463225367872326,0.13323036113090853,0.13383318757567952,-0.025122159089885084,0.5006315216969912,0.0
14.874874874874875,-0.029431939102258754,0.10642592004572454,0.49965929170254647,-0.003656650879995633,0.019011619138157288,0.04349796934812132,0.133238196642846,0.13373329153829716,-0.021984059158932506,0.5004835326609376,0.0
14.894894894894895,-0.02723117122518997,0.11003839385343929,0.4996206410046827,-0.001932534893189849,0.019795134662420878,0.039175776213174134,0.1332239621831485,0.1336368041125673,-0.018845091334967076,0.5003552636797053,0.0
14.914914914914915,-0.024954824343710408,0.11381734407397816,0.4996147686838386,-0.00029361604220442573,0.020503043713568397,0.03539545255736979,0.13320767631835673,0.13352819065599375,-0.01570537953906415,0.5002467198171342,0.0
14.934934934934935,-0.022599878369674493,0.11774729870179573,0.4996397646416414,0.0012497978901407085,0.021100344804084785,0.02986505452581298,0.13317194737688445,0.13342085307672857,-0.012565047721668937,0.50015790535835,0.0
14.954954954954955,-0.02016366689608606,0.12181057367942172,0.4996934534582405,0.002684440829956959,0.021613541349544303,0.025659827272969588,0.13314035156975224,0.1332996489662163,-0.009424219857704037,0.5000888238095955,0.0
14.974974974974975,-0.017643929054922274,0.1259868920581893,0.4997735228662734,0.004003470401644434,0.022019018703368892,0.020273867691222573,0.13309766707703022,0.13318194044090415,-0.0062830199416764486,0.5000394778980919,0.0
14.994994994994995,-0.015038812514744529,0.13025582700888727,0.49987755396797856,0.0052015550852574895,0.022373897444515966,0.017743937057346348,0.13307454581488828,0.13304565439399232,-0.003141571982779372,0.5000098695719315,0.0
15.015015015015015,-0.012346804097668179,0.13460042085381746,0.5000031508523655,0.006279844219343968,0.02262040516351783,0.01232538595008571,0.1330338621168678,0.13292792627209923,-9.184850993605148e-17,0.5,0.0
15.035035035035035,-0.009566665287798575,0.13900694049348014,0.5001479362121444,0.00723926798894331,0.02280079013457365,0.009019248552782565,0.13300669489048503,0.13279665055493048,0.0031415719827791884,0.5000098695719315,0.0
15.055055055055055,-0.006697548946792654,0.14345581705029606,0.5003095414956915,0.008080264177358706,0.022900069262456153,0.004963956394116756,0.1329778107058769,0.1326727486538092,0.0062830199416762655,0.5000394778980919,0.0
15.075075075075075,-0.0037388329936064585,0.14793579765930978,0.5004856876632686,0.008807308378853499,0.022877431828115108,-0.0011318717170608833,0.13293725655978736,0.13256556286602936,0.009424219857703853,0.5000888238095955,0.0
15.095095095095095,-0.0006902234500415255,0.15243047717824665,0.5006741776216634,0.009424497919741509,0.022724518854841964,-0.007645648663665658,0.13289453043898666,0.13246637047386475,0.012565047721668754,0.50015790535835,0.0
15.115115115115115,0.0024480017242171953,0.15691125871293604,0.5008729114624338,0.009936692038522928,0.022532219131877324,-0.009614986148240738,0.1328830207008947,0.13234226171679028,0.015705379539063966,0.5002467198171342,0.0
15.135135135135135,0.005675147331012806,0.16135728033978056,0.5010798942468855,0.010349139222581162,0.022257479788974334,-0.013736967145158416,0.13286794477208372,0.13224309853824068,0.018845091334967336,0.5003552636797054,0.0
15.155155155155155,0.008990310667732322,0.16575816683597586,0.5012934510698565,0.010677841148549529,0.021938672996464858,-0.01594033962548243,0.13286852299622723,0.13213642666314313,0.021984059158932322,0.5004835326609376,0.0
15.175175175175175,0.012392344279685375,0.17010168059765268,0.5015120347261873,0.010929182816546174,0.02152276040454687,-0.020795629595908326,0.13286135313957723,0.13205860193149666,0.0251221590898849,0.5006315216969912,0.0
15.195195195195195,0.0158798938887977,0.17437748045561635,0.5017344139962848,0.011118963504871982,0.021026286556291646,-0.0248236924127698,0.1328629284455398,0.13198343134351823,0.028259267241012187,0.5007992249455124,0.0
15.215215215215215,0.01945124552965409,0.17856758204281944,0.501959534301512,0.011256015261356642,0.02044474653412221,-0.029077001108479637,0.13286999092154436,0.1319213328349473,0.03139525976465686,0.5009866357858642,0.0
15.235235235235235,0.023104372857053836,0.1826563663699872,0.5021866219128882,0.011354380568809544,0.019782774229718084,-0.0330986152202143,0.13288486474111558,0.13186938646419857,0.03453001285720288,0.5011937468193874,0.0
15.255255255255255,0.026836924172226183,0.18662756575861741,0.5024151750224503,0.011427655478103826,0.019045016918705283,-0.0368878655506476,0.13290792097441528,0.13182822464391653,0.037663402763966146,0.5014205498696931,0.0
15.275275275275275,0.03064622191163143,0.19046488697026234,0.5026449776724992,0.011490132502446024,0.018254403249133976,-0.03953068347857211,0.13294292562606513,0.13178938620668681,0.040795305784078806,0.5016670359829851,0.0
15.295295295295295,0.03452934272754879,0.1941560407958678,0.5028760292470245,0.011552578726266362,0.017380647008297286,-0.04368781204184096,0.1329781513624119,0.13177619148541397,0.04392559827537187,0.5019331954284139,0.0
15.315315315315315,0.038483093973992244,0.19768756232217266,0.5031087139018908,0.011634232743317558,0.016480817370570413,-0.04499148188634877,0.13303102962435118,0.13174947461581213,0.047054156659257246,0.50221901769846,0.0
15.335335335335335,0.04250406748016297,0.20104867530853646,0.5033434802143476,0.011738315622839788,0.015480346515685521,-0.050023542744248584,0.13307494142954043,0.13176842687511342,0.050180857425607336,0.5025244915093499,0.0
15.355355355355355,0.04658869032816958,0.20423114240033033,0.5035813191355897,0.01189194606210374,0.0144170043371465,-0.053167108926954885,0.1331328229289285,0.1317859278570463,0.05330557713762965,0.5028496048015005,0.0
15.375375375375375,0.05073304702054532,0.20721783461878715,0.5038234100376571,0.01210454510336839,0.013266558387023942,-0.057522297506130735,0.1331927345443522,0.1318300541267925,0.056428192436740784,0.5031943447399958,0.0
15.395395395395395,0.05493297235791995,0.20999626686873127,0.5040713564456951,0.012397320401904253,0.012031007243613947,-0.06177755717050145,0.13325951195067945,0.13189042680021823,0.05954858004743506,0.5035586977150932,0.0
15.415415415415415,0.05918392712008239,0.21254773810812233,0.5043271044195136,0.012787398690924498,0.010752081852397417,-0.0639462695608274,0.1333384414224959,0.13194581819366039,0.06266661678215212,0.503942649342761,0.0
15.435435435435435,0.06348100899434131,0.2148540937129461,0.5045927051421426,0.013280036131452224,0.009482696515177013,-0.06346926686102017,0.1334259432619493,0.1319822888680693,0.06578217954614106,0.5043461844652467,0.0
15.455455455455455,0.0678192193195504,0.21691051626045424,0.5048700523939275,0.01386736258924106,0.008175205253448878,-0.06537456308640577,0.13350184976169577,0.13204449619184022,0.06889514534231908,0.5047692871516745,0.0
15.475475475475475,0.07219353842734876,0.21871595538991803,0.5051612427105378,0.01455951583051379,0.006866132380143297,-0.06545364366527755,0.13358300039072218,0.13209600902025928,0.07200539127612593,0.5052119406986745,0.0
15.495495495495495,0.07659883365546521,0.2202647614058227,0.5054682868237036,0.015352205658292956,0.005537538042053746,-0.06642971690447518,0.1336581094455241,0.13216020327057962,0.07511279456037863,0.505674127631043,0.0
15.515515515515515,0.081029958799056,0.22155625717953953,0.5057932871872621,0.01625001817792766,0.004189228732240125,-0.06741546549067821,0.13373150433519873,0.1322311213138371,0.07821723252011534,0.5061558297024311,0.0
15.535535535535535,0.08548171588464282,0.22258785427934097,0.5061384141860343,0.017256349938607484,0.002798368364310164,-0.06954301839649486,0.13380008099883325,0.1323215801385865,0.08131858259744151,0.5066570278960659,0.0
15.555555555555555,0.08994879364594541,0.22335388806512943,0.5065060497177177,0.0183817765841694,0.0013916559369906408,-0.07033562136597266,0.13387208328147115,0.1324083247158067,0.0844167223563669,0.507177702425501,0.0
15.575575575575575,0.09442571892362957,0.22384626388420803,0.5068985647367333,0.019625750950781493,-2.193268090007994e-05,-0.07067943089453249,0.13393984114077412,0.1324941249959765,0.0875115294876378,0.5077178327353973,0.0
15.595595595595595,0.09890693156176042,0.22406063190654263,0.5073182458021879,0.02098405327272778,-0.0014133734263785107,-0.06957203727391814,0.13400387409805137,0.13256545303517892,0.0906028818135687,0.5082773975023351,0.0
15.615615615615615,0.10338687312184888,0.22399707800442303,0.5077671020834812,0.022442814064663523,-0.0027966728687501777,-0.0691649721185802,0.13405467412371355,0.13264012726686122,0.09369065729286213,0.5088563746356556,0.0
15.635635635635635,0.10786008839758136,0.22366076378662408,0.5082469885131091,0.02399432148139737,-0.00419328831369953,-0.06983077224746492,0.13409476913083576,0.13272713652790283,0.0967747340254302,0.509454741278333,0.0
15.655655655655655,0.11232113792823106,0.22305247653248492,0.5087597766049856,0.02563940459382294,-0.00559526848252912,-0.07009900844147741,0.13413094916847362,0.13281521854460823,0.09985499025720337,0.5100724738078766,0.0
15.675675675675675,0.11676451487729675,0.2221688474532844,0.5093072879675328,0.027375568127360136,-0.006981141621724804,-0.06929365695978289,0.13416175926319915,0.1328933858785854,0.10293130438494077,0.510709547837264,0.0
15.695695695695695,0.12118471241964453,0.2210098771173889,0.5098911099197252,0.02919109760961967,-0.008357677237566884,-0.06882678079210354,0.13417905999554544,0.13297134633529908,0.10600355496102724,0.5113659382159033,0.0
15.715715715715715,0.12557625291446842,0.21957702474119406,0.5105126192258581,0.03107546530664698,-0.009690054960995925,-0.0666188861714524,0.13419031946991022,0.1330288793625476,0.10907162069827145,0.5120416190306263,0.0
15.735735735735735,0.12993371106316254,0.21787290743470641,0.5111727932157473,0.03300869949445588,-0.010970633245637103,-0.06402891423206056,0.13418588054215136,0.13307218841376456,0.11213538047469057,0.5127365636067114,0.0
15.755755755755755,0.1342518819062778,0.21590854215576258,0.5118721601192153,0.034968345173400965,-0.012233908627339907,-0.06316376908514269,0.13416096434156438,0.13312468003562392,0.11519471333829508,0.5134507445089367,0.0
15.775775775775776,0.13852573464881662,0.21369263712694087,0.5126110760594863,0.03694579701354829,-0.013459862312846014,-0.06129768427530841,0.1341316074834678,0.1331679435445965,0.11824949851186237,0.514184133542663,0.0
15.795795795795796,0.14275033103814283,0.21122981946630975,0.5133896890088449,0.03893064746792525,-0.01465462549842383,-0.05973815927889514,0.1340882566634639,0.13320875806588156,0.12129961539770398,0.5149367017549471,0.0
15.815815815815816,0.1469208513777999,0.2085260169828527,0.514207899028964,0.040910501005958416,-0.01578347502148023,-0.056442476152824564,0.13403984921072262,0.13322865092230027,0.12434494358242747,0.5157084194356845,0.0
15.835835835835836,0.1510326688150676,0.2055908718633863,0.5150652172211702,0.04286590961030914,-0.016887430587727986,-0.05519777831239294,0.13396704771371576,0.13325718183855068,0.12738536284169097,0.5164992561187824,0.0
15.855855855855856,0.15508135393704728,0.20243425609898358,0.5159609197844764,0.04478512816531331,-0.01791354203741635,-0.05130557248442359,0.1338976077922373,0.1332611118800411,0.13042075314494816,0.517309180583363,0.0
15.875875875875876,0.1590626179476366,0.19906320052946552,0.5168939649508378,0.04665225831806727,-0.01886632825827511,-0.04763931104294359,0.13380976516109006,0.13325353279349286,0.13345099466018773,0.5181381608549951,0.0
15.895895895895896,0.1629725081369132,0.1954945094638298,0.5178628686277693,0.048445183846572926,-0.019762872776913208,-0.044827225931910415,0.13370675640316956,0.1332463658915572,0.1364759677586628,0.5189861642069571,0.0
15.915915915915916,0.16680734671145095,0.19174192872688847,0.5188659295532644,0.050153046274756134,-0.020585955082247302,-0.04115411526670967,0.13360067009391516,0.13322938837706935,0.1394955530196146,0.5198531571615285,0.0
15.935935935935936,0.17056370996726164,0.1878181627905349,0.5199012564358979,0.051766344131673796,-0.021348804535549007,-0.03814247266508948,0.13348163331185275,0.1332118943290245,0.14250963123498786,0.520739105491312,0.0
15.955955955955956,0.17423843823661186,0.18373641346751174,0.5209667613887342,0.05327524764181459,-0.02202132179799992,-0.033625863122549754,0.13336470600935113,0.13318012967287662,0.14551808341413597,0.5216439742205847,0.0
15.975975975975976,0.17782864594199815,0.1795103852693151,0.5220601788782434,0.05467087447545752,-0.0226158959543059,-0.02972870781530254,0.1332351624579569,0.1331456131106774,0.14852079078851732,0.5225677276266785,0.0
15.995995995995996,0.18133179283954062,0.17515734487712348,0.5231790213902225,0.05594212559895739,-0.023117707585761614,-0.025090581572788574,0.13310641685306393,0.13310375966638555,0.15151763481638708,0.5235103292413906,0.0
16.016016016016017,0.18474568584250853,0.17069465014839488,0.5243207098132694,0.05708442115234199,-0.023553340958633713,-0.02178166864360903,0.1329657515472497,0.133068495331982,0.15450849718747361,0.5244717418524232,0.0
16.036036036036037,0.1880684705755967,0.16613923665440852,0.5254825932276666,0.05809417071985799,-0.023902973143262556,-0.017481609231445733,0.13283295230119516,0.1330296455370171,0.1574932598276521,0.5254519275048526,0.0
16.056056056056057,0.19129856199754902,0.1615045710976167,0.5266620893279486,0.058974805014100594,-0.024163938071411345,-0.013048246407444399,0.13269946807458244,0.13298835691053337,0.16047180490360471,0.5264508475026278,0.0
16.076076076076077,0.1944347176853469,0.1568077843898939,0.5278565769533738,0.059724381271264865,-0.024336173628164672,-0.008611777837672752,0.13256728308411453,0.1329476818138219,0.163444014827471,0.5274684624100975,0.0
16.096096096096097,0.19747602171209666,0.15206520133748835,0.5290634712768666,0.0603447161746363,-0.024396768382094945,-0.0030297376965233835,0.13244642469448545,0.13290151438490228,0.16640977226149334,0.5285047320535678,0.0
16.116116116116117,0.20042194993220216,0.1472964110052753,0.530280282146812,0.0608405434972713,-0.02438124058853127,0.0007763896781692301,0.1323162255613811,0.13286661752968526,0.16936896012264593,0.5295596155228873,0.0
16.136136136136138,0.20327242662988676,0.14252383488422946,0.5315045586209843,0.06121382370861525,-0.024319092486578153,0.00310740509763552,0.13218498234614934,0.132849476424097,0.17232146158725858,0.5306330711730629,0.0
16.156156156156158,0.20602756650948975,0.13775699398014943,0.5327341045541525,0.06147729665840543,-0.02412008234087848,0.009950507284955439,0.13209806359295873,0.13281569141668992,0.17526716009562937,0.5317250566259037,0.0
16.176176176176178,0.20868780162154393,0.1330117556027095,0.5339671382125722,0.061651682920986245,-0.023891200250853114,0.01144410450123095,0.13197037808574116,0.1328068980293697,0.17820593935662546,0.5328355287716939,0.0
16.196196196196198,0.21125403014764438,0.12831142630502254,0.5352016571895518,0.06172594884897768,-0.02360923802961918,0.014098111061645779,0.13186871860365965,0.13280912420959162,0.18113768335227276,0.5339644437708945,0.0
16.216216216216218,0.21372719994977513,0.1236584901065381,0.5364362103701773,0.06172765903127619,-0.023208109166089813,0.020056443176403486,0.13180120235977294,0.1327989975164515,0.1840622763423387,0.5351117570558742,0.0
16.236236236236238,0.21610858535696129,0.11906927035930798,0.5376696740654562,0.06167318476394177,-0.022790134327912635,0.020898741908776566,0.13169533687239116,0.13281301803571896,0.18697960286889978,0.5362774233326691,0.0
16.256256256256258,0.21839982646151643,0.11456205522775685,0.5389007247806691,0.06155253576064665,-0.022299071446182855,0.024553144086385544,0.13162997818148353,0.13282959487207505,0.18988954776090075,0.537461396582771,0.0
16.276276276276278,0.22060259555387124,0.11013845461774004,0.5401286776761461,0.06139764477385454,-0.021690334633926063,0.030436840612714518,0.1315913867032047,0.13283797483636317,0.1927919961386983,0.5386636300649426,0.0
16.296296296296298,0.2227188557301466,0.10581300881376772,0.5413531286560754,0.06122254899646331,-0.020959162016898153,0.03655863085124616,0.13156778437372904,0.13284923344477606,0.19568683341860146,0.5398840763170649,0.0
16.316316316316318,0.2247510777726564,0.10161110212548992,0.5425739473402771,0.06104093421008073,-0.02016597290051139,0.03965945581916141,0.1315333233766295,0.13288074437099573,0.19857394531739037,0.5411226871580095,0.0
16.336336336336338,0.22670213274863485,0.09755274879892284,0.5437911511076206,0.060860188367175466,-0.019267055459509894,0.04494587204987004,0.13153920049988924,0.13291676774202307,0.20145321785683123,0.5423794136895412,0.0
16.356356356356358,0.22857521582417947,0.09365415377723071,0.5450054244657428,0.06071366790611435,-0.018346631207912377,0.04602121257964107,0.13151766707747986,0.13297263035232312,0.20432453736817424,0.5436542062982485,0.0
16.376376376376378,0.23037382149553207,0.0899302835676297,0.5462173453346835,0.060596043447028285,-0.01732747587496321,0.050957766647192176,0.13155123720129128,0.13302685473268464,0.20718779049664202,0.5449470146575022,0.0
16.396396396396398,0.2321015599882811,0.0863869246374517,0.5474282819790123,0.06054683221644161,-0.016225096814885993,0.05511895300356327,0.13158961378972261,0.13308555941508415,0.2100428642059029,0.5462577877294414,0.0
16.416416416416418,0.23376247080107942,0.08304554063991604,0.5486397436748075,0.06057308478975984,-0.015099879592821754,0.05626086110288279,0.13161385930316938,0.13316093800743523,0.2128896457825359,0.54758647376699,0.0
16.436436436436438,0.23536088804538796,0.07992086221542648,0.549853278653474,0.06067674893332263,-0.013951725583091164,0.05740770048616807,0.13164989362319454,0.13324190863616375,0.2157280228404797,0.5489330203158986,0.0
16.456456456456458,0.23690121708216433,0.07701645183881807,0.5510706892517676,0.06087052991468235,-0.012766789599790966,0.05924679916461843,0.13170064926601174,0.13332157788046792,0.2185578833254665,0.5502973742168145,0.0
16.476476476476478,0.23838794468965901,0.07433638037473421,0.5522939729491858,0.06116418487091212,-0.011533695439251963,0.06165470802652985,0.1317664539550195,0.1334003755872056,0.22137911551945064,0.551679481607382,0.0
16.496496496496498,0.23982572150606382,0.0718888408202407,0.5535253339790993,0.06156805149567564,-0.010272558253850364,0.06305685926963357,0.13183185863143657,0.13348289426292076,0.2241916080450162,0.5530792879243682,0.0
16.516516516516518,0.24121936684551282,0.06968226697244913,0.5547670225081611,0.06208442645309209,-0.008973460006946743,0.06495491234471182,0.1319118267861941,0.1335646753422257,0.22699524986977332,0.554496737905816,0.0
16.536536536536538,0.24257378501888252,0.06772090866848535,0.5560214887407416,0.06272331162902677,-0.007608094949688457,0.06826825286242717,0.1320166716603734,0.13364212587568844,0.22978993031074366,0.5559317755932276,0.0
16.556556556556558,0.24389409372484927,0.06601543529833767,0.5572914824072217,0.06349968332400115,-0.006236429154178073,0.06858328977501849,0.13209991449579547,0.1337261632105251,0.23257553903872913,0.5573843443337724,0.0
16.576576576576578,0.24518563322341774,0.06457697492842318,0.5585795262118284,0.06440219023033157,-0.004845361336769396,0.06955339086992539,0.13219559898452557,0.13380522530152092,0.23535196608266606,0.5588543867825233,0.0
16.596596596596598,0.246453837365381,0.06341020709816379,0.5598882463351212,0.06543600616464176,-0.0035031623478545167,0.06710994944523319,0.13225548639410517,0.133885214022697,0.23811910183396956,0.5603418449047219,0.0
16.616616616616618,0.2477041358471222,0.06251492408705994,0.5612197453659732,0.06657495154259907,-0.0021514960706292157,0.06758331386075862,0.13234305541842342,0.13394839819018534,0.24087683705085786,0.5618466599780683,0.0
16.636636636636638,0.24894177750865193,0.061882083076486495,0.562576278761661,0.0678266697843931,-0.0007746920769735456,0.06884019968228863,0.13244119031193077,0.13400184945932056,0.24362506286266622,0.5633687725950399,0.0
16.656656656656658,0.2501720458218497,0.061513415659888625,0.5639601073143516,0.06919142763453062,0.0006362818162430412,0.07054869466035349,0.13255118631593776,0.13404972841421728,0.24636367077414567,0.564908122665237,0.0
16.676676676676678,0.2514003282326412,0.06141412053957397,0.5653735778630449,0.07067352743466286,0.0020781238591037685,0.07209210214258696,0.13266646100434917,0.13409261886767043,0.2490925526697455,0.566464649417755,0.0
16.696696696696698,0.2526321743959506,0.06159230816546931,0.5668190339802226,0.07227280585888851,0.0035169083813419042,0.07193922611149095,0.13276745834409343,0.13413164597173927,0.25181160081788034,0.5680382914035823,0.0
16.716716716716718,0.2538732262213552,0.062052591270230766,0.5682985423640813,0.07397541919293582,0.004966309174230722,0.0724700396440657,0.13287365713949387,0.1341560769322258,0.25452070787518544,0.569628986498028,0.0
16.736736736736738,0.25512915081044846,0.06279622945466129,0.5698140223431324,0.07577399895255267,0.0063895718970907855,0.07116313614267497,0.13295808037646625,0.13417196011514884,0.2572197668907528,0.5712366719031736,0.0
16.756756756756758,0.2564056662608525,0.06382577252020183,0.5713669355995231,0.07764566281953503,0.007754393851284674,0.06824109770941922,0.13301711335164373,0.13417538972375237,0.25990867131035494,0.5728612841503525,0.0
16.776776776776778,0.25770833620178624,0.06513349704668765,0.5729581755049411,0.07956199527090116,0.009095832091241061,0.06707191199760289,0.13308229706646668,0.13415441057811733,0.26258731498064786,0.5745027591026541,0.0
16.796796796796798,0.25904251427750996,0.06670890378618637,0.5745883587159865,0.08150916055226576,0.010401781052159106,0.06529744804574876,0.13313596931169924,0.13412073064678606,0.26525559215336725,0.5761610319574586,0.0
16.816816816816818,0.26041345221279605,0.06854689676430457,0.576257736658961,0.08346889714872427,0.011668098793883381,0.06331588708612787,0.13318119457762792,0.13407287579002147,0.2679133974894984,0.5778360372489926,0.0
16.836836836836838,0.26182623064954175,0.0706389218372842,0.5779662199715223,0.08542416562806933,0.012917302342665696,0.06246017743910017,0.1332310657468648,0.1340059911486199,0.27056062606343784,0.5795277088509154,0.0
16.856856856856858,0.26328582913739007,0.0729799243924156,0.5797135012940122,0.0873640661244957,0.014088331547099703,0.05855146022175794,0.1332471441247319,0.13393689284287494,0.2731971733671343,0.581235979978929,0.0
16.876876876876878,0.2647971436527337,0.07556572576718235,0.5814987344173053,0.08926165616465162,0.015154744000107193,0.053320622650507,0.13323673916015089,0.1338542574779609,0.2758229353142151,0.5829607831934144,0.0
16.896896896896898,0.26636466298416994,0.07837596657181156,0.5833204785157242,0.09108720492094764,0.01619874931956227,0.05220026597296316,0.1332506554775034,0.13373706865891416,0.2784378082440938,0.5847020504020936,0.0
16.916916916916918,0.26799259787328955,0.08139674445598141,0.5851771421057932,0.0928331795034483,0.017097323285812784,0.04492869831281199,0.13320831926575027,0.13363860240244552,0.2810416889260649,0.5864597128627188,0.0
16.936936936936938,0.2696849212288349,0.0846161677772685,0.5870665747652999,0.0944716329753332,0.017941799708422915,0.04222382113087082,0.13318911900039646,0.13350204784209058,0.2836344745633784,0.5882337011857864,0.0
16.956956956956958,0.2714451037903142,0.08800912807396466,0.5889864102161535,0.09599177254268172,0.018684153603402167,0.037117694749405086,0.13314922647366526,0.1333718431536109,0.2862160627972955,0.5900239453372739,0.0
16.976976976976978,0.27327635795782207,0.09156270837539174,0.5909340704540027,0.09738301189245759,0.01934002292916147,0.03279346628848623,0.13310914544083646,0.1332292429935371,0.28878635171113365,0.591830374641408,0.0
16.996996996996998,0.27518150584855317,0.09525739453655398,0.592906795888018,0.09863627170076637,0.0198925977550183,0.02762874129344205,0.1330597837453692,0.13308649986957638,0.2913452398342881,0.5936529177834531,0.0
17.017017017017018,0.2771629493748688,0.09907217631578094,0.594901691854713,0.09974479833475085,0.02041570716847788,0.026155470673660756,0.13303622733597187,0.1329185983626394,0.29389262614623646,0.5954915028125263,0.0
17.037037037037038,0.279222768721301,0.10299096732160988,0.5969158797653731,0.10070939553300721,0.020841579023878995,0.021293592770821025,0.13299360241307037,0.1327717352671673,0.2964284100805294,0.5973460571444389,0.0
17.057057057057058,0.28136290122116264,0.10700662499308353,0.5989465114384254,0.1015315836526149,0.0211628243837411,0.01606226799395536,0.13294427438264148,0.13262283805817635,0.2989524915287594,0.5992165075645617,0.0
17.077077077077078,0.2835849023460346,0.11110005624359888,0.6009906162543986,0.10220524079866361,0.02136904359917012,0.010310960772390413,0.13288983629778806,0.13247671021817775,0.3014647708445122,0.6011027802307143,0.0
17.097097097097098,0.2858898710200841,0.11524843370247437,0.6030451969892092,0.10272903674052712,0.021505366368752082,0.006816138480132411,0.13285067857593721,0.1323172847625075,0.3039651488473027,0.6030048006760824,0.0
17.117117117117118,0.28827848613058976,0.11943075552528133,0.6051072951020925,0.10310490564416393,0.02155647122779408,0.002555242953236614,0.13281288338527275,0.13216881130632607,0.30645352682648846,0.6049224938121549,0.0
17.137137137137138,0.29075113517392126,0.12363245216657445,0.6071741402161944,0.10334225570509625,0.02153834692942478,-0.0009062149172182161,0.13278370639114137,0.13201886723395523,0.3089298065451672,0.6068557839316906,0.0
17.157157157157158,0.2933078820125681,0.12783734193234103,0.6092430749834115,0.10344673836085026,0.02144901043650594,-0.004466824644573715,0.1327596219488432,0.1318753775127258,0.3113938902440561,0.6088045947117058,0.0
17.177177177177178,0.2959485294696887,0.1320323728560303,0.6113116189312934,0.10342719739409695,0.021280112117092947,-0.008444915969147728,0.1327383659737591,0.13174103461670847,0.31384568064535034,0.6107688492164883,0.0
17.197197197197198,0.2986726277541921,0.13620491422517061,0.613377474949099,0.10329280089027938,0.021002482272954256,-0.013881492205287397,0.1327148504342729,0.13162614420888916,0.31628508095656216,0.612748469900633,0.0
17.217217217217218,0.30147943502579144,0.14034036357996588,0.6154386071801564,0.10305661155286965,0.020588623057468537,-0.02069296077248066,0.13269040320281086,0.13153389534749363,0.31871199487434465,0.6147433786121053,0.0
17.237237237237238,0.3043677487319706,0.1444156853089583,0.6174933101587733,0.1027351489308436,0.020080819075351388,-0.025390199103878762,0.1326836368900166,0.13143830367877335,0.3211263265882918,0.6167534965953247,0.0
17.25725725725726,0.30733582329355047,0.14840372807899405,0.6195401014786734,0.10233956599500739,0.019523545219166192,-0.027863692807090328,0.13269751408333305,0.1313381990756827,0.32352798078472234,0.6187787444942763,0.0
17.27727727727728,0.3103815915222221,0.1522884114335809,0.6215777443565054,0.10188214389159479,0.018894414469780265,-0.03145653746691781,0.1327165710714296,0.13126072692399965,0.3259168626504394,0.6208190423556391,0.0
17.2972972972973,0.31350285669608935,0.15606325869336163,0.6236054167104269,0.10138361769607762,0.018120022959755257,-0.038719575498650724,0.13272996576435853,0.13123222744499052,0.32829287787647843,0.6228743096319482,0.0
17.31731731731732,0.31669705352916,0.1597098416535338,0.625622942064421,0.1008762676997088,0.01729179882516022,-0.04141120672691216,0.13276999201339884,0.13117918794185618,0.33065593266182597,0.6249444651847702,0.0
17.33733733733734,0.3199611614507461,0.16320539607930473,0.6276301837033504,0.10036208194647155,0.016326080114910175,-0.048285935509412965,0.1328079163979589,0.13118584001234054,0.3330059337171257,0.6270294272879089,0.0
17.35735735735736,0.32329187405009957,0.16653562996767246,0.629627859260718,0.09988377786837757,0.015297943293110829,-0.05140684108661153,0.13286817481065855,0.1311757892389211,0.3353427882683598,0.6291291136306302,0.0
17.37737737737738,0.32668538604417224,0.16967559970363374,0.6316167759377037,0.09944583384928672,0.014204877730844454,-0.05465327810968509,0.13293816365546676,0.13118415279620066,0.3376664040605122,0.6312434413209129,0.0
17.3973973973974,0.3301376440212922,0.17261289885599676,0.6335981579653336,0.09906910138149488,0.013062371425215685,-0.05712531527751457,0.13301700458009671,0.13119861715780906,0.3399766893612094,0.6333723268887198,0.0
17.41741741741742,0.33364438930706436,0.17533726428860927,0.6355734505953826,0.09876463150245156,0.011825238870147733,-0.061856627749179396,0.13309637676472308,0.13125167674548208,0.34227355296434464,0.6355156862892946,0.0
17.43743743743744,0.3372011625176607,0.1778386605298163,0.6375446765819512,0.09856129932843062,0.010492982586310855,-0.06661281418732905,0.1331848288437707,0.13132575456770576,0.3445569041936744,0.6376734349064768,0.0
17.45745745745746,0.340803113369562,0.18009754259506516,0.639514303895032,0.09848136565403873,0.009100423364903605,-0.06962796106555047,0.13328633897405776,0.13140160281861,0.3468266529064025,0.6398454875560466,0.0
17.47747747747748,0.3444450129770672,0.1820949803752603,0.6414850181784808,0.0985357141724371,0.00767596598514424,-0.07122286898286005,0.13339473369030083,0.13147540719788842,0.3490827094967362,0.6420317584890842,0.0
17.4974974974975,0.3481214063291476,0.18381966760402166,0.6434595720618561,0.0987276941687627,0.006220228509724982,-0.07278687376556357,0.13350247856098504,0.1315569471537219,0.35132498489942465,0.6442321613953574,0.0
17.51751751751752,0.35182675482409415,0.18526742474732721,0.645440816568076,0.0990622253109946,0.0046805790705647075,-0.07698247195233744,0.1336048795931361,0.13167845244703463,0.3535533905932737,0.6464466094067262,0.0
17.53753753753754,0.3555553338653658,0.18642895206358256,0.6474321084814898,0.09956459567069395,0.003112895318967001,-0.0783841875739453,0.1337171507904588,0.13178590956448788,0.35576783860464245,0.6486750151005751,0.0
17.55755755755756,0.35930116306930415,0.18729146019691675,0.6494367359810269,0.10023137497685662,0.0014489432551816105,-0.0831976031830896,0.13382136068161152,0.13194246619861164,0.35796824151091555,0.6509172905032636,0.0
17.57757757757758,0.3630580770536894,0.18784569921926336,0.6514585862841147,0.10109251515438626,-0.0002509341915632126,-0.08499387233084402,0.13393465023410392,0.13208366589594464,0.36015451244395325,0.6531733470935973,0.0
17.5975975975976,0.36681952386725564,0.18807234067831116,0.6535014445410618,0.10214291284735619,-0.0019522398500916786,-0.08506528291983287,0.134043590885693,0.13220960078801486,0.36232656509352335,0.6554430958063258,0.0
17.61761761761762,0.37057880115865194,0.18796386456981623,0.6555687944023152,0.10336749306266718,-0.0036339129034800013,-0.08408365266265817,0.1341400405105588,0.13231906192348863,0.36448431371070594,0.6577264470356559,0.0
17.63763763763764,0.37432923350636066,0.18752161738543732,0.6576636789993315,0.10474422985081504,-0.005333075743693088,-0.08495814200376069,0.13421784966571934,0.13244433507747014,0.36662767311128003,0.6600233106387905,0.0
17.65765765765766,0.378064191116104,0.18674788048716748,0.6597890883973049,0.1062704698986657,-0.007032001795522516,-0.08494630258447539,0.1342888231887682,0.13256308409044598,0.36875655867908685,0.6623335959394876,0.0
17.67767767767768,0.3817769862061825,0.18563975450392362,0.6619478031645708,0.10793573836329814,-0.008738488680226015,-0.08532434422811212,0.13434719093331737,0.13268599304797915,0.37087088636936966,0.66465721173164,0.0
17.6976976976977,0.38546090491782997,0.1841959355823742,0.6641424672909406,0.10973320631848858,-0.010423687188768238,-0.08425992542001721,0.13439641855016476,0.13279250026539086,0.372970572712091,0.6669940662828742,0.0
17.71771771771772,0.38910922038048557,0.18241577313277882,0.6663753346387743,0.11164336739168619,-0.012093682974145441,-0.0834997892617723,0.13442756447185736,0.13289555326409921,0.3750555348152296,0.6693440673381739,0.0
17.73773773773774,0.39271528140997897,0.18030305147466913,0.6686483293214749,0.1136497341350323,-0.013737792361204442,-0.08220546934590453,0.13444393895011172,0.13298774113467848,0.3771256903680516,0.6717071221235213,0.0
17.75775775775776,0.3962725502526579,0.17786344213394722,0.6709629850919161,0.1157327885220628,-0.015413642933847156,-0.08379252862517278,0.13443710785655777,0.13310676387949547,0.37918095764436105,0.6740831373495608,0.0
17.77777777777778,0.3997744815595254,0.1750965653433742,0.6733208797625719,0.1178947335327942,-0.017004750376253576,-0.07955537211347341,0.13443496184252712,0.13316635620421113,0.38122125550572394,0.6764720192152778,0.0
17.7977977977978,0.40321448724187875,0.17200028411766916,0.6757227674741588,0.12009438557934488,-0.018544358255293467,-0.07698039394529521,0.13439576477598522,0.13321794315154425,0.3832465034046751,0.678873673411708,0.0
17.81781781781782,0.4065863510205204,0.16859318893208017,0.6781687295126165,0.12229810192288675,-0.020078405055685145,-0.07670234001306633,0.1343310285614575,0.13328439155232483,0.3852566213878947,0.6812880051256551,0.0
17.83783783783784,0.40988399718037904,0.16488230799293374,0.6806586827491035,0.12449766182434638,-0.02153486277569563,-0.07282288599421749,0.13426517779030625,0.13331317553952507,0.38725153009936686,0.6837149190434377,0.0
17.85785785785786,0.41310141346401685,0.1608708141818914,0.683191960712374,0.12666389816352833,-0.022910245429033287,-0.06876913266081162,0.13417263933903228,0.13331979944552297,0.3892311507835115,0.6861543193546495,0.0
17.87787787787788,0.4162329066897042,0.15657466128436673,0.6857671707694111,0.12876050285185325,-0.02419025763031918,-0.06400061005848227,0.13406048857758643,0.1333034508247794,0.391195405288294,0.6886061097559437,0.0
17.8978978978979,0.4192731434883243,0.15201183993100387,0.6883822886126055,0.1307558921597208,-0.02539069684487951,-0.06002196072248317,0.1339252644923803,0.13327976777027623,0.3931442160683093,0.6910701934548327,0.0
17.91791791791792,0.42221716842144336,0.14720124665595413,0.6910348413607086,0.1326276374051525,-0.026494425747733648,-0.05518644513746973,0.13377981616463394,0.1332400307646009,0.39507750618784543,0.6935464731735121,0.0
17.93793793793794,0.4250603943416131,0.14216129600848587,0.6937219686180733,0.13435636286823924,-0.027539508999823145,-0.052254162599549674,0.13361169274967158,0.13320781692331743,0.3969951993239178,0.6960348511526975,0.0
17.95795795795796,0.42779860291797317,0.1369104288180056,0.6964405902096475,0.13593107957871173,-0.028505967495907922,-0.048322924799637436,0.1334417394678608,0.1331670809327602,0.3988972197692855,0.6985352291554876,0.0
17.97797797797798,0.4304278270612269,0.13146120716268678,0.6991874744004936,0.13734420954230012,-0.029391662775056122,-0.0442847639531414,0.13326065026771433,0.13311883621768356,0.4007834924354382,0.7010475084712404,0.0
17.997997997998,0.4329444003467509,0.12582866427620026,0.7019591180748178,0.13858218371621103,-0.030159952324934826,-0.038414477490005206,0.13307895541254391,0.1330495171319786,0.40265394285556105,0.7035715899194704,0.0
18.01801801801802,0.4353450428279889,0.12003212406190084,0.7047517029437699,0.13962924344760225,-0.030861598489644402,-0.035082308231893386,0.13287118068870046,0.13298994956195792,0.40450849718747367,0.7061073738537633,0.0
18.03803803803804,0.4376269083816128,0.11409327768119246,0.7075611800016365,0.1404738528933329,-0.031462205772599734,-0.030030364144526846,0.13267275389653557,0.13292103339272862,0.4063470822165468,0.7086547601657117,0.0
18.05805805805806,0.43978745386407786,0.10802727412325419,0.7103835061925928,0.14111630954781826,-0.031990397163032334,-0.026409569518735153,0.132458566060797,0.13285751969674217,0.40816962535859197,0.7112136482888661,0.0
18.07807807807808,0.44182452655514687,0.10185363455344956,0.713214495825305,0.1415494816356093,-0.032435654339870355,-0.022262858839352594,0.132247799355515,0.13279373662824884,0.409976054662726,0.7137839372027044,0.0
18.0980980980981,0.4437362337589502,0.09558536019016634,0.7160500177204415,0.14177609475682573,-0.032753238467107,-0.015879206359627623,0.13205020592449995,0.13271480087785786,0.4117662988142137,0.7163655254366217,0.0
18.11811811811812,0.44552106248345524,0.08924143622525134,0.7188859209952655,0.14179516374120096,-0.03298970851276239,-0.01182350228090466,0.13183314985179967,0.13264622582995858,0.413540287137281,0.7189583110739348,0.0
18.13813813813814,0.4471779524907521,0.08284450036484164,0.7217179357512649,0.14160073779996774,-0.03309216346727415,-0.005122747724061923,0.13164371308346884,0.13257034670034978,0.41529794959790634,0.7215621917559061,0.0
18.15815815815816,0.44870617376139055,0.07641106353192152,0.7245421030699785,0.14120836593568153,-0.033064176653123056,0.0013993407087463904,0.13145635697634825,0.13249526146168977,0.4170392168065855,0.7241770646857848,0.0
18.17817817817818,0.4501055117556199,0.06996689971146702,0.7273545238118939,0.14062103709577067,-0.0328988631959877,0.008265672857625255,0.13128389901124934,0.13242613092224065,0.41876402002107094,0.7268028266328656,0.0
18.1981981981982,0.4513763186762802,0.06354034603301482,0.7301516244636739,0.1398550325889964,-0.032690904500603295,0.010397934769745468,0.13108542691106823,0.13238999344662464,0.42047229114908447,0.729439373936562,0.0
18.21821821821822,0.45251938998262997,0.057153565317488185,0.7329299525058872,0.1389164021106668,-0.03236396302393847,0.016347073833429836,0.13094023098320698,0.13235647624390096,0.42216396275100737,0.7320866025105015,0.0
18.23823823823824,0.4535356670158083,0.05081385165891597,0.7356868883671426,0.1378467930627691,-0.031893711981596594,0.023512552116943572,0.13081700345696956,0.13232302209038035,0.42383896804254134,0.7347444078466325,0.0
18.25825825825826,0.4544265655450261,0.044544926460891754,0.7384201535277659,0.13666325803116497,-0.031305748110515556,0.02939819355355637,0.13070111113955923,0.13230622800681338,0.42549724089734603,0.7374126850193523,0.0
18.27827827827828,0.4551940445673718,0.03837395111728503,0.7411278421518543,0.13538443120442029,-0.030616040387030773,0.03448538617338762,0.13060113786852434,0.13230927534816198,0.4271387158496476,0.7400913286896453,0.0
18.2982982982983,0.45584048327099747,0.03232193518128417,0.7438085913845031,0.13403746163243407,-0.029810027818912465,0.04030062840469485,0.1305314567113771,0.13232617549131104,0.42876332809682627,0.742780233109247,0.0
18.31831831831832,0.4563686582257921,0.026408747739729895,0.7464617028109622,0.13265557132296085,-0.02891983997304177,0.0445093922919269,0.13046775901898736,0.13236248579197202,0.4303710135019719,0.7454792921248143,0.0
18.33833833833834,0.4567817741988515,0.02065579865297256,0.7490868656895054,0.1312581439271574,-0.02794996306214361,0.04849384554288819,0.13042455848387194,0.1324156603360176,0.4319617085964176,0.7481883991821194,0.0
18.35835835835836,0.4570832711786351,0.015074848989179948,0.7516843294914503,0.12987319009724022,-0.026798816786746685,0.05755731376738596,0.13045955100765164,0.13247058461801892,0.43353535058224485,0.7509074473302543,0.0
18.37837837837838,0.45727695691087555,0.009684286612022256,0.75425553317102,0.1285601839784857,-0.02555663670328192,0.062109004170303836,0.13047384694982558,0.13255007181163048,0.4350918773347628,0.7536363292258541,0.0
18.3983983983984,0.4573672990196904,0.004517105440744425,0.7568019883409742,0.12732275849770944,-0.024209217406838155,0.0673709648187361,0.13052687410943384,0.13264845906383524,0.43663122740495997,0.7563749371373336,0.0
18.41841841841842,0.4573590983042926,-0.0004100357698917827,0.7593260641399323,0.12620378994790463,-0.02275389394697874,0.07276617298894976,0.13060666545540345,0.13275953498663873,0.438153340021932,0.7591231629491427,0.0
18.43843843843844,0.45725755246597777,-0.005077291915742228,0.7618307181101306,0.12523269850991572,-0.02119192779297653,0.07809830769546157,0.130712695688479,0.1328842618647361,0.4396581550952782,0.7618808981660307,0.0
18.45845845845846,0.4570683102254238,-0.009462112027696024,0.7643195013127696,0.12443916013195007,-0.0195868596406507,0.08025340761094177,0.13080564879496698,0.1330249683308508,0.44114561321747664,0.7646480339173337,0.0
18.47847847847848,0.45679739199301805,-0.013545911620289161,0.7667960086111634,0.12382536491969,-0.017899446874551708,0.08437063829881311,0.1309391721458293,0.13316935557594184,0.4426156556662275,0.7674244609612707,0.0
18.4984984984985,0.45645100593264193,-0.017319303018805392,0.7692644843150348,0.12342378519357375,-0.016150935585150048,0.08742556446306071,0.13107784893869417,0.13331934020969752,0.4440682244067723,0.7702100696892562,0.0
18.51851851851852,0.45603571981080737,-0.02076430609172768,0.7717293279469182,0.12324218159417111,-0.014401765049005354,0.08745852679920631,0.1311942653239273,0.13347523693853244,0.4455032620941839,0.7730047501302265,0.0
18.53853853853854,0.4555583204639553,-0.0238699673426045,0.77419468984737,0.12326809502259631,-0.012632157478461485,0.0884803785180182,0.13132685347073017,0.1336248901873073,0.4469207120756318,0.7758083919549836,0.0
18.55855855855856,0.455025573015634,-0.026637372416062458,0.7766648557062922,0.12350829294610582,-0.010785836845781471,0.09231603162352228,0.13150211009755844,0.1337676661637546,0.4483205183926179,0.7786208844805491,0.0
18.57857857857858,0.45444440044379264,-0.02905862859206778,0.7791446306289569,0.123988746133234,-0.008949898768995691,0.09179690382731963,0.13163912132109878,0.13391547404806975,0.44970262578318543,0.7814421166745333,0.0
18.5985985985986,0.45382199436925075,-0.031120303727094834,0.78163831886959,0.12468441203165319,-0.007094076432990165,0.09279111678660228,0.13179637627939395,0.13405294001295423,0.4510669796841014,0.7842719771595206,0.0
18.61861861861862,0.45316547441310934,-0.03282599780707023,0.7841503577620966,0.1256019446253284,-0.005143804808799631,0.09751358119392023,0.13200785758673658,0.13418064984955735,0.45241352623300984,0.7871103542174639,0.0
18.63863863863864,0.45248215125661867,-0.034166157824532147,0.7866858308674618,0.12677365526826082,-0.0032281492165828827,0.09578277959302216,0.13215693179706772,0.13431456888645646,0.4537422122705585,0.7899571357940969,0.0
18.65865865865866,0.4517796404762656,-0.03512553901765334,0.789248977683005,0.12815734077715552,-0.0012835322464110296,0.09723084848826874,0.13233764253678437,0.1344267163475038,0.4550529853424978,0.7928122095033578,0.0
18.67867867867868,0.4510654800500478,-0.035708021310890535,0.7918441684824113,0.1297595399703172,0.0006455448493184425,0.09645385476329964,0.1324926286674805,0.13452801147818846,0.45634579370175143,0.7956754626318255,0.0
18.6986986986987,0.4503473029184145,-0.0359088565816663,0.7944752173586643,0.13155244381265088,0.0025829952906910145,0.09687252204223645,0.13265656352079616,0.13460950828656648,0.45762058631045877,0.7985467821431685,0.0
18.71871871871872,0.4496326846808608,-0.0357309118776849,0.7971457627699122,0.13352727056239647,0.00454621242962312,0.09816085691660822,0.1328308305950462,0.13467459574924892,0.45887731284199046,0.8014260546826094,0.0
18.73873873873874,0.4489292663881528,-0.03517091463540053,0.7998593383138706,0.1356787771979184,0.0065033011124692,0.09785443410828251,0.13298740794922648,0.1347270826764128,0.46011592368293497,0.8043131665813983,0.0
18.75875875875876,0.44824481151474765,-0.03422274367025671,0.8026190134734642,0.1379837579796816,0.008413567124889113,0.09551330058248739,0.1331096613895376,0.13475847538742428,0.4613363699350575,0.8072080038613019,0.0
18.77877877877878,0.4475870670714916,-0.03288722216280324,0.805427021556405,0.1404004041470412,0.010245426567713219,0.09159297209770328,0.13319240658515885,0.13476041748416068,0.462538603417229,0.8101104522390994,0.0
18.7987987987988,0.4469635722901766,-0.031174739065749538,0.8082845606049796,0.14287695242872897,0.012009878327762713,0.08822258795345639,0.1332569108576224,0.13472759472954923,0.46372257666733074,0.8130203971311001,0.0
18.81881881881882,0.44638150809685506,-0.029103209666076994,0.8111920321083798,0.14537357517001195,0.013773154839922577,0.088163825552994,0.13334423636145015,0.1346624147353143,0.46488824294412573,0.815937723657661,0.0
18.83883883883884,0.4458478271896739,-0.02668404535905699,0.8141496861756196,0.14788270336199047,0.015496513692684946,0.08616794257667176,0.1334108423003333,0.1345877152574564,0.4660355562291054,0.818862316647727,0.0
18.85885885885886,0.4453694665763625,-0.02391803066556939,0.8171573126623433,0.15038132433618337,0.017159943964624037,0.08317151352861524,0.13345294650421277,0.13448984781597223,0.4671644712283059,0.8217940606433743,0.0
18.87887887887888,0.4449531585655789,-0.020815400539181454,0.8202139854128295,0.15283363752431098,0.018799835883347948,0.08199459586063391,0.13349723376574724,0.13435844385225043,0.46827494337409614,0.8247328399043704,0.0
18.8988988988989,0.4446054539600773,-0.017385230275080474,0.8233183061883849,0.15521603877776888,0.020318627488811834,0.07593958019003086,0.13348086237403511,0.13421940547847053,0.4693669288269369,0.8276785384127412,0.0
18.91891891891892,0.44433272979956584,-0.013636208025573313,0.8264678560316483,0.15747749216316947,0.02175182860126622,0.07166005553172006,0.1334496332697941,0.13403557261575896,0.4704403844771129,0.8306310398773546,0.0
18.93893893893894,0.444140888399676,-0.009592069994490983,0.8296593316910974,0.1595737829724571,0.023062783877548336,0.06554776371508866,0.1333842947815833,0.13383456314909536,0.4714952679464323,0.8335902277385069,0.0
18.95895895895896,0.44403545703819836,-0.005271568073882789,0.8328886687457059,0.16146685273042202,0.02424475882588737,0.05909874730984822,0.1332940753252587,0.13360857369013457,0.4725315375899024,0.8365559851725288,0.0
18.97897897897898,0.44402144411213595,-0.0007006463031200309,0.8361510675848772,0.16311994195856525,0.025303009635553698,0.052912540368224285,0.13318999081895383,0.13336152150076117,0.47354915249737206,0.8395281950963951,0.0
18.998998998999,0.44410332025695604,0.004093807241005322,0.8394412171728659,0.16450747939943192,0.026243619453427947,0.04703049077093211,0.13307879441426726,0.13309977380570667,0.4745480724951473,0.8425067401723476,0.0
19.01901901901902,0.44428502725332364,0.009085349818379912,0.84275349066255,0.1656136744842065,0.02710070453434176,0.04285425391586228,0.13297672609982897,0.13282048530501758,0.47552825814757677,0.8454915028125262,0.0
19.03903903903904,0.44457006798979226,0.014252036823431504,0.8460821446813013,0.1664327009375637,0.027824434692656233,0.03618650777958825,0.132857213280977,0.13255217343425268,0.4764896707586093,0.8484823651836128,0.0
19.05905905905906,0.4449616107810114,0.01957713956095502,0.8494213457807201,0.16696005497094502,0.0283769497783977,0.027625754145468424,0.1327148523899117,0.13228583872296645,0.4774322723733215,0.8514792092114825,0.0
19.07907907907908,0.44546221163182315,0.025030042540588795,0.8527649634143524,0.1671808816816106,0.02885622381687759,0.023963701778428766,0.13260013478404847,0.13198304911670047,0.47835602577941516,0.8544819165858638,0.0
19.0990990990991,0.4460737899568066,0.030578916249171757,0.8561067538340636,0.16708952098556534,0.029233530461012694,0.018865332058956436,0.13249114496153433,0.13170116402148946,0.4792608945086879,0.857490368765012,0.0
19.11911911911912,0.4467979832304677,0.03620966368305785,0.8594408749582981,0.16670605621172174,0.029493136848357082,0.012980319219176747,0.132380479853664,0.13142669718099165,0.4801468428384716,0.8605044469803856,0.0
19.13913913913914,0.44763604435288185,0.04190305612070683,0.8627615806800307,0.1660352860866282,0.02959959878821719,0.005323096846819554,0.1322632271914263,0.13117008208442638,0.48101383579304297,0.8635240322413374,0.0
19.15915915915916,0.448588745610767,0.047635062894256855,0.8660633048384202,0.16508620791947126,0.029574484131728904,-0.001255732966264059,0.13215544019618747,0.13091210939466894,0.4818618391450048,0.866549005339812,0.0
19.17917917917918,0.4496562610403402,0.053375771478658726,0.8693406188705733,0.16386570160765562,0.029435622421425695,-0.006943085649831272,0.13206483203902253,0.13066214829537112,0.48269081941663694,0.8695792468550516,0.0
19.1991991991992,0.4508382846486971,0.05910118041784507,0.8725884824079014,0.16239317686640173,0.02915771799051686,-0.013895221670038432,0.13198350800063133,0.130441051804852,0.4835007438812175,0.8726146371583088,0.0
19.21921921921922,0.452134093400664,0.06479043759834688,0.8758024330318339,0.16069753119662322,0.028718323512217963,-0.021969724026592266,0.1319108525774815,0.13024911294522035,0.4842915805643155,0.8756550564175724,0.0
19.23923923923924,0.4535424363716217,0.07041714854788576,0.8789785841416875,0.15880755549267853,0.028121697329531268,-0.029831309230091318,0.13185574939917008,0.1300797817771623,0.4850632982450528,0.8787003846022958,0.0
19.25925925925926,0.45506143685784733,0.07595002431128098,0.882113661532276,0.1567538695294237,0.027408526505332643,-0.03565854128657607,0.1318290958414361,0.12991980547196122,0.48581586645733704,0.8817505014881378,0.0
19.27927927927928,0.4566886630481808,0.08136130951667281,0.885204967199763,0.15456528337435474,0.026544478281162454,-0.04320241126319175,0.1318218244739405,0.12980898223800116,0.48654925549106326,0.8848052866617047,0.0
19.2992992992993,0.4584212290890941,0.08662830204566525,0.8882508290263337,0.15229309132853258,0.025576956067682313,-0.0483761107036942,0.13184138859842467,0.12970273435791987,0.4872634363932886,0.8878646195253097,0.0
19.31931931931932,0.46025570093793317,0.09172359244195427,0.8912500535956007,0.14996122846335114,0.024499771891837257,-0.05385920879425816,0.1318846457480674,0.12963160534246776,0.4879583809693737,0.8909283793017287,0.0
19.33933933933934,0.462188236643813,0.09662678529399127,0.894202325813659,0.14761361090291447,0.023370826159775097,-0.05644728657465113,0.1319529463417524,0.12955456349289454,0.4886340617840967,0.8939964450389726,0.0
19.35935935935936,0.4642146722615408,0.10132178088639085,0.8971076207022334,0.14526474442872078,0.022060209510439067,-0.06553083240673482,0.1320302891659914,0.12957988966106374,0.489290452162736,0.897068695615059,0.0
19.37937937937938,0.46633061394016295,0.10579708393110918,0.899967563544959,0.14299714213627898,0.020630403207768003,-0.07149031504086073,0.13213115148576188,0.12960224267720546,0.48992752619212343,0.9001450097427964,0.0
19.3993993993994,0.4685310194938027,0.11002027768198927,0.9027840946850936,0.14082655700673125,0.019031754412180357,-0.07993243965427839,0.1322570410976034,0.12969584052813646,0.490545258721667,0.9032252659745696,0.0
19.41941941941942,0.47081036045073904,0.11396704784681741,0.9055605834287342,0.13882443718203397,0.017335978481339595,-0.0847887963850144,0.13240948512962192,0.12978463846860416,0.4911436253643444,0.906309342707138,0.0
19.43943943943944,0.47316248004124395,0.11760597952524618,0.9083007261079264,0.1370071339596114,0.015536574775729603,-0.08997018509307993,0.13258240914812897,0.1299113533221647,0.49172260249766486,0.9093971181864315,0.0
19.45945945945946,0.47558088149440797,0.12092007265820215,0.91100908092055,0.13541774063117756,0.013581268834561124,-0.09776529684351543,0.1327701597791157,0.1301032959620802,0.4922821672646027,0.912488470512362,0.0
19.47947947947948,0.47805859046015614,0.12388544828740929,0.9136913872811111,0.13411531802805715,0.01159382612604396,-0.09937213518648123,0.13297710881907385,0.13024993532762144,0.49282229757449897,0.9155832776436329,0.0
19.4994994994995,0.4805880409143854,0.12647252271146245,0.9163529939124014,0.1330803315645148,0.0095730461175521,-0.10103900016490147,0.1331884965781545,0.13041293056255537,0.4933429721039341,0.9186814174025583,0.0
19.51951951951952,0.48316156895727086,0.12867640214427303,0.9189995444117119,0.13232752496552636,0.007448419481245589,-0.1062313315409205,0.1333988350816454,0.13063516284810472,0.49384417029756883,0.9217827674798844,0.0
19.53953953953954,0.4857713305466721,0.1304880794700626,0.9216375304598244,0.1318993024056266,0.005260866474032527,-0.10937765007779242,0.13361724492295907,0.13085613029610146,0.494325872368957,0.9248872054396211,0.0
19.55955955955956,0.4884090550252777,0.13188622393028104,0.924273531898823,0.1318000719499255,0.0030341029848505122,-0.11133817417477938,0.13383802239922196,0.13107959060211868,0.49478805930132547,0.9279946087238738,0.0
19.57957957957958,0.49106623106120134,0.13285880179618287,0.9269141844040558,0.13203262526164136,0.0007319637929061548,-0.11510695931924335,0.13405526087258288,0.13133969479390403,0.4952307128483256,0.9311048546576807,0.0
19.5995995995996,0.4937341595914158,0.13339642651072403,0.9295665959325536,0.13262057642489006,-0.0016387658436947327,-0.11853648156658994,0.1342722521531496,0.13161421578585497,0.4956538155347533,0.9342178204538587,0.0
19.61961961961962,0.49640377455412593,0.1334807481355061,0.9322380651899382,0.13357346286922908,-0.003990345379878143,-0.117578976568433,0.13448158428508017,0.13184069219835917,0.49605735065723894,0.9373333832178481,0.0
19.63963963963964,0.49906576595932745,0.13309957026007674,0.9349350443563785,0.13484895832201713,-0.0063730662792241795,-0.11913604475762068,0.13466846237950011,0.13209254587884042,0.49644130228490685,0.9404514199525652,0.0
19.65965965965966,0.5017108556499152,0.13225448452939093,0.9376640069961936,0.13644813199075406,-0.008775685310793375,-0.12013095140781407,0.13484026716000366,0.13233978081230835,0.4968056552600042,0.943571807563259,0.0
19.67967967967968,0.5043296067563937,0.130937555323924,0.9404311121855361,0.13835525946712646,-0.011166466472384673,-0.11953905795532947,0.13499375737848338,0.13256481240436807,0.49715039519849946,0.9466944228623702,0.0
19.6996996996997,0.5069125205251814,0.1291456884393843,0.9432418954066384,0.14053916105511707,-0.013591575203513622,-0.12125543648509583,0.13512268515414835,0.1328128959210083,0.4974755084906501,0.9498191425743925,0.0
19.71971971971972,0.509450085005176,0.12687822399972712,0.9461018471729545,0.1429975883158058,-0.0159983602316575,-0.12033925139400978,0.13523368286731222,0.13302731599243614,0.49778098230154,0.9529458433407425,0.0
19.73973973973974,0.5119326534106557,0.12412842027399068,0.9490156688827598,0.14569108549026197,-0.01837918868996904,-0.11904142296449541,0.1353125731893689,0.13322100475737805,0.4980668045715862,0.9560744017246279,0.0
19.75975975975976,0.5143506624837139,0.12090045365290757,0.9519872567173359,0.14857939172880177,-0.02075645718257685,-0.11886342474378835,0.13535762174104166,0.1334126779722628,0.49833296401701493,0.9592046942159215,0.0
19.77977977977978,0.5166946011764076,0.11719693463469094,0.9550199542765406,0.15163487796023814,-0.02305093286201038,-0.11472378415028074,0.13537408998480177,0.1335400719148877,0.49857945013030697,0.9623365972360336,0.0
19.7997997997998,0.5189550106518478,0.11302047377200979,0.9581157071803813,0.15478764519203123,-0.025259547382325134,-0.11043072625865916,0.13534184092539275,0.13362898180372954,0.4988062531806126,0.9654699871427973,0.0
19.81981981981982,0.5211227967367573,0.10838930424547814,0.9612751544201,0.15797236198593476,-0.02739854744967425,-0.1069500036722411,0.1352659959327426,0.133697493043264,0.4990133642141358,0.9686047402353434,0.0
19.83983983983984,0.5231892222243253,0.1033212743784005,0.9644979748178549,0.16114101988774332,-0.029455713541002307,-0.10285830492914762,0.13515629596617248,0.1337370130760193,0.4992007750544875,0.9717407327589876,0.0
19.85985985985986,0.5251458641986668,0.09783209871707485,0.9677829046805808,0.16424649313629153,-0.03143516404000141,-0.09897252536574745,0.13501043652111308,0.13375534586058266,0.49936847830300873,0.9748778409101149,0.0
19.87987987987988,0.5269846248791765,0.0919380340254851,0.9711278226168663,0.16724589681427432,-0.03327271382340761,-0.09187748963293138,0.13483675740045897,0.13371420705675818,0.49951646733906235,0.9780159408410675,0.0
19.8998998998999,0.5286978528133639,0.08566139670937159,0.9745293077893196,0.17007425862266537,-0.03509524670110576,-0.0911266443898698,0.13460603165899618,0.13370971595975967,0.4996447363202946,0.9811549086650324,0.0
19.91991991991992,0.5302784561004583,0.07903016435472365,0.9779836409424396,0.17271665765600214,-0.03690483145949956,-0.09047923846391819,0.13436446540460373,0.13371275904052773,0.4997532801828658,0.9842946204609363,0.0
19.93993993993994,0.5317193466483541,0.07204452739478835,0.9814870429726223,0.17517010150913648,-0.03855664681142329,-0.08259076817573383,0.1341201189200983,0.1336310881154644,0.49984209464164997,0.9874349522783314,0.0
19.95995995995996,0.5330136204113658,0.0647136881505868,0.9850344286121437,0.17736928197607152,-0.040107185231087056,-0.07752692159860602,0.1338106406010756,0.1335281902841575,0.4999111761904045,0.990575780142296,0.0
19.97997997997998,0.5341549616161073,0.057067060237076,0.9886194459633966,0.17925086756263903,-0.04138237004874984,-0.06375924153179865,0.13350614285861612,0.13332039213673247,0.49996052210190806,0.9937169800583235,0.0
20.0,0.5351376237455215,0.0491331064707094,0.9922342700851131,0.18074120608582475,-0.042465923622231186,-0.05417767935970824,0.13313258211079695,0.13309485617567426,0.49999013042806856,0.9968584280172206,0.0
