time,x,x_dot,z,z_dot,theta,theta_dot,u1,u2,x_ref,z_ref,theta_ref
0.0,0.27395604855596334,-0.0012224312049589538,1.3020370878759355,0.003947360581187278,-0.24349359126741027,0.009512447032735119,0.05632337490536779,0.059804456741089654,0.5,1.0,0.0
0.02002002002002002,0.27351682769745206,-0.021961042925563917,1.2998656980292083,-0.10856949233635967,-0.2405434230715279,0.14750840979411997,0.05632337490488071,0.07712826674217899,0.49999013042806856,1.0031415719827794,0.0
0.04004004004004004,0.2726010386637591,-0.04578945168464656,1.2956930494285779,-0.2086324300315146,-0.2211767819956822,0.9683320537922847,0.056323374905531014,0.06477326516908981,0.49996052210190806,1.0062830199416763,0.0
0.06006006006006006,0.2712579743337726,-0.06715321649932794,1.2893427727681794,-0.3175138330199171,-0.19534111586512737,1.2917833065277404,0.056323374909524035,0.061471803619507534,0.4999111761904045,1.0094242198577041,0.0
0.08008008008008008,0.26953229096969483,-0.08628416820388615,1.2807750988408553,-0.4283836963662067,-0.16593598205831553,1.4702566903405936,0.056323374904881006,0.05927278460411934,0.49984209464164997,1.0125650477216688,0.0
0.10010010010010009,0.2674744888286109,-0.10289010705419727,1.26996739078601,-0.5403854027422593,-0.13487980528639376,1.5528088385960876,0.05632337614563843,0.05790822949935997,0.4997532801828658,1.0157053795390643,0.0
0.12012012012012012,0.2651375032263507,-0.11684928011301088,1.2569087574209852,-0.6529316682512424,-0.10340477661846373,1.5737514333965004,0.05632337508478888,0.05742818812881532,0.4996447363202946,1.0188450913349674,0.0
0.14014014014014015,0.2625743450563454,-0.12815790850026587,1.241600026503792,-0.7654365458596561,-0.07211154656720181,1.5646615025630963,0.05632337492155738,0.05705002893728983,0.49951646733906235,1.0219840591589324,0.0
0.16016016016016016,0.25983829262513825,-0.13680262156035894,1.2240419299437557,-0.8779048280018233,-0.041376287463052566,1.536762955207461,0.05632337493201486,0.05644109152500091,0.49936847830300873,1.0251221590898847,0.0
0.18018018018018017,0.2569824374481374,-0.1427927588500399,1.2042300763801057,-0.9905926781825056,-0.01187198154152693,1.4752152960762825,0.056323374911266405,0.0563537291909888,0.4992007750544875,1.0282592672410122,0.0
0.20020020020020018,0.25405815200400667,-0.14621427220653907,1.1821660845507012,-1.1031995914702226,0.016218846084070784,1.4045413812798857,0.12431364807891945,0.12403723776845485,0.4990133642141358,1.0313952597646567,0.0
0.22022022022022023,0.25109089990234507,-0.1483626050830794,1.1598611058216826,-1.1152489364509264,0.04246404975800677,1.3122601836967993,0.18546281708328713,0.1841706483883258,0.4988062531806126,1.0345300128572028,0.0
0.24024024024024024,0.24821321806939028,-0.14388409164773866,1.1391114582084687,-1.0374823806606956,0.06597824598399597,1.1757098112994606,0.22588516731532104,0.22410375312618722,0.49857945013030697,1.0376634027639664,0.0
0.2602602602602603,0.24561934314891998,-0.12969374602351555,1.1211023035196863,-0.9004577344391247,0.08629860455123364,1.0160179283618833,0.2402266313254763,0.238134146376571,0.49833296401701493,1.0407953057840789,0.0
0.2802802802802803,0.24349359957209,-0.10628717884149919,1.1062445558275595,-0.742887384606341,0.10301208779433778,0.8356741621552066,0.2534117817859264,0.25139112789156476,0.49806680457158625,1.0439255982753717,0.0
0.3003003003003003,0.24201336935978152,-0.07401151061542437,1.094917538935407,-0.5663508446076206,0.11613641372343277,0.6562162964547515,0.25173714309892786,0.2497631817599102,0.49778098230154,1.047054156659257,0.0
0.3203203203203203,0.2412981073521929,-0.0357631003794309,1.0870607715851464,-0.3928383675130407,0.12561463224621755,0.47391092613923824,0.24202713570064915,0.24032329081898002,0.4974755084906501,1.0501808574256075,0.0
0.34034034034034033,0.2414118983683412,0.005689550807415331,1.0823817996447875,-0.2339485970179447,0.13160317646677896,0.29942721102807235,0.22681165605113762,0.22549296654135162,0.49715039519849946,1.05330557713763,0.0
0.36036036036036034,0.24236626383578208,0.04771827337204395,1.0804308402517853,-0.09754796965011817,0.13431029923438018,0.1353561383800606,0.20875232668933905,0.20790791213972173,0.4968056552600042,1.056428192436741,0.0
0.38038038038038036,0.2441317051595211,0.08827206618695072,1.0806792481411422,0.012420394467852286,0.13412071943283985,-0.00947899007701647,0.19046606260969734,0.19009201295718606,0.49644130228490685,1.059548580047435,0.0
0.40040040040040037,0.24665322479100604,0.126075981574248,1.0825947781055696,0.09577649822136163,0.13128678750062653,-0.14169659661066858,0.173088104443863,0.17327582880864745,0.49605735065723894,1.0626666167821521,0.0
0.42042042042042044,0.24986204477951038,0.16044099942521656,1.0856755427290368,0.1540382311733626,0.12621072738170516,-0.2538030059460663,0.15755651271352109,0.158272036879957,0.4956538155347533,1.0657821795461413,0.0
0.44044044044044045,0.253684520720625,0.19112379705573032,1.089474983079959,0.18997201754610954,0.1193287481378602,-0.3440989621922489,0.14463573734631485,0.14580112130173195,0.4952307128483256,1.068895145342319,0.0
0.46046046046046046,0.2580497961943889,0.21826377368819586,1.0936229674579057,0.2073992188973331,0.1108900420755559,-0.4219353031152159,0.13461356696781795,0.13625286159753494,0.49478805930132547,1.072005391276126,0.0
0.4804804804804805,0.2628939890391707,0.24220964223909053,1.0978352516118732,0.21061420769837663,0.10121852508103704,-0.4835758497259419,0.12731864810931345,0.12938143696169607,0.49432587236895703,1.0751127945603784,0.0
0.5005005005005005,0.268160221733818,0.2633116347323623,1.1019071421713302,0.20359452797284924,0.0906718620274961,-0.5273331526770473,0.12235513777438857,0.1247421565628812,0.4938441702975689,1.0782172325201154,0.0
0.5205205205205206,0.27379756932447463,0.2818673795328327,1.1057009971056793,0.18969274671745617,0.0794494227907336,-0.5611219618381246,0.11962759282227016,0.12232916227725302,0.493342972103934,1.0813185825974418,0.0
0.5405405405405406,0.27976066528969074,0.2981547982608046,1.109144671689331,0.17218372918258432,0.06787991634370569,-0.5784753223513942,0.11841943516929057,0.12131953757084986,0.492822297574499,1.084416722356367,0.0
0.5605605605605606,0.2860068043264994,0.3123069518404334,1.1122088311500025,0.1532079730335735,0.05614850659768975,-0.586570487300798,0.11838386375142677,0.12143964934431767,0.49228216726460267,1.087511529487638,0.0
0.5805805805805806,0.2924950925985699,0.32441441360352447,1.1148977492750767,0.1344459062537134,0.044371097191676784,-0.5888704703006485,0.11931139930123726,0.12251793406596545,0.49172260249766486,1.0906028818135687,0.0
0.6006006006006006,0.29918561939313904,0.3345263397284591,1.1172436782342712,0.11729644795972018,0.03261429037246489,-0.5878403409605943,0.12081673305102893,0.12419192962146365,0.49114362536434436,1.0936906572928624,0.0
0.6206206206206206,0.3060383023742094,0.34263414905351935,1.1192957926218394,0.10260571937841707,0.02107378064428778,-0.5770254864088554,0.1224698441555383,0.12594215959523708,0.49054525872166704,1.0967747340254301,0.0
0.6406406406406406,0.3130121014617845,0.34868995437875316,1.1211061277284993,0.09051675533299183,0.009912697059126294,-0.5580541792580741,0.12437842396612776,0.12788658565646627,0.48992752619212343,1.0998549902572035,0.0
0.6606606606606606,0.3200657292586855,0.35268138984504893,1.1227328924013313,0.08133823364160869,-0.0007692523675732257,-0.534097471334976,0.12631194479325059,0.12982221033513416,0.48929045216273603,1.1029313043849407,0.0
0.6806806806806807,0.3271580268595268,0.3546148800420649,1.1242340507209816,0.07505791598251241,-0.010929452687885415,-0.5080100160156092,0.12811481645319495,0.13162689760431592,0.48863406178409674,1.1060035549610272,0.0
0.7007007007007007,0.3342483643157969,0.35451687281350774,1.1256632332955434,0.07145912872809629,-0.020448207238572307,-0.4759377275343445,0.129772006205255,0.13322761169499633,0.4879583809693737,1.1090716206982714,0.0
0.7207207207207207,0.3412970824260747,0.3524359055138893,1.127068473796303,0.07026202503798147,-0.029295654416548043,-0.44237235889878707,0.13122856409473027,0.13461921439793256,0.48726343639328856,1.1121353804746905,0.0
0.7407407407407407,0.34826623823768305,0.34845779058041787,1.1284913765351743,0.0711451369435609,-0.03753271799190349,-0.4118531787677721,0.13241549259865862,0.13579223549962416,0.48654925549106326,1.1151947133382953,0.0
0.7607607607607607,0.3551198961997724,0.3426828981044683,1.1299660221429397,0.07373228038827195,-0.04500600878088633,-0.37366453944914263,0.13338833750422693,0.13665703233527518,0.485815866457337,1.1182494985118623,0.0
0.7807807807807807,0.3618242874189793,0.3352195609603451,1.1315185223439899,0.07762501005251149,-0.05172569904617388,-0.335984513264377,0.1341378419866676,0.13730301140891749,0.4850632982450529,1.1212996153977037,0.0
0.8008008008008007,0.36834852011179103,0.32621163464058545,1.1331682965084504,0.08248870822302411,-0.05758295244583833,-0.29286266998322313,0.13470392494500347,0.13768477429623852,0.48429158056431554,1.1243449435824273,0.0
0.8208208208208209,0.37466482021180997,0.31581500500094667,1.134928061576147,0.0879882533848248,-0.0626019811248921,-0.2509514339526881,0.13438892129969168,0.1367548529253114,0.4835007438812175,1.127385362841691,0.0
0.8408408408408409,0.3807505953356676,0.3042887561928816,1.1367781136015698,0.09250260127114092,-0.06716141708688866,-0.2279717980998281,0.13489707230725267,0.13731715666614985,0.48269081941663694,1.1304207531449484,0.0
0.8608608608608609,0.3865846590898588,0.29170318770955916,1.1387330693051565,0.09774778517934027,-0.0710678715039323,-0.19532272085218128,0.13523139065820736,0.13758336565578008,0.48186183914500486,1.1334509946601878,0.0
0.8808808808808809,0.3921479802906533,0.2781660600397247,1.1408006131688453,0.10337719318443497,-0.07419023471429971,-0.1561181605183704,0.13533603958184934,0.13752195294279504,0.48101383579304297,1.1364759677586627,0.0
0.9009009009009009,0.39742471540254426,0.26383675559454894,1.1429802937498963,0.10898402905255379,-0.0765598491355702,-0.118480721063523,0.13528993467110795,0.13730655367500558,0.48014684283847153,1.1394955530196147,0.0
0.9209209209209209,0.4024024817583515,0.24888831779036394,1.1452673316766218,0.11435189633627088,-0.07813450535608844,-0.078732811025913,0.135163042209563,0.13695452419891457,0.4792608945086879,1.142509631234988,0.0
0.9409409409409409,0.40707219041868226,0.2334854330165358,1.147653931966158,0.11933001447681747,-0.07889897972673071,-0.038223718532115016,0.13499489251140495,0.1365163469031826,0.4783560257794152,1.1455180834141359,0.0
0.960960960960961,0.41142816883940087,0.21779892103593118,1.1501306488896301,0.1238358461735978,-0.07897179029423958,-0.0036405283754433124,0.1347581271573822,0.13605048610059492,0.4774322723733215,1.1485207907885175,0.0
0.980980980980981,0.4154680683760757,0.20199497683374204,1.1526868643609602,0.12781077356650822,-0.07830769619726374,0.03320470484879244,0.13456028794199834,0.13555557968748821,0.47648967075860943,1.151517634816387,0.0
1.001001001001001,0.41919233878088513,0.18621352024047136,1.1553123244335934,0.13127300363166555,-0.07699233271588915,0.06576817406872856,0.13436736093449844,0.13507948919477886,0.47552825814757677,1.1545084971874737,0.0
1.021021021021021,0.4226043457090302,0.17060034640725313,1.1579973568814275,0.13425162239170607,-0.07512112179662306,0.09356054596330446,0.13417628361163467,0.13420062175256822,0.4745480724951473,1.1574932598276524,0.0
1.0410410410410411,0.42571045587604966,0.155305508350973,1.1607265649340783,0.13646040263253784,-0.0730492726636102,0.10359245665064423,0.13390263253790108,0.13387552490823432,0.47354915249737217,1.1604718049036047,0.0
1.0610610610610611,0.42851869786979446,0.14041209968723894,1.1634916685738148,0.13825518198681894,-0.07069333117979916,0.11779707419055208,0.13380430666768364,0.13365667349111657,0.4725315375899024,1.1634440148274712,0.0
1.0810810810810811,0.431037532989342,0.1259417559773775,1.166288589773487,0.13984605998361146,-0.06797329214652904,0.13600195166350545,0.13373007588101965,0.1333852479044108,0.4714952679464322,1.1664097722614932,0.0
1.1011011011011012,0.4332765942528304,0.11195306317442019,1.1691128908399593,0.1412150533236191,-0.0649563785750438,0.15084567857426193,0.13363872935552037,0.13311106833115144,0.4704403844771127,1.1693689601226458,0.0
1.1211211211211212,0.435246874333337,0.09851400402532949,1.171959914776771,0.14235119684058395,-0.06153227850182269,0.1712050036610562,0.1336258107299286,0.13281151058194465,0.46936692882693704,1.1723214615872586,0.0
1.1411411411411412,0.43696046943668604,0.0856797551674521,1.1748258339029456,0.14329595630872893,-0.057701488833632304,0.19153948340951915,0.13364567554881224,0.13250448812722543,0.46827494337409614,1.1752671600956295,0.0
1.1611611611611612,0.43843111178980954,0.0735321176561754,1.1777072563020303,0.14407111995424207,-0.0536820897660086,0.20096995338118484,0.1336070956778654,0.13224526722166374,0.467164471228306,1.1782059393566253,0.0
1.1811811811811812,0.4396740203720509,0.06214542911206888,1.1806006774127418,0.1446710555355718,-0.0493906028498295,0.214574345808955,0.13363635630976656,0.13196796018762996,0.4660355562291055,1.1811376833522729,0.0
1.2012012012012012,0.44070518043989454,0.051558003392181743,1.1835033089463949,0.14513157668265425,-0.04502799138691944,0.21813057314550227,0.1336017274099994,0.13172539220323032,0.46488824294412573,1.184062276342339,0.0
1.2212212212212212,0.44154161209816767,0.04182158291365575,1.18641191917204,0.14543051128225354,-0.04065058262241903,0.21887043822502025,0.13350674753811478,0.1313776552875151,0.4637225766673307,1.1869796028689001,0.0
1.2412412412412412,0.44220065282684773,0.03295203643400424,1.1893207652344249,0.14544230311925097,-0.036257653555614035,0.2196464533402502,0.13348039511732276,0.13114080946802914,0.462538603417229,1.1898895477609006,0.0
1.2612612612612613,0.44269958297902084,0.0249465076086562,1.192226686784338,0.14529607749565898,-0.031921127116581356,0.2168263219516336,0.13346430763599323,0.13094199501604575,0.4613363699350574,1.1927919961386984,0.0
1.2812812812812813,0.4430556428738752,0.01780299474271925,1.1951271642619896,0.14502387388257418,-0.027589592189927105,0.21657674633271254,0.1334564298867103,0.13069997947642187,0.4601159236829352,1.1956868334186013,0.0
1.3013013013013013,0.4432858680475025,0.011511258681363167,1.1980190763855698,0.1445956061790114,-0.023308372622515238,0.21406097837059299,0.1333470803695895,0.1303653361943915,0.45887731284199057,1.1985739453173903,0.0
1.3213213213213213,0.44340733180202174,0.006073187725964101,1.2008963523000191,0.14386379572246974,-0.01913284153928771,0.2087765541613765,0.13325467461504437,0.1300659573172304,0.45762058631045877,1.2014532178568313,0.0
1.3413413413413413,0.4434368495583553,0.0014758878166777015,1.2037536149807389,0.14286313403598183,-0.01512927981500925,0.20017808621392275,0.13320422192732342,0.12983843536311152,0.4563457937017514,1.2043245373681746,0.0
1.3613613613613613,0.44339074946834317,-0.00230500450060465,1.2065870926736317,0.1416738846446458,-0.011350348977330468,0.18894654188393914,0.13308580100370995,0.12956943958092842,0.45505298534249783,1.2071877904966422,0.0
1.3813813813813813,0.44328470647945517,-0.005302149444400714,1.2093913137873873,0.14021105568777723,-0.007884692486426636,0.17328282454519175,0.13293148810359728,0.1293235256207232,0.45374221227055844,1.2100428642059031,0.0
1.4014014014014013,0.4431334537241661,-0.007562637764451496,1.2121605440966043,0.1384615154608515,-0.004712549750589097,0.15860713679187682,0.13279537263348395,0.12908298734871834,0.45241352623300973,1.2128896457825364,0.0
1.4214214214214214,0.4429504697794884,-0.009149197233886255,1.2148893332169066,0.13643945601511184,-0.001841942171994383,0.1435303789297357,0.13304742862621377,0.12957240095257874,0.4510669796841014,1.2157280228404794,0.0
1.4414414414414414,0.4427479848477762,-0.010124246585607665,1.2175887432770187,0.13497050300560662,0.0009808434074571682,0.14113927897257755,0.13340521635913943,0.12966679301991127,0.44970262578318554,1.2185578833254664,0.0
1.4614614614614614,0.4425371294451141,-0.010542770133106519,1.2202655098276534,0.13383832753173258,0.003611395492889027,0.13152760427159296,0.13297116415306898,0.12905548900745997,0.44832051839261794,1.2213791155194507,0.0
1.4814814814814814,0.4423288900122574,-0.010411971642834495,1.22290415085412,0.13193205132334124,0.005913557490678053,0.11510809988945128,0.13271474052248905,0.12871067614301557,0.4469207120756319,1.2241916080450161,0.0
1.5015015015015014,0.4421334417268507,-0.009772414270335367,1.2254957357604244,0.12957924531521234,0.007832356004503063,0.09593992569125057,0.13262237935693996,0.12857640244984142,0.44550326209418395,1.2269952498697734,0.0
1.5215215215215214,0.4419596403809895,-0.008690067293059645,1.228036864588776,0.12705644141758868,0.00943584141624093,0.08017427058689329,0.132420810455814,0.1283020951344607,0.4440682244067723,1.2297899303107438,0.0
1.5415415415415414,0.4418148927294048,-0.007237382579236707,1.230520436506068,0.12417859586460388,0.010583908896613141,0.05740337401861055,0.13234829925483022,0.1282643574249302,0.4426156556662276,1.2325755390387292,0.0
1.5615615615615615,0.4417053735683948,-0.005475958050499684,1.2329447647926703,0.12121641433011905,0.011317526349322956,0.03668087263549077,0.13210729869296306,0.12805460519240908,0.44114561321747664,1.2353519660826662,0.0
1.5815815815815815,0.44163547947792464,-0.0034947045235069647,1.2353031276343343,0.11791814208319377,0.011584391514317048,0.013343258249704587,0.13227595184549673,0.1283147192494701,0.4396581550952781,1.2381191018339694,0.0
1.6016016016016015,0.44160811971425995,-0.001367988183235273,1.237601845768032,0.11493590668488869,0.011439176749844977,-0.00726073822360335,0.13240128399789808,0.12852947463877773,0.4381533400219318,1.2408768370508576,0.0
1.6216216216216217,0.44162440457396634,0.0008142429853185487,1.2398459453924404,0.1122049812204155,0.010906663911813927,-0.02662564190155255,0.13307007240554583,0.12956002577656126,0.4366312274049601,1.2436250628626662,0.0
1.6416416416416417,0.44168406030450136,0.002982786526750287,1.2420606067230655,0.11073306653125206,0.010282184880936929,-0.031223951543849972,0.13415723087568796,0.13056528772968212,0.43509187733476284,1.2463636707741457,0.0
1.6616616616616617,0.44178541990177506,0.005067979863683769,1.2442768498860728,0.11081215815036304,0.009345326775270424,-0.046842905283325055,0.13350734783858734,0.12999519541306853,0.433535350582245,1.2490925526697454,0.0
1.6816816816816818,0.4419258579086189,0.007021900342191398,1.2464766280741428,0.10998890940350683,0.008142102450270115,-0.060161216250015456,0.1334240613748415,0.1299852982062038,0.43196170859641764,1.2518116008178803,0.0
1.7017017017017018,0.4421017676354793,0.008795486343022185,1.248658596739533,0.10909843326950226,0.006583583722208572,-0.07792593640307718,0.13361286830483066,0.13033751799386314,0.4303710135019718,1.2545207078751857,0.0
1.7217217217217218,0.44230853467260584,0.010338351856325805,1.2508308118820446,0.10861075712557951,0.004767210702161162,-0.09081865100237052,0.13381342525047113,0.13067152317539987,0.4287633280968261,1.2572197668907532,0.0
1.7417417417417418,0.4425401907262931,0.011582802684362965,1.2530012376406305,0.10852128792930116,0.002625831104673537,-0.1070689798743812,0.13404149941629673,0.13110799374459822,0.4271387158496476,1.2599086713103547,0.0
1.7617617617617618,0.4427897281416798,0.012476870769334526,1.2551797594026746,0.10892608810220411,0.0001792137712250134,-0.12233086667242621,0.13433284768822612,0.13163168915383464,0.4254972408973459,1.262587314980648,0.0
1.7817817817817818,0.44304879261659863,0.012953223745942941,1.257378482941479,0.10993617694021215,-0.002445117215551625,-0.1312165493388319,0.13468152195360847,0.13216227930260524,0.4238389680425416,1.265255592153367,0.0
1.8018018018018018,0.4433078275664447,0.01295174749230429,1.259610447916891,0.11159824877060155,-0.005295225612881768,-0.1425054198665072,0.13497559695639627,0.13270290921033742,0.42216396275100754,1.2679133974894983,0.0
1.8218218218218218,0.4435564269591919,0.012429969637358589,1.2618880085366884,0.11387803098987201,-0.008167796584986215,-0.14362854860522245,0.13477709805144691,0.13249390974419847,0.4204722911490846,1.270560626063438,0.0
1.8418418418418419,0.44378341810507443,0.011349557294127347,1.2642050841304584,0.11585377968849647,-0.011305667088273536,-0.15689352516436583,0.1348098134946478,0.13286419717765807,0.4187640200210709,1.2731971733671346,0.0
1.8618618618618619,0.4439774368604098,0.009700937766769559,1.2665675683474438,0.11812421084927387,-0.014578557983112436,-0.163644544741945,0.1353897082747666,0.13372790636600915,0.41703921680658557,1.2758229353142152,0.0
1.8818818818818819,0.4441258932956952,0.007422821764270417,1.2689967253906775,0.12145785216169049,-0.01798787579562617,-0.17046589062568665,0.1356857329873605,0.134348120504181,0.41529794959790634,1.278437808244094,0.0
1.901901901901902,0.44421559246551584,0.004484958491031591,1.2715059588526465,0.12546167309844725,-0.021395857119305257,-0.17039906618395442,0.13583910002815647,0.13477001771654576,0.4135402871372809,1.2810416889260652,0.0
1.921921921921922,0.44423281300721457,0.0008610270849366821,1.2741035677114265,0.12988044293900167,-0.024754996984869763,-0.16795699327822558,0.13595315006315845,0.13514170823056332,0.4117662988142137,1.2836344745633783,0.0
1.941941941941942,0.4441638043514854,-0.003450432786457391,1.2767964774500955,0.1346454869334503,-0.028013148746101335,-0.16290758806157818,0.13581693164188272,0.13525198978936984,0.4099760546627262,1.2862160627972954,0.0
1.961961961961962,0.44399519441748336,-0.008430496700100577,1.2795839926527148,0.1393757601309644,-0.031232185191754018,-0.1609518222826346,0.13557517395585264,0.13531604488613075,0.40816962535859197,1.2887863517111338,0.0
1.981981981981982,0.44371402152081474,-0.014058644833430771,1.2824631365468706,0.14395719470778506,-0.03427551028565217,-0.1521662546949075,0.13532846040008106,0.13530101213176066,0.406347082216547,1.291345239834288,0.0
2.002002002002002,0.4433075859537672,-0.020321778352378604,1.2854296506718952,0.14832570625122332,-0.03718490064116775,-0.1454695177757793,0.13481543637758495,0.13506294000874733,0.4045084971874737,1.2938926261462367,0.0
2.022022022022022,0.4427641264809577,-0.027172973640473125,1.288472014632718,0.1521181980411412,-0.039870371873925885,-0.1342735616379065,0.13380235856987924,0.13386222694816058,0.40265394285556094,1.2964284100805297,0.0
2.042042042042042,0.4420733583791624,-0.03453840508976533,1.2915570386628088,0.1542512015045448,-0.04278239327150905,-0.1456010698791588,0.13263401449146997,0.13323827965201404,0.4007834924354383,1.2989524915287594,0.0
2.062062062062062,0.4412257381619915,-0.04238101085854326,1.2946577812210163,0.1550371279103695,-0.045583754781049986,-0.14006807547704644,0.13291957120947723,0.1338797549323957,0.3988972197692855,1.3014647708445124,0.0
2.0820820820820822,0.44020925923584925,-0.05082394630711236,1.297787489668897,0.15648542239403218,-0.04809300538440726,-0.1254625301678634,0.1328071724841624,0.13402234593385753,0.3969951993239177,1.3039651488473027,0.0
2.1021021021021022,0.4390129363937047,-0.05981614210722819,1.300946121772047,0.15793160515750196,-0.050350029160956405,-0.1128511888274577,0.13236275228523156,0.13385822073055204,0.39507750618784515,1.3064535268264883,0.0
2.1221221221221223,0.43762738742841173,-0.06927744826464767,1.304124208040548,0.15890431342504538,-0.05236477218580681,-0.10073715124252117,0.13167088987108314,0.13345905729828159,0.39314421606830946,1.308929806545167,0.0
2.1421421421421423,0.43604458385061406,-0.07914017888988278,1.3073051676323806,0.15904797959163447,-0.054028597201011844,-0.08319125076025119,0.13088457220837882,0.13289106948401555,0.39119540528829405,1.3113938902440563,0.0
2.1621621621621623,0.4342577261894832,-0.08934288305654173,1.3104685580208006,0.15816951942099786,-0.0553044819957088,-0.06379423973484727,0.13006271926069368,0.1322553082327609,0.38923115078351167,1.3138456806453502,0.0
2.1821821821821823,0.4322615930793424,-0.09980665550704101,1.3135924707165312,0.1561956347865257,-0.05631229450360263,-0.05039062539469102,0.1292242782204007,0.13167233243980522,0.3872515300993669,1.3162850809565623,0.0
2.2022022022022023,0.4300524507028345,-0.1104571188253956,1.316655608968107,0.15315691257878694,-0.05698572616528385,-0.03367158308406158,0.12846278930889518,0.13111613179884257,0.38525662138789457,1.3187119948743449,0.0
2.2222222222222223,0.42762758692951996,-0.12124318866572639,1.3196382651131107,0.14913280725018657,-0.05736347829328562,-0.018887606400088693,0.12809818018513572,0.1305639570045868,0.3832465034046749,1.3211263265882922,0.0
2.2422422422422423,0.4249852301772193,-0.13211783761503293,1.3225267325857184,0.14442337363038255,-0.05770271592907168,-0.016961881789302795,0.12732937099517286,0.13018252603540312,0.3812212555057239,1.3235279807847222,0.0
2.2622622622622623,0.42212498491888356,-0.14301226291678515,1.3253039161014413,0.138859175786145,-0.057883182112725036,-0.009023309182668261,0.12678311573083562,0.12995063553788122,0.37918095764436094,1.3259168626504394,0.0
2.2822822822822824,0.41904627020382096,-0.15393573575313,1.3279582323439654,0.13271581212620404,-0.05777609219684845,0.005354495793830022,0.1262899927497383,0.12968297048838306,0.3771256903680519,1.3282928778764782,0.0
2.3023023023023024,0.4157490990809756,-0.16485855614226758,1.3304783896088588,0.1260078632446686,-0.057324069514242466,0.02260113413030041,0.12585858951721673,0.1294266560838022,0.37505553481522974,1.330655932661826,0.0
2.3223223223223224,0.41223450475073975,-0.17572971651179317,1.3328542399586474,0.11879251748942873,-0.056492777631018024,0.041564594161221574,0.12551913860256064,0.12921915803730358,0.3729705727120911,1.3330059337171258,0.0
2.3423423423423424,0.4085047356699808,-0.18648845403794867,1.3350777920859769,0.11117760636647843,-0.0553802790744751,0.05562492782714652,0.1252857814980629,0.1291629946574349,0.37087088636936966,1.33534278826836,0.0
2.3623623623623624,0.4045631968970329,-0.19707693864739603,1.337144942078495,0.10335749962591191,-0.05392844958121274,0.07259147466311733,0.12517991504258988,0.12917856734866281,0.36875655867908697,1.3376664040605122,0.0
2.3823823823823824,0.40041419410974843,-0.20745013936422244,1.3390545887595946,0.09548233405497077,-0.05215918835935483,0.08846306109289553,0.12511100965196004,0.12922264381778487,0.36662767311128003,1.3399766893612095,0.0
2.4024024024024024,0.3960631928488246,-0.21755006304619173,1.340806663687364,0.08760374638846403,-0.04994230418777474,0.11084420857900387,0.1252552576556216,0.12936900228966083,0.3644843137107058,1.3422735529643444,0.0
2.4224224224224224,0.3915166655916171,-0.2273263628603752,1.3424058197338127,0.07995780232243807,-0.04738301189203749,0.12796461478686333,0.12616631672948733,0.13011949968351502,0.36232656509352335,1.3445569041936742,0.0
2.4424424424424425,0.38678180627294717,-0.23674296593349436,1.343877068587297,0.07356244267421093,-0.04479742295837485,0.12927944668313132,0.1266244200032396,0.13079606522731924,0.36015451244395347,1.3468266529064024,0.0
2.4624624624624625,0.38186752011978975,-0.24571430765787225,1.345237673966926,0.06803026898145403,-0.04200318801107146,0.13971174736516914,0.12667442970374473,0.13092188625704193,0.3579682415109156,1.3490827094967364,0.0
2.4824824824824825,0.37678349356924756,-0.25420132752710956,1.3464906924705176,0.06265092517957938,-0.03882106786358677,0.15910600737423497,0.1271424406675182,0.13132150106768237,0.3557678386046427,1.3513249848994247,0.0
2.5025025025025025,0.3715398908945418,-0.2621801337352863,1.3476494291289085,0.057936832919547446,-0.03543993365962062,0.16905671019830662,0.12765725261441035,0.13186068848726673,0.3535533905932738,1.3535533905932737,0.0
2.5225225225225225,0.36614830584102653,-0.26957925267576416,1.348729979255737,0.05402750634142564,-0.031908198288876706,0.1765867685371966,0.12809355639378514,0.13232300879968042,0.3513249848994246,1.3557678386046428,0.0
2.5425425425425425,0.3606212091646503,-0.27635483381881126,1.3497461300070464,0.050807537565468464,-0.028082647519261757,0.19127753848074752,0.1286418906919842,0.13277339346151845,0.34908270949673637,1.3579682415109156,0.0
2.5625625625625625,0.3549717714907945,-0.2824718836927892,1.3507131284274645,0.04834992102091122,-0.024108706535659143,0.19869704918013056,0.12937250677361276,0.13346005814173467,0.34682665290640247,1.3601545124439536,0.0
2.5825825825825826,0.3492141749354521,-0.28787982776712073,1.3516524073254286,0.04696394489820579,-0.01992661077900153,0.20910478783288075,0.1303667574720298,0.13433860305682646,0.34455690419367424,1.3623265650935232,0.0
2.6026026026026026,0.34336323164646076,-0.2925471644495678,1.3525921075114238,0.04698500929975923,-0.015663553172868185,0.21315288030666704,0.1310661385135414,0.1349710853556459,0.3422735529643443,1.3644843137107059,0.0
2.6226226226226226,0.337434892071295,-0.29641697875828854,1.3535523174446922,0.048010496663418,-0.011237586814202241,0.22129831793329724,0.1318204388402687,0.13566745287997772,0.3399766893612096,1.3666276731112799,0.0
2.6426426426426426,0.3314456032268951,-0.2994644422199966,1.3545548248406107,0.05012536979593075,-0.006656313096987078,0.2290636858607581,0.13229330214479354,0.13594656374027217,0.33766640406051224,1.3687565586790869,0.0
2.6626626626626626,0.3254127677005394,-0.3016417763177844,1.3556110052579793,0.05280902086843249,-0.0020513746776922356,0.23024692096474214,0.1332681322055197,0.13677152521311514,0.33534278826836,1.3708708863693695,0.0
2.6826826826826826,0.31935439239889446,-0.30291876508224813,1.3567476845669648,0.0568339654492737,0.0025086750715855506,0.22800248746388935,0.1338117355263122,0.13719131523559677,0.33300593371712583,1.372970572712091,0.0
2.7027027027027026,0.3132887991903891,-0.3032796604252681,1.3579792154396981,0.06157654363666751,0.0071084952135343025,0.2299910070974376,0.13462670234330418,0.13778920355432897,0.3306559326618259,1.3750555348152298,0.0
2.7227227227227226,0.30723427987873575,-0.30272596558266684,1.3593265248113953,0.06736546858485823,0.011751800046154049,0.23216524163098726,0.13536642978641156,0.1382731706709091,0.3282928778764782,1.377125690368052,0.0
2.7427427427427427,0.30120947718045726,-0.3012401349139249,1.3608076517665826,0.07405634775936101,0.016362157727366565,0.23051788406062595,0.135982475929363,0.13864649887850325,0.32591686265043934,1.379180957644361,0.0
2.7627627627627627,0.2952333702063045,-0.2988053487076374,1.362437075184521,0.08147117089691694,0.020784472431134692,0.22111573518840621,0.13640263013675133,0.1389006985126966,0.32352798078472217,1.381221255505724,0.0
2.7827827827827827,0.2893248023533581,-0.29542839264731924,1.3642245204889742,0.0893722652226595,0.025082343457621583,0.21489355132434435,0.1368662486776654,0.1391361582384751,0.32112632658829215,1.383246503404675,0.0
2.8028028028028027,0.28350196637744896,-0.29114179879545904,1.3661800071760906,0.09777433435581166,0.029217988082000653,0.20678223121895317,0.13687511582757808,0.13891627081102093,0.3187119948743448,1.3852566213878945,0.0
2.8228228228228227,0.27778232211137527,-0.2859822133036835,1.3683000070143623,0.10599999191358984,0.03308671580573845,0.19343638618689094,0.13624327006158496,0.138327828374346,0.31628508095656227,1.3872515300993669,0.0
2.8428428428428427,0.2721821720689501,-0.280007502121258,1.3705659906653636,0.11329918255006528,0.036880003859483014,0.1896644026872274,0.13542335835410768,0.13718834606593544,0.3138456806453503,1.3892311507835116,0.0
2.8628628628628627,0.26671618277062326,-0.2732994649163443,1.3729484557952212,0.11912325649287617,0.04061015678707951,0.18650764637982564,0.1358723562206579,0.13728673957590765,0.3113938902440563,1.391195405288294,0.0
2.8828828828828827,0.26139993512192433,-0.26581238243494637,1.375454970558722,0.125325738175045,0.04406997409518133,0.17299086540509048,0.13622906872650437,0.13740262747397183,0.30892980654516716,1.3931442160683094,0.0
2.9029029029029028,0.256248730539432,-0.2575602291246182,1.378091945953133,0.13184876972054843,0.047241138059773966,0.1585581982296309,0.13610108821692865,0.13703194220578677,0.3064535268264883,1.395077506187845,0.0
2.9229229229229228,0.25127616843425743,-0.2486281052587266,1.380851407850755,0.13797309488110499,0.05016091409061234,0.14598880154191898,0.13565120596010027,0.13630802958482988,0.3039651488473027,1.3969951993239176,0.0
2.942942942942943,0.2464941692414686,-0.23909995963944122,1.3837154004572592,0.14319963032521094,0.05281270947724234,0.13258976933150007,0.1353324504935917,0.13571872907113394,0.3014647708445124,1.3988972197692855,0.0
2.962962962962963,0.24191371480676732,-0.22902272173506397,1.3866699153271214,0.14772574349311118,0.05522806142199524,0.12076759723764523,0.13493767132583345,0.1350263051322248,0.29895249152875947,1.4007834924354383,0.0
2.982982982982983,0.23754451073328997,-0.21846020367386795,1.3896983201908806,0.15142024318795883,0.05737766811710394,0.10748033475543549,0.13438257730480072,0.13418585946989536,0.29642841008052967,1.4026539428555609,0.0
3.003003003003003,0.2333950104985283,-0.20747501173808477,1.3927794503194004,0.15405650642598695,0.05917002077129057,0.08961763270933101,0.1338387098597777,0.1334194739295251,0.29389262614623657,1.4045084971874737,0.0
3.023023023023023,0.22947255313978598,-0.1961228679371159,1.3958934452064846,0.15569974435421194,0.06066059138234045,0.07452853055249384,0.13003425186220322,0.13223722293756268,0.291345239834288,1.406347082216547,0.0
3.043043043043043,0.22577981506999692,-0.1846369034894537,1.398966143657101,0.1536349225308179,0.06405323982246357,0.16963242200615603,0.1320019259990605,0.13240487446532037,0.2887863517111338,1.408169625358592,0.0
3.063063063063063,0.22232442868562258,-0.1727693192187167,1.4020287751417202,0.15313157423095608,0.06808798529114979,0.2017372734343099,0.13262349942893098,0.13191189542035692,0.28621606279729545,1.4099760546627262,0.0
3.083083083083083,0.21911969341585025,-0.160236763488616,1.4050824127024248,0.1526818780352378,0.07210683828841463,0.2009426498632419,0.13247071265540103,0.1310161602345099,0.28363447456337826,1.4117662988142137,0.0
3.103103103103103,0.21618020869347093,-0.14697423611896523,1.4081105147030823,0.15140510003287427,0.07584604842881051,0.1869605070197944,0.13166991263318367,0.12962097209455978,0.2810416889260653,1.4135402871372809,0.0
3.123123123123123,0.21351925224814355,-0.13304782226636863,1.4110795337643167,0.14845095306171688,0.07890678150534998,0.15303665382697434,0.13038880133268602,0.1280095615946803,0.27843780824409403,1.4152979495979063,0.0
3.143143143143143,0.21114788996745643,-0.11856811403435662,1.4139456711213088,0.14330686784960636,0.08135843757439087,0.1225828034520459,0.12888509004323084,0.12614651125787962,0.27582293531421515,1.4170392168065855,0.0
3.163163163163163,0.20907380529249409,-0.10370423374811649,1.4166582983162384,0.13563135974648113,0.08309815563064067,0.08698590281248852,0.1273684256941397,0.12435992259202754,0.2731971733671345,1.418764020021071,0.0
3.183183183183183,0.2073022207512652,-0.0885792270614445,1.4191678986693186,0.12548001765400743,0.08400477136423544,0.04533078667973841,0.12594013462558612,0.12277181988412456,0.27056062606343795,1.4204722911490846,0.0
3.203203203203203,0.20583583726050345,-0.0733191745380875,1.4214294061746344,0.11307537526579,0.08410634150379467,0.005078506977961868,0.12471342629387322,0.12140686991904864,0.2679133974894983,1.4221639627510076,0.0
3.2232232232232234,0.20467468971426087,-0.05805737731212851,1.4234042825055058,0.09874381654356346,0.08349356243062643,-0.030638953658412564,0.12458868794156937,0.12024722467124059,0.26525559215336697,1.4238389680425416,0.0
3.2432432432432434,0.2038174742695885,-0.042860772233618595,1.4250735359244677,0.08346267094809857,0.08154543506997018,-0.0974063680328123,0.12384657504545102,0.11981828219435292,0.26258731498064786,1.4254972408973459,0.0
3.2632632632632634,0.20326046981341633,-0.0278502228086078,1.426420063941093,0.06732640083127231,0.07867825122846174,-0.1433591920754223,0.12356071543317385,0.11965016825745747,0.2599086713103547,1.4271387158496476,0.0
3.2832832832832834,0.2029960808055563,-0.013219450393001347,1.4274377430257148,0.05088395423108169,0.07509621522014832,-0.17910180041566984,0.12376592253032502,0.11989772521850399,0.2572197668907532,1.4287633280968262,0.0
3.3033033033033035,0.20301448773983327,0.0009203467138473951,1.4281340867794763,0.034817187688072376,0.07096989143106426,-0.20631618945420427,0.12427893857149462,0.12039064784113192,0.2545207078751856,1.4303710135019718,0.0
3.3233233233233235,0.2033039044981503,0.014470837915851346,1.428524949209651,0.019543121508735682,0.06631715144459778,-0.2326369993233232,0.1250624188295967,0.12118960059109192,0.25181160081788034,1.4319617085964178,0.0
3.3433433433433435,0.2038510022568117,0.027354887933069345,1.4286348061251593,0.005492845775411334,0.061355673082586444,-0.24807391810056667,0.12597939357145768,0.12202112726022984,0.24909255266974542,1.433535350582245,0.0
3.3633633633633635,0.20464053200893992,0.039476487606412244,1.4284906685505698,-0.007206878729471898,0.05610431417011156,-0.2625679456237455,0.127034356021567,0.1230158051938229,0.24636367077414578,1.435091877334763,0.0
3.3833833833833835,0.20565613338530478,0.05078006881824317,1.4281240072664023,-0.018333064208376493,0.050598695626514076,-0.2752809271798737,0.12816302554066888,0.12409850774208611,0.24362506286266622,1.43663122740496,0.0
3.4034034034034035,0.2068801644572142,0.06120155359546996,1.4275686736318283,-0.027766681728706596,0.04496429584701579,-0.28171998897491457,0.12929664375780572,0.12513870616908063,0.24087683705085766,1.4381533400219317,0.0
3.4234234234234235,0.20829372450982933,0.07067800263075691,1.4268579283403315,-0.035537264574837746,0.039078903775752946,-0.29426960356314247,0.1294700069221445,0.12414175389807855,0.23811910183396956,1.439658155095278,0.0
3.4434434434434436,0.20987500265124726,0.07906390707089576,1.425980596817977,-0.04386657611772004,0.032137788018775836,-0.3470557878488555,0.13132993041883745,0.12665506484584624,0.23535196608266626,1.4411456132174767,0.0
3.4634634634634636,0.21160440153501356,0.08646994418831463,1.425002347192774,-0.04891248126015432,0.02475922959577466,-0.3689279211500583,0.13392716728129173,0.1295760493537218,0.23257553903872924,1.4426156556662275,0.0
3.4834834834834836,0.21345804424179288,0.09268213533896567,1.4240058331283971,-0.04982570321884747,0.01717716493727934,-0.37910323292476616,0.13607302625821247,0.1319589252739207,0.22978993031074396,1.4440682244067722,0.0
3.5035035035035036,0.215408790804284,0.09753732812455565,1.4230589457503775,-0.047344368900979185,0.00960257725295529,-0.37872938421620256,0.1378836721519899,0.13392532015688924,0.2269952498697734,1.445503262094184,0.0
3.5235235235235236,0.2174275124651587,0.10093608304373652,1.4222182642093113,-0.042034077053308166,0.0021287078950410097,-0.37369346789571406,0.1360382802306173,0.127990762939283,0.22419160804501612,1.4469207120756318,0.0
3.5435435435435436,0.21948261576516356,0.10275516500024301,1.421368943709308,-0.042466025000164366,-0.008550103245288184,-0.5339405570164597,0.1372501730710214,0.1319406557035396,0.22137911551945075,1.448320518392618,0.0
3.5635635635635636,0.22154502932050626,0.10312067776713466,1.4205876264518158,-0.03906586287461357,-0.02024425659265526,-0.584707667368354,0.14593893371790614,0.14199235681553307,0.2185578833254665,1.4497026257831855,0.0
3.5835835835835836,0.22356979365804647,0.10123821687701066,1.4201518020253576,-0.02179122132291035,-0.03186828900885484,-0.5812016208099788,0.15012284882797794,0.147028031756416,0.2157280228404795,1.4510669796841014,0.0
3.6036036036036037,0.22550423921240131,0.09672227771774176,1.4201973108137496,0.0022754394195957824,-0.04266797759420819,-0.5399844292676677,0.15270093796117515,0.15001203707705507,0.21288964578253633,1.4524135262330098,0.0
3.6236236236236237,0.22729462574206427,0.08951932648314748,1.420805179190856,0.0303934188553196,-0.05242636646989109,-0.48791944378414454,0.15558899851852506,0.1531033985785208,0.2100428642059031,1.4537422122705586,0.0
3.6436436436436437,0.22888885764628655,0.07971159521111379,1.422062105994321,0.06284634017325037,-0.06120353275701412,-0.43885831435615164,0.15714384004621845,0.15491935840102078,0.20718779049664213,1.4550529853424978,0.0
3.6636636636636637,0.23023972732824463,0.06754348409790381,1.4240158393175684,0.09768666616236607,-0.06874935142673666,-0.3772909334861265,0.15228631483056143,0.15022723791665307,0.20432453736817455,1.4563457937017514,0.0
3.6836836836836837,0.23131541195454267,0.053784231314902044,1.426522863618622,0.12535121505268457,-0.0750272195876771,-0.3138934080470217,0.14832648859902525,0.14638122181927132,0.20145321785683135,1.4576205863104588,0.0
3.7037037037037037,0.2320901614791126,0.03873747622849727,1.4294656141511992,0.14713752662885976,-0.08008517028988747,-0.25289753511051904,0.14487858270372528,0.14301005653100912,0.19857394531739028,1.4588773128419905,0.0
3.7237237237237237,0.23254424400302356,0.022704126195548187,1.4327413831228155,0.16378844858081637,-0.08395065380234985,-0.1932741756231199,0.14124413721018508,0.1394547873683379,0.19568683341860116,1.460115923682935,0.0
3.7437437437437437,0.2326647371339147,0.006024656544557031,1.4362423262488775,0.1750471563030944,-0.0867307011686526,-0.13900236831513674,0.1380037448617555,0.13633877508501183,0.1927919961386983,1.4613363699350574,0.0
3.7637637637637638,0.2324435751233098,-0.011058100530245078,1.4398732892863233,0.18154815187228848,-0.08848188470188978,-0.08755917666185963,0.13566810352781053,0.13407946814233504,0.18988954776090056,1.462538603417229,0.0
3.7837837837837838,0.23187545177919772,-0.028406167205603336,1.4435654917005312,0.18461012071039143,-0.08929011522380657,-0.04041152609584093,0.13258452998976408,0.1310816018267743,0.1869796028689002,1.4637225766673307,0.0
3.803803803803804,0.2309613562758292,-0.0457047751684257,1.4472285782356016,0.1831543267535179,-0.08907866648196792,0.010572437091933437,0.12955431184816305,0.12808210126850517,0.18406227634233893,1.4648882429441257,0.0
3.823823823823824,0.22970620200460196,-0.06275771356136194,1.4507732953365209,0.17723585504595998,-0.0880752017209864,0.05017323804907656,0.12937644357049904,0.12779755505125281,0.1811376833522728,1.4660355562291056,0.0
3.843843843843844,0.22811148197362788,-0.07973600154870403,1.45419289146217,0.1709798062824509,-0.08658327773940214,0.07459619907921113,0.12806971535421371,0.12673108846601416,0.17820593935662538,1.467164471228306,0.0
3.863863863863864,0.2261841332335902,-0.0963674370018826,1.457452682652582,0.16298955952059724,-0.08450827139441719,0.10375031724924792,0.12680634006163058,0.12562136688990366,0.17526716009562948,1.4682749433740963,0.0
3.883883883883884,0.22393286347066657,-0.11256348814618186,1.4605181348067782,0.15327260770981152,-0.08188429516656116,0.13119881139280137,0.12608451134292398,0.12503700465760073,0.17232146158725858,1.469366928826937,0.0
3.903903903903904,0.2213671385719822,-0.1282862449342178,1.4633706290174417,0.14262471053318368,-0.07888286807365193,0.1500713546454602,0.1253432755032,0.12452125182031568,0.16936896012264574,1.4704403844771128,0.0
3.923923923923924,0.21849828121730788,-0.14344286773371578,1.465992416853633,0.13108939180956267,-0.07552236702491295,0.16802505243695,0.12503785557134725,0.12441301593480128,0.16640977226149334,1.4714952679464322,0.0
3.943943943943944,0.21533790089355792,-0.15801901618749767,1.4683782812673696,0.11929322068683779,-0.07179047450861681,0.18659462581480696,0.12490456393820895,0.12444124022614374,0.16344401482747123,1.4725315375899024,0.0
3.963963963963964,0.211898561241173,-0.171966982619246,1.4705276279660915,0.10746733493609371,-0.06773846068164509,0.20260069134858633,0.12514848343395826,0.1248285755544337,0.16047180490360483,1.473549152497372,0.0
3.983983983983984,0.2081934358376787,-0.1852562701747158,1.4724507992677154,0.09615856508119115,-0.0635231549552731,0.21076528631859837,0.12549352877905198,0.12537743504456597,0.15749325982765244,1.4745480724951472,0.0
4.004004004004004,0.20423666560428008,-0.19783851166993058,1.4741620538771854,0.08556273047349783,-0.05917329364879508,0.21749306532390147,0.12577482003525373,0.12584972441016873,0.15450849718747373,1.4755282581475768,0.0
4.024024024024024,0.20004326298435143,-0.2096701309964326,1.475673560909783,0.0755753516298893,-0.05478672813436827,0.21932827572134034,0.12716462741271353,0.12705565949256528,0.151517634816387,1.4764896707586095,0.0
4.044044044044044,0.19562720309380968,-0.22080299452708801,1.477024702657945,0.06755708740810244,-0.050694294618814195,0.2046216757777046,0.1280179119178691,0.12832618076460514,0.14852079078851743,1.4774322723733215,0.0
4.064064064064064,0.19100333067532207,-0.2311936209243809,1.4782478365474034,0.061156694472922456,-0.046772346962926925,0.19609738279436317,0.12849444589901565,0.12914199398961906,0.14551808341413586,1.4783560257794153,0.0
4.084084084084084,0.1861862625786772,-0.24085340483224355,1.4793629031680406,0.0557533310318613,-0.04294038470674781,0.19159811280895586,0.12885570715782188,0.12980129082477238,0.14250963123498808,1.479260894508688,0.0
4.104104104104104,0.18119032058551807,-0.24979709965795693,1.4803857345849891,0.05114157084742417,-0.03918024736262664,0.18800686720605864,0.12877391872090221,0.1299982036645199,0.13949555301961475,1.4801468428384714,0.0
4.124124124124124,0.17603022580586816,-0.25800473898249576,1.4813186932183178,0.04664793166642841,-0.03562698226745478,0.17766325475859304,0.1289374365673894,0.13052716946616233,0.13647596775866258,1.481013835793043,0.0
4.1441441441441444,0.17072000728186,-0.26551092620040856,1.4821726219333664,0.04269643575242858,-0.03206884614516469,0.17790680611450416,0.12897271819190698,0.13078680688325425,0.13345099466018784,1.481861839145005,0.0
4.1641641641641645,0.1652732416493012,-0.2723382816279382,1.4829523978852197,0.038988797592670425,-0.028565358518048273,0.17517438135582122,0.12910122663068102,0.1311471142241613,0.1304207531449485,1.482690819416637,0.0
4.1841841841841845,0.15970343995079003,-0.2784900849255592,1.4836657224475727,0.03566622811764765,-0.025098751617621363,0.1733303450213457,0.12831525960912998,0.13055989000149631,0.1273853628416912,1.4835007438812176,0.0
4.2042042042042045,0.15402477682284382,-0.2839331563973108,1.484292669800413,0.031347367642023304,-0.02177409056659636,0.16623305255124976,0.12838501582933412,0.13090577576474416,0.12434494358242737,1.4842915805643155,0.0
4.2242242242242245,0.14825044422515646,-0.28871662988436836,1.4848397523548833,0.0273541277235088,-0.0185321619471353,0.16209643097305315,0.11681243398830755,0.12208502630514073,0.12129961539770377,1.485063298245053,0.0
4.2442442442442445,0.14239981889744185,-0.29253126638573046,1.4850052175844886,0.00827326148025799,-0.013261456225389172,0.2635352860873063,0.11390735273818958,0.11794118437844209,0.11824949851186238,1.4858158664573369,0.0
4.2642642642642645,0.13648631449093745,-0.2956752203252203,1.4846848861490018,-0.0160165717743405,-0.0069730309025208236,0.3144212661434175,0.1225235837133763,0.1258516426301971,0.11519471333829531,1.4865492554910633,0.0
4.2842842842842845,0.13052487492539558,-0.29807197827709325,1.4841238641395507,-0.02805110047256023,-0.00048667822807716766,0.32431763372218275,0.1280042815445698,0.13098634986541155,0.11213538047469059,1.4872634363932886,0.0
4.3043043043043046,0.12453759553552247,-0.29936396949365546,1.4834796470925298,-0.03221085235104647,0.005766991887853641,0.31268350579654053,0.13130731679505753,0.13414259584002805,0.10907162069827135,1.4879583809693737,0.0
4.324324324324325,0.11854939290877,-0.2994101313376242,1.482848020878078,-0.03158131072258428,0.011454538637501363,0.28437733748238603,0.13397212986773613,0.13689371064492947,0.10600355496102726,1.4886340617840967,0.0
4.344344344344345,0.11258536211940118,-0.2982015394684406,1.4823091552009688,-0.026943283855459122,0.016533673712270096,0.2539567537384365,0.13512748910340597,0.1381169223998439,0.10293130438494068,1.4892904521627361,0.0
4.364364364364365,0.10666872650502829,-0.2958317807186445,1.4818980893162137,-0.020553294237754566,0.021067061801367748,0.22666940445488265,0.1359760300736083,0.13897047043284091,0.0998549902572035,1.4899275261921234,0.0
4.384384384384385,0.10082048643302781,-0.2924120036000242,1.4816397481921921,-0.012917056201078768,0.024988550429453308,0.1960744314042781,0.13641469801865744,0.1394685580268644,0.0967747340254302,1.490545258721667,0.0
4.404404404404405,0.09505947843428024,-0.28805039993737847,1.481547659466773,-0.004604436270963059,0.028112751637569256,0.1562100604057974,0.13624887195928936,0.1394571998745126,0.09369065729286226,1.4911436253643444,0.0
4.424424424424425,0.08940167885065267,-0.2828899791813786,1.4816188299571356,0.003558524518133724,0.030510760665905603,0.11990045141681777,0.14372480913930227,0.14591550716529977,0.0906028818135687,1.4917226024976649,0.0
4.444444444444445,0.08386562688516316,-0.2768025982744752,1.4820592725747523,0.02202213088083885,0.03142502492254528,0.045713212831983485,0.14168142090169697,0.1446448256527713,0.08751152948763802,1.4922821672646027,0.0
4.464464464464465,0.07846012808145157,-0.2702749401855794,1.4828196112724934,0.03801693488705103,0.03142144184452011,-0.00017915390125849973,0.13671352753816235,0.14010572172269523,0.08441672235636702,1.4928222975744991,0.0
4.484484484484485,0.07318466653448225,-0.2637730773484662,1.483758951104292,0.04696699158992886,0.030746772553229725,-0.03373346456451893,0.13363516512954,0.13735689766524747,0.08131858259744175,1.493342972103934,0.0
4.504504504504505,0.06803648244774335,-0.2574092043369447,1.4847910064563814,0.05160276760447667,0.02975688752730164,-0.04949425129640456,0.13130915707629096,0.13516331711655552,0.07821723252011546,1.4938441702975689,0.0
4.524524524524525,0.06301090022561665,-0.2512791111063356,1.4858489362880325,0.05289649158255974,0.028297514071975203,-0.0729686727663217,0.12816275678467304,0.1335703009302014,0.07511279456037853,1.494325872368957,0.0
4.544544544544545,0.05810189024257611,-0.24545049915202694,1.4868626763059312,0.050687000894928703,0.027707903166418975,-0.029480545277811562,0.12922155647735337,0.1340204261891683,0.07200539127612605,1.4947880593013254,0.0
4.564564564564565,0.05330441636807696,-0.23987369372495765,1.4878547362391223,0.049602996659559404,0.02753387667650962,-0.008701324495467302,0.12903378873415566,0.13345623146905847,0.06889514534231898,1.4952307128483255,0.0
4.584584584584585,0.04861583890666616,-0.23442887307053975,1.4888140445603686,0.04796541606231572,0.027565417549068202,0.0015770436279285253,0.1288053241793966,0.13297240733598156,0.06578217954614128,1.4956538155347534,0.0
4.604604604604605,0.04403520985272661,-0.2290314526969775,1.4897300715342783,0.04580134869549002,0.027541556255456325,-0.001193064680593687,0.12878661427444488,0.132822729530686,0.06266661678215202,1.496057350657239,0.0
4.624624624624625,0.03956250606900455,-0.22363518918610314,1.4906003201063367,0.04351242860292108,0.027575668149591635,0.0017055947067653875,0.13094158141338463,0.13509488598511213,0.05954858004743485,1.4964413022849068,0.0
4.644644644644645,0.03519947137645933,-0.21815173462726095,1.4914903549670129,0.04450174303380608,0.027673051728263814,0.004869178933609473,0.1297876954189294,0.13373597764494954,0.05642819243674091,1.4968056552600042,0.0
4.664664664664665,0.030945173695905742,-0.21271488402767944,1.4923629599819102,0.04363025074486702,0.027782958677516335,0.005495347462625896,0.1294759452550904,0.1332388792583085,0.05330557713763,1.4971503951984995,0.0
4.684684684684685,0.0267996131579374,-0.20727802689841715,1.4932061462963109,0.042159315720035284,0.027894435648807288,0.005573848564547778,0.12925134309796998,0.13280578712619118,0.050180857425607565,1.4974755084906501,0.0
4.704704704704705,0.02276294692400198,-0.20183331169677113,1.494010162191818,0.04020079477536333,0.02783832282946017,-0.0028056409673558394,0.1293735617284971,0.1328160969834159,0.04705415665925714,1.49778098230154,0.0
4.724724724724725,0.018835602688950587,-0.1963672117525695,1.494776958242873,0.038339802552741484,0.027695451274642947,-0.007143577740861608,0.12917957173659766,0.13245506484684955,0.04392559827537166,1.4980668045715864,0.0
4.744744744744745,0.015017092426536066,-0.1909255131207261,1.4954983211582713,0.03606814576991495,0.02744973025267615,-0.012286051098339718,0.1291239598531986,0.13223086968595002,0.04079530578407882,1.4983329640170149,0.0
4.764764764764765,0.011306674220470414,-0.18552091030328263,1.4961701226129334,0.03359007273310466,0.027177135385703606,-0.013629743348627196,0.12916749688269943,0.13202531224581976,0.037663402763966375,1.498579450130307,0.0
4.784784784784785,0.007703293838377026,-0.18016901910466943,1.4967899894383188,0.03099334126926532,0.026784895325344414,-0.01961200301795972,0.12939611130889217,0.13206789951069436,0.03453001285720289,1.4988062531806126,0.0
4.804804804804805,0.004205922767278759,-0.17486855355491332,1.4973619667605396,0.028598866111036302,0.026363573470875184,-0.02106609272346112,0.12958200078683973,0.131995976369846,0.03139525976465676,1.499013364214136,0.0
4.824824824824825,0.0008130181131650151,-0.16964523270568718,1.4978877833530053,0.026290829623282552,0.025906234587387354,-0.022866944174391432,0.1289582333254833,0.13140481676455823,0.0282592672410122,1.4992007750544876,0.0
4.844844844844845,-0.002477549225612073,-0.16452836693885442,1.4983494899339593,0.023085329047701428,0.025503267327660936,-0.020148362986321586,0.12920487797472202,0.13132324916687635,0.0251221590898848,1.4993684783030088,0.0
4.864864864864865,-0.005667578660241304,-0.1595014717314615,1.4987495773670676,0.020004371655409973,0.02517846302620001,-0.016240215073046134,0.1298233375593951,0.13159457652495504,0.021984059158932447,1.4995164673390624,0.0
4.884884884884885,-0.008758346188323114,-0.15453837640409054,1.499101263369227,0.017584300107977194,0.024819413013398843,-0.01795250064005814,0.1296088600911102,0.13107133964607562,0.018845091334967347,1.4996447363202945,0.0
4.904904904904905,-0.011751415400586149,-0.14965346061315168,1.4993936541764878,0.01461954036303646,0.024268176564186245,-0.02756182246063021,0.12971821225621905,0.13096883828495814,0.015705379539064087,1.499753280182866,0.0
4.924924924924925,-0.014648253011221192,-0.1448418805317522,1.499626885911541,0.011661586752652749,0.023595132560200856,-0.03365220019926951,0.12966414297512682,0.1306760740584259,0.012565047721668766,1.49984209464165,0.0
4.944944944944945,-0.01745121575116718,-0.1401481369972993,1.4997958740590436,0.0084494073751359,0.022909342561978737,-0.03428949991110572,0.12971509387226085,0.13042183974622704,0.009424219857704088,1.4999111761904045,0.0
4.964964964964965,-0.020163043635987074,-0.1355913942409947,1.4998976699683826,0.005089795466954577,0.022180168936693813,-0.03645868126424653,0.12979248494282852,0.13020715025849583,0.006283019941676388,1.4999605221019081,0.0
4.984984984984985,-0.02278648897346041,-0.13117226687366682,1.499930301571709,0.0016315801663115467,0.02135751722691565,-0.041132585488907684,0.1299598595502833,0.13012036478139669,0.0031415719827794218,1.4999901304280685,0.0
5.005005005005005,-0.02532439682682623,-0.126895392668291,1.4998950258036956,-0.0017637884006708425,0.020422001952381794,-0.04677576372669276,0.13017793876897568,0.13010686396897808,3.061616997868383e-17,1.5,0.0
5.025025025025025,-0.027780006645952964,-0.12278049095633659,1.4997949417598082,-0.005004202194367629,0.019579497962043335,-0.04212519951692263,0.13394390451844865,0.1319043476412858,-0.0031415719827794716,1.4999901304280685,0.0
5.045045045045045,-0.030155239161138058,-0.11876162575925477,1.499712529078802,-0.004120634050311903,0.017247106995274313,-0.11661954833845112,0.13156043311517346,0.1302516901851113,-0.006283019941676326,1.4999605221019081,0.0
5.065065065065065,-0.032454677838127034,-0.11497193384944891,1.499588071081979,-0.006222899841160452,0.014285001916090794,-0.1481052539591759,0.1314415818833438,0.13036114017889772,-0.009424219857704138,1.4999111761904045,0.0
5.085085085085085,-0.03468745682876909,-0.11163894953210271,1.499421595081529,-0.0083238000224879,0.011126372808192583,-0.15793145539491085,0.1311800223361518,0.13011462260756423,-0.012565047721668703,1.49984209464165,0.0
5.105105105105105,-0.03686524253455668,-0.10888928528937991,1.4992057559008904,-0.010791959031931139,0.007990269167625182,-0.15680518202836985,0.1316873153063824,0.1305260027969792,-0.01570537953906425,1.499753280182866,0.0
5.125125125125125,-0.03900018667308639,-0.10674720692648536,1.498954318020523,-0.012571894018373041,0.005022416512637328,-0.14839263274939277,0.13216565042958112,0.1308389696494668,-0.018845091334967288,1.4996447363202945,0.0
5.145145145145145,-0.04110445336175596,-0.10521333443347813,1.4986791205021919,-0.013759875916556344,0.002309197874643098,-0.1356609318997114,0.1324603038942724,0.13089688664093108,-0.021984059158932385,1.4995164673390624,0.0
5.165165165165165,-0.0431896185648527,-0.10425826015483697,1.4983854617837629,-0.014682935921455288,-0.00022742228793646465,-0.12683100812897818,0.13256986595900158,0.1308282952419316,-0.025122159089884737,1.4993684783030088,0.0
5.185185185185185,-0.045266343176605515,-0.10383623058764099,1.4980739876420708,-0.015573707084603847,-0.0025091553957411897,-0.11408665539023627,0.1327831465043422,0.13083628927386895,-0.02825926724101214,1.4992007750544876,0.0
5.205205205205205,-0.04734459823464159,-0.10391275290180399,1.4977479865220216,-0.016300056002459932,-0.004492804883297371,-0.09918247437780908,0.1327895661053469,0.1306042891638726,-0.0313952597646567,1.499013364214136,0.0
5.225225225225225,-0.049433343964438776,-0.1044372864898591,1.497404104307515,-0.017194110725326343,-0.006203785766177792,-0.08554904414402101,0.13247122406150505,0.1302994986548521,-0.03453001285720283,1.4988062531806126,0.0
5.245245245245245,-0.05154036210048919,-0.10535090680252077,1.4970330823992077,-0.018551095415366453,-0.007392612652366781,-0.05944134430944942,0.13323478928845364,0.13068037476515287,-0.03766340276396631,1.498579450130307,0.0
5.265265265265265,-0.053672441876726484,-0.10660398881186474,1.496651839534219,-0.019062143249440746,-0.008298234846142335,-0.04528110968877778,0.13340834398859938,0.13062378046021578,-0.04079530578407876,1.4983329640170149,0.0
5.285285285285285,-0.05583432301731893,-0.10809405702962235,1.496262076813061,-0.019488136057900514,-0.00887767803086705,-0.028972159236235803,0.1336450013181912,0.1305962001981203,-0.0439255982753716,1.4980668045715864,0.0
5.305305305305305,-0.05802958488279569,-0.10976309327383835,1.4958668637756254,-0.019760651871782175,-0.009310255363017376,-0.02162886660751619,0.13370342397972312,0.1305084147914513,-0.04705415665925708,1.49778098230154,0.0
5.325325325325325,-0.060260573015171924,-0.11154940661881162,1.4954657459552807,-0.020055891017233717,-0.009479507317842598,-0.00846259774126113,0.13363068173187054,0.13021562255839908,-0.0501808574256075,1.4974755084906501,0.0
5.345345345345345,-0.06252898521346727,-0.11342060991476682,1.495053292863251,-0.020622654601486882,-0.009403399726444843,0.0038053795698878116,0.13391819085868345,0.130295397583438,-0.053305577137629935,1.4971503951984995,0.0
5.365365365365365,-0.06483553987067113,-0.11532773286019316,1.4946349392864002,-0.020917678842531495,-0.009233760982281397,0.008481937208172155,0.13376466429394707,0.13004002586275532,-0.05642819243674085,1.4968056552600042,0.0
5.385385385385385,-0.06717993572375872,-0.11721979265437926,1.4942046305527998,-0.02151543668002044,-0.008898423715312558,0.01676686334844193,0.13353750144359833,0.12967085964319724,-0.05954858004743479,1.4964413022849068,0.0
5.405405405405405,-0.06956145091793534,-0.11907575970883123,1.4937535387123237,-0.022554592023807274,-0.00844655079913535,0.022593645808860446,0.13371238086705375,0.1297342210702535,-0.06266661678215218,1.4960573506572388,0.0
5.425425425425425,-0.07197881670523876,-0.12086828936517109,1.493285204974055,-0.02341668691343093,-0.007947006784612298,0.024977200726152584,0.13555356259862367,0.1318225170235478,-0.06578217954614123,1.4956538155347534,0.0
5.445445445445445,-0.07443081184431284,-0.12259975695370387,1.4928578570403774,-0.021367396683875498,-0.007057369361216124,0.0444818711698087,0.1350549276993744,0.13102152870146536,-0.06889514534231903,1.4952307128483255,0.0
5.465465465465465,-0.07691532752897674,-0.12422578423319515,1.4924522580611714,-0.02027994896030447,-0.005954577782443416,0.05513957893863536,0.13442161422510027,0.13019792749152756,-0.072005391276126,1.4947880593013254,0.0
5.485485485485485,-0.0794286987470443,-0.12566856090337758,1.4920468509614078,-0.02027035498818221,-0.004808917415138165,0.057283018365262596,0.1340137482670467,0.12971376762538453,-0.07511279456037857,1.494325872368957,0.0
5.505505505505505,-0.08196651528810968,-0.1268908270532692,1.4916284489048062,-0.020920102830083578,-0.0037063782673333336,0.05512695739024156,0.13375326953270653,0.12942914671186245,-0.0782172325201154,1.4938441702975689,0.0
5.525525525525525,-0.08452425273933752,-0.12788687256139153,1.4911890005239583,-0.02197241904239376,-0.00269444971667578,0.05059642753287767,0.13250519529787658,0.12674460585802558,-0.08131858259744179,1.493342972103934,0.0
5.545545545545545,-0.08709738848461078,-0.12865678726366334,1.4906702635574747,-0.025936848324179362,-0.002946073668678121,-0.012581197600117056,0.13280560578325842,0.1278842164521188,-0.08441672235636695,1.4928222975744991,0.0
5.565565565565565,-0.08968210301205942,-0.1292357263724318,1.49009358401209,-0.028833977269239554,-0.003763635625047698,-0.04087809781847891,0.13306191629999473,0.12859184575812954,-0.08751152948763807,1.4922821672646027,0.0
5.585585585585585,-0.09227941284265492,-0.12986549152977528,1.4894732396750998,-0.031017216849500533,-0.0047797292691385725,-0.05080468220454363,0.13376910917860305,0.12958709724583925,-0.09060288181356864,1.4917226024976649,0.0
5.605605605605605,-0.09489255935594411,-0.13065732566445934,1.4888344411338503,-0.03193992706247439,-0.005830475508313825,-0.052537311958762586,0.13412272470290457,0.1301421806078812,-0.09369065729286241,1.4911436253643444,0.0
5.625625625625625,-0.09752559292355235,-0.13165167838041233,1.4881906335058361,-0.032190381400714826,-0.006693816474273959,-0.0431670482980068,0.1353039280761689,0.13134510108043213,-0.09677473402543015,1.490545258721667,0.0
5.645645645645645,-0.10018279598578057,-0.13286015311141086,1.4875771147204382,-0.030675939269893586,-0.007460443103614049,-0.038331331467004535,0.1347969334922412,0.1309742245484862,-0.09985499025720344,1.4899275261921234,0.0
5.665665665665665,-0.10286749088808432,-0.13423474511518735,1.4869808582140778,-0.029812825318015393,-0.008025778805936726,-0.02826678511613364,0.13431421943469196,0.13059887153905045,-0.10293130438494062,1.4892904521627361,0.0
5.685685685685685,-0.10558251651149815,-0.13575128117069185,1.486389130873844,-0.029586367011689946,-0.008548094018691017,-0.026115760637714633,0.13375711867790094,0.1302579117625522,-0.1060035549610272,1.4886340617840967,0.0
5.7057057057057055,-0.10832991432342234,-0.13736989059620994,1.4857886113479726,-0.030025976293572905,-0.00905755857522136,-0.02547322782651721,0.1332440840373087,0.1299791805378096,-0.10907162069827128,1.4879583809693737,0.0
5.7257257257257255,-0.11111164209101182,-0.1390863883794735,1.4851675532707436,-0.031052903861445106,-0.009324440203547437,-0.013344081416303784,0.13294626842746193,0.12978012152535215,-0.11213538047469052,1.4872634363932886,0.0
5.7457457457457455,-0.11392956115604165,-0.14089595325149182,1.4845185783501529,-0.03244874602953133,-0.009438825130327769,-0.005719246339016605,0.13279098617431467,0.1297786883857456,-0.11519471333829524,1.4865492554910633,0.0
5.7657657657657655,-0.11678461102474332,-0.14275249343508298,1.4838393554304257,-0.03396114598635777,-0.009500889541670202,-0.003103220567121518,0.13258919980512132,0.12980052023800062,-0.11824949851186232,1.485815866457337,0.0
5.7857857857857855,-0.11967718499055854,-0.14462869829076114,1.4831272144631955,-0.03560704836151032,-0.009408619638653961,0.004613495150811997,0.13239075496210048,0.12977943201813197,-0.12129961539770372,1.485063298245053,0.0
5.8058058058058055,-0.12260741820383537,-0.14651166066384147,1.4823789009689126,-0.03741567471414621,-0.009236368879014453,0.008612537981975405,0.13219701767665598,0.12979593321532018,-0.12434494358242731,1.4842915805643155,0.0
5.8258258258258255,-0.12557484593163892,-0.14837138639017688,1.481591792732279,-0.039355411831671926,-0.009050520364475047,0.009292425726970251,0.13230210482417676,0.12985623504188717,-0.12738536284169114,1.4835007438812176,0.0
5.8458458458458455,-0.12857883935053144,-0.1501996709446256,1.4807683460884562,-0.041172332191141914,-0.008839105979585458,0.010570719244479613,0.13229548376993286,0.1300989857373259,-0.13042075314494844,1.482690819416637,0.0
5.865865865865866,-0.13161857569050944,-0.1519868169989005,1.4799120657107574,-0.04281401888494485,-0.008782567301136066,0.002826933922469528,0.1323051306006689,0.130490498586453,-0.13345099466018778,1.481861839145005,0.0
5.885885885885886,-0.13469323755189147,-0.15373309306910168,1.4790289018244616,-0.0441581943147908,-0.008713698452709414,0.0034434424213326187,0.13215559396168847,0.13064454851202273,-0.13647596775866253,1.481013835793043,0.0
5.905905905905906,-0.13780254500347738,-0.15546537257929519,1.4781189232299137,-0.0454989297273919,-0.00856280874783267,0.007544485243837057,0.1321208391721922,0.1308501213265221,-0.13949555301961467,1.4801468428384714,0.0
5.925925925925926,-0.1409461630913411,-0.15718090439318472,1.4771846628140508,-0.04671302079313878,-0.008391812710232104,0.008549801880028324,0.132225252687659,0.13122593617071432,-0.14250963123498803,1.479260894508688,0.0
5.945945945945946,-0.1441234955695414,-0.15886662391001571,1.4762332398881688,-0.04757114629409725,-0.008181787338442189,0.010501268589495688,0.13222839532569494,0.13147910384871503,-0.1455180834141359,1.4783560257794153,0.0
5.965965965965966,-0.14733381057430736,-0.16051575023829834,1.4752684571660721,-0.04823913610483034,-0.008007587263732775,0.008710003735470758,0.1321555562711726,0.1317072907782834,-0.14852079078851738,1.4774322723733215,0.0
5.985985985985986,-0.15057625422505208,-0.16212218253723654,1.4742926228201583,-0.04879171729569667,-0.00777732316224567,0.011513205074355132,0.13205255174395686,0.1318911715541306,-0.15151763481638703,1.4764896707586095,0.0
6.006006006006006,-0.15385004407650332,-0.163689492572562,1.4733069404907728,-0.04928411646926923,-0.0075776493782161915,0.009983689201474024,0.1319055333809698,0.13204762511324925,-0.15450849718747367,1.4755282581475768,0.0
6.026026026026026,-0.15715419661154897,-0.16520762675228265,1.4723115570606373,-0.04976917150677515,-0.00740519984526732,0.008622476647443587,0.13339931486001197,0.1350015483185087,-0.1574932598276524,1.4745480724951472,0.0
6.046046046046046,-0.16048841523889212,-0.16671093136715776,1.4713723685538094,-0.04695942534139422,-0.0061346634471767724,0.06352681990452738,0.13161551244110728,0.13284039350282595,-0.16047180490360477,1.473549152497372,0.0
6.066066066066066,-0.1638515138450389,-0.16815493030733875,1.4704309378987568,-0.04707153275263279,-0.004259732616216818,0.09374654154799779,0.13157586334821558,0.13268378932415148,-0.16344401482747128,1.4725315375899024,0.0
6.086086086086086,-0.1672384011712275,-0.1693443663094302,1.469484391393355,-0.04732732527008119,-0.00214525306306429,0.10572397765762637,0.13151693219952565,0.13269083382732233,-0.16640977226149328,1.4714952679464322,0.0
6.106106106106106,-0.1706416937689576,-0.1701646298865051,1.4685319985022198,-0.04761964455676055,0.00014861362484044693,0.11469333439523684,0.1311355436113802,0.1323625430172457,-0.16936896012264577,1.4704403844771128,0.0
6.126126126126126,-0.174052962928862,-0.17056345799521974,1.4675632719859761,-0.048436325812185904,0.0022974322141770306,0.10744092946682919,0.1306846298815416,0.13213551718327432,-0.17232146158725853,1.469366928826937,0.0
6.146146146146146,-0.17746320558028122,-0.17051213257096212,1.4665681772351027,-0.04975473754367345,0.0043393745859550146,0.10209711858889918,0.1303276708725334,0.13199006264750773,-0.17526716009562954,1.4682749433740963,0.0
6.166166166166166,-0.18086400452484555,-0.17003994722821655,1.4655392608729447,-0.051445818107895745,0.006253310859227517,0.09569681366362506,0.13003509263153087,0.13189957332053093,-0.17820593935662532,1.467164471228306,0.0
6.186186186186186,-0.18424739118801853,-0.16916933315864954,1.4644708215451356,-0.053421966390449924,0.008038364250133585,0.08925266954530327,0.12995451258708882,0.13201064021512893,-0.18113768335227273,1.4660355562291056,0.0
6.206206206206206,-0.1876058934201639,-0.1679251116072691,1.4633632715638418,-0.05537749906469362,0.009729352755748094,0.08454942528072565,0.12989169857491023,0.13210683923403435,-0.184062276342339,1.4648882429441257,0.0
6.226226226226226,-0.19093249914153254,-0.1663302860684315,1.46221705600177,-0.05731077810359244,0.011227468885504561,0.07490580648782329,0.13073919412363774,0.13257940653699032,-0.18697960286890014,1.4637225766673307,0.0
6.246246246246246,-0.19422036053618527,-0.16439306973263682,1.4610516721115412,-0.05826919451143818,0.01196837700593393,0.03704540602146853,0.13024196182715755,0.13261622953331934,-0.1898895477609005,1.462538603417229,0.0
6.266266266266266,-0.19746369889951318,-0.16216691816639572,1.459860238207992,-0.05957169517746813,0.012348892123895474,0.019025755898077205,0.129906161307541,0.13257748939903824,-0.19279199613869824,1.4613363699350574,0.0
6.286286286286286,-0.2006596438196899,-0.15979724600883594,1.4586371724760443,-0.06115328659738254,0.012462742030462716,0.005692495328361804,0.12971067199643882,0.13261168609602386,-0.1956868334186012,1.460115923682935,0.0
6.306306306306306,-0.20380670239168755,-0.157352928599883,1.4573800675871293,-0.06285524444574445,0.012375197335333082,-0.004377234756481607,0.12954702776799176,0.13263287353691827,-0.19857394531739023,1.4588773128419907,0.0
6.326326326326326,-0.2069044014411695,-0.1548849524740979,1.4560868077454043,-0.06466299208624954,0.012075920915481951,-0.014963820992556595,0.12949506221746276,0.13276573440498587,-0.20145321785683137,1.4576205863104588,0.0
6.346346346346346,-0.20995299052160185,-0.15242945402161742,1.4547585955310443,-0.0664106107180048,0.011502781653960518,-0.028656963076071573,0.12952619007875615,0.1330273151593299,-0.2043245373681745,1.4563457937017514,0.0
6.366366366366366,-0.2129535768388469,-0.15002931586225143,1.453399781267233,-0.06794071319056601,0.010833984254616418,-0.033439869967204994,0.12957608175155486,0.13319869894522596,-0.20718779049664207,1.4550529853424978,0.0
6.386386386386386,-0.21590829075938708,-0.14773569602701034,1.4520136691737797,-0.06930560467266596,0.00999816335152427,-0.04179104515460741,0.12959896228585133,0.13339040770233887,-0.21004286420590315,1.4537422122705586,0.0
6.406406406406406,-0.21881970093604788,-0.14557050883303937,1.4506034672421375,-0.07051009658210618,0.009132339809464662,-0.043291177102980534,0.12964125068384855,0.13351924113010633,-0.21288964578253636,1.4524135262330098,0.0
6.426426426426427,-0.221690988344194,-0.1435643704073066,1.4491717444028187,-0.07158614196594118,0.008168912452356375,-0.04817136785541424,0.13035608271047133,0.1342179320889657,-0.21572802284047934,1.4510669796841014,0.0
6.446446446446447,-0.22452531844414222,-0.14171650499741004,1.447739473151479,-0.0716135625669854,0.0070458339882541075,-0.05615392320511332,0.13004687027252443,0.13408732994414088,-0.21855788332546655,1.4497026257831855,0.0
6.466466466466467,-0.2273264621029802,-0.14005718294189826,1.4463001706005654,-0.07196512754568088,0.0057459175036058754,-0.06499582423241154,0.1298104499930652,0.1340483587718385,-0.2213791155194507,1.448320518392618,0.0
6.486486486486487,-0.23009888378362547,-0.1386210840322637,1.4448497904099202,-0.07251900953225725,0.004545225864319789,-0.06003458196430424,0.1297118152247874,0.13396969118928168,-0.22419160804501606,1.446920712075632,0.0
6.506506506506507,-0.23284763860145094,-0.137437740891273,1.4433857384211817,-0.07320259943692566,0.0033480298868456305,-0.05985979887370804,0.12963544672315783,0.13397230439476024,-0.22699524986977335,1.445503262094184,0.0
6.526526526526527,-0.2355774484388659,-0.13649049187074805,1.4419069461091252,-0.07393961560282258,0.0022950234429429586,-0.05265032219513362,0.131069607633788,0.13580087165095317,-0.2297899303107439,1.4440682244067724,0.0
6.546546546546547,-0.23829283727368225,-0.1357694417408175,1.4404617683684755,-0.07225888703248451,0.0017341636521860286,-0.02804298953784646,0.1304526023608809,0.13493941244993252,-0.23257553903872918,1.4426156556662275,0.0
6.566566566566567,-0.24099800800205315,-0.13525853641854546,1.4390283138261022,-0.07167272711866729,0.0014438523772809745,-0.014515563745252723,0.13008720659756465,0.1344349177472176,-0.23535196608266631,1.4411456132174767,0.0
6.586586586586587,-0.2436952395885758,-0.13486157932613316,1.4375936996777003,-0.07173070742009552,0.0014589545802372362,0.0007551101478130845,0.12992469078977073,0.13408125527336887,-0.23811910183396962,1.439658155095278,0.0
6.606606606606607,-0.24638563475848782,-0.13451975849560108,1.436150280653377,-0.07217095121616166,0.0015021814353322336,0.002161342754749886,0.1298074829950438,0.1339286885836667,-0.24087683705085772,1.4381533400219317,0.0
6.626626626626627,-0.24906921399771048,-0.13417896196113305,1.4346940600126263,-0.07281103203753325,0.0017527472671386307,0.012528291590319828,0.12959876995000533,0.1334944893197035,-0.24362506286266608,1.4366312274049602,0.0
6.646646646646647,-0.25174584530811733,-0.13383156552034176,1.4332155128893325,-0.07392735616468832,0.0020959004557389014,0.01715765943001353,0.12973027377934415,0.133511503784936,-0.24636367077414592,1.4350918773347627,0.0
6.666666666666667,-0.2544145578818218,-0.13343562868522482,1.431716837961725,-0.07493374638037258,0.0024699004961423647,0.01870000202017317,0.12984421264268098,0.13353618037245446,-0.24909255266974537,1.433535350582245,0.0
6.686686686686687,-0.25707406426605495,-0.1329753192116571,1.4302000862122928,-0.07583758747161677,0.0029586210550940737,0.024436027947585467,0.1299591610966192,0.13349371573354132,-0.2518116008178804,1.4319617085964178,0.0
6.706706706706707,-0.2597229256676211,-0.1324430700783097,1.4286663281405714,-0.07668790358606892,0.0035030692325988618,0.02722240887523938,0.13006191268147094,0.13346213111731944,-0.25452070787518566,1.4303710135019718,0.0
6.726726726726727,-0.26235928684390214,-0.1318180588140508,1.4271166128900183,-0.07748576252764668,0.0041512502146926495,0.03240904910468929,0.13013591991892648,0.1333495259243123,-0.25721976689075327,1.4287633280968262,0.0
6.746746746746747,-0.2649810552868548,-0.13108842214763308,1.425550361775241,-0.07831255573886763,0.004842132351794351,0.03454410685508517,0.13019375690445836,0.13323532501190533,-0.2599086713103548,1.4271387158496476,0.0
6.766766766766767,-0.26758573482606685,-0.13023397696060343,1.4239667300989667,-0.07918158381371007,0.005524744154259512,0.03413059012325806,0.1302641564154092,0.13315162878295192,-0.26258731498064775,1.425497240897346,0.0
6.786786786786787,-0.2701706865437791,-0.12924758588561297,1.4223655087508227,-0.08006106740720449,0.006233337871545462,0.03542968586429746,0.13038137053337934,0.13306296344927054,-0.2652555921533669,1.4238389680425416,0.0
6.806806806806807,-0.2727333236006019,-0.1281318528411383,1.4207471068614013,-0.0809200944710674,0.0070233745677324745,0.03950183480935067,0.13052376943305927,0.13294805141396643,-0.2679133974894982,1.4221639627510076,0.0
6.826826826826827,-0.2752709149659598,-0.12687956826789468,1.4191119153768768,-0.08175957422622834,0.007792776373441093,0.038470090285430865,0.13099562793597108,0.13321935607909838,-0.2705606260634379,1.4204722911490846,0.0
6.846846846846847,-0.27778036248917115,-0.12547237616056722,1.417470923410444,-0.08204959832164206,0.008555357768412626,0.03812906974857666,0.1308941456273013,0.13287569361337517,-0.2731971733671345,1.418764020021071,0.0
6.866866866866867,-0.2802587996869415,-0.12392185988851873,1.415817514114496,-0.08267046479739104,0.00937561322147993,0.04101277265336513,0.13091752989008046,0.13259727920055892,-0.2758229353142151,1.4170392168065855,0.0
6.886886886886887,-0.2827033479243989,-0.12222741187286898,1.414147885044899,-0.08348145347984631,0.010201968728031387,0.04131777532757294,0.13096962842719015,0.13234794117811746,-0.27843780824409403,1.4152979495979063,0.0
6.906906906906907,-0.285110867092432,-0.12037595840165585,1.4124590855546109,-0.08443997451440204,0.01088916364113739,0.034359745655300256,0.13093311723490805,0.1321026601990593,-0.28104168892606535,1.4135402871372809,0.0
6.926926926926927,-0.2874782823768316,-0.11837076421998029,1.4107469096072711,-0.08560879736698646,0.011560563539887344,0.03356999493749774,0.1307827144326184,0.1316386526091962,-0.28363447456337815,1.411766298814214,0.0
6.946946946946947,-0.28980307663672134,-0.1162397129944877,1.4090022271271176,-0.08723412400767253,0.012133692166928953,0.02865643135208014,0.1307489213366032,0.13132375126462406,-0.2862160627972955,1.4099760546627262,0.0
6.966966966966967,-0.29208276001748307,-0.11398416903808745,1.407219843317062,-0.08911919050278556,0.012548976391523773,0.020764211229740967,0.1307825375482662,0.1311174103191891,-0.2887863517111337,1.408169625358592,0.0
6.986986986986987,-0.2943151962696089,-0.11162181260629031,1.4053971731188513,-0.09113350991053555,0.012771965242311112,0.011149442539366915,0.13095706728074732,0.13106929872290507,-0.29134523983428795,1.4063470822165471,0.0
7.007007007007007,-0.296498818690769,-0.10918112105800566,1.403536069361181,-0.0930551878835187,0.01280939342371506,0.0018714090701974894,0.1310961083615481,0.13096867736105783,-0.2938926261462365,1.4045084971874737,0.0
7.027027027027027,-0.29863287236259,-0.10670268359105167,1.4016370902198594,-0.0949489570660818,0.012789018298825802,-0.0010187562444628445,0.13516172735515988,0.13501363372098127,-0.2964284100805296,1.402653942855561,0.0
7.047047047047047,-0.3007157578035128,-0.1041442720461399,1.3998203806506408,-0.0908354784609281,0.012923778534171343,0.0067380117672770565,0.13401109114091217,0.13345998313342133,-0.29895249152875947,1.4007834924354383,0.0
7.067067067067067,-0.30274813777624515,-0.10161899863661705,1.39804588146547,-0.08872495925854743,0.01307679800010101,0.007650973296483373,0.1331595133956058,0.13229267626622662,-0.3014647708445124,1.3988972197692855,0.0
7.087087087087087,-0.30472997513712413,-0.09909186804394923,1.396283678895414,-0.08811012850278863,0.013292231683949577,0.01077168419242822,0.13256377847043552,0.13134836255704394,-0.30396514884730275,1.3969951993239176,0.0
7.107107107107107,-0.30666096348327304,-0.09654941730744586,1.3945109515329408,-0.08863636812365795,0.013282101312765126,-0.0005065185592225494,0.13217551812203032,0.13082264400079174,-0.3064535268264883,1.395077506187845,0.0
7.127127127127127,-0.308540538079616,-0.09397872981714968,1.3927141490409436,-0.08984012459986339,0.0131977616109887,-0.004216985088821193,0.13198886200724266,0.13042414214451445,-0.3089298065451671,1.3931442160683094,0.0
7.147147147147147,-0.3103689328882911,-0.09141974043375437,1.3908846037015379,-0.09147726697028186,0.013081582496332313,-0.005808955732819287,0.13199581280752218,0.1302019627253922,-0.31139389024405634,1.391195405288294,0.0
7.167167167167167,-0.3121465487368494,-0.08888079242791334,1.3890191315612521,-0.09327360701428929,0.012831534530175435,-0.012502398307844106,0.13213965352786144,0.13022394676240864,-0.3138456806453502,1.3892311507835118,0.0
7.187187187187187,-0.31387386669279904,-0.08636589779748394,1.3871201950025585,-0.09494682793468569,0.012514353930614765,-0.01585902997803347,0.13212360205383167,0.1300696918840866,-0.3162850809565622,1.3872515300993669,0.0
7.207207207207207,-0.3155519612376031,-0.0839047272402032,1.3851852837682626,-0.09674556171479816,0.012205500288318042,-0.015442682114835977,0.1321697622911427,0.12994412883482803,-0.3187119948743449,1.3852566213878945,0.0
7.227227227227227,-0.31718217573452345,-0.08151072484601865,1.3832132372256634,-0.0986023271299626,0.012023625365637324,-0.009093746134036025,0.1299054485464563,0.1245436161560448,-0.3211263265882922,1.383246503404675,0.0
7.247247247247247,-0.31876709614386595,-0.07924602046712491,1.3810905256721029,-0.10613557767801945,0.009459147223013413,-0.12822390713119552,0.12441854415049611,0.12052320062125636,-0.3235279807847222,1.381221255505724,0.0
7.267267267267267,-0.3203092597384226,-0.07710817972783411,1.3786763184099353,-0.12071036310838124,0.006103838062885193,-0.16776545800641116,0.12903004352705305,0.12571223525614952,-0.3259168626504393,1.379180957644361,0.0
7.287287287287287,-0.32181658603487845,-0.07536631482279187,1.3761159019963025,-0.12802082068163845,0.002382551830258817,-0.18606431163131876,0.1322754962910598,0.12935240476817195,-0.32829287787647815,1.377125690368052,0.0
7.307307307307307,-0.32330116749326093,-0.07422907291912285,1.3735113822843001,-0.13022598560011497,-0.0012533459081406687,-0.18179488691997428,0.13423591745517888,0.13145996135829402,-0.33065593266182586,1.3750555348152298,0.0
7.327327327327327,-0.3247773606219791,-0.07380965643590906,1.3709230866418598,-0.12941478212201804,-0.004487711378452993,-0.1617182735156162,0.13498743139061428,0.13216007425687387,-0.3330059337171258,1.372970572712091,0.0
7.347347347347347,-0.3262595199805303,-0.07410796792756033,1.368372528715267,-0.1275278963296346,-0.007324658863861329,-0.14184737427041674,0.13568866084499764,0.13282066107612156,-0.33534278826836,1.3708708863693695,0.0
7.367367367367367,-0.3277605812916465,-0.07505306555580701,1.3658798466123299,-0.12463410514686331,-0.009684319137744065,-0.1179830136941368,0.1360779595637946,0.13311771982032478,-0.33766640406051224,1.3687565586790869,0.0
7.387387387387387,-0.32929194002368806,-0.07656793660207843,1.3634551416672867,-0.1212352472521605,-0.011550567332602487,-0.0933124097429213,0.1361909265780817,0.13311432424429825,-0.3399766893612096,1.3666276731112799,0.0
7.407407407407407,-0.3308630418222213,-0.07855508992666303,1.3610999570538722,-0.11775923067071813,-0.012969657868172006,-0.07095452677847564,0.13594132681844026,0.13278317444286022,-0.34227355296434436,1.3644843137107057,0.0
7.4274274274274275,-0.3324812566723842,-0.08091074250814373,1.3588056105951178,-0.11471732293771905,-0.013948864838467611,-0.0489603485147804,0.13691751771882732,0.1341267923807187,-0.34455690419367413,1.3623265650935235,0.0
7.4474474474474475,-0.3341526636358241,-0.08357034817199437,1.356606397676555,-0.10996064592813784,-0.014240607632151429,-0.014587139684190932,0.13647200726178704,0.13340179894601642,-0.3468266529064026,1.3601545124439534,0.0
7.4674674674674675,-0.3358810262680345,-0.08641813161052274,1.3544849262668548,-0.1060735704850049,-0.013880087160525094,0.018026023581316733,0.13541330499884957,0.1320575949553171,-0.34908270949673625,1.3579682415109158,0.0
7.4874874874874875,-0.33766699730470656,-0.0892985518336037,1.352405584924481,-0.10396706711869122,-0.013117925172622313,0.03810809939513898,0.1347982014739562,0.131282161627356,-0.35132498489942454,1.3557678386046428,0.0
7.5075075075075075,-0.33950890622541696,-0.09209544603551906,1.350347795173434,-0.10288948755235376,-0.011972777653057202,0.057257375978255434,0.13424612291153046,0.130562859666774,-0.35355339059327373,1.3535533905932737,0.0
7.5275275275275275,-0.34140346209679023,-0.09472779356866332,1.3482927639223181,-0.10275156255579677,-0.010686789039528135,0.0642994306764536,0.13482478728837174,0.13078856042876763,-0.35576783860464267,1.3513249848994247,0.0
7.5475475475475475,-0.34334633718856444,-0.09714375458871014,1.3462524631964248,-0.10201503629466756,-0.009490422082988927,0.05981834782696034,0.13431133317622118,0.13034448820620048,-0.3579682415109156,1.3490827094967364,0.0
7.5675675675675675,-0.3453323099288258,-0.09929863701306746,1.3442127655622602,-0.10198488170823018,-0.008358678896092679,0.0565871593448123,0.13385878173190288,0.12995410904858587,-0.36015451244395347,1.3468266529064024,0.0
7.587587587587588,-0.34735650566339454,-0.10120978672843753,1.342161231043729,-0.1025767259265607,-0.007416677279013417,0.047100080853963014,0.13357385313404793,0.12982631779785356,-0.36232656509352335,1.3445569041936742,0.0
7.607607607607608,-0.3494145292894864,-0.10290118130459355,1.3400917849611689,-0.10347230412800007,-0.006338531205059238,0.05390730369770899,0.13346231494930483,0.12967258554707595,-0.36448431371070583,1.3422735529643441,0.0
7.627627627627628,-0.35150260143982404,-0.10440360751688238,1.3380005264843187,-0.10456292384250535,-0.0053551972086167045,0.04916669982212667,0.13339597267502398,0.129539278393589,-0.3666276731112799,1.3399766893612097,0.0
7.647647647647648,-0.3536165369646091,-0.10569677623925393,1.3358845268091637,-0.10579998375774984,-0.004430826579686055,0.046218531446532554,0.1333014113107864,0.12950974573753202,-0.368756558679087,1.3376664040605122,0.0
7.667667667667668,-0.35575240772532635,-0.10679353803586367,1.3337419699279365,-0.1071278440613631,-0.003744751118285502,0.034303773070027584,0.13325940580381895,0.12965572179930637,-0.37087088636936955,1.3353427882683602,0.0
7.687687687687688,-0.3579065713441113,-0.10770818093924635,1.3315744137400867,-0.10837780939248544,-0.003280220270285906,0.02322654239997983,0.1331672813586011,0.12976742008388112,-0.37297057271209105,1.3330059337171258,0.0
7.707707707707708,-0.3600763296279768,-0.10848791419327475,1.3293821591501158,-0.10961272949854525,-0.0029478657914879716,0.01661772393989674,0.13309753109305633,0.1298615087176045,-0.3750555348152298,1.330655932661826,0.0
7.727727727727728,-0.36225986101810737,-0.10917656950652839,1.3271655730803327,-0.11082930348915895,-0.002654853369548591,0.014650621096969014,0.13304863937357322,0.12992982003331754,-0.37712569036805194,1.3282928778764782,0.0
7.747747747747748,-0.3644558136231847,-0.10979763025386531,1.3249249472591094,-0.11203129106116798,-0.0024601138827025186,0.009736974342303636,0.1331117556504962,0.13016059889148035,-0.37918095764436094,1.3259168626504394,0.0
7.767767767767768,-0.36666299693617743,-0.11035916564963669,1.3226646388710461,-0.1130154194031627,-0.0023881567470919528,0.0035978567805282843,0.13302792272087666,0.13027395861854799,-0.38122125550572383,1.3235279807847222,0.0
7.787787787787788,-0.36888061475227724,-0.11088089080498986,1.3203850872913863,-0.11397757898299395,-0.002381302413555468,0.00034271667682422586,0.13297163910747714,0.13039225997184764,-0.38324650340467487,1.3211263265882922,0.0
7.807807807807808,-0.3711083211445548,-0.11138531961387756,1.318087211979267,-0.11489376560596662,-0.0024752850708559034,-0.00469913286502177,0.13288838568094044,0.1305124887374235,-0.38525662138789457,1.3187119948743449,0.0
7.827827827827828,-0.37334602791512883,-0.11188533852870275,1.3157715607797116,-0.11578255997777286,-0.002670269378310962,-0.009749215372752943,0.1323540421607967,0.13009091366902892,-0.38725153009936686,1.3162850809565623,0.0
7.847847847847848,-0.375594021089877,-0.11239965873740862,1.3134239710886801,-0.11737948455157578,-0.0029950701509481423,-0.016240038631859036,0.13244504673975777,0.13044919131475474,-0.38923115078351167,1.3138456806453502,0.0
7.867867867867868,-0.3778530079153239,-0.11294934127234514,1.3110510969649465,-0.11864370618668027,-0.0034127289085319284,-0.020882937879189295,0.1324517722852311,0.13071803147399122,-0.39119540528829405,1.3113938902440563,0.0
7.887887887887888,-0.38012419147981724,-0.11355917822466655,1.3086570172617307,-0.11970398516078987,-0.0039037429477913085,-0.02455070196296903,0.13238272585238597,0.13090854892491138,-0.39314421606830946,1.308929806545167,0.0
7.907907907907908,-0.3824091481905824,-0.11424783553825735,1.3062435263220569,-0.12067454698368513,-0.004409491875764967,-0.025287446398682873,0.132309245371973,0.13106982480932822,-0.3950775061878452,1.306453526826488,0.0
7.927927927927928,-0.3847097397025378,-0.11502957559777033,1.3038119178022276,-0.12158042599146221,-0.004892105669899768,-0.024130689706740212,0.1322272202904538,0.1312076467627849,-0.3969951993239176,1.3039651488473027,0.0
7.947947947947948,-0.3870278287873816,-0.11590445424218979,1.301363010111937,-0.12244538451453811,-0.005464861685042454,-0.028637800757134176,0.13210256511369134,0.13137488542909195,-0.39889721976928555,1.3014647708445124,0.0
7.967967967967968,-0.3893652450814224,-0.11687081470203807,1.298897425350327,-0.12327923808049403,-0.006038526806320039,-0.02868325606387934,0.1319528420036159,0.13149741650276844,-0.4007834924354382,1.2989524915287596,0.0
7.987987987987988,-0.3917241527535607,-0.11794538360691537,1.2964147491010571,-0.12413381246348404,-0.006569941595830334,-0.0265707394755147,0.1318037991454877,0.13160599835332962,-0.40265394285556094,1.2964284100805297,0.0
8.008008008008009,-0.39410669619260813,-0.11912717195237026,1.2939143690747732,-0.12501900131419938,-0.007081180335588534,-0.025561936987909987,0.13165234928436073,0.1317334721478374,-0.40450849718747367,1.2938926261462367,0.0
8.028028028028029,-0.39651485661565167,-0.12040802115217673,1.2913959170046727,-0.12592260350502318,-0.007574493415908699,-0.02466565401600814,0.13254049900911752,0.1334371935989394,-0.406347082216547,1.2913452398342882,0.0
8.048048048048049,-0.3989508758560725,-0.12180096202103954,1.288897776403623,-0.12490703005249347,-0.007459300587025959,0.005759641444136831,0.13177541408817484,0.13257721704012082,-0.40816962535859197,1.2887863517111338,0.0
8.068068068068069,-0.40141640546239327,-0.12327648031604002,1.28639585873323,-0.12509588351964834,-0.0070844891814045114,0.018740570281072504,0.13161082572239022,0.1324967898635088,-0.4099760546627262,1.2862160627972954,0.0
8.088088088088089,-0.4039109122353158,-0.12472533864612681,1.283886537625685,-0.1254660553772579,-0.006518444774664581,0.02830222033699647,0.131392970764904,0.13237469305597002,-0.4117662988142137,1.283634474563378,0.0
8.108108108108109,-0.40643281786217317,-0.12609528134286938,1.281364787549262,-0.12608750382114323,-0.005872092387636075,0.032317619351425304,0.13119022229400787,0.1323220934309949,-0.41354028713728086,1.2810416889260654,0.0
8.128128128128129,-0.4089797667257648,-0.1273474431795817,1.2788268406937215,-0.1268973427770197,-0.005318237313457495,0.027692753708928933,0.13101546166476236,0.13240750363954956,-0.4152979495979064,1.278437808244094,0.0
8.148148148148149,-0.411549209462196,-0.12847213682155892,1.2762713890042843,-0.127772584471868,-0.004692031139534766,0.03131030869613644,0.13095057346596486,0.13247933605279022,-0.4170392168065857,1.275822935314215,0.0
8.168168168168169,-0.4141389095735482,-0.12948500556761225,1.2736985474503744,-0.12864207769549557,-0.004068158299744861,0.031193641989495313,0.13079885452215628,0.13248911070476718,-0.4187640200210708,1.2731971733671346,0.0
8.188188188188189,-0.4167463299952026,-0.13037102108271947,1.2711062254086036,-0.12961610208853372,-0.003519709555446933,0.027422437214896428,0.13063556311274535,0.1325353841383091,-0.4204722911490845,1.270560626063438,0.0
8.208208208208209,-0.4193689596850696,-0.13113148449335008,1.2684926999524042,-0.13067627280997435,-0.003049094526880552,0.023530751428319063,0.13045737539566768,0.13257172034960146,-0.4221639627510074,1.2679133974894985,0.0
8.228228228228229,-0.4220046141591358,-0.13178272370331068,1.2658558777035824,-0.13184111244108715,-0.0025763162196055294,0.0236389153637511,0.12636592280909492,0.12879299994612242,-0.4238389680425416,1.265255592153367,0.0
8.248248248248249,-0.42465102708159075,-0.13232064612274724,1.2630791700718387,-0.1388353815871888,-0.002035603635650716,0.027035629197740666,0.12795595154785924,0.1304857049632487,-0.425497240897346,1.2625873149806477,0.0
8.268268268268269,-0.4273064667615692,-0.1327719839989211,1.2602112150152145,-0.143397752831206,-0.0015108013199164598,0.026240115786712825,0.12903430460937376,0.13171079504347305,-0.4271387158496475,1.2599086713103549,0.0
8.288288288288289,-0.42996888340711364,-0.13312083227722132,1.2572861423205255,-0.14625363473444725,-0.0009989806978635367,0.025591031102646135,0.129817486897198,0.13263632462731648,-0.42876332809682605,1.2572197668907532,0.0
8.308308308308309,-0.4326362263805635,-0.13336714867249247,1.2543292698035617,-0.1478436258481865,-0.0005307067079479976,0.023413699495776968,0.13009698149891416,0.1330830382161603,-0.4303710135019719,1.2545207078751854,0.0
8.328328328328329,-0.43530645964326437,-0.1335116631350439,1.251351358596127,-0.148895560371743,-0.00010401870331725576,0.021334400231537085,0.13009190528873774,0.1332259249381499,-0.43196170859641764,1.2518116008178803,0.0
8.348348348348349,-0.4379777464092495,-0.13356433829925793,1.2483544517315839,-0.1498453432271456,0.00037605411846392266,0.02400364108905892,0.13026676399345533,0.1334872208706921,-0.433535350582245,1.2490925526697454,0.0
8.368368368368369,-0.4406484002116133,-0.1335326901181887,1.2453450112883335,-0.15047202216251399,0.0009300625006752138,0.02770041911056454,0.13035932967402628,0.13364224134449787,-0.43509187733476273,1.2463636707741461,0.0
8.388388388388389,-0.4433164816476556,-0.133404071802115,1.242326704953993,-0.15091531671702588,0.0014647230140984273,0.026733025671160687,0.13060146439705064,0.13399206026711408,-0.4366312274049601,1.2436250628626662,0.0
8.408408408408409,-0.44597977955087204,-0.13316489516082144,1.239308300993361,-0.15092019803160142,0.001985840591184943,0.026055878854325813,0.1306104566008526,0.13411015294722659,-0.4381533400219318,1.2408768370508576,0.0
8.428428428428429,-0.44863618637978303,-0.13282034144555102,1.2362916796339223,-0.15083106797193915,0.0025658859387796174,0.02900226737973373,0.13108276884446315,0.13538886296949806,-0.43965815509527806,1.2381191018339697,0.0
8.448448448448449,-0.45128358421659087,-0.13236989184039236,1.2333027783691548,-0.14944506323836912,0.0038025397384229653,0.061832689982167365,0.13019882028044386,0.13413527010228019,-0.4411456132174766,1.2353519660826664,0.0
8.468468468468469,-0.45391974949147906,-0.13180826374440868,1.2303099248114346,-0.1496426778860074,0.005371221465304686,0.078434086344086,0.1304653358418771,0.13419191895777474,-0.4426156556662277,1.232575539038729,0.0
8.488488488488489,-0.45653983634966805,-0.13100434290944987,1.2273178911266258,-0.1496016842404405,0.007146788171698395,0.08877833531968554,0.13075969262694712,0.1343023826504659,-0.44406822440677224,1.229789930310744,0.0
8.508508508508509,-0.45913760853309643,-0.12988860917141978,1.224332646356832,-0.1492622384896886,0.008862126234171768,0.08576690312366872,0.13096876456857195,0.13448305075271935,-0.4455032620941839,1.2269952498697734,0.0
8.528528528528529,-0.46170609202739327,-0.1284241747148416,1.221359920641328,-0.14863628577520718,0.010594795071195269,0.08663344185117512,0.13507412114358933,0.13854051228202865,-0.4469207120756319,1.2241916080450161,0.0
8.548548548548549,-0.46423746376212177,-0.12656858673642635,1.2185205858742862,-0.14196673835208942,0.012299537589514348,0.08523712591595388,0.1334446271610986,0.13686288487107873,-0.44832051839261794,1.2213791155194507,0.0
8.568568568568569,-0.4667252085501015,-0.12438723939898794,1.215765582088102,-0.13775018930922048,0.013918188642316188,0.08093255264009197,0.13222017449131282,0.13559577000263404,-0.44970262578318554,1.2185578833254664,0.0
8.588588588588589,-0.4691629741097215,-0.12188827798100103,1.2130579218179978,-0.1353830135052095,0.015469928259938771,0.07758698088112885,0.13148173349918796,0.13479241412297638,-0.4510669796841014,1.2157280228404794,0.0
8.608608608608609,-0.4715446893435183,-0.11908576168983921,1.2103746816554555,-0.13416200812711387,0.01698544068499191,0.07577562125265738,0.13107347327534555,0.13428420751794906,-0.4524135262330097,1.2128896457825364,0.0
8.62862862862863,-0.4738644242064902,-0.11598674314859789,1.2077021959951582,-0.13362428301486143,0.018345347948356017,0.067995363168205,0.12957379968873933,0.1338617452922959,-0.4537422122705585,1.2100428642059031,0.0
8.64864864864865,-0.4761167087293946,-0.11261422614521893,1.2050118961812755,-0.13451499069413217,0.02042537697470891,0.10400145131764482,0.1283822783833041,0.1319863937453296,-0.4550529853424979,1.207187790496642,0.0
8.66866866866867,-0.47829715107550297,-0.10902211730541761,1.2022582609538508,-0.13768176137123403,0.02287328238026824,0.12239527027796648,0.12997539268573527,0.1330527791037626,-0.4563457937017514,1.2043245373681746,0.0
8.68868868868869,-0.4803969592759035,-0.10499041002002572,1.199480526564103,-0.13888671948738787,0.025353537729106482,0.12401276744191249,0.13111278183746455,0.1338244779303198,-0.45762058631045877,1.2014532178568313,0.0
8.70870870870871,-0.4824059703720104,-0.1004505548053457,1.1967067619064757,-0.1386882328813702,0.027626520397058138,0.1136491333975829,0.13167738602546875,0.1341649354080987,-0.4588773128419907,1.19857394531739,0.0
8.72872872872873,-0.4843141956725109,-0.0954112650250249,1.1939501362716474,-0.13783128174141634,0.02971084937077698,0.10421644868594158,0.13197265217321946,0.13420763126731985,-0.4601159236829352,1.1956868334186013,0.0
8.74874874874875,-0.48611259105184323,-0.08991976896661699,1.1912154174846243,-0.13673593935115533,0.03150841264238325,0.08987816358031366,0.1320946441120295,0.13414726151076817,-0.46133636993505744,1.1927919961386984,0.0
8.76876876876877,-0.48779291893413484,-0.08401639411457956,1.1885032824575963,-0.13560675135139702,0.03289078290425137,0.06911851309340598,0.13208310344713092,0.13404044803728554,-0.46253860341722897,1.1898895477609006,0.0
8.78878878878879,-0.48934820262938994,-0.07776418476275443,1.1858117616725583,-0.13457603925189396,0.03391231703537699,0.05107670655628063,0.13177019570925586,0.133604857949652,-0.46372257666733063,1.1869796028689004,0.0
8.80880880880881,-0.49077344931460587,-0.07126233426079673,1.1831295968098103,-0.1341082431373939,0.03468457392357603,0.03861284440995296,0.13152776824494414,0.13318200294184424,-0.46488824294412573,1.184062276342339,0.0
8.82882882882883,-0.492065040052023,-0.0645795368708566,1.180446803379165,-0.13413967153225828,0.035205799259420176,0.02606126679220689,0.1310455813047841,0.13270193453239817,-0.4660355562291055,1.1811376833522729,0.0
8.84884884884885,-0.49322048545130176,-0.05777226996393766,1.1777490304672849,-0.13488864559400995,0.035579104942418616,0.018665284149921944,0.13085493470901988,0.1322506296580782,-0.467164471228306,1.1782059393566253,0.0
8.86886886886887,-0.4942381546057952,-0.050883457724671774,1.1750267024196308,-0.13611640238269998,0.03575768798662156,0.008929152210146722,0.1310097306139321,0.1321471982051166,-0.4682749433740961,1.1752671600956297,0.0
8.88888888888889,-0.4951166162996419,-0.04392308469233463,1.1722805282208903,-0.13730870993702213,0.03565138217080543,-0.0053152907908061,0.13107706601588903,0.1320223516682206,-0.46936692882693704,1.1723214615872586,0.0
8.90890890890891,-0.49585529620471325,-0.03693399525356747,1.169509631570833,-0.13854483250286473,0.03531496296506086,-0.016820960287228078,0.13112060679317475,0.13184530689202897,-0.4704403844771127,1.1693689601226456,0.0
8.92892892892893,-0.49645473529291523,-0.02997195441009865,1.1667120506804696,-0.13987904451817365,0.03470146367666477,-0.030674964419804326,0.13106472807387365,0.13161131882834373,-0.4714952679464322,1.1664097722614934,0.0
8.94894894894895,-0.49691648792685633,-0.02308763169705654,1.1638835403997982,-0.14142551403356618,0.03387958362928454,-0.041094002369011756,0.13103357070951965,0.13136511472194812,-0.47253153758990235,1.1634440148274714,0.0
8.96896896896897,-0.4972431489519936,-0.016333051256865537,1.1610200777064004,-0.14317313466989184,0.03282770566486564,-0.05259389822094495,0.1309294398082815,0.13106030450410633,-0.47354915249737217,1.1604718049036047,0.0
8.98898898898899,-0.49743820428873015,-0.009752766836826602,1.1581157172255867,-0.14521802404068648,0.031582686087036176,-0.062250978891472776,0.13066704509971136,0.13057445780890412,-0.47454807249514724,1.1574932598276524,0.0
9.00900900900901,-0.49750619734116414,-0.0033996526217006887,1.1551595160191117,-0.14781006032374608,0.030187979453253733,-0.06973533168912269,0.13065574548881162,0.13032601836586533,-0.47552825814757677,1.1545084971874737,0.0
9.02902902902903,-0.49745211482829993,0.002704125643209,1.1521477831748235,-0.15058664221441706,0.02856362677443104,-0.08121763394113446,0.1321654212110736,0.13157988463055126,-0.4764896707586094,1.1515176348163871,0.0
9.04904904904905,-0.49728013491509626,0.008598995660182063,1.1491216079240092,-0.15130876254071873,0.026558214509155784,-0.10027061326376284,0.1325748797386526,0.13206728892030317,-0.4774322723733215,1.1485207907885175,0.0
9.06906906906907,-0.4969963196937536,0.014190761067134957,1.1460944581216403,-0.15135749011843982,0.02444973683386208,-0.10542388376468502,0.13242924244842671,0.13186472494692386,-0.4783560257794153,1.1455180834141359,0.0
9.08908908908909,-0.4966088018879485,0.0193758902902536,1.143061393719042,-0.15165322012991944,0.022493025860248202,-0.09783554868069412,0.13229034765732742,0.13152964702477218,-0.479260894508688,1.142509631234988,0.0
9.10910910910911,-0.4961260836813316,0.024135910330844237,1.1400156055265405,-0.1522894096250677,0.02070045685764336,-0.08962845013024232,0.1324278331472344,0.13147274989860294,-0.4801468428384715,1.1394955530196147,0.0
9.12912912912913,-0.4955557887845459,0.02851474483928438,1.136958466629294,-0.15285694486232412,0.018925401946269814,-0.08875274556867721,0.1326066537632397,0.13154637305084485,-0.48101383579304297,1.1364759677586624,0.0
9.14914914914915,-0.49490490594596936,0.03254414192882834,1.133893867478295,-0.15322995754995,0.017212072335927385,-0.08566648051712161,0.13262261690255725,0.13143172456798213,-0.4818618391450049,1.1334509946601876,0.0
9.16916916916917,-0.49418050925439627,0.03621983457865486,1.1308204839509919,-0.15366917636515556,0.01567510214222494,-0.07684850968512237,0.1326201569388273,0.13121408622553046,-0.48269081941663694,1.1304207531449486,0.0
9.18918918918919,-0.49338941620943616,0.039554652248006396,1.12773517691206,-0.15426535194659022,0.0142702969221511,-0.07024026100369186,0.13277064303576355,0.13116696019866597,-0.4835007438812175,1.1273853628416912,0.0
9.20920920920921,-0.4925377019009286,0.042585715425377736,1.1246395762138526,-0.1547800349103681,0.013037137423836201,-0.06165797491574497,0.13295531384991888,0.13113849488351076,-0.4842915805643156,1.124344943582427,0.0
9.22922922922923,-0.4916308517050556,0.04534250979365084,1.1215360780190036,-0.15517490974245235,0.011857436767937478,-0.05898503279493608,0.1313656421112079,0.12835098993890223,-0.4850632982450529,1.1212996153977037,0.0
9.24924924924925,-0.49067460818343156,0.047812176081201474,1.1183599066499403,-0.15880856845316693,0.009926402758605736,-0.09655170046658715,0.1307227890969304,0.12809174600973727,-0.485815866457337,1.1182494985118623,0.0
9.26926926926927,-0.48967371210391436,0.0500448039758607,1.1150977551447652,-0.16310757525876193,0.00764020952854404,-0.11430966150308475,0.1322169701266203,0.12977675806301867,-0.48654925549106326,1.1151947133382953,0.0
9.28928928928929,-0.4886351983544042,0.051925687475506015,1.1117968009835872,-0.16504770805889543,0.005358683699772,-0.11407629143860207,0.13309230803743455,0.1306623690879297,-0.48726343639328856,1.1121353804746907,0.0
9.30930930930931,-0.48756776061204515,0.053371887117954445,1.1084832094759365,-0.1656795753825356,0.0031265641744196992,-0.11160597626761502,0.1337310009159788,0.13128676356332103,-0.4879583809693737,1.1090716206982711,0.0
9.32932932932933,-0.48648023010658403,0.0543765252730548,1.1051757507005937,-0.16537293876713516,0.0009621386805976042,-0.10822127469110478,0.13430053753318633,0.1318411868841568,-0.48863406178409674,1.1060035549610274,0.0
9.34934934934935,-0.48538138488717814,0.05494226097029395,1.1018911130155773,-0.16423188425081983,-0.0010110502781249368,-0.09865944793612705,0.13445014591299287,0.13190671535412685,-0.48929045216273603,1.1029313043849407,0.0
9.36936936936937,-0.48427976224676034,0.055081132020890884,1.0986325010784486,-0.16293059685644046,-0.002853093697459011,-0.09210217096670367,0.134567282203389,0.1319811998376725,-0.4899275261921234,1.0998549902572037,0.0
9.38938938938939,-0.48318320909020573,0.05482765782772886,1.095402753523618,-0.16148737774153432,-0.004482099309083183,-0.08145028058120864,0.13454294463457284,0.131864085656601,-0.49054525872166704,1.0967747340254301,0.0
9.40940940940941,-0.4820990175667196,0.05420957617430891,1.092199760724286,-0.1601496399665996,-0.0059279592905959275,-0.07229299907563727,0.1344750546962861,0.13173763009394437,-0.49114362536434436,1.0936906572928622,0.0
9.42942942942943,-0.4810336151407083,0.053270121300562794,1.0890206199367003,-0.15895703937928024,-0.007220944988452795,-0.06464928489284338,0.13280536789863934,0.1291310925989402,-0.4917226024976648,1.090602881813569,0.0
9.44944944944945,-0.47999244097471094,0.05205870829986805,1.0858019511223826,-0.16093344071587928,-0.008881144912886167,-0.08300999622166853,0.13162827074422356,0.12828942604551816,-0.49228216726460267,1.087511529487638,0.0
9.46946946946947,-0.47898025945651135,0.05060907590997982,1.0825138144636037,-0.16440683293894118,-0.010725351970889929,-0.0922103529001879,0.13325517331520187,0.13015784129104865,-0.492822297574499,1.0844167223563668,0.0
9.48948948948949,-0.47800394838848437,0.04881555340134959,1.0792079389360645,-0.16529377637695963,-0.012515049931039541,-0.08948489800748059,0.13420797864572273,0.1312391246230818,-0.493342972103934,1.0813185825974418,0.0
9.50950950950951,-0.47707099531619535,0.046647653614451105,1.0759143869019123,-0.1646776017076024,-0.014222141414576341,-0.08535457417683996,0.13503396311007929,0.13219543023673253,-0.49384417029756883,1.0782172325201156,0.0
9.52952952952953,-0.47618879213131243,0.04411015924414657,1.0726594788088128,-0.16274540465497764,-0.01570038393864345,-0.07391212620335574,0.13746533510075204,0.13316584880401586,-0.494325872368957,1.0751127945603787,0.0
9.54954954954955,-0.47536483534308915,0.04119783941116532,1.0694935161109012,-0.1582981348955857,-0.018080404880045777,-0.1190010470701163,0.13600240983764458,0.13252496302652894,-0.49478805930132547,1.072005391276126,0.0
9.56956956956957,-0.47460451722220537,0.0380159060441904,1.0663852464095716,-0.15541348506647557,-0.020803917971432648,-0.1361756545693435,0.13595264206395605,0.13300261449967077,-0.4952307128483256,1.068895145342319,0.0
9.58958958958959,-0.4739174314747724,0.03435428737164903,1.0633408477731985,-0.1522199318186542,-0.023430790921291023,-0.1313436474929188,0.1355145169924983,0.1328709049154358,-0.4956538155347533,1.0657821795461413,0.0
9.60960960960961,-0.4733142236890807,0.03016038928458292,1.0603516690626678,-0.14945893552653713,-0.02578164367134695,-0.11754263750279668,0.13528180167818896,0.13284092888999854,-0.4960573506572389,1.0626666167821524,0.0
9.62962962962963,-0.4728052473753618,0.02544881568594607,1.0574135886333609,-0.14690402146534762,-0.027695715968173613,-0.0957036148413329,0.1345528097498366,0.13241224908077248,-0.49644130228490685,1.0595485800474347,0.0
9.64964964964965,-0.47239936318826303,0.0202942093549367,1.0545092317421587,-0.14521784456010986,-0.029005501110617046,-0.06548925712217155,0.13441309664310352,0.1322636432382708,-0.4968056552600042,1.0564281924367407,0.0
9.66966966966967,-0.4721039729704047,0.014769510892916983,1.0516341262415416,-0.14375527503085947,-0.029820864360335746,-0.040768162485935205,0.13387778391248364,0.13177343693042437,-0.49715039519849946,1.05330557713763,0.0
9.68968968968969,-0.47192377921658724,0.009009687690873572,1.0487729389624811,-0.1430593639530277,-0.030171518425635868,-0.017532703265005774,0.13343375828470996,0.13137548624070491,-0.4974755084906501,1.0501808574256075,0.0
9.70970970970971,-0.47186152971648826,0.003112475004947832,1.0459131073566839,-0.14299158028986886,-0.030204080712624842,-0.0016281143494492716,0.13296927161926375,0.13102874225164277,-0.49778098230154005,1.047054156659257,0.0
9.72972972972973,-0.47191823836432867,-0.0028354323920217386,1.043042577403937,-0.14352649763734732,-0.02982685953997315,0.0188610586325852,0.13265996264031363,0.13076806674115465,-0.49806680457158625,1.0439255982753717,0.0
9.74974974974975,-0.4720937623293536,-0.00877619825124627,1.0401529048971148,-0.14448362534111056,-0.029036739476151527,0.039506003191081135,0.13241409824947048,0.1305437836347474,-0.49833296401701493,1.0407953057840786,0.0
9.76976976976977,-0.47238629968208357,-0.014626867636500424,1.0372371719669868,-0.14578664650639742,-0.028067964390250826,0.04843875429503466,0.13214810610303876,0.13043314254068877,-0.49857945013030697,1.0376634027639666,0.0
9.78978978978979,-0.47279259314968924,-0.02031467338028371,1.0342898917933474,-0.14736400868196758,-0.026838079622174226,0.061494238403830094,0.13200126198113515,0.1303803799215025,-0.4988062531806126,1.034530012857203,0.0
9.80980980980981,-0.4733087519017235,-0.02580793760171307,1.0313082159925238,-0.14908379004118227,-0.025357748014934636,0.0740165803619795,0.13192944374164092,0.13038005681292694,-0.4990133642141358,1.0313952597646565,0.0
9.82982982982983,-0.4739298562832165,-0.03105521907464844,1.0282912074176411,-0.1508504287441362,-0.023797091285387435,0.07803283647735981,0.13142939687053534,0.13036614604285202,-0.4992007750544875,1.0282592672410122,0.0
9.84984984984985,-0.47464994192368526,-0.03600428202343973,1.0252314044448716,-0.15299014863847668,-0.02181192378833393,0.09925837485267545,0.13147859888704239,0.13034752284447662,-0.49936847830300873,1.025122159089885,0.0
9.86986986986987,-0.47546290093845334,-0.040647950738404395,1.0221294087159587,-0.15509978644565,-0.01959388076534798,0.11090215114929729,0.13162481668348805,0.1305313359925679,-0.49951646733906235,1.0219840591589326,0.0
9.88988988988989,-0.4763610967135452,-0.04490978875459389,1.0189902840009764,-0.15695623574911974,-0.017204990581577248,0.11944450918853675,0.13174518163366927,0.1307084171171576,-0.4996447363202946,1.0188450913349674,0.0
9.90990990990991,-0.47733590225994554,-0.048740277320017206,1.0158186143933774,-0.15858348037994496,-0.01480108441347661,0.12019530840503194,0.13189084033865692,0.13097620670130064,-0.4997532801828658,1.015705379539064,0.0
9.92992992992993,-0.47837808473963067,-0.052109123984255386,1.0126206950396868,-0.1598959676845303,-0.01238759521540101,0.12067445990377985,0.13213442907244596,0.13133722943378218,-0.49984209464164997,1.012565047721669,0.0
9.94994994994995,-0.4794783161023391,-0.05501156813542146,1.009405631973231,-0.1607531533227889,-0.010068644104077734,0.11594755556616393,0.1321959883756365,0.13157407810082372,-0.4999111761904045,1.0094242198577041,0.0
9.96996996996997,-0.48062714322543093,-0.05744135615459242,1.0061779737755927,-0.16138290988190937,-0.00787747231699142,0.10955858935431564,0.1322545083629759,0.13181571221049715,-0.49996052210190806,1.0062830199416761,0.0
9.98998998998999,-0.4818155158413965,-0.05941863079827635,1.002942268693284,-0.16178525411543718,-0.00573443036425312,0.10715209763691516,0.13218320781154094,0.13189779300162,-0.49999013042806856,1.0031415719827796,0.0
10.01001001001001,-0.48303480315215847,-0.06096436553810014,0.9996987533463686,-0.16217576734577568,-0.003634243025061981,0.1050093669595569,0.13206651152719287,0.13192229239502137,-0.5,1.0,0.0
10.03003003003003,-0.48427654093353506,-0.06208688906882966,0.9964461189397628,-0.16263172033029336,-0.0016040258441690075,0.10151085904464863,0.13139291061823363,0.1323196051344754,-0.49999013042806856,0.9968584280172206,0.0
10.05005005005005,-0.48553240447259544,-0.06279317695301787,0.9931803108181018,-0.16329040608304915,0.0010279115015193463,0.13159686728441772,0.13198213330743278,0.13262991114103864,-0.49996052210190806,0.9937169800583237,0.0
10.07007007007007,-0.4867944232969716,-0.06310094121880848,0.9899146760896042,-0.16328173642488308,0.003923740893937177,0.14479146962089154,0.13218432604430339,0.13271457710166826,-0.4999111761904045,0.9905757801422959,0.0
10.09009009009009,-0.488052175196012,-0.06288759495202179,0.9866534674825823,-0.1630604303510896,0.0067990182583876685,0.1437638682225245,0.13240800675188522,0.13298051593551505,-0.49984209464164997,0.9874349522783312,0.0
10.11011011011011,-0.48929421478077906,-0.06210197923835175,0.9834039104276099,-0.16247785274862384,0.009589131818366318,0.1395056779989326,0.1321016189185038,0.13274747120091446,-0.4997532801828658,0.984294620460936,0.0
10.13013013013013,-0.49050925553994035,-0.060752037958063554,0.9801579529074522,-0.16229787600788345,0.01228563027803079,0.1348249229832237,0.13206303442465642,0.1327472526223782,-0.4996447363202946,0.9811549086650326,0.0
10.15015015015015,-0.4916862515579141,-0.05884980089868934,0.9769149303842652,-0.1621511261593505,0.014724142033284034,0.12192558776266221,0.13213794672815704,0.13295919487922392,-0.49951646733906235,0.9780159408410675,0.0
10.17017017017017,-0.49281445932083096,-0.056410388145841345,0.9736789765338731,-0.1617976925196072,0.01680355620288496,0.10397070848004598,0.13230456366673368,0.13331857754583673,-0.49936847830300873,0.9748778409101153,0.0
10.19019019019019,-0.4938841624045901,-0.053485154187955825,0.9704577537669867,-0.16106113834432137,0.018633306307349936,0.09148750522324886,0.13233697499959424,0.13346921980575885,-0.4992007750544875,0.9717407327589878,0.0
10.21021021021021,-0.4948870903413674,-0.05014639683886569,0.9672538446184125,-0.16019545742871533,0.020230828831139174,0.07987612618946202,0.13234079183560069,0.1335675670367911,-0.4990133642141358,0.9686047402353432,0.0
10.23023023023023,-0.4958159262328509,-0.04644179457417547,0.9640686347069206,-0.15926049557459024,0.021517854436382586,0.06435128026217074,0.1337126547115835,0.1354327261257271,-0.4988062531806126,0.9654699871427971,0.0
10.25025025025025,-0.4966633558651689,-0.04237148161589918,0.9609499478167493,-0.15593434450856655,0.022796539384153717,0.06393424738855649,0.1330352496855581,0.13469885896635608,-0.49857945013030697,0.9623365972360336,0.0
10.27027027027027,-0.4974246136164865,-0.038062887565878195,0.9578767739366482,-0.15365869400505175,0.023869058624213728,0.05362596200300036,0.13255479585935487,0.13428776465560435,-0.49833296401701493,0.9592046942159214,0.0
10.29029029029029,-0.49809484997747383,-0.03351181804936775,0.9548357960099124,-0.15204889633678828,0.024648006686286923,0.03894740310365988,0.1321910265960414,0.13405514847001834,-0.49806680457158625,0.9560744017246285,0.0
10.31031031031031,-0.49866999958177227,-0.02875748021492301,0.9518180822933897,-0.1508856858261358,0.02517461404580446,0.02633036797587683,0.13188010887215137,0.13385465545022043,-0.49778098230154,0.9529458433407427,0.0
10.33033033033033,-0.4991471500343567,-0.02385752262922157,0.9488159841065616,-0.1501049093414018,0.025492156500673425,0.01587712274344842,0.13161682502098088,0.1336791755854911,-0.4974755084906501,0.9498191425743926,0.0
10.35035035035035,-0.499524341706345,-0.018859583599416134,0.9458229516662732,-0.1496516220144259,0.025583669889237902,0.004575669428224068,0.1312967036093968,0.1334535831810315,-0.49715039519849946,0.9466944228623702,0.0
10.37037037037037,-0.49980048636349755,-0.01380723285762751,0.9428308713364476,-0.14960401649127736,0.025445570569252462,-0.00690496599927261,0.1311564529503059,0.13341143543895037,-0.49680565526000425,0.9435718075632594,0.0
10.39039039039039,-0.49997526187815877,-0.008738775733059893,0.939837032637342,-0.149691934955282,0.02510355221082729,-0.01710091792125815,0.13102388580400917,0.13336286653773272,-0.49644130228490685,0.9404514199525651,0.0
10.41041041041041,-0.5000492761504537,-0.003700713614743967,0.9368387667498086,-0.14991329437667128,0.024628501020628902,-0.023752559509919877,0.13095513540675302,0.1333320726261004,-0.49605735065723894,0.9373333832178479,0.0
10.43043043043043,-0.500023877937216,0.0012699106618837093,0.9338346332629924,-0.15020667434080945,0.02400755535062019,-0.03104728350043537,0.1312332556465599,0.13360716461240227,-0.4956538155347533,0.9342178204538589,0.0
10.45045045045045,-0.4999007263065422,0.006157581533692718,0.9308328716741121,-0.15008807944401412,0.023247509174449937,-0.03800230880851264,0.1310813108463637,0.13349565644389336,-0.49523071284832565,0.9311048546576811,0.0
10.47047047047047,-0.49968232965753767,0.010919832450225438,0.9278296393415704,-0.15016161662708577,0.02234975876707531,-0.04488752036873145,0.13095389831734272,0.13340642572607003,-0.49478805930132547,0.9279946087238738,0.0
10.49049049049049,-0.4993716667048611,0.015533147633827946,0.9248217979857776,-0.15039206778964134,0.021218784659708455,-0.056548705368342486,0.13084215451595993,0.1334008773223871,-0.49432587236895703,0.9248872054396216,0.0
10.51051051051051,-0.4989723430248856,0.019966183998776164,0.921807690531321,-0.1507053727228287,0.02003880493236154,-0.05899898636734601,0.13080870278566062,0.13336013883063075,-0.4938441702975689,0.9217827674798846,0.0
10.53053053053053,-0.49848880669824447,0.024176816332054304,0.9187863145520883,-0.15106879896163516,0.01880793011180728,-0.0615437410277131,0.12948658093440626,0.13268663553969987,-0.493342972103934,0.9186814174025583,0.0
10.55055055055055,-0.4979262256620271,0.0281290518108685,0.9157282064235599,-0.1529054064264191,0.017978433557842944,-0.04147482769821692,0.12993218604312085,0.13281624282932014,-0.492822297574499,0.9155832776436331,0.0
10.57057057057057,-0.4972892516068216,0.03184870276027691,0.912641979156655,-0.15431136334524395,0.017361360820162396,-0.030853636884027105,0.130478914059419,0.13313922327161892,-0.49228216726460267,0.9124884705123619,0.0
10.59059059059059,-0.4965808982684784,0.035417666917159155,0.90954057462478,-0.15507022659374983,0.01681476837551836,-0.027329622232201867,0.1308215755505742,0.13332563001154216,-0.4917226024976648,0.9093971181864313,0.0
10.61061061061061,-0.4958034383661545,0.038872995116195616,0.9064318722759092,-0.15543511744354185,0.016219274762429615,-0.029774680654437332,0.13103666871163797,0.13345388940691003,-0.49114362536434436,0.9063093427071378,0.0
10.63063063063063,-0.4949589206426175,0.042225886176850795,0.9033209946446783,-0.15554388156154436,0.015504747431459413,-0.035726366548509844,0.1316195396173637,0.1338397387165625,-0.49054525872166704,0.9032252659745698,0.0
10.65065065065065,-0.4940495205759203,0.04547000333485976,0.9002223297926116,-0.15493324260333538,0.014651597522208681,-0.042657495462536756,0.13148552042347111,0.13369611276603838,-0.48992752619212343,0.9001450097427963,0.0
10.67067067067067,-0.49307812016401287,0.04857002059536974,0.8971318095237736,-0.15452601344190345,0.013673527230455758,-0.04890351458764586,0.1314591805817994,0.1336615038557365,-0.4892904521627361,0.8970686956150594,0.0
10.69069069069069,-0.49204810012080435,0.05150100216042644,0.8940485815261859,-0.15416139987938127,0.0125983928446293,-0.05375671929132308,0.13146293253465147,0.13363971179027792,-0.48863406178409674,0.8939964450389727,0.0
10.71071071071071,-0.4909633585656933,0.05423707775555283,0.8909724329687038,-0.15380742787410995,0.011503998261285687,-0.05471972916718068,0.13138970673481354,0.13349569156635788,-0.48795838096937366,0.8909283793017285,0.0
10.73073073073073,-0.48982819515071035,0.05675817074914549,0.8879002011125537,-0.15361159280750122,0.010403235454033549,-0.05503814036260675,0.13144213639776953,0.1334645801081889,-0.48726343639328856,0.8878646195253094,0.0
10.75075075075075,-0.4886469990791907,0.05905980357598357,0.8848322535165536,-0.15339737980000556,0.009403762998931378,-0.049973622755108596,0.13167605678669855,0.13354145814003487,-0.48654925549106326,0.8848052866617047,0.0
10.77077077077077,-0.4874240531504321,0.06114729643792888,0.8817732416711809,-0.1529505922686382,0.0084039019604579,-0.04999305192367372,0.13176228724993697,0.1335329757849695,-0.485815866457337,0.8817505014881378,0.0
10.79079079079079,-0.48616331707821697,0.06303680361075452,0.8787243562404847,-0.15244427153480514,0.007407293104388858,-0.04983044280345222,0.13184567963051735,0.13351524914602342,-0.48506329824505295,0.8787003846022964,0.0
10.81081081081081,-0.48486880427176793,0.06472564032245222,0.8756866050053221,-0.15188756175813115,0.006493816017461465,-0.04567385434636966,0.13192438353546354,0.13344231984736094,-0.48429158056431554,0.8756550564175725,0.0
10.83083083083083,-0.48354448110542064,0.06621615831736445,0.8726601044864135,-0.15132502594542968,0.005629566024886417,-0.04321249962875242,0.13216363533470699,0.13357410596118388,-0.48350074388121755,0.872614637158309,0.0
10.85085085085085,-0.4821939965922278,0.06752422565964242,0.8696503763865017,-0.15048640499559357,0.004890107073068008,-0.03697294759092041,0.1320736996319131,0.13330715780919436,-0.48269081941663694,0.8695792468550516,0.0
10.87087087087087,-0.48082079304963987,0.06866017712939548,0.8666521542454837,-0.14991110705089872,0.004154378587147197,-0.036786424296040524,0.13210688817708946,0.13324342909650094,-0.4818618391450049,0.8665490053398125,0.0
10.89089089089089,-0.47942784085150303,0.06964760990684321,0.8636650009133445,-0.14935766660696073,0.003450138334025328,-0.035212012656093535,0.1321534437527514,0.13315553123006296,-0.48101383579304297,0.8635240322413373,0.0
10.91091091091091,-0.47801814040442236,0.07048502235403349,0.8606883169963266,-0.14883419585089602,0.0028488369807803888,-0.03006506766224695,0.1322284064708525,0.1330566892264079,-0.48014684283847153,0.8605044469803853,0.0
10.93093093093093,-0.4765945094201405,0.07118154921409349,0.8577217592540389,-0.14832788711438466,0.0022943318739955896,-0.0277252553392399,0.1322664790962621,0.13296751316787278,-0.479260894508688,0.8574903687650122,0.0
10.95095095095095,-0.47515939582202776,0.07175567990563637,0.8547645780445258,-0.14785906047566008,0.0018235388594939437,-0.023539650725082312,0.13231595707544447,0.13285301409900724,-0.4783560257794153,0.8544819165858643,0.0
10.97097097097097,-0.47371501212589573,0.07221918480660305,0.851815815698057,-0.14743811732344153,0.0013587572088862576,-0.023239082530384286,0.13229774029468375,0.13272498167127633,-0.4774322723733215,0.8514792092114825,0.0
10.99099099099099,-0.4722633425250596,0.07258348004180859,0.8488733093712452,-0.14712531634058804,0.0010284219723027625,-0.016516761829174782,0.1324044372427733,0.13262721412281753,-0.47648967075860943,0.8484823651836131,0.0
11.01101101101101,-0.4708062663033392,0.07285381108601853,0.8459371942549831,-0.14680575581310068,0.0007590823763433573,-0.013466979797970225,0.13242124404501535,0.1324968868530966,-0.4755282581475768,0.8454915028125264,0.0
11.03103103103103,-0.46934515448875913,0.07305559072900511,0.8430057901135739,-0.14657020707046256,0.0005513461233366071,-0.010386812650337515,0.13238967439822993,0.13222222047139726,-0.4745480724951473,0.8425067401723476,0.0
11.05105105105105,-0.46788115385788315,0.07320003154379949,0.8400745610630408,-0.14656145252665298,0.0003509611581234914,-0.01001924826065576,0.13226074419977088,0.13194083789522934,-0.47354915249737217,0.8395281950963953,0.0
11.07107107107107,-0.4664151407022212,0.07330065778309776,0.8371374289301176,-0.1468566066461595,0.00013037817967165953,-0.011029148922591584,0.13238281747408787,0.13192673634670268,-0.4725315375899024,0.8365559851725287,0.0
11.09109109109109,-0.46494799808521065,0.07335713085052786,0.8341959936496802,-0.14707176402186814,-5.985127133441684e-05,-0.009511472550303806,0.13274204236194576,0.1320932848530409,-0.4714952679464322,0.8335902277385067,0.0
11.11111111111111,-0.4634806447121592,0.07336766865257172,0.8312580446650072,-0.14689744923365403,-0.0002851883335525318,-0.011266853110905733,0.13289015703649715,0.13209809514090087,-0.4704403844771128,0.8306310398773544,0.0
11.13113113113113,-0.4620138777846,0.0733383463779601,0.8283258475574123,-0.14660985537974225,-0.0005806962528349626,-0.014775395964121515,0.1328973413596532,0.13199438076640774,-0.46936692882693704,0.8276785384127414,0.0
11.15115115115115,-0.46054863210461294,0.07326228399935446,0.8253979720995053,-0.14639377289535477,-0.0009562607475958862,-0.018778224738046162,0.1329493875516884,0.13198220596709526,-0.46827494337409614,0.8247328399043704,0.0
11.17117117117117,-0.4590861749728422,0.073122856588538,0.8224750084764165,-0.14614818115443615,-0.0012947412378456536,-0.01692402451248832,0.13307056417814678,0.13199035936425235,-0.46716447122830607,0.8217940606433747,0.0
11.19119119119119,-0.4576280222882718,0.07290763422851869,0.8195588715548384,-0.14580684607890562,-0.0016259646163449516,-0.016561168924964897,0.13318514038527485,0.13202800775462228,-0.4660355562291055,0.8188623166477272,0.0
11.21121121121121,-0.4561755723792118,0.07262249545299962,0.8166518150161381,-0.14535282693501564,-0.0019098424974224953,-0.014193894053877117,0.13317015517298836,0.13193300368751135,-0.4648882429441256,0.8159377236576608,0.0
11.23123123123123,-0.4547301964424654,0.07226879683732226,0.8137522074911547,-0.14498037624917154,-0.0020997453826211146,-0.00949514425993097,0.1321625446395525,0.1304495633059138,-0.46372257666733063,0.8130203971310997,0.0
11.25125125125125,-0.4532930241265043,0.07185861579805264,0.8108231426181268,-0.14645324365139767,-0.0024464510740573467,-0.017335284571811535,0.13245115628480392,0.13082248751368025,-0.462538603417229,0.8101104522390994,0.0
11.27127127127127,-0.45186487213749255,0.07140759945058803,0.807874419425411,-0.147436159635786,-0.0027972721659263403,-0.017541054593449644,0.13289488997188897,0.13127477492499337,-0.4613363699350575,0.8072080038613019,0.0
11.29129129129129,-0.4504471888385133,0.07088416494896109,0.8049193091860779,-0.1477555119666551,-0.0030509697376328764,-0.012684878585326746,0.13320737750417375,0.1315450770633004,-0.46011592368293525,0.804313166581399,0.0
11.31131131131131,-0.44904142033028716,0.07028842541130872,0.8019664421876294,-0.14764334992242936,-0.0031703669937935652,-0.005969862808034362,0.13339670037517007,0.13166954375361822,-0.4588773128419905,0.8014260546826096,0.0
11.33133133133133,-0.44764859860012235,0.06964108650824159,0.7990204642329773,-0.1472988977326026,-0.003177547852060486,-0.00035904291334598604,0.13347181160807756,0.13169352400948306,-0.4576205863104588,0.7985467821431688,0.0
11.35135135135135,-0.4462691855731628,0.0689706513479769,0.7960828418783283,-0.14688111773245227,-0.0031367628412416427,0.002039250540942294,0.13348310365290028,0.13169762974955773,-0.45634579370175143,0.7956754626318255,0.0
11.37137137137137,-0.44490334217478367,0.06829216991895724,0.7931538031483282,-0.1464519365000098,-0.0028565206982247003,0.014012107150847188,0.13352526632563938,0.1316118642936031,-0.45505298534249794,0.7928122095033582,0.0
11.391391391391391,-0.44355091464581836,0.06762137644826523,0.7902327025848602,-0.14605502817339502,-0.002432306851197187,0.021210692351375723,0.13353630626231835,0.1315457060158475,-0.4537422122705585,0.7899571357940969,0.0
11.411411411411411,-0.4422108182635262,0.06700481911460661,0.7873187269218762,-0.14569878314920104,-0.0019040297974682616,0.026413852686446415,0.13355565233196054,0.131507543642084,-0.45241352623300973,0.7871103542174637,0.0
11.431431431431431,-0.4408814383108717,0.06646899763272728,0.7844116018055891,-0.1453562558143553,-0.001245143090500844,0.032944335348371,0.13459117433359605,0.13283383629763387,-0.4510669796841015,0.7842719771595207,0.0
11.451451451451451,-0.43956074885346746,0.06603447287021141,0.7815463215171463,-0.1432640144221402,-0.00025692852193263244,0.049410728428410704,0.13414935336314357,0.13216248477496875,-0.4497026257831856,0.7814421166745337,0.0
11.471471471471471,-0.4382461585466997,0.06572951533838788,0.7787063987353063,-0.14199613909199948,0.000930336335239975,0.059363242858630504,0.1339570961947777,0.13180873606023094,-0.4483205183926179,0.7786208844805491,0.0
11.491491491491491,-0.4369337624339988,0.0656198056350454,0.7758837474124753,-0.1411325661415503,0.002174927284828645,0.06222954747943361,0.1338453361171431,0.13161208946478928,-0.44692071207563194,0.775808391954984,0.0
11.511511511511511,-0.4356189115394334,0.06574254472826926,0.7730737969889306,-0.14049752117723255,0.003434455126757609,0.06297639209644829,0.13380806566312706,0.13151175117295813,-0.44550326209418395,0.7730047501302266,0.0
11.531531531531531,-0.43429671864541064,0.0661096447011385,0.7702745012218899,-0.13996478835203674,0.004656336985643128,0.06109409294427616,0.13497064745368278,0.13246262175688425,-0.4440682244067723,0.7702100696892561,0.0
11.551551551551551,-0.43296209132395613,0.06673136607272585,0.7675171564468486,-0.1378672387520675,0.005613982557481949,0.04788227859194122,0.1344844579359512,0.13209588024042357,-0.4426156556662276,0.7674244609612708,0.0
11.571571571571571,-0.4316102672310826,0.06759120464367664,0.7647891072014997,-0.13640246226744218,0.006426085519003694,0.04060514807608743,0.1342396275144706,0.13190067030238575,-0.44114561321747664,0.7646480339173337,0.0
11.591591591591591,-0.43023749991807,0.0686383656506317,0.7620838150507077,-0.1352646075396041,0.007124547638523903,0.03492310597601064,0.1340594596112577,0.1317646861693416,-0.4396581550952781,0.7618808981660304,0.0
11.611611611611611,-0.428840612828679,0.06984435446954876,0.7593965770814254,-0.13436189846411428,0.007731536672920997,0.030349451719854932,0.13395314115442566,0.1316960167268347,-0.43815334002193185,0.7591231629491425,0.0
11.631631631631631,-0.42741682980556606,0.07118915115564738,0.75672478230982,-0.1335897385802672,0.008206504938463385,0.023748413277119605,0.13325066204488156,0.13110664284971887,-0.43663122740496,0.7563749371373337,0.0
11.651651651651651,-0.4259638522051077,0.07264888002291925,0.7540492750009655,-0.13377536544272497,0.008549626035210978,0.017156054837379784,0.1334046155050101,0.13134779894155002,-0.4350918773347628,0.7536363292258541,0.0
11.671671671671671,-0.42447975177359965,0.0742050215754029,0.7513758936090413,-0.1336690695962113,0.008795820633765413,0.012309729927721901,0.13349438202883238,0.1315020553938266,-0.43353535058224507,0.7509074473302546,0.0
11.691691691691691,-0.42296314745208585,0.07583021607568939,0.7487082418819749,-0.1333825863533213,0.008984830682040396,0.009450502413749392,0.1335426568726358,0.1316019880771822,-0.4319617085964177,0.7481883991821197,0.0
11.711711711711711,-0.4214130202548157,0.0775063598635092,0.7460485070195689,-0.13298674312030032,0.009104615550732583,0.005989243434609513,0.1335273671467324,0.13165292062201014,-0.4303710135019717,0.7454792921248141,0.0
11.731731731731731,-0.4198285690107467,0.0792225622034477,0.7433972104417854,-0.1325648288891739,0.009125171361133616,0.0010277905200515485,0.13355124993062323,0.13175798868600225,-0.4287633280968261,0.7427802331092468,0.0
11.751751751751751,-0.41820924297054624,0.08096630201002344,0.7407562581961108,-0.13204761228373266,0.009016449521401572,-0.005436091986601957,0.13353018530688227,0.131860718620083,-0.4271387158496476,0.7400913286896452,0.0
11.771771771771771,-0.41655492662425864,0.08271581731437903,0.7381268593521977,-0.13146994219565322,0.008839021219419634,-0.008871415099096768,0.1334742057430119,0.13188681605261135,-0.42549724089734603,0.7374126850193523,0.0
11.791791791791791,-0.41486599692760096,0.08444648483288515,0.7355085751071863,-0.13091421225057379,0.008576494785193447,-0.013126321711309176,0.13341033939707309,0.13193452600434966,-0.4238389680425417,0.7347444078466331,0.0
11.811811811811811,-0.4131430489553854,0.08614739861077862,0.7329011723436237,-0.13037013817812912,0.008165651360994718,-0.020542171209936493,0.13327940809927755,0.13197703594496013,-0.4221639627510075,0.7320866025105016,0.0
11.831831831831831,-0.41138708856440503,0.08779801954901864,0.7303033501499527,-0.1298911096835493,0.00768880701081256,-0.0238422175091078,0.13288226389512126,0.13156893835991856,-0.4204722911490846,0.7294393739365621,0.0
11.851851851851851,-0.40959976702396345,0.08936607702208024,0.727703192930854,-0.13000786095493894,0.0070484067037927195,-0.03202001535099195,0.132856990180654,0.13176191356289213,-0.4187640200210709,0.7268028266328654,0.0
11.871871871871871,-0.40778288416716474,0.09084414283993575,0.7251031998887115,-0.12999965210712278,0.006346864355347314,-0.035077117422270335,0.1328758839815773,0.13191774231962747,-0.41703921680658573,0.724177064685785,0.0
11.891891891891891,-0.4059388667355492,0.09220087158077793,0.722505977940641,-0.12986109740352933,0.005599228252682911,-0.03738180513322011,0.1328300517878391,0.13199890023280894,-0.41529794959790634,0.7215621917559061,0.0
11.911911911911911,-0.4040703953380209,0.09342356987641288,0.7199120688522391,-0.1296954544200901,0.004809666362948019,-0.03947809448674461,0.1328131337341247,0.1321184240441539,-0.4135402871372809,0.7189583110739347,0.0
11.931931931931931,-0.4021803104061209,0.09450424659500069,0.7173230102054254,-0.12945293234068184,0.0039680890313470605,-0.04207886658004788,0.13283556834298235,0.13226817286493311,-0.41176629881421384,0.7163655254366219,0.0
11.951951951951951,-0.4002716211085592,0.09543446487808499,0.7147413689646254,-0.12908206204000394,0.003067347525593822,-0.04503707528766201,0.13290946247886445,0.1324956170644641,-0.40997605466272624,0.7137839372027046,0.0
11.971971971971971,-0.39834757457081094,0.09620232688741348,0.7121716238726792,-0.12848725459731178,0.002173184032283357,-0.04470817466552342,0.13293871601582705,0.13262418718787544,-0.4081696253585919,0.7112136482888661,0.0
11.991991991991991,-0.39641163439160415,0.096797008960338,0.70961612550539,-0.12777491836446078,0.0012665170998945338,-0.045333346619441224,0.1329026953923305,0.13270740347665466,-0.40634708221654703,0.708654760165712,0.0
12.012012012012011,-0.39446723356167396,0.09722004149650929,0.7070755822739081,-0.12702716157409402,0.00032780453918760977,-0.04693562803534635,0.1328069807534955,0.13274176617794659,-0.4045084971874738,0.7061073738537635,0.0
12.032032032032031,-0.3925178605194356,0.09746865211191794,0.7045490913972806,-0.12632454383137537,-0.0006489864682904825,-0.048839550373904764,0.13218826899630925,0.13207837798373745,-0.402653942855561,0.7035715899194704,0.0
12.052052052052051,-0.3905671356927956,0.09753624133199863,0.7020176617470465,-0.1265714825117067,-0.0018066432619903907,-0.05788283968499559,0.13229268312119882,0.1324242310358734,-0.4007834924354383,0.7010475084712406,0.0
12.072072072072071,-0.38861880136064897,0.09741671660733275,0.6994879633325144,-0.12648492072660722,-0.0030684496912096837,-0.06309032146096485,0.13257513320570513,0.13292903686175278,-0.3988972197692855,0.6985352291554876,0.0
12.092092092092091,-0.38667735640536977,0.09707224776395894,0.6969716536108725,-0.12581548608209114,-0.004339681678656587,-0.06356159937234537,0.13265926347506737,0.1331978382577308,-0.39699519932391764,0.6960348511526973,0.0
12.112112112112111,-0.3847476961731919,0.09648301160889491,0.6944739490767936,-0.12488522670394693,-0.005584278874256029,-0.06222985977997236,0.1325572987099277,0.13329051776844295,-0.39507750618784526,0.6935464731735119,0.0
12.132132132132131,-0.3828347224759669,0.09564868486124886,0.6919946936263887,-0.12396277252024883,-0.006784986395531374,-0.060035376063767514,0.1324955462252343,0.13342440058552665,-0.3931442160683094,0.6910701934548328,0.0
12.152152152152151,-0.3809433215018083,0.09457004870792843,0.6895349315178363,-0.12298810542761975,-0.007812115011153771,-0.05135643078112012,0.1324169463979767,0.13345149555956637,-0.391195405288294,0.6886061097559437,0.0
12.172172172172171,-0.37907812647484684,0.09325975134807252,0.6870938704791484,-0.12205305193439414,-0.008701109819933663,-0.044449740438995064,0.13229906479185502,0.13346242343281672,-0.3892311507835118,0.6861543193546498,0.0
12.192192192192191,-0.37724309481282114,0.09175158310128537,0.6846698965318421,-0.12119869736531755,-0.009446848483036776,-0.03728693315515613,0.13213135064768539,0.13341934651416784,-0.38725153009936697,0.6837149190434378,0.0
12.212212212212211,-0.3754416887518687,0.090070303047624,0.6822598580644612,-0.1205019233690438,-0.009960878732575191,-0.025701512476921207,0.13204778295873462,0.13338401910325562,-0.3852566213878945,0.681288005125655,0.0
12.232232232232231,-0.3736766853740145,0.08825016889270863,0.6798619671258515,-0.11989454693048929,-0.010385949684241452,-0.021253547583313406,0.13106000953426458,0.13321627487301016,-0.3832465034046749,0.6788736734117078,0.0
12.252252252252251,-0.371949912539733,0.08633864171407672,0.6774590861707595,-0.12014404775459736,-0.010092569392050393,0.014669014609552573,0.13116463158075084,0.13303985729898268,-0.38122125550572394,0.6764720192152778,0.0
12.272272272272271,-0.37026298763825227,0.08434624507403461,0.6750501346883996,-0.1204475741179952,-0.00934867787028123,0.03719457608845754,0.13140394718814646,0.13313593217655892,-0.37918095764436105,0.6740831373495608,0.0
12.292292292292291,-0.36861472437360177,0.08241316323252611,0.6726400929315021,-0.12050208784487766,-0.008379923876611005,0.04843769968351052,0.1315393322579068,0.1332379021983023,-0.3771256903680519,0.6717071221235218,0.0
12.312312312312311,-0.3670022060071576,0.08062591832220743,0.6702325054571158,-0.12037937371931448,-0.0072534650353705665,0.056322942062021396,0.13163533168564545,0.1333012698430298,-0.3750555348152297,0.669344067338174,0.0
12.332332332332332,-0.3654215846570801,0.07903106750387702,0.6678297668604358,-0.12013692983399785,-0.006078689397658268,0.05873878188561411,0.13171531638493608,0.1334041558982756,-0.3729705727120911,0.6669940662828743,0.0
12.352352352352352,-0.36386843629283855,0.07765741821207653,0.6654346208264353,-0.11975730170002245,-0.004861625631221799,0.060853188321822876,0.13176763422256083,0.1334643864704303,-0.37087088636936966,0.66465721173164,0.0
12.372372372372372,-0.3623381149447946,0.07651606740219703,0.6630487654662847,-0.1192927680075347,-0.0036452095116064143,0.060820805980768465,0.1316873371684988,0.13340775074091124,-0.36875655867908713,0.662333595939488,0.0
12.392392392392392,-0.36082579238457724,0.07561612801087049,0.6606701983298504,-0.11892835682171309,-0.0024518719025892013,0.05966688045085984,0.1317773141146104,0.1335199768857755,-0.36662767311128003,0.6600233106387904,0.0
12.412412412412412,-0.35932669279206886,0.07495497962541797,0.6583019353182533,-0.11841315057985244,-0.0012709105083962835,0.059048069709645004,0.13186802656114396,0.13360910064144774,-0.3644843137107058,0.6577264470356556,0.0
12.432432432432432,-0.35783608374783804,0.07453045221154066,0.6559466549617937,-0.11776401782298032,-0.00016046307171711002,0.05552237183395776,0.13096198049301516,0.13419628545598547,-0.36232656509352346,0.6554430958063259,0.0
12.452452452452452,-0.356349353696944,0.07433650254470192,0.6535996420394885,-0.11735064611526087,0.002128822798745791,0.11446429352314404,0.12978429021890012,0.13213173498093095,-0.3601545124439536,0.6531733470935976,0.0
12.472472472472472,-0.35486206550039356,0.07436440982751986,0.6512128664775962,-0.11933877809461493,0.004807669725329445,0.13394234632918162,0.1314660028352365,0.1333643662495882,-0.3579682415109155,0.6509172905032636,0.0
12.492492492492492,-0.3533652271149269,0.07484191927333209,0.6488294949008071,-0.11916857883945728,0.007500690891068994,0.1346510582869763,0.1324529869373972,0.1340955414219442,-0.3557678386046427,0.6486750151005755,0.0
12.512512512512512,-0.3518482230693943,0.07585020227663238,0.6464749447744697,-0.1177275063168729,0.010030093593848405,0.12647013513896954,0.13299484626618993,0.13447548026086964,-0.35355339059327384,0.6464466094067263,0.0
12.532532532532532,-0.35030027433989347,0.07739743647504115,0.6441628065381083,-0.11560691181806498,0.012218822387808316,0.10943643969799428,0.1309271320381711,0.1335734350941384,-0.35132498489942465,0.6442321613953574,0.0
12.552552552552552,-0.3487118104827429,0.07942319285752802,0.6418489981165322,-0.11569042107880718,0.015018164972160545,0.13996712921761006,0.13016031478499956,0.1321889141325914,-0.34908270949673637,0.6420317584890844,0.0
12.572572572572572,-0.3470747093610786,0.08185505608321463,0.6395015548037128,-0.11737216564096514,0.018019208011105448,0.15005215194724403,0.13196417330730068,0.13354587852324115,-0.34682665290640247,0.6398454875560465,0.0
12.592592592592592,-0.34537734570646283,0.0848681827307886,0.6371671501593964,-0.11672023221582474,0.020816635991438813,0.13987139901666695,0.13307320159741504,0.1344381149281515,-0.34455690419367424,0.6376734349064767,0.0
12.612612612612612,-0.3436074024905951,0.08849716079338626,0.6348752327495619,-0.11459587049172217,0.023267099877646573,0.12252319431038641,0.13358386002519634,0.13481626456226764,-0.3422735529643445,0.6355156862892943,0.0
12.632632632632632,-0.34175357495683006,0.09269137668825433,0.632638751983597,-0.11182403829824843,0.025335649845435355,0.1034274983894377,0.1358944536789708,0.13670036312674635,-0.33997668936120956,0.6333723268887199,0.0
12.652652652652652,-0.3398046520475934,0.0974461454618312,0.630519619876159,-0.10595660537190056,0.026656772610771363,0.06605613826679882,0.13478642191128323,0.13576239754858443,-0.3376664040605121,0.6312434413209129,0.0
12.672672672672672,-0.3377531449297782,0.10257535589076124,0.628487332096374,-0.10161438898925024,0.027486156642893278,0.041469201606094165,0.13383488349015552,0.134825234451421,-0.33534278826836006,0.6291291136306305,0.0
12.692692692692692,-0.33559448395518177,0.10793304872982136,0.6265137801812816,-0.09867759575462105,0.027812746116195813,0.01632947366512535,0.13308382522201193,0.13411672663356458,-0.33300593371712583,0.6270294272879089,0.0
12.712712712712712,-0.3333260021249328,0.11342409151244968,0.6245772597431796,-0.09682602190510065,0.027721288315853545,-0.004572890017115118,0.1326022892625592,0.1336467426260354,-0.3306559326618258,0.6249444651847701,0.0
12.732732732732732,-0.33094686179782346,0.11895701635546589,0.6226636439007946,-0.09568079211924864,0.02730035180918467,-0.021046825333445606,0.1322585753164966,0.13327119397752754,-0.3282928778764782,0.6228743096319481,0.0
12.752752752752752,-0.32845776353187933,0.12445491329720615,0.6207622910216647,-0.09506764395649783,0.026581590392480738,-0.03593807083519832,0.13198232070342464,0.1329695418963058,-0.3259168626504395,0.6208190423556392,0.0
12.772772772772772,-0.32586064538735743,0.1298559072260948,0.6188646882640221,-0.09488013788212982,0.02560686577577859,-0.048736230835109806,0.13189037169435902,0.1328353327763051,-0.3235279807847221,0.6187787444942761,0.0
12.792792792792792,-0.3231584644515873,0.1351090467885069,0.6169675623198294,-0.09485629720963466,0.024402579689421337,-0.060214304317864654,0.1318601550978075,0.13276917279998215,-0.321126326588292,0.616753496595325,0.0
12.812812812812812,-0.3203551383381365,0.1401663056725398,0.6150695855961081,-0.0948988361860646,0.02301394044751206,-0.0694319620954657,0.13184851554328708,0.1327062253022356,-0.31871199487434476,0.6147433786121053,0.0
12.832832832832834,-0.3174554532879727,0.14498425250819144,0.6131697714715854,-0.0949907062261396,0.02144947841035905,-0.07822310185765259,0.1314233160913981,0.13211914206095982,-0.3162850809565623,0.6127484699006331,0.0
12.852852852852854,-0.3144652809371239,0.14950861754243927,0.6112532561578358,-0.09582576568747932,0.019683487888536307,-0.08829952609113971,0.13171078439784717,0.1324572062164446,-0.31384568064535046,0.6107688492164884,0.0
12.872872872872874,-0.3113905702155095,0.15373553608072163,0.6093294404548002,-0.09619078515177651,0.01780717121142801,-0.09381583385541693,0.1319380432651647,0.13269421613692325,-0.3113938902440563,0.608804594711706,0.0
12.892892892892894,-0.3082381694733975,0.15762003710559902,0.6074053432189681,-0.09620486179160623,0.01591729001946029,-0.09449405959838855,0.13194048067292719,0.13266658310296597,-0.308929806545167,0.6068557839316904,0.0
12.912912912912914,-0.30501553482359367,0.1611317324901902,0.60548072912462,-0.09623070471740311,0.014102676896560135,-0.0907306561450109,0.1322343333051301,0.13285529201905205,-0.30645352682648824,0.6049224938121548,0.0
12.932932932932934,-0.30173002890021117,0.16427529616912503,0.6035628712445438,-0.09589289400381325,0.012361327421624435,-0.08706747374678755,0.13226838178392714,0.13279254735960433,-0.30396514884730286,0.6030048006760824,0.0
12.952952952952954,-0.2983888304099399,0.16705992451356366,0.6016514514562193,-0.09557098941621948,0.010671937777558512,-0.084469482203299,0.1328811936765243,0.13331215844226993,-0.3014647708445123,0.6011027802307145,0.0
12.972972972972974,-0.2949986392158938,0.16950955970230402,0.5997633355921046,-0.0944057932057401,0.00904216897251501,-0.08148844025217832,0.13307072383608984,0.13340627609299938,-0.2989524915287595,0.5992165075645618,0.0
12.992992992992994,-0.2915661492692799,0.1716244973306975,0.5979028023280824,-0.09302666320111244,0.007485596094365959,-0.07782864390745545,0.13332025826963817,0.13354544940664403,-0.2964284100805295,0.5973460571444389,0.0
13.013013013013014,-0.28809782388742344,0.17341626909282093,0.5960756734814098,-0.0913564423336277,0.006008729278137903,-0.07384334081140588,0.13272768650966485,0.13287031861368467,-0.2938926261462366,0.5954915028125263,0.0
13.033033033033034,-0.28460004388802174,0.17488899997008592,0.594263219655167,-0.0906226913121356,0.004645186958827836,-0.06817711596550653,0.13291753047516236,0.13081897208166487,-0.2913452398342883,0.5936529177834532,0.0
13.053053053053054,-0.2810788663199817,0.17605887840200277,0.5924379027398974,-0.09126584576348272,0.0016940753538264514,-0.14755558025007245,0.1297069936231384,0.1285948443965892,-0.2887863517111338,0.591830374641408,0.0
13.073073073073074,-0.27754007942615194,0.17693934469148817,0.5905192384355457,-0.0959332152175858,-0.001956722670324577,-0.18253990120755464,0.13090823321145714,0.13033416897753272,-0.2862160627972956,0.590023945337274,0.0
13.093093093093094,-0.27399495322138606,0.17725631023829316,0.5885508263877929,-0.09842060238763785,-0.005819415442967115,-0.1931346386321302,0.1315893290665434,0.13128773692098858,-0.2836344745633782,0.5882337011857863,0.0
13.113113113113114,-0.27045772723276523,0.17686129943104137,0.5865568819361975,-0.09969722257977129,-0.009605774505278735,-0.18931795311558422,0.13295227822179853,0.13279196728006973,-0.28104168892606546,0.5864597128627191,0.0
13.133133133133134,-0.2669437558745704,0.17569856790974148,0.5845798226063935,-0.09885296649019747,-0.013131240858215692,-0.17627331764685128,0.13415046129409586,0.13402325274933405,-0.2784378082440939,0.5847020504020937,0.0
13.153153153153154,-0.26346833748737103,0.17377091935997094,0.5826555238961906,-0.09621493551014461,-0.016318386159448216,-0.15935726506163,0.1348952135532889,0.13477347917120502,-0.2758229353142152,0.5829607831934145,0.0
13.173173173173174,-0.2600458692804101,0.17112341034804487,0.5808059724991945,-0.09247756984980217,-0.019050987643761796,-0.1366300742156819,0.1348283368893509,0.13462744291953455,-0.27319717336713445,0.5812359799789291,0.0
13.193193193193194,-0.25668912498907964,0.16783721456652417,0.5790278270866727,-0.08890727062609256,-0.021289221204776422,-0.11191167805073493,0.13458656619433904,0.13427710081279048,-0.27056062606343795,0.5795277088509154,0.0
13.213213213213214,-0.25340886865318596,0.16401281679468296,0.5773121243078638,-0.0857851389404399,-0.023094612085350325,-0.09026954402869836,0.13446693214134534,0.13406688305409292,-0.26791339748949816,0.5778360372489924,0.0
13.233233233233234,-0.25021399444156095,0.1597437105812511,0.5756537987672348,-0.08291627703145167,-0.02444727760356663,-0.0676332759108188,0.13392641305042116,0.13441923884877288,-0.265255592153367,0.5761610319574584,0.0
13.253253253253254,-0.24711167440300755,0.15511600192766975,0.5740499042267958,-0.0801947270219457,-0.024573142131381724,-0.006293226390758404,0.13372352511921518,0.13355607114665657,-0.262587314980648,0.5745027591026541,0.0
13.273273273273274,-0.24410696824596348,0.15023530785220324,0.5724845241727022,-0.07826900270467996,-0.023925489073382517,0.03238265289995698,0.13329275974229715,0.1326972582713302,-0.2599086713103547,0.5728612841503524,0.0
13.293293293293294,-0.2411999265410691,0.14535208524471976,0.5709385472954914,-0.07729884386054092,-0.02282521271421785,0.05501381795823035,0.1330628963870883,0.1322133273850467,-0.257219766890753,0.5712366719031737,0.0
13.313313313313314,-0.23838783998188226,0.14060432795934114,0.5694014637736663,-0.07685417609125862,-0.021373403601500935,0.07259045563584257,0.13300331888126563,0.1319460435917313,-0.25452070787518555,0.5696289864980282,0.0
13.333333333333334,-0.23566632140536742,0.1360759288257414,0.5678685335472604,-0.0766465113202919,-0.019688180433209315,0.08426115841457782,0.1330164771931517,0.13180603865257862,-0.2518116008178805,0.5680382914035824,0.0
13.353353353353354,-0.23302967291720078,0.1318324244083312,0.5663380037611837,-0.07652648930383535,-0.017851739507741445,0.09182204627339066,0.13306965356210831,0.13175472517905543,-0.24909255266974567,0.5664646494177551,0.0
13.373373373373374,-0.23047131552401173,0.1279178696594527,0.5648100377409909,-0.07639830100963765,-0.015917159252319398,0.0967290127710995,0.13316266474072883,0.13175896812288598,-0.24636367077414584,0.5649081226652373,0.0
13.393393393393394,-0.2279841356613101,0.12435899313508257,0.5632862112876412,-0.07619132266748731,-0.013888408624436405,0.10143753139414734,0.13320797902228296,0.13170886160748269,-0.24362506286266597,0.5633687725950398,0.0
13.413413413413414,-0.22556056620658677,0.12117847273616639,0.5617665816077467,-0.07598148399472415,-0.011817192238645755,0.10356081928953006,0.13334623580684057,0.13178306951514912,-0.24087683705085763,0.5618466599780683,0.0
13.433433433433434,-0.22319270027104526,0.11839329677707451,0.5602544146777235,-0.0756083465011587,-0.009746466591779183,0.10353628234332675,0.13445933552865444,0.1335225713788352,-0.23811910183396973,0.5603418449047219,0.0
13.453453453453454,-0.22087290502540563,0.11598976228198182,0.5587920728709627,-0.07311709033804303,-0.007175758302227089,0.12853541447760308,0.13378355463733912,0.13244430625850817,-0.23535196608266623,0.5588543867825233,0.0
13.473473473473474,-0.2185927279451591,0.11400885401232583,0.5573536601904687,-0.07192063402469918,-0.004407407733309905,0.1384175284458575,0.13390951110020333,0.13232079920307127,-0.2325755390387293,0.5573843443337725,0.0
13.493493493493494,-0.21634205669859616,0.11253356232814775,0.5559392987104593,-0.07071807400046715,-0.0016160725948817288,0.13956675692140758,0.13397168460400743,0.1322277054101097,-0.22978993031074382,0.5559317755932277,0.0
13.513513513513514,-0.21410997674822993,0.1116039975183113,0.5545485935937743,-0.0695352558342507,0.0010772822756330964,0.1346677435257402,0.13408928397860648,0.1322614893655615,-0.22699524986977346,0.5544967379058161,0.0
13.533533533533534,-0.21188545687128363,0.11122599384731577,0.5531838207071831,-0.06823864432955985,0.0035737750712708286,0.1248246397818858,0.13396741762002817,0.13084147674888702,-0.22419160804501637,0.5530792879243682,0.0
13.553553553553554,-0.2096578805330351,0.11137881691242618,0.5518221402755349,-0.06808402158240767,0.004817548893851127,0.06218869112901436,0.13409279180864725,0.1315921414643107,-0.2213791155194508,0.551679481607382,0.0
13.573573573573574,-0.20741741486369789,0.11202328346686062,0.5504765077939353,-0.06728162407997863,0.005313697580555537,0.024807434335220195,0.1340743350923579,0.13194501719977833,-0.21855788332546666,0.5502973742168146,0.0
13.593593593593594,-0.20515914877477331,0.11291330444622807,0.549151857020575,-0.06623253866801788,0.005365063885463797,0.0025683152454130075,0.1340584579324077,0.13215270667321158,-0.21572802284047946,0.5489330203158986,0.0
13.613613613613614,-0.2028811063437208,0.113902121552626,0.5478510196742887,-0.0650418673143132,0.005141634025081284,-0.01117149301912539,0.13401947900624717,0.13225104261632678,-0.21288964578253647,0.5475864737669903,0.0
13.633633633633634,-0.20058306454271616,0.11490209005023282,0.5465748740239778,-0.0638072825155475,0.004733678569169388,-0.020397772795594314,0.13583961680231713,0.1349130618021892,-0.21004286420590307,0.5462577877294414,0.0
13.653653653653654,-0.19826551545575727,0.11587745434794401,0.5453898261477301,-0.05925239381238287,0.004761383699410423,0.0013852565120526447,0.13457485828688975,0.1333078198923546,-0.20718779049664218,0.5449470146575022,0.0
13.673673673673674,-0.19593028498411125,0.11676152358230069,0.5442533660769016,-0.056823003541427726,0.004937485789067827,0.008805104482871532,0.13431852011496304,0.13287460659861416,-0.2043245373681744,0.5436542062982486,0.0
13.693693693693694,-0.19357725010078392,0.1176517441663669,0.5431552778280242,-0.05490441244386867,0.0050532834160249345,0.005789881347857217,0.13392488933326557,0.1324428353181849,-0.2014532178568314,0.5423794136895412,0.0
13.713713713713714,-0.1912057366161041,0.11857567423399082,0.5420833299909963,-0.05359739185139341,0.005036785388200476,-0.0008249013912205788,0.13372018011971715,0.13225807336045817,-0.19857394531739014,0.5411226871580094,0.0
13.733733733733734,-0.18881529242560496,0.11952220952495674,0.5410317504135316,-0.05257897887323808,0.004876458014610467,-0.008016368679497425,0.13350504936095173,0.13210013027483197,-0.1956868334186012,0.5398840763170648,0.0
13.753753753753754,-0.18640596095241974,0.12046657365926086,0.5399950124737929,-0.0518368969869363,0.0045644920478792655,-0.015598298336556255,0.13331994896784188,0.13200203441050043,-0.19279199613869846,0.5386636300649427,0.0
13.773773773773774,-0.18397835839508145,0.1213801278669148,0.5389689238485292,-0.05130443126318197,0.0041320495819916776,-0.02162212329437467,0.1332572324525545,0.13202766289750653,-0.18988954776090053,0.537461396582771,0.0
13.793793793793794,-0.18153363803283232,0.12223601811245663,0.5379529408796234,-0.05079914844528961,0.0035695976332528866,-0.028122597436933745,0.13316918854048596,0.1320693309076744,-0.18697960286889995,0.5362774233326693,0.0
13.813813813813814,-0.1790734944621388,0.12300717853467623,0.536946383912676,-0.050327848347372514,0.0029712160402483763,-0.029919079650218484,0.13319928009674475,0.13220208039385947,-0.1840622763423389,0.5351117570558743,0.0
13.833833833833834,-0.17660000141440474,0.12367465238670343,0.5359516739030132,-0.049735500483141064,0.002285138189221537,-0.03430389255133354,0.13170620077056083,0.13076321803132498,-0.18113768335227293,0.5339644437708946,0.0
13.853853853853854,-0.17411561900988243,0.12421912022611514,0.5349253825636667,-0.05131456696732673,0.0015310081666229083,-0.03770650112992144,0.1323045536314163,0.1315593934731156,-0.17820593935662563,0.5328355287716942,0.0
13.873873873873874,-0.17162286798104165,0.12463755144203952,0.5338881765306164,-0.05186030165251889,0.0007627935704597447,-0.03841072980814653,0.13265929475244967,0.13209937068853386,-0.17526716009562956,0.5317250566259039,0.0
13.893893893893894,-0.16912464310564795,0.12491124376968497,0.5328533164997251,-0.0517430015445641,9.369033253999733e-05,-0.033455161895973924,0.13293997886988143,0.13250615787196504,-0.17232146158725833,0.5306330711730629,0.0
13.913913913913914,-0.16662387314542199,0.12503849801129788,0.5318309906838915,-0.05111629079167819,-0.00045527357256003,-0.027448195254986044,0.1332537530794691,0.13292912531503556,-0.16936896012264568,0.5295596155228872,0.0
13.933933933933934,-0.16412310723880957,0.12503829533062044,0.5308321149010393,-0.049943789142609836,-0.0008808332011646217,-0.021277981430212343,0.1332424569702179,0.13301671148523928,-0.1664097722614935,0.5285047320535678,0.0
13.953953953953954,-0.16162444145739704,0.12493328907062635,0.5298578189827967,-0.04871479591212778,-0.0011755015826017078,-0.014733419071835112,0.13307181562826298,0.13291591988609314,-0.16344401482747117,0.5274684624100976,0.0
13.973973973973974,-0.15912947094925745,0.1247485254069805,0.5289040805805363,-0.0476869201130237,-0.0013656829629478376,-0.009509069017285394,0.13292140734614538,0.13285162432516995,-0.16047180490360488,0.5264508475026279,0.0
13.993993993993994,-0.15663925841325316,0.12451062680021412,0.5279677177049161,-0.046818143781009465,-0.0014795165450892493,-0.005691679107047706,0.13293353699019544,0.13295543471272944,-0.1574932598276523,0.5254519275048526,0.0
14.014014014014014,-0.15415448383771116,0.12423872877709942,0.5270504470329928,-0.045863533596167856,-0.0015163615841754358,-0.001842251954284817,0.13294616674376003,0.13303552870445778,-0.15450849718747378,0.5244717418524232,0.0
14.034034034034034,-0.15167555771415855,0.12394630617762989,0.5261536416104827,-0.04484027112550244,-0.0014629490329668244,0.002670627560456581,0.12728854831601558,0.1293307412767065,-0.15151763481638725,0.5235103292413907,0.0
14.054054054054054,-0.14920232855900306,0.12366145775777439,0.5251385990703976,-0.050752127004258185,0.0001553351040625115,0.08091420685149092,0.1269944140864764,0.12817475953219096,-0.1485207907885175,0.5225677276266785,0.0
14.074074074074074,-0.14673447573545068,0.1233926411776186,0.5239838365386035,-0.05773812658970581,0.00256189849827335,0.12032816971056504,0.13017018811441788,0.13083978902719182,-0.14551808341413613,0.5216439742205848,0.0
14.094094094094094,-0.14426577937305132,0.12343481811996779,0.5227758884363302,-0.06039740511366633,0.005258694161986337,0.1348397831856717,0.13209371259761357,0.13250427242575205,-0.14250963123498805,0.520739105491312,0.0
14.114114114114114,-0.14178674981739367,0.12395147778288229,0.5215678976185413,-0.06039954088944666,0.007990911557458555,0.13661086977363265,0.13318541594765232,0.13346647955144852,-0.1394955530196148,0.5198531571615286,0.0
14.134134134134134,-0.1392865795488335,0.12500851342800853,0.5203902506308253,-0.05888234938579507,0.01057895007357841,0.12940192580601353,0.13403197526781668,0.13428009217509915,-0.13647596775866255,0.5189861642069571,0.0
14.154154154154154,-0.13675419357952182,0.12661929846558465,0.5192674703245845,-0.05613901531204073,0.0129116324915573,0.11663412089896409,0.13439288329165716,0.13466415332012974,-0.1334509946601879,0.5181381608549952,0.0
14.174174174174174,-0.13417912014205502,0.1287536718733399,0.5182104971457919,-0.05284865893962904,0.014940338400813472,0.10143529546282627,0.13464929023285307,0.13497076744556902,-0.13042075314494833,0.517309180583363,0.0
14.194194194194194,-0.1315519089722773,0.1313605584888858,0.5172275622451704,-0.049146745031076466,0.016661249379488118,0.08604554893374768,0.1345255424524442,0.1349043461738018,-0.12738536284169116,0.5164992561187824,0.0
14.214214214214214,-0.12886438281215268,0.13437630800623127,0.5163157357736283,-0.0455913235771056,0.01800485817736953,0.06718043989408252,0.13444264890505683,0.13492368194186746,-0.12434494358242722,0.5157084194356845,0.0
14.234234234234235,-0.1261096459480964,0.13773684320281446,0.5154739677322794,-0.042088402067447926,0.019011180631588936,0.05031612271097771,0.1340495806158057,0.13494275387965035,-0.12129961539770373,0.5149367017549471,0.0
14.254254254254255,-0.1232823685453312,0.1413638701382599,0.5146966254004015,-0.03886711659389486,0.019942936148500057,0.046587775845556866,0.13360415484955196,0.13443758056814648,-0.11824949851186255,0.5141841335426631,0.0
14.274274274274275,-0.12037879328508917,0.14517876301210123,0.5139695541557228,-0.03635356223393458,0.020738174589954847,0.03976192207273361,0.1336019789977459,0.13440366267775158,-0.11519471333829526,0.5134507445089367,0.0
14.294294294294295,-0.11739513871339971,0.14918272858447315,0.5132921473220939,-0.03387034168143989,0.021280622987506794,0.027122419877583667,0.1334539334243796,0.1343012616476315,-0.11213538047469031,0.5127365636067114,0.0
14.314314314314315,-0.11432827452560626,0.15334320938967233,0.5126606311572759,-0.03157580824090345,0.021558043913405874,0.013871046294932257,0.13325902425197633,0.13416399276980795,-0.10907162069827119,0.5120416190306263,0.0
14.334334334334335,-0.1111761646969537,0.15760549143262834,0.5120700404155104,-0.029529537088274216,0.021628127407133595,0.0035041746863557106,0.13309269946872912,0.13402757458921027,-0.10600355496102742,0.5113659382159033,0.0
14.354354354354355,-0.1079377222184798,0.16192212392369448,0.5115158675180026,-0.027708644875390837,0.02143207618708933,-0.009802561002253136,0.13286252405218874,0.13387727236117414,-0.10293130438494096,0.5107095478372641,0.0
14.374374374374375,-0.10461278665038068,0.16624677840495622,0.5109924710889651,-0.026169821451879325,0.021029892250785786,-0.020109196815226375,0.13266151297190262,0.13372393539548214,-0.09985499025720355,0.5100724738078766,0.0
14.394394394394395,-0.1012021783226813,0.17053041638496902,0.5104946194121809,-0.024892583839210253,0.020394997538868517,-0.03174473559592307,0.13246454582189465,0.1335994824658243,-0.09677473402542994,0.5094547412783329,0.0
14.414414414414415,-0.09770757420678933,0.1747302057945988,0.5100175854568869,-0.02385169776469951,0.019576610478311048,-0.04091935302794331,0.13226712839721294,0.1334522557413658,-0.09369065729286231,0.5088563746356556,0.0
14.434434434434435,-0.09413155820528896,0.1788008000750186,0.5095563162760833,-0.023063459040181377,0.01859402344529773,-0.04912935165074578,0.13161175742198955,0.13188934537303348,-0.09060288181356888,0.5082773975023351,0.0
14.454454454454455,-0.09047799681884867,0.1826780693220138,0.5090780191225642,-0.023914857675953593,0.016724355167477174,-0.09348341389111293,0.13100657526017448,0.1318399955467106,-0.08751152948763798,0.5077178327353973,0.0
14.474474474474475,-0.08675086282460129,0.18635669971236948,0.5085730721043125,-0.02524735091258678,0.014371526022091035,-0.11764145726939951,0.13141646947725885,0.13261161811738864,-0.08441672235636707,0.5071777024255011,0.0
14.494494494494495,-0.08295715198408687,0.18968554202572094,0.5080591052874213,-0.02569834084455825,0.011834977999299822,-0.12682740113966073,0.13172131365627288,0.13311872349523893,-0.0813185825974417,0.5066570278960659,0.0
14.514514514514515,-0.07910585302119615,0.19256494814453673,0.5075482893963219,-0.025540794554967973,0.009238037525931822,-0.12984702366850756,0.13194316205324932,0.13348764795483717,-0.07821723252011552,0.5061558297024311,0.0
14.534534534534535,-0.07520683447412772,0.19495092735342143,0.5070495064121214,-0.02493914921002168,0.006719798249857663,-0.12591196380382175,0.13030101435891905,0.1330749086057907,-0.07511279456037881,0.505674127631043,0.0
14.554554554554555,-0.0712705656829426,0.19681343955925584,0.5065324224592972,-0.025854197641214455,0.005242147741704453,-0.0738825254077829,0.1312510369016004,0.133385081643606,-0.07200539127612612,0.5052119406986746,0.0
14.574574574574575,-0.06730675234117808,0.19819066708822586,0.5060157850791339,-0.025831869008163803,0.004299915855593355,-0.047111594305681334,0.13172417469929484,0.13347832514849023,-0.06889514534231926,0.5047692871516745,0.0
14.594594594594595,-0.0633211318600147,0.19928102405816941,0.5055080196391011,-0.025388272001642582,0.0035789856600641117,-0.03604650977658919,0.13201241985331028,0.13355233639291036,-0.06578217954614124,0.5043461844652467,0.0
14.614614614614615,-0.05931745316439654,0.20018393478090832,0.5050145105131411,-0.024675456298000643,0.0029774823806345938,-0.030075163971600354,0.132190288734102,0.1335627527406783,-0.0626666167821523,0.5039426493427611,0.0
14.634634634634635,-0.055298554516403725,0.20094493239964048,0.504538058267816,-0.023822612266254026,0.0023741368477190176,-0.03016727664589767,0.13381409791531723,0.13387835476894447,-0.059548580047434796,0.5035586977150932,0.0
14.654654654654655,-0.05126676891003369,0.20158928031850168,0.5041074025570779,-0.021532785536902282,0.0007724504809071966,-0.08008431834069982,0.131432913155784,0.1321380137129492,-0.056428192436740965,0.5031943447399958,0.0
14.674674674674675,-0.04722460704834677,0.20210809308434585,0.5036614903138498,-0.02229561216140566,-0.0013402641813590375,-0.10563573311340943,0.1320380401872468,0.13313316532210936,-0.05330557713762983,0.5028496048015005,0.0
14.694694694694695,-0.043178351023550554,0.2023128012398111,0.5032240392024471,-0.021872555570134625,-0.0036061403603974114,-0.11329380895200372,0.1325795095659691,0.133864188849837,-0.05018085742560752,0.5025244915093499,0.0
14.714714714714715,-0.039136343111505385,0.20210039560225834,0.5028138985963534,-0.02050703030468426,-0.005855859988448861,-0.11248598140264275,0.13286496213432245,0.13424633984187595,-0.04705415665925698,0.50221901769846,0.0
14.734734734734735,-0.03510765040198265,0.2014346354761365,0.5024409367337743,-0.018648093128956062,-0.007926556978220199,-0.10353484948862031,0.1328912218115934,0.1342686717121769,-0.043925598275371604,0.5019331954284137,0.0
14.754754754754755,-0.03110120663768954,0.2003221882146557,0.5021058313591071,-0.016755268733360383,-0.009794496104277866,-0.09339695630291787,0.13305316919616958,0.134401276055426,-0.04079530578407899,0.5016670359829851,0.0
14.774774774774775,-0.02712535704731205,0.19879247951887444,0.5018128895870079,-0.014647088604965847,-0.011371023462427143,-0.078826367907478,0.13305414999821796,0.13431217145770125,-0.037663402763966326,0.5014205498696931,0.0
14.794794794794795,-0.023187486062751228,0.19689354922804117,0.5015607403637217,-0.01260746116430755,-0.012731427572916303,-0.06802020552445073,0.13300986932231834,0.1342133602834315,-0.03453001285720262,0.5011937468193874,0.0
14.814814814814815,-0.019293875818154005,0.19468051222986113,0.5013471978632026,-0.010677125025953527,-0.01385897095968922,-0.05637716933861562,0.13294885476367604,0.13407486671093216,-0.031395259764656604,0.5009866357858642,0.0
14.834834834834835,-0.015449898970848959,0.1921988423652523,0.5011692417468288,-0.008897805818689115,-0.014791129719680315,-0.046607937999501275,0.13257541471746956,0.13385319809280163,-0.02825926724101237,0.5007992249455124,0.0
14.854854854854855,-0.011659984866211177,0.18949570523188902,0.5010179971357087,-0.007562230556001873,-0.015317830840055885,-0.026335056018701588,0.13276264374224742,0.13380387836889496,-0.025122159089885084,0.5006315216969912,0.0
14.874874874874875,-0.007927925990981445,0.18660294376148664,0.5008954542025392,-0.006127146658475517,-0.015547608684745376,-0.011488892234373759,0.13269817780666573,0.13354247018213633,-0.021984059158932506,0.5004835326609376,0.0
14.894894894894895,-0.004255722064411577,0.18361019632849343,0.5007967544365839,-0.004934988297765269,-0.015643788329874245,-0.004808982256319474,0.1325913756366457,0.13332305092797955,-0.018845091334967076,0.5003552636797053,0.0
14.914914914914915,-0.000644329008973289,0.1805696527719144,0.500717051525632,-0.003985145547596014,-0.015575770405292833,0.0034008962292175274,0.13251413448672547,0.13310182367034504,-0.01570537953906415,0.5002467198171342,0.0
14.934934934934935,0.002905883941505839,0.1775106475239564,0.5006519183476246,-0.0032566589003698485,-0.015401168349263276,0.008730102801647642,0.1325148982903445,0.13299114110143895,-0.012565047721668937,0.50015790535835,0.0
14.954954954954955,0.006395133222987548,0.1744624640740854,0.5005997308517877,-0.0026093747918458877,-0.015135181187454298,0.013299358090641138,0.13253475558534217,0.13289681247412455,-0.009424219857704037,0.5000888238095955,0.0
14.974974974974975,0.009824078102549226,0.1714472439780839,0.5005593965267712,-0.0020167162508248283,-0.014826237341256177,0.015447192310120539,0.1325730994394588,0.1328412132645591,-0.0062830199416764486,0.5000394778980919,0.0
14.994994994994995,0.013193660524809178,0.1684791211129976,0.5005306757360323,-0.0014360395369473072,-0.014445454407345492,0.019039146695771794,0.1326492622521737,0.13280296678472506,-0.003141571982779372,0.5000098695719315,0.0
15.015015015015015,0.016504975635231373,0.1655657555211098,0.5005141483389731,-0.0008263698529601692,-0.013977031240958173,0.023421158319627114,0.13277902958332247,0.1328036210095564,-9.184850993605148e-17,0.5,0.0
15.035035035035035,0.019759484990600245,0.16272546776844363,0.5005117682212585,-0.00011900588572799891,-0.013516680284093592,0.023017547843514948,0.134538446601845,0.13373317894450396,0.0031415719827791884,0.5000098695719315,0.0
15.055055055055055,0.022958409803182353,0.15994624062910548,0.5005633943487144,0.0025813063727956635,-0.013665681563367078,-0.007450063963353622,0.13323044182716248,0.1328181055238489,0.0062830199416762655,0.5000394778980919,0.0
15.075075075075075,0.026103900320700535,0.15727452587590912,0.5006361203887676,0.0036363020026552078,-0.013989645207147463,-0.016198182188664482,0.13322896599325978,0.13295833966254073,0.009424219857703853,0.5000888238095955,0.0
15.095095095095095,0.029195289390592134,0.15456945349457993,0.5007319938464425,0.004793672883743738,-0.014325135455201803,-0.016774512402328093,0.13319606737133238,0.13297729951735357,0.012565047721668754,0.50015790535835,0.0
15.115115115115115,0.032231238864081094,0.15179747367444787,0.5008507905766453,0.005939836510138642,-0.014569204063567515,-0.012203430417860458,0.13313177880416457,0.13289726915113145,0.015705379539063966,0.5002467198171342,0.0
15.135135135135135,0.035210328211873816,0.14895446738963625,0.5009903540116976,0.0069781717526128505,-0.014610407451661327,-0.0020601694042246387,0.13323063470471488,0.13290080138066987,0.018845091334967336,0.5003552636797054,0.0
15.155155155155155,0.038131528834480365,0.14606003113032742,0.5011521869553206,0.008091647181149434,-0.014481721245979504,0.006434310284603421,0.13322461644667338,0.13280562973351345,0.021984059158932322,0.5004835326609376,0.0
15.175175175175175,0.04099464883630803,0.1431560000913835,0.5013347880877473,0.009130056621334665,-0.014204685682450095,0.013851778177035094,0.13321743660648816,0.13270998335149053,0.0251221590898849,0.5006315216969912,0.0
15.195195195195195,0.04380013279093565,0.14027419773138086,0.5015366415944374,0.010092675334506654,-0.013768092375443722,0.021829665350943293,0.13323114760020618,0.13261498880603292,0.028259267241012187,0.5007992249455124,0.0
15.215215215215215,0.04654902870877138,0.13744479589178657,0.5017565590501393,0.010995872785089782,-0.013200246998185155,0.028392268863622533,0.13324693963809328,0.13253851109057427,0.03139525976465686,0.5009866357858642,0.0
15.235235235235235,0.049243021202897926,0.13469962470632724,0.5019936655418814,0.011855324587104003,-0.012529111944906801,0.03355675266468977,0.13285866995476686,0.1326451372231863,0.03453001285720288,0.5011937468193874,0.0
15.255255255255255,0.05188436314662038,0.1320670971861227,0.5022438190848308,0.012507677147472493,-0.011321736376330407,0.06036877842965805,0.13293870722272685,0.1323398545609908,0.037663402763966146,0.5014205498696931,0.0
15.275275275275275,0.05447564345008189,0.1295640151730758,0.5025037169318003,0.012994892348473312,-0.009796412093382417,0.07626621414832495,0.13314098726184173,0.13226292713017224,0.040795305784078806,0.5016670359829851,0.0
15.295295295295295,0.05702154843796292,0.1272952493940514,0.5027752726248335,0.013577784651661012,-0.008139883679542914,0.08282642069300408,0.1335453482390293,0.13248675977364258,0.04392559827537187,0.5019331954284139,0.0
15.315315315315315,0.05952791269735585,0.12531821296964643,0.503067855615723,0.014629149544476739,-0.006426943158508524,0.08564702605286736,0.1336845948090074,0.13248218926348754,0.047054156659257246,0.50221901769846,0.0
15.335335335335335,0.062001213839888804,0.12366505712664766,0.503383519589144,0.015783198671046373,-0.004738528400878169,0.08442073788279664,0.13371193637438458,0.13241560836596686,0.050180857425607336,0.5025244915093499,0.0
15.355355355355355,0.06444819441697762,0.12234902885444103,0.503721732428943,0.01691064198995236,-0.0031341496293390294,0.08021893857837532,0.13371105624683363,0.1323602894534383,0.05330557713762965,0.5028496048015005,0.0
15.375375375375375,0.06687541535393428,0.12136104684783289,0.504081698729027,0.017998315004195416,-0.0015598525337811103,0.07871485477946483,0.13371805561000272,0.1322775103353093,0.056428192436740784,0.5031943447399958,0.0
15.395395395395395,0.06928917141222918,0.12068780291474494,0.5044623207257517,0.019031099836238723,-5.4779577998429316e-05,0.07525364779086072,0.13370159334318152,0.1321957142241324,0.05954858004743506,0.5035586977150932,0.0
15.415415415415415,0.07169569849574743,0.12032635417591264,0.5048621573015089,0.019991828787859392,0.0013005717229124523,0.0677675650474297,0.1336531085208336,0.13213242387281962,0.06266661678215212,0.503942649342761,0.0
15.435435435435435,0.07410085769006255,0.1202579597157565,0.5052795573142268,0.020870000635898334,0.0025612219974779356,0.06303251373032154,0.13345608516072544,0.13267583280238662,0.06578217954614106,0.5043461844652467,0.0
15.455455455455455,0.07650998229595135,0.12045623029444,0.5057196490733716,0.022004587957240335,0.004330338285281721,0.08845581439235684,0.13320299568549646,0.13196116288226478,0.06889514534231908,0.5047692871516745,0.0
15.475475475475475,0.0789279606642426,0.12089891841456209,0.5061680858524955,0.022421838956193322,0.006283804754293151,0.09767332345287988,0.1336348578838972,0.13209825854932944,0.07200539127612593,0.5052119406986745,0.0
15.495495495495495,0.08136177655003515,0.12169079428962755,0.5066332726308198,0.02325933891621424,0.00818922063417144,0.09527079399637099,0.1338639426389585,0.1321667291256535,0.07511279456037863,0.505674127631043,0.0
15.515515515515515,0.08381911467674122,0.12286690633530327,0.5071195767352392,0.024315205220969936,0.009951666729557478,0.08812230477190594,0.1339893053254661,0.13218482888595923,0.07821723252011534,0.5061558297024311,0.0
15.535535535535535,0.08630749865576723,0.12441919895130049,0.5076290691211217,0.025474619294126956,0.011489639484782564,0.07689863776399823,0.13387882564775438,0.13237101947947036,0.08131858259744151,0.5066570278960659,0.0
15.555555555555555,0.08883393955701564,0.12632204506242103,0.5081628083384118,0.026686960864500252,0.012992450738347028,0.0751405626810734,0.13345550785554136,0.1317804432238576,0.0844167223563669,0.507177702425501,0.0
15.575575575575575,0.09140432866120664,0.12851945520954983,0.5087057096909942,0.027145067629118922,0.014329717001282187,0.06686331314970505,0.13376798310126348,0.13200768676708483,0.0875115294876378,0.5077178327353973,0.0
15.595595595595595,0.09402468151640941,0.13101764276013914,0.5092656960541766,0.02799931815912135,0.015427708951923823,0.054899597535109514,0.13399441613315224,0.13220301101995222,0.0906028818135687,0.5082773975023351,0.0
15.615615615615615,0.0967004159848295,0.13378672342100373,0.5098489431140378,0.029162352993059124,0.016200512267768512,0.03864016579531858,0.13430401783621598,0.13255129491432685,0.09369065729286213,0.5088563746356556,0.0
15.635635635635635,0.0994359607485837,0.13677723818771015,0.5104651317398696,0.03080943129159053,0.016730794162145117,0.026514094721947365,0.13334498034345174,0.1309566494062837,0.0967747340254302,0.509454741278333,0.0
15.655655655655655,0.1022337894365007,0.13989143439584986,0.5110763862420715,0.03056272511009718,0.01648028411365396,-0.012525502421412128,0.13339750360649819,0.13141562130430867,0.09985499025720337,0.5100724738078766,0.0
15.675675675675675,0.10509616795676249,0.14311892601308976,0.5116902490790891,0.03069314185088003,0.015713345238193774,-0.03834694376988188,0.1334806312937233,0.13177975303551562,0.10293130438494077,0.510709547837264,0.0
15.695695695695695,0.1080222392016201,0.14630356224288021,0.5123133617355955,0.031155632825321657,0.014639927946828123,-0.05367086456521353,0.1335244292529127,0.13200656503231928,0.10600355496102724,0.5113659382159033,0.0
15.715715715715715,0.11100909551360057,0.1493428155990234,0.5129497812652052,0.03182097648048491,0.013365377563267547,-0.06372751917505289,0.13356013716259696,0.13217787051786467,0.10907162069827145,0.5120416190306263,0.0
15.735735735735735,0.11405259563402628,0.15217500602128542,0.5136026382867978,0.03264285107962863,0.011963858473066191,-0.07007595450721739,0.1335432342020763,0.13227691950835332,0.11213538047469057,0.5127365636067114,0.0
15.755755755755755,0.11714778343267525,0.15475938993244814,0.5142732199290687,0.033529082113546,0.010484964994478827,-0.07394467392667355,0.1334520525493446,0.1322807644932672,0.11519471333829508,0.5134507445089367,0.0
15.775775775775776,0.1202891835725858,0.15707000699552764,0.5149603023058702,0.03435411884007466,0.008947434549139125,-0.07687652226447375,0.13348482229202105,0.1324129667533809,0.11824949851186237,0.514184133542663,0.0
15.795795795795796,0.12347105950650755,0.15909379669608711,0.5156663946605993,0.03530461773645162,0.007372852989636136,-0.07872907797284719,0.13347912555280977,0.13250611608997886,0.12129961539770398,0.5149367017549471,0.0
15.815815815815816,0.1266874268731871,0.16081836833397747,0.5163928513824186,0.03632283609096859,0.005781313670611567,-0.07957696594915892,0.13355964089953334,0.13267363013917452,0.12434494358242747,0.5157084194356845,0.0
15.835835835835836,0.12993215257918975,0.16223628530013273,0.5171433975114865,0.037527306453396796,0.0041993883217355974,-0.07909626744198142,0.13413895945694265,0.133541719471779,0.12738536284169097,0.5164992561187824,0.0
15.855855855855856,0.13319914873427519,0.16334980775427238,0.5179395170556159,0.03980597720646999,0.00279396192394857,-0.07027131988780617,0.13381743813847638,0.1331916233703529,0.13042075314494816,0.517309180583363,0.0
15.875875875875876,0.13648215158159593,0.16415014236603806,0.5187712915209017,0.04158872326428974,0.001491945425013299,-0.0651008249455036,0.1335252717220075,0.13292606563585707,0.13345099466018773,0.5181381608549951,0.0
15.895895895895896,0.13977567704621716,0.16467627323106157,0.5196304777990615,0.04295931390798802,0.00021714099816010158,-0.06374022134169732,0.13335574366295327,0.1328398452163654,0.1364759677586628,0.5189861642069571,0.0
15.915915915915916,0.1430746338098068,0.16494783817948308,0.5205132980419113,0.044141012142492476,-0.001017019648292259,-0.061708032321962626,0.1332115196807083,0.13276987377785318,0.1394955530196146,0.5198531571615285,0.0
15.935935935935936,0.1463740685216111,0.1649717355902149,0.5214165832801351,0.04516426191118999,-0.0022253554500550974,-0.060416790087801306,0.133226778232263,0.1328760931789515,0.14250963123498786,0.520739105491312,0.0
15.955955955955956,0.14966918150215536,0.16475564902721235,0.5223421312412029,0.04627739805338993,-0.0034001219769365567,-0.058738326344052794,0.13317653214752045,0.13290637510987607,0.14551808341413597,0.5216439742205847,0.0
15.975975975975976,0.1529552991624448,0.1643058830144719,0.5232896384379527,0.047375359837493976,-0.004566323918654396,-0.05831009708619608,0.1330811650188414,0.13291499392105158,0.14852079078851732,0.5225677276266785,0.0
15.995995995995996,0.15622784321354555,0.16362720255503752,0.524257806692079,0.04840841270631559,-0.0056890246761907536,-0.056135037877448724,0.1329267882006574,0.13286227103047635,0.15151763481638708,0.5235103292413906,0.0
16.016016016016017,0.1594823072169275,0.16272320016909678,0.5252435495863533,0.04928714471371592,-0.006762554314795584,-0.053676481931200594,0.13283218257865823,0.13286035794501155,0.15450849718747361,0.5244717418524232,0.0
16.036036036036037,0.16271436991664687,0.16160313498596926,0.5262454145689994,0.050093249132303626,-0.00780506877533356,-0.05212572302818727,0.1316729588115659,0.13214048372779247,0.1574932598276521,0.5254519275048526,0.0
16.056056056056057,0.16592009747961212,0.1602863781482623,0.5272355374803146,0.04950614556575939,-0.00857005293887921,-0.03824920817890191,0.13239719443112516,0.1327971198811381,0.16047180490360471,0.5264508475026278,0.0
16.076076076076077,0.1690952539728468,0.15875782466173505,0.5282343453790894,0.049940394938741826,-0.009109873296787523,-0.026991017897365414,0.13271252257733782,0.1330774253856186,0.163444014827471,0.5274684624100975,0.0
16.096096096096097,0.1722368875434072,0.15708167852802027,0.5292506375362872,0.05081460785989064,-0.009584289833356172,-0.023720826830713637,0.13271956675341776,0.1331670063988602,0.16640977226149334,0.5285047320535678,0.0
16.116116116116117,0.17534296199233573,0.15530372244642535,0.5302858265867062,0.05175945252095211,-0.01003219836254405,-0.022395426462009836,0.13261933632848544,0.1331801954997773,0.16936896012264593,0.5295596155228873,0.0
16.136136136136138,0.1784116815075772,0.15343597576207232,0.5313386056213206,0.05263895173072102,-0.010425387511395582,-0.01965945744553159,0.13253331718717587,0.1331887271231855,0.17232146158725858,0.5306330711730629,0.0
16.156156156156158,0.18144132767419785,0.15148230833103227,0.5324078094355473,0.053460190711336286,-0.010723578095111362,-0.0149095291890875,0.1324828899169559,0.1332128333408257,0.17526716009562937,0.5317250566259037,0.0
16.176176176176178,0.18443046116572223,0.14945667457621872,0.533493032276825,0.0542611420638853,-0.010975167529580502,-0.01257947172710805,0.13245586466542938,0.13330005667646386,0.17820593935662546,0.5328355287716939,0.0
16.196196196196198,0.18737792278435023,0.14737308093139928,0.5345951535058019,0.055106061448844564,-0.011114594248740981,-0.006971335962036088,0.1324275695119863,0.13333439229656147,0.18113768335227276,0.5339644437708945,0.0
16.216216216216218,0.19028281079673232,0.14524440061910437,0.5357142518589668,0.0559549176582454,-0.011185428623470894,-0.003541718740881421,0.13241239017384254,0.13339221894288328,0.1840622763423387,0.5351117570558742,0.0
16.236236236236238,0.19314461721326637,0.14309032082670264,0.5368509530462717,0.056835059365242954,-0.011180183126774278,0.0002622748300583526,0.13349993128378876,0.1345245352361988,0.18697960286889978,0.5362774233326691,0.0
16.256256256256258,0.19596275109043707,0.1409066938585343,0.5380381386767245,0.059359281522637086,-0.011122331948525313,0.002892558907274456,0.132858396814531,0.1339502705599985,0.18988954776090075,0.537461396582771,0.0
16.276276276276278,0.19873747173312803,0.1387360321345478,0.5392577982697451,0.0609829796510302,-0.010998258681600037,0.006203663340672221,0.13235843341217368,0.13350627429139578,0.1927919961386983,0.5386636300649426,0.0
16.296296296296298,0.20146926024594378,0.13658942564078752,0.5404959506524971,0.061907619137600275,-0.01086580702477049,0.006622582835445152,0.13213218938655807,0.13338828106095874,0.19568683341860146,0.5398840763170649,0.0
16.316316316316318,0.20415870364957742,0.13447217018168237,0.5417475017271833,0.06257755373431267,-0.010684527917028699,0.009063955380591628,0.13204909020767117,0.13336238480801718,0.19857394531739037,0.5411226871580095,0.0
16.336336336336338,0.20680638570873394,0.1323841029578266,0.5430108425376453,0.06316704052309634,-0.010458133202703565,0.01131973570926962,0.13192600325150733,0.1332836138343221,0.20145321785683123,0.5423794136895412,0.0
16.356356356356358,0.20941312359122133,0.1303368941243699,0.5442829904470463,0.06360739547005151,-0.010229402257396419,0.011436547257852639,0.13189027936090592,0.1333143959457427,0.20432453736817424,0.5436542062982485,0.0
16.376376376376378,0.21197983336212553,0.12833548854521057,0.5455638816509955,0.0640445601974556,-0.009974790292412609,0.012730598241140473,0.131878678723941,0.13334394690874057,0.20718779049664202,0.5449470146575022,0.0
16.396396396396398,0.21450740698237536,0.12637868101249206,0.546853791361847,0.06449548554257707,-0.00965984548234231,0.015747240494896293,0.13190133548686367,0.13337440400105482,0.2100428642059029,0.5462577877294414,0.0
16.416416416416418,0.21699686549030495,0.12447292539647994,0.548153516518627,0.06498625783900219,-0.009311025158039282,0.01744101620593755,0.13189658112751432,0.13338153399701605,0.2128896457825359,0.54758647376699,0.0
16.436436436436438,0.2194495019446334,0.12263182271642266,0.5494631044653671,0.06547939733700289,-0.00898044867373981,0.016528824205132023,0.13128103009405798,0.1340813500930764,0.2157280228404797,0.5489330203158986,0.0
16.456456456456458,0.2218666997132323,0.12085988842994633,0.5507838165224488,0.06603560285408513,-0.007644319756032776,0.06680644587470967,0.13038344214813496,0.1324901069846099,0.2185578833254665,0.5502973742168145,0.0
16.476476476476478,0.22425008220528353,0.11916912460256132,0.5520787944910776,0.06474889843143855,-0.005852831855858295,0.08957439499733602,0.13162475013373456,0.13332151845115783,0.22137911551945064,0.551679481607382,0.0
16.496496496496498,0.22660466088824682,0.1177289341481652,0.5533787876814967,0.06499965952096101,-0.003982501150270855,0.09351653526725252,0.1321139053816637,0.13360101001033517,0.2241916080450162,0.5530792879243682,0.0
16.516516516516518,0.22893740863425158,0.11663738730023779,0.5546952307131926,0.0658221515847924,-0.002212455884321535,0.08850226328460978,0.1325421069259131,0.13391309740588847,0.22699524986977332,0.554496737905816,0.0
16.536536536536538,0.23125566332191888,0.11591273438336516,0.5560391269493512,0.06719481180793113,-0.0006590418576136747,0.07767070132177752,0.13296706417301285,0.13502093189481054,0.22978993031074366,0.5559317755932276,0.0
16.556556556556558,0.23356631336129,0.11553250196855558,0.5574332060028584,0.06970395267535968,0.001272914181921913,0.0965978019622784,0.13264574072391927,0.1342671914578666,0.23257553903872913,0.5573843443337724,0.0
16.576576576576578,0.2358755625788248,0.11546246087674045,0.5588615498595518,0.07141719283466952,0.003206373476694271,0.09667296472325201,0.13275140056741766,0.13414801842180965,0.23535196608266606,0.5588543867825233,0.0
16.596596596596598,0.23819104190093793,0.11577396610565618,0.5603239559793184,0.07312030598832905,0.004967079334973153,0.08803529289770633,0.13288734424191898,0.13416727652716431,0.23811910183396956,0.5603418449047219,0.0
16.616616616616618,0.2405203527324379,0.11646554157499918,0.5618227065138496,0.07493752672655762,0.0065133894631312535,0.07731550639077747,0.1330421127164011,0.1342179132552488,0.24087683705085786,0.5618466599780683,0.0
16.636636636636638,0.24287043456840637,0.11750409179842372,0.5633608159976118,0.07690547418811175,0.007803712533391262,0.06451615349495882,0.13358828956983662,0.13399718553501788,0.24362506286266622,0.5633687725950399,0.0
16.656656656656658,0.24524748028194834,0.11885228567709817,0.5649430706527402,0.0791127327564174,0.008178770099341467,0.018752878278626872,0.1329596811515527,0.13378851501926192,0.24636367077414567,0.564908122665237,0.0
16.676676676676678,0.247656473647826,0.12044966829388312,0.5665570301079178,0.08069797275887959,0.008008539235934675,-0.008511543190208155,0.13252402190687593,0.13359406484339847,0.2490925526697455,0.566464649417755,0.0
16.696696696696698,0.25009876508864975,0.12211457204118685,0.5681933478767934,0.0818158884437802,0.00754300692856299,-0.02327661538954575,0.13222425377779115,0.13340261240154613,0.25181160081788034,0.5680382914035823,0.0
16.716716716716718,0.25257358513377004,0.12374100225601319,0.569844752282808,0.08257022030072643,0.006909418856906534,-0.03167940360496649,0.13206861434452366,0.13329315745432005,0.25452070787518544,0.569628986498028,0.0
16.736736736736738,0.25507902481762973,0.1252719841929834,0.5715073303583589,0.0831289037775475,0.0061936177207633026,-0.03579005683056401,0.13197593810698102,0.13320509697857072,0.2572197668907528,0.5712366719031736,0.0
16.756756756756758,0.2576125621960377,0.12667686892039767,0.5731784225854268,0.08355461135339709,0.005410188467303935,-0.03917146269771321,0.13199648795687888,0.1332206975808824,0.25990867131035494,0.5728612841503525,0.0
16.776776776776778,0.2601713407218596,0.12793892629109602,0.5748585829393975,0.08400801769853428,0.004604962460698167,-0.04026130035644996,0.13198804618943702,0.13319418031166935,0.26258731498064786,0.5745027591026541,0.0
16.796796796796798,0.2627521909148243,0.12904250964823652,0.5765473113755458,0.0844364218074129,0.0038586874622505026,-0.03731374995001577,0.13204395586390053,0.1331712223316807,0.26525559215336725,0.5761610319574586,0.0
16.816816816816818,0.26535190672026926,0.12998579027224771,0.5782451119029995,0.08489002637268665,0.003155545071334833,-0.035157119574941005,0.13215046924966586,0.13320619095747221,0.2679133974894984,0.5778360372489926,0.0
16.836836836836838,0.2679674837582508,0.13077885189907737,0.5799540929444693,0.08544905207349025,0.002525314630407917,-0.0315115220770663,0.13221564783623965,0.13347109199409393,0.27056062606343784,0.5795277088509154,0.0
16.856856856856858,0.2705961302321774,0.13143232369632768,0.5816791542384491,0.08625306469898596,0.002173637688812216,-0.017583847112208437,0.13244488434317941,0.13345144634676817,0.2731971733671343,0.581235979978929,0.0
16.876876876876878,0.2732352839568873,0.13195768623549664,0.5834234078709092,0.08721268162300709,0.001999524420357206,-0.008705663456838555,0.1324791811052374,0.13329482280815722,0.2758229353142151,0.5829607831934144,0.0
16.896896896896898,0.2758835196566815,0.1324117849897114,0.585185044852377,0.08808184907338933,0.001888877096196498,-0.005532366243788861,0.1324991125243547,0.1331841093212521,0.2784378082440938,0.5847020504020936,0.0
16.916916916916918,0.2785400862551788,0.1328283299248652,0.586962721696474,0.08888384220485195,0.0018063164916477645,-0.004128030264857325,0.13254431261444968,0.13312158881034108,0.2810416889260649,0.5864597128627188,0.0
16.936936936936938,0.28120450413614784,0.1332208940484537,0.5887561826515518,0.08967304775389234,0.0017134636736945712,-0.0046426409367615875,0.13258414448257794,0.133074405735755,0.2836344745633784,0.5882337011857864,0.0
16.956956956956958,0.2838763349675239,0.13359154156880212,0.590565319411382,0.09045683799151127,0.0016677919008783468,-0.002283588681557899,0.13268976735883253,0.1330545640454014,0.2862160627972955,0.5900239453372739,0.0
16.976976976976978,0.28655515881869476,0.13394119255854348,0.5923914034496112,0.0913042019114564,0.001632412907019127,-0.0017689497353158457,0.1327296434697349,0.1330022419160448,0.28878635171113365,0.591830374641408,0.0
16.996996996996998,0.28924068923058543,0.13427652059453482,0.5942342506850204,0.09214236177046424,0.0016541924842683306,0.0010889788185753134,0.1328147517052116,0.1329420518966883,0.2913452398342881,0.5936529177834531,0.0
17.017017017017018,0.29193272092779526,0.13460158486049267,0.5960942305056953,0.0929989910337449,0.0016927157570950874,0.0019261635960249163,0.13275049936501998,0.13276524831890416,0.29389262614623646,0.5954915028125263,0.0
17.037037037037038,0.29463127386488647,0.13492764685456052,0.5979677715768208,0.09367705355627311,0.0017265221661896658,0.0016903204080894198,0.13338496464094932,0.13250400764839965,0.2964284100805294,0.5973460571444389,0.0
17.057057057057058,0.29733639636388115,0.13525612494973374,0.5998604028902995,0.09463156567393335,0.001168814652460249,-0.02788537573379193,0.13286496562276323,0.13225935321231688,0.2989524915287594,0.5992165075645617,0.0
17.077077077077078,0.300048145955841,0.13558747959799308,0.6017607960360243,0.0950196572862357,0.0003051014655846504,-0.043185659391864945,0.13276819316947988,0.13230609743702673,0.3014647708445122,0.6011027802307143,0.0
17.097097097097098,0.3027642692554295,0.13580616497942474,0.6036682130267371,0.09537084953564097,-0.0006773132001111066,-0.04912073333361558,0.1328106422802477,0.1323783139363771,0.3039651488473027,0.6030048006760824,0.0
17.117117117117118,0.3054813222958839,0.13585265202271846,0.6055843551117657,0.09580710425142923,-0.001692510484302154,-0.05075986425901602,0.1325233698149601,0.1320713047402716,0.30645352682648846,0.6049224938121549,0.0
17.137137137137138,0.3081953497547484,0.1357013729432242,0.6075004174020623,0.09580311451482944,-0.0026365693869389124,-0.047202945181714286,0.13288431406604795,0.13232461796703207,0.3089298065451672,0.6068557839316906,0.0
17.157157157157158,0.3109023020515692,0.13534761484104266,0.6094254952800231,0.09625389389803916,-0.003530152329419687,-0.04467914717406043,0.13306587812094794,0.13239148937951875,0.3113938902440561,0.6088045947117058,0.0
17.177177177177178,0.3135983694377072,0.13480336930689873,0.6113632612295287,0.09688829747527908,-0.004356684856001327,-0.04132662637890416,0.13310398633517054,0.13232326685419463,0.31384568064535034,0.6107688492164883,0.0
17.197197197197198,0.3162799838580476,0.13408072101702218,0.6133132582798972,0.09749985251842845,-0.005133922186286697,-0.0388618665635691,0.13328126580003577,0.13238325165689716,0.31628508095656216,0.612748469900633,0.0
17.217217217217218,0.3189437979906567,0.13319070663045335,0.6152789886073333,0.09828651637180336,-0.005856682203082106,-0.03613800088816304,0.13344874148033695,0.13244331502969375,0.31871199487434465,0.6147433786121053,0.0
17.237237237237238,0.32158665930448066,0.13214306569119946,0.6172638086003815,0.09924099965240904,-0.006517960441715293,-0.03306391197875328,0.13322016158538375,0.1324851262478081,0.3211263265882918,0.6167534965953247,0.0
17.25725725725726,0.3242057193807447,0.13095300381320205,0.6192649357177872,0.10005635587028217,-0.006877684112112874,-0.017986183565697984,0.1335301513134396,0.13255507571967623,0.32352798078472234,0.6187787444942763,0.0
17.27727727727728,0.3267982513786642,0.12962659989597303,0.6212879824631335,0.10115233726731991,-0.007020901624862917,-0.007160875681506964,0.13360527672472697,0.1324299653053646,0.3259168626504394,0.6208190423556391,0.0
17.2972972972973,0.3293628259895176,0.12822873054267125,0.6233321988377122,0.10221081872892963,-0.0070848936478272164,-0.0031996011900099885,0.133662431568486,0.1323748809344883,0.32829287787647843,0.6228743096319482,0.0
17.31731731731732,0.33189883713887075,0.12680055746765745,0.6253976115918833,0.10327063770855911,-0.007106310727917511,-0.0010708540437758289,0.1338346153430259,0.1324577460857333,0.33065593266182597,0.6249444651847702,0.0
17.33733733733734,0.3344059443479163,0.12535536045227924,0.6274879973546088,0.10451928813627552,-0.007078872605899625,0.001371906064473538,0.1338275978128795,0.13237454224765313,0.3330059337171257,0.6270294272879089,0.0
17.35735735735736,0.3368839962225089,0.12390259372962976,0.629602018947255,0.1057010796323098,-0.006967224206247563,0.005582419949305537,0.1338073397921307,0.13224620845019694,0.3353427882683598,0.6291291136306302,0.0
17.37737737737738,0.3393330979083186,0.1224550842904843,0.6317374758321773,0.10677284424611745,-0.006830988810196703,0.0068117697725568,0.13372255524929144,0.13210631424684108,0.3376664040605122,0.6312434413209129,0.0
17.3973973973974,0.34175367457780215,0.1210288334741752,0.6338910426067217,0.10767833872721759,-0.006663548014951761,0.008372039735681234,0.13378192487290833,0.13211149927930718,0.3399766893612094,0.6333723268887198,0.0
17.41741741741742,0.3441462017418348,0.11962635820163296,0.6360636793153467,0.1086318354312513,-0.00643714986315933,0.011319907566544336,0.13371990034833045,0.13198921336002528,0.34227355296434464,0.6355156862892946,0.0
17.43743743743744,0.34651134834326386,0.11825733007145173,0.6382526599438818,0.1094490314267537,-0.006184409797643078,0.012637003256174933,0.13322076559928148,0.13204243114868786,0.3445569041936744,0.6376734349064768,0.0
17.45745745745746,0.34885001790126063,0.11693347789983932,0.6404513842896371,0.10993621728776652,-0.0054214324449135915,0.038148867619760954,0.1333986623490197,0.13185391862213555,0.3468266529064025,0.6398454875560466,0.0
17.47747747747748,0.3511631909411642,0.11565865199517983,0.6426597013528282,0.11041585315955542,-0.004419477695456923,0.050097737459128,0.13347465393373364,0.13170786925382597,0.3490827094967362,0.6420317584890842,0.0
17.4974974974975,0.353453917388474,0.11453632236548937,0.6448765906541117,0.11084446506417338,-0.0034082318964024556,0.05056228994185617,0.13350547501861104,0.1316571096280622,0.35132498489942465,0.6442321613953574,0.0
17.51751751751752,0.35572610756121614,0.11360950863710911,0.6471017761789344,0.11125927624113335,-0.002414162404675989,0.04970347457802991,0.13354038157449816,0.13163066397735748,0.3535533905932737,0.6464466094067262,0.0
17.53753753753754,0.3579837312991785,0.11288118689811759,0.6493353988211042,0.11168113210849522,-0.0014785445696548134,0.04678089174499776,0.13433036251870267,0.13184981401495063,0.35576783860464245,0.6486750151005751,0.0
17.55755755755756,0.3602306602480061,0.11234644744138143,0.6515924199943531,0.1128510586624438,-0.001056217323852752,0.02111636228604349,0.1339863563381756,0.1318143705877081,0.35796824151091555,0.6509172905032636,0.0
17.57757757757758,0.36247058127690623,0.11199605144500584,0.6538672254102686,0.11374027079577378,-0.0008814447760988341,0.008738627385108257,0.13377409878774224,0.13177570375656686,0.36015451244395325,0.6531733470935973,0.0
17.5975975975976,0.3647051654591865,0.11172920911401303,0.6561560997803768,0.11444371850540892,-0.000815338993455881,0.00330528913060982,0.13367338090771214,0.13176408904795353,0.36232656509352335,0.6554430958063258,0.0
17.61761761761762,0.366935111889552,0.11149732151827575,0.6584573795849619,0.11506399022925544,-0.0007941324841623904,0.0010603254638619085,0.13358409230919602,0.13174359734656832,0.36448431371070594,0.6577264470356559,0.0
17.63763763763764,0.36916072853316556,0.1112808321806773,0.6607694386702943,0.11560295426661803,-0.0008168717780032202,-0.0011369646923465272,0.13245541332592448,0.13098271090518876,0.36662767311128003,0.6600233106387905,0.0
17.65765765765766,0.3713821328069904,0.11107021369124039,0.6630642835504365,0.11474224400710924,-0.0005993802843685875,0.01087457468185745,0.1329352926471948,0.13132191976468943,0.36875655867908685,0.6623335959394876,0.0
17.67767767767768,0.37359924900962727,0.11085581013184446,0.6653540487895684,0.11448826195659778,-0.0002786257017215135,0.01603772913300252,0.1333382785839181,0.1316620016237873,0.37087088636936966,0.66465721173164,0.0
17.6976976976977,0.3758129849632154,0.11068679767940741,0.6676497434004441,0.11478473054378907,1.9095411082311e-05,0.014886055641646176,0.13351597332350887,0.13184287362743008,0.372970572712091,0.6669940662828742,0.0
17.71771771771772,0.3780245784974798,0.11057967671321933,0.6699566800355755,0.11534683175656944,0.0003265603911123359,0.015373249004298832,0.13362128531093415,0.13193556701913026,0.3750555348152296,0.6693440673381739,0.0
17.73773773773774,0.38023528421869235,0.11053528606062786,0.6722777922598643,0.11605561121443936,0.0005296236342131009,0.010153162159960209,0.13370209205958447,0.1320680066358903,0.3771256903680516,0.6717071221235213,0.0
17.75775775775776,0.382446342704255,0.11055292427813167,0.6746162390694984,0.11692234048170415,0.0006351037538384157,0.005274005989394542,0.13375563089721987,0.1321599396452776,0.37918095764436105,0.6740831373495608,0.0
17.77777777777778,0.38465860309855243,0.11061301971487356,0.6769741752603774,0.1178968095439505,0.0006148556097134356,-0.001012407193530446,0.13375468992977052,0.13223140169620556,0.38122125550572394,0.6764720192152778,0.0
17.7977977977978,0.3868725128012596,0.11069548513535876,0.6793526453470876,0.1189235043355083,0.0004900917246151564,-0.00623819423589969,0.1337040749204643,0.13223610746791345,0.3832465034046751,0.678873673411708,0.0
17.81781781781782,0.3890881008703474,0.11077940345438801,0.681750969242769,0.11991619478406876,0.00016582673970995347,-0.016213249218144942,0.13363840489749865,0.13229125088873353,0.3852566213878947,0.6812880051256551,0.0
17.83783783783784,0.3913048661038441,0.11083826167483457,0.6841689912693464,0.1209011013288701,-0.0002452588428618538,-0.02055427909106046,0.13410422925792637,0.13256483752115092,0.38725153009936686,0.6837149190434377,0.0
17.85785785785786,0.39352163206799123,0.11083829820735831,0.6866176660825675,0.12243374066105543,-0.0010244057125973485,-0.03895734343586269,0.13371258349825063,0.1324346475874298,0.3892311507835115,0.6861543193546495,0.0
17.87787787787788,0.39573686656898716,0.11076172504979667,0.6890892627190001,0.123579831821631,-0.002078491479431246,-0.052704288275535055,0.13357196709784994,0.1325357273157681,0.391195405288294,0.6886061097559437,0.0
17.8978978978979,0.3979475888226671,0.11053611268399895,0.6915831935001958,0.12469653905978674,-0.0033320454542766684,-0.06267769865936315,0.13332004627412442,0.13250760849037138,0.3931442160683093,0.6910701934548327,0.0
17.91791791791792,0.40014967744091084,0.11010443091218663,0.6940953032524348,0.12560548761195164,-0.004637817395256194,-0.06528859694761105,0.1333721200400379,0.13271809705726223,0.39507750618784543,0.6935464731735121,0.0
17.93793793793794,0.40233830205989457,0.10943123094918529,0.6966294684112933,0.1267082579429213,-0.006026613207372698,-0.06943979048549657,0.1334885793807818,0.13303112487841826,0.3969951993239178,0.6960348511526975,0.0
17.95795795795796,0.404508325204403,0.10850115722542111,0.6991920311689108,0.12812813788087773,-0.007392567603403542,-0.06829771966175767,0.13326756849370838,0.13293470767036517,0.3988972197692855,0.6985352291554876,0.0
17.97797797797798,0.4066543569205062,0.10730158580516251,0.7017782597327643,0.12931142819267258,-0.00872249905094774,-0.06649657221799835,0.13329888654189473,0.13309797099847656,0.4007834924354382,0.7010475084712404,0.0
17.997997997998,0.40877107437203924,0.10583587257665206,0.7043910005670778,0.1306370417156756,-0.010025204855188843,-0.06513529003482126,0.13307798881860372,0.13303389617040573,0.40265394285556105,0.7035715899194704,0.0
18.01801801801802,0.4108533325661734,0.10411290970670903,0.7070259897254817,0.13174945792019538,-0.011265199629750276,-0.061999738535301184,0.13305045021687398,0.13315071815484464,0.40450849718747367,0.7061073738537633,0.0
18.03803803803804,0.41289603291885013,0.10213501763383737,0.7096845017169011,0.1329255995709694,-0.01239512676626151,-0.05649635662040082,0.1315527842808729,0.13220767304502817,0.4063470822165468,0.7086547601657117,0.0
18.05805805805806,0.41489477986061596,0.09993734708829119,0.7123303280973902,0.13229131902445407,-0.013090280411417812,-0.03475768205322294,0.13212687992487782,0.1327340669217904,0.40816962535859197,0.7112136482888661,0.0
18.07807807807808,0.41684506697549745,0.0975143557440743,0.7149797189309486,0.1324695416779231,-0.01354111449298378,-0.022541703880196384,0.1322505434074362,0.13292208480327491,0.409976054662726,0.7137839372027044,0.0
18.0980980980981,0.41874418388824863,0.09495584563755825,0.7176372565664492,0.13287688177502785,-0.013803956237918023,-0.013142087063275056,0.13226875843727548,0.1330069491199052,0.4117662988142137,0.7163655254366217,0.0
18.11811811811812,0.42059037910397273,0.09230976078620552,0.7203044443826544,0.1333593908102622,-0.013882311228653117,-0.003917749375903884,0.13227091445961608,0.13307511013228798,0.413540287137281,0.7189583110739348,0.0
18.13813813813814,0.42238271984331216,0.08961703696697108,0.7229823098912682,0.1338932754306894,-0.013883907733966652,-7.982514018974561e-05,0.13224898585019432,0.13318640864805895,0.41529794959790634,0.7215621917559061,0.0
18.15815815815816,0.42412089124560604,0.08690857011469266,0.7256721726995293,0.13449314041305707,-0.013720314763181477,0.008179648618520054,0.13212595601574592,0.1331305119662039,0.4170392168065855,0.7241770646857848,0.0
18.17817817817818,0.4258049939902822,0.08420513723380738,0.7283713822125545,0.13496047565125927,-0.01343818406571984,0.014106534892801708,0.131907791809109,0.13301248461401285,0.41876402002107094,0.7268028266328656,0.0
18.1981981981982,0.42743582578956557,0.08154158996416773,0.7310749671561984,0.13517924718219174,-0.013081552982339319,0.01783155411245603,0.13185620283904145,0.1330738058168438,0.42047229114908447,0.729439373936562,0.0
18.21821821821822,0.4290145546129156,0.07893644116750145,0.7337830867343864,0.1354059789094044,-0.012651525145247396,0.021501391704787327,0.1318246932886141,0.13315896911425937,0.42216396275100737,0.7320866025105015,0.0
18.23823823823824,0.4305426084378329,0.07640269124586428,0.7364965543092246,0.13567337874190985,-0.012112951342130845,0.026928689896508803,0.12951512059151293,0.1310109836872375,0.42383896804254134,0.7347444078466325,0.0
18.25825825825826,0.43202258594527276,0.0739988753719932,0.7391493589876551,0.132640233921529,-0.011446934188674781,0.03330085728242575,0.13030319236434895,0.13185683962929107,0.42549724089734603,0.7374126850193523,0.0
18.27827827827828,0.4334563357925021,0.07168749236146531,0.7417657310687522,0.1308186040548547,-0.01070135401220153,0.03727900828564666,0.1308008469377637,0.13242761158037164,0.4271387158496476,0.7400913286896453,0.0
18.2982982982983,0.4348463115021998,0.06949878548488785,0.7443615285272287,0.1297898729238259,-0.00989075045369376,0.04053017722420888,0.13126455959630032,0.1329500764859634,0.42876332809682627,0.742780233109247,0.0
18.31831831831832,0.4361953140375301,0.0674501267665123,0.746951392762214,0.12949321174926356,-0.009044170182574385,0.042329012677570554,0.13145831136687577,0.13320955598352985,0.4303710135019719,0.7454792921248143,0.0
18.33833833833834,0.4375065196707005,0.06556028165852018,0.7495420706507553,0.12953389442706523,-0.008214310666781648,0.04149297471924937,0.1314679702939269,0.13330688545863129,0.4319617085964176,0.7481883991821194,0.0
18.35835835835836,0.4387832481353794,0.06383642323394466,0.7521351785676593,0.1296553958452028,-0.0073573056783765856,0.042850248149081976,0.13151526253479107,0.13339886498454262,0.43353535058224485,0.7509074473302543,0.0
18.37837837837838,0.44002880810137085,0.06227799829957178,0.7547328078183125,0.12988146253266092,-0.006544723177018943,0.040629123586550055,0.13153930489165047,0.13350115040951432,0.4350918773347628,0.7536363292258541,0.0
18.3983983983984,0.4412465658808282,0.0608878889728687,0.7573368560616696,0.1302024121678504,-0.005743686103003043,0.040051852006461205,0.1315846793600309,0.1335923428246463,0.43663122740495997,0.7563749371373336,0.0
18.41841841841842,0.4424397300393247,0.05965820792482441,0.7599493686454164,0.13062562918734102,-0.004968650421664198,0.038751782160569154,0.13163327153110257,0.13368330323961258,0.438153340021932,0.7591231629491427,0.0
18.43843843843844,0.4436114631386935,0.05858665496844087,0.7625724323163476,0.13115318354656327,-0.004231778069995244,0.036843615470535815,0.13174771366993304,0.13417773751049328,0.4396581550952782,0.7618808981660307,0.0
18.45845845845846,0.4447648015111898,0.05766691862481598,0.7652150836711757,0.1321325677414063,-0.0032860879248731174,0.04728450492848352,0.1316415939305258,0.13392329069911849,0.44114561321747664,0.7646480339173337,0.0
18.47847847847848,0.4459026490042528,0.056892374653150626,0.7678719943854929,0.13284553571585822,-0.0022241783731293953,0.05309547507418112,0.13178052070018711,0.1339425650205356,0.4426156556662275,0.7674244609612707,0.0
18.4984984984985,0.44702875102820466,0.05630510119759307,0.7705455221520782,0.13367638832926182,-0.0011958571522550383,0.05141605837239932,0.13186897332297884,0.13398792954276326,0.4440682244067723,0.7702100696892562,0.0
18.51851851851852,0.4481473110903793,0.0559280031087331,0.7732376609596893,0.13460694038055396,-0.0002827178261725555,0.045656963503002176,0.13190748511623784,0.13402264793473645,0.4455032620941839,0.7730047501302265,0.0
18.53853853853854,0.44926237166911587,0.0557530289368267,0.7759495026250582,0.13559208326844707,0.000515402091527931,0.0399059929881656,0.13306695744177627,0.13473375724648678,0.4469207120756318,0.7758083919549836,0.0
18.55855855855856,0.4503775171094596,0.055757272017187415,0.7787087621272332,0.13796297510874855,0.0008414343581011104,0.01630161039203864,0.13239098656149997,0.13429518567465398,0.4483205183926179,0.7786208844805491,0.0
18.57857857857858,0.45149590078408264,0.055919183731150734,0.7814989273599938,0.13950826163803137,0.0008857747647102164,0.002217017384322357,0.13199483441629528,0.13403435140749986,0.44970262578318543,0.7814421166745333,0.0
18.5985985985986,0.45261879406376077,0.05614466398390631,0.784310264320871,0.1405668480438579,0.0007631142362235658,-0.00613302934088597,0.1317603275282791,0.1338663887845715,0.4510669796841014,0.7842719771595206,0.0
18.61861861861862,0.4537463885528046,0.05637972445218947,0.7871368103500119,0.14132730145704328,0.0004867398203095545,-0.013818723638818597,0.13160881058853835,0.133776026438556,0.45241352623300984,0.7871103542174639,0.0
18.63863863863864,0.4548781291200443,0.056587028361985994,0.7899749824495796,0.14190860497838528,0.00020475964439120177,-0.014099011514343621,0.13107047719315879,0.1335999791576872,0.4537422122705585,0.7899571357940969,0.0
18.65865865865866,0.45601289833521064,0.05673846075831457,0.7928141978824294,0.14196077164248577,0.0002398515754286136,0.0017545940019464586,0.13124541597918274,0.13349792000310112,0.4550529853424978,0.7928122095033578,0.0
18.67867867867868,0.457149562899905,0.05683322823471829,0.7956555367290327,0.14206694233016506,0.00040688611955901543,0.008351724883780668,0.13147195706654943,0.13354214872384915,0.45634579370175143,0.7956754626318255,0.0
18.6986986986987,0.4582882330199475,0.056933506002125434,0.7985030103632003,0.1423736817083781,0.0005975936072458011,0.009535372342505262,0.13159522255339892,0.13353318255150742,0.45762058631045877,0.7985467821431685,0.0
18.71871871871872,0.4594294447157569,0.05706058479047341,0.8013583118958503,0.14276507663250174,0.0008858644990835421,0.014413542880806887,0.1317590310368539,0.1335056558729909,0.45887731284199046,0.8014260546826094,0.0
18.73873873873874,0.4605739675496654,0.0572261416954226,0.8042234599400466,0.14325740220981795,0.001083623968815877,0.009887972149454742,0.13182229388567268,0.13349210932136932,0.46011592368293497,0.8043131665813983,0.0
18.75875875875876,0.46172289403760297,0.05744632439687807,0.8070991901928799,0.14378651264166492,0.0011876912662968388,0.005203363949903542,0.131851919217259,0.13345665739313184,0.4613363699350575,0.8072080038613019,0.0
18.77877877877878,0.4628769322492456,0.05770191058212966,0.8099854155689038,0.1443112688011953,0.0012485230433482502,0.0030415883751751588,0.13189874421359413,0.13340808877575716,0.462538603417229,0.8101104522390994,0.0
18.7987987987988,0.4640364650867853,0.05797664187698681,0.8128821097720796,0.14483471015879018,0.001225835288975075,-0.0011343877212665297,0.13189437316132463,0.1333283685198289,0.46372257666733074,0.8130203971311001,0.0
18.81881881881882,0.46520167482990654,0.058260487156062114,0.8157880267148506,0.14529584713855132,0.0011413669963438388,-0.004223414137062001,0.13193013889579377,0.13327627283694432,0.46488824294412573,0.815937723657661,0.0
18.83883883883884,0.46637242974951615,0.058537745980479776,0.8187029245823891,0.1457448933769276,0.0009870385809967186,-0.007716419759434172,0.13215603350213215,0.13348061803643665,0.4660355562291054,0.818862316647727,0.0
18.85885885885886,0.467548318006135,0.05879441283094262,0.8216331776862489,0.14651265519298498,0.0008792595692825316,-0.0053889490540723825,0.13224269955817167,0.13339588016226517,0.4671644712283059,0.8217940606433743,0.0
18.87887887887888,0.4687286535409951,0.05901677674300472,0.8245788152382411,0.1472818775996105,0.0008020668460968722,-0.003859634098841772,0.13239598040801245,0.1333737573210911,0.46827494337409614,0.8247328399043704,0.0
18.8988988988989,0.4699129580324524,0.059215224572868264,0.8275417807148471,0.14814827383029924,0.0007008016975699985,-0.005063254836234074,0.13246392065362958,0.13329801781044343,0.4693669288269369,0.8276785384127412,0.0
18.91891891891892,0.4711008751983316,0.05939585829395828,0.8305219588267573,0.14900890559550883,0.0005410241905859109,-0.007988872231612019,0.1323865908355867,0.13311181787279108,0.4704403844771129,0.8306310398773546,0.0
18.93893893893894,0.47229189778517316,0.05955112934207934,0.8335154457298065,0.14967434515246142,0.0004025119952268602,-0.006925606124252289,0.13226403311787882,0.1328085536805102,0.4714952679464323,0.8335902277385069,0.0
18.95895895895896,0.4734853545505508,0.05967283826888131,0.8365159333421912,0.15002438061923348,0.0002019822186782038,-0.010026484660393353,0.13233129124981607,0.1327559490888399,0.4725315375899024,0.8365559851725288,0.0
18.97897897897898,0.47468057068904157,0.05976080692453892,0.8395236390097778,0.15038528337932927,5.302272417754916e-05,-0.007447970027523409,0.1323498784824714,0.13257190606678274,0.47354915249737206,0.8395281950963951,0.0
18.998998998999,0.4758767234517292,0.05980763813438103,0.8425361117735423,0.15062363818822488,-0.0001512747250445197,-0.010214867226542468,0.13268431106575818,0.13276895385714543,0.4745480724951473,0.8425067401723476,0.0
19.01901901901902,0.4770732110374152,0.05982437928429739,0.8455612254910924,0.15125568587750715,-0.0004930742267154813,-0.01708996930602875,0.13255385620648696,0.13257065315085925,0.47552825814757677,0.8454915028125262,0.0
19.03903903903904,0.47826908611258223,0.0597937537583522,0.848594109669954,0.1516442089430782,-0.0007915160413928863,-0.014922084380583758,0.13257397757698225,0.13152775297951144,0.4764896707586093,0.8484823651836128,0.0
19.05905905905906,0.4794629640853455,0.059693898638162615,0.8516196116006772,0.15127509653616486,-0.0018158102649185805,-0.05121470410184434,0.1322124118983313,0.1315610854712664,0.4774322723733215,0.8514792092114825,0.0
19.07907907907908,0.4806536290003335,0.05953324574940031,0.8546328678206492,0.15066281099859496,-0.0031640441541492654,-0.06741168667177413,0.1322730808006556,0.1318124732853531,0.47835602577941516,0.8544819165858638,0.0
19.0990990990991,0.4818369680667363,0.059166953320140825,0.8576384961662787,0.15028141728147923,-0.004515304440919914,-0.06756300580131407,0.1324603666496634,0.13202437120239421,0.4792608945086879,0.857490368765012,0.0
19.11911911911912,0.4830076358389964,0.058533388613005735,0.8606423973073878,0.15019505705545297,-0.005762688204638959,-0.062369178856753214,0.13270321128663187,0.1322223785065894,0.4801468428384716,0.8605044469803856,0.0
19.13913913913914,0.48416019789965314,0.05762810303283693,0.8636510819873445,0.15043423399783837,-0.006757343231288494,-0.04973274111795023,0.1329015315909748,0.13227667601389706,0.48101383579304297,0.8635240322413374,0.0
19.15915915915916,0.4852897158962872,0.056475899831702724,0.8666682674705949,0.15085927416251713,-0.0075771292719712625,-0.040989290846552257,0.13299562223810776,0.13226730500216213,0.4818618391450048,0.866549005339812,0.0
19.17917917917918,0.48639216318625067,0.055122364498171476,0.86969518437257,0.15134584509875348,-0.008117477173512747,-0.027017382773137175,0.1333589718236824,0.13244824620075296,0.48269081941663694,0.8695792468550516,0.0
19.1991991991992,0.48746419663486057,0.05360167243049399,0.8727398729387235,0.15223442830767306,-0.008419812775270073,-0.015116766511217223,0.1332924444291122,0.13222616743395307,0.4835007438812175,0.8726146371583088,0.0
19.21921921921922,0.4885036771897344,0.05197402774369222,0.8757980409651466,0.15290840132115768,-0.008527769710541118,-0.005397831756944355,0.13323468184324955,0.1320238867769962,0.4842915805643155,0.8756550564175724,0.0
19.23923923923924,0.4895093696322316,0.05028462212485858,0.8788658262619258,0.15338926483896,-0.008420823590659246,0.005347322624751915,0.1327849430877332,0.13176172558528285,0.4850632982450528,0.8787003846022958,0.0
19.25925925925926,0.4904809063851014,0.048576837643491515,0.8819326789512688,0.15334263446715057,-0.007888343547578147,0.026624020449051367,0.13317907930776537,0.13182921264265104,0.48581586645733704,0.8817505014881378,0.0
19.27927927927928,0.4914186004732197,0.04688470440591578,0.885005441205417,0.15363811270741165,-0.00710478320312703,0.03917803744369916,0.13321216806810737,0.13161881930602345,0.48654925549106326,0.8848052866617047,0.0
19.2992992992993,0.49232444062230946,0.04529200745448611,0.8880815034183314,0.1538031106457148,-0.006051258748203125,0.052676245210288394,0.13332936525716202,0.13145144538464212,0.4872634363932886,0.8878646195253097,0.0
19.31931931931932,0.4932014797299577,0.04385195538241105,0.8911601452950833,0.15393209383759496,-0.004904605411205859,0.057332691813384205,0.13335613239608107,0.1312856844416392,0.4879583809693737,0.8909283793017287,0.0
19.33933933933934,0.49405382045912877,0.042617036458553414,0.8942393348895021,0.15395947972094162,-0.003740531221908241,0.05820373716015614,0.13337981102767765,0.13115103203774214,0.4886340617840967,0.8939964450389726,0.0
19.35935935935936,0.49488590440372043,0.04160419722958261,0.897317452791005,0.15390589507514807,-0.0025729984629335474,0.05837666860823374,0.13340617232013585,0.1310200938333013,0.489290452162736,0.897068695615059,0.0
19.37937937937938,0.4957023226179972,0.040820910713837893,0.9003929694412346,0.15377583251147606,-0.0015620546025737912,0.050547226762505795,0.13338001084094284,0.13093516882760553,0.48992752619212343,0.9001450097427964,0.0
19.3993993993994,0.4965075744475728,0.04026259147878243,0.9034642535569317,0.15356420578485744,-0.000612231266615037,0.047491203796801044,0.13343259646536934,0.13087023008653742,0.490545258721667,0.9032252659745696,0.0
19.41941941941942,0.4973056437093791,0.03990346309031311,0.9065311303124545,0.15334383777613675,0.00014552592716154115,0.03788789999112535,0.13352861987815315,0.13093565015292175,0.4911436253643444,0.906309342707138,0.0
19.43943943943944,0.49810016514444755,0.03972607175342366,0.9095959955043312,0.15324325959383853,0.0008380135193039267,0.034624423319515776,0.1329274085568624,0.13035862899521541,0.49172260249766486,0.9093971181864315,0.0
19.45945945945946,0.4988940896961168,0.03969622758346204,0.9126413945279588,0.15226995118137915,0.00151839858732646,0.03401930047454786,0.1333537162777191,0.13064214935464438,0.4922821672646027,0.912488470512362,0.0
19.47947947947948,0.4996901368796586,0.03980235917708911,0.9156778420209628,0.15182237465020051,0.0020623453327042814,0.027197387684535355,0.1333408564008544,0.1305661397441927,0.49282229757449897,0.9155832776436329,0.0
19.4994994994995,0.5004909645472275,0.04004138337844837,0.9187040182625051,0.15130881207711563,0.0024281645777339237,0.01829101591671372,0.1331262083659464,0.13032529551597027,0.4933429721039341,0.9186814174025583,0.0
19.51951951951952,0.5012986380598112,0.04038367562918354,0.9217131714234872,0.15045765804910297,0.0026856458312651548,0.012874119495006605,0.1332579236611469,0.13039718660581753,0.49384417029756883,0.9217827674798844,0.0
19.53953953953954,0.5021145910406835,0.040797649043609927,0.9247083146774524,0.1497571626982617,0.002796560324689942,0.005545784458246004,0.1344125390286321,0.1294974371791027,0.494325872368957,0.9248872054396211,0.0
19.55955955955956,0.5029398430902713,0.04126260247938996,0.9276932212279201,0.14924532752338368,0.0011177123704327434,-0.08394233405069154,0.1333938702051903,0.12958647531645523,0.49478805930132547,0.9279946087238738,0.0
19.57957957957958,0.5037747755083966,0.041746620906263965,0.9306541176303427,0.14804482012113018,-0.0014330547258550666,-0.1275382883253849,0.1338598918637514,0.13069663585852428,0.4952307128483256,0.9311048546576807,0.0
19.5995995995996,0.504612903455578,0.041906397359068065,0.9336143675148201,0.14801249422387025,-0.004387051307815495,-0.1476997606140557,0.13417114218872064,0.1314230173078111,0.4956538155347533,0.9342178204538587,0.0
19.61961961961962,0.5054442626665125,0.04156796054672983,0.9365893416075113,0.14874870463456022,-0.007504652632412528,-0.15587999647777268,0.13432273922802423,0.1318761712862532,0.49605735065723894,0.9373333832178481,0.0
19.63963963963964,0.5062571804313897,0.04064588824385801,0.9395879652677963,0.14993118301425004,-0.010519545310137926,-0.15074456344940262,0.13355285029548258,0.13152594671022594,0.49644130228490685,0.9404514199525652,0.0
19.65965965965966,0.5070395238431209,0.03911717058656187,0.942593571580981,0.15028031565923447,-0.01315677781147602,-0.13186155462822696,0.13425959273141588,0.13223308714293666,0.4968056552600042,0.943571807563259,0.0
19.67967967967968,0.5077792318781352,0.03698540175071557,0.9456269990954284,0.15167137572236572,-0.0154070848373373,-0.11251528127427612,0.1342271754305262,0.1321878054099534,0.49715039519849946,0.9466944228623702,0.0
19.6996996996997,0.5084659713513457,0.03433697366052689,0.9486869735530127,0.15299872287921515,-0.017388888576994322,-0.0990901178706072,0.13425507695863254,0.1322870756095335,0.4974755084906501,0.9498191425743925,0.0
19.71971971971972,0.5090908646174503,0.031244663305228803,0.9517752519053436,0.1544139176165488,-0.019097828432871073,-0.08544692507962057,0.13375386798771585,0.1318575946139141,0.49778098230154,0.9529458433407425,0.0
19.73973973973974,0.5096463954635336,0.027776542304161492,0.9548779199106068,0.15513340026315905,-0.020596575025758113,-0.07493726383466064,0.13347771667456404,0.13169416616326607,0.4980668045715862,0.9560744017246279,0.0
19.75975975975976,0.5101260182065048,0.02398113714855905,0.957988343782485,0.15552119359391123,-0.02188781688181858,-0.06456202938282911,0.133248315325482,0.1315804973377357,0.49833296401701493,0.9592046942159215,0.0
19.77977977977978,0.5105239601986058,0.019897099605045886,0.9611013252212625,0.15564907193887134,-0.022890830449248722,-0.05015061777059224,0.13297247706355456,0.13136958341404134,0.49857945013030697,0.9623365972360336,0.0
19.7997997997998,0.5108353633763424,0.015570158886827685,0.9642095471961316,0.15541109874345496,-0.023639258212909887,-0.03742133081331121,0.13282030545910672,0.13130407190664983,0.4988062531806126,0.9654699871427973,0.0
19.81981981981982,0.5110564467270468,0.01105416753521914,0.967309697670063,0.1550075236965724,-0.024193005512056255,-0.027687311216349056,0.1326775164713957,0.13128578984107514,0.4990133642141358,0.9686047402353434,0.0
19.83983983983984,0.5111843896412185,0.006397145708585391,0.9703993229348674,0.15448126324021683,-0.024542635623241302,-0.017481455804899945,0.13293640925319242,0.1319259852194577,0.4992007750544875,0.9717407327589876,0.0
19.85985985985986,0.5112167479458064,0.001617915229397253,0.9734916871214669,0.15461820932997739,-0.02445917072512012,0.004173290332291541,0.13253900151680248,0.13151036106617878,0.49936847830300873,0.9748778409101149,0.0
19.87987987987988,0.5111525228412204,-0.0032112552293016875,0.9765747155023211,0.15415141904270654,-0.02409802205418059,0.018057474422119555,0.13228572955783321,0.1313206253371567,0.49951646733906235,0.9780159408410675,0.0
19.8998998998999,0.5109922423834652,-0.00801402288775727,0.979641854950784,0.15335697242314508,-0.023482370532562167,0.0307826122034483,0.13214095424437924,0.13125069533542644,0.4996447363202946,0.9811549086650324,0.0
19.91991991991992,0.5107374854250547,-0.012737847920525475,0.9826899597974047,0.15240524233103564,-0.022723393515851353,0.0379488820245886,0.131933011070942,0.13118171389026287,0.4997532801828658,0.9842946204609363,0.0
19.93993993993994,0.5103908072998036,-0.01733390626255858,0.9857149857200536,0.15125129613244415,-0.021815965098050415,0.04537144700013372,0.1315543248967093,0.13095299073422872,0.49984209464164997,0.9874349522783314,0.0
19.95995995995996,0.5099554712386315,-0.021766803058604612,0.9887080047155472,0.14965094977468266,-0.020829957857189337,0.04930038296303243,0.1313787375002478,0.1309619367545066,0.4999111761904045,0.990575780142296,0.0
19.97997997997998,0.509435113731576,-0.026017875352775735,0.991666627179172,0.14793112318123844,-0.01972003055638522,0.05549638069950911,0.1313107950687957,0.1310210892407558,0.49996052210190806,0.9937169800583235,0.0
20.0,0.5088336902354408,-0.030071174806761893,0.9945908046096666,0.1462088715247354,-0.0186154707518104,0.0552280005863055,0.13158682465095903,0.13149670108084985,0.49999013042806856,0.9968584280172206,0.0
