time,x,x_dot,z,z_dot,theta,theta_dot,u1,u2,x_ref,z_ref,theta_ref
0.0,0.4424411962704168,-0.0038572327842251973,0.4568692881801011,-0.005547629500195581,0.17172253241152527,-0.005665839105459019,0.29668288611170407,0.2958889736100247,0.5,1.0,0.0
0.02002002002002002,0.4438641726231465,0.07114881763648485,0.46148805771395246,0.23093847669256964,0.17097920490436772,-0.03716637535787677,0.29668288448995617,0.27489653920362195,0.49999013042806856,1.0031415719827794,0.0
0.04004004004004004,0.44673418591627306,0.14350066465632816,0.47053012452989973,0.45210334079736436,0.1527591213806193,-0.9110041761874205,0.2966828866741072,0.2830948182932644,0.49996052210190806,1.0062830199416763,0.0
0.06006006006006006,0.45106578502439054,0.21657995540587285,0.4841162469291452,0.6793061199622724,0.12354404036198317,-1.4607540509318049,0.2966828866334248,0.29055885105967044,0.4999111761904045,1.0094242198577041,0.0
0.08008008008008008,0.45672145027145217,0.28278326235308215,0.5023809368221124,0.9132344946483605,0.08920477767134122,-1.7169631345320993,0.29668288660488845,0.29534784048256285,0.49984209464164997,1.0125650477216688,0.0
0.10010010010010009,0.46345821607682686,0.3368382902687358,0.5254296022697154,1.152433272380149,0.05353486003247507,-1.783495881943307,0.29492824022827757,0.29668279825818644,0.4997532801828658,1.0157053795390643,0.0
0.12012012012012012,0.47097615700974327,0.37589704664582135,0.553288026662828,1.3929212196556293,0.018896078136559788,-1.7319390947957642,0.21746788651799498,0.22185316210357942,0.4996447363202946,1.0188450913349674,0.0
0.14014014014014015,0.47884279675046754,0.3933319870362147,0.5837255867006889,1.5218780018930436,-0.012701527280218302,-1.5798802708389048,0.18019163250744574,0.18461678012392388,0.49951646733906235,1.0219840591589324,0.0
0.16016016016016016,0.48681206055556264,0.39846319025475474,0.6156467509607826,1.5960582130046856,-0.041329268693835415,-1.4313870706808551,0.14573943150404972,0.15042625536217252,0.49936847830300873,1.0251221590898847,0.0
0.18018018018018017,0.4947261701565469,0.3957054800492145,0.6480352011047381,1.6194225071977755,-0.06689063693442479,-1.2780684120294694,0.12726948292359722,0.1318159453569708,0.4992007750544875,1.0282592672410122,0.0
0.20020020020020018,0.5024823078097906,0.3878068826621887,0.6803386762378868,1.6151737566574351,-0.08958730966152921,-1.1348336363552198,0.1124029901970447,0.11690015861990977,0.4990133642141358,1.0313952597646567,0.0
0.22022022022022023,0.5100120937156968,0.3764892952953092,0.712111638007395,1.5886480884754073,-0.10962128250244318,-1.0016986420456997,0.1043337524397894,0.10873805251717965,0.4988062531806126,1.0345300128572028,0.0
0.24024024024024024,0.5172602258567011,0.36240660705021277,0.7431085602460098,1.5498461119307438,-0.12717784438361837,-0.8778280940587582,0.09784349560833784,0.10220327685723428,0.49857945013030697,1.0376634027639664,0.0
0.2602602602602603,0.524184963093048,0.3462368618173455,0.7731313493297567,1.5011394541873435,-0.14244317986804114,-0.7632667742211385,0.09391807142542925,0.09825411816166729,0.49833296401701493,1.0407953057840789,0.0
0.2802802802802803,0.5307494822572849,0.32822595821184786,0.8020581408885472,1.4463395779395245,-0.15555429870737322,-0.6555559419666037,0.09079327315991186,0.09512072775933895,0.49806680457158625,1.0439255982753717,0.0
0.3003003003003003,0.5369239454038547,0.3087231573284868,0.8297913188886562,1.3866589000054517,-0.16666892640499228,-0.5557313848809529,0.0886912489537394,0.093011653144764,0.49778098230154,1.047054156659257,0.0
0.3203203203203203,0.5426823250090161,0.287918980258075,0.8562638892748993,1.323628519312152,-0.17587272764475886,-0.46019006198832935,0.08663560010352042,0.09094708343903161,0.4974755084906501,1.0501808574256075,0.0
0.34034034034034033,0.5480052482159455,0.2661461603464725,0.8814108581032949,1.257348441419779,-0.18327565640549026,-0.37014643803656955,0.08540808416955765,0.0896762434674787,0.49715039519849946,1.05330557713763,0.0
0.36036036036036034,0.5528753330158268,0.24350423999406373,0.9051916567750925,1.1890399335898794,-0.18896324037105253,-0.28437919827811503,0.08403942615829155,0.08824456710373793,0.4968056552600042,1.056428192436741,0.0
0.38038038038038036,0.5572813313085727,0.22029991463729598,0.9275620639926749,1.1185203608791219,-0.19317860583211782,-0.21076827305326357,0.08329933952339401,0.08752118787758952,0.49644130228490685,1.059548580047435,0.0
0.40040040040040037,0.5612130811102628,0.19658749008450263,0.9484980984409451,1.0468017224135118,-0.19601138559203143,-0.1416389879956799,0.08299060492800708,0.08724055402782634,0.49605735065723894,1.0626666167821521,0.0
0.42042042042042044,0.5646618014284189,0.17243601590780783,0.967989165238843,0.9745533398948963,-0.19751398922516603,-0.0751301816567294,0.0831709313500805,0.08743088813006956,0.4956538155347533,1.0657821795461413,0.0
0.44044044044044045,0.5676194356689054,0.14788171202432102,0.9860392690520131,0.9025051906585013,-0.19776227850061906,-0.01241446377265211,0.08316529516780442,0.08744066674886106,0.4952307128483256,1.068895145342319,0.0
0.46046046046046046,0.5700822640081291,0.1231414169611848,1.0026477276171981,0.8304229282592549,-0.1968157811779391,0.047324866133997806,0.08374302328242811,0.08802615367593894,0.49478805930132547,1.072005391276126,0.0
0.4804804804804805,0.5720463041556463,0.09820200737585909,1.0178313146377242,0.7591793510263033,-0.19474227151158574,0.10367548331766949,0.08447900415665,0.08876377845815538,0.49432587236895703,1.0751127945603784,0.0
0.5005005005005005,0.5735096862750797,0.07316910597167157,1.031611911949676,0.6890298655975904,-0.19164856928824248,0.1546851111671641,0.08572383814183687,0.09002928395565102,0.4938441702975689,1.0782172325201154,0.0
0.5205205205205206,0.5744703988312434,0.04803562780818299,1.0440270420332698,0.6207565041796884,-0.18748142796500453,0.20835706616189836,0.08738997671561836,0.09163338346618094,0.493342972103934,1.0813185825974418,0.0
0.5405405405405406,0.5749270956891195,0.022834842893805662,1.0551258124225233,0.5549385194626825,-0.182272217625841,0.26046051695817474,0.08939818582295911,0.0935439246319287,0.492822297574499,1.084416722356367,0.0
0.5605605605605606,0.574879852909766,-0.002362138967677098,1.0649673439178295,0.4920765747653119,-0.1762109013573298,0.3030658134255575,0.09161919446414134,0.09573510063399157,0.49228216726460267,1.087511529487638,0.0
0.5805805805805806,0.5743306909998963,-0.027458095493479627,1.0736185146893529,0.43255853857617116,-0.1693265223101982,0.3442189523565839,0.09421836466932028,0.09826767469438549,0.49172260249766486,1.0906028818135687,0.0
0.6006006006006006,0.5732827900299416,-0.05239504849773584,1.0811571727345304,0.3769329022588781,-0.161595293691003,0.3865614309597607,0.09699483901903391,0.10090755577354306,0.49114362536434436,1.0936906572928624,0.0
0.6206206206206206,0.5717419444438628,-0.07704227930394215,1.0876657876761746,0.3254307470822145,-0.15309589109276917,0.42497012991168837,0.09992210637232395,0.10368228290181958,0.49054525872166704,1.0967747340254301,0.0
0.6406406406406406,0.5697169100631235,-0.10125171903696546,1.0932314663867049,0.27828393552651814,-0.14394282389826518,0.457653359725202,0.10290897147772443,0.10652738310850358,0.48992752619212343,1.0998549902572035,0.0
0.6606606606606606,0.5672197791580921,-0.12485654525157186,1.0979436150723767,0.23560743428359116,-0.13415103803754183,0.4895892930361677,0.10622187789365639,0.10964085421364066,0.48929045216273603,1.1029313043849407,0.0
0.6806806806806807,0.5642649369654918,-0.1477421096300089,1.1019006571327872,0.1978521030205242,-0.12379471850579386,0.5178159765873983,0.10962540712223744,0.11282152662185094,0.48863406178409674,1.1060035549610272,0.0
0.7007007007007007,0.5608703411825602,-0.16972978914658304,1.1052035999424805,0.16514714048466575,-0.11304429904388826,0.5375209730952816,0.1129463912411928,0.11596385081411137,0.4879583809693737,1.1090716206982714,0.0
0.7207207207207207,0.5570579534203612,-0.19061938810994447,1.1079518529908428,0.13741265241810993,-0.1019198002923294,0.5562249375779431,0.11641761202495342,0.1192010765964787,0.48726343639328856,1.1121353804746905,0.0
0.7407407407407407,0.5528527491287736,-0.21026021457938077,1.1102484735051599,0.11483102571585527,-0.09058010942442823,0.566984543395057,0.11967914320454993,0.12226293237134772,0.48654925549106326,1.1151947133382953,0.0
0.7607607607607607,0.548283704050616,-0.2284522539078783,1.1121908208147833,0.09711736548116648,-0.07897422090796154,0.5802944258233351,0.1229408727834412,0.1252291215084661,0.485815866457337,1.1182494985118623,0.0
0.7807807807807807,0.5433828770209851,-0.24504135148154788,1.1138746881695238,0.08419336773702593,-0.06723018660413865,0.5872017151911433,0.12615525886878318,0.12815616673476857,0.4850632982450529,1.1212996153977037,0.0
0.8008008008008007,0.538185591944648,-0.25986425381685224,1.1153943892536853,0.07598505420807493,-0.055548644798034806,0.5840770903051933,0.12906361548972203,0.13083849478561826,0.48429158056431554,1.1243449435824273,0.0
0.8208208208208209,0.5327303342990756,-0.27276288227861917,1.1168357935373283,0.07207021418215276,-0.04394380597883308,0.5802419409600859,0.1324654568020431,0.13375410252287326,0.4835007438812175,1.127385362841691,0.0
0.8408408408408409,0.5270567252666204,-0.28368045162275685,1.1182951079613954,0.07296572120335243,-0.032642359834754255,0.5650723072039414,0.13530163300662512,0.13641005280439839,0.48269081941663694,1.1304207531449484,0.0
0.8608608608608609,0.5212068707175649,-0.29249272745277594,1.1198558947188204,0.07803933787124474,-0.02172048909499428,0.5460935369879988,0.1368224141998983,0.13776395492029783,0.48186183914500486,1.1334509946601878,0.0
0.8808808808808809,0.5152247494307923,-0.2991060643386287,1.1215624606314065,0.08532829562930429,-0.011118912232412256,0.5300788431291013,0.1381534644181518,0.13885107211188066,0.48101383579304297,1.1364759677586627,0.0
0.9009009009009009,0.5091539359080841,-0.3035406761354125,1.1234518294558113,0.09446844122024327,-0.0009037967044209854,0.5107557763995633,0.13931278210116443,0.13976535956245462,0.48014684283847153,1.1394955530196147,0.0
0.9209209209209209,0.5030375152495192,-0.30582103292824225,1.1255554336964655,0.10518021203270739,0.00888695349048851,0.4895375097454747,0.14025752778977124,0.1404511461418453,0.4792608945086879,1.142509631234988,0.0
0.9409409409409409,0.49691762568839304,-0.3059944780563102,1.1278976832598366,0.11711247816855709,0.018203803678132697,0.46584250938220934,0.14092427517856662,0.14085333017706367,0.4783560257794152,1.1455180834141359,0.0
0.960960960960961,0.4908350343333103,-0.304129567754135,1.1304942510205578,0.12982838803605962,0.02702829346901789,0.4412244895442598,0.14140966683495343,0.14106871925058495,0.4774322723733215,1.1485207907885175,0.0
0.980980980980981,0.48482876726965674,-0.30031335318267915,1.133354990392398,0.1430369685920141,0.03525727697466726,0.41144917528246827,0.14166364038805562,0.14109422731461088,0.47648967075860943,1.151517634816387,0.0
1.001001001001001,0.47893580291107724,-0.29464821792897544,1.1364832052105884,0.1564107409095195,0.042823489274795644,0.3783106150064192,0.1413680005296021,0.1406054120496448,0.47552825814757677,1.1545084971874737,0.0
1.021021021021021,0.47319009817565916,-0.2872852367709043,1.1398662077858406,0.16915012876260827,0.049764405578498566,0.34704581518514593,0.14019128411722306,0.1393388497921441,0.4745480724951473,1.1574932598276524,0.0
1.0410410410410411,0.4676216272020737,-0.2784235486792731,1.1434666009497712,0.18001965819653024,0.05613797771402953,0.3186786067765489,0.13948671867272353,0.138360117640473,0.47354915249737217,1.1604718049036047,0.0
1.0610610610610611,0.4622577517221767,-0.26819377399484773,1.1472581476546069,0.1895773352417844,0.06196902537200784,0.29155238289891494,0.13919192720890763,0.13776184593415028,0.4725315375899024,1.1634440148274712,0.0
1.0810810810810811,0.45712385093033514,-0.25669503959207784,1.1512262496429309,0.19840509941620427,0.06718600397533737,0.26084893016647737,0.13837886076932085,0.13668282533579384,0.4714952679464322,1.1664097722614932,0.0
1.1011011011011012,0.45224197512378966,-0.24409379032727505,1.1553415177740505,0.20576340655598238,0.07179317848884083,0.2303587256751706,0.13763291460763202,0.13567270236307644,0.4704403844771127,1.1693689601226458,0.0
1.1211211211211212,0.4476315437824036,-0.23052156706930246,1.159576622998174,0.21175526120618296,0.07569043813481341,0.19486298229863036,0.13639020195512452,0.1342367050466343,0.46936692882693704,1.1723214615872586,0.0
1.1411411411411412,0.44330827372882525,-0.21616350267891696,1.1638906877146058,0.21570323582158604,0.07882877711956407,0.15691694923753186,0.13524038928046347,0.13295165342003615,0.46827494337409614,1.1752671600956295,0.0
1.1611611611611612,0.439284949715958,-0.20116620064336388,1.1682465919511749,0.21779521182845502,0.08126139150586835,0.12163071931521467,0.13392557343667683,0.13148750828094855,0.467164471228306,1.1782059393566253,0.0
1.1811811811811812,0.4355706908057088,-0.18571294551245782,1.1726023313488947,0.21778696988599383,0.08303305803980053,0.08858332669661054,0.13265941150706237,0.13006920432986618,0.4660355562291055,1.1811376833522729,0.0
1.2012012012012012,0.43217173449353624,-0.16994781560862937,1.1769175024532905,0.21575855521979143,0.08418251798783585,0.05747299740176587,0.13151310053050005,0.12876733705037702,0.46488824294412573,1.184062276342339,0.0
1.2212212212212212,0.4290919075464861,-0.15399134735250924,1.1811553950791354,0.2118946312922402,0.08467623212758296,0.024685706987354332,0.13076047524667408,0.12820508083562532,0.4637225766673307,1.1869796028689001,0.0
1.2412412412412412,0.4263338682900621,-0.13790196282119943,1.1852962283379405,0.20704166294025592,0.0849467639785705,0.013526592549377584,0.12955855176640046,0.12663016412620096,0.462538603417229,1.1898895477609006,0.0
1.2612612612612613,0.4238959997519609,-0.12189342690505961,1.189298851519054,0.2001311590556769,0.08475946078126834,-0.009365159865109175,0.12891273282238913,0.1257690407624649,0.4613363699350574,1.1927919961386984,0.0
1.2812812812812813,0.4217774176395495,-0.10592910562056987,1.1931409330733203,0.19210407771331864,0.0839787497167693,-0.03903555322495089,0.12828180791638,0.1250334331550807,0.4601159236829352,1.1956868334186013,0.0
1.3013013013013013,0.4199756064111725,-0.09009056141885055,1.1968023606468847,0.18307137867822226,0.08275140543698067,-0.06136721398943116,0.12775800670900928,0.12433787754537445,0.45887731284199057,1.1985739453173903,0.0
1.3213213213213213,0.4184860887701988,-0.07447588204868341,1.2002653802534418,0.17315098032785692,0.08104494610310806,-0.08532296669362921,0.1273848347221083,0.12383918450571983,0.45762058631045877,1.2014532178568313,0.0
1.3413413413413413,0.4173032008316242,-0.05914439692873239,1.2035175012624377,0.16260605044979662,0.0788310771866206,-0.11069344582437626,0.12714702668739838,0.12352268819146345,0.4563457937017514,1.2043245373681746,0.0
1.3613613613613613,0.41641991817522533,-0.04416413281994297,1.2065510582793433,0.15167785084527466,0.07612218731410293,-0.1354444936258819,0.12707757417910967,0.1233995976502929,0.45505298534249783,1.2071877904966422,0.0
1.3813813813813813,0.4158277392233698,-0.029608947592776873,1.2093638641820212,0.14064029513389512,0.0730715895847408,-0.15252988646810725,0.1271531634816538,0.12335272391598383,0.45374221227055844,1.2100428642059031,0.0
1.4014014014014013,0.41551668206593373,-0.015552857871804288,1.2119571211761229,0.12966284970508513,0.06956952494915625,-0.1751032317792282,0.12736881285825555,0.12355289953208701,0.45241352623300973,1.2128896457825364,0.0
1.4214214214214214,0.4154759046098621,-0.002038872803582172,1.2143378169485481,0.1190347886212603,0.06561374494657034,-0.1977890001292938,0.12811960920913504,0.12428053290496305,0.4510669796841014,1.2157280228404794,0.0
1.4414414414414414,0.41569387582265693,0.0108985606397414,1.2165287288739923,0.10954559627220703,0.061350628515374137,-0.2131558215598108,0.12844316752470522,0.12456833503346323,0.44970262578318554,1.2185578833254664,0.0
1.4614614614614614,0.41615642562691013,0.023127490212661125,1.2185398936879788,0.10055824069932044,0.056770679926619896,-0.22899742943771192,0.12901663132516614,0.12515195637591064,0.44832051839261794,1.2213791155194507,0.0
1.4814814814814814,0.4168486951038456,0.03461347384677346,1.2203894348751503,0.09247705935857045,0.05179876991639381,-0.24859550051130444,0.12961865101819572,0.1258552563512674,0.4469207120756319,1.2241916080450161,0.0
1.5015015015015014,0.4177545045672846,0.04529047317194883,1.2220976772950338,0.08541212099417544,0.046664537227068474,-0.2567116344662663,0.13033808390486815,0.12656432755684516,0.44550326209418395,1.2269952498697734,0.0
1.5215215215215214,0.4188561867947314,0.0550841113723423,1.2236867765959807,0.07945496504733818,0.041300072962364584,-0.2682232132351954,0.13118759099452992,0.1274812291400464,0.4440682244067723,1.2297899303107438,0.0
1.5415415415415414,0.420135449534883,0.06396313700758141,1.2251838349389732,0.07485291714962389,0.035753430245140244,-0.2773321358612168,0.1321525227102664,0.12852437630019117,0.4426156556662276,1.2325755390387292,0.0
1.5615615615615615,0.42157299628011896,0.07187733726179783,1.2266194801387622,0.0717822599894458,0.030060778671980263,-0.2846325786579991,0.13325768384522643,0.1297229922340619,0.44114561321747664,1.2353519660826662,0.0
1.5815815815815815,0.4231486117317405,0.07878077258107691,1.2280286454698481,0.07045826655429115,0.02437287670882211,-0.28439509815790726,0.1342881613119818,0.13078200499392115,0.4396581550952781,1.2381191018339694,0.0
1.6016016016016015,0.4248411058399261,0.0846247054092805,1.229443002059329,0.07071782947403822,0.018606538221035966,-0.28831692438930745,0.13512654988694592,0.1317389115564157,0.4381533400219318,1.2408768370508576,0.0
1.6216216216216217,0.4266287896454234,0.08938419027486351,1.2308897468172861,0.07233723789785318,0.012881644295908849,-0.28624469625635596,0.13510225158221364,0.13142802130607772,0.4366312274049601,1.2436250628626662,0.0
1.6416416416416417,0.4284888334760486,0.09300219153126107,1.2323644047218216,0.07373289522677572,0.00684159633251078,-0.3020023981699033,0.1352937166155588,0.13197091703869246,0.43509187733476284,1.2463636707741457,0.0
1.6616616616616617,0.4303988136692345,0.0954990096592956,1.2338782101737233,0.07569027259509106,0.0006787975553100887,-0.3081399388600345,0.13702136646480667,0.13398525685134619,0.433535350582245,1.2490925526697454,0.0
1.6816816816816818,0.43233527454890913,0.09682304398373105,1.2354868346001098,0.08043122131932169,-0.005562935211044279,-0.3120866383177184,0.13841419468964763,0.13569224246967407,0.43196170859641764,1.2518116008178803,0.0
1.7017017017017018,0.43427346772957437,0.0969096590332625,1.2372362941970123,0.0874729798451322,-0.01154183791554726,-0.29894513522514893,0.13927171303768984,0.13667636354925042,0.4303710135019718,1.2545207078751857,0.0
1.7217217217217218,0.4361879248200838,0.09572285452547039,1.2391538101912354,0.09587579971114879,-0.01722457432824562,-0.2841368206349182,0.13967897835318596,0.13721083335959017,0.4287633280968261,1.2572197668907532,0.0
1.7417417417417418,0.4380541287029723,0.09331019414442485,1.241253124246417,0.10496570275908389,-0.022709907266037225,-0.2742666468895799,0.13996224172920624,0.13770585819242592,0.4271387158496476,1.2599086713103547,0.0
1.7617617617617618,0.4398486080346383,0.08972396658330102,1.2435454295731023,0.11461526633426652,-0.027910444249243094,-0.2600268491602938,0.1399724786633436,0.13789439235338966,0.4254972408973459,1.262587314980648,0.0
1.7817817817817818,0.44154881005637303,0.0850101010867359,1.246033219649147,0.12438950380223342,-0.032857303783071855,-0.24734297669143826,0.13986559388491973,0.13800444286928815,0.4238389680425416,1.265255592153367,0.0
1.8018018018018018,0.4431333822458958,0.07922860947613865,1.2487159995679655,0.13413899594092016,-0.037493638157220927,-0.23181671870745332,0.13947783011068976,0.13781658051410878,0.42216396275100754,1.2679133974894983,0.0
1.8218218218218218,0.4445822889943538,0.07244533742289895,1.2515846274902453,0.14343139611398992,-0.04174964772035109,-0.21280047815650815,0.13842474449416986,0.13660406661960953,0.4204722911490846,1.270560626063438,0.0
1.8418418418418419,0.44587786328356144,0.06477871446038058,1.254604892741918,0.15101326258363196,-0.04601299020276646,-0.21316712412076833,0.13709833066190133,0.13571826276486487,0.4187640200210709,1.2731971733671346,0.0
1.8618618618618619,0.44700414658261356,0.05631416495260705,1.2577433633830195,0.15692353205507822,-0.049930278246602476,-0.1958644021918013,0.13756150631128142,0.13641031342562215,0.41703921680658557,1.2758229353142152,0.0
1.8818818818818819,0.44794317398392847,0.04695137006574653,1.2610163798757261,0.163650824635333,-0.053404462504369685,-0.17370921288836016,0.13737761940154086,0.1363997515730589,0.41529794959790634,1.278437808244094,0.0
1.901901901901902,0.44867932596847654,0.03680759922740351,1.264420302648445,0.17019613863594354,-0.05658044408882219,-0.15879907922262565,0.13698579644017425,0.13628144611463022,0.4135402871372809,1.2810416889260652,0.0
1.921921921921922,0.4491990115750324,0.025984280327792725,1.2679468572888875,0.17632773202211602,-0.059426634471371045,-0.1423095191274425,0.13622719411467174,0.1357800446240447,0.4117662988142137,1.2836344745633783,0.0
1.941941941941942,0.4494905394721505,0.014576394855905105,1.2715767002278295,0.18149214694710947,-0.061957976214747225,-0.12656708716880843,0.13536423686853483,0.13518966180115666,0.4099760546627262,1.2862160627972954,0.0
1.961961961961962,0.44954377766789266,0.0026619097871087207,1.2752876736161696,0.18554866941700152,-0.06405099495201468,-0.10465093686337325,0.13453763490553006,0.13455413762797216,0.40816962535859197,1.2887863517111338,0.0
1.981981981981982,0.4493500272075826,-0.009687523015502771,1.279057542474519,0.1884934429174645,-0.06576580386386326,-0.08574044559243016,0.13357410976010523,0.1338095549336408,0.406347082216547,1.291345239834288,0.0
2.002002002002002,0.44890263357551136,-0.02236968160356337,1.282860528035571,0.19014927805259385,-0.06705720077227147,-0.06456984542040947,0.1326519624806461,0.1330690706653899,0.4045084971874737,1.2938926261462367,0.0
2.022022022022022,0.4481965656344282,-0.03530339705415749,1.2866716113710082,0.19055416677186454,-0.06809727044880175,-0.05200348382651383,0.13149514859709885,0.13219615293661782,0.40265394285556094,1.2964284100805297,0.0
2.042042042042042,0.44722884419375175,-0.04838607203382392,1.290460452595612,0.1894420612301925,-0.06885373470115651,-0.03782321261773892,0.13069085809754724,0.13165705687925225,0.4007834924354383,1.2989524915287594,0.0
2.062062062062062,0.4459968230514022,-0.06160105711747679,1.2942069214515028,0.18732344279454008,-0.06924807638946179,-0.019717084415263434,0.12988771636457858,0.1310590567276198,0.3988972197692855,1.3014647708445124,0.0
2.0820820820820822,0.4444990781984186,-0.07488724264917919,1.2978901082984324,0.18415934234647727,-0.06931976950671591,-0.003584655862705236,0.12909662787020723,0.13048631814837722,0.3969951993239177,1.3039651488473027,0.0
2.1021021021021022,0.4427355216127378,-0.08817782928404005,1.3014897515327408,0.17998216171541542,-0.06898297250411396,0.016839850130096465,0.12842110695431028,0.12995741830053825,0.39507750618784515,1.3064535268264883,0.0
2.1221221221221223,0.4407072208599115,-0.1014150376413173,1.3049880316503293,0.17491400587942463,-0.06839018621499156,0.029639314456120613,0.12771112277005114,0.1294764435264227,0.39314421606830946,1.308929806545167,0.0
2.1421421421421423,0.4384167638015978,-0.11452285291568662,1.3083674358575865,0.16897021036286375,-0.06757620833093615,0.040698894202770626,0.12708883114781397,0.12909495689782483,0.39119540528829405,1.3113938902440563,0.0
2.1621621621621623,0.4358674727173904,-0.12746455421036734,1.311613283144359,0.16229236433862718,-0.06648459751959347,0.054580540567134135,0.12659480206565432,0.1287925248983284,0.38923115078351167,1.3138456806453502,0.0
2.1821821821821823,0.4330632978112636,-0.14020874530633984,1.3147140108771929,0.1550363866416908,-0.06514568482614631,0.06694563467235803,0.1261685291415908,0.12856361024098986,0.3872515300993669,1.3162850809565623,0.0
2.2022022022022023,0.4300090578243102,-0.15271199934767082,1.3176602106545963,0.14730998887017555,-0.06353962258952642,0.08030311183099423,0.1258442216080951,0.12840820446771906,0.38525662138789457,1.3187119948743449,0.0
2.2222222222222223,0.42671031576202983,-0.16493710311401738,1.32044512299884,0.13924561721219555,-0.06168361999601927,0.09280012967535646,0.12513424822371835,0.12801024945114642,0.3832465034046749,1.3211263265882922,0.0
2.2422422422422423,0.42317420282918,-0.176805646642493,1.323052756254285,0.1303816627722544,-0.05946414643345418,0.11097367812825457,0.12511712603626457,0.128058045984914,0.3812212555057239,1.3235279807847222,0.0
2.2622622622622623,0.41940769248402804,-0.18832551725759697,1.3254839995177412,0.12156216317280566,-0.0569723247925742,0.12459108204399935,0.12528262333696574,0.12832597891352762,0.37918095764436094,1.3259168626504394,0.0
2.2822822822822824,0.4154187564303225,-0.19944680268527792,1.3277457665780321,0.11308835301454363,-0.054242260476762165,0.13650321579060196,0.1255626317431708,0.12870402494383176,0.3771256903680519,1.3282928778764782,0.0
2.3023023023023024,0.4112162344395389,-0.21012609953918038,1.3298483353140857,0.10512843680268343,-0.051323648544415,0.14593059661735835,0.12584289209093458,0.12909433107277746,0.37505553481522974,1.330655932661826,0.0
2.3223223223223224,0.4068099565346571,-0.22031389524409034,1.331802196999046,0.09769308424800686,-0.04839014888252928,0.1466749830942852,0.1259551689099292,0.12941434784768244,0.3729705727120911,1.3330059337171258,0.0
2.3423423423423424,0.4022106173968527,-0.22996695689021968,1.3336143291136413,0.09060660572976881,-0.045319013003121675,0.15355679397038077,0.12639427362177716,0.12996615620710472,0.37087088636936966,1.33534278826836,0.0
2.3623623623623624,0.39742860932113017,-0.23910040378612804,1.3352999477581289,0.08428093222438185,-0.04207000544770728,0.16245037777071977,0.12667443242764384,0.13031415005409136,0.36875655867908697,1.3376664040605122,0.0
2.3823823823823824,0.3924752282472499,-0.24766905369401337,1.3368688956531047,0.07844739474879268,-0.03876316938341912,0.16534180321440783,0.12699177058809563,0.13075503510298578,0.36662767311128003,1.3399766893612095,0.0
2.4024024024024024,0.38736238670802575,-0.2556420769612067,1.3383329361137337,0.07320202303144635,-0.03537270922781792,0.16952300778006,0.12732300964689167,0.13117453456551498,0.3644843137107058,1.3422735529643444,0.0
2.4224224224224224,0.3821022736709872,-0.26300565185192865,1.3397036930407669,0.06853784635165482,-0.031839598370935404,0.17665554284412524,0.12717140705196084,0.1311856309536516,0.36232656509352335,1.3445569041936742,0.0
2.4424424424424425,0.3767079694027919,-0.2697152134097669,1.3409795673456673,0.06379371524501568,-0.028118059312252256,0.1860769529341582,0.1275681576130287,0.13155132849182105,0.36015451244395347,1.3468266529064024,0.0
2.4624624624624625,0.37119265878229424,-0.27576553102488355,1.3421723032018567,0.05963679280946567,-0.024311028294957814,0.19035155086472177,0.12863115825687296,0.13262303578472873,0.3579682415109156,1.3490827094967364,0.0
2.4824824824824825,0.36556972507629315,-0.28114668530005393,1.3433139416323185,0.057081921523095304,-0.020395010842515913,0.19580087262209495,0.1295782548030255,0.13353816457247072,0.3557678386046427,1.3513249848994247,0.0
2.5025025025025025,0.3598532172519205,-0.28582539121863354,1.3444324492312223,0.055925379945186135,-0.01637183639556308,0.20115872234764162,0.13041013814616567,0.1343027709679212,0.3535533905932738,1.3535533905932737,0.0
2.5225225225225225,0.35405795181773975,-0.2897632717090375,1.3455518139634468,0.05596823661123057,-0.012396291061159033,0.1987772667202023,0.1311547066187387,0.13505694672675725,0.3513249848994246,1.3557678386046428,0.0
2.5425425425425425,0.3481993027576641,-0.2929324530037835,1.3466945265008912,0.057135626872222386,-0.008366228600641679,0.20150312302586784,0.1317089158220282,0.13552886427399666,0.34908270949673637,1.3579682415109156,0.0
2.5625625625625625,0.3422927448136403,-0.29532789720118835,1.347876013073996,0.05907432865524478,-0.004313095797064862,0.20265664017884077,0.13234181367203657,0.136080219064233,0.34682665290640247,1.3601545124439536,0.0
2.5825825825825826,0.3363541058671913,-0.2969319473224502,1.349113983185687,0.061898505584559824,-0.0003572944222243245,0.19779006874202684,0.13279278636601455,0.1365006531874265,0.34455690419367424,1.3623265650935232,0.0
2.6026026026026026,0.33039939298320176,-0.2977356441994748,1.3504214486270367,0.06537327206748639,0.003616230109307206,0.19867622657657658,0.13327013455408848,0.13684501527991116,0.3422735529643443,1.3644843137107059,0.0
2.6226226226226226,0.3244443920915028,-0.29775004458494897,1.3518106197364257,0.06945855546944477,0.0074760042176762655,0.19298870541845298,0.13297109800570525,0.1365827706389165,0.3399766893612096,1.3666276731112799,0.0
2.6426426426426426,0.31850498872337957,-0.2969701684061612,1.3532731553814052,0.0731267822489793,0.011209933463445282,0.18669646228845074,0.13277791144631707,0.13630443215354163,0.33766640406051224,1.3687565586790869,0.0
2.6626626626626626,0.31259646965431076,-0.2954259534534415,1.3548019847159078,0.07644146672513441,0.014940655218658873,0.18653608776067956,0.13375189058011575,0.13710210696444022,0.33534278826836,1.3708708863693695,0.0
2.6826826826826826,0.30673397014155956,-0.29312497563755846,1.356423213748379,0.0810614516235589,0.01863695917347961,0.18481519774103664,0.13434223987482902,0.13749980983799448,0.33300593371712583,1.372970572712091,0.0
2.7027027027027026,0.3009326513045764,-0.29006594184915874,1.3581512829223914,0.086403458700626,0.0222104639650525,0.1786752395786448,0.13469321310358112,0.1376916875716843,0.3306559326618259,1.3750555348152298,0.0
2.7227227227227226,0.29520752112517235,-0.2862565089702032,1.3599939831700316,0.09213501238200651,0.025598288340933105,0.16939121879403035,0.13501036031258207,0.13787523136370916,0.3282928778764782,1.377125690368052,0.0
2.7427427427427427,0.2895730917709034,-0.28172146771344736,1.3619584358112928,0.0982226320630558,0.02887320076662934,0.16374562128481185,0.13528188770097052,0.13794330325513965,0.32591686265043934,1.379180957644361,0.0
2.7627627627627627,0.2840431328359052,-0.27649794674990913,1.3640493429323404,0.10454535605238077,0.03200393509273538,0.1565367163053017,0.13551277214310892,0.13798513818448466,0.32352798078472217,1.381221255505724,0.0
2.7827827827827827,0.2786309642525391,-0.2706084291683051,1.3662703821404667,0.1110519604063149,0.0349618045264198,0.14789347168422096,0.13544933340445045,0.13772342167906418,0.32112632658829215,1.383246503404675,0.0
2.8028028028028027,0.2733490622855439,-0.26409509834975886,1.3686163527289283,0.1172985294230828,0.03771350543447527,0.13758504540277364,0.13539971534666584,0.13748737595678806,0.3187119948743448,1.3852566213878945,0.0
2.8228228228228227,0.2682092003573196,-0.2569930964112144,1.3710826244959868,0.1233135883529204,0.0402184451152253,0.12524698403750126,0.13474191775522684,0.13671419849395916,0.31628508095656227,1.3872515300993669,0.0
2.8428428428428427,0.26322160256447547,-0.24937988964220775,1.3736476087365188,0.1282492120265938,0.042628715595059756,0.12051352399172305,0.13424615268511927,0.13592700424151244,0.3138456806453503,1.3892311507835116,0.0
2.8628628628628627,0.2583954994768906,-0.24130515437924405,1.376291921579811,0.13221564216460865,0.04489708610188468,0.11341852534124579,0.13445729992685823,0.13587273915081027,0.3113938902440563,1.391195405288294,0.0
2.8828828828828827,0.25374057966839414,-0.23274599042482438,1.3790174855845585,0.13627820023737733,0.04693964620886241,0.10212800534888705,0.13439776962855723,0.13559102789505476,0.30892980654516716,1.3931442160683094,0.0
2.9029029029029028,0.2492656301102272,-0.2237474779083469,1.3818188529744146,0.14006836949281196,0.04874086456026257,0.09006091757000793,0.13407981857396414,0.1350564901042798,0.3064535268264883,1.395077506187845,0.0
2.9229229229229228,0.24497814214058133,-0.2143743984822939,1.3846830331792495,0.14320901024173574,0.050331163380328996,0.07951494100332135,0.13364933187070166,0.13438218341708166,0.3039651488473027,1.3969951993239176,0.0
2.942942942942943,0.24088437737699198,-0.2046882381794682,1.3875933348781015,0.14551508494260287,0.051819330742838204,0.07440836812546049,0.13332512686448222,0.13373168025869797,0.3014647708445124,1.3988972197692855,0.0
2.962962962962963,0.2369898416751899,-0.1947267850901028,1.3905350235532419,0.14708443375702057,0.05314287531970158,0.06617722884316853,0.13296566705006385,0.13307441735798328,0.29895249152875947,1.4007834924354383,0.0
2.982982982982983,0.23329961284872539,-0.18451144132322606,1.3934927562756019,0.14788663611799696,0.05412180061144486,0.04894626458716453,0.1324439096634243,0.13237777528655334,0.29642841008052967,1.4026539428555609,0.0
3.003003003003003,0.2298178647113994,-0.17408740686629953,1.3964482345217648,0.14777391230815037,0.05482151292126398,0.034985615490955406,0.13209314668433156,0.1318156114334046,0.29389262614623657,1.4045084971874737,0.0
3.023023023023023,0.22654762370831866,-0.16351205015403697,1.3993877473714824,0.14697564248588257,0.055279792540316064,0.022913980952604072,0.12929118634202025,0.13545824427762604,0.291345239834288,1.406347082216547,0.0
3.043043043043043,0.22349223058819737,-0.15276965600606518,1.4023235815768555,0.1467917102686594,0.060850171260648525,0.2785189360166227,0.11943731823025604,0.1212478035086131,0.2887863517111338,1.408169625358592,0.0
3.063063063063063,0.22063370054927012,-0.14292650194636194,1.4048996745363966,0.12880464797705407,0.06826919018633451,0.3709509462842997,0.13343231096249783,0.13289216778071122,0.28621606279729545,1.4099760546627262,0.0
3.083083083083083,0.21801490631710224,-0.13093971160839382,1.4074940129073512,0.12971691854772993,0.07580698751446628,0.3768898664065877,0.1373376875040569,0.13528961933958342,0.28363447456337826,1.4117662988142137,0.0
3.103103103103103,0.21567133766508526,-0.11717843260084984,1.410197865928967,0.13519265108078224,0.0825052180818541,0.33491152836939075,0.13714827117271308,0.134176459614788,0.2810416889260653,1.4135402871372809,0.0
3.123123123123123,0.21363186286345914,-0.10197374008130533,1.4129898003318748,0.13959672014539964,0.08772379496181311,0.26092884399795024,0.13396021325026503,0.13055687066284388,0.27843780824409403,1.4152979495979063,0.0
3.143143143143143,0.21191488910727896,-0.08584868780900938,1.4157671761558601,0.13886879119926845,0.09144975360827856,0.18629793232327296,0.1297124179207206,0.12600036005126125,0.27582293531421515,1.4170392168065855,0.0
3.163163163163163,0.21052926599650967,-0.06928115553846409,1.418398322269012,0.13155730565758716,0.09370950628943309,0.11298763405772574,0.1256088118522898,0.12169743093295607,0.2731971733671345,1.418764020021071,0.0
3.183183183183183,0.20947767490081312,-0.05257955478482718,1.4207579549766418,0.11798163538149097,0.09435678854078657,0.032364112567674685,0.12239120479482649,0.11846904448916341,0.27056062606343795,1.4204722911490846,0.0
3.203203203203203,0.2087593252086485,-0.03591748460823005,1.4227502316731366,0.09961383482473937,0.0936557078539979,-0.035054034339433146,0.1197105981617449,0.11574813978021659,0.2679133974894983,1.4221639627510076,0.0
3.2232232232232234,0.20836890479029804,-0.01952102091752347,1.424295269063671,0.07725186952671487,0.09177455076965921,-0.09405785421693522,0.08790838786645735,0.07541094646758703,0.26525559215336697,1.4238389680425416,0.0
3.2432432432432434,0.20820398242103577,-0.00824611846311388,1.4243292485107608,0.001698972354490097,0.08202451369469306,-0.48750185374830746,0.06371281895785108,0.05632337978415598,0.26258731498064786,1.4254972408973459,0.0
3.2632632632632634,0.2082011934607672,-0.00013944801342808885,1.4222140582825078,-0.10575951141265437,0.06867490923859564,-0.6674802228048697,0.09274374752925642,0.08760328581565219,0.2599086713103547,1.4271387158496476,0.0
3.2832832832832834,0.2084164142767299,0.010761040798135559,1.4188416930041827,-0.1686182639162483,0.05367721015884428,-0.7498849539875687,0.1186217768643922,0.11501522232625785,0.2572197668907532,1.4287633280968262,0.0
3.3033033033033035,0.2088682162856075,0.022590100443879664,1.415002457670145,-0.1919617667018838,0.03835499903846077,-0.7661105560191759,0.1382763810381874,0.13575805544920816,0.2545207078751856,1.4303710135019718,0.0
3.3233233233233235,0.2095368743944692,0.03343290544308399,1.4112971445787803,-0.1852656545682379,0.023628224614820153,-0.7363387211820305,0.15104027275036505,0.14917040944035498,0.25181160081788034,1.4319617085964178,0.0
3.3433433433433435,0.21037508404571098,0.041910482562089235,1.408116126130374,-0.1590509224203112,0.010108490024480814,-0.6759867295169669,0.15834605759118928,0.1568278762652604,0.24909255266974542,1.433535350582245,0.0
3.3633633633633635,0.2113225294099876,0.04737226821383117,1.4056830478041795,-0.12165391630972239,-0.0016928963362431969,-0.5900693180362006,0.16128987701257225,0.15977815644654556,0.24636367077414578,1.435091877334763,0.0
3.3833833833833835,0.21231696604894854,0.049721831948046726,1.4040862899221456,-0.07983789410169559,-0.011749764928647906,-0.5028434296202353,0.16181874369806615,0.16029278399715513,0.24362506286266622,1.43663122740496,0.0
3.4034034034034035,0.21330217524996906,0.04926046005102637,1.40334154783457,-0.03723710437877768,-0.019916249538359,-0.4083242304855549,0.16015010157580797,0.15839702498862282,0.24087683705085766,1.4381533400219317,0.0
3.4234234234234235,0.21423080110758153,0.046431292880623726,1.4033956966801935,0.0027074422811640894,-0.026413516885284514,-0.32486336734627597,0.18419224903014134,0.18757434965709704,0.23811910183396956,1.439658155095278,0.0
3.4434434434434436,0.21504856017276805,0.04088795325932646,1.4050364065511995,0.08203549355029913,-0.027005353803570255,-0.02959184591428715,0.17942861839870106,0.179525037469519,0.23535196608266626,1.4411456132174767,0.0
3.4634634634634636,0.21572465726820328,0.033804854771761775,1.4080730934126378,0.1518343430719136,-0.024225970224194513,0.13896917896878735,0.158563573068016,0.15662819468579423,0.23257553903872924,1.4426156556662275,0.0
3.4834834834834836,0.21627345900652822,0.027440086916247136,1.4118575853373783,0.18922459623702761,-0.01971182155958754,0.2257074332303488,0.1446295369574592,0.14146687401384955,0.22978993031074396,1.4440682244067722,0.0
3.5035035035035036,0.21671840030178055,0.022247064762616963,1.4159592988980305,0.2050856780326174,-0.014488785971110594,0.2611517794238473,0.13524861961522336,0.13136291750285442,0.2269952498697734,1.445503262094184,0.0
3.5235235235235236,0.21708430040941712,0.01829500538182817,1.420090045674255,0.20653733881121977,-0.009128832373778217,0.26799767986661893,0.1192115007540368,0.10634889151001534,0.22419160804501612,1.4469207120756318,0.0
3.5435435435435436,0.2174006085922879,0.01581540914353994,1.4236420771512894,0.1776015738517322,-0.010834280109152902,-0.08527238676873422,0.10926245055150502,0.10203079077539384,0.22137911551945075,1.448320518392618,0.0
3.5635635635635636,0.2176872036019448,0.014329750482844319,1.426404248439666,0.13810856441882718,-0.015200950112051257,-0.21833350014491776,0.12323294762217658,0.11761937582687923,0.2185578833254665,1.4497026257831855,0.0
3.5835835835835836,0.2179339789483786,0.012338767321690506,1.4288143928801715,0.12050722202528269,-0.020862605338249244,-0.28308276130989984,0.12393247998549098,0.11932816336298416,0.2157280228404795,1.4510669796841014,0.0
3.6036036036036037,0.21812481370884784,0.009541738023461949,1.4309079823415205,0.10467947306744997,-0.027009598574474377,-0.30734966181125634,0.12675491457327936,0.12261726774011496,0.21288964578253633,1.4524135262330098,0.0
3.6236236236236237,0.21823745666450656,0.005632147782935092,1.4327751705417193,0.09335941000993746,-0.03336890287261329,-0.3179652149069454,0.13502214505787669,0.129847537324828,0.2100428642059031,1.4537422122705586,0.0
3.6436436436436437,0.2182429833707512,0.00027633531223198154,1.4346449228100744,0.09348761341775826,-0.040707810093081435,-0.3669453610234068,0.1338683864327848,0.13000655935434607,0.20718779049664213,1.4550529853424978,0.0
3.6636636636636637,0.21811705363160053,-0.006296486957534106,1.436501757288737,0.09284172393313925,-0.048278011969657954,-0.3785100938288256,0.13721241902251832,0.1342899999715712,0.20432453736817455,1.4563457937017514,0.0
3.6836836836836837,0.21782639643778948,-0.014532859690552109,1.4384575175929633,0.09778801521131184,-0.055317735948468005,-0.35198619894050287,0.14015127768511676,0.13800246001097957,0.20145321785683135,1.4576205863104588,0.0
3.7037037037037037,0.217335862338321,-0.024526704973424372,1.4406092726372441,0.10758775221404124,-0.06127363383354773,-0.2977948942539866,0.14252563058924922,0.14091973782540743,0.19857394531739028,1.4588773128419905,0.0
3.7237237237237237,0.21661218269524196,-0.036183982153951466,1.4430337950922327,0.12122612274942979,-0.06580737455578442,-0.22668703611183283,0.1409777522471176,0.13973715452911442,0.19568683341860116,1.460115923682935,0.0
3.7437437437437437,0.21563295159966658,-0.04896155477876893,1.4456892524425704,0.13277286751688386,-0.06885726888939601,-0.1524947166805816,0.13695312783006783,0.13618120901357436,0.1927919961386983,1.4613363699350574,0.0
3.7637637637637638,0.2143867382602363,-0.06231066697151469,1.4484623858081214,0.1386566682775498,-0.07004561543834531,-0.05941732744746327,0.13472598424265345,0.13363380648703826,0.18988954776090056,1.462538603417229,0.0
3.7837837837837838,0.21286618252888911,-0.0760277865673592,1.4512817984591095,0.14097063254940675,-0.06986515966386832,0.009022788723849345,0.1317536864899446,0.13049329415456026,0.1869796028689002,1.4637225766673307,0.0
3.803803803803804,0.21107297171070738,-0.08966054090908637,1.454056824456632,0.13875129987613277,-0.06862039519660462,0.06223822336318577,0.12992800840516033,0.12856700739971172,0.18406227634233893,1.4648882429441257,0.0
3.823823823823824,0.20901170195949573,-0.10306348756058321,1.4567320637449572,0.13376196441625685,-0.06643411413788347,0.1093140529360565,0.12504409807125466,0.12392562809846627,0.1811376833522728,1.4660355562291056,0.0
3.843843843843844,0.2066969032576343,-0.1157399350930724,1.4591670628402478,0.12174995476452821,-0.06338588249207285,0.15241158229053106,0.12607065100107248,0.12485578108745522,0.17820593935662538,1.467164471228306,0.0
3.863863863863864,0.2041347187552953,-0.12810922511695014,1.4613912901559165,0.11121136578343303,-0.05961166368355305,0.18871094042599026,0.12633364012914514,0.12497098839527063,0.17526716009562948,1.4682749433740963,0.0
3.883883883883884,0.2013362296996414,-0.1399244527826943,1.4634110723666804,0.10098911053819201,-0.055589083839301126,0.20112899221259697,0.12656582711473732,0.12528236393090794,0.17232146158725858,1.469366928826937,0.0
3.903903903903904,0.19831498805235437,-0.15106208236435126,1.4652353115539656,0.09121195936426216,-0.05127200170783989,0.21585410657306087,0.1269826920427887,0.1257138950298418,0.16936896012264574,1.4704403844771128,0.0
3.923923923923924,0.19508537478844115,-0.16148066319566093,1.4668774211545768,0.0821054800305609,-0.04691724415612478,0.2177378775857549,0.12743374154441978,0.12627698514712013,0.16640977226149334,1.4714952679464322,0.0
3.943943943943944,0.19166284782995757,-0.17112634792417927,1.468353268830109,0.07379238377661981,-0.042686707505948884,0.21152683250879495,0.12787190201857368,0.12691229635231596,0.16344401482747123,1.4725315375899024,0.0
3.963963963963964,0.18806306761243513,-0.1799890108761219,1.4696795436282464,0.066313739906869,-0.03858584665676067,0.20504304245941124,0.128314892093991,0.1275451008929446,0.16047180490360483,1.473549152497372,0.0
3.983983983983984,0.18430138583851854,-0.18808408869582952,1.470872883909331,0.05966701405423054,-0.03468716403806653,0.19493413093470718,0.12875526838529927,0.1281963802629368,0.15749325982765244,1.4745480724951472,0.0
4.004004004004004,0.180392793527084,-0.19542961557172708,1.4719500818036404,0.05385989471547084,-0.03105805564100517,0.1814554198530675,0.1291760400587565,0.12888446613187024,0.15450849718747373,1.4755282581475768,0.0
4.024024024024024,0.17635163501631457,-0.20205792553847177,1.4729280985518725,0.048900837411603656,-0.027719977306227085,0.16690391673890473,0.13700499638678953,0.1359014667393944,0.151517634816387,1.4764896707586095,0.0
4.044044044044044,0.1721850184228566,-0.208330829672898,1.4740272241969075,0.0549562822517465,-0.025523992992138932,0.10979921570440745,0.13415199028930125,0.1339077586125937,0.14852079078851743,1.4774322723733215,0.0
4.064064064064064,0.16790848072717218,-0.21382688478422057,1.4751760797282227,0.057442776565765574,-0.023943878033563404,0.07900574792877654,0.13233670432808434,0.132674015216424,0.14551808341413586,1.4783560257794153,0.0
4.084084084084084,0.1635320057831267,-0.21882374720227402,1.476329741191467,0.05768307316221912,-0.022837111155651395,0.05533834389560049,0.1311074797621085,0.1319837912820084,0.14250963123498808,1.479260894508688,0.0
4.104104104104104,0.15906254063954772,-0.22347325717894995,1.4774599338889562,0.05650963487445813,-0.021956638708792695,0.04402362234293485,0.1303090727801342,0.13159456988815024,0.13949555301961475,1.4801468428384714,0.0
4.124124124124124,0.1545048362239434,-0.2278852207802168,1.4785491688065286,0.05446174587862316,-0.021079958734615777,0.04383399870884621,0.12982173573724473,0.13138714213442987,0.13647596775866258,1.481013835793043,0.0
4.1441441441441444,0.14986258662442242,-0.23211247997604822,1.479587232120945,0.05190316572080887,-0.020134141238388668,0.04729087481135565,0.12950592661998914,0.13130712391529323,0.13345099466018784,1.481861839145005,0.0
4.1641641641641645,0.1451394071185794,-0.2361589752921509,1.4805683340224691,0.04905509507621189,-0.01921649074184952,0.045882524826957184,0.12927611055025917,0.13138342147508242,0.1304207531449485,1.482690819416637,0.0
4.1841841841841845,0.1403390220484009,-0.24001925350892397,1.4814902759277675,0.04609709526491443,-0.018153868809342562,0.05313109662534763,0.12832484426924667,0.13060314952429802,0.1273853628416912,1.4835007438812176,0.0
4.2042042042042045,0.13546559517675044,-0.24367134358252235,1.4823274798721668,0.04186019721996281,-0.017175898420291283,0.048898519452563946,0.12830078259642053,0.13091476755520176,0.12434494358242737,1.4842915805643155,0.0
4.2242242242242245,0.1305231726829036,-0.24712112469234218,1.483084281407731,0.03784007677820995,-0.016152442878626147,0.05117277708325692,0.1241551635121324,0.128198255297123,0.12129961539770377,1.485063298245053,0.0
4.2442442442442445,0.12551731762167742,-0.2502927530613087,1.483659100663973,0.028740962812101003,-0.014118518129005768,0.10169623748101886,0.12335213776570085,0.12687758003769786,0.11824949851186238,1.4858158664573369,0.0
4.2642642642642645,0.12045241017856263,-0.2532453721557393,1.4840205432664355,0.01807213012312612,-0.011621554841173328,0.12484816439162202,0.12635863795781585,0.1296945435310664,0.11519471333829531,1.4865492554910633,0.0
4.2842842842842845,0.11533483235548816,-0.2558788911537236,1.4842549882695715,0.01172225015679853,-0.008988069752436016,0.1316742544368655,0.12832505481869338,0.13161227013367474,0.11213538047469059,1.4872634363932886,0.0
4.3043043043043046,0.11017341755511541,-0.25807074001863795,1.4844200965543755,0.008255414240203375,-0.006346096831191314,0.13209864606223504,0.12950921246019256,0.13275613873977782,0.10907162069827135,1.4879583809693737,0.0
4.324324324324325,0.1049780687323242,-0.2597674411395605,1.4845504605083042,0.006518197696436509,-0.003934667489204339,0.12057146709934878,0.1303686914818431,0.13373053078900876,0.10600355496102726,1.4886340617840967,0.0
4.344344344344345,0.09975890536183941,-0.26095816852423886,1.4846733267475956,0.006143311964565524,-0.0017395071388866474,0.10975801751588456,0.1308405492026576,0.1343037385418861,0.10293130438494068,1.4892904521627361,0.0
4.364364364364365,0.09452528590370438,-0.261680972906752,1.4848042261026972,0.00654496775508047,0.0003643416745088925,0.10519244066977701,0.13115554426429987,0.1346148264898039,0.0998549902572035,1.4899275261921234,0.0
4.384384384384385,0.089285898730379,-0.26196935866626897,1.4849524583268197,0.0074116112061208515,0.0021392227969669105,0.08874405612290089,0.13130952345598268,0.13491032795102742,0.0967747340254302,1.490545258721667,0.0
4.404404404404405,0.08404906089214746,-0.26184189191157675,1.4851246880877917,0.008611488048604055,0.003609089975127794,0.07349335890804416,0.13123373722905576,0.13490535445724283,0.09369065729286226,1.4911436253643444,0.0
4.424424424424425,0.07882181732748061,-0.261362178233342,1.4853197101854128,0.009751104881051957,0.0046945292976198205,0.054271966124601355,0.12844591761326785,0.1330487589845461,0.0906028818135687,1.4917226024976649,0.0
4.444444444444445,0.07360970929055362,-0.26060540184635,1.4854687022614963,0.007449603804182652,0.006156666669262476,0.0731068685821328,0.12948346409344935,0.13372660786472707,0.08751152948763802,1.4922821672646027,0.0
4.464464464464465,0.06841709888984537,-0.25963052003541254,1.4855970598423511,0.006417879042742804,0.007598961832252408,0.07211475814949661,0.1309599654620155,0.13504468685609589,0.08441672235636702,1.4928222975744991,0.0
4.484484484484485,0.06324995845837235,-0.25835702157365104,1.4857461524001163,0.0074546278882600655,0.008848383608742535,0.062471088824506436,0.13293883561956027,0.1370064795153081,0.08131858259744175,1.493342972103934,0.0
4.504504504504505,0.058114376590904876,-0.25677909337337373,1.485974319347236,0.011408347355974773,0.010001829281179929,0.05767228362186955,0.13243700072496958,0.136378520629574,0.07821723252011546,1.4938441702975689,0.0
4.524524524524525,0.05301526312375541,-0.2549556733574733,1.486264782562747,0.014523160775558996,0.010781838388575889,0.03900045536979803,0.13174404641076287,0.13689920519957285,0.07511279456037853,1.494325872368957,0.0
4.544544544544545,0.047957168725227,-0.2529047199264205,1.486614946735963,0.01750820866080458,0.01220777438819284,0.0712967999808479,0.13265718034604426,0.13727823122613447,0.07200539127612605,1.4947880593013254,0.0
4.564564564564565,0.04294342150588074,-0.25068736096731287,1.4870439216053724,0.02144874347046293,0.013801280992605216,0.07967533022061855,0.13229224681810897,0.13657548231561162,0.06889514534231898,1.4952307128483255,0.0
4.584584584584585,0.03797948208067431,-0.2481969712603218,1.4875358252856936,0.024595184016065412,0.015429592178929672,0.08141555931622278,0.13276113437214554,0.13680038287178808,0.06578217954614128,1.4956538155347534,0.0
4.604604604604605,0.03307182423100452,-0.2453828924834896,1.488100852599175,0.028251365674071067,0.01693893337827158,0.07546705996709528,0.13334673584240456,0.13722216274782803,0.06266661678215202,1.496057350657239,0.0
4.624624624624625,0.02822714248531813,-0.24223408728431955,1.4887538309015038,0.03264891511644295,0.018305194517150007,0.06831305694392133,0.13064987086239283,0.13564004772516478,0.05954858004743485,1.4964413022849068,0.0
4.644644644644645,0.023450366775838425,-0.23883878547398524,1.4894312790787287,0.03387240886125139,0.020549717765788778,0.11222616243193848,0.1298400269896497,0.13395297042786855,0.05642819243674091,1.4968056552600042,0.0
4.664664664664665,0.018746257590827757,-0.2352054592505333,1.4900961169263762,0.03324189238237482,0.022830055076965727,0.11401686555884738,0.13042745504630882,0.13421084610508208,0.05330557713763,1.4971503951984995,0.0
4.684684684684685,0.014123743525833225,-0.2311257032497266,1.4907606944176461,0.033228874563496574,0.025164953877259918,0.11674494001470988,0.13058782062528415,0.13392714583977836,0.050180857425607565,1.4974755084906501,0.0
4.704704704704705,0.009591733751802039,-0.22660048870155933,1.4914229909511258,0.033114826673984264,0.027161120550670433,0.09980833367052569,0.13033665098489797,0.1334320779677605,0.04705415665925714,1.49778098230154,0.0
4.724724724724725,0.005159014763702501,-0.22163594940497686,1.492071735103893,0.03243720763835689,0.028859546677280815,0.08492130633051918,0.1309406343886942,0.13378120726802314,0.04392559827537166,1.4980668045715864,0.0
4.744744744744745,0.0008337219739786563,-0.21626463948619223,1.4927208377974712,0.03245513467891308,0.03018687898715472,0.06636661549369574,0.1316144572887378,0.13417216696369702,0.04079530578407882,1.4983329640170149,0.0
4.764764764764765,-0.0033770809389406685,-0.21054014564596624,1.4933858804706797,0.03325213366042328,0.031059007531483128,0.04360642721642008,0.13157448217871853,0.13396848576885612,0.037663402763966375,1.498579450130307,0.0
4.784784784784785,-0.007468314513800376,-0.20456167874298536,1.4940631007650778,0.03386101471990006,0.031446926305956774,0.01939593872368236,0.13125659909203324,0.13353091065168365,0.03453001285720289,1.4988062531806126,0.0
4.804804804804805,-0.011436978712929065,-0.1984332099564345,1.4947412070564037,0.033905314566294094,0.03148927831467816,0.002117600436069806,0.13106767501095884,0.133176048653738,0.03139525976465676,1.499013364214136,0.0
4.824824824824825,-0.015281852551065173,-0.1922436919068054,1.4954120996871423,0.033544631536933954,0.031186934237375206,-0.015117203865148043,0.12999854206070272,0.13274799225210648,0.0282592672410122,1.4992007750544876,0.0
4.844844844844845,-0.019003544297215347,-0.18608458730750868,1.496053603853811,0.03207520833344178,0.031270013338766056,0.00415395506954247,0.1294575615107134,0.13160766759775933,0.0251221590898848,1.4993684783030088,0.0
4.864864864864865,-0.02260406372956828,-0.18002597161764664,1.4966408603187253,0.029362823245711663,0.03142209797946677,0.007604232035035996,0.12978775373537124,0.1315233299100249,0.021984059158932447,1.4995164673390624,0.0
4.884884884884885,-0.026083047005972484,-0.17394916382021008,1.4971774995580396,0.026831961965716942,0.031516416287622945,0.004715915407808028,0.13023772357348554,0.1316118206252911,0.018845091334967347,1.4996447363202945,0.0
4.904904904904905,-0.029439690469536234,-0.1678321731781875,1.4976714763749985,0.0246988408479444,0.031365579901849766,-0.007541819288658536,0.13053056230731805,0.1316739662082818,0.015705379539064087,1.499753280182866,0.0
4.924924924924925,-0.03267355759921334,-0.16169335648385508,1.498128035672665,0.022827964883322772,0.03105869835189892,-0.015344077497542394,0.1307154657236021,0.1315870361391076,0.012565047721668766,1.49984209464165,0.0
4.944944944944945,-0.03578526151898885,-0.15558519598877565,1.4985486466131734,0.021030547025427244,0.030588911380891367,-0.023489348550377594,0.13082504109262905,0.13143265454464695,0.009424219857704088,1.4999111761904045,0.0
4.964964964964965,-0.038776007675073935,-0.14953730780425425,1.4989326829361087,0.019201816146760753,0.029724244455007914,-0.04323334629417262,0.1308686636051629,0.13138330685594973,0.006283019941676388,1.4999605221019081,0.0
4.984984984984985,-0.041647742207020895,-0.14358672659734803,1.4992801161163634,0.017371659012735838,0.0287345330292415,-0.049485571288320554,0.1308213035675137,0.13109499946869752,0.0031415719827794218,1.4999901304280685,0.0
5.005005005005005,-0.04440410316504783,-0.1378180479013468,1.4995860767930136,0.015298033832508507,0.027809635482460057,-0.04624487733907208,0.13123709048435725,0.13121101643253308,3.061616997868383e-17,1.5,0.0
5.025025025025025,-0.04704875225780233,-0.1322324546377248,1.499858552523928,0.013623786545726841,0.026852531344838105,-0.047855206881097054,0.1283483792631078,0.12914342443817878,-0.0031415719827794716,1.4999901304280685,0.0
5.045045045045045,-0.049587428594847695,-0.1269338168522685,1.50002424664225,0.008284705916093874,0.02681726040642233,-0.0017635469207894633,0.12999517976999397,0.12977105061916577,-0.006283019941676326,1.4999605221019081,0.0
5.065065065065065,-0.0520229232997323,-0.12177473524423041,1.5001169419857587,0.004634767175433206,0.027021939796677642,0.010233969512765879,0.131114587791456,0.13028295066160198,-0.009424219857704138,1.4999111761904045,0.0
5.085085085085085,-0.0543547687224375,-0.1165922711352602,1.500160801033654,0.002192952394764658,0.02710988599772559,0.0043973100523971775,0.1316208510250564,0.1304075315314412,-0.012565047721668703,1.49984209464165,0.0
5.105105105105105,-0.056582015362326696,-0.11136233199445948,1.5001651448778455,0.0002171922095719164,0.027051651635560756,-0.002911718108241931,0.13149546541721976,0.12994002203560456,-0.01570537953906425,1.499753280182866,0.0
5.125125125125125,-0.058704624255382476,-0.10613044465278906,1.5001211838755821,-0.0021980501131718096,0.026759326416093274,-0.014616260973373839,0.13137219538492959,0.12957412851281608,-0.018845091334967288,1.4996447363202945,0.0
5.145145145145145,-0.06072311159937761,-0.10092436719975681,1.500021679918101,-0.004975197874053204,0.02631280420219075,-0.02232611069512615,0.13126709734110661,0.1291664278643717,-0.021984059158932385,1.4995164673390624,0.0
5.165165165165165,-0.06263889322648876,-0.09578908135555723,1.499859069109545,-0.008130540427802316,0.02570968898076745,-0.030155761071164945,0.1310425939101951,0.12868995974951883,-0.025122159089884737,1.4993684783030088,0.0
5.185185185185185,-0.0644540327856816,-0.09075697795964179,1.4996230159921893,-0.011802655867790389,0.024945603749257417,-0.038204261575501726,0.13116109279059782,0.128559086415595,-0.02825926724101214,1.4992007750544876,0.0
5.205205205205205,-0.06617089109490434,-0.08584291546113712,1.4993133976594153,-0.01548091663870134,0.02392538692780551,-0.05101084107259539,0.13157529873850424,0.12880874698195807,-0.0313952597646567,1.499013364214136,0.0
5.225225225225225,-0.06779226161346676,-0.0810685259281206,1.4989401205654562,-0.018663854697954587,0.022805435343551585,-0.055997579212696186,0.1316644485072918,0.12777630681701294,-0.03453001285720283,1.4988062531806126,0.0
5.245245245245245,-0.06932246319209262,-0.07651007893129348,1.4984893101943235,-0.022540518556639102,0.020833011447504952,-0.0986211948023317,0.13130247039592344,0.12773922784840266,-0.03766340276396631,1.498579450130307,0.0
5.265265265265265,-0.07076596885116172,-0.0721752829534548,1.4979551566963731,-0.02670767489752334,0.01836785353015052,-0.1232578958677217,0.13155573742483803,0.12815217013830887,-0.04079530578407876,1.4983329640170149,0.0
5.285285285285285,-0.07213019368231256,-0.06821124155754232,1.4973476928446459,-0.030373192586364964,0.01569001900746029,-0.13389172613451145,0.1320969755481565,0.12871095982849914,-0.0439255982753716,1.4980668045715864,0.0
5.305305305305305,-0.07342441223246858,-0.0647109275078008,1.4966833984918535,-0.033214717639618065,0.013075127353869617,-0.1307445826795338,0.13241248056920968,0.1288884005997255,-0.04705415665925708,1.49778098230154,0.0
5.325325325325325,-0.07465886143898134,-0.06172246032563792,1.4959697518240225,-0.03568233339154887,0.010429810772962634,-0.13226582904534917,0.13260698422020187,0.12901303352245447,-0.0501808574256075,1.4974755084906501,0.0
5.345345345345345,-0.07584362746221524,-0.05923830116169475,1.4952116259698032,-0.03790629271096315,0.0077731731706359285,-0.13283188011633537,0.13297007247540418,0.12931850132851133,-0.053305577137629935,1.4971503951984995,0.0
5.365365365365365,-0.07698891599403401,-0.05726442659093895,1.4944190454182915,-0.039629027575585965,0.005221594095239711,-0.1275789537698109,0.13324844494138918,0.1294913226640228,-0.05642819243674085,1.4968056552600042,0.0
5.385385385385385,-0.07810500594784762,-0.055804497690680716,1.493598788273968,-0.04101285721617178,0.0027128193006170434,-0.12543873973113331,0.13357322152594803,0.12977343581913908,-0.05954858004743479,1.4964413022849068,0.0
5.405405405405405,-0.07920185364287331,-0.05484238475128466,1.4927599099040747,-0.041943918494670905,0.0004173107305090684,-0.11477542850539874,0.1338551837856268,0.12990744819191194,-0.06266661678215218,1.4960573506572388,0.0
5.425425425425425,-0.08028923267541677,-0.05436895162717256,1.4919086117032523,-0.042564910041125656,-0.0017776931928535679,-0.10975019616813185,0.13462700247316117,0.13097429774566052,-0.06578217954614123,1.4956538155347534,0.0
5.445445445445445,-0.08137615949193056,-0.05434634082568967,1.4910721472371233,-0.04182322330644287,-0.0034714058052658253,-0.08468563062061289,0.13586121627285055,0.13192689570717916,-0.06889514534231903,1.4952307128483255,0.0
5.465465465465465,-0.08247133734381427,-0.05475889259418594,1.4902829077909807,-0.03946197230713114,-0.0048660621266704805,-0.06973281607023275,0.13525707094574613,0.1311257926644651,-0.072005391276126,1.4947880593013254,0.0
5.485485485485485,-0.08358139303394888,-0.05550278450672989,1.4895200573606513,-0.03814252151646841,-0.0061792649639196,-0.06566014186245592,0.13472757030955845,0.13055601712224466,-0.07511279456037857,1.494325872368957,0.0
5.505505505505505,-0.08471179265236303,-0.0565199809207079,1.4887672876217477,-0.03763848694517419,-0.00732576748601912,-0.05732512610497614,0.13447620787512757,0.13023721722828766,-0.0782172325201154,1.4938441702975689,0.0
5.525525525525525,-0.0858676353838647,-0.057792136575083516,1.4880161233836053,-0.03755821190711277,-0.008388841220656437,-0.05315368673186591,0.12970539422492014,0.12262197207650287,-0.08131858259744179,1.493342972103934,0.0
5.545545545545545,-0.08705206078923503,-0.05922127026851641,1.4870830420420826,-0.046654067076138894,-0.01168110247729242,-0.16461306283179905,0.1290722022097913,0.12355456776410102,-0.08441672235636695,1.4928222975744991,0.0
5.565565565565565,-0.08826907465598707,-0.06085069333760249,1.485972447826745,-0.05552971076687869,-0.01596715051074261,-0.21430240167250988,0.13230035788656824,0.12765191321824873,-0.08751152948763807,1.4922821672646027,0.0
5.585585585585585,-0.08953224258186586,-0.0631583962939394,1.484792735630705,-0.0589856098020092,-0.02062046094512801,-0.23266552171926996,0.1360086570146582,0.13191208802302493,-0.09060288181356864,1.4917226024976649,0.0
5.605605605605605,-0.09085994556576032,-0.0663851491947234,1.483661713695114,-0.05655109677954732,-0.0252264413490197,-0.2302990201945846,0.13702487358591933,0.13332575426765628,-0.09369065729286241,1.4911436253643444,0.0
5.625625625625625,-0.09227137051107263,-0.07057124726561577,1.4826150347652385,-0.052333946493776276,-0.02953301821419602,-0.2153288432588159,0.14251159680684317,0.14001138779713754,-0.09677473402543015,1.490545258721667,0.0
5.645645645645645,-0.09378951270389395,-0.07590710964106567,1.4818325498253333,-0.03912424699525669,-0.03257288230552247,-0.15199320456632262,0.143446424652662,0.140610603173632,-0.09985499025720344,1.4899275261921234,0.0
5.665665665665665,-0.09543301058536846,-0.08217489407372587,1.4813364820658521,-0.02480338797406463,-0.03476247246605546,-0.10947950802664974,0.1400435973577134,0.1371479190676886,-0.10293130438494062,1.4892904521627361,0.0
5.685685685685685,-0.09721128565647781,-0.08891375355546745,1.4810247769781344,-0.015585254385888985,-0.036300417050355596,-0.0768972292150067,0.13761131956563988,0.1347730492780003,-0.1060035549610272,1.4886340617840967,0.0
5.7057057057057055,-0.099130816467589,-0.09597654055555992,1.4808259579165532,-0.009940953079060552,-0.0372351411139715,-0.04673620318079469,0.13573152419141618,0.13296280367191604,-0.10907162069827128,1.4879583809693737,0.0
5.7257257257257255,-0.10119580196426127,-0.1032492748336129,1.4806851731560113,-0.007039238027093265,-0.03756631750555591,-0.016558819579220112,0.1342053402965139,0.1315463343790278,-0.11213538047469052,1.4872634363932886,0.0
5.7457457457457455,-0.10340829064178683,-0.11062443387627806,1.4805587212768496,-0.006322593958090378,-0.037340427507510175,0.011294499902286294,0.1324228158262253,0.1298317503857673,-0.11519471333829524,1.4865492554910633,0.0
5.7657657657657655,-0.10576762744391488,-0.11796684010640258,1.4803947810636464,-0.008197010660161774,-0.03653815553923409,0.040113598413803866,0.1331127229134037,0.13061492233108796,-0.11824949851186232,1.485815866457337,0.0
5.7857857857857855,-0.10827365763524487,-0.1253015095664991,1.480215193559867,-0.008979375188963697,-0.035349036224532115,0.05945596573509884,0.13261777721078546,0.13032532993036272,-0.12129961539770372,1.485063298245053,0.0
5.8058058058058055,-0.11092277464851573,-0.1324558506635429,1.4800084594976262,-0.010336703112049088,-0.03375063228256477,0.07992019709836704,0.13230732889440125,0.130231473085551,-0.12434494358242731,1.4842915805643155,0.0
5.8258258258258255,-0.11371005353612394,-0.1393639443804106,1.479768759373264,-0.011985006218107518,-0.03181001447215752,0.09703089052036319,0.13095028136992057,0.12886860752847656,-0.12738536284169114,1.4835007438812176,0.0
5.8458458458458455,-0.1166278804600134,-0.14589134619447292,1.4794560358774047,-0.0156361747929638,-0.029648856653431064,0.10805789093632195,0.1299621119918776,0.12828733019423127,-0.13042075314494844,1.482690819416637,0.0
5.865865865865866,-0.11966796442260154,-0.15200419812940685,1.479047294527696,-0.02043706748543003,-0.027186721413473464,0.12310676199788011,0.12990702361665346,0.12856254937063874,-0.13345099466018778,1.481861839145005,0.0
5.885885885885886,-0.12282209362442512,-0.1577064600911788,1.4785460491315061,-0.02506226980949635,-0.02428523638828003,0.1450742512596721,0.12987364413815547,0.12873518959664665,-0.13647596775866253,1.481013835793043,0.0
5.905905905905906,-0.12608081932571436,-0.16293628506446223,1.4779546299341653,-0.029570959867037065,-0.021010142426665285,0.16375469808073703,0.1298028687339344,0.12887526820700348,-0.13949555301961467,1.4801468428384714,0.0
5.925925925925926,-0.1294329591877874,-0.16760699310365282,1.4772743494040457,-0.03401402650598139,-0.017463094808925293,0.17735238088699956,0.12976617280595798,0.1290843982605144,-0.14250963123498803,1.479260894508688,0.0
5.945945945945946,-0.1328659071233221,-0.1716473967767349,1.4765080457846074,-0.03831518097191154,-0.01376681947167562,0.18481376686248394,0.12975785847697127,0.12935550093348652,-0.1455180834141359,1.4783560257794153,0.0
5.965965965965966,-0.1363661287933301,-0.17501108350040023,1.4756598732888861,-0.04240862478606576,-0.009705391977522765,0.20307137470764264,0.12983767538188007,0.1295471327458636,-0.14852079078851738,1.4774322723733215,0.0
5.985985985985986,-0.13991936972534358,-0.1776620466006737,1.4747340745490432,-0.046289936992152905,-0.0055387170742353985,0.2083337451643683,0.12990604734988093,0.12983625085548722,-0.15151763481638703,1.4764896707586095,0.0
6.006006006006006,-0.14351003536077872,-0.17953328177175648,1.4737361286260313,-0.04989729615059077,-0.001204299107290987,0.21672089834722058,0.13005287462593626,0.1301313643227198,-0.15450849718747367,1.4755282581475768,0.0
6.026026026026026,-0.14712207925641038,-0.18060219478158318,1.4726727048966874,-0.05317118646719366,0.0032751463842466766,0.22397227457688312,0.1320856363833951,0.13028181180610576,-0.1574932598276524,1.4745480724951472,0.0
6.046046046046046,-0.15073871040019926,-0.18083155718944413,1.4715762035070326,-0.05482506948274802,0.006045221968617334,0.13850377921853288,0.13145180991312563,0.1308891610402357,-0.16047180490360477,1.473549152497372,0.0
6.066066066066066,-0.1543424399478821,-0.18018647738414187,1.4704462141757986,-0.056499466561704,0.00787517933057557,0.09149786809791183,0.13119481096627836,0.13145383453430493,-0.16344401482747128,1.4725315375899024,0.0
6.086086086086086,-0.157922432816355,-0.17899964342364488,1.4692872447898397,-0.057948469297937164,0.009304592235821743,0.07147064526230854,0.13116293692151965,0.13192181084747578,-0.16640977226149328,1.4714952679464322,0.0
6.106106106106106,-0.16147138951977913,-0.1774478351712061,1.4681057063632452,-0.05907692132972431,0.010370409040206967,0.0532908402192612,0.13105360081475467,0.13229158304910157,-0.16936896012264577,1.4704403844771128,0.0
6.126126126126126,-0.16498365428356912,-0.17561323818950017,1.4669054091860427,-0.060014858860127876,0.011318328496542563,0.047395972816779736,0.13105112882936773,0.13260042104640227,-0.17232146158725853,1.469366928826937,0.0
6.146146146146146,-0.16845498706218573,-0.17356663893083063,1.465690850864385,-0.06072791608287921,0.012299315319039215,0.04904934112483265,0.1311343886657251,0.13284707125164605,-0.17526716009562954,1.4682749433740963,0.0
6.166166166166166,-0.17188156131200089,-0.17132871249075718,1.4644668784906312,-0.06119861868769643,0.013250268652014065,0.047547666648742486,0.131188581980181,0.13308484019156133,-0.17820593935662532,1.467164471228306,0.0
6.186186186186186,-0.1752594085094558,-0.16889235987274567,1.4632377718011178,-0.06145533447566868,0.01409577291260564,0.04227521302957875,0.1312196349203851,0.13333265970730956,-0.18113768335227273,1.4660355562291056,0.0
6.206206206206206,-0.17858470736846896,-0.166264942950659,1.4620076143159695,-0.061507874257416426,0.014887247701393285,0.039573739439382256,0.13116824395015386,0.13340570007221644,-0.184062276342339,1.4648882429441257,0.0
6.226226226226226,-0.18185402617288168,-0.16346594022063643,1.4607766814271386,-0.061546644441550474,0.015405044302993144,0.025889830079993056,0.13595059170041174,0.13896168205226975,-0.18697960286890014,1.4637225766673307,0.0
6.246246246246246,-0.18506193816774502,-0.16039559974316728,1.4596980716478172,-0.05393048896606621,0.016143732144783058,0.03693439208949559,0.1334593110124572,0.13637747877019796,-0.1898895477609005,1.462538603417229,0.0
6.266266266266266,-0.18820747264247908,-0.15727672373670268,1.4586965696048566,-0.05007510214802726,0.016973217468532188,0.04147426618745653,0.13194182600774074,0.13480998962191854,-0.19279199613869824,1.4613363699350574,0.0
6.286286286286286,-0.1912883199599162,-0.15404236587185532,1.4577264313536564,-0.048506912560013625,0.017588261922089187,0.03075222267784994,0.13100039967227045,0.1340005463154074,-0.1956868334186012,1.460115923682935,0.0
6.306306306306306,-0.19430165045228368,-0.15066652461837488,1.4567616675443538,-0.048238190465138005,0.01811766767891016,0.026470287841048514,0.1303902142954277,0.1333980580752785,-0.19857394531739023,1.4588773128419907,0.0
6.326326326326326,-0.1972452967428839,-0.1471823145300116,1.455784273696129,-0.04886969241123511,0.01837517105796206,0.01287516895259513,0.1299791274703635,0.13311439411923712,-0.20145321785683137,1.4576205863104588,0.0
6.346346346346346,-0.2001173144165525,-0.1436008836834299,1.4547839219599343,-0.050017586809737856,0.018289571089251715,-0.004279998435517077,0.12959390345386218,0.1329044738797332,-0.2043245373681745,1.4563457937017514,0.0
6.366366366366366,-0.20291683141202926,-0.13997584977383848,1.4537517785599963,-0.05160716999690104,0.017917312573827983,-0.01861292577118691,0.12934645261875038,0.13279474310689596,-0.20718779049664207,1.4550529853424978,0.0
6.386386386386386,-0.20564423368178117,-0.13637011348759567,1.4526825589042132,-0.05346098278916057,0.017248263680584408,-0.03345244466217865,0.1291777755741992,0.1327757286011815,-0.21004286420590315,1.4537422122705586,0.0
6.406406406406406,-0.20830100108974736,-0.13283837039830954,1.4515735089939374,-0.055452495513789626,0.01636122609529456,-0.04435187926449246,0.12914686163024214,0.13284238937130322,-0.21288964578253636,1.4524135262330098,0.0
6.426426426426427,-0.21088970741663118,-0.12943531634419067,1.4504252039833065,-0.05741525053154194,0.015299882792400403,-0.05306716514470789,0.12726868828707066,0.12946912472810862,-0.21572802284047934,1.4510669796841014,0.0
6.446446446446447,-0.21341502339210322,-0.12626579877360203,1.4491599130577892,-0.06326454627586056,0.012746175734483911,-0.1276853528958245,0.1261204409893931,0.12929897028139814,-0.21855788332546655,1.4497026257831855,0.0
6.466466466466467,-0.21588125069084582,-0.1233113649371299,1.4477581705285238,-0.07008712646326784,0.00939181991182358,-0.16771779113301669,0.1276609883170305,0.13148689011828338,-0.2213791155194507,1.448320518392618,0.0
6.486486486486487,-0.21829734541348866,-0.12080473613214178,1.4462753439620855,-0.07414132832191837,0.005752029911972383,-0.18198949999255984,0.1287364043257839,0.1329371666359807,-0.22419160804501606,1.446920712075632,0.0
6.506506506506507,-0.22067582076953382,-0.11892376780225768,1.4447489919203922,-0.07631760208466266,0.0020946456423391368,-0.1828692134816623,0.12937185228832448,0.13379351924354327,-0.22699524986977335,1.445503262094184,0.0
6.526526526526527,-0.22303068648122285,-0.11774328558445063,1.4432013216271302,-0.07738351466309511,-0.0013245853803606634,-0.17096155113499,0.1298250196264381,0.1356680402319774,-0.2297899303107439,1.4440682244067724,0.0
6.546546546546547,-0.22537614413829143,-0.11727288285342885,1.4416668732216886,-0.07672242027208045,-0.00332406116308771,-0.09997378913635231,0.12990953415683024,0.13496231464043534,-0.23257553903872918,1.4426156556662275,0.0
6.566566566566567,-0.22772563024520953,-0.11747430534590513,1.4401364487634318,-0.07652122291284347,-0.004532275778414539,-0.06041073076634146,0.12995370102417245,0.13453189028802917,-0.23535196608266631,1.4411456132174767,0.0
6.586586586586587,-0.2300870107682505,-0.118069026152049,1.438604307714246,-0.07660705245928819,-0.00521709245046462,-0.03424083360250407,0.1300060150059332,0.1342310583043475,-0.23811910183396962,1.439658155095278,0.0
6.606606606606607,-0.23246496972963082,-0.11889794806901553,1.4370667497672658,-0.07687789734901394,-0.005750374587630041,-0.02666410685827105,0.12992639646564952,0.13399358441645834,-0.24087683705085772,1.4381533400219317,0.0
6.626626626626627,-0.2348621814942687,-0.119860588231895,1.435519064252821,-0.07738427572223125,-0.0062047762639756525,-0.022720083817280537,0.130039610524886,0.13320023006072654,-0.24362506286266608,1.4366312274049602,0.0
6.646646646646647,-0.2372807364556954,-0.12092774807133426,1.4339511637509244,-0.07839502509483456,-0.007126962117724264,-0.046109292687430525,0.1290442406171001,0.1325162227040885,-0.24636367077414592,1.4350918773347627,0.0
6.666666666666667,-0.23972223928796388,-0.12207514161342477,1.4323381584845345,-0.08065026331949664,-0.00830057878838451,-0.05868083353301236,0.12967561657082538,0.13335457165386025,-0.24909255266974537,1.433535350582245,0.0
6.686686686686687,-0.24219045096233555,-0.12341058371858334,1.4307017977830234,-0.08181803507555599,-0.009467059644679832,-0.05832404281476599,0.13009314126829838,0.1338083407115337,-0.2518116008178804,1.4319617085964178,0.0
6.706706706706707,-0.2446901141759194,-0.12498316067919296,1.4290549539804407,-0.08234219012913203,-0.010421860457050753,-0.04774004061854592,0.13030275944288983,0.1339093344867891,-0.25452070787518566,1.4303710135019718,0.0
6.726726726726727,-0.24722586972893154,-0.12678777765060734,1.4274021880146701,-0.0826382982885328,-0.011147051194908044,-0.036259536892864805,0.13037685469020227,0.133848051389404,-0.25721976689075327,1.4287633280968262,0.0
6.746746746746747,-0.24980153004658132,-0.12878301588248867,1.4257436525198954,-0.08292677473873387,-0.011546079332926328,-0.019951406900914036,0.1305441651575588,0.13378685920554687,-0.2599086713103548,1.4271387158496476,0.0
6.766766766766767,-0.25241995005764906,-0.13092100055338746,1.4240808889077297,-0.08313818060828641,-0.011802055689737722,-0.012798817840569597,0.13046050389257058,0.1335841241513503,-0.26258731498064775,1.425497240897346,0.0
6.786786786786787,-0.2550827112142976,-0.1331380578324264,1.4224096368227874,-0.08356260424710926,-0.01182078628225299,-0.0009365296257635245,0.13047588040221855,0.13338539422937007,-0.2652555921533669,1.4238389680425416,0.0
6.806806806806807,-0.2577908297600257,-0.13540592728640677,1.4207271684181693,-0.08412342023090724,-0.011641838341346114,0.008947397045343785,0.13065080522166023,0.13332628239273212,-0.2679133974894982,1.4221639627510076,0.0
6.826826826826827,-0.2605445054095666,-0.13768378247704335,1.4190351984570988,-0.08459849805352176,-0.011158882159858812,0.024147809074365048,0.13118699272534784,0.13375382481470924,-0.2705606260634379,1.4204722911490846,0.0
6.846846846846847,-0.26334321363575525,-0.1399354113094331,1.4173480116621084,-0.08435933974951398,-0.010431915787845513,0.0363483186006652,0.1311505798524255,0.13345272761819646,-0.2731971733671345,1.418764020021071,0.0
6.866866866866867,-0.26618510521221556,-0.14209457882301557,1.4156606298056886,-0.08436909282098713,-0.009391525897525467,0.05201949451600221,0.1311061779413434,0.13308295078554225,-0.2758229353142151,1.4170392168065855,0.0
6.886886886886887,-0.26906732870595973,-0.14411117468720844,1.4139669480038444,-0.08468409009220866,-0.008126501474862574,0.0632512211331446,0.13111390648966195,0.1327881074061014,-0.27843780824409403,1.4152979495979063,0.0
6.906906906906907,-0.27198581911799236,-0.1459245206016325,1.4122627532509244,-0.08520973764599934,-0.006749811572190491,0.06883449513360418,0.13105564944557627,0.1324822556087924,-0.28104168892606535,1.4135402871372809,0.0
6.926926926926927,-0.27493565582502966,-0.147491835351864,1.4105426948398885,-0.08600292055179293,-0.005270564702994235,0.07396234345981285,0.13103181736832645,0.13221857806575796,-0.28363447456337815,1.411766298814214,0.0
6.946946946946947,-0.27791156389002997,-0.1487954032500159,1.4088025534454245,-0.08700706972319919,-0.003529465668962698,0.0870549517015768,0.13114232603087195,0.1319571337379345,-0.2862160627972955,1.4099760546627262,0.0
6.966966966966967,-0.2809077825231787,-0.1498109316574362,1.4070401276876532,-0.08812128788856903,-0.0017689915277095088,0.08802370706265945,0.13115917983863,0.13175467875493713,-0.2887863517111337,1.408169625358592,0.0
6.986986986986987,-0.28391758743623546,-0.1504902456528379,1.4052526977968371,-0.08937149454080283,3.090992597574369e-05,0.08999507268426261,0.1312751968186002,0.13162726497029817,-0.29134523983428795,1.4063470822165471,0.0
7.007007007007007,-0.2869342233609332,-0.1508317962348888,1.4034401130976446,-0.09062923495962463,0.0019527203656721473,0.09609052198482017,0.13144336668971854,0.1314731909449995,-0.2938926261462365,1.4045084971874737,0.0
7.027027027027027,-0.28995076770828626,-0.15082721736765248,1.4016025885096983,-0.0918762293973138,0.003976391785701723,0.1011835710014788,0.1331829870722385,0.13140420008007953,-0.2964284100805296,1.402653942855561,0.0
7.047047047047047,-0.2929597009434123,-0.15044666175630056,1.3997648666284417,-0.09188609406283185,0.004693745377315611,0.035867679580694395,0.13258364999841318,0.13127225320776018,-0.29895249152875947,1.4007834924354383,0.0
7.067067067067067,-0.2959532347454524,-0.14967669010200418,1.3979160901872567,-0.09243882205925155,0.004751114355488861,0.0028684489086624396,0.13263713204349284,0.13146172477186985,-0.3014647708445124,1.3988972197692855,0.0
7.087087087087087,-0.2989286155730927,-0.14876904138201608,1.396059846303217,-0.09281219420198762,0.004438605721969889,-0.015625431675948435,0.13278440246345624,0.13162206168018034,-0.30396514884730275,1.3969951993239176,0.0
7.107107107107107,-0.30188567594981514,-0.14785301883612137,1.3942006910104974,-0.09295776463598085,0.00397762650124355,-0.023048961036317046,0.13282031687964044,0.13155451355438488,-0.3064535268264883,1.395077506187845,0.0
7.127127127127127,-0.30482573635475846,-0.14700302024716613,1.3923381612908867,-0.0931264859805344,0.0035378518211725105,-0.021988734003551978,0.1327915915888693,0.13132478875342113,-0.3089298065451671,1.3931442160683094,0.0
7.147147147147147,-0.30775064187212464,-0.14624527586830996,1.3904684358821608,-0.09348627043629178,0.003022538665618325,-0.02576565777770926,0.1328697236945462,0.1312909055740815,-0.31139389024405634,1.391195405288294,0.0
7.167167167167167,-0.31066221275893907,-0.14557854434072215,1.388592176786041,-0.09381295480599904,0.0026136495642876795,-0.020444455066532266,0.13292673498037108,0.13113213220012615,-0.3138456806453502,1.3892311507835118,0.0
7.187187187187187,-0.3135625304085039,-0.14501588247824038,1.3867078830379926,-0.094214687402414,0.002297855122977498,-0.015789722065509028,0.13286608211200124,0.13089531938562254,-0.3162850809565622,1.3872515300993669,0.0
7.207207207207207,-0.3164532745350205,-0.14453720632582834,1.3848111522617879,-0.09483653881023958,0.0021157083732020396,-0.009107337488772954,0.1327828426368006,0.1306564829300782,-0.3187119948743449,1.3852566213878945,0.0
7.227227227227227,-0.31933575730390373,-0.14412413844416164,1.3828972160051263,-0.09569681283307951,0.0021199014897322257,0.00020965582650929113,0.1314523715678939,0.12998739897060171,-0.3211263265882922,1.383246503404675,0.0
7.247247247247247,-0.32221085580814557,-0.14375492521209193,1.3809364528656127,-0.0980381569756736,0.003113072638754025,0.04965855745108995,0.13146553631291763,0.12930852162397777,-0.3235279807847222,1.381221255505724,0.0
7.267267267267267,-0.3250785769584133,-0.1433860575133874,1.3789190004221008,-0.10087262217559131,0.004544501386578108,0.0715714373912042,0.1320146591395974,0.1294743567053576,-0.3259168626504393,1.379180957644361,0.0
7.287287287287287,-0.32793508890540807,-0.14282559734973793,1.3768554405529894,-0.10317799345557341,0.006205580935789683,0.0830539774605788,0.13242176681630238,0.12961071953172967,-0.32829287787647815,1.377125690368052,0.0
7.307307307307307,-0.33077486890765223,-0.1419890001122075,1.3747538033585545,-0.10508185972174884,0.008033090940412135,0.09137550023112248,0.13269984135241109,0.12963556599741596,-0.33065593266182586,1.3750555348152298,0.0
7.327327327327327,-0.333591478755685,-0.14083049240163856,1.3726185418114993,-0.10676307735275305,0.009920967769742245,0.09439384146650547,0.13285553569538266,0.12958824758431323,-0.3330059337171258,1.372970572712091,0.0
7.347347347347347,-0.33637787882768383,-0.13932000359993985,1.3704512108645093,-0.10836654734950504,0.011903086179097418,0.09910592046775858,0.13347144840612926,0.12996353325671442,-0.33534278826836,1.3708708863693695,0.0
7.367367367367367,-0.3391266270374305,-0.13743741048733377,1.3682664283233845,-0.10923912705623301,0.013897558899379693,0.09972363601411377,0.13364024932287932,0.1299052888032535,-0.33766640406051224,1.3687565586790869,0.0
7.387387387387387,-0.3418299818890523,-0.135167742581088,1.3660657475352174,-0.11003403940835453,0.015753171337553624,0.09278062190869646,0.13393070428189272,0.13006185393725792,-0.3399766893612096,1.3666276731112799,0.0
7.407407407407407,-0.3444801139969925,-0.1325066053970128,1.3638556899260905,-0.11050288045634256,0.017487783362854673,0.08673060126505279,0.1341738292746522,0.1301423794580492,-0.34227355296434436,1.3644843137107057,0.0
7.4274274274274275,-0.34706971733275277,-0.12948016678801297,1.3616409421352988,-0.11073738953958087,0.0190349049714645,0.07735608043049143,0.13311220723419284,0.12879359653272257,-0.34455690419367413,1.3623265650935235,0.0
7.4474474474474475,-0.3495926393748857,-0.12614610210664642,1.3593856870324323,-0.11276275514332698,0.020197883261843404,0.0581489145189452,0.13380924099830294,0.12950157353702862,-0.3468266529064026,1.3601545124439534,0.0
7.4674674674674675,-0.3520424788112259,-0.12249197181701069,1.357110626204928,-0.11375304137522424,0.020972096180146272,0.03871064591514346,0.13403229462852104,0.12976554239946989,-0.34908270949673625,1.3579682415109158,0.0
7.4874874874874875,-0.35441454887400653,-0.11860350313902976,1.3548228843418895,-0.11438709315192398,0.021371398953418975,0.019965138663634863,0.1341072948210653,0.1298977553369716,-0.35132498489942454,1.3557678386046428,0.0
7.5075075075075075,-0.35670578986926077,-0.11456204976271192,1.3525254683125012,-0.11487080146941576,0.021514184465359885,0.007139275597045523,0.13409795896209384,0.12988649981068756,-0.35355339059327373,1.3535533905932737,0.0
7.5275275275275275,-0.3589146272806161,-0.11044187056776764,1.3502180400664154,-0.11537141230428809,0.021342416514733495,-0.008588397531319196,0.1356742016816847,0.12951606842898097,-0.35576783860464267,1.3513249848994247,0.0
7.5475475475475475,-0.361040148047735,-0.10627603835594233,1.3479184473681225,-0.11497963491464801,0.019370428543070084,-0.09859939858317082,0.1331782401992908,0.12813479728405813,-0.3579682415109156,1.3490827094967364,0.0
7.5675675675675675,-0.36308424492946073,-0.10220484408628686,1.3455692772751977,-0.11745850464624424,0.016464524333646827,-0.14529521047116262,0.13336676508400477,0.12900351618046588,-0.36015451244395347,1.3468266529064024,0.0
7.587587587587588,-0.36505425210224957,-0.09850035863944073,1.3431863451136434,-0.11914660807771922,0.013176362969032619,-0.16440806823071022,0.13358909968397709,0.12962219094457897,-0.36232656509352335,1.3445569041936742,0.0
7.607607607607608,-0.3669612169654204,-0.09534824315854037,1.3407823109624926,-0.12020170755754706,0.009711801341760284,-0.17322808136361684,0.13378516726566553,0.13014667789224552,-0.36448431371070583,1.3422735529643441,0.0
7.627627627627628,-0.3688178139591328,-0.09282984968562108,1.3383680387968582,-0.12071360828171518,0.006314150637849741,-0.16988253519552707,0.13426951586390976,0.13134859931398718,-0.3666276731112799,1.3399766893612097,0.0
7.647647647647648,-0.37063731602599226,-0.09097510334297287,1.3359686642437798,-0.11996872765392119,0.0034738004480231255,-0.14201750949133085,0.13432950118664894,0.13128165854198004,-0.368756558679087,1.3376664040605122,0.0
7.667667667667668,-0.3724330422018527,-0.08978630879302073,1.3335841913942152,-0.11922364247822635,0.0009520560728976424,-0.12608721875627416,0.13387135225249533,0.1308542459289906,-0.37087088636936955,1.3353427882683602,0.0
7.687687687687688,-0.37421615564135613,-0.08915567197517195,1.3312015555953598,-0.11913178994276752,-0.0013831680747741616,-0.1167612073835902,0.13376872628005396,0.1308899585261491,-0.37297057271209105,1.3330059337171258,0.0
7.707707707707708,-0.3759965733256564,-0.08902088421501217,1.328819787424082,-0.11908840856389974,-0.00335875384969064,-0.0987792887458239,0.13342408434044453,0.13057812187589113,-0.3750555348152298,1.330655932661826,0.0
7.727727727727728,-0.377783376221573,-0.08934014479582895,1.326429159307292,-0.11953140583949408,-0.0051113112505061,-0.087627870040773,0.13341339066017294,0.1306998891528149,-0.37712569036805194,1.3282928778764782,0.0
7.747747747747748,-0.3795842003648333,-0.09004120716301546,1.3240312984505527,-0.11989304283697488,-0.006785635079506364,-0.08371619145001324,0.13320493504339087,0.13073516436961805,-0.37918095764436094,1.3259168626504394,0.0
7.767767767767768,-0.38140591069467744,-0.09108551649220674,1.321623610210652,-0.1203844119950303,-0.008137879701209872,-0.06761223108517542,0.13294044719185108,0.1305708418205694,-0.38122125550572383,1.3235279807847222,0.0
7.787787787787788,-0.3832549585185091,-0.09245239119158315,1.319199703042865,-0.12119535838934435,-0.009225778501846783,-0.054394940031845466,0.13269017700601177,0.13047307508487072,-0.38324650340467487,1.3211263265882922,0.0
7.807807807807808,-0.3851365016636846,-0.09407715725877752,1.3167543816252185,-0.12226607088233114,-0.01013241912117835,-0.0453320309665783,0.1324448448823972,0.13044721695026595,-0.38525662138789457,1.3187119948743449,0.0
7.827827827827828,-0.38705467665549387,-0.09590874959046256,1.3142835916725282,-0.12353949763451803,-0.01085765737098215,-0.036261912490189965,0.1331156541000276,0.13127990342596063,-0.38725153009936686,1.3162850809565623,0.0
7.847847847847848,-0.38901316288496196,-0.09792431147340422,1.3118095718744436,-0.12370098990422919,-0.011471059283162274,-0.030670095609006198,0.13234655293009764,0.130776024210683,-0.38923115078351167,1.3138456806453502,0.0
7.867867867867868,-0.39101452777316925,-0.1000682444103632,1.3093134345608148,-0.12480686568144078,-0.011936467802589779,-0.023270425971375252,0.1319211778396078,0.13060907833874838,-0.39119540528829405,1.3113938902440563,0.0
7.887887887887888,-0.3930609940631381,-0.10232331449844193,1.3067863784889562,-0.1263528035929355,-0.012220407225537584,-0.014196971147390226,0.1316314356353908,0.13053385348114085,-0.39314421606830946,1.308929806545167,0.0
7.907907907907908,-0.39515425310716384,-0.10466295220128839,1.3042229759397583,-0.1281701274598875,-0.012290025674864166,-0.0034809224663290353,0.1316926061676385,0.13080098122519646,-0.3950775061878452,1.306453526826488,0.0
7.927927927927928,-0.3972954135620047,-0.10705802274204408,1.3016280769084387,-0.1297449515659765,-0.012117263954494696,0.008638086018473587,0.13182267093840364,0.1311059393825671,-0.3969951993239176,1.3039651488473027,0.0
7.947947947947948,-0.3994847982571536,-0.10946923475744633,1.299008122374605,-0.13099772669168774,-0.01163210366822988,0.02425801431324067,0.1315359749604085,0.13093388620431512,-0.39889721976928555,1.3014647708445124,0.0
7.967967967967968,-0.4017215473834821,-0.11183745631642339,1.2963563247656136,-0.13258988044957568,-0.011006562196664656,0.03127707357826124,0.13085812663748667,0.13046886851480635,-0.4007834924354382,1.2989524915287596,0.0
7.987987987987988,-0.40400350472877555,-0.11409786726467186,1.2936557762798502,-0.13502742428817116,-0.010253864972622997,0.037634861202083106,0.13116824607532035,0.13097164051408525,-0.40265394285556094,1.2964284100805297,0.0
8.008008008008009,-0.40632831764911015,-0.11624064601673115,1.2909185464364359,-0.13686149217071053,-0.009379369779686876,0.043724759646806034,0.13141519383454583,0.13139899422188125,-0.40450849718747367,1.2938926261462367,0.0
8.028028028028029,-0.40869303946043156,-0.11823609056607103,1.288154655434593,-0.13819455009214393,-0.008553383665196443,0.041299305724521694,0.1342469419896402,0.13702794543293173,-0.406347082216547,1.2913452398342882,0.0
8.048048048048049,-0.41109536764164045,-0.12011640906044453,1.2854894748791876,-0.13325902777027393,-0.005720485361278503,0.14164491519589686,0.13063541971809262,0.13226019818236157,-0.40816962535859197,1.2887863517111338,0.0
8.068068068068069,-0.41353083958543796,-0.12177359718987436,1.2827989017487964,-0.13452865651955773,-0.002007048073769602,0.18567186437544508,0.13195795588490358,0.1330801514533508,-0.4099760546627262,1.2862160627972954,0.0
8.088088088088089,-0.41598854609152264,-0.12288532530423363,1.2801147548525211,-0.13420734481376,0.0020431755583982052,0.20251118160839038,0.1325944533603413,0.13350035166432914,-0.4117662988142137,1.283634474563378,0.0
8.108108108108109,-0.4184538514008732,-0.12326526546752861,1.277452745275916,-0.13310047883026407,0.006044721897298491,0.20007731694501435,0.1330144367359014,0.13390534698161213,-0.41354028713728086,1.2810416889260654,0.0
8.128128128128129,-0.4209106963723088,-0.12284224857178162,1.2748250946116149,-0.1313825332150552,0.009820639252120905,0.1887958677411206,0.13310042546912218,0.13407756910499813,-0.4152979495979064,1.278437808244094,0.0
8.148148148148149,-0.42334317731740356,-0.12162404725473788,1.2722355641462124,-0.12947652327012552,0.013301405202744079,0.17403829753115876,0.13300151185633932,0.13409649919799724,-0.4170392168065857,1.275822935314215,0.0
8.168168168168169,-0.4257362885781087,-0.11965556303525728,1.2696828504368096,-0.12763568547013762,0.016406906653240218,0.1552750725248069,0.13282015639729217,0.134064595690946,-0.4187640200210708,1.2731971733671346,0.0
8.188188188188189,-0.42807621681700336,-0.11699641194473265,1.2671636351396485,-0.1259607648580551,0.01905629290067214,0.13246931237159595,0.13259115192520454,0.13404348839324376,-0.4204722911490845,1.270560626063438,0.0
8.208208208208209,-0.43035066956341106,-0.11372263732038447,1.2646740310112163,-0.12448020642160147,0.02123318004265322,0.10884435709905396,0.13217725992811988,0.13386470065677908,-0.4221639627510074,1.2679133974894985,0.0
8.228228228228229,-0.4325493215906033,-0.1099326013596115,1.2622050736457782,-0.12344786827191062,0.023058782184990544,0.09128010711686656,0.13313845255499174,0.13390741605160425,-0.4238389680425416,1.265255592153367,0.0
8.248248248248249,-0.43466319197332515,-0.10569351913609289,1.2597714595741043,-0.12168070358369432,0.023589871968168405,0.026554489158892858,0.13220581255852457,0.13380389665156728,-0.425497240897346,1.2625873149806477,0.0
8.268268268268269,-0.4366853553813652,-0.10110817040200355,1.2573576824309245,-0.12068885715898874,0.023351241921150758,-0.011931502350882084,0.1312684719823431,0.1334213014897081,-0.4271387158496475,1.2599086713103549,0.0
8.288288288288289,-0.43861416133400694,-0.09644029763208675,1.2549441442408136,-0.12067690950554331,0.02274372909737875,-0.030375641188600585,0.13068306711145847,0.13316780382506835,-0.42876332809682605,1.2572197668907532,0.0
8.308308308308309,-0.44045080330906666,-0.09183209875298617,1.2525184421668203,-0.12128510369966061,0.021958943811775457,-0.039239264280164866,0.13033192730558685,0.13303195471053184,-0.4303710135019719,1.2545207078751854,0.0
8.328328328328329,-0.44219773838088083,-0.08734675359070798,1.25007341815038,-0.12225120082201009,0.020977456344405537,-0.04907437336849557,0.13001950377273447,0.1329519628289037,-0.43196170859641764,1.2518116008178803,0.0
8.348348348348349,-0.4438581015384392,-0.08301815787791741,1.2476033284651702,-0.12350448426049265,0.019859909910620463,-0.055877321689253995,0.1297661309469858,0.1328925735442734,-0.433535350582245,1.2490925526697454,0.0
8.368368368368369,-0.4454358055833161,-0.07888520224384343,1.245103622700649,-0.12498528822606594,0.018748926021475668,-0.05554919445723967,0.12960084447108125,0.13282748478400444,-0.43509187733476273,1.2463636707741461,0.0
8.388388388388389,-0.44693522494485977,-0.07497096807718324,1.242570977350754,-0.12663226749474565,0.01763101162271702,-0.0558957199379322,0.12950810849017355,0.13283109842575974,-0.4366312274049601,1.2436250628626662,0.0
8.408408408408409,-0.44836065449780643,-0.0712714776473338,1.2400041556932369,-0.12834108287585944,0.01647255741516963,-0.05792271037736972,0.1294707049137679,0.1329035875756635,-0.4381533400219318,1.2408768370508576,0.0
8.428428428428429,-0.44971643079361373,-0.06778881479036576,1.2374037564606697,-0.1300199616283586,0.015371004421418342,-0.05507764968756403,0.12840785197421953,0.13214214009546374,-0.43965815509527806,1.2381191018339697,0.0
8.448448448448449,-0.4510074882466947,-0.06455287265404838,1.2347428334263388,-0.13304615171654463,0.014541971146645313,-0.04145166373865168,0.1289221582185751,0.13252607038797112,-0.4411456132174766,1.2353519660826664,0.0
8.468468468468469,-0.4522378161302937,-0.06151639417995112,1.2320347599226564,-0.13540367518411753,0.013749726523300794,-0.039612231167225884,0.1292994162271126,0.13289859028379158,-0.4426156556662277,1.232575539038729,0.0
8.488488488488489,-0.4534104690343352,-0.05863264520207495,1.229290690620962,-0.13720346508471865,0.013009488530789662,-0.03701189962555672,0.12957042710180008,0.13314192227865673,-0.44406822440677224,1.229789930310744,0.0
8.508508508508509,-0.45452840552508605,-0.055896824537542494,1.22651828822642,-0.13862011972709823,0.012272779061505156,-0.03683547346422525,0.1297556083847077,0.13331554439076557,-0.4455032620941839,1.2269952498697734,0.0
8.528528528528529,-0.4555944144145457,-0.05330044447298248,1.2237229064409911,-0.13976908927144147,0.011482829470582587,-0.0394974795461284,0.13029295995678375,0.1348107661063371,-0.4469207120756319,1.2241916080450161,0.0
8.548548548548549,-0.45661103920474777,-0.05083123951010509,1.2209346914882366,-0.13941074763772382,0.011511828794089726,0.0014499661753569967,0.13001402305689783,0.1339563575171842,-0.44832051839261794,1.2213791155194507,0.0
8.568568568568569,-0.45758155219353286,-0.048525649439255754,1.2181368910215393,-0.13989002333486877,0.011852138506178916,0.017015485604459712,0.13018420901584146,0.13381802946073196,-0.44970262578318554,1.2185578833254664,0.0
8.588588588588589,-0.45850583369057646,-0.04621407485217877,1.215329975674705,-0.14034576734172402,0.012261445666669006,0.02046535802450445,0.13026951283421176,0.1337155338029483,-0.4510669796841014,1.2157280228404794,0.0
8.608608608608609,-0.45938258158889506,-0.04383739491593007,1.2125136752233336,-0.14081502256855846,0.012656484072856324,0.01975192030936598,0.13030995858098124,0.13360444645750652,-0.4524135262330097,1.2128896457825364,0.0
8.62862862862863,-0.4602102609593195,-0.04138396852122174,1.2096869239043886,-0.14133756594725136,0.013046099174617496,0.019480755088058573,0.1309591987337038,0.13281703852115842,-0.4537422122705585,1.2100428642059031,0.0
8.64864864864865,-0.46098738173821896,-0.03885603894497409,1.2068476557088363,-0.14196340977761085,0.012353498823670043,-0.03463001754737294,0.12960154904174329,0.13204133399550078,-0.4550529853424979,1.207187790496642,0.0
8.66866866866867,-0.4617128563133987,-0.03627372875898635,1.2039642485125677,-0.1441703598134285,0.011102600854724368,-0.06254489844728373,0.12992983618225903,0.13267061989286474,-0.4563457937017514,1.2043245373681746,0.0
8.68868868868869,-0.4623892397886254,-0.03381917376133563,1.2010509215939615,-0.14566634593030206,0.0096468110974262,-0.07278948786490833,0.1301287415017775,0.1329675057806065,-0.45762058631045877,1.2014532178568313,0.0
8.70870870870871,-0.46302130132909586,-0.03160307702352193,1.198115076628071,-0.1467922482945259,0.008034603920549832,-0.08061035884381844,0.13039704658303683,0.1333188956177854,-0.4588773128419907,1.19857394531739,0.0
8.72872872872873,-0.46361468525195587,-0.029669196142999982,1.1951659527209366,-0.14745619535672194,0.006474527685277371,-0.078003811763623,0.13072847257533582,0.1335959525908416,-0.4601159236829352,1.1956868334186013,0.0
8.74874874874875,-0.464175668499215,-0.028049162362956962,1.192212619828601,-0.1476666446167794,0.005045988524871388,-0.07142695802029912,0.13092577179765189,0.1336832682727673,-0.46133636993505744,1.1927919961386984,0.0
8.76876876876877,-0.4647103609179841,-0.026734620938456386,1.1892593386984773,-0.1476640565061805,0.0037311337336125142,-0.06574273956294371,0.1309944218234807,0.1336336527801706,-0.46253860341722897,1.1898895477609006,0.0
8.78878878878879,-0.4652244544212166,-0.02570467516162616,1.1863064235776983,-0.14764575603895358,0.0026546722901159073,-0.053823072174830386,0.1312073434710877,0.13362650090125416,-0.46372257666733063,1.1869796028689004,0.0
8.80880880880881,-0.4657231264884056,-0.024933603359448026,1.1833569455080448,-0.14747390348267422,0.0017232726775353248,-0.04656998062902909,0.1313016715353125,0.13354563133857203,-0.46488824294412573,1.184062276342339,0.0
8.82882882882883,-0.4662106645107688,-0.024376901118161577,1.180411117359091,-0.14729140744769317,0.0009483931750562921,-0.03874397512395164,0.1314928694366049,0.13355632352075794,-0.4660355562291055,1.1811376833522729,0.0
8.84884884884885,-0.4666908024954242,-0.024006899232769344,1.1774719380901861,-0.14695896344524043,0.0003824636586847257,-0.028296475818578318,0.13161471324567825,0.13343329919876246,-0.467164471228306,1.1782059393566253,0.0
8.86886886886887,-0.467166653204721,-0.023792535464838015,1.1745393942767743,-0.14662719067058616,-7.715316051121677e-06,-0.01950894873679237,0.1316310487864782,0.13321628820396156,-0.4682749433740961,1.1752671600956297,0.0
8.88888888888889,-0.46764049588928835,-0.023692134228366787,1.171610514428099,-0.14644399243376321,-0.0002789792545319996,-0.013563196924043897,0.1317142049203548,0.13310490453951568,-0.46936692882693704,1.1723214615872586,0.0
8.90890890890891,-0.4681139196786122,-0.023671189466192823,1.1686848806453791,-0.14628168913599388,-0.0004525858597878793,-0.008680330262793988,0.13179841352511623,0.13300284720923766,-0.4704403844771127,1.1693689601226456,0.0
8.92892892892893,-0.4685880555943583,-0.023706795787303295,1.1657622283505065,-0.1461326147436316,-0.0005243176915228323,-0.003586591586747653,0.1318492336294214,0.13285499163886078,-0.4714952679464322,1.1664097722614934,0.0
8.94894894894895,-0.4690637074010521,-0.023782590334690067,1.1628411197320498,-0.14605543092283518,-0.00037361632518617964,0.007535068316832635,0.1319697164989354,0.13267796643502922,-0.47253153758990235,1.1634440148274714,0.0
8.96896896896897,-0.46954119149394163,-0.02387420464447652,1.1599207169885108,-0.14602013717694995,-0.00015733799092456697,0.010813916713080641,0.13196138534689086,0.13246311410638936,-0.47354915249737217,1.1604718049036047,0.0
8.98898898898899,-0.4700199649743616,-0.023938674020998182,1.156997713963459,-0.14615015125259162,7.060160727851954e-05,0.011396979910154327,0.13202552951858165,0.1323514142888573,-0.47454807249514724,1.1574932598276524,0.0
9.00900900900901,-0.47049926384141877,-0.023964943352858196,1.1540714063537418,-0.14631538048586487,0.00035651197475467374,0.014295518373807704,0.13199227562726135,0.13210414678612156,-0.47552825814757677,1.1545084971874737,0.0
9.02902902902903,-0.47097827563570444,-0.02395058971428251,1.1511376383255827,-0.14668840140795594,0.0007077899343076122,0.017563897977646924,0.13207780065931637,0.13117675578718532,-0.4764896707586094,1.1515176348163871,0.0
9.04904904904905,-0.4714559738522133,-0.02388491082544092,1.1481839375524838,-0.14768503865494037,0.0005088273449824017,-0.009948129466260523,0.13185189826974789,0.13116288207243762,-0.4774322723733215,1.1485207907885175,0.0
9.06906906906907,-0.4719310658175162,-0.023754598265147808,1.1452067510677018,-0.14885932423910386,9.448715199125963e-05,-0.020717009649557097,0.13210590443272086,0.1314529033838123,-0.4783560257794153,1.1455180834141359,0.0
9.08908908908909,-0.47240438463590223,-0.023665940919302613,1.1422141390080776,-0.14963060298121336,-0.00037047754598578916,-0.02324823489885244,0.132352874397719,0.1316406226703703,-0.479260894508688,1.142509631234988,0.0
9.10910910910911,-0.4728776409332077,-0.023662814865275394,1.139212541702374,-0.1500798652851794,-0.000728928106325436,-0.017922528016982343,0.13255794921381003,0.13168781939219049,-0.4801468428384715,1.1394955530196147,0.0
9.12912912912913,-0.4733527118931619,-0.023753547997710497,1.1362056962555098,-0.15034227234321088,-0.000983019436865355,-0.012704566526995937,0.13270063753709055,0.13167340933443722,-0.48101383579304297,1.1364759677586624,0.0
9.14914914914915,-0.4738310653351372,-0.0239176720987635,1.133195502314361,-0.15050969705744627,-0.0011220793659610635,-0.006952996454785435,0.13274982710812194,0.13156323129408157,-0.4818618391450049,1.1334509946601876,0.0
9.16916916916917,-0.4743137648788295,-0.024134977184613327,1.1301810554946308,-0.15072234098651058,-0.0011245869086766293,-0.00012537713577828562,0.13285211368923994,0.13148155266275352,-0.48269081941663694,1.1304207531449486,0.0
9.18918918918919,-0.47480144345794484,-0.024383928955768727,1.1271626605259488,-0.15091974843409586,-0.0009486473585510577,0.008796977506278565,0.13293762237968887,0.1313538680029723,-0.4835007438812175,1.1273853628416912,0.0
9.20920920920921,-0.4752941744934608,-0.02463655177579808,1.1241396925685043,-0.15114839787222842,-0.0006284353805199299,0.016010598901556393,0.1329024422906386,0.13112062740491562,-0.4842915805643156,1.124344943582427,0.0
9.22922922922923,-0.47579134023168934,-0.024858286911427066,1.121108175735418,-0.1515758416543147,-0.00016380827958177704,0.023231355046907643,0.13304586564470947,0.13093611019375262,-0.4850632982450529,1.1212996153977037,0.0
9.24924924924925,-0.47629176762925834,-0.02502136987845139,1.1180675022165707,-0.1520336759423686,0.00035125772942451916,0.0257533004503148,0.13306114082028758,0.13080917789240037,-0.485815866457337,1.1182494985118623,0.0
9.26926926926927,-0.4767936491776649,-0.025094077420328972,1.11501601855213,-0.15257418322203406,0.0008195139016863942,0.023412808613093757,0.1331469689414899,0.1308056847772283,-0.48654925549106326,1.1151947133382953,0.0
9.28928928928929,-0.4772950421544778,-0.02506964884064534,1.111954944331174,-0.15305371104779986,0.0013178148665411202,0.024915048242736288,0.13323926892028393,0.13077571682170935,-0.48726343639328856,1.1121353804746907,0.0
9.30930930930931,-0.47779412445210784,-0.024954114881500646,1.1088852019188902,-0.15348712061419584,0.0017639711440544904,0.022307813875668478,0.1333174190303036,0.1307803228272027,-0.4879583809693737,1.1090716206982711,0.0
9.32932932932933,-0.4782889902512886,-0.02474328995903957,1.1058080152478909,-0.15385933354996362,0.00218969312381286,0.021286098987918493,0.13325618597749417,0.13063529473828747,-0.48863406178409674,1.1060035549610274,0.0
9.34934934934935,-0.47877797621116447,-0.02444929799379232,1.1027203259125107,-0.15438446676900963,0.002686324950491783,0.024831591333946166,0.1335946531482337,0.1308419137563646,-0.48929045216273603,1.1029313043849407,0.0
9.36936936936937,-0.4792594388552417,-0.02407313220386235,1.099630205954174,-0.15450599791682687,0.00322434938108761,0.026901221529791332,0.13363586970770774,0.13075905857812553,-0.4899275261921234,1.0998549902572037,0.0
9.38938938938939,-0.47973147366871943,-0.023601740673887487,1.0965370337633091,-0.1546586095432502,0.003781813328931026,0.027873197392170798,0.1338948894627798,0.13091951846515945,-0.49054525872166704,1.0967747340254301,0.0
9.40940940940941,-0.4801919723616084,-0.02302493464444626,1.0934470175926967,-0.15450080853062365,0.004313858449993354,0.026602256053116394,0.13359315267078858,0.13055854542017903,-0.49114362536434436,1.0936906572928622,0.0
9.42942942942943,-0.48063880354615157,-0.0223415592271601,1.0903503319277084,-0.15483428324941917,0.004805469698988757,0.024580562449770204,0.13388173292976488,0.1305981566997179,-0.4917226024976648,1.090602881813569,0.0
9.44944944944945,-0.48106989505658143,-0.021554575521493893,1.0872518303920624,-0.15492507678229903,0.00511563512165974,0.015508271133549084,0.1337723321131326,0.13054500028895932,-0.49228216726460267,1.087511529487638,0.0
9.46946946946947,-0.4814833653886484,-0.02067351660334855,1.0841490959753617,-0.15513672083503408,0.005351899121730339,0.011813200003529874,0.13384585960545742,0.13062822083316533,-0.492822297574499,1.0844167223563668,0.0
9.48948948948949,-0.4818779967273184,-0.019731566933501282,1.0810444448155425,-0.15523255799096244,0.0055328384026511615,0.009046964046041241,0.13381487167937622,0.13061034686804734,-0.493342972103934,1.0813185825974418,0.0
9.50950950950951,-0.4822528672247641,-0.01874352487228648,1.077937148198152,-0.1553648308695276,0.005661688406225805,0.006442500178732169,0.13375599651436168,0.13056768631491208,-0.49384417029756883,1.0782172325201156,0.0
9.52952952952953,-0.48260725915716773,-0.01771959662018081,1.0748256980557473,-0.15557250712022963,0.005708354674778669,0.002333313427643152,0.13391388171263593,0.12951961741574594,-0.494325872368957,1.0751127945603787,0.0
9.54954954954955,-0.4829407474633274,-0.016674415307983068,1.0716969038688495,-0.15643970934488746,0.004710960788916587,-0.04986969429310411,0.13338244279428296,0.12970122037164933,-0.49478805930132547,1.072005391276126,0.0
9.56956956956957,-0.4832531669641496,-0.015620975041111543,1.0685455819315193,-0.1575660968665137,0.00320661950632636,-0.07521706412951129,0.13350330858606346,0.13025693880891037,-0.4952307128483256,1.068895145342319,0.0
9.58958958958959,-0.48354837602313333,-0.014760452949185564,1.0653817758544084,-0.15819030385554,0.0015736710483815273,-0.0816474228972417,0.13364919787375273,0.13064626695039835,-0.4956538155347533,1.0657821795461413,0.0
9.60960960960961,-0.48383220220710765,-0.01419130919871523,1.0622134380147543,-0.15841689198270492,-5.235006487587505e-05,-0.0813010556628701,0.13392558243638766,0.13109870668913456,-0.4960573506572389,1.0626666167821524,0.0
9.62962962962963,-0.4841110003355646,-0.013939906422846685,1.059051381078317,-0.15810284682186096,-0.0015827524829609388,-0.07652012090425318,0.133885568066002,0.1314744907505746,-0.49644130228490685,1.0595485800474347,0.0
9.64964964964965,-0.48439108304119005,-0.014004135281272057,1.055900584267109,-0.15753984056040685,-0.002838662859357258,-0.06279551881981595,0.13393018278287835,0.131528608732549,-0.4968056552600042,1.0564281924367407,0.0
9.66966966966967,-0.4846785097391118,-0.014371334896087848,1.0527625053672247,-0.1569039449942085,-0.003736168931245792,-0.04487530359442671,0.13380783910275074,0.1313462151145005,-0.49715039519849946,1.05330557713763,0.0
9.68968968968969,-0.48497815277550776,-0.01498215181979673,1.0496326188512128,-0.15649432580059458,-0.004439670011895921,-0.0351750540325064,0.13376793542652962,0.13135466188177497,-0.4974755084906501,1.0501808574256075,0.0
9.70970970970971,-0.4852934790274263,-0.015766312595926358,1.0465104471039834,-0.1561085873614692,-0.005032207786220614,-0.029626888716234628,0.13368449771483193,0.13137864002020477,-0.49778098230154005,1.047054156659257,0.0
9.72972972972973,-0.48562723479770714,-0.016687788514042644,1.0433950979560627,-0.15576745739603695,-0.005460026937443601,-0.021390957561149386,0.1336209147112488,0.1313882559862696,-0.49806680457158625,1.0439255982753717,0.0
9.74974974974975,-0.4859816565937815,-0.01772108980371919,1.0402857608863008,-0.1554668534880967,-0.005844121516929055,-0.01920472897427265,0.1334910258084845,0.13141673836735956,-0.49833296401701493,1.0407953057840786,0.0
9.76976976976977,-0.4863584189662887,-0.018838118625357978,1.0371809247866801,-0.1552418049810298,-0.00605696389881745,-0.010642119094419776,0.13344566584942935,0.13143665678299946,-0.49857945013030697,1.0376634027639666,0.0
9.78978978978979,-0.48675893248204,-0.020025675787567147,1.0340802042319803,-0.1550360277349893,-0.006241038405510063,-0.00920372533463062,0.1332905474030841,0.13144258044226065,-0.4988062531806126,1.034530012857203,0.0
9.80980980980981,-0.48718397227274973,-0.021251989535487046,1.030981383999547,-0.1549410116216644,-0.0063655324747530235,-0.006224703462148072,0.13298607168602802,0.13129318312039331,-0.4990133642141358,1.0313952597646565,0.0
9.82982982982983,-0.4876341351592256,-0.022508144323793042,1.0278777357361595,-0.1551824131693741,-0.006476293059823227,-0.005538029253510193,0.13309986832300436,0.13162086138206885,-0.4992007750544875,1.0282592672410122,0.0
9.84984984984985,-0.4881098709916342,-0.023786791620431527,1.0247757966058195,-0.1550969565169954,-0.006563330183056954,-0.0043518561616864,0.13275135507632033,0.1314769646922141,-0.49936847830300873,1.025122159089885,0.0
9.86986986986987,-0.48861155536222933,-0.025084218529755696,1.0216682690103935,-0.15537637977130025,-0.0064893889510006676,0.0036970616028143624,0.13267257365438503,0.13152255897430137,-0.49951646733906235,1.0219840591589326,0.0
9.88988988988989,-0.48913943173221364,-0.026393818499215727,1.0185546590778152,-0.15568049662892117,-0.006343783872345867,0.007280253932739993,0.13250751388866597,0.1315336302991809,-0.4996447363202946,1.0188450913349674,0.0
9.90990990990991,-0.4896931149472185,-0.027684160750242583,1.01543268743464,-0.15609858215875835,-0.006147647235586942,0.009806831837946227,0.132348312302663,0.13156314982252698,-0.4997532801828658,1.015705379539064,0.0
9.92992992992993,-0.49027192531190367,-0.02894051823425689,1.01230043655843,-0.15661254381049464,-0.005944369764485998,0.010163873555047229,0.13218671820019734,0.13161180509821335,-0.49984209464164997,1.012565047721669,0.0
9.94994994994995,-0.4908750625135933,-0.030156860084483227,1.0091562381025252,-0.157209922795243,-0.005612978873450458,0.01656954455177695,0.13197904568667174,0.1315426379571829,-0.4999111761904045,1.0094242198577041,0.0
9.96996996996997,-0.49150162429068606,-0.03132808885463735,1.0059959956142963,-0.158012124411439,-0.005206933790508699,0.020302254147087997,0.13190241476566084,0.13163204148630323,-0.49996052210190806,1.0062830199416761,0.0
9.98998998998999,-0.4921502317943299,-0.032430375182190524,1.002819905790753,-0.1588044911771701,-0.004761923760899975,0.022250501480436124,0.13182239766299947,0.1317432104505808,-0.49999013042806856,1.0031415719827796,0.0
10.01001001001001,-0.4928192815643383,-0.033452488500419944,0.999628438710991,-0.15957335398809616,-0.004165645422257877,0.0298139169321049,0.13188887733069798,0.1319170665500504,-0.5,1.0,0.0
10.03003003003003,-0.49350694056756983,-0.034382950161576165,0.9964251635255319,-0.16016375927295742,-0.0035495519009774864,0.03080467606401954,0.131017022609058,0.13237390228075485,-0.49999013042806856,0.9968584280172206,0.0
10.05005005005005,-0.4942107898163795,-0.035192462440484816,0.9932039422605794,-0.16106106324762348,-0.0019717521573305303,0.07888998718234785,0.13079679062718874,0.13170981768964374,-0.49996052210190806,0.9937169800583237,0.0
10.07007007007007,-0.4949283150815399,-0.0358762632580186,0.9899516832862396,-0.16261294871698673,9.10683407972685e-05,0.10314102490638993,0.13147301932516126,0.13218468169400163,-0.4999111761904045,0.9905757801422959,0.0
10.09009009009009,-0.49565330121371626,-0.03624930660881837,0.9866854567340371,-0.1633113276101291,0.002263348752113147,0.10861402056579392,0.13195005575203733,0.13265266489422203,-0.49984209464164997,0.9874349522783312,0.0
10.11011011011011,-0.4963776092279439,-0.03621540071138064,0.9834192704714497,-0.16330931312936944,0.004386645882868724,0.10616485653777875,0.13260549251195541,0.13337691924205744,-0.4997532801828658,0.984294620460936,0.0
10.13013013013013,-0.4970926359986152,-0.035751338533565734,0.9801735542899576,-0.16228580907460916,0.006439434265853428,0.10263941914923527,0.13265715551162868,0.13349981936720157,-0.4996447363202946,0.9811549086650326,0.0
10.15015015015015,-0.49778988225554127,-0.034862312846305164,0.9769508664654812,-0.1611343912238167,0.008251933724844385,0.09062497294954772,0.13252380477299394,0.13353627541354926,-0.49951646733906235,0.9780159408410675,0.0
10.17017017017017,-0.49846123881887333,-0.0335678281666024,0.9737497277364158,-0.16005693645327185,0.009917282317027942,0.08326742960917788,0.13272290818000643,0.13386064885898288,-0.49936847830300873,0.9748778409101153,0.0
10.19019019019019,-0.4990994371282984,-0.03190991547125338,0.9705778405727644,-0.15859435818256742,0.01142511229546332,0.07539149892176891,0.13255429299925847,0.13383365558588622,-0.4992007750544875,0.9717407327589878,0.0
10.21021021021021,-0.4996978841094512,-0.029922349057639873,0.9674322474644268,-0.15727965541687866,0.012808002672267392,0.06914451884020373,0.1324581888367936,0.1338506192740479,-0.4990133642141358,0.9686047402353432,0.0
10.23023023023023,-0.5002505767040015,-0.027634629727513692,0.9643117125372841,-0.1560267463571338,0.01403669156891385,0.06143444483232293,0.13272531751595001,0.13438049045351502,-0.4988062531806126,0.9654699871427971,0.0
10.25025025025025,-0.5007518233710083,-0.025062333350338875,0.9612279761226132,-0.15418682073354054,0.015167798849136742,0.05655536401114451,0.13241845263528002,0.1341694384569743,-0.49857945013030697,0.9623365972360336,0.0
10.27027027027027,-0.501196873675149,-0.02225251520703394,0.9581733008751911,-0.15273376237110176,0.016289013025546334,0.056060708820479394,0.1322535462446573,0.13402768251626954,-0.49833296401701493,0.9592046942159214,0.0
10.29029029029029,-0.5015811833764359,-0.019215485064346657,0.9551430789423752,-0.15151109664079912,0.017152856831544536,0.0431921902999102,0.13200355896522215,0.1339515699645489,-0.49806680457158625,0.9560744017246285,0.0
10.31031031031031,-0.5019003564161519,-0.015958651985803044,0.9521324102912487,-0.15053343255632218,0.017807557361170342,0.03273502648129058,0.13180666861905727,0.13389521444417918,-0.49778098230154,0.9529458433407427,0.0
10.33033033033033,-0.5021510317265605,-0.012533765520430827,0.9491374867742183,-0.14974617585152242,0.018330194689810935,0.02613186643202948,0.13163497446534297,0.13381521967908763,-0.4974755084906501,0.9498191425743926,0.0
10.35035035035035,-0.5023307055992291,-0.008983693633431728,0.946154535211568,-0.14914757813251134,0.018811908745360376,0.02408570277747228,0.13150560333131645,0.13370485346914193,-0.49715039519849946,0.9466944228623702,0.0
10.37037037037037,-0.5024372812681528,-0.005328783446183754,0.9431799674002761,-0.148728390564594,0.019078488098471267,0.013328967655544137,0.13132285176780364,0.1336446857352483,-0.49680565526000425,0.9435718075632594,0.0
10.39039039039039,-0.5024689232973423,-0.0015821014594715938,0.9402101500257483,-0.14849086872639405,0.019214593174462714,0.006805253799572437,0.1312148167698192,0.13360063498427338,-0.49644130228490685,0.9404514199525651,0.0
10.41041041041041,-0.5024245812680033,0.0022171014669510707,0.9372428105519441,-0.14836697369020554,0.019192180015621858,-0.001120657942042639,0.1310434980975136,0.13351009770804953,-0.49605735065723894,0.9373333832178479,0.0
10.43043043043043,-0.5023038069909066,0.00603871385483493,0.9342740601246015,-0.14843752136713456,0.019102540573732885,-0.004481972094448639,0.1300410439894233,0.13284038704346918,-0.4956538155347533,0.9342178204538589,0.0
10.45045045045045,-0.5021071062710208,0.009835035994288943,0.9312791321813411,-0.1497463971630222,0.019114840221924494,0.0006149824095804442,0.1303180735019605,0.1329984314261209,-0.49523071284832565,0.9311048546576811,0.0
10.47047047047047,-0.5018347231859006,0.013619154256011113,0.9282644777693939,-0.15073272059735815,0.01917335162359146,0.002925570083348263,0.13057318846419608,0.13315703820808578,-0.49478805930132547,0.9279946087238738,0.0
10.49049049049049,-0.5014864913263727,0.017411592976396256,0.9252362240632892,-0.15141268530523758,0.019205358721653697,0.001600354903112097,0.13085239476908686,0.13336410520567663,-0.49432587236895703,0.9248872054396216,0.0
10.51051051051051,-0.5010620312963033,0.02122300150346993,0.9222015694115475,-0.151732732587086,0.019137300431378686,-0.0034029145137509913,0.13104467766191108,0.13352549932385868,-0.4938441702975689,0.9217827674798846,0.0
10.53053053053053,-0.5005610597504149,0.02504857729442104,0.919165750103298,-0.15179096541247136,0.01884919172523761,-0.014405435307053852,0.1310945079659626,0.133236535205157,-0.493342972103934,0.9186814174025583,0.0
10.55055055055055,-0.4999839279360052,0.02885659072048233,0.9161252291778784,-0.15202604627098004,0.018106936204517612,-0.037112776035999565,0.13105287264358845,0.13340008371358159,-0.492822297574499,0.9155832776436331,0.0
10.57057057057057,-0.49933177959534564,0.03260741703297819,0.913081833863339,-0.15216976572697014,0.017169749402585425,-0.04685934009660975,0.13102161021303607,0.13342423198535944,-0.49228216726460267,0.9124884705123619,0.0
10.59059059059059,-0.49860755099566173,0.03621142998419409,0.9100355125136192,-0.15231606748598808,0.016136092587517227,-0.05168284075340977,0.13102307689509235,0.13342868710960773,-0.4917226024976648,0.9093971181864313,0.0
10.61061061061061,-0.4978148940957915,0.03963284499351188,0.9069864176043935,-0.1524547454612883,0.014984209470710738,-0.057594155840324665,0.13102772754725214,0.1334534497004276,-0.49114362536434436,0.9063093427071378,0.0
10.63063063063063,-0.49695787732589725,0.04285083849471182,0.9039350522663082,-0.15256826690426234,0.013783138896125514,-0.060053528729261015,0.1309291373497515,0.13343515502085485,-0.49054525872166704,0.9032252659745698,0.0
10.65065065065065,-0.4960410784059931,0.045839945995208256,0.9008797552915835,-0.15276484873623822,0.012671741546475662,-0.05556986748249279,0.13102478998612327,0.13341145878423055,-0.48992752619212343,0.9001450097427963,0.0
10.67067067067067,-0.4950692037967826,0.04859373046052432,0.8978216602582022,-0.15290475166906284,0.01159165564263199,-0.0540042951921834,0.13107583771503586,0.1333803842184916,-0.4892904521627361,0.8970686956150594,0.0
10.69069069069069,-0.49404667657378193,0.051126361150033765,0.8947611206314684,-0.15302698133669068,0.010610347989644976,-0.04906538264935072,0.1311634208112237,0.1333392986535825,-0.48863406178409674,0.8939964450389727,0.0
10.71071071071071,-0.4929776943635558,0.053449110511306894,0.8916988765530905,-0.15311220391889227,0.009586460911781985,-0.051194353893149636,0.13123261894619762,0.13336642722902145,-0.48795838096937366,0.8909283793017285,0.0
10.73073073073073,-0.4918661494318296,0.05557724658630992,0.8886363976910512,-0.15312394310196878,0.008599635186028671,-0.049341286287665605,0.13128181480992313,0.13331499388162765,-0.48726343639328856,0.8878646195253094,0.0
10.75075075075075,-0.4907161027652235,0.05750233333030621,0.8855736914294637,-0.1531353130793743,0.007656081357482172,-0.04717769142732497,0.1313903900468374,0.13331824636010248,-0.48654925549106326,0.8848052866617047,0.0
10.77077077077077,-0.48953145038691437,0.05923261891545443,0.8825124495882076,-0.15306209206280627,0.006748934461592227,-0.045357344794497274,0.13156019104536795,0.1333819098825484,-0.485815866457337,0.8817505014881378,0.0
10.79079079079079,-0.48831588657507485,0.06077819059197562,0.8794561608743316,-0.15281443569380143,0.005833603876605831,-0.045766529249319794,0.1316024865147548,0.13334686818784316,-0.48506329824505295,0.8787003846022964,0.0
10.81081081081081,-0.4870730927056174,0.06213969347287381,0.8764049583938405,-0.1525601240245561,0.005059506891921748,-0.0387048492342041,0.13167191250597915,0.1332519660191518,-0.48429158056431554,0.8756550564175725,0.0
10.83083083083083,-0.48580667410047934,0.06332093025690194,0.8733584873316365,-0.15232355311020276,0.004317040187287676,-0.03712333523170363,0.13138977249646835,0.132902362682991,-0.48350074388121755,0.872614637158309,0.0
10.85085085085085,-0.4845198163946072,0.06434288529360972,0.8703074051943366,-0.1525541068649957,0.003725208424074078,-0.02959158816067993,0.1317473076701211,0.1330572067127269,-0.48269081941663694,0.8695792468550516,0.0
10.87087087087087,-0.4832154429854174,0.0652186704594894,0.8672593163433704,-0.152404442548307,0.003207998753265667,-0.025860483540420552,0.1319826061818551,0.13312071272341142,-0.4818618391450049,0.8665490053398125,0.0
10.89089089089089,-0.4818959613380744,0.06597408236715029,0.8642186568178035,-0.15203297627834603,0.002802324121337135,-0.02028373159642668,0.13223648346819694,0.133165382251615,-0.48101383579304297,0.8635240322413373,0.0
10.91091091091091,-0.48056343333740986,0.06662640003322633,0.8611898565524101,-0.15144001326967083,0.0024182334045487913,-0.019204535839417124,0.13226348383751657,0.13304576631051582,-0.48014684283847153,0.8605044469803853,0.0
10.93093093093093,-0.4792195389886663,0.06719471743717725,0.8581715482634497,-0.15091541444802153,0.0020756646599496345,-0.017128437229957823,0.13244767953073297,0.1330815967142044,-0.479260894508688,0.8574903687650122,0.0
10.95095095095095,-0.4778658317374807,0.0676853625592792,0.8551669955279301,-0.15022763677598075,0.0017434764195253685,-0.016609412021213278,0.13250392928173102,0.13300469281112715,-0.4783560257794153,0.8544819165858643,0.0
10.97097097097097,-0.4765036955853542,0.06810680760632508,0.8521758953870259,-0.1495550070452082,0.0013759019723103773,-0.01837872236074958,0.1324879720101753,0.13288045609616617,-0.4774322723733215,0.8514792092114825,0.0
10.99099099099099,-0.47513454730246807,0.06845741414430626,0.8491961733910833,-0.14898609979712826,0.0010628767902133302,-0.015651259104852346,0.13236957439242225,0.1325793588281767,-0.47648967075860943,0.8484823651836131,0.0
11.01101101101101,-0.4737599062770419,0.06873205127130964,0.8462216170608059,-0.14872781651386935,0.0007668503421772474,-0.014801322401804134,0.13257302188159653,0.1325971494185954,-0.4755282581475768,0.8454915028125264,0.0
11.03103103103103,-0.47238107425911924,0.06894160089613292,0.8432555054937566,-0.14830557835246402,0.0004647676579548146,-0.01510413421112165,0.13224086799833903,0.13178774177393374,-0.4745480724951473,0.8425067401723476,0.0
11.05105105105105,-0.47099928461847007,0.0690894820324589,0.8402809277361891,-0.1487288878783771,-0.00013161165616875522,-0.02981896570617848,0.13250355254938637,0.13211021976873277,-0.47354915249737217,0.8395281950963953,0.0
11.07107107107107,-0.46961579992240154,0.06917423480342623,0.8373065535895644,-0.14871870733123296,-0.0008369640985862773,-0.0352676221208761,0.1326104891786738,0.1321952565117839,-0.4725315375899024,0.8365559851725287,0.0
11.09109109109109,-0.468233038051957,0.06913809352222858,0.834335227493266,-0.14856630481491864,-0.0015410343249407492,-0.03520351131772359,0.1327698570561625,0.13227540969001608,-0.4714952679464322,0.8335902277385067,0.0
11.11111111111111,-0.4668538476553658,0.06895951982955806,0.8313704965660477,-0.14823654636091899,-0.002181989219060124,-0.0320477447059687,0.1329526326460118,0.1323489212762442,-0.4704403844771128,0.8306310398773544,0.0
11.13113113113113,-0.465481043445824,0.06864021047708925,0.8284161543633479,-0.14771711013498912,-0.0027778981490856635,-0.029795446501277027,0.13311895367947982,0.1324356326716678,-0.46936692882693704,0.8276785384127414,0.0
11.15115115115115,-0.46411727266115677,0.06818853923336289,0.8254759448152924,-0.14701047740277567,-0.003202833043886567,-0.021246744740045162,0.13316914236890906,0.13233011568056016,-0.46827494337409614,0.8247328399043704,0.0
11.17117117117117,-0.4627649118648304,0.0676180398163198,0.8225490424325503,-0.1463451191371021,-0.003529049795125046,-0.016310837561923915,0.13315158853095185,0.13220177229788868,-0.46716447122830607,0.8217940606433747,0.0
11.19119119119119,-0.46142570704845776,0.06696024081863107,0.8196332807877951,-0.14578808223776363,-0.003718597732189926,-0.009477396853244061,0.1331623699090759,0.13206719123107047,-0.4660355562291055,0.8188623166477272,0.0
11.21121121121121,-0.4601009978068327,0.0662354620812514,0.8167268215064748,-0.14532296406601497,-0.0037903097165313893,-0.003585599217073165,0.13327349105076833,0.13203729277604698,-0.4648882429441256,0.8159377236576608,0.0
11.23123123123123,-0.4587916108781434,0.06546934643446467,0.8138308651803289,-0.14479781630729685,-0.0037384976302187933,0.0025906043156299005,0.13299281732216486,0.13190185644701918,-0.46372257666733063,0.8130203971310997,0.0
11.25125125125125,-0.4574978440554546,0.06468834113443882,0.8109392462019417,-0.144580948919358,-0.003389242115714136,0.017462775725232842,0.1331995529828973,0.13184146597744895,-0.462538603417229,0.8101104522390994,0.0
11.27127127127127,-0.45621957583747813,0.06391341089882542,0.8080541333984813,-0.14425564017302095,-0.0028451048252503028,0.02720686452319162,0.13334345078634546,0.13177394160103906,-0.4613363699350575,0.8072080038613019,0.0
11.29129129129129,-0.45495547244389417,0.06320516967919872,0.8051766631089783,-0.143873514475154,-0.002227202480170581,0.030895117253986075,0.13344056312144625,0.13172355184903672,-0.46011592368293525,0.804313166581399,0.0
11.31131131131131,-0.45370346537533973,0.0626003534277226,0.8023075341790254,-0.14345644649764414,-0.0015546806756591548,0.03362609022557134,0.13352135374216575,0.1316607134754262,-0.4588773128419905,0.8014260546826096,0.0
11.33133133133133,-0.4524612175471673,0.062112391408621986,0.799447018723283,-0.14302577278712167,-0.0008088059198251755,0.037293737791698964,0.13361281347220874,0.13159173682597058,-0.4576205863104588,0.7985467821431688,0.0
11.35135135135135,-0.4512260938154817,0.06175618658428005,0.7965954548200488,-0.1425781951617134,-0.00011360018472417512,0.034760286755050024,0.1336668918054867,0.13156469660700074,-0.45634579370175143,0.7956754626318255,0.0
11.37137137137137,-0.44999519086573003,0.06154514748758252,0.793753246496957,-0.1421104161545921,0.0005017332732612311,0.030766672899270323,0.1337105876141628,0.13155742415583838,-0.45505298534249794,0.7928122095033582,0.0
11.391391391391391,-0.4487658093663996,0.061469074966522604,0.7909209346191742,-0.141615593889141,0.0010401774609903325,0.026922209386455086,0.13373573285889664,0.13153284344247515,-0.4537422122705585,0.7899571357940969,0.0
11.411411411411411,-0.4475355617854497,0.06151237904749593,0.788098527080836,-0.141120376916911,0.0015028601427678273,0.023134134088874745,0.13377550916413536,0.13153168183371847,-0.45241352623300973,0.7871103542174637,0.0
11.431431431431431,-0.4463023779782458,0.06165919036019496,0.7852865943198426,-0.14059663804967487,0.0019216639648459038,0.020940191103903848,0.1329032822642395,0.13104051318168064,-0.4510669796841015,0.7842719771595207,0.0
11.451451451451451,-0.44506445758440905,0.06189601969183829,0.7824649355940454,-0.14108293628985907,0.002576780685544708,0.032755836034940214,0.13320860852510666,0.1311050107319465,-0.4497026257831856,0.7814421166745337,0.0
11.471471471471471,-0.4438201970180587,0.062213028317516246,0.7796390269605378,-0.14129543167538353,0.0033366165746116,0.037991794453344635,0.13357682677777896,0.13131101871305703,-0.4483205183926179,0.7786208844805491,0.0
11.491491491491491,-0.44256702386831914,0.06265865748697763,0.7768173696765166,-0.1410828642010604,0.004087172861490305,0.0375278143439353,0.1337103319496948,0.13135486521463402,-0.44692071207563194,0.775808391954984,0.0
11.511511511511511,-0.44130194594061517,0.06325389638519746,0.7740025823432943,-0.14073936666111195,0.0047477328717311085,0.033028000512040134,0.13383781912244552,0.1314492922691529,-0.44550326209418395,0.7730047501302266,0.0
11.531531531531531,-0.44002201130058655,0.06399673200143116,0.7711979416113531,-0.14023203659705802,0.005298535609771164,0.027540136902002785,0.1333825747067332,0.1299621261489862,-0.4440682244067723,0.7702100696892561,0.0
11.551551551551551,-0.43872471136989943,0.06486499653435475,0.7683746598844362,-0.14116408634584823,0.004834480490691851,-0.023202755953965634,0.13341839795146784,0.1306113275723305,-0.4426156556662276,0.7674244609612708,0.0
11.571571571571571,-0.4374079127040652,0.06583993329171259,0.7655428747395029,-0.14158925724666557,0.003942518389022059,-0.04459810508348967,0.1336637414953133,0.1311608669870862,-0.44114561321747664,0.7646480339173337,0.0
11.591591591591591,-0.4360733356872889,0.06672885083881425,0.7627143712793304,-0.14142517300862403,0.0028034444723605847,-0.056953695833073636,0.1338081960018321,0.13153477640178743,-0.4396581550952781,0.7618808981660304,0.0
11.611611611611611,-0.43472443435853053,0.06744506643791903,0.7598968442670618,-0.14087635061342935,0.001572111496019043,-0.061566648817077047,0.13387256982516238,0.1317570930426147,-0.43815334002193185,0.7591231629491425,0.0
11.631631631631631,-0.43336565236361535,0.06793909974575933,0.7570945560553375,-0.14011441058621812,0.000336065632588421,-0.06180229317153111,0.1332765990258771,0.13210691103621042,-0.43663122740496,0.7563749371373337,0.0
11.651651651651651,-0.43200181921820796,0.06819165727036972,0.7543038705415376,-0.13953427568999802,-0.00018613687993658849,-0.02611012562625046,0.13311398829405452,0.13156140439877845,-0.4350918773347628,0.7536363292258541,0.0
11.671671671671671,-0.43063773789287235,0.06820406626677997,0.7515143017350946,-0.13947844032214676,-0.000394468046564402,-0.010416558331390657,0.13354172582025434,0.1318399542720923,-0.43353535058224507,0.7509074473302546,0.0
11.691691691691691,-0.4292754364548424,0.06811507190149693,0.7487363133063556,-0.1388994214369502,-0.00044518967903388443,-0.00253608162347411,0.13378476095610806,0.13202151617014962,-0.4319617085964177,0.7481883991821197,0.0
11.711711711711711,-0.42791572635260483,0.06798550511187945,0.7459761953434811,-0.13800589814372072,-0.00040768495099880364,0.0018752364017540525,0.13371039863278475,0.13193016201451288,-0.4303710135019717,0.7454792921248141,0.0
11.731731731731731,-0.4265587372706109,0.06784945409969835,0.7432314927039124,-0.13723513197843532,-0.00040027994370885945,0.00037025036449723396,0.13379668491325852,0.13207745438437488,-0.4287633280968261,0.7427802331092468,0.0
11.751751751751751,-0.42520428313974656,0.06772270654321733,0.740505665874752,-0.13629134145802088,-0.00043646669551507765,-0.0018093375903109016,0.13368143594438503,0.13202352953372248,-0.4271387158496476,0.7400913286896452,0.0
11.771771771771771,-0.42385226853599284,0.06760073018768686,0.7377962085891759,-0.13547286427880081,-0.000565259868174523,-0.00643965863297224,0.13367351458097423,0.13211724730282484,-0.42549724089734603,0.7374126850193523,0.0
11.791791791791791,-0.4225027976016697,0.0674735467161562,0.7351043918453304,-0.13459083719227694,-0.0007651514066554079,-0.009994576924044249,0.1336720976195923,0.13221194523766755,-0.4238389680425417,0.7347444078466331,0.0
11.811811811811811,-0.4211562945750738,0.0673251513297954,0.7324315973293337,-0.133639725799835,-0.0010821713641432566,-0.01585099787439238,0.13371738845318754,0.1323994766292305,-0.4221639627510075,0.7320866025105016,0.0
11.831831831831831,-0.41981353612860484,0.06713792232344969,0.7297812737345588,-0.13251617973874294,-0.0014251975469229765,-0.017151309138985993,0.13446477458129133,0.13324019905580597,-0.4204722911490846,0.7294393739365621,0.0
11.851851851851851,-0.41847568193076223,0.06689270989212984,0.7271769474269417,-0.13021631538085182,-0.0018860294575764641,-0.023041595532674358,0.13393519209762406,0.1328755091249537,-0.4187640200210709,0.7268028266328654,0.0
11.871871871871871,-0.41714402109039833,0.06658304201819625,0.7246053682341583,-0.1285789596391704,-0.0024093853327516253,-0.02616779375875809,0.13349416399988254,0.13258981388488478,-0.41703921680658573,0.724177064685785,0.0
11.891891891891891,-0.41582030901426315,0.06618560380675813,0.722055766887898,-0.1274800673130207,-0.002937833723459443,-0.026422419535390863,0.13323037975933905,0.13245392341505774,-0.41529794959790634,0.7215621917559061,0.0
11.911911911911911,-0.414506539984956,0.06568845146535535,0.7195222178676789,-0.12667745101095412,-0.0034474907883728922,-0.02548285324567247,0.1330919522730488,0.13242958287013382,-0.4135402871372809,0.7189583110739347,0.0
11.931931931931931,-0.41320469263270543,0.06509236761252961,0.7170023042445484,-0.12599568115652396,-0.003980166564413187,-0.026633788802014675,0.13292106622783004,0.13240719240777626,-0.41176629881421384,0.7163655254366219,0.0
11.951951951951951,-0.41191669555118304,0.06439985407612,0.7144931562791723,-0.12545739826880406,-0.0045105719218861305,-0.026520267873647148,0.13282111865668272,0.13244455605667121,-0.40997605466272624,0.7137839372027046,0.0
11.971971971971971,-0.41064454408555395,0.06360757328145486,0.7119938390335455,-0.12496586228134075,-0.005060915209023548,-0.027517164356870995,0.1327115663798287,0.13250197661103472,-0.4081696253585919,0.7112136482888661,0.0
11.991991991991991,-0.4093902531693206,0.06271454581166783,0.7095035713446048,-0.12451338444703108,-0.005589206705891636,-0.026414574843404395,0.13257912186430085,0.13251803993098313,-0.40634708221654703,0.708654760165712,0.0
12.012012012012011,-0.40815592416968105,0.06171644998197597,0.7070206187201667,-0.12414763122190554,-0.006048771851966962,-0.02297825730376632,0.1325293992742329,0.13260103831535433,-0.4045084971874738,0.7061073738537635,0.0
12.032032032032031,-0.4069435452671711,0.06061894512549906,0.7045454630789107,-0.1237577820627976,-0.006455662777494234,-0.02034454627636354,0.13189543177541807,0.13375267277671546,-0.402653942855561,0.7035715899194704,0.0
12.052052052052051,-0.40575490677186665,0.05943192476522173,0.7020857629168877,-0.12298500810115255,-0.005464476785034001,0.04955929962301168,0.1303346666463744,0.1315269649305274,-0.4007834924354383,0.7010475084712406,0.0
12.072072072072071,-0.40459116154070507,0.058187261558078233,0.6995854134952783,-0.12501747108047395,-0.003723725814009418,0.08703754855122908,0.1310812946398864,0.13195397530514008,-0.3988972197692855,0.6985352291554876,0.0
12.092092092092091,-0.4034484915378559,0.05713350014246007,0.6970618247073221,-0.12617943939780704,-0.0015799577085763446,0.10718840527165369,0.13190850670139756,0.13262585774658206,-0.39699519932391764,0.6960348511526973,0.0
12.112112112112111,-0.40232014562161716,0.056417295811936836,0.694537236369968,-0.12622941686770742,0.0007757093154826466,0.11778335120294958,0.13232948350363205,0.13297818170218423,-0.39507750618784526,0.6935464731735119,0.0
12.132132132132131,-0.40119766330488893,0.05612411583641097,0.6920231270558225,-0.12570546570727392,0.0031863478690232743,0.12053192767703137,0.1324050093198587,0.13308391900740327,-0.3931442160683094,0.6910701934548328,0.0
12.152152152152151,-0.4000716714359921,0.05629959344484195,0.6895221858668861,-0.12504705944682132,0.005528115868604862,0.11708839997907934,0.13256813803325415,0.13333517388036825,-0.391195405288294,0.6886061097559437,0.0
12.172172172172171,-0.3989325859895129,0.056954272323958555,0.6870405330050829,-0.12408264309015635,0.007763305546910212,0.11175948391526748,0.1327262568627422,0.1336027945875989,-0.3892311507835118,0.6861543193546498,0.0
12.192192192192191,-0.39777109916181713,0.05807434138479059,0.6845844354313411,-0.12280487868709299,0.009918403974651034,0.10775492138704107,0.1325720270732377,0.13353602253836178,-0.38725153009936697,0.6837149190434378,0.0
12.212212212212211,-0.3965783937895636,0.05963526861267679,0.6821505605336056,-0.12169374488677677,0.012035040706203134,0.10583183657760516,0.13345100123546152,0.134433770566945,-0.3852566213878945,0.681288005125655,0.0
12.232232232232231,-0.3953456395445943,0.061637712248467126,0.6797651537153276,-0.11927034091389842,0.014034468750379031,0.09997140220879475,0.13044098587868125,0.13243718139977395,-0.3832465034046749,0.6788736734117078,0.0
12.252252252252251,-0.3940652567665915,0.0640191389001411,0.6773539562241842,-0.1205598745571769,0.016635423111422323,0.13004771805216447,0.12932310473803502,0.13083344339693045,-0.38122125550572394,0.6764720192152778,0.0
12.272272272272271,-0.3927299757464137,0.06676405100888787,0.6748765502518176,-0.12387029861832902,0.01938812193599819,0.13763494122879355,0.13127621032202447,0.1325102154631958,-0.37918095764436105,0.6740831373495608,0.0
12.292292292292291,-0.39132881943938785,0.0700578153512928,0.6723865506032295,-0.12449998242940377,0.021998365486625537,0.13051217753136699,0.13228231611193686,0.13342714080415258,-0.3771256903680519,0.6717071221235218,0.0
12.312312312312311,-0.3898504094590268,0.07392049901805253,0.6699122475247852,-0.123715153922218,0.024307669988303204,0.11546522508388349,0.13327471101557078,0.13439645304300235,-0.3750555348152297,0.669344067338174,0.0
12.332332332332332,-0.38828381348120494,0.0783297988910932,0.6674824837037276,-0.12148819105287718,0.02627595366656225,0.09841418391295237,0.1339228997494928,0.1350340701918348,-0.3729705727120911,0.6669940662828743,0.0
12.352352352352352,-0.3866193649214616,0.08322242798716793,0.6651160904829185,-0.11831966104045415,0.027836810191889456,0.07804282626636022,0.13363065442077862,0.13475775457552985,-0.37087088636936966,0.66465721173164,0.0
12.372372372372372,-0.3848493946442306,0.08849851386154976,0.6628044493094254,-0.11558205867465951,0.02894315499410965,0.05531724011100968,0.13332874620838367,0.13452012853262402,-0.36875655867908713,0.662333595939488,0.0
12.392392392392392,-0.38296787092481654,0.09407618597070468,0.6605394022841166,-0.11325235126543948,0.029586817674514924,0.03218313402026382,0.1329714621640876,0.1342455192945635,-0.36662767311128003,0.6600233106387904,0.0
12.412412412412412,-0.38097067226936393,0.099859932772632,0.658311467327073,-0.1113967478521795,0.02983361536076691,0.01233988431259896,0.13251079604424296,0.13382048106542344,-0.3644843137107058,0.6577264470356556,0.0
12.432432432432432,-0.37885565180040104,0.10575102344814484,0.6561074540752982,-0.11020066258873898,0.02973203147270893,-0.005079194402899109,0.13162980050530593,0.1329660503240996,-0.36232656509352346,0.6554430958063259,0.0
12.452452452452452,-0.3766225565325816,0.11165476339097337,0.6539016350236413,-0.11029095258284721,0.029249093583681367,-0.02414689445137857,0.13172017357610571,0.1331109182606863,-0.3601545124439536,0.6531733470935976,0.0
12.472472472472472,-0.37427162996869884,0.11754632819413756,0.6516975055416394,-0.11020647410009579,0.028369057500942502,-0.044001804136942615,0.13169250133596294,0.13316410959167274,-0.3579682415109155,0.6509172905032636,0.0
12.492492492492492,-0.37180476558518544,0.12334321917567008,0.6494954993979226,-0.11010030718584025,0.027175008472607193,-0.05970245141676567,0.1316744620217984,0.1331911452204777,-0.3557678386046427,0.6486750151005755,0.0
12.512512512512512,-0.36922538410411293,0.1289690740536257,0.6472958492840799,-0.10998250569213483,0.025674035044080133,-0.07504867142635356,0.1316575493721787,0.13322733752184815,-0.35355339059327384,0.6464466094067263,0.0
12.532532532532532,-0.3665381790121048,0.13436025460040796,0.6450989708246592,-0.10984392297103683,0.02393584511237376,-0.08690949658531809,0.13255078240666915,0.13333692841493874,-0.35132498489942465,0.6442321613953574,0.0
12.552552552552552,-0.36374863003131325,0.1394774490395761,0.6429198714005724,-0.10895497120433797,0.02130502203095694,-0.1315411540708409,0.13146338175900538,0.13281325092092625,-0.34908270949673637,0.6420317584890844,0.0
12.572572572572572,-0.36086418154279487,0.1442224244259175,0.640734859843027,-0.10925057787726654,0.01827287239010996,-0.15160748204234942,0.13150140056467857,0.13315143849694605,-0.34682665290640247,0.6398454875560465,0.0
12.592592592592592,-0.35789501701042087,0.1484582266186988,0.6385497412906251,-0.1092559276200969,0.015090261711514674,-0.15913053392976415,0.1314999690907416,0.1333108565155198,-0.34455690419367424,0.6376734349064767,0.0
12.612612612612612,-0.3548529992576561,0.15210088763823598,0.6363670911375073,-0.10913250765588989,0.011914923767967963,-0.1587668971773355,0.13173620681067968,0.13363620190528863,-0.3422735529643445,0.6355156862892943,0.0
12.632632632632632,-0.35175050777262495,0.15512457425155962,0.6341954364587276,-0.10858273393899052,0.008848842748433372,-0.1533040509767297,0.13063501244168174,0.13355212654899892,-0.33997668936120956,0.6333723268887199,0.0
12.652652652652652,-0.3486002521387818,0.1575127816921564,0.6320173875057995,-0.10890244764640332,0.0067323575845334134,-0.10582425819499805,0.13138433374519407,0.13374123105188393,-0.3376664040605121,0.6312434413209129,0.0
12.672672672672672,-0.34541413306131213,0.15930595387348476,0.6298469709222261,-0.10852082917867224,0.005151421642253543,-0.07904679711399365,0.13178884804363183,0.13380201187772575,-0.33534278826836006,0.6291291136306305,0.0
12.692692692692692,-0.3422004445272732,0.16068442670194627,0.6276911445762706,-0.10779131729777267,0.0038691481523022804,-0.06411367449756315,0.132109830133416,0.1339010774243336,-0.33300593371712583,0.6270294272879089,0.0
12.712712712712712,-0.3389654299864356,0.16175072704188184,0.6255561682744715,-0.10674881508995732,0.0027792456264612597,-0.054495126292051034,0.13230560945034356,0.1339370911902297,-0.3306559326618258,0.6249444651847701,0.0
12.732732732732732,-0.33571416814704175,0.16256309196969088,0.6234454987545319,-0.10553347599697933,0.0018048491157659039,-0.04871982553476789,0.13240258884534445,0.133918174094083,-0.3282928778764782,0.6228743096319481,0.0
12.752752752752752,-0.33245097057751166,0.16315987847650362,0.62136030678099,-0.1042595986770991,0.000876330410685072,-0.046425935254041685,0.13230992066601388,0.1337714256579923,-0.3259168626504395,0.6208190423556392,0.0
12.772772772772772,-0.3291797683038307,0.16356011368404572,0.6192970542585109,-0.10316262612395258,5.038617034851212e-05,-0.04129721201682811,0.1324425880893572,0.13382326247745252,-0.3235279807847221,0.6187787444942761,0.0
12.792792792792792,-0.3259042918258385,0.16377382389960948,0.6172584794890204,-0.10192873847452874,-0.0006472426933829565,-0.034881443186573546,0.13243804944089183,0.1337134876337285,-0.321126326588292,0.616753496595325,0.0
12.812812812812812,-0.3226278453887401,0.16382232185491985,0.6152428904489634,-0.10077945200284574,-0.001242682357803183,-0.029771983221011447,0.13246320252727947,0.13364255428830543,-0.31871199487434476,0.6147433786121053,0.0
12.832832832832834,-0.31935319773938475,0.16373238246776822,0.6132496080915237,-0.09966411787198504,-0.0017879175950437165,-0.027261761862026817,0.13342332638658963,0.13434769252340023,-0.3162850809565623,0.6127484699006331,0.0
12.852852852852854,-0.3160828268694666,0.1635185434959077,0.6113033007289885,-0.09731536812675964,-0.002365857342022249,-0.028896987348926803,0.13287355337009837,0.1337982536585942,-0.31384568064535046,0.6107688492164884,0.0
12.872872872872874,-0.31281894335283456,0.16319417583160156,0.6093876804894264,-0.09578101197810786,-0.0028832930203392896,-0.02587178391585221,0.1326493359472182,0.13351517650846864,-0.3113938902440563,0.608804594711706,0.0
12.892892892892894,-0.3095638724473649,0.16275354527348376,0.6074952271766384,-0.09462266563940046,-0.003314926817848663,-0.021581689875468907,0.13246505495627964,0.1332606791752857,-0.308929806545167,0.6068557839316904,0.0
12.912912912912914,-0.30631970687434806,0.1622082786508416,0.6056194350430061,-0.09378960668161582,-0.0036317114178909316,-0.015839230002113618,0.13244194275575022,0.13312969172823585,-0.30645352682648824,0.6049224938121548,0.0
12.932932932932934,-0.303088243552255,0.16157316610465278,0.6037580158773223,-0.0930709582841889,-0.0037953579876441185,-0.008182328487659641,0.13239886735204132,0.1329459490992387,-0.30396514884730286,0.6030048006760824,0.0
12.952952952952954,-0.2998707767824439,0.1608733384905541,0.6019076051056136,-0.0925205385854347,-0.003847133929320163,-0.002588797083802415,0.13241646830103151,0.1328370366158001,-0.3014647708445123,0.6011027802307145,0.0
12.972972972972974,-0.2966680000112096,0.16013883856171665,0.6000668475852373,-0.09203787601881268,-0.003823075842860489,0.0012029043229834298,0.13242569080967823,0.13273920656415653,-0.2989524915287595,0.5992165075645618,0.0
12.992992992992994,-0.293480183295691,0.15939083577592975,0.5982344298440869,-0.09162088705751761,-0.0037251150839851923,0.0048980379437645275,0.13254974361779306,0.13275145683533518,-0.2964284100805295,0.5973460571444389,0.0
13.013013013013014,-0.2903073061708652,0.15864385624128835,0.5964123715347351,-0.09110291546759083,-0.0035656336595077235,0.007974071223873155,0.13254472936140607,0.1326239855537916,-0.2938926261462366,0.5954915028125263,0.0
13.033033033033034,-0.28714909608918027,0.15791050408424612,0.5945987113752029,-0.09068300797661032,-0.0033045135551047758,0.013056005220147045,0.13148792478553437,0.1319533946692872,-0.2913452398342883,0.5936529177834532,0.0
13.053053053053054,-0.28400489829291037,0.15720988981349493,0.5927678607681733,-0.09154253035147826,-0.002560659696290339,0.03719269294072153,0.1321875649321613,0.13220207766219763,-0.2887863517111338,0.591830374641408,0.0
13.073073073073074,-0.2808738298820262,0.15655342054420854,0.5909338723693417,-0.09169941994158004,-0.0015925453382406346,0.048405717902484886,0.1325788620796991,0.1322650474684483,-0.2862160627972956,0.590023945337274,0.0
13.093093093093094,-0.2777530268583331,0.1560401511846564,0.5891034845817807,-0.09151938937804893,-0.0006266276090682717,0.04829588645861775,0.13285735268915305,0.1323430882599167,-0.2836344745633782,0.5882337011857863,0.0
13.113113113113114,-0.2746388236506183,0.15571016038573768,0.5872819872334549,-0.09107486741628974,0.00031742817970005743,0.04720278943841609,0.1329130586452915,0.1321936558190689,-0.28104168892606546,0.5864597128627191,0.0
13.133133133133134,-0.2715274722234293,0.15556757135945093,0.585467995994991,-0.09069956192319757,0.0011284707147894502,0.040552126754469266,0.13311267278088112,0.13226356463642977,-0.2784378082440939,0.5847020504020937,0.0
13.153153153153154,-0.26841528712710444,0.15560925481624513,0.5836655043720466,-0.09012458114721984,0.0017280196986329275,0.0299774491921735,0.13311137103611864,0.1321959638575917,-0.2758229353142152,0.5829607831934145,0.0
13.173173173173174,-0.2652991806138557,0.15580532566243735,0.581873489281938,-0.08960075450542318,0.002173836554826639,0.022290842809685244,0.13309726482973425,0.13209584882179934,-0.27319717336713445,0.5812359799789291,0.0
13.193193193193194,-0.26217686038072047,0.15611601165676284,0.5800902551949616,-0.08916170434882476,0.002464111048442985,0.014513724680816947,0.13315663377286913,0.13208885849448787,-0.27056062606343795,0.5795277088509154,0.0
13.213213213213214,-0.2590466652177333,0.15650975814935858,0.578316574671691,-0.08868402616353022,0.002646693912606157,0.00912914320815831,0.13331222074303456,0.13218854311536476,-0.26791339748949816,0.5778360372489924,0.0
13.233233233233234,-0.2559074799556594,0.1569592631036942,0.5765562268568544,-0.08801739074182988,0.002713392105936231,0.0033349096665033886,0.13386693736174193,0.1325782496257547,-0.265255592153367,0.5761610319574584,0.0
13.253253253253254,-0.25275860741170536,0.15744362719770125,0.574823201320022,-0.08665127684161975,0.002594313955158457,-0.005953907538889007,0.13351182813782567,0.13225713546596024,-0.262587314980648,0.5745027591026541,0.0
13.273273273273274,-0.24959986592689035,0.15793707424075115,0.5731074792682684,-0.08578610258767558,0.002374463472846913,-0.01099252411557737,0.1335450555694666,0.1322911021717323,-0.2599086713103547,0.5728612841503524,0.0
13.293293293293294,-0.24643179155117836,0.15840371878559895,0.5714100574111999,-0.08487109285342634,0.002128869459015161,-0.012279700691587798,0.13397863073651048,0.13269204568054233,-0.257219766890753,0.5712366719031737,0.0
13.313313313313314,-0.24325524964225342,0.15882709544624687,0.5697433011046874,-0.08333781532562554,0.001860353495492833,-0.013425798176116535,0.13372740786762566,0.13240797051063669,-0.25452070787518555,0.5696289864980282,0.0
13.333333333333334,-0.24007131897929454,0.15919653314794385,0.5680992822100918,-0.08220094472978201,0.0016403875911988526,-0.01099829521469914,0.13349478591995778,0.1321068671727043,-0.2518116008178805,0.5680382914035824,0.0
13.353353353353354,-0.23688108655623633,0.15951162115291095,0.5664700958115021,-0.08145931992948205,0.0014258965545625914,-0.01072455183181311,0.13369286227662658,0.13225992839601805,-0.24909255266974567,0.5664646494177551,0.0
13.373373373373374,-0.23368545503740587,0.15978157594152323,0.5648609454551397,-0.08045751781811972,0.001227560235624998,-0.009916815946879669,0.1335637370241854,0.1320912560952772,-0.24636367077414584,0.5649081226652373,0.0
13.393393393393394,-0.23048527737744914,0.16000888299783603,0.5632674206255501,-0.07967624147947672,0.0010121395559973246,-0.010771033981383621,0.13301576593509434,0.13152714657835893,-0.24362506286266597,0.5633687725950398,0.0
13.413413413413414,-0.2272813754355978,0.16019509709256832,0.5616730471025246,-0.07971867615127354,0.0007863233112715026,-0.011290812236291014,0.1333369150806311,0.13184638894098372,-0.24087683705085763,0.5618466599780683,0.0
13.433433433433434,-0.2240746531345766,0.16033611505105835,0.5600873131082581,-0.07928669971332766,0.0006202675880772256,-0.008302786159713693,0.13503966342462254,0.13303200474097754,-0.23811910183396973,0.5603418449047219,0.0
13.453453453453454,-0.2208659792400789,0.16043369472488594,0.5585530100071866,-0.07671515505357586,0.0001132168900965917,-0.0253525348990315,0.13419849524526722,0.1324454527278484,-0.23535196608266623,0.5588543867825233,0.0
13.473473473473474,-0.21765603185576055,0.1604973692159169,0.5570489868569285,-0.07520115751290665,-0.0005286710831998258,-0.03209439866482064,0.13406623678545793,0.13246564484290813,-0.2325755390387293,0.5573843443337725,0.0
13.493493493493494,-0.2144468337526148,0.16045990515728664,0.555573584149932,-0.0737701353498292,-0.001165802719765414,-0.031856581828279135,0.13392523546813967,0.1324223457398627,-0.22978993031074382,0.5559317755932277,0.0
13.513513513513514,-0.2112409255670927,0.16029540927610522,0.5541240709834813,-0.07247565832253608,-0.0017153757541426935,-0.027478651718863663,0.13367868790525678,0.13221694931406205,-0.22699524986977346,0.5544967379058161,0.0
13.533533533533534,-0.20804083461050465,0.16000454782940238,0.5526937497656305,-0.0715160608925411,-0.002125321644314865,-0.020497294508608245,0.1351108044649383,0.13453226525838755,-0.22419160804501637,0.5530792879243682,0.0
13.553553553553554,-0.20484879032324316,0.15960221436307429,0.5513381348145822,-0.06778074755241353,-0.001725146897156423,0.020008737357922364,0.13475916702047158,0.13374069213864453,-0.2213791155194508,0.551679481607382,0.0
13.573573573573574,-0.2016664074550934,0.1591191434074878,0.5500402865709928,-0.06489241217946982,-0.0008559586626343327,0.04345941172610483,0.13409640893811714,0.132829031334744,-0.21855788332546666,0.5502973742168146,0.0
13.593593593593594,-0.19849201605578543,0.15871956996539932,0.5487768834099266,-0.0631701580533129,0.00023988527981541285,0.05479219712248757,0.13355297512150716,0.1321701396490069,-0.21572802284047946,0.5489330203158986,0.0
13.613613613613614,-0.1953221531340065,0.15849314608894588,0.5475301175440822,-0.06233829329221941,0.001455966225102984,0.060804047264378824,0.1333738260797907,0.13193414404128334,-0.21288964578253647,0.5475864737669903,0.0
13.633633633633634,-0.19215249102411947,0.15848310549435132,0.546293840011386,-0.06181387663480646,0.0027279704664664515,0.06360021206817361,0.13336111714495938,0.13128914162604657,-0.21004286420590307,0.5462577877294414,0.0
13.653653653653654,-0.18897822320330573,0.1587133910406859,0.545058302897405,-0.061776855699055166,0.0035042255045575504,0.03881275190455516,0.13308436076941435,0.13138355518562428,-0.20718779049664218,0.5449470146575022,0.0
13.673673673673674,-0.185794381843743,0.1591920679781373,0.543820794404075,-0.06187542466649463,0.004091648044157759,0.029371126980010542,0.13338646572059432,0.13187569308903827,-0.2043245373681744,0.5436542062982486,0.0
13.693693693693694,-0.1825978270625063,0.1598277390618347,0.5425930715426737,-0.06138614307006823,0.004579545006029583,0.024394848093591288,0.13316346690969275,0.13180686265967972,-0.2014532178568314,0.5423794136895412,0.0
13.713713713713714,-0.17938621400965835,0.16058065264239688,0.5413708021858795,-0.06111346783970578,0.005032137865176705,0.02262964295735606,0.13316236438294043,0.1319242146226307,-0.19857394531739014,0.5411226871580094,0.0
13.733733733733734,-0.17615761164248267,0.16143011835878357,0.540155700225852,-0.06075509800137219,0.005533534043743437,0.025069808928336657,0.13320285642551058,0.13201248279141548,-0.1956868334186012,0.5398840763170648,0.0
13.753753753753754,-0.17291017912985118,0.16237162563157423,0.5389496646551288,-0.060301778536161206,0.006063549557828469,0.026500775704251522,0.13322795535421064,0.13207999445723187,-0.19279199613869846,0.5386636300649427,0.0
13.773773773773774,-0.16964187494586722,0.16341520919919802,0.5377540570541423,-0.0597803800493269,0.006587488343976558,0.026196939307404087,0.1331658783241166,0.13207096602675306,-0.18988954776090053,0.537461396582771,0.0
13.793793793793794,-0.16635055763331033,0.1645658656278442,0.5365678119484583,-0.059312255284201074,0.007078706782142763,0.02456092190830996,0.13318371321372083,0.1321524523831449,-0.18697960286889995,0.5362774233326693,0.0
13.813813813813814,-0.16303409238882519,0.16582326222425678,0.5353923877092317,-0.05877121196132992,0.007517587355386233,0.02194402866217314,0.13315029349924914,0.13219182195750945,-0.1840622763423389,0.5351117570558743,0.0
13.833833833833834,-0.15969052001418893,0.16717861873181303,0.5342278592861719,-0.05822642115299242,0.007932082083123761,0.020724736386875907,0.1332034493015513,0.1320110186866638,-0.18113768335227293,0.5339644437708946,0.0
13.853853853853854,-0.15631805557404488,0.16862322200720248,0.533072323068185,-0.05777681089934725,0.008057207735199608,0.006256282603791808,0.132600538723162,0.13164035966298684,-0.17820593935662563,0.5328355287716942,0.0
13.873873873873874,-0.15291511063424518,0.17014724698998454,0.5319113436751619,-0.0580489696511506,0.008000947266608925,-0.002813023429534541,0.13303204125500695,0.13222901720762686,-0.17526716009562956,0.5317250566259039,0.0
13.893893893893894,-0.14948104496503176,0.17170328346067062,0.5307600301831967,-0.0575656745982583,0.007858359473680234,-0.0071293896464352,0.13353857480037973,0.13284436210977565,-0.17232146158725833,0.5306330711730629,0.0
13.913913913913914,-0.14601584311625382,0.17326009243889662,0.5296350042569035,-0.05625129631466312,0.007609287598385384,-0.012453593764743177,0.13333520107672578,0.13273708043381913,-0.16936896012264568,0.5295596155228872,0.0
13.933933933933934,-0.14252003647061617,0.17479033228188218,0.5285316681982218,-0.05516680293408362,0.007260730966422347,-0.017427831598152383,0.13266640210510405,0.13216475703117,-0.1664097722614935,0.5285047320535678,0.0
13.953953953953954,-0.1389946585532918,0.17626889586621944,0.5274316431342759,-0.05500125319729487,0.00679922773304726,-0.023075161668755045,0.1328106057795635,0.13241143211942347,-0.16344401482747117,0.5274684624100976,0.0
13.973973973973974,-0.13544099662624262,0.17768309635245916,0.5263407298764574,-0.054545662890923156,0.006267307530273693,-0.02659601013867904,0.13280529844945754,0.13249633971691238,-0.16047180490360488,0.5264508475026279,0.0
13.993993993993994,-0.1318607677084826,0.17901144588800086,0.5252601204084056,-0.054030473402589714,0.005647032178497121,-0.03101376758882929,0.13279250009908838,0.13259136973718033,-0.1574932598276523,0.5254519275048526,0.0
14.014014014014014,-0.1282559717024271,0.18023980030277395,0.5241910466118761,-0.053453689826476955,0.004940184040636543,-0.03534240689302955,0.13263062982580257,0.1325242779735554,-0.15450849718747378,0.5244717418524232,0.0
14.034034034034034,-0.12462898436397991,0.18134936692236006,0.5231301310383365,-0.053045778676979724,0.0041394989855835194,-0.040034252752651954,0.1347325088818026,0.13376488141298837,-0.15151763481638725,0.5235103292413907,0.0
14.054054054054054,-0.12098224075033033,0.18233718068247942,0.5221269060411804,-0.050161249857805186,0.002458181251351663,-0.08406588671159357,0.1330573677781724,0.13276263088481424,-0.1485207907885175,0.5225677276266785,0.0
14.074074074074074,-0.11731904912746574,0.18315958114322956,0.5211417213579997,-0.04925923415903143,0.0003936532996180753,-0.10322639758668012,0.13364834499210018,0.1337580064227475,-0.14551808341413613,0.5216439742205848,0.0
14.094094094094094,-0.1136459018197169,0.18365736538744226,0.5201981002821241,-0.047181053793785004,-0.001801669533136028,-0.10976614163770605,0.13338753305967954,0.1337520423537565,-0.14250963123498805,0.520739105491312,0.0
14.114114114114114,-0.10997086405209297,0.18375188838119677,0.5192921022390643,-0.04529990215299099,-0.004038991186314364,-0.11186608265891784,0.13343093938066297,0.13406349154489938,-0.1394955530196148,0.5198531571615286,0.0
14.134134134134134,-0.10630258157343979,0.18341412393265905,0.5184289782223818,-0.04315620083412766,-0.006155354178259536,-0.10581814959726,0.132775080780525,0.1335926452496746,-0.13647596775866255,0.5189861642069571,0.0
14.154154154154154,-0.10264975987916927,0.18264108471352603,0.5175920105515495,-0.04184838354161706,-0.008095377541215053,-0.09700116814777757,0.1333076886194085,0.13426910830197042,-0.1334509946601879,0.5181381608549952,0.0
14.174174174174174,-0.09902078058982405,0.18144896446726125,0.516799068479399,-0.03964710360752351,-0.009823154526059268,-0.0863888492422131,0.13325817359793618,0.1343258280155704,-0.13042075314494833,0.517309180583363,0.0
14.194194194194194,-0.09542331915550849,0.179873071715778,0.5160502039418295,-0.03744322687847361,-0.011268457568554203,-0.0722651521247496,0.13314931534030675,0.1342702719551882,-0.12738536284169116,0.5164992561187824,0.0
14.214214214214214,-0.09186411129581447,0.17796039298470076,0.5153429199251139,-0.03536420083578267,-0.0124767354142662,-0.06041389228560337,0.13309539999738904,0.13429246705625114,-0.12434494358242722,0.5157084194356845,0.0
14.234234234234235,-0.08834882189291653,0.17576447014489707,0.5146766861458324,-0.033311688964076755,-0.013441319863513356,-0.04822922246236208,0.13322101850871998,0.13348704981056145,-0.12129961539770373,0.5149367017549471,0.0
14.254254254254255,-0.08488203658527936,0.17333926538185832,0.5140413754703912,-0.03176553377206173,-0.014980288194361495,-0.07694841654241197,0.1317356210248763,0.13261577201589872,-0.11824949851186255,0.5141841335426631,0.0
14.274274274274275,-0.08146703970651821,0.1707498439380573,0.5134020279555257,-0.031967375743276745,-0.016658247973981077,-0.08389798898098472,0.13229528092610218,0.13352633309050468,-0.11519471333829526,0.5134507445089367,0.0
14.294294294294295,-0.07811012891100635,0.1678455397755924,0.5127803365619715,-0.031084569677707577,-0.018247984923974735,-0.07948684749968969,0.1326675584894881,0.13412001682044122,-0.11213538047469031,0.5127365636067114,0.0
14.314314314314315,-0.0748181244096906,0.16460022506578775,0.512190505313009,-0.029491562448125654,-0.019596317338270653,-0.06741662071480423,0.132758682117787,0.13431529518349203,-0.10907162069827119,0.5120416190306263,0.0
14.334334334334335,-0.07159738107185351,0.16103716689185416,0.5116366668372765,-0.027691923786627222,-0.02062368733017424,-0.051368499595188605,0.13270737350363598,0.13430410619806427,-0.10600355496102742,0.5113659382159033,0.0
14.354354354354355,-0.06845315110701626,0.15721149824186245,0.51111779448078,-0.02594361782482442,-0.021359729135694075,-0.03680209027600238,0.13272195444613621,0.13436299014845782,-0.10293130438494096,0.5107095478372641,0.0
14.374374374374375,-0.06538945570527882,0.1531847700868718,0.510634894659437,-0.0241449910671461,-0.021831506855851848,-0.02358888600790073,0.13250610255645695,0.1341911710443679,-0.09985499025720355,0.5100724738078766,0.0
14.394394394394395,-0.06240908199186484,0.14901868567069917,0.5101821642780152,-0.022636519071088716,-0.02200472189124821,-0.008660751769831615,0.13235678097180223,0.13403646135150846,-0.09677473402542994,0.5094547412783329,0.0
14.414414414414415,-0.05951371094646583,0.1447685522699507,0.5097550599910851,-0.021355214346508503,-0.02196568683626445,0.001951752749172763,0.13219229266746216,0.13391151084529845,-0.09369065729286231,0.5088563746356556,0.0
14.434434434434435,-0.056703943895832075,0.1404883525316875,0.5093492798722378,-0.020289005942366052,-0.02166979643861766,0.0147945198823231,0.13143449584998404,0.13308333728174976,-0.09060288181356888,0.5082773975023351,0.0
14.454454454454455,-0.05397907170664326,0.13624360945944064,0.5089413371149892,-0.02039713786242817,-0.02121099049109889,0.022940297375920817,0.13155755954299034,0.133231407536825,-0.08751152948763798,0.5077178327353973,0.0
14.474474474474475,-0.051337997151713256,0.13205372774650037,0.5085352728718254,-0.020303212158191586,-0.020592885309018,0.030905259104025355,0.13164785928136985,0.13332404638279435,-0.08441672235636707,0.5071777024255011,0.0
14.494494494494495,-0.048779005106832064,0.12794960224405966,0.5081338353198945,-0.020071877596546033,-0.01978639998928463,0.040324265986647886,0.13175480542105736,0.1333900844058923,-0.0813185825974417,0.5066570278960659,0.0
14.514514514514515,-0.0462996970730483,0.12396540168918846,0.5077396373564756,-0.019709898170946063,-0.018848263574721,0.04690682072816061,0.13183205393548558,0.13344618392242438,-0.07821723252011552,0.5061558297024311,0.0
14.534534534534535,-0.043896935710791216,0.12013806811285412,0.5073547180763386,-0.019245964006855548,-0.017803431219211324,0.05224161777546156,0.13066745070879418,0.13249187044806987,-0.07511279456037881,0.505674127631043,0.0
14.554554554554555,-0.041566466956618135,0.11652343770865389,0.506947762913831,-0.020347758125376002,-0.016459478651185015,0.06719762840129259,0.13135226883839013,0.13303092720549292,-0.07200539127612612,0.5052119406986746,0.0
14.574574574574575,-0.039304561934109666,0.11309525112542354,0.5065369751204454,-0.020539389669281496,-0.014911458894292384,0.07740098784460799,0.13171086813755042,0.13326074414608038,-0.06889514534231926,0.5047692871516745,0.0
14.594594594594595,-0.03710610054990161,0.10992306921040275,0.50613116096819,-0.020290707612768806,-0.013261831009180146,0.08248139425558827,0.13186322988801916,0.13332830399329373,-0.06578217954614124,0.5043461844652467,0.0
14.614614614614615,-0.034965053695960875,0.10705234269703677,0.5057336735055025,-0.019874373134375796,-0.011579162100797168,0.08413344541912571,0.1319952465123654,0.13338923203608744,-0.0626666167821523,0.5039426493427611,0.0
14.634634634634635,-0.03287498648581392,0.10450336050734797,0.5053474622130187,-0.019310564624184172,-0.009912054399631083,0.08335538505828119,0.13155098236486026,0.1332311636199196,-0.059548580047434796,0.5035586977150932,0.0
14.654654654654655,-0.030829200370454227,0.10228930576798453,0.5049636864106962,-0.019188790116123615,-0.008011311537023169,0.09503714313037338,0.13177683943639276,0.13320923273890578,-0.056428192436740965,0.5031943447399958,0.0
14.674674674674675,-0.028821271201177095,0.1003964584638566,0.5045854373490716,-0.018912453081233984,-0.005991456372824781,0.10099275820989811,0.13219242448516164,0.1334225619823116,-0.05330557713762983,0.5028496048015005,0.0
14.694694694694695,-0.02684378963329254,0.0988740783942277,0.5042220988471564,-0.018166925095758648,-0.004035424176327494,0.09780160982484411,0.1326244020930945,0.13375237791844152,-0.05018085742560752,0.5025244915093499,0.0
14.714714714714715,-0.024888914458821847,0.09774375872353468,0.5038850121806341,-0.016854333326114565,-0.0021860875513755357,0.09246683124757936,0.13279173977486666,0.13384489179762554,-0.04705415665925698,0.50221901769846,0.0
14.734734734734735,-0.022949008470261722,0.09699529942800623,0.5035780656701645,-0.015347325523480643,-0.00043820806731065986,0.08739397420322705,0.13282900438029485,0.1337977577603259,-0.043925598275371604,0.5019331954284137,0.0
14.754754754754755,-0.021016807625451196,0.09661004224052626,0.5033011358269401,-0.013846492161218062,0.0011815160609512164,0.08098620641307909,0.13283654735752887,0.1337293465924416,-0.04079530578407899,0.5016670359829851,0.0
14.774774774774775,-0.019085469814684262,0.09656689053834673,0.5030533299593622,-0.012390293378893765,0.0026734339317455768,0.0745958935397056,0.13302357703338408,0.13385149344712288,-0.037663402763966326,0.5014205498696931,0.0
14.794794794794795,-0.01714863113610915,0.09684193392875559,0.5028392260799973,-0.010705193968248934,0.004022921493110404,0.06747437806823144,0.13289524839132713,0.133672724511083,-0.03453001285720262,0.5011937468193874,0.0
14.814814814814815,-0.015200507243762757,0.09740619461731963,0.502654263241953,-0.0092481419022196,0.005288964643938042,0.06330215754137467,0.1329219954181735,0.13359917060876322,-0.031395259764656604,0.5009866357858642,0.0
14.834834834834835,-0.013235813867708198,0.09823466880272795,0.5024977301721196,-0.007826653491664283,0.006432535643340756,0.057178549970131186,0.1325824877565693,0.13328152961209266,-0.02825926724101237,0.5007992249455124,0.0
14.854854854854855,-0.011249631342163509,0.09930912627723446,0.5023598681963709,-0.006893098787435502,0.007498190466306815,0.053282741148301414,0.1326537773842695,0.1332312049740037,-0.025122159089885084,0.5006315216969912,0.0
14.874874874874875,-0.009237558711806875,0.10060363151783165,0.5022409615028051,-0.005945334678292485,0.008490712931662401,0.0496261232677807,0.13257666884601754,0.13302562735657322,-0.021984059158932506,0.5004835326609376,0.0
14.894894894894895,-0.007195444859586003,0.10210569261104363,0.5021367930281604,-0.00520842373223435,0.009322015356313924,0.04156512123258076,0.13262275547491004,0.1330039532573153,-0.018845091334967076,0.5003552636797053,0.0
14.914914914914915,-0.005119502942368917,0.10379709586085425,0.5020476932051013,-0.004454991152951267,0.010055686216992982,0.036683543033960625,0.13307548304515382,0.13334198002849473,-0.01570537953906415,0.5002467198171342,0.0
14.934934934934935,-0.003006397193332685,0.1056552874518116,0.5019853472683039,-0.0031172968398693037,0.010643275855687436,0.029379481934733605,0.13285330017945376,0.13304850820289965,-0.012565047721668937,0.50015790535835,0.0
14.954954954954955,-0.0008534019343119244,0.10764976295103802,0.501942088219244,-0.0021629524529947408,0.011117941413715086,0.023733277901396486,0.13308595525065525,0.13318279546625272,-0.009424219857704037,0.5000888238095955,0.0
14.974974974974975,0.0013418056102802631,0.10976037722960938,0.5019233279774084,-0.0009380120917809182,0.011449066645410729,0.016556261584799805,0.13295730831179894,0.13297873529991028,-0.0062830199416764486,0.5000394778980919,0.0
14.994994994994995,0.003580941178038587,0.11195677838791619,0.5019241174805676,3.9475157967071035e-05,0.01167484808242536,0.011289071850752029,0.13288352619725738,0.1327916133679159,-0.003141571982779372,0.5000098695719315,0.0
15.015015015015015,0.005865241470960058,0.11421501464607349,0.5019405770171642,0.0008229768298285372,0.011727388139144158,0.002627002835964143,0.13290286551033278,0.13275586331812883,-9.184850993605148e-17,0.5,0.0
15.035035035035035,0.008195506623554878,0.116513257629741,0.5019724532073274,0.0015938095081603437,0.011645501623352624,-0.004094325789549521,0.1306494902706415,0.13101309393592037,0.0031415719827791884,0.5000098695719315,0.0
15.055055055055055,0.010571171043567312,0.11878322100062172,0.5019605455600327,-0.0005953823647378662,0.011913268939074467,0.013388365786122724,0.13161940731677158,0.1315822025307065,0.0062830199416762655,0.5000394778980919,0.0
15.075075075075075,0.012992081554898225,0.12104552556654569,0.5019276566186585,-0.0016444470687125394,0.012308089642596873,0.019741035176154116,0.13238765811644942,0.13206925987782858,0.009424219857703853,0.5000888238095955,0.0
15.095095095095095,0.015459427561554367,0.1233673003328071,0.5018923699226624,-0.0017643347998051247,0.012678733298285541,0.018532182784471,0.1333727290732599,0.13286525579027253,0.012565047721668754,0.50015790535835,0.0
15.115115115115115,0.01797502924499427,0.1257800841719952,0.5018810509162316,-0.0005659503215403444,0.012923598648117256,0.012243267491627161,0.1337353772466217,0.13308139947002487,0.015705379539063966,0.5002467198171342,0.0
15.135135135135135,0.020540367701651557,0.12826692283286428,0.5019022553404437,0.0010602212106074391,0.013012026730175293,0.004421404102946964,0.13383920675772865,0.13307686755972883,0.018845091334967336,0.5003552636797054,0.0
15.155155155155155,0.023156369062943258,0.130800068064585,0.5019574417579319,0.0027593208744086948,0.012916112428514214,-0.0047957150830041425,0.1337671444570078,0.1329288905073159,0.021984059158932322,0.5004835326609376,0.0
15.175175175175175,0.025823271224794025,0.13334510809253844,0.502043346068033,0.004295215505057335,0.012642287315991978,-0.01369125562605782,0.13428830682779136,0.13335345627453957,0.0251221590898849,0.5006315216969912,0.0
15.195195195195195,0.028540821226534865,0.13587750008704194,0.5021739828020693,0.0065318367018131155,0.012166601184330874,-0.023784306582995966,0.13393683852372443,0.13292488520639972,0.028259267241012187,0.5007992249455124,0.0
15.215215215215215,0.0313077005085561,0.1383439641010617,0.5023378106191072,0.00819139085189661,0.011511599453756852,-0.032750086528636986,0.13361971264989664,0.13251963038809153,0.03139525976465686,0.5009866357858642,0.0
15.235235235235235,0.03412182785565701,0.14070636735504566,0.502524151702593,0.009317054174292185,0.010675312255054008,-0.04181435993507222,0.13394020217852665,0.1327996528621931,0.03453001285720288,0.5011937468193874,0.0
15.255255255255255,0.03698067613299509,0.14294241386690387,0.5027419325114656,0.010889040443631079,0.009671352002742157,-0.050198012615516686,0.13377042714571616,0.13255689187604383,0.037663402763966146,0.5014205498696931,0.0
15.275275275275275,0.039880849068462024,0.14500864677334646,0.5029850784096724,0.012157294910343041,0.008467322962079585,-0.06020145203304626,0.13362238050094755,0.13238895011376028,0.040795305784078806,0.5016670359829851,0.0
15.295295295295295,0.042818222385634354,0.1468686658586164,0.5032489486044746,0.013193509740103495,0.007162139542682713,-0.0652591709697546,0.13332235943185064,0.1320354368723829,0.04392559827537187,0.5019331954284139,0.0
15.315315315315315,0.045787945041525786,0.1484861327945716,0.50352390448629,0.013747794090774002,0.005737047896842188,-0.07125458229193023,0.13325834459173133,0.1319529574658203,0.047054156659257246,0.50221901769846,0.0
15.335335335335335,0.04878484861271947,0.14984517855968418,0.503807815922401,0.014195571805550262,0.004199200374742289,-0.07689237610489151,0.1332462015707408,0.13194884286141165,0.050180857425607336,0.5025244915093499,0.0
15.355355355355355,0.05180327581712278,0.1509213602201655,0.5041004781757947,0.014633112669689393,0.002610686938038294,-0.07942567183508863,0.13326872810833088,0.13196641731685252,0.05330557713762965,0.5028496048015005,0.0
15.375375375375375,0.054837149625469435,0.15169369041733263,0.504402515346897,0.015101858555110882,0.0010047517231384726,-0.08029676074487214,0.1333225198912511,0.132019322900958,0.056428192436740784,0.5031943447399958,0.0
15.395395395395395,0.05788017451936681,0.15215124469486876,0.5047155293853968,0.01565070192498986,-0.0005625108442048935,-0.0783631283670413,0.13340588645400694,0.13208763369691787,0.05954858004743506,0.5035586977150932,0.0
15.415415415415415,0.060926019542153396,0.15229225113932932,0.5050417787741132,0.016312469435819783,-0.002082705390318534,-0.0760097273055468,0.1334709554925187,0.1321537853318026,0.06266661678215212,0.503942649342761,0.0
15.435435435435435,0.06396850228977927,0.1521241373812937,0.505383208885793,0.017071505583990756,-0.0035377972664283647,-0.072754593805348,0.13361095717853716,0.13280593616200032,0.06578217954614106,0.5043461844652467,0.0
15.455455455455455,0.06700160720524927,0.1516552457735002,0.5057515473756589,0.018416924493291298,-0.004508656438015186,-0.04854295857919047,0.1336207787248532,0.13255365169215858,0.06889514534231908,0.5047692871516745,0.0
15.475475475475475,0.0700195621461534,0.15089774704520703,0.5061431860832712,0.019581935380618153,-0.005163426867422831,-0.032738521470223964,0.13360806717956986,0.1323808953950807,0.07200539127612593,0.5052119406986745,0.0
15.495495495495495,0.0730185564637793,0.14994971588129535,0.5065553619622863,0.020608793950753882,-0.005634456158033829,-0.02355146453038337,0.1336079412479488,0.13230357128883613,0.07511279456037863,0.505674127631043,0.0
15.515515515515515,0.07599599884149377,0.14887211888572344,0.5069869151422538,0.021577658998375368,-0.005965850380376833,-0.016569711116975857,0.13359848965746182,0.13225236975253515,0.07821723252011534,0.5061558297024311,0.0
15.535535535535535,0.07895005836989864,0.14770297642024358,0.5074369370544398,0.022501095609299374,-0.006209153453657308,-0.012165153663841233,0.1355415787957405,0.13429725724703617,0.08131858259744151,0.5066570278960659,0.0
15.555555555555555,0.08187909132579414,0.14645164779477465,0.5079645002124032,0.026378157898172307,-0.006295523422734149,-0.004318498453651946,0.13423564815281863,0.13287081402924894,0.0844167223563669,0.507177702425501,0.0
15.575575575575575,0.08478237411766554,0.14516413959356986,0.5085291198628488,0.028230982522273275,-0.0063178988394224506,-0.0011187708342175625,0.13391653625464078,0.1325011509626323,0.0875115294876378,0.5077178327353973,0.0
15.595595595595595,0.08765962492639957,0.1438625404367015,0.509120589997541,0.02957350673460929,-0.006311230552606021,0.0003334143410266292,0.13381958929404553,0.13239120402940713,0.0906028818135687,0.5082773975023351,0.0
15.615615615615615,0.09051079712907788,0.14255861013391496,0.509735845025961,0.030762751421002654,-0.006306487817232027,0.00023713676891186835,0.13355434231380028,0.13213946859979764,0.09369065729286213,0.5088563746356556,0.0
15.635635635635635,0.09333595424460295,0.14125785577625352,0.5103672262680435,0.031569062104127306,-0.006280554319185993,0.0012966749025205867,0.1326344251692991,0.13110940686577452,0.0967747340254302,0.509454741278333,0.0
15.655655655655655,0.09613533731055297,0.1399691532975016,0.510985845840059,0.030930978600776565,-0.006359671062664224,-0.003955837173686028,0.1328846971928088,0.1314680731321865,0.09985499025720337,0.5100724738078766,0.0
15.675675675675675,0.09890904836053382,0.1386855524990427,0.5116007255098032,0.030743983487208332,-0.006512301537440406,-0.007631523738578146,0.13300337187954464,0.13170111968657766,0.10293130438494077,0.510709547837264,0.0
15.695695695695695,0.10165676875065327,0.13738601950597198,0.5122170738986955,0.03081741944461887,-0.0066696840998884885,-0.007869128122167904,0.1330753640571692,0.13186891522451308,0.10600355496102724,0.5113659382159033,0.0
15.715715715715715,0.10437791021218575,0.13605707307662396,0.5128384394897898,0.03106827955471472,-0.0067869215881340315,-0.005861874412036757,0.13320777926803337,0.13207517588611323,0.10907162069827145,0.5120416190306263,0.0
15.735735735735735,0.10707188309329083,0.13469864405525392,0.513469835520314,0.03156980152621117,-0.006864585436262866,-0.0038831924061978234,0.13317948822939094,0.13213903135032729,0.11213538047469057,0.5127365636067114,0.0
15.755755755755755,0.10973825814507075,0.13331875258899653,0.5141117857584221,0.032097511905406516,-0.0068625263565534785,0.00010295398571610014,0.1332595923529142,0.13229099899339153,0.11519471333829508,0.5134507445089367,0.0
15.775775775775776,0.11237671824036026,0.1319230047644754,0.5147677261396795,0.03279701906286691,-0.006733749153334434,0.0064388601612014595,0.1332300579606785,0.13230761311639183,0.11824949851186237,0.514184133542663,0.0
15.795795795795796,0.11498740047399242,0.13053411168160775,0.5154374653127956,0.033486958655801584,-0.006566941968876042,0.008340359223170644,0.1331536013689865,0.1323488226168327,0.12129961539770398,0.5149367017549471,0.0
15.815815815815816,0.1175708058903936,0.12917027082005925,0.516120484554359,0.0341509620781698,-0.006257960538737849,0.01544907150716188,0.13318507548204006,0.13241869053781194,0.12434494358242747,0.5157084194356845,0.0
15.835835835835836,0.1201276701694414,0.12784321395238984,0.5168182895588184,0.03489025022296863,-0.005864074047855497,0.019694324544370617,0.1337389828400594,0.1337376400378431,0.12738536284169097,0.5164992561187824,0.0
15.855855855855856,0.12265905622754805,0.12656930290533303,0.5175586336066235,0.03701720239025448,-0.004793008851188947,0.053553259833579635,0.13294217549636214,0.13260812162165964,0.13042075314494816,0.517309180583363,0.0
15.875875875875876,0.1251667937327794,0.1253868752615667,0.5183129884891493,0.0377177441262923,-0.0034113007698446016,0.06908540406746891,0.133021685964992,0.1325421412697057,0.13345099466018773,0.5181381608549951,0.0
15.895895895895896,0.12765513612577886,0.12441711964997344,0.519081577102792,0.038429430682133114,-0.0018752906538682327,0.07680050579906995,0.13319448347720136,0.13264901391836897,0.1364759677586628,0.5189861642069571,0.0
15.915915915915916,0.13012956462522907,0.12372142497251068,0.5198685649844382,0.039349394082311244,-0.0002963587865966946,0.07894659336382825,0.13333540761774637,0.1327617341877546,0.1394955530196146,0.5198531571615285,0.0
15.935935935935936,0.1325962160463572,0.12333257105640759,0.5206777258129243,0.04045804142430312,0.001208985198319966,0.07526719924608398,0.13330660453066642,0.13277861943901126,0.14250963123498786,0.520739105491312,0.0
15.955955955955956,0.13506141281093623,0.12325983822895117,0.5215088897863688,0.041558198672228416,0.00257954349653768,0.06852791491113587,0.13342010316913022,0.13297657416088482,0.14551808341413597,0.5216439742205847,0.0
15.975975975975976,0.13753115426110893,0.12348707250863493,0.5223666683174619,0.04288892655465878,0.0038233017368161436,0.06218791201417224,0.1332585573129393,0.13288796317428855,0.14852079078851732,0.5225677276266785,0.0
15.995995995995996,0.14001092726962863,0.12398865042598457,0.523247345145033,0.04403384137855274,0.004910960882804168,0.054382957299648774,0.1333193674043713,0.1330687977199694,0.15151763481638708,0.5235103292413906,0.0
16.016016016016017,0.1425056837785937,0.12473782544825414,0.5241544844636267,0.04535696592968171,0.005904212779217459,0.049662594820910295,0.13321232108936107,0.13303800165790297,0.15450849718747361,0.5244717418524232,0.0
16.036036036036037,0.14501978451757389,0.12570503694900878,0.5250860254430009,0.046577048968709456,0.006785027689965547,0.044040745537647856,0.1354316824311568,0.13730327801551317,0.1574932598276521,0.5254519275048526,0.0
16.056056056056057,0.1475578540418072,0.12690347621166623,0.5261380139294429,0.05259942432210254,0.00904884294455424,0.1131907627296723,0.13074896902107938,0.13164629526287824,0.16047180490360471,0.5264508475026278,0.0
16.076076076076077,0.15012246181726244,0.12823038877276066,0.5271572501849822,0.05096181277696286,0.01186536287416321,0.14082599648068297,0.1323307191514125,0.13270599650249315,0.163444014827471,0.5274684624100975,0.0
16.096096096096097,0.1527227821221451,0.13001601524413267,0.5281827955504207,0.051277268271924754,0.014796049355520124,0.14653432406807737,0.13291928372305112,0.13300119296969667,0.16640977226149334,0.5285047320535678,0.0
16.116116116116117,0.1553701663279913,0.1323692102923108,0.5292276262175037,0.05224153335415505,0.01746562869150476,0.13347896679946114,0.1328841865865927,0.13289378682468833,0.16936896012264593,0.5295596155228873,0.0
16.136136136136138,0.15807619467653103,0.1353014174269857,0.5302894773509003,0.05309255666982535,0.019747341912820987,0.11408566106603817,0.13350190120557973,0.1335260362332336,0.17232146158725858,0.5306330711730629,0.0
16.156156156156158,0.16085178231918631,0.13877938213276456,0.5313866945625214,0.054860860581056846,0.02156839570510304,0.09105268961432562,0.13347956881581302,0.13354967626589417,0.17526716009562937,0.5317250566259037,0.0
16.176176176176178,0.16370600991263917,0.1427113796726434,0.5325191292814527,0.05662173594656532,0.02290774797950671,0.06696761372040225,0.1336987389019422,0.13385933086126553,0.17820593935662546,0.5328355287716939,0.0
16.196196196196198,0.16664630384502163,0.14701469661912311,0.5336944653151214,0.05876680168343531,0.023780263426210507,0.04362577233540363,0.1332824215643437,0.13354950964165332,0.18113768335227276,0.5339644437708945,0.0
16.216216216216218,0.16967779147346346,0.15157438142209176,0.5349018298265581,0.06036822557183249,0.024201764164948122,0.021075036937088683,0.13304764899749266,0.13345342372386498,0.1840622763423387,0.5351117570558742,0.0
16.236236236236238,0.17280386438456008,0.1563036455548308,0.5361362420857012,0.061720612957156244,0.024219835022033225,0.0009035428544564919,0.13370341803594635,0.13391056893908815,0.18697960286889978,0.5362774233326691,0.0
16.256256256256258,0.1760266664815877,0.16114010485138125,0.5374141449618381,0.06389514380684534,0.023589898987978152,-0.03149680170256059,0.13266891423338362,0.13321304453531288,0.18988954776090075,0.537461396582771,0.0
16.276276276276278,0.17934566969980115,0.1659501609106721,0.5387098845690537,0.06478698036077357,0.02255708429879274,-0.05164073445908643,0.13190504148756074,0.13265799090830813,0.1927919961386983,0.5386636300649426,0.0
16.296296296296298,0.1827580101135993,0.17061702068990758,0.5400039860036794,0.06470507173128742,0.021205830297448464,-0.0675627000670399,0.13172409446339728,0.13264843308101726,0.19568683341860146,0.5398840763170649,0.0
16.316316316316318,0.186259621924687,0.1750805905543852,0.5412937210843822,0.06448675403513988,0.019624328363424166,-0.07907509670105256,0.1316117681275544,0.1326667449208323,0.19857394531739037,0.5411226871580095,0.0
16.336336336336338,0.18984522468326803,0.1792801379290512,0.5425778131123091,0.06420460139634598,0.0178728295270184,-0.08757494182013931,0.13154878617761123,0.13271632304392128,0.20145321785683123,0.5423794136895412,0.0
16.356356356356358,0.19350865979732432,0.18317175570281485,0.5438561899509473,0.06391884193190803,0.016001338123452287,-0.09357457017816985,0.13158300955285948,0.13283062230108944,0.20432453736817424,0.5436542062982485,0.0
16.376376376376378,0.19724314522261252,0.18672427126440963,0.545131180139104,0.06374950940783683,0.014035128591644038,-0.09831047659029182,0.13157137422440962,0.1328953826735982,0.20718779049664202,0.5449470146575022,0.0
16.396396396396398,0.20104139876554153,0.18991267714644977,0.5464036947748602,0.06362573178780588,0.011995706778580388,-0.10197109065307888,0.13162134487142485,0.13301506330140456,0.2100428642059029,0.5462577877294414,0.0
16.416416416416418,0.20489579109412343,0.19271961642909533,0.5476763626538909,0.06363339395153292,0.009895959404610351,-0.10498736869841528,0.13176663085165555,0.1332162374290042,0.2128896457825359,0.54758647376699,0.0
16.436436436436438,0.20879841671436977,0.19513128101231716,0.5489544202127995,0.06390287794543158,0.0077483993181059595,-0.10737800432515285,0.13293387554417763,0.13366389268257664,0.2157280228404797,0.5489330203158986,0.0
16.456456456456458,0.21274127418819305,0.19714287369116357,0.5502618809475862,0.06537303673933667,0.004970054910503432,-0.13891722038008042,0.13161007273748376,0.13281132090893114,0.2185578833254665,0.5502973742168145,0.0
16.476476476476478,0.21671567055559196,0.19871981836994568,0.5515665780684605,0.06523485604371496,0.0018941263690422066,-0.1537964270730389,0.1316956979487031,0.13318508329818424,0.22137911551945064,0.551679481607382,0.0
16.496496496496498,0.22071076452830854,0.19975469863582868,0.5528753864453995,0.06544041884694593,-0.0012608213413990645,-0.1577473855220669,0.13167955647344712,0.13333117425353017,0.2241916080450162,0.5530792879243682,0.0
16.516516516516518,0.22471445847164057,0.20018469716660126,0.5541902726791612,0.06574431168808756,-0.004335046946347687,-0.1537112802474628,0.13190712454445022,0.13363309388000258,0.22699524986977332,0.554496737905816,0.0
16.536536536536538,0.22871437765635097,0.19999595923551988,0.5555190849479397,0.06644061343892164,-0.007295263479147408,-0.14801082664004883,0.13260094500839276,0.13371232406106315,0.22978993031074366,0.5559317755932276,0.0
16.556556556556558,0.2326983803153685,0.19920013295087557,0.5568732419087122,0.06770784803862602,-0.010637907087039745,-0.1671321803947142,0.13060530342321464,0.132148626188754,0.23257553903872913,0.5573843443337724,0.0
16.576576576576578,0.23665518473871497,0.19784022116732358,0.5581999460938785,0.0663352092583103,-0.014034046410089032,-0.1698069661526004,0.13196868229523717,0.1337471418787801,0.23535196608266606,0.5588543867825233,0.0
16.596596596596598,0.24057130113274497,0.19580581970149935,0.5595429582707647,0.06715060884431547,-0.01728594269696319,-0.16259481434388778,0.13287464423686848,0.13477716023495898,0.23811910183396956,0.5603418449047219,0.0
16.616616616616618,0.24443293687950368,0.19308178733793593,0.5609307918890755,0.0693916809155376,-0.02027354060034495,-0.14937989516931652,0.1334131593678806,0.13537524817224356,0.24087683705085786,0.5618466599780683,0.0
16.636636636636638,0.2482268826137557,0.1896972867126002,0.5623800810783359,0.07246445946302056,-0.022924781505324603,-0.13256204524926735,0.1345710041476409,0.13670203273286316,0.24362506286266622,0.5633687725950399,0.0
16.656656656656658,0.251940469503923,0.18567934450836585,0.563927404192777,0.07736615572205512,-0.025077369682025834,-0.10762940883540957,0.13428473152845066,0.13631606504840935,0.24636367077414567,0.564908122665237,0.0
16.676676676676678,0.2555632287766773,0.18113796363771587,0.5655625746133044,0.08175852102637152,-0.026765886127169257,-0.08442582225759183,0.13365679068056158,0.13560882315511827,0.2490925526697455,0.566464649417755,0.0
16.696696696696698,0.2590869887580347,0.176187999067871,0.5672656109766079,0.0851518181651724,-0.028012810068764472,-0.062346197080263135,0.13312118112751217,0.13495957972983896,0.25181160081788034,0.5680382914035823,0.0
16.716716716716718,0.2625054897493951,0.17092504956801888,0.5690187916119782,0.08765903176851438,-0.02891674944532126,-0.04519696882843497,0.1327447406640143,0.13453148934713918,0.25452070787518544,0.569628986498028,0.0
16.736736736736738,0.2658140366574822,0.16542734540435738,0.5708100665984182,0.0895637493219992,-0.02943630919908758,-0.025977987689016786,0.13255621347730803,0.1342366928951852,0.2572197668907528,0.5712366719031736,0.0
16.756756756756758,0.2690092487333362,0.15976060379269924,0.5726321767094804,0.09110550555311459,-0.029648848756846546,-0.010626977888768511,0.13232699527185007,0.13393544377881586,0.25990867131035494,0.5728612841503525,0.0
16.776776776776778,0.27208924525195816,0.1539998259310987,0.5744772066675198,0.09225149790196742,-0.029549765172776032,0.004954179202570958,0.13210970164902622,0.13363214598959244,0.26258731498064786,0.5745027591026541,0.0
16.796796796796798,0.27505335310294093,0.14820539254913778,0.5763374226321721,0.09301079823261936,-0.029140408290453685,0.0204678441150129,0.13201718597005052,0.1334333712255048,0.26525559215336725,0.5761610319574586,0.0
16.816816816816818,0.27790205927788536,0.1424353087472206,0.5782085226179376,0.09355499928827807,-0.028474910100999288,0.03327490947144763,0.13188222930552748,0.13322499057762588,0.2679133974894984,0.5778360372489926,0.0
16.836836836836838,0.28063704730227756,0.13674940121960902,0.5800854695396197,0.09384734608410457,-0.0275325389345765,0.04711855831968266,0.13103393414429,0.132728650223661,0.27056062606343784,0.5795277088509154,0.0
16.856856856856858,0.28326142328040366,0.13121879890630517,0.5819484262322174,0.0931478346298839,-0.025951842501269123,0.07903482166369705,0.1313562550723678,0.13268892559978143,0.2731971733671343,0.581235979978929,0.0
16.876876876876878,0.28577867983843197,0.1258628279014162,0.5838016808284731,0.09266272981278127,-0.023942742058823345,0.10045502212039124,0.13152802525571874,0.13259280072056207,0.2758229353142151,0.5829607831934144,0.0
16.896896896896898,0.28819492956484744,0.12081248632077325,0.585646518958458,0.09224190649924577,-0.021677159945747076,0.1132791056516797,0.13173115767407262,0.13259378797796673,0.2784378082440938,0.5847020504020936,0.0
16.916916916916918,0.2905178782741134,0.11614743546329855,0.5874861598512018,0.09198204463719065,-0.019227485623611054,0.12248371610442275,0.13193360507225788,0.1326201274081985,0.2810416889260649,0.5864597128627188,0.0
16.936936936936938,0.2927562075784231,0.11191646521548394,0.5893241944937548,0.09190173212765114,-0.016606510192673174,0.13104877154426878,0.1321711578119561,0.13266025675986826,0.2836344745633784,0.5882337011857864,0.0
16.956956956956958,0.2949194041081677,0.10815982648723152,0.5911649322843887,0.0920368895316913,-0.013935495663122254,0.13355072647467303,0.13243187085894217,0.13277456953662328,0.2862160627972955,0.5900239453372739,0.0
16.976976976976978,0.29701757587100397,0.10490858814181503,0.5930141126294828,0.09245901725470143,-0.01123995127776541,0.1347772192647251,0.1326046984627264,0.13278832381167205,0.28878635171113365,0.591830374641408,0.0
16.996996996996998,0.299061096758112,0.10217604435540167,0.5948746596899672,0.09302735302422122,-0.008555579261934319,0.13421860078820638,0.13276066441059695,0.13279846071601684,0.2913452398342881,0.5936529177834531,0.0
17.017017017017018,0.3010604856883575,0.09996944651227699,0.5967491674970753,0.09372539035540371,-0.005941277924656891,0.13071506686030676,0.13302558296778524,0.13294468861035713,0.29389262614623646,0.5954915028125263,0.0
17.037037037037038,0.30302612514734334,0.09828197294928934,0.5986438314138084,0.09473319583665721,-0.0033475779390900865,0.12968499927459173,0.13158825299709392,0.13248291857181266,0.2964284100805294,0.5973460571444389,0.0
17.057057057057058,0.3049684375613283,0.09711562069924887,0.6005305917881233,0.09433801871574281,5.873908865313363e-05,0.17031585138311311,0.13074045016533564,0.13084102484983737,0.2989524915287594,0.5992165075645617,0.0
17.077077077077078,0.30689762014824806,0.09645912934598729,0.6023726115600507,0.09210098859637396,0.003727400436360113,0.18343306738111978,0.1323182299829908,0.1319432840260697,0.3014647708445122,0.6011027802307143,0.0
17.097097097097098,0.3088268083815362,0.09645941166440726,0.6042096167179463,0.09185025789477427,0.007356699443809511,0.18146495036815813,0.13327501276088788,0.13256552521678536,0.3039651488473027,0.6030048006760824,0.0
17.117117117117118,0.31077040583441945,0.09717987264416357,0.606064972857321,0.09276780696873493,0.01073380126823011,0.16885509121672668,0.1339929225109561,0.13306728230020293,0.30645352682648846,0.6049224938121549,0.0
17.137137137137138,0.31274275340586943,0.09861737857249858,0.6079566694123573,0.0945848277518143,0.013786518212969865,0.15263584723279058,0.13431628218178604,0.13322003449774433,0.3089298065451672,0.6068557839316906,0.0
17.157157157157158,0.31475718087700055,0.1007213735565554,0.6098916386310534,0.09674846093480653,0.016504769165666015,0.13591254763082622,0.1344765693637261,0.1332112997666595,0.3113938902440561,0.6088045947117058,0.0
17.177177177177178,0.3168257426966754,0.10342809098374317,0.6118719771841598,0.09901692765531372,0.0188433224232977,0.11692766287793338,0.13446302855025696,0.1330698912696883,0.31384568064535034,0.6107688492164883,0.0
17.197197197197198,0.31895918715919164,0.10667222312581069,0.6138952265768585,0.10116246963493584,0.020693055603611326,0.09248665901244409,0.13417606311003913,0.13273341177202824,0.31628508095656216,0.612748469900633,0.0
17.217217217217218,0.3211664951247112,0.11036539827597786,0.6159519884199778,0.10283809215596455,0.022149500003473804,0.07282221999041541,0.1339412685520602,0.13241890498368994,0.31871199487434465,0.6147433786121053,0.0
17.237237237237238,0.3234547177348314,0.1144111305060128,0.6180339820781711,0.1040996829096627,0.023262249384851497,0.05563746906682698,0.13187242337455632,0.12923125015882767,0.3211263265882918,0.6167534965953247,0.0
17.25725725725726,0.32582782311054154,0.11865526878550592,0.6200632294752474,0.10146236985381757,0.0232024667346573,-0.0029891325107152533,0.13205602944859804,0.12985816528550853,0.32352798078472234,0.6187787444942763,0.0
17.27727727727728,0.32829033705375515,0.12312569716067989,0.6220516373585604,0.0994203941656517,0.022395725238867407,-0.040337074789475555,0.13241867579583716,0.13050199925076758,0.3259168626504394,0.6208190423556391,0.0
17.2972972972973,0.33084234464129775,0.12760037937712976,0.6240141179227894,0.09812402821145191,0.021104953008524698,-0.06453861151610296,0.13286392386301737,0.13109018619049015,0.32829287787647843,0.6228743096319482,0.0
17.31731731731732,0.3334809622877475,0.13193088232248806,0.625966049113465,0.09759655953377977,0.019549985093668627,-0.07774839574071707,0.13301455279354063,0.13127266626712453,0.33065593266182597,0.6249444651847702,0.0
17.33733733733734,0.33620123871548363,0.13601382138680648,0.6279124745554752,0.09732127210050665,0.017770948991393906,-0.08895180511057194,0.1332454139325073,0.13153937498860943,0.3330059337171257,0.6270294272879089,0.0
17.35735735735736,0.3389972095274787,0.13979854059975422,0.6298608879960831,0.09742067203039377,0.015826181367786064,-0.09723838117613597,0.13336596902637904,0.1317192130102235,0.3353427882683598,0.6291291136306302,0.0
17.37737737737738,0.34186190049971055,0.14323454861159157,0.631815869219047,0.09774906114819269,0.013858942121211016,-0.09836196232338819,0.1336928872747583,0.13198919174173218,0.3376664040605122,0.6312434413209129,0.0
17.3973973973974,0.3447877845654769,0.14629420328831746,0.6337863883276237,0.0985259554288327,0.011865011311864055,-0.09969654046086317,0.13393198298367273,0.1322096179111223,0.3399766893612094,0.6333723268887198,0.0
17.41741741741742,0.3477671867801986,0.14897011073608524,0.635779367322986,0.09964894976811851,0.009866659060142637,-0.09991761257848936,0.13397006760123253,0.1322206542422478,0.34227355296434464,0.6355156862892946,0.0
17.43743743743744,0.3507922696729212,0.15125414463613285,0.6377956349864747,0.10081338317443554,0.007828185186730882,-0.1019236936619741,0.13461805508572652,0.13203562878171216,0.3445569041936744,0.6376734349064768,0.0
17.45745745745746,0.3538551729937316,0.15314516604051842,0.6398421353088699,0.10232501611975965,0.005146230127439856,-0.1340977529547105,0.13304456693482353,0.1308775192040091,0.3468266529064025,0.6398454875560466,0.0
17.47747747747748,0.3569475242342441,0.15461756202562452,0.6418784726615361,0.10181686763331031,0.002161609514184612,-0.1492310306519458,0.13201784697311397,0.13017019738371,0.3490827094967362,0.6420317584890842,0.0
17.4974974974975,0.36005867182614176,0.1555573795948844,0.6438790259032607,0.10002766208623173,-0.000824430728269923,-0.1493020121111611,0.1329930167290868,0.13127887613398231,0.35132498489942465,0.6442321613953574,0.0
17.51751751751752,0.36317711074805153,0.1559219460954894,0.6458747091516586,0.09978416241989332,-0.003726842241182911,-0.1451205756335486,0.13383631618627903,0.1322196727780948,0.3535533905932737,0.6464466094067262,0.0
17.53753753753754,0.3662910997053849,0.15569944786667064,0.6478919612674169,0.10086260578791742,-0.006427309573429787,-0.1350233665999095,0.13592419995848656,0.13483550691639828,0.35576783860464245,0.6486750151005751,0.0
17.55755755755756,0.36938893123562344,0.15489157651192584,0.6500004404430006,0.10542395877918906,-0.008489140806263841,-0.10309156162925999,0.1360199309025758,0.1345464404770239,0.35796824151091555,0.6509172905032636,0.0
17.57757757757758,0.3724597878736417,0.1535428319009136,0.6521972275120436,0.10983935345214382,-0.01021055544172924,-0.08607073176094844,0.13511382662527566,0.13347681657415986,0.36015451244395325,0.6531733470935973,0.0
17.5975975975976,0.37549570067647753,0.15179564014179053,0.6544529918432537,0.11278821656050608,-0.01177632248575591,-0.07828835218934904,0.13467692799633232,0.13293048525056864,0.36232656509352335,0.6554430958063258,0.0
17.61761761761762,0.37849000170021274,0.1497150511867619,0.6567531037834013,0.11500559700738125,-0.013310248826810466,-0.07669631704131562,0.13427186285763174,0.13259642733509297,0.36448431371070594,0.6577264470356559,0.0
17.63763763763764,0.38143660777181126,0.1473303035799248,0.6590865458794428,0.11667210480207205,-0.014744265056040593,-0.07170081145092747,0.13424143099146085,0.13079766184375946,0.36662767311128003,0.6600233106387905,0.0
17.65765765765766,0.38432985275188974,0.14466224900392333,0.6614261452444901,0.11697996825236406,-0.01753524757230721,-0.13954912580367407,0.1314747247772054,0.12933321978568457,0.36875655867908685,0.6623335959394876,0.0
17.67767767767768,0.3871650338318965,0.14175905400033587,0.6637091460335328,0.11415003945214024,-0.02064039550143394,-0.15525739644800815,0.13512544156694262,0.13344785728427253,0.37087088636936966,0.66465721173164,0.0
17.6976976976977,0.3899293548689238,0.1382160518513678,0.6660503988046672,0.11706263855671915,-0.0236882218124012,-0.1523913155416426,0.13495423409955026,0.13356483325015855,0.372970572712091,0.6669940662828742,0.0
17.71771771771772,0.39261055678136225,0.13406009562192078,0.6684488644845133,0.1199232839923083,-0.026542206071998115,-0.14269921297496582,0.13409170372544216,0.13289179869869855,0.3750555348152296,0.6693440673381739,0.0
17.73773773773774,0.39519713310641835,0.1293288162528041,0.6708815316377381,0.12163335766123821,-0.029144228448555073,-0.13010111882499184,0.1342853875780712,0.1333219024440714,0.3771256903680516,0.6717071221235213,0.0
17.75775775775776,0.3976776043043387,0.12402355989601759,0.673357354826512,0.12379115943869543,-0.03136614484257158,-0.11109581970013625,0.13284401650531996,0.13206140058568952,0.37918095764436105,0.6740831373495608,0.0
17.77777777777778,0.4000428367867159,0.11826162411886094,0.6758360361126317,0.12393406430597806,-0.03307440464006153,-0.08541298987608503,0.133654228802757,0.1329060818391368,0.38122125550572394,0.6764720192152778,0.0
17.7977977977978,0.4022834061890988,0.11202847011914319,0.6783418165943776,0.12528902408730064,-0.03431607342076717,-0.06208343903922325,0.13387638379802003,0.13319205085135544,0.3832465034046751,0.678873673411708,0.0
17.81781781781782,0.40439240506590624,0.10544994384037182,0.6808820025978396,0.12700930017309617,-0.03514600635770143,-0.041496646853052946,0.13388462518693703,0.133269359022556,0.3852566213878947,0.6812880051256551,0.0
17.83783783783784,0.40636489384799923,0.09862443910465098,0.6834576952728313,0.12878463374958338,-0.03552357712190137,-0.018878538218743485,0.13281294222919166,0.13312456958317528,0.38725153009936686,0.6837149190434377,0.0
17.85785785785786,0.4081982978288349,0.09167019904178145,0.6860507698760961,0.12965373016324155,-0.03480227467210488,0.036065122478609046,0.13268862296165307,0.13253699227734542,0.3892311507835115,0.6861543193546495,0.0
17.87787787787788,0.40989157320907194,0.08466376901185291,0.6886506338939008,0.12999320089023245,-0.03343979187724187,0.0681241397294976,0.13261988605663189,0.1322380550533101,0.391195405288294,0.6886061097559437,0.0
17.8978978978979,0.4114477867598928,0.07781067754104314,0.6912519432383984,0.13006546722488,-0.03167690094247931,0.08814454672211619,0.1325538073411408,0.1320575015094273,0.3931442160683093,0.6910701934548327,0.0
17.91791791791792,0.41287251876148595,0.07123660007965897,0.6938512285214117,0.1299642641506606,-0.029755949369148292,0.09604757864823633,0.13248893070152654,0.13200463639482038,0.39507750618784543,0.6935464731735121,0.0
17.93793793793794,0.41417279558433995,0.06501384114270005,0.696446971261078,0.1297871369833185,-0.027750828923637415,0.10025602225499468,0.13258343106119025,0.13214276756125862,0.3969951993239178,0.6960348511526975,0.0
17.95795795795796,0.41535608955133035,0.059164698349520435,0.6990428474939937,0.12979381164578455,-0.025693786207842535,0.10285213576702724,0.13245397514046436,0.13208626861284586,0.3988972197692855,0.6985352291554876,0.0
17.97797797797798,0.416430435948019,0.05371731983443063,0.7016363294742317,0.12967409901189897,-0.02365743922384078,0.10181734917518176,0.13245334570082098,0.13219419240380442,0.4007834924354382,0.7010475084712404,0.0
17.997997997998,0.41740389911888787,0.04867315854344406,0.7042292216269397,0.12964460763539776,-0.021616547861280082,0.1020445681009154,0.13214234083205115,0.13197813201041397,0.40265394285556105,0.7035715899194704,0.0
18.01801801801802,0.41828474040118074,0.0440420641146446,0.7068139147507865,0.1292346561923416,-0.019623596791978306,0.09964755343560036,0.13199452409375345,0.1319483071448005,0.40450849718747367,0.7061073738537633,0.0
18.03803803803804,0.4190810787315428,0.039816916518104324,0.7093879584920826,0.1287021870648068,-0.01769062616522604,0.09664853130551683,0.13127542697897004,0.13198923564054416,0.4063470822165468,0.7086547601657117,0.0
18.05805805805806,0.4198009853903789,0.03599533294180497,0.711941468522819,0.1276755015368211,-0.015323018843696827,0.11838036604056142,0.1309943011798773,0.13149289622914925,0.40816962535859197,0.7112136482888661,0.0
18.07807807807808,0.42045222494418427,0.03256197769026679,0.7144630692900382,0.12608003836096227,-0.012725187227669266,0.1298915807616669,0.13179133531409487,0.13218033117420494,0.409976054662726,0.7137839372027044,0.0
18.0980980980981,0.42104376688649736,0.029577097115655492,0.7169749023164151,0.12559165131884656,-0.010124313270091969,0.1300436978349779,0.13252729180742712,0.1329216199677326,0.4117662988142137,0.7163655254366217,0.0
18.11811811811812,0.42158554845657076,0.02708907850366871,0.7194989934160088,0.12620455497968114,-0.007596594943362626,0.126385916287942,0.13292514546230152,0.13337208870305534,0.413540287137281,0.7189583110739348,0.0
18.13813813813814,0.4220877401515473,0.025109584748829347,0.7220480265351521,0.12745165595716534,-0.0051988145079797194,0.1198890217152995,0.13311827462809014,0.13364368896436069,0.41529794959790634,0.7215621917559061,0.0
18.15815815815816,0.4225603525333794,0.02363061909160397,0.7246289747127487,0.1290474088798279,-0.0029967027680824106,0.11010558693475453,0.13317302830983727,0.13381827423216072,0.4170392168065855,0.7241770646857848,0.0
18.17817817817818,0.4230128764678533,0.02262619672369444,0.7272452961417998,0.13081607145255578,-0.000942193191832607,0.10272547874521047,0.13246025347793444,0.13319692202963376,0.41876402002107094,0.7268028266328656,0.0
18.1981981981982,0.42345416400448366,0.02206437683151878,0.7298772617586623,0.1315982808431243,0.0009196004872684347,0.09308968387940628,0.13233916591512543,0.1332042808873851,0.42047229114908447,0.729439373936562,0.0
18.21821821821822,0.4238924141923279,0.021912509392214365,0.7325232026190366,0.1322970430187122,0.002531481317077268,0.08059404140481656,0.1323431001932569,0.13338149441263955,0.42216396275100737,0.7320866025105015,0.0
18.23823823823824,0.42433501606543733,0.022130093655469415,0.7351858024756858,0.1331299928324599,0.003940625830926752,0.07045722559525351,0.13150885220140882,0.13326686230133625,0.42383896804254134,0.7347444078466325,0.0
18.25825825825826,0.4247883408011406,0.022666236785163062,0.7378509929413538,0.13325952328339968,0.005631990288828327,0.08456822278246244,0.13130510609038473,0.132875209280048,0.42549724089734603,0.7374126850193523,0.0
18.27827827827828,0.42525788032509876,0.023476976197909352,0.7405099354693387,0.13294712639924924,0.007452312590199122,0.09101611494041573,0.13162660735815815,0.1330535914330659,0.4271387158496476,0.7400913286896453,0.0
18.2982982982983,0.4257503524603945,0.024623606764787295,0.7431700039390206,0.13300342348409083,0.009202262679615495,0.08749750432666246,0.13178262141396008,0.13321324288153388,0.42876332809682627,0.742780233109247,0.0
18.31831831831832,0.42627297541641496,0.026131147801023966,0.7458358280501272,0.13329120555533183,0.010814916786837157,0.080632705199957,0.1320000407691239,0.13345159351353036,0.4303710135019719,0.7454792921248143,0.0
18.33833833833834,0.42683275862854364,0.027989160606432965,0.7485141024563682,0.1339137203120535,0.012190985132548987,0.06880341710632643,0.13213850345846828,0.13366736171424548,0.4319617085964176,0.7481883991821194,0.0
18.35835835835836,0.42743612512462686,0.030168324804160672,0.7512100112429656,0.13479543932987278,0.01335172146864887,0.058036816606714274,0.13227605031363154,0.13387182131219663,0.43353535058224485,0.7509074473302543,0.0
18.37837837837838,0.428088586048537,0.032623046195507724,0.753928558465202,0.13592736111182283,0.014300615227419485,0.04744468772050135,0.13224615760042036,0.13389975115858183,0.4350918773347628,0.7536363292258541,0.0
18.3983983983984,0.4287947620376499,0.03530879945564381,0.7566696565970493,0.13705490659236663,0.015013550871239621,0.03564678195259977,0.1321795805389367,0.1339094422728223,0.43663122740495997,0.7563749371373336,0.0
18.41841841841842,0.4295584348995414,0.03818364309457451,0.7594324112423906,0.13813773226706255,0.015468793827127068,0.022762147535014588,0.1322136734170969,0.1340320327867322,0.438153340021932,0.7591231629491427,0.0
18.43843843843844,0.430382490581384,0.04120278409213039,0.7622191021837533,0.1393345470681357,0.01567114955079998,0.010117785903073443,0.13132551713589208,0.13364343263240105,0.4396581550952782,0.7618808981660307,0.0
18.45845845845846,0.431268431607709,0.04429705131625024,0.7650107894071699,0.1395843611708293,0.01601449597033901,0.01716732067341003,0.1312869411207659,0.13343046412657275,0.44114561321747664,0.7646480339173337,0.0
18.47847847847848,0.43221701162912357,0.04742900107072861,0.7678037344173672,0.13964725050986393,0.01632677629566292,0.015614015941675139,0.13163816569579462,0.1336990933560442,0.4426156556662275,0.7674244609612707,0.0
18.4984984984985,0.43322971087546275,0.0506349623169592,0.7706070977244238,0.14016816535283314,0.016555044115281258,0.011413390637539347,0.13180535569920443,0.1338042506100659,0.4440682244067723,0.7702100696892562,0.0
18.51851851851852,0.4343078696589825,0.05390793917598764,0.7734248937153718,0.14088979954739833,0.016573420703171363,0.0009188290340775788,0.13189965045052854,0.13391653752753338,0.4455032620941839,0.7730047501302265,0.0
18.53853853853854,0.4354524346099952,0.05722824755063753,0.7762601676730323,0.14176369788302395,0.016392871458626102,-0.009027462602545418,0.13187029120027227,0.13393904359970027,0.4469207120756318,0.7758083919549836,0.0
18.55855855855856,0.4366634816999489,0.060552354497683696,0.7791128168841199,0.1426324605543825,0.016040314958544674,-0.01762782539189431,0.13182016849843212,0.13393899815117868,0.4483205183926179,0.7786208844805491,0.0
18.57857857857858,0.43794027272491554,0.06383955124833168,0.7819821099354112,0.1434646525645626,0.015571832213687116,-0.02342413764039914,0.13169187085933057,0.13383622704693757,0.44970262578318543,0.7814421166745333,0.0
18.5985985985986,0.4392813694807843,0.0670548377934384,0.784864646535502,0.14412683000454213,0.014994242482920653,-0.028879486942408744,0.13157152698390986,0.1337199932515974,0.4510669796841014,0.7842719771595206,0.0
18.61861861861862,0.4406848093140433,0.07017199166295096,0.7877569513826211,0.1446152423559566,0.014403124653587443,-0.029555891873310553,0.13156810655100193,0.1336589433369837,0.45241352623300984,0.7871103542174639,0.0
18.63863863863864,0.4421483429321001,0.07317668090284021,0.7906581041600563,0.1450576388717588,0.01369307307392655,-0.03550257938850453,0.13080487152410988,0.13309077463073798,0.4537422122705585,0.7899571357940969,0.0
18.65865865865866,0.4436693403774076,0.07604987226537503,0.7935484165529352,0.14451561964394333,0.013049301110091383,-0.0321885985925375,0.1311209410611093,0.13326162603713362,0.4550529853424978,0.7928122095033578,0.0
18.67867867867868,0.44524503746435723,0.07878485434748246,0.7964351405247116,0.14433619858882632,0.012482705828835672,-0.028329764453711923,0.13133008825748954,0.1333002875952891,0.45634579370175143,0.7956754626318255,0.0
18.6986986986987,0.44687293738512185,0.08139499603823043,0.7993219807182054,0.14434200967468783,0.011886932717124125,-0.02978865596191469,0.13154964996904123,0.13340024951838886,0.45762058631045877,0.7985467821431685,0.0
18.71871871871872,0.4485508225809878,0.08389425979329582,0.8022136988045359,0.14458590431652252,0.01124606821495388,-0.03204322546569576,0.1316118783894812,0.1333464795410283,0.45887731284199046,0.8014260546826094,0.0
18.73873873873874,0.45027634654748205,0.08627619832471436,0.805110448578814,0.14483748871390342,0.010476722300103125,-0.03846729607638336,0.13164256368827934,0.1333058347522164,0.46011592368293497,0.8043131665813983,0.0
18.75875875875876,0.45204694636500553,0.08852999087617325,0.8080121115982762,0.1450831509731151,0.009587528376352558,-0.0444596964940074,0.13175148694527491,0.13332198001028228,0.4613363699350575,0.8072080038613019,0.0
18.77877877877878,0.4538595353221201,0.09062944785572843,0.8109205734267637,0.1454230914243745,0.008633821293406167,-0.04768535442257376,0.13184365142307058,0.13326912463698673,0.462538603417229,0.8101104522390994,0.0
18.7987987987988,0.4557106112556943,0.09255379667871018,0.8138364514249403,0.1457938999088305,0.007519923560531947,-0.055694886884327166,0.1318829428578114,0.1332115044867738,0.46372257666733074,0.8130203971311001,0.0
18.81881881881882,0.45759629546776304,0.09428421060343851,0.8167595081924429,0.1461528383751308,0.006368819272824968,-0.05755521458821322,0.1319544458466605,0.13312008392221034,0.46488824294412573,0.815937723657661,0.0
18.83883883883884,0.45951217701136576,0.09579407718013495,0.8196894839953891,0.14649879014731018,0.005100140752382844,-0.06343392618465285,0.13198789957894314,0.13256919504809916,0.4660355562291054,0.818862316647727,0.0
18.85885885885886,0.46145365530880145,0.09707391487178328,0.8226187446746275,0.14646303396191926,0.0032923558579197403,-0.09038924484319207,0.13156666486524737,0.1323746949320706,0.4671644712283059,0.8217940606433743,0.0
18.87887887887888,0.46341567237618647,0.09810085336925055,0.8255381968653204,0.14597260953464425,0.0011853411001672863,-0.10535073796364876,0.13185069569484395,0.132779429177944,0.46827494337409614,0.8247328399043704,0.0
18.8988988988989,0.4653910807501261,0.09877041869698161,0.8284580741018309,0.14599386182552526,-0.0009489919993394021,-0.10671665500595298,0.1317441221412113,0.1326458693418435,0.4693669288269369,0.8276785384127412,0.0
18.91891891891892,0.46737158904288245,0.09902541463781919,0.8313748373487587,0.14583816234638988,-0.0030922094932425816,-0.1071608746792014,0.13203650159817715,0.13290547802108024,0.4704403844771129,0.8306310398773546,0.0
18.93893893893894,0.46934872383626214,0.0988567396689839,0.8342966651923174,0.1460913921779322,-0.00510360067552958,-0.10056955905090297,0.1329779334235296,0.13372863340798574,0.4714952679464323,0.8335902277385069,0.0
18.95895895895896,0.47131393769311525,0.09826069284265582,0.837249682542413,0.14765086750478143,-0.006992319227877109,-0.09443592750578854,0.1328338435253184,0.1334848240212703,0.4725315375899024,0.8365559851725288,0.0
18.97897897897898,0.4732592788028089,0.09726705548468241,0.840228110250057,0.14892138538219726,-0.008785284957604104,-0.08964828632617386,0.1327699174095341,0.13333699250881414,0.47354915249737206,0.8395281950963951,0.0
18.998998998999,0.4751772096776982,0.09589654374446682,0.8432287661735229,0.15003279617329984,-0.010376622098852052,-0.07956685685328534,0.1328057198780156,0.1332262324153294,0.4745480724951473,0.8425067401723476,0.0
19.01901901901902,0.4770605879370757,0.09416891296887368,0.84625048411123,0.15108589688535543,-0.011748032505046474,-0.06857052005138714,0.1328239029881535,0.13307141915014778,0.47552825814757677,0.8454915028125262,0.0
19.03903903903904,0.478903067399124,0.09212397310241732,0.8492911799327411,0.15203479107555248,-0.012882186015251963,-0.05670767520235347,0.1303078776011405,0.1296765434620808,0.4764896707586093,0.8484823651836128,0.0
19.05905905905906,0.48070023707950205,0.08985848401890202,0.8522632310159037,0.14860255415813156,-0.014420094896619275,-0.07689544370955224,0.12974665015222706,0.12938029861949507,0.4774322723733215,0.8514792092114825,0.0
19.07907907907908,0.4824478161077743,0.08737895141361401,0.8551538813264008,0.1445325155248513,-0.016023655924971188,-0.08017805100797568,0.13118550933697493,0.13090740486468075,0.47835602577941516,0.8544819165858638,0.0
19.0990990990991,0.48413916621302583,0.08456750526257663,0.8580069859318401,0.1426552302719664,-0.017454407656285906,-0.07153758610479304,0.13229682508339266,0.13197232643995682,0.4792608945086879,0.857490368765012,0.0
19.11911911911912,0.48576749586537304,0.08141648261736116,0.8608546864723292,0.14238502702445624,-0.018666629943186113,-0.060611113831917814,0.13319937614704147,0.13278190467762702,0.4801468428384716,0.8605044469803856,0.0
19.13913913913914,0.4873267180229155,0.07796110787712304,0.8637222502027666,0.14337818652186968,-0.01966075045050508,-0.04970602479945776,0.1338896759882182,0.13340613967965595,0.48101383579304297,0.8635240322413374,0.0
19.15915915915916,0.4888115979884457,0.0742439982765093,0.8666290620552406,0.14534059262370022,-0.020329110625027708,-0.03341800810423945,0.13375296062972453,0.13310418826160003,0.4818618391450048,0.866549005339812,0.0
19.17917917917918,0.49021825129317487,0.07033266523645836,0.8695685490823782,0.14697435135688067,-0.020673978752263733,-0.01724340568161097,0.13386425341208052,0.13301928204217128,0.48269081941663694,0.8695792468550516,0.0
19.1991991991992,0.49154397227095975,0.06628604888924514,0.8725410492858543,0.1486250101738005,-0.020755665661884554,-0.004084344739044395,0.1335815740686378,0.13256312983417223,0.4835007438812175,0.8726146371583088,0.0
19.21921921921922,0.4927875284289558,0.062177807899801894,0.8755355913991243,0.1497271056635,-0.0205490297742209,0.010331795191652102,0.13348107211245935,0.13225353721136404,0.4842915805643155,0.8756550564175724,0.0
19.23923923923924,0.4939486422621143,0.058055691657925845,0.8785460945840624,0.1505251592469084,-0.020079800967500186,0.023461441216579546,0.1334574887449862,0.1319980094969396,0.4850632982450528,0.8787003846022958,0.0
19.25925925925926,0.49502819287194333,0.053977530491449384,0.8815684415337772,0.15111734748574057,-0.019496765947223115,0.029151751971938894,0.13333754123755565,0.13174739881156522,0.48581586645733704,0.8817505014881378,0.0
19.27927927927928,0.4960280544535188,0.04999307907877096,0.8845971810879548,0.15143697770887835,-0.01876237755586505,0.03671942060994226,0.13333774370185844,0.13157355167207918,0.48654925549106326,0.8848052866617047,0.0
19.2992992992993,0.4969504958384488,0.04612206924650259,0.8876297865276999,0.15163027198725343,-0.017890610883826787,0.04358833473533785,0.13334861026109948,0.1314097638586787,0.4872634363932886,0.8878646195253097,0.0
19.31931931931932,0.49779841739024105,0.042396077589612335,0.8906640478832661,0.15171306777831323,-0.0169751336295514,0.04577386394553113,0.13338108101841628,0.13132901905087255,0.4879583809693737,0.8909283793017287,0.0
19.33933933933934,0.49857521576072644,0.0388399185242692,0.8936993127594307,0.151763243808227,-0.016041051466673364,0.046704109480921324,0.13335373123765593,0.1311924905864327,0.4886340617840967,0.8939964450389726,0.0
19.35935935935936,0.49928449994067703,0.035464208997528855,0.8967332162636931,0.15169517521311646,-0.015132409169766348,0.04543211629448437,0.1334005780470945,0.13117196045922003,0.489290452162736,0.897068695615059,0.0
19.37937937937938,0.4999298375680061,0.032266881366453094,0.8997662086535572,0.15164961949320616,-0.014147787025899928,0.04923110876331651,0.1335060598416344,0.13114313781401576,0.48992752619212343,0.9001450097427964,0.0
19.3993993993994,0.5005147762170457,0.02924693245198008,0.9027994809999579,0.15166361732003358,-0.01319473351689732,0.04765267714818629,0.13358571167334402,0.13115463683204226,0.490545258721667,0.9032252659745696,0.0
19.41941941941942,0.501043078674305,0.02641512286296687,0.9058344400656893,0.15174795328657023,-0.01218546793870579,0.050463280745086526,0.13364381789749877,0.13110008820991917,0.4911436253643444,0.906309342707138,0.0
19.43943943943944,0.501518502013263,0.023771166947898367,0.9088711896521106,0.15183747932106648,-0.01123861751950759,0.04734252293960435,0.13512552205052025,0.13251024416133297,0.49172260249766486,0.9093971181864315,0.0
19.45945945945946,0.5019444419534002,0.021296997006856278,0.911952619182277,0.15407147650832095,-0.010334005741557302,0.04523059102993957,0.1345919565541881,0.13193476797228165,0.4922821672646027,0.912488470512362,0.0
19.47947947947948,0.5023248389539446,0.019019850027223992,0.9150623434151952,0.1554862116459087,-0.00950142885404681,0.04162884666703932,0.1340148381100474,0.1313384771788331,0.49282229757449897,0.9155832776436329,0.0
19.4994994994995,0.5026634415598552,0.016930130295527097,0.9181830179651825,0.1560337274993683,-0.008744300927802706,0.03785639876896867,0.13350141067839047,0.13081723899868805,0.4933429721039341,0.9186814174025583,0.0
19.51951951951952,0.5029636791418921,0.015011879101846272,0.9212993476045551,0.15581648196862705,-0.008081126036676524,0.03315874718363638,0.13359792457190708,0.13092118862560015,0.49384417029756883,0.9217827674798844,0.0
19.53953953953954,0.5032284364384076,0.013237864825776562,0.9244143290963964,0.15574907459206616,-0.007403118986797138,0.03390035530043805,0.13512988806094473,0.13133356938938287,0.494325872368957,0.9248872054396211,0.0
19.55955955955956,0.5034601284463851,0.011584600398875636,0.9275567884630065,0.15712296833050432,-0.007686035453735379,-0.014145820332026625,0.13221198066171014,0.12908278850312396,0.49478805930132547,0.9279946087238738,0.0
19.57957957957958,0.5036619582015015,0.010091487755821976,0.9306501753643326,0.15466934506630653,-0.008317089620582996,-0.031552705128762834,0.13303129311508805,0.1302403280230389,0.4952307128483256,0.9311048546576807,0.0
19.5995995995996,0.5038326398991805,0.008534084883950485,0.9337237673682622,0.15367960019648,-0.00908032451971635,-0.03816174154922278,0.1333941175838786,0.13083047927852864,0.4956538155347533,0.9342178204538587,0.0
19.61961961961962,0.50396961037406,0.006848523743972358,0.9367916624508436,0.153394754129068,-0.009814833728253716,-0.03672545682602379,0.1334980047924694,0.13107369506181962,0.49605735065723894,0.9373333832178481,0.0
19.63963963963964,0.5040698841894639,0.005013690770192796,0.9398589766779825,0.1533657113569435,-0.010490448439894056,-0.03378073178736973,0.13436994596420299,0.1333720822476996,0.49644130228490685,0.9404514199525652,0.0
19.65965965965966,0.5041301283274976,0.0030122069016865114,0.9429726484156117,0.1556835868814586,-0.009971785951302482,0.02593312838734197,0.13336311093275238,0.13167387091948157,0.4968056552600042,0.943571807563259,0.0
19.67967967967968,0.504148093120504,0.0008982396503232049,0.9460925779003612,0.15599647423747573,-0.008822909834243654,0.05744381000635732,0.13347879195644288,0.1313823955830885,0.49715039519849946,0.9466944228623702,0.0
19.6996996996997,0.5041258799127194,-0.0011106603892327848,0.9492161817364929,0.1561801918065849,-0.00743408556142538,0.06944121801182236,0.13357770952768058,0.13129748061465232,0.4974755084906501,0.9498191425743925,0.0
19.71971971971972,0.5040680538854797,-0.002891301361985548,0.9523437097243623,0.15637639939347062,-0.006054368529144387,0.0689858562154312,0.1336485007948409,0.13134856922349847,0.49778098230154,0.9529458433407425,0.0
19.73973973973974,0.5039800444880564,-0.004400469871165439,0.9554770117399232,0.1566651007780417,-0.004681049425188636,0.0686659600424704,0.1337537069753907,0.1314227520344114,0.4980668045715862,0.9560744017246279,0.0
19.75975975975976,0.503867342168254,-0.005635115990122492,0.9586187818790888,0.15708850695827872,-0.003498857339002899,0.059109609403100824,0.13363238469656857,0.13141212649250336,0.49833296401701493,0.9592046942159215,0.0
19.77977977977978,0.5037353779310675,-0.00659821185932439,0.9617670943394961,0.15741562302037018,-0.002463266052422915,0.05177956967760627,0.13367254640330697,0.13153775926354955,0.49857945013030697,0.9623365972360336,0.0
19.7997997997998,0.5035888510214068,-0.007326345483030363,0.9649244243053169,0.15786649829103644,-0.0016227792618913072,0.042024345133393204,0.13364287108947187,0.13168464633972018,0.4988062531806126,0.9654699871427973,0.0
19.81981981981982,0.5034318851198306,-0.007848295078813157,0.9680925203706601,0.15840480326716105,-0.0009411515414704536,0.034081391886359495,0.1335027350121092,0.13172329981173872,0.4990133642141358,0.9686047402353434,0.0
19.83983983983984,0.5032678891720976,-0.008199797386649344,0.9712698858403868,0.15886827348633537,-0.00046255866984396796,0.02392964970044125,0.13340052936951124,0.13145973357375032,0.4992007750544875,0.9717407327589876,0.0
19.85985985985986,0.5030995664669952,-0.008416135255121528,0.9744511053068992,0.15906097332561814,-0.0003493367170842747,0.005661104026193509,0.1330824526980012,0.13151627929274962,0.49936847830300873,0.9748778409101149,0.0
19.87987987987988,0.5029288239427135,-0.008537126214079552,0.9776323055551548,0.15906001241278014,-0.00034904687101706744,1.4498953678916161e-05,0.13288747816556998,0.13155501850678744,0.49951646733906235,0.9780159408410675,0.0
19.8998998998999,0.5027562104223937,-0.0086306760159911,0.9808111721672436,0.15894333060443974,-0.0004674320360316967,-0.00591925134747963,0.13273154850040672,0.13165293060742153,0.4996447363202946,0.9811549086650324,0.0
19.91991991991992,0.502581782262439,-0.00872140799773676,0.983986845623174,0.15878367279651895,-0.0006022233397884271,-0.006739558037794188,0.13262910202684658,0.1317595608548331,0.4997532801828658,0.9842946204609363,0.0
19.93993993993994,0.5024051451036372,-0.008831857940090188,0.9871593877144598,0.15862710456428925,-0.0007150436411117971,-0.005641007675881744,0.13249030985000546,0.13181640546040777,0.49984209464164997,0.9874349522783314,0.0
19.95995995995996,0.5022258463227801,-0.008964939042852976,0.9903275841198019,0.15840982026710543,-0.0007891025362371524,-0.003702937134016096,0.13235880217029944,0.13190989338793258,0.4999111761904045,0.990575780142296,0.0
19.97997997997998,0.5020435106666543,-0.009116782806291763,0.9934908712916869,0.1581643585942482,-0.0007688103503617212,0.001014617137324818,0.13217960348835703,0.13195050149129,0.49996052210190806,0.9937169800583235,0.0
20.0,0.5018579421008862,-0.009278428288408363,0.9966471958177896,0.15781622630513747,-0.0006537057756964724,0.005755236781595929,0.1319962468919715,0.1319773992794933,0.49999013042806856,0.9968584280172206,0.0
