time,x,x_dot,z,z_dot,theta,theta_dot,u1,u2,x_ref,z_ref,theta_ref
0.0,0.27395604855596334,-0.0012224312049589538,1.3020370878759355,0.003947360581187278,-0.24349359126741027,0.009512447032735119,0.05632337490536779,0.059804456741089654,0.5,1.0,0.0
0.02002002002002002,0.2735169367457219,-0.02195559051207214,1.299865634610453,-0.10857266327413076,-0.24076808797643237,0.13627516454889516,0.05632337490488071,0.07726763787209441,0.49999013042806856,1.0031415719827794,0.0
0.04004004004004004,0.2726012127498883,-0.045786199791682095,1.2956968560302178,-0.20843892901175323,-0.22167649403334796,0.9545796971542224,0.05632337490570948,0.0649528305063884,0.49996052210190806,1.0062830199416763,0.0
0.06006006006006006,0.2712576173238621,-0.06717977130130938,1.2893569835645107,-0.3169936232853536,-0.1948543851154401,1.341105445895392,0.05632337491141155,0.06087268442327126,0.4999111761904045,1.0094242198577041,0.0
0.08008008008008008,0.26953366366616877,-0.08619768288466688,1.2807975790253583,-0.4279702269576192,-0.16433805692710443,1.5258164094167836,0.05632337490488076,0.05855814627451117,0.49984209464164997,1.0125650477216688,0.0
0.10010010010010009,0.26748203681475907,-0.10258134257048383,1.2699977519802388,-0.5399913522559718,-0.13180758312821328,1.6265236899445583,0.0563233749048829,0.056873071527170235,0.4997532801828658,1.0157053795390643,0.0
0.12012012012012012,0.265158359690111,-0.11618385623240406,1.2569457038482041,-0.6526024066017301,-0.09831769806005432,1.6744942534079486,0.05632337525532713,0.0563233755638676,0.4996447363202946,1.0188450913349674,0.0
0.14014014014014015,0.2626184259028829,-0.12699668936140177,1.2416453838880357,-0.7650159980084175,-0.06485503468993482,1.6731331685059752,0.05687898957145445,0.05632337511909565,0.49951646733906235,1.0219840591589324,0.0
0.16016016016016016,0.2599171324468149,-0.13506467280340045,1.2241157693271174,-0.8764807280459189,-0.03107722776118178,1.6888903464376517,0.05842528296784596,0.05632337758713727,0.49936847830300873,1.0251221590898847,0.0
0.18018018018018017,0.25710958004623813,-0.14037762002884008,1.2043890212380919,-0.9863374044512729,0.001328489147409379,1.6202858454295577,0.05910367477955181,0.056323375457740535,0.4992007750544875,1.0282592672410122,0.0
0.20020020020020018,0.25425314487582434,-0.14282175852068935,1.1824829818602685,-1.0953019688911725,0.03198217869817042,1.5326844775380515,0.14025389319648512,0.13686621963013962,0.4990133642141358,1.0313952597646567,0.0
0.22022022022022023,0.25140705333674895,-0.1423045769537691,1.1607993043223335,-1.084183876896747,0.05968181691981419,1.3849819110821884,0.20299902686760624,0.19890198781393137,0.4988062531806126,1.0345300128572028,0.0
0.24024024024024024,0.2487560696721865,-0.1325491832281227,1.141182986580301,-0.9808158871016237,0.08416640691849245,1.2242294999339127,0.2344965426083172,0.22977195975790213,0.49857945013030697,1.0376634027639664,0.0
0.2602602602602603,0.24651940469148495,-0.11183324903507756,1.1245436997966518,-0.8319643391824549,0.10516364295979676,1.049861802065216,0.25586410222685607,0.25071395682717834,0.49833296401701493,1.0407953057840789,0.0
0.2802802802802803,0.24491714682234125,-0.08011289345718503,1.1114871923499152,-0.6528253723368252,0.1215645303619703,0.8200443701086773,0.2606116705330427,0.2558481668088923,0.49806680457158625,1.0439255982753717,0.0
0.3003003003003003,0.2441201777913626,-0.03984845154893269,1.102136986861229,-0.46751027443430915,0.13410504668535952,0.6270258161694608,0.2519558013341647,0.2472582387100033,0.49778098230154,1.047054156659257,0.0
0.3203203203203203,0.24422108807727125,0.0050455142954315135,1.0962189550345112,-0.2959015913358844,0.1426742127641356,0.4284583039388048,0.23668738130964395,0.23238977162272703,0.4974755084906501,1.0501808574256075,0.0
0.34034034034034033,0.24525106277006042,0.05149873463945925,1.0932739549153168,-0.14725000595971996,0.14774309684046324,0.2534442038163838,0.21699221111804423,0.2130450814455807,0.49715039519849946,1.05330557713763,0.0
0.36036036036036034,0.24718613466257044,0.09675359462550123,1.0927178680624852,-0.02780434264158123,0.1493034762003191,0.07801896799279195,0.19618043142429617,0.1928783637089743,0.4968056552600042,1.056428192436741,0.0
0.38038038038038036,0.2499677910099464,0.13908281736879785,1.0939433126601628,0.06127222988388051,0.14860800074451222,-0.034773772790345575,0.17656230716817853,0.17334440882821192,0.49644130228490685,1.059548580047435,0.0
0.40040040040040037,0.2535180813259924,0.17751451580230165,1.096373760908544,0.12152241241905691,0.1451068826809247,-0.1750559031793749,0.15949107338799762,0.15695188279561864,0.49605735065723894,1.0626666167821521,0.0
0.42042042042042044,0.2577591012514566,0.21205099627321047,1.099518219338804,0.157222921512996,0.13944769498474172,-0.2829593848091502,0.14491918772281506,0.14286680177950353,0.4956538155347533,1.0657821795461413,0.0
0.44044044044044045,0.26261207926386465,0.24264890062040065,1.102958186889288,0.1719983775241974,0.13267681433922385,-0.33854403227589264,0.1338176005488549,0.13174666582393957,0.4952307128483256,1.068895145342319,0.0
0.46046046046046046,0.2680069470821234,0.26974339091293875,1.106370678945362,0.17062460280370406,0.12409435597171291,-0.4291229183755485,0.1264539915233391,0.124956589531698,0.49478805930132547,1.072005391276126,0.0
0.4804804804804805,0.27388901696605317,0.2941034941964876,1.1095514365846395,0.15903788196387275,0.11394868925926527,-0.5072833356223817,0.12127778598290119,0.12035361267955635,0.49432587236895703,1.0751127945603784,0.0
0.5005005005005005,0.2802078623250245,0.3159422679485648,1.11236099578568,0.14047796005202431,0.1031398894788574,-0.5404399890203926,0.11822285296971476,0.11742512372657231,0.4938441702975689,1.0782172325201154,0.0
0.5205205205205206,0.2869170339850767,0.33545858300260845,1.114715971201515,0.11774877079175392,0.0913084525856146,-0.591571844662141,0.11757382546036692,0.1172354987657469,0.493342972103934,1.0813185825974418,0.0
0.5405405405405406,0.29397688919221976,0.3529927603571549,1.1166085631979412,0.09462959982130983,0.07963716465658072,-0.5835643964516942,0.11770970408686308,0.11716198777337238,0.492822297574499,1.084416722356367,0.0
0.5605605605605606,0.30134602491696977,0.36845678623750033,1.1180441734493007,0.07178051256797408,0.06814843697680532,-0.5744363839887691,0.11928423911317589,0.11854799994481344,0.49228216726460267,1.087511529487638,0.0
0.5805805805805806,0.30898719827676263,0.3820586679896441,1.119070477603757,0.051315207722811805,0.0564180875797399,-0.5865174698532707,0.12150389598065287,0.12090216410824921,0.49172260249766486,1.0906028818135687,0.0
0.6006006006006006,0.3168646815237076,0.39387416234724953,1.1197585091839413,0.03440157900921327,0.0437163390497512,-0.6350874264994343,0.12417955208064597,0.12428369266176384,0.49114362536434436,1.0936906572928624,0.0
0.6206206206206206,0.3249410705944577,0.4038194535375043,1.120200853015819,0.022117191593880786,0.03081611069262884,-0.6450114178561184,0.12644580318508958,0.12687468889342735,0.49054525872166704,1.0967747340254301,0.0
0.6406406406406406,0.3331723735870926,0.4115651496317448,1.1204720104925783,0.013557873837969369,0.01832468554956735,-0.6245712571530744,0.12906598968986382,0.1294898241693282,0.48992752619212343,1.0998549902572035,0.0
0.6606606606606606,0.3415123321971211,0.4169979305014244,1.1206514995979695,0.008974455269557506,0.006337177287598621,-0.5993754130984366,0.13179917731941898,0.13219800404467727,0.48929045216273603,1.1029313043849407,0.0
0.6806806806806807,0.3499145707966765,0.420111929977767,1.1208211979358564,0.008484916894349423,-0.005466576173865614,-0.5901876730732116,0.13406655346114144,0.13469524142501987,0.48863406178409674,1.1060035549610272,0.0
0.7007007007007007,0.3583323902603211,0.4208909731822305,1.121052279739122,0.011554090163278354,-0.016525091860767106,-0.5529257843450748,0.13617495174636599,0.13670955589271905,0.4879583809693737,1.1090716206982714,0.0
0.7207207207207207,0.3667185013129399,0.4193055526309409,1.1214057718806765,0.017674607077724988,-0.027058108460256088,-0.5266508299744489,0.1380985035136846,0.138703711306439,0.48726343639328856,1.1121353804746905,0.0
0.7407407407407407,0.3750277785603228,0.41546386236914423,1.1219390761950125,0.02666521571679847,-0.03807432973912151,-0.5508110639432707,0.13999712556602945,0.14139796553756456,0.48654925549106326,1.1151947133382953,0.0
0.7607607607607607,0.38321503895082565,0.4093630195251422,1.1227190664227662,0.03899951138768138,-0.04835554775507688,-0.5140609007977687,0.14107692583014517,0.1425584946460241,0.485815866457337,1.1182494985118623,0.0
0.7807807807807807,0.3912334631071178,0.40092120781460755,1.1237771369308487,0.052903525404128945,-0.05821185739177393,-0.49281548183485274,0.14179358630733452,0.14358572831086794,0.4850632982450529,1.1212996153977037,0.0
0.8008008008008007,0.3990385517339003,0.39025443133912285,1.1251369184451432,0.06798907571472756,-0.06669480701100865,-0.42414748096173494,0.1422423424302145,0.1437313659933391,0.48429158056431554,1.1243449435824273,0.0
0.8208208208208209,0.4065884936532074,0.37749709596535436,1.1268046525752164,0.08338670650366785,-0.0740956172986703,-0.37004051438308455,0.1405181849643753,0.14146723032738776,0.4835007438812175,1.127385362841691,0.0
0.8408408408408409,0.41385179589630594,0.36316511215492975,1.128718810567271,0.09570789960272368,-0.08105607616434604,-0.3480229432837867,0.1398013018248298,0.14104100489728694,0.48269081941663694,1.1304207531449484,0.0
0.8608608608608609,0.4207992080307811,0.34737060672375797,1.1308600728570297,0.10706311448793955,-0.08724586261113271,-0.30948932233933313,0.14065417551142825,0.14198314452871427,0.48186183914500486,1.1334509946601878,0.0
0.8808808808808809,0.42739993625623074,0.33003641127248295,1.1332524713521246,0.119619924754741,-0.09219668958852455,-0.24754134886959173,0.14057905821039515,0.14167448375367253,0.48101383579304297,1.1364759677586627,0.0
0.9009009009009009,0.43362931590802994,0.31146898258995975,1.1358879135184141,0.13177210831447175,-0.09658232008420775,-0.21928152478416127,0.14002278150504383,0.14130843795739012,0.48014684283847153,1.1394955530196147,0.0
0.9209209209209209,0.4394683472019644,0.29195156469672473,1.1387507028299053,0.14313946557456436,-0.10002322290506949,-0.1720451410430864,0.13919231910530855,0.14040970184159618,0.4792608945086879,1.142509631234988,0.0
0.9409409409409409,0.444901614931256,0.2716633864645783,1.1418134046460278,0.1531350908061188,-0.10220842870598235,-0.10926029004564382,0.13823099278457274,0.13913654063042155,0.4783560257794152,1.1455180834141359,0.0
0.960960960960961,0.4499190185194028,0.2508701794073399,1.145041502702143,0.1614049028057596,-0.10402678857061402,-0.0909179932315835,0.13698534640347565,0.1381231606851314,0.4774322723733215,1.1485207907885175,0.0
0.980980980980981,0.4545152399980154,0.22981107393062922,1.1484006595876917,0.16795784427743812,-0.10465352191647917,-0.03133666729325663,0.1360177081440041,0.1368320605960811,0.47648967075860943,1.151517634816387,0.0
1.001001001001001,0.4586869346363521,0.2085847319168343,1.1518567311435495,0.1728035777928929,-0.1044905226389273,0.008149963877591315,0.13497106611834558,0.13566539081015935,0.47552825814757677,1.1545084971874737,0.0
1.021021021021021,0.46243565477511556,0.1874360069381749,1.1553767816045626,0.17600252305065464,-0.10399918497172321,0.024566883360205183,0.1335420778234741,0.13395777335871722,0.4745480724951473,1.1574932598276524,0.0
1.0410410410410411,0.46576724919404927,0.16657972094668536,1.158914638072256,0.1768928233846708,-0.10313796591601619,0.04306095278535122,0.13208063789436472,0.13262158305205915,0.47354915249737217,1.1604718049036047,0.0
1.0610610610610611,0.46868861083488056,0.14606808204156407,1.1624293028232835,0.17573323755138184,-0.10224618882230622,0.04458885468549742,0.13170683021743587,0.13259134485640628,0.4725315375899024,1.1634440148274712,0.0
1.0810810810810811,0.4712041192738223,0.12577542194708696,1.1659152347002704,0.1742965938493446,-0.10096588433260137,0.06401522448524216,0.1313814262045988,0.1323753804159829,0.4714952679464322,1.1664097722614932,0.0
1.1011011011011012,0.47331883186177326,0.10573562939754932,1.1693648793571663,0.17248223284480046,-0.09997342096297893,0.04962316848112337,0.13060242209393697,0.1321488375223616,0.4704403844771127,1.1693689601226458,0.0
1.1211211211211212,0.47503923096498774,0.08601995516072414,1.1727639932243852,0.16995569336094943,-0.09791172191715293,0.10308495229129769,0.1305130719315911,0.13172167246823546,0.46936692882693704,1.1723214615872586,0.0
1.1411411411411412,0.47637002632937747,0.06653976821948586,1.1761054306872234,0.16707187314191518,-0.09438908078736581,0.17613205648935726,0.13055210553839836,0.13107854231841168,0.46827494337409614,1.1752671600956295,0.0
1.1611611611611612,0.4773209580675715,0.04754658690970315,1.1793811596297612,0.163786447126892,-0.09111356120761435,0.16377597898757162,0.12978906343645868,0.13068302619119182,0.467164471228306,1.1782059393566253,0.0
1.1811811811811812,0.4779071398896394,0.029309091103393952,1.1825754897798861,0.15971650750624933,-0.0867457976265298,0.21838817905422925,0.130031422120531,0.13039589793189094,0.4660355562291055,1.1811376833522729,0.0
1.2012012012012012,0.4781420327871304,0.01174464487455048,1.185689028395852,0.15567693079829711,-0.08278115636767455,0.19823206294276255,0.12948585895468026,0.13024711533480568,0.46488824294412573,1.184062276342339,0.0
1.2212212212212212,0.47804379824251775,-0.004911727230632091,1.1887131149177408,0.15120432609443277,-0.07926353284533703,0.17588117611687593,0.12924829580583175,0.13038995997825537,0.4637225766673307,1.1869796028689001,0.0
1.2412412412412412,0.47762778661897853,-0.0208005811769602,1.1916477369080198,0.14673109951395458,-0.07526232465197416,0.20006040966814326,0.1294762979157363,0.13046444226027887,0.462538603417229,1.1898895477609006,0.0
1.2612612612612613,0.4769075849231511,-0.036010084791370786,1.1944985462656044,0.1425404678792286,-0.07127897500031413,0.19916748258300193,0.1294112627184813,0.13054075582730465,0.4613363699350574,1.1927919961386984,0.0
1.2812812812812813,0.4758985156879862,-0.0504534617582462,1.1972669786056427,0.13842161700191088,-0.06649690103181356,0.23910369842502832,0.1299478587803432,0.1306520624335206,0.4601159236829352,1.1956868334186013,0.0
1.3013013013013013,0.474615364474495,-0.06415756067456133,1.1999638060120288,0.13484137031930377,-0.06103712726042709,0.27298868856932346,0.1305905949986451,0.1308720434611771,0.45887731284199057,1.1985739453173903,0.0
1.3213213213213213,0.4730758991655449,-0.0769732654475047,1.2026031134755366,0.13196537317539397,-0.05511112170152282,0.29630027794521385,0.13116527351843357,0.13109340619789325,0.45762058631045877,1.2014532178568313,0.0
1.3413413413413413,0.4713007652672542,-0.08875669491453617,1.2051980655120968,0.12974760182801218,-0.04904663833811197,0.3032241681705422,0.1317031262930053,0.13143956055762873,0.4563457937017514,1.2043245373681746,0.0
1.3613613613613613,0.4693124761368814,-0.09941445651863921,1.2077631067220798,0.12825206049914772,-0.04305623335339315,0.2995202492359407,0.13204119086665858,0.13169026525249064,0.45505298534249783,1.2071877904966422,0.0
1.3813813813813813,0.4671346505600205,-0.1088912788430427,1.2103081970933574,0.1272545185638766,-0.037748093065284226,0.2654070144054466,0.13208685424238714,0.13204132233944227,0.45374221227055844,1.2100428642059031,0.0
1.4014014014014013,0.4647905275158795,-0.11720615220704866,1.2128402939200351,0.12660484133389288,-0.032705580877675694,0.252125609380427,0.13234158622328088,0.132343176502094,0.45241352623300973,1.2128896457825364,0.0
1.4214214214214214,0.46230067294139715,-0.12449272872411725,1.2153684779231164,0.12640920015406584,-0.02779410464177777,0.2455738117948956,0.1320790682540643,0.13237843468418853,0.4510669796841014,1.2157280228404794,0.0
1.4414414414414414,0.45968506839118034,-0.13078022751084176,1.2178900742638783,0.12607981703809729,-0.02269193925653313,0.2551082692622323,0.13231876623260125,0.13232965230382024,0.44970262578318554,1.2185578833254664,0.0
1.4614614614614614,0.456962905114894,-0.1361081638143157,1.2204084898813867,0.1259207808754182,-0.017415834040571232,0.2638052607980945,0.1331237940873444,0.13281732813840338,0.44832051839261794,1.2213791155194507,0.0
1.4814814814814814,0.45415397613792247,-0.14044644884857815,1.222943371344187,0.1267440731400221,-0.012504036877108124,0.24558985817315573,0.13345782008943177,0.13315781927414014,0.4469207120756319,1.2241916080450161,0.0
1.5015015015015014,0.4512790118343424,-0.14374821517900327,1.2255051035820461,0.12808661189294773,-0.008023612847103592,0.22402120150022645,0.13364316050833808,0.13339348081001323,0.44550326209418395,1.2269952498697734,0.0
1.5215215215215214,0.4483570234396188,-0.14609941973617976,1.2281001809797423,0.1297538698848104,-0.003035967895796195,0.24938224756536975,0.13420212198996762,0.13336943594390807,0.4440682244067723,1.2297899303107438,0.0
1.5415415415415414,0.4454060715392502,-0.14754759501842998,1.2307366721358852,0.13182455780714908,0.0011678495281389884,0.21019087119675914,0.13406140233603953,0.13345592690540983,0.4426156556662276,1.2325755390387292,0.0
1.5615615615615615,0.4424458615295556,-0.1480105004847311,1.233413838205082,0.13385830345984925,0.0050108673402808135,0.19215089060709126,0.13402067893104633,0.1333884278013825,0.44114561321747664,1.2353519660826662,0.0
1.5815815815815815,0.4394932966703219,-0.1476282429616873,1.2361300488265872,0.13581053107525398,0.007921450898825268,0.14552917792722272,0.1336744108631757,0.13340982732953466,0.4396581550952781,1.2381191018339694,0.0
1.6016016016016015,0.43656350869892063,-0.14648939857006146,1.238880404445321,0.13751778093669628,0.01034572852448753,0.1212138812831132,0.13339435454824955,0.1332436079552151,0.4381533400219318,1.2408768370508576,0.0
1.6216216216216217,0.43366794836860184,-0.14477801651593836,1.2416581857922642,0.13888906734715808,0.012355851447801248,0.10050614616568593,0.1327638180720792,0.13301275892406828,0.4366312274049601,1.2436250628626662,0.0
1.6416416416416417,0.43081576727244586,-0.14260905480779787,1.244450519130271,0.1396166669003486,0.014890983170135161,0.1267565861166955,0.13276112299506626,0.1324638239261663,0.43509187733476284,1.2463636707741457,0.0
1.6616616616616617,0.42801510288000266,-0.14003321962216095,1.247249131320407,0.13993060950680478,0.016630433829714464,0.08697253297896555,0.1327038316369261,0.1327037054892754,0.433535350582245,1.2490925526697454,0.0
1.6816816816816818,0.42527565454542804,-0.13697241672873034,1.250056588982058,0.1403728830825554,0.01840833928347506,0.08889527268802958,0.13279097463425185,0.13256309461916788,0.43196170859641764,1.2518116008178803,0.0
1.7017017017017018,0.4226044349337599,-0.13356098058340768,1.2528719879661845,0.1407699492063248,0.01944002631025756,0.0515843513391247,0.132500082293112,0.13256235240768152,0.4303710135019718,1.2545207078751857,0.0
1.7217217217217218,0.4200080156916508,-0.129820962105454,1.2556908831358835,0.14094475848495358,0.020602822008282024,0.058139784901223665,0.13244155978608477,0.13224299846634163,0.4287633280968261,1.2572197668907532,0.0
1.7417417417417418,0.4174905387851268,-0.1258738453261981,1.25850760284895,0.14083598565332248,0.021017989080195826,0.020758353595690136,0.13220833521203207,0.13232578574294837,0.4271387158496476,1.2599086713103547,0.0
1.7617617617617618,0.4150565623296886,-0.12169882277190884,1.2613198358259476,0.14061164884988778,0.02063163350880445,-0.019317778569568816,0.13184234178702212,0.13236272474876662,0.4254972408973459,1.262587314980648,0.0
1.7817817817817818,0.4127072489248421,-0.11746567024232565,1.2641226852561087,0.1401424715080533,0.020437426574188223,-0.009710346730811462,0.13178419474481107,0.13208632816235363,0.4238389680425416,1.265255592153367,0.0
1.8018018018018018,0.41044114624682054,-0.11330513390107956,1.2669112433411391,0.13942790425151635,0.019655487539069202,-0.03909695175595106,0.13156752431696236,0.1321650308929739,0.42216396275100754,1.2679133974894983,0.0
1.8218218218218218,0.40825676217413026,-0.10921920363451462,1.2696835027919797,0.13861297254203342,0.02000333347498586,0.017392296795832846,0.13167535354977353,0.1313615926699545,0.4204722911490846,1.270560626063438,0.0
1.8418418418418419,0.40615111088843087,-0.10528256428497008,1.2724292439764051,0.13728705922126427,0.019885717662373435,-0.005880790630621059,0.13176139760454475,0.13160639809969862,0.4187640200210709,1.2731971733671346,0.0
1.8618618618618619,0.404125502716577,-0.10128040859269392,1.2751533730757312,0.13620645496630449,0.01958419390537935,-0.015076187849703807,0.13174737605836015,0.13159137208351768,0.41703921680658557,1.2758229353142152,0.0
1.8818818818818819,0.4021796651286464,-0.09729187939652863,1.2778554964094178,0.1351061666843261,0.01842105030399874,-0.05815718006903093,0.13152437591409707,0.1318415839109726,0.41529794959790634,1.278437808244094,0.0
1.901901901901902,0.4003121653158264,-0.09337499064099848,1.2805360678537905,0.13402857221863407,0.017229698575042668,-0.05956758644780369,0.13148910236671235,0.13177965375669262,0.4135402871372809,1.2810416889260652,0.0
1.921921921921922,0.3985183439821539,-0.08969106668362616,1.2831937606850492,0.13288464156293697,0.016031539516114354,-0.059907952946415675,0.1315033960201212,0.13175718363535616,0.4117662988142137,1.2836344745633783,0.0
1.941941941941942,0.39679339123795476,-0.08624763720995665,1.2858285643397638,0.13174018273573096,0.015016978937400102,-0.0507280289357125,0.13156465137516996,0.1316547930156212,0.4099760546627262,1.2862160627972954,0.0
1.961961961961962,0.3951328807270751,-0.08302552554398257,1.2884399744706618,0.13057050654490807,0.013252307451110874,-0.08823357431446135,0.13141160729865536,0.13196489566626352,0.40816962535859197,1.2887863517111338,0.0
1.981981981981982,0.39353252666557026,-0.08001770307524031,1.291030406390313,0.1295215959825679,0.01185642458744248,-0.0697941431834196,0.13149532817781207,0.13181202141139567,0.406347082216547,1.291345239834288,0.0
2.002002002002002,0.39198554393709406,-0.07734913642380879,1.2935989575471334,0.12842755784101256,0.010211178277883272,-0.08226231547796063,0.13147751756217438,0.13195793574219902,0.4045084971874737,1.2938926261462367,0.0
2.022022022022022,0.3904862313380122,-0.07496562995409432,1.2961476189433603,0.12743306981134128,0.009012924291583886,-0.05991269931496934,0.1313567968764454,0.13122622781321672,0.40265394285556094,1.2964284100805297,0.0
2.042042042042042,0.3890284492912692,-0.07288910233715082,1.2986638560371984,0.12581185469190564,0.006631957874693985,-0.119048320844495,0.1312021020471314,0.13187044288180505,0.4007834924354383,1.2989524915287594,0.0
2.062062062062062,0.3876072033480519,-0.0710622971608656,1.3011550001906147,0.12455720767081445,0.0046022732761675554,-0.10148422992632142,0.13142092871262664,0.13194467365431728,0.3988972197692855,1.3014647708445124,0.0
2.0820820820820822,0.38621287362044315,-0.06971648638043638,1.3036254924629485,0.12352461361668655,0.0036448893570815146,-0.047869195954301995,0.13180913742284486,0.1316773266882083,0.3969951993239177,1.3039651488473027,0.0
2.1021021021021022,0.38483775774747087,-0.06875579364861371,1.3060771898410843,0.12258486890679966,0.002645089174847667,-0.04999000911169242,0.1319413668310873,0.13183816727835365,0.39507750618784515,1.3064535268264883,0.0
2.1221221221221223,0.3834783187360401,-0.06797195057153764,1.3085144691832813,0.12186396710984244,0.0011139030342590273,-0.07655930702943198,0.13186692997624763,0.13213632611176032,0.39314421606830946,1.308929806545167,0.0
2.1421421421421423,0.38213042422060867,-0.06739472577157135,1.3109406722937278,0.12131015552232044,-9.909202909557212e-05,-0.060649753167729976,0.13195660537466986,0.1320652444113235,0.39119540528829405,1.3113938902440563,0.0
2.1621621621621623,0.3807879188888391,-0.0671252665884763,1.3133560974717777,0.12077125890249214,-0.0007292881170608931,-0.031509804398266054,0.13213697140509648,0.13188721849276996,0.38923115078351167,1.3138456806453502,0.0
2.1821821821821823,0.37944643342674594,-0.06707427310465924,1.315760792775219,0.12023476517206531,-0.0020275141881115227,-0.06491130355253145,0.13196022112941036,0.13216473050798005,0.3872515300993669,1.3162850809565623,0.0
2.2022022022022023,0.3781033832193156,-0.06715251037151954,1.3181562606685835,0.11977339466822394,-0.0033335491278158073,-0.06530174698521424,0.13191374636046277,0.13218042611432834,0.38525662138789457,1.3187119948743449,0.0
2.2222222222222223,0.3767538518815371,-0.06747656688892338,1.3205420472598175,0.11928932956170091,-0.005008680857709134,-0.0837565864946663,0.1316038074469027,0.13184539330798165,0.3832465034046749,1.3211263265882922,0.0
2.2422422422422423,0.3753925767737723,-0.0680637553882407,1.3229085930783415,0.11832729092620052,-0.006589169984582637,-0.07902445634367522,0.13155112552031728,0.13183240197073795,0.3812212555057239,1.3235279807847222,0.0
2.2622622622622623,0.3740131972207408,-0.06896897765157735,1.325254916462081,0.11731616918697861,-0.00845751385701495,-0.09341719362161578,0.13166537894211927,0.13225337679818336,0.37918095764436094,1.3259168626504394,0.0
2.2822822822822824,0.37260944042323013,-0.07018783987553337,1.327588929957178,0.11670067475484537,-0.010191038354622215,-0.08667622488036303,0.13176387686678714,0.13240328088536218,0.3771256903680519,1.3282928778764782,0.0
2.3023023023023024,0.37117395760117816,-0.07177414110259783,1.3299142695166297,0.11626697797259426,-0.011659538300645558,-0.07342499730116712,0.13183288440871102,0.13243632141930411,0.37505553481522974,1.330655932661826,0.0
2.3223223223223224,0.3696999120054627,-0.07370227978577333,1.3322323906650537,0.11590605742119865,-0.012721397812268909,-0.0530929755811678,0.13190907775689809,0.13236875323221067,0.3729705727120911,1.3330059337171258,0.0
2.3423423423423424,0.36818194110880015,-0.07589854483312888,1.3345433635945636,0.1155486464754951,-0.01439659969233964,-0.0837600940035364,0.13167304742521801,0.1326636261524481,0.37087088636936966,1.33534278826836,0.0
2.3623623623623624,0.3666158422602934,-0.07830494242533595,1.3368480141519408,0.1152325278688592,-0.01606725005417641,-0.0835325180918387,0.1315511096113784,0.1327091771725881,0.36875655867908697,1.3376664040605122,0.0
2.3823823823823824,0.3649952208881764,-0.08103106860585335,1.339145125627372,0.11485557377156481,-0.01786787498279102,-0.09003124643073031,0.13137665850730432,0.13280630064653207,0.36662767311128003,1.3399766893612095,0.0
2.4024024024024024,0.3633131382476221,-0.08410413202771302,1.3414334575420197,0.11441659573238071,-0.018372496424949404,-0.02523107210791914,0.13163679967409644,0.13238602334457764,0.3644843137107058,1.3422735529643444,0.0
2.4224224224224224,0.3615627929010498,-0.08751726732861698,1.3437105236924138,0.11385330751971165,-0.018500088926795454,-0.006379625092302433,0.1317742460573465,0.13212544232509513,0.36232656509352335,1.3445569041936742,0.0
2.4424424424424425,0.3597428112441002,-0.0909990828474819,1.3459744717823048,0.11319740449454477,-0.019870026696076456,-0.06849688846405032,0.13124447735035874,0.13252939568610006,0.36015451244395347,1.3468266529064024,0.0
2.4624624624624625,0.3578525889359474,-0.09451111540763772,1.348223438041237,0.11244831294661213,-0.021201681826561933,-0.06658275652427376,0.13114895172341567,0.1326030060584754,0.3579682415109156,1.3490827094967364,0.0
2.4824824824824825,0.3558862604252265,-0.09831642553604518,1.3504570059187602,0.11167839387616137,-0.02083658159437374,0.01825501160940944,0.13161617838673892,0.13211408975068822,0.3557678386046427,1.3513249848994247,0.0
2.5025025025025025,0.35383913873571754,-0.10235608447544764,1.35267475804786,0.11088760645498645,-0.020674840921755085,0.008087033630932742,0.13148151829862784,0.13219020073540036,0.3535533905932738,1.3535533905932737,0.0
2.5225225225225225,0.35171297383537176,-0.10630824501728939,1.3548758679821002,0.11005549671201423,-0.021143461082888736,-0.02343100805668258,0.1311584350854275,0.1323895259468,0.3513249848994246,1.3557678386046428,0.0
2.5425425425425425,0.34950805565493576,-0.11024590902180034,1.3570585273839604,0.10913297009301094,-0.020634434256962993,0.025451341296287303,0.13142292114107904,0.13213240189092731,0.34908270949673637,1.3579682415109156,0.0
2.5625625625625625,0.34722294939665826,-0.11425531291387402,1.3592228203740937,0.10821464950666682,-0.02040448273715563,0.011497575990367893,0.1312613489998866,0.13223293145556428,0.34682665290640247,1.3601545124439536,0.0
2.5825825825825826,0.3448594846287076,-0.11817323839753377,1.3613678974155092,0.10725385207077963,-0.01957826316596627,0.04131097855946821,0.1314459624638361,0.13210378189486613,0.34455690419367424,1.3623265650935232,0.0
2.6026026026026026,0.34241890870333413,-0.12202879626867161,1.3634946124248974,0.1063357504694152,-0.01916874147217685,0.02047608468947108,0.13124507302129546,0.13223482031502007,0.3422735529643443,1.3644843137107059,0.0
2.6226226226226226,0.33990422668181497,-0.12573410107595875,1.3656020084270415,0.10536980010719839,-0.01807936786830834,0.054468680193425184,0.1317299863071402,0.13230098629519127,0.3399766893612096,1.3666276731112799,0.0
2.6426426426426426,0.3373170532695128,-0.1293586706151099,1.3676982932921482,0.10481424325533814,-0.016908414222395668,0.058547682295633494,0.13172060839338287,0.1322583945211854,0.33766640406051224,1.3687565586790869,0.0
2.6626626626626626,0.3346619378599069,-0.1327557704802957,1.369782782828759,0.10422447683054362,-0.01621720092321739,0.03456066495891439,0.13145446631573313,0.1323337214633914,0.33534278826836,1.3708708863693695,0.0
2.6826826826826826,0.33194371319888427,-0.13591123305113167,1.3718527378485719,0.10349775099064161,-0.01609813471505665,0.005953310408036833,0.1311280075651234,0.13244818880861742,0.33300593371712583,1.372970572712091,0.0
2.7027027027027026,0.3291648678878107,-0.13894226555367933,1.3739050730817208,0.1026167616574535,-0.015335645583799141,0.03812445656287536,0.1312955135076381,0.13227201491552834,0.3306559326618259,1.3750555348152298,0.0
2.7227227227227226,0.3263256678866198,-0.14196000005954457,1.3759396810330025,0.10173039756407905,-0.013511678428202592,0.09119835777982745,0.1317073793977714,0.1320022896321073,0.3282928778764782,1.377125690368052,0.0
2.7427427427427427,0.3234290833208444,-0.1448292282887703,1.377958727541593,0.10095232542952903,-0.011077870691519469,0.12169038683415628,0.1320708911978934,0.13189877022704194,0.32591686265043934,1.379180957644361,0.0
2.7627627627627627,0.3204825862632235,-0.1473248528810447,1.3799661783370398,0.10037253977234341,-0.00931316077964168,0.08823549559388921,0.13195173422890694,0.13212644071040475,0.32352798078472217,1.381221255505724,0.0
2.7827827827827827,0.3174955030096503,-0.14935416267866047,1.3819637660869974,0.0998793874978862,-0.007344011613538442,0.0984574583051617,0.13208022356461982,0.1320492005782982,0.32112632658829215,1.383246503404675,0.0
2.8028028028028027,0.3144747773207225,-0.1510362844463907,1.3839523274448247,0.09942806789135594,-0.005349906457679283,0.09970525779295808,0.13218849316441936,0.13204598423482292,0.3187119948743448,1.3852566213878945,0.0
2.8228228228228227,0.3114284258537782,-0.1523175733472119,1.3859334895725894,0.09905810638823372,-0.004189964390692589,0.0579971033493346,0.13194970132530626,0.13240112263572212,0.31628508095656227,1.3872515300993669,0.0
2.8428428428428427,0.30836429076218647,-0.1532067545795881,1.3879090312544986,0.0987770840954637,-0.0034403825943793596,0.037479089815661476,0.13166063647555376,0.13234283804507174,0.3138456806453503,1.3892311507835116,0.0
2.8628628628628627,0.30528657951670196,-0.1538855622742239,1.3898738326614832,0.09824007034922869,-0.0019135292867942437,0.0763426653792558,0.1319194400319166,0.13204954289573914,0.3113938902440563,1.391195405288294,0.0
2.8828828828828827,0.3021986251744173,-0.1543977171142316,1.3918274037112965,0.0976785524906672,-0.001086245169187251,0.04136420588034962,0.13169234355709347,0.13220880817256758,0.30892980654516716,1.3931442160683094,0.0
2.9029029029029028,0.29910643642575124,-0.15460943743330474,1.3937687659029026,0.09706810958030587,-0.0007191529611799043,0.018354610400367347,0.13151962485165591,0.13230844164477307,0.3064535268264883,1.395077506187845,0.0
2.9229229229229228,0.2960130829477001,-0.15466767390255493,1.3956968531228149,0.09640436099561829,-0.00013950855839021768,0.028982220139484337,0.1315573510550661,0.1321918201628401,0.3039651488473027,1.3969951993239176,0.0
2.942942942942943,0.2929199570834685,-0.15465629321157995,1.3976105108731118,0.09568288751485288,0.000645954261331669,0.039273140986094336,0.1316372979966919,0.13210323451267156,0.3014647708445124,1.3988972197692855,0.0
2.962962962962963,0.28982912368176855,-0.15454167008499878,1.3995096263902254,0.09495577585567394,0.002037900384789874,0.06959730617291024,0.1319429423565344,0.13194450909175792,0.29895249152875947,1.4007834924354383,0.0
2.982982982982983,0.2867436100145114,-0.1542756833628576,1.4013963899509625,0.09433817803685925,0.003772022422761226,0.08670610189856759,0.13220339825872024,0.1318643066212825,0.29642841008052967,1.4026539428555609,0.0
3.003003003003003,0.28366909512070193,-0.153725744690471,1.403273477171957,0.09385436104972755,0.004932018278281205,0.05799979277599897,0.13208285267594538,0.13199136225708946,0.29389262614623657,1.4045084971874737,0.0
3.023023023023023,0.28061223464231055,-0.15284302391957022,1.4051409750146975,0.09337489213702299,0.00603167616265195,0.05498289421853724,0.13327707855513682,0.13272109705457702,0.291345239834288,1.406347082216547,0.0
3.043043043043043,0.27757804859910196,-0.151709302160431,1.4070273770556783,0.0943201020490414,0.005722664188540209,-0.015450598705587092,0.1325177312060962,0.13280297258063908,0.2887863517111338,1.408169625358592,0.0
3.063063063063063,0.2745708724531046,-0.1503588072998687,1.4089226059787985,0.09476144615601183,0.004446773576625371,-0.06379453059574189,0.1317438621099824,0.1326743796440458,0.28621606279729545,1.4099760546627262,0.0
3.083083083083083,0.27158927129242344,-0.14908005803405677,1.4108132923912078,0.09453432062046654,0.003035019378410186,-0.07058770991075924,0.13131573283221037,0.1324071757687492,0.28363447456337826,1.4117662988142137,0.0
3.103103103103103,0.2686276952774083,-0.1480788007507552,1.4126891666747812,0.0937937141786747,0.002918583364718928,-0.005821800684562881,0.13147758730260956,0.13176546834083197,0.2810416889260653,1.4135402871372809,0.0
3.123123123123123,0.26568103474568344,-0.14733302658624503,1.414543156368905,0.0926994847061967,0.002229689994814664,-0.0344446684952132,0.13129881395940718,0.131959969434136,0.27843780824409403,1.4152979495979063,0.0
3.143143143143143,0.26274831092884554,-0.14663619084189417,1.4163755182062168,0.09161809186558179,0.0026535239731369895,0.021191698916116233,0.1315671345671813,0.13149451894609454,0.27582293531421515,1.4170392168065855,0.0
3.163163163163163,0.25982684001858014,-0.14607354551326887,1.4181833606890266,0.09039212414048733,0.00353382262270009,0.04401493247815505,0.13181597799325054,0.13136668064793555,0.2731971733671345,1.418764020021071,0.0
3.183183183183183,0.2569186013233363,-0.14541193476219183,1.4199684970810216,0.08925681959974376,0.0036505938824670666,0.00583856298834886,0.13167832113508487,0.13164601562707356,0.27056062606343795,1.4204722911490846,0.0
3.203203203203203,0.25402710965275305,-0.14457458352916358,1.4217330386261213,0.08822707725498516,0.0030904882886032933,-0.028005279693188702,0.13144919976220784,0.13183333809238232,0.2679133974894983,1.4221639627510076,0.0
3.2232232232232234,0.251152699774747,-0.1437204939003,1.4234763855030181,0.08716734384483682,0.002460394968638245,-0.031504665998252405,0.1306272070321951,0.13133199968295362,0.26525559215336697,1.4238389680425416,0.0
3.2432432432432434,0.2482929599538666,-0.1429869910440209,1.4251789618764517,0.0851288186716786,0.0024215072647470882,-0.0019443851945578454,0.13093685206313938,0.1312493577804594,0.26258731498064786,1.4254972408973459,0.0
3.2632632632632634,0.24544540792144784,-0.14237760162093888,1.426844177917743,0.08326080206456174,0.0027356422070274064,0.015706747114015887,0.1313533233839459,0.13138924383033607,0.2599086713103547,1.4271387158496476,0.0
3.2832832832832834,0.24261003976193724,-0.14176840797553017,1.4284803131286334,0.0818067605445177,0.0027908746876920587,0.0027616240332325927,0.1314953070280057,0.13164382846407788,0.2572197668907532,1.4287633280968262,0.0
3.3033033033033035,0.23978808920955183,-0.14109752761927033,1.4300932681670695,0.08064775192180165,0.0026520757837648775,-0.006939945196358986,0.1315444904992586,0.13178004743216967,0.2545207078751856,1.4303710135019718,0.0
3.3233233233233235,0.23698010827337487,-0.14039904680884796,1.4316858122050997,0.07962720190150666,0.0014395377147621198,-0.06062690345013791,0.13124901987878707,0.13219113676583943,0.25181160081788034,1.4319617085964178,0.0
3.3433433433433435,0.23418522647662646,-0.13974408983742115,1.4332596799793211,0.07869338871106872,0.0005962246227818536,-0.04216565459901331,0.1312828395738576,0.13203410299655705,0.24909255266974542,1.433535350582245,0.0
3.3633633633633635,0.23139876320911298,-0.13932316337567416,1.434813074428344,0.07766972245114065,-0.0002214536611738011,-0.04088391419778273,0.13129300464492796,0.13206436429062965,0.24636367077414578,1.435091877334763,0.0
3.3833833833833835,0.2286174569774448,-0.13906531158340935,1.4363466178933533,0.0766771732504597,-0.0011022607880153612,-0.044040356342077994,0.13125539220943905,0.1321105997930687,0.24362506286266622,1.43663122740496,0.0
3.4034034034034035,0.22583781950427703,-0.13898187365838774,1.4378604580023373,0.07569200544919817,-0.001171901177811808,-0.0034820194898223314,0.13152341311368096,0.13187267945346753,0.24087683705085766,1.4381533400219317,0.0
3.4234234234234235,0.22305683507611612,-0.13904922140804496,1.439355057342577,0.07472996701198997,-0.002011990858729606,-0.0420044840458899,0.1305968650527618,0.1314848777853346,0.23811910183396956,1.439658155095278,0.0
3.4434434434434436,0.2202739828118737,-0.13914261321212187,1.440810962075743,0.07279523665829889,-0.0024360651166146605,-0.021203712894252737,0.13101098416752494,0.13166614562316847,0.23535196608266626,1.4411456132174767,0.0
3.4634634634634636,0.21748579367559848,-0.13940945681376102,1.4422370243407205,0.07130311324887358,-0.002104827396938154,0.016561885983825398,0.13149127892201992,0.13165287748128437,0.23257553903872924,1.4426156556662275,0.0
3.4834834834834836,0.21469080616075037,-0.13974937574240487,1.4436401874942382,0.07015815767588582,-0.0019745224150712485,0.0065152490933452125,0.13164697390379873,0.131907690228066,0.22978993031074396,1.4440682244067722,0.0
3.5035035035035036,0.2118902901680741,-0.14002579963381392,1.4450265574790653,0.06931849924135543,-0.0019258815148981735,0.002432045008653767,0.13172075109843126,0.13201501544305433,0.2269952498697734,1.445503262094184,0.0
3.5235235235235236,0.20908488473735432,-0.14027027153598892,1.4463988340028038,0.06861382618693064,-0.0022966066305969836,-0.0185362557849405,0.1310736253418191,0.13213621854945345,0.22419160804501612,1.4469207120756318,0.0
3.5435435435435436,0.20627489480189176,-0.14049949677312823,1.4477492391410163,0.06752025691062231,-0.0027388840232335106,-0.022113869631826353,0.13103804093953567,0.13217991524532824,0.22137911551945075,1.448320518392618,0.0
3.5635635635635636,0.20345880407300268,-0.14080453644445456,1.4490779105454097,0.06643357021966571,-0.002983363969707547,-0.012223997323701843,0.13118352410753367,0.13222900297824036,0.2185578833254665,1.4497026257831855,0.0
3.5835835835835836,0.20063477933440774,-0.14120123692974743,1.4503877466959196,0.06549180752549925,-0.0028121298148113846,0.008561707744808154,0.13139410768532497,0.13217932714463881,0.2157280228404795,1.4510669796841014,0.0
3.6036036036036037,0.19780143336343914,-0.1416672985484303,1.4516811461264933,0.06466997152868514,-0.0012220891883104172,0.07950203132504838,0.13197710971355417,0.13178044986622545,0.21288964578253633,1.4524135262330098,0.0
3.6236236236236237,0.19495962012994972,-0.1420906616744707,1.4529608536514043,0.06398537624554544,0.0004849942485470249,0.08535417184287208,0.1321969702885119,0.13179405620202875,0.2100428642059031,1.4537422122705586,0.0
3.6436436436436437,0.19211611968684558,-0.142175022155207,1.4542303531236247,0.06347497361101849,0.000566322412336581,0.004066408189477788,0.13179329066337162,0.13235119934088113,0.20718779049664213,1.4550529853424978,0.0
3.6636636636636637,0.1892771713162086,-0.1419474185318486,1.4554919301099285,0.06307884931519248,0.0010232956886060004,0.022848663813470976,0.13180631868218176,0.13208174986058288,0.20432453736817455,1.4563457937017514,0.0
3.6836836836836837,0.18644310815900242,-0.14170315786030988,1.4567417933044895,0.06249315972804514,0.0015675783519941873,0.027214133169409366,0.1318444476272114,0.13200149776300765,0.20145321785683135,1.4576205863104588,0.0
3.7037037037037037,0.1836158517212326,-0.1413628218884912,1.4579793285280376,0.06187676117739968,0.001707618011730918,0.0070019829868365364,0.13172480926557179,0.1320893588144435,0.19857394531739028,1.4588773128419905,0.0
3.7237237237237237,0.1807974412811877,-0.14092052200224614,1.4592040741938666,0.061237283291452164,0.0018340626921486203,0.006322234020885131,0.1316796944358554,0.13201521806533212,0.19568683341860116,1.460115923682935,0.0
3.7437437437437437,0.17798858908609344,-0.140442609754713,1.460414275117156,0.060510046164474016,0.0014236506343917091,-0.020520602887845563,0.13150222974869302,0.13216694709819854,0.1927919961386983,1.4613363699350574,0.0
3.7637637637637638,0.17518986586933913,-0.1399361608377152,1.4616095632827535,0.05976440827987016,0.000491872930846203,-0.0465888851772753,0.1312795228009716,0.13230832934858935,0.18988954776090056,1.462538603417229,0.0
3.7837837837837838,0.17239967423244654,-0.13950958184462958,1.4627887509736195,0.058959384543303565,-0.0007226010237794047,-0.06072369773128038,0.13110779947731904,0.1323848397233313,0.1869796028689002,1.4637225766673307,0.0
3.803803803803804,0.16961379183995132,-0.13929411962476157,1.4639504466202633,0.05808478233218522,-0.0004036375037179959,0.015948176003070427,0.13148270494336003,0.13179356908054377,0.18406227634233893,1.4648882429441257,0.0
3.823823823823824,0.16682780408837988,-0.13929938757857105,1.4650914608788983,0.057050712931749556,-0.0002541090860818507,0.007476420881807255,0.13165452229060434,0.1319737856498347,0.1811376833522728,1.4660355562291056,0.0
3.843843843843844,0.16404312664289297,-0.13923387227434506,1.466217029165111,0.05627841431064505,-0.0007604287144889916,-0.025315981420357028,0.1314491034208332,0.1321902947293942,0.17820593935662538,1.467164471228306,0.0
3.863863863863864,0.16126005607767072,-0.1391535282611132,1.4673273305039287,0.05551506694088271,-0.0007782104824043889,-0.0008890883957698888,0.13151006569936263,0.13194584369482745,0.17526716009562948,1.4682749433740963,0.0
3.883883883883884,0.15847651560157397,-0.13917702380483785,1.4684196599076929,0.05461647018821143,-0.00027207337447027863,0.02530685539670552,0.13167526493577425,0.13174279979856934,0.17232146158725858,1.469366928826937,0.0
3.903903903903904,0.15569275548056538,-0.1391880060504298,1.4694934734629501,0.05369067776286116,-0.0004416858452046917,-0.00848062353672066,0.13151520505358325,0.13199441876828702,0.16936896012264574,1.4704403844771128,0.0
3.923923923923924,0.15291075421964997,-0.1391000630457701,1.4705501459447403,0.05283362408951488,-0.0009695954083703777,-0.026395478158284292,0.13136941438982214,0.13209958926321924,0.16640977226149334,1.4714952679464322,0.0
3.943943943943944,0.15012964516079663,-0.13905545294266652,1.4715890914235705,0.05194727394151235,-0.0010815315299192271,-0.005596806077442475,0.13144368671896228,0.1319272274618217,0.16344401482747123,1.4725315375899024,0.0
3.963963963963964,0.14734727497589897,-0.1391185092448826,1.4726088718549029,0.050989021566616034,-0.0007125456890316659,0.018449292044378063,0.13160169860430965,0.13176171370941803,0.16047180490360483,1.473549152497372,0.0
3.983983983983984,0.1445634249179467,-0.13919250289761398,1.473609393483127,0.05002608141119747,-0.000739018996358806,-0.0013236653663570089,0.13150393772633115,0.1319025844623687,0.15749325982765244,1.4745480724951472,0.0
4.004004004004004,0.14177946256576854,-0.13919811760890763,1.4745913141614988,0.04909603391859607,-0.0007642854162494608,-0.00126332099453272,0.1314989197997226,0.13189615657304588,0.15450849718747373,1.4755282581475768,0.0
4.024024024024024,0.13899541402639895,-0.1392024269684794,1.4755544815701072,0.0481583704304211,-0.0011590137884259465,-0.019736418608824306,0.13150356761411913,0.13203762567395833,0.151517634816387,1.4764896707586095,0.0
4.044044044044044,0.13621107130192409,-0.13921713622374368,1.4765010777814318,0.047329810566236225,-0.0015089772840538465,-0.017498174781395,0.13140793862295475,0.13195727143842048,0.14852079078851743,1.4774322723733215,0.0
4.064064064064064,0.13342488330634186,-0.13930939977911064,1.477428509558961,0.046371588876460895,-0.0017661684085847015,-0.012859556226542744,0.13138379870004324,0.13191099483912033,0.14551808341413586,1.4783560257794153,0.0
4.084084084084084,0.13063541206403131,-0.13947356211552753,1.478335749622382,0.04536200317104871,-0.0017340273994471656,0.0016070504568768337,0.13144308767896068,0.13180514917531658,0.14250963123498808,1.479260894508688,0.0
4.104104104104104,0.12784169376054338,-0.13968591517439655,1.4792221252422004,0.0443187809909244,-0.0016462650224824016,0.004388118848238171,0.13145201918918448,0.131783995534016,0.13949555301961475,1.4801468428384714,0.0
4.124124124124124,0.12504438651423433,-0.13986536231545307,1.4800874747919663,0.04326747748829822,-0.0030357467292781957,-0.06947408533978973,0.13100045835973512,0.1323435059055563,0.13647596775866258,1.481013835793043,0.0
4.1441441441441444,0.12224340399093868,-0.1400491261647824,1.4809334174854167,0.042297134672523676,-0.003869022212486713,-0.04166377416042588,0.13104207649175856,0.13213109029019102,0.13345099466018784,1.481861839145005,0.0
4.1641641641641645,0.1194334786119419,-0.14049626894983905,1.4817574281822763,0.04120053484298125,-0.004757125838416044,-0.04440518129646653,0.13098266287480406,0.13219848484348665,0.1304207531449485,1.482690819416637,0.0
4.1841841841841845,0.11661128217636144,-0.14110982177902281,1.4825596339377438,0.04011028777337201,-0.0053493237459089505,-0.02960989537464529,0.1310147336110523,0.13212490029292265,0.1273853628416912,1.4835007438812176,0.0
4.2042042042042045,0.11377363879986066,-0.14188216882503904,1.483339424618245,0.038989534025057615,-0.006508336952513293,-0.05795066033021704,0.13076642400128888,0.13233958633070766,0.12434494358242737,1.4842915805643155,0.0
4.2242242242242245,0.11091819702800632,-0.1427720885927172,1.4840963107249439,0.03784430533494795,-0.007690341289957905,-0.05910021687223061,0.13059572862134902,0.1323709650674477,0.12129961539770377,1.485063298245053,0.0
4.2442442442442445,0.10804018683863335,-0.14390050946864824,1.4848282222472005,0.0365955761128272,-0.007922967077649492,-0.011631289384579475,0.13083424606670438,0.1320946048776416,0.11824949851186238,1.4858158664573369,0.0
4.2642642642642645,0.10513453471359857,-0.1452826062517389,1.4855345883521587,0.03531830524791515,-0.006199952501645451,0.08615072880020214,0.13159384121306572,0.131572581271642,0.11519471333829531,1.4865492554910633,0.0
4.2842842842842845,0.10220069502078523,-0.14669198464066738,1.4862189443209304,0.034217798438589284,-0.004580820266560191,0.08095661175426301,0.1317796422145309,0.13171592037783914,0.11213538047469059,1.4872634363932886,0.0
4.3043043043043046,0.09924542645396672,-0.14776342834092523,1.4868862332751107,0.03336444770901532,-0.0032225295233421322,0.06791453716090294,0.1317993621683456,0.13179574373326472,0.10907162069827135,1.4879583809693737,0.0
4.324324324324325,0.09627536217663961,-0.1485032138663559,1.4875379792394083,0.03258729821487623,-0.0029307048093342994,0.014591235700391662,0.13149358057216398,0.13211078378157137,0.10600355496102726,1.4886340617840967,0.0
4.344344344344345,0.09329579153493113,-0.1489785320854238,1.4881743541004182,0.03181874305049608,-0.0031239058382411793,-0.009660051445344028,0.13130120746183596,0.13221834452209463,0.10293130438494068,1.4892904521627361,0.0
4.364364364364365,0.09030745883601474,-0.1494166349458199,1.4887941189029883,0.030988240128508714,-0.002389797751203578,0.03670540435188006,0.13159574234914495,0.13188066136207333,0.0998549902572035,1.4899275261921234,0.0
4.384384384384385,0.08730952743000692,-0.14989657030039075,1.4893966473177922,0.030126420740189865,-0.0009675604137165496,0.07111186687435142,0.1319041706240691,0.13163935051082415,0.0967747340254302,1.490545258721667,0.0
4.404404404404405,0.08430538838636974,-0.15020695218185906,1.4899829573236165,0.02931550029121481,-0.000786486867608805,0.009053677305387219,0.13158703552132522,0.13202625397653195,0.09369065729286226,1.4911436253643444,0.0
4.424424424424425,0.08130052952035655,-0.15024294330065938,1.4905541067364823,0.028557470643290655,-0.0010810568245733965,-0.014728497848229556,0.131435759522837,0.13213181323292217,0.0906028818135687,1.4917226024976649,0.0
4.444444444444445,0.07829525097164497,-0.15026392743557895,1.4911094329257184,0.0277663094618129,-0.00047300023582225404,0.030402829437557108,0.1316662048047056,0.13173485018318518,0.08751152948763802,1.4922821672646027,0.0
4.464464464464465,0.07528842115085803,-0.15034149103934702,1.491646482538919,0.026852480660034605,0.0004895195184586125,0.048125987714043326,0.1318235709103003,0.1315605768623193,0.08441672235636702,1.4928222975744991,0.0
4.484484484484485,0.07228262779526592,-0.15028966777960498,1.4921650238354704,0.025927064827566723,0.0009264716435668347,0.02184760625541111,0.13172255333239488,0.13169535231148616,0.08131858259744175,1.493342972103934,0.0
4.504504504504505,0.06928122544237846,-0.15007011764437353,1.492665574056394,0.02502751104618811,0.002177883051288323,0.06257057038607441,0.13195178507874722,0.13127985696222128,0.07821723252011546,1.4938441702975689,0.0
4.524524524524525,0.06628678964718342,-0.14972178975975214,1.4931453892696531,0.023990760662946694,0.0012004940305131557,-0.04886945103875838,0.13192693092951918,0.1326031902848766,0.07511279456037853,1.494325872368957,0.0
4.544544544544545,0.06330391354232329,-0.14914380524300663,1.4936237178911644,0.023916431075569625,-6.494617163668927e-07,-0.06005717461147611,0.1315455965682288,0.13240934573476545,0.07200539127612605,1.4947880593013254,0.0
4.564564564564565,0.06032869379542301,-0.14876098734501386,1.4940920468206882,0.023416446476185838,-0.0011295140552663662,-0.05644322967749996,0.13138399291270073,0.13225694039201738,0.06889514534231898,1.4952307128483255,0.0
4.584584584584585,0.05735621847118693,-0.14862376621180398,1.494545736270057,0.022684472468441373,-0.0015831171492263654,-0.022680154697999964,0.13148292885786017,0.1319551160124498,0.06578217954614128,1.4956538155347534,0.0
4.604604604604605,0.054382433916161356,-0.14868922775127877,1.494981791560275,0.021802764510906347,-0.0027063933220975896,-0.05616380864356118,0.13123988606927367,0.1321770594987009,0.06266661678215202,1.496057350657239,0.0
4.624624624624625,0.05140501592526187,-0.14887089954497404,1.495399913959596,0.020906119966043385,-0.0025256650906284347,0.009036411573457727,0.13145008863302501,0.13152538358806415,0.05954858004743485,1.4964413022849068,0.0
4.644644644644645,0.048420159531036046,-0.14924281971129125,1.4957935702291716,0.01968281347878302,-0.003338932375865585,-0.040663364261857494,0.13124570626402707,0.1319666679327101,0.05642819243674091,1.4968056552600042,0.0
4.664664664664665,0.045428466947342025,-0.14958462918470108,1.4961662943099119,0.018636204037019485,-0.004339615689476054,-0.050034165680523476,0.13114258046472044,0.13204400233935681,0.05330557713763,1.4971503951984995,0.0
4.684684684684685,0.042426634475067,-0.15009162361375125,1.496517714015263,0.017570985267555073,-0.004978010944056974,-0.03191976272904598,0.13123269843529006,0.13196295094795246,0.050180857425607565,1.4974755084906501,0.0
4.704704704704705,0.0394111569363218,-0.15077387693725972,1.4968479681909703,0.016512708785361898,-0.006507996347650252,-0.0764992701796639,0.13091412822896806,0.13230759257294575,0.04705415665925714,1.49778098230154,0.0
4.724724724724725,0.03637938477261845,-0.15158860818516767,1.497157450822244,0.015474131563691082,-0.007901005392218132,-0.06965045222839404,0.13085627862046553,0.13229285538523397,0.04392559827537166,1.4980668045715864,0.0
4.744744744744745,0.033325425538262274,-0.15269796171780875,1.4974450712717275,0.014381022474176688,-0.009267377706889368,-0.06831861573356193,0.13074030224946973,0.13229605066845473,0.04079530578407882,1.4983329640170149,0.0
4.764764764764765,0.030243648560225423,-0.15408884890184252,1.4977091395611266,0.013203414469955715,-0.00982973496220234,-0.02811786276564844,0.1309040370896978,0.13205406260992375,0.037663402763966375,1.498579450130307,0.0
4.784784784784785,0.027128929915823694,-0.15573593222008641,1.4979484721882719,0.011966631357260286,-0.010378019015633646,-0.027414202671565288,0.13091329453320497,0.1321401564543077,0.03453001285720289,1.4988062531806126,0.0
4.804804804804805,0.023978832873543025,-0.15750485211403348,1.4981644833320467,0.010800557188737158,-0.010081156321642722,0.014843134699546255,0.13112294647339365,0.1318640132521135,0.03139525976465676,1.499013364214136,0.0
4.824824824824825,0.020791171404819633,-0.1593830734361695,1.4983561876821383,0.00958521750458153,-0.009049370059212528,0.05158931312150973,0.13116515043439314,0.13144885397479417,0.0282592672410122,1.4992007750544876,0.0
4.844844844844845,0.017567596450444613,-0.161178747718751,1.4985180943266667,0.008095332226422778,-0.008803060250994598,0.01231549041089642,0.13104814528521633,0.13183540709102848,0.0251221590898848,1.4993684783030088,0.0
4.864864864864865,0.014311780332502334,-0.162790805897114,1.4986542622248875,0.006808394911040783,-0.007946589256550932,0.04282354972218341,0.13125926800221915,0.13166055703628013,0.021984059158932447,1.4995164673390624,0.0
4.884884884884885,0.011024810674475449,-0.1643484829013443,1.4987652610363318,0.005549940572214357,-0.007075750302852426,0.04354194768492516,0.13130029335096938,0.13166967765103943,0.018845091334967347,1.4996447363202945,0.0
4.904904904904905,0.007710433864160333,-0.16571884051575578,1.4988518848611607,0.004331191241451262,-0.007324337254470992,-0.012429347580928223,0.13096149782269326,0.13206882126332073,0.015705379539064087,1.499753280182866,0.0
4.924924924924925,0.004371944890105353,-0.16692444870274897,1.4989150758194967,0.0031595479167972037,-0.007753363776299229,-0.021451326091411916,0.13085389666388575,0.13215342288582385,0.012565047721668766,1.49984209464165,0.0
4.944944944944945,0.0010080899950404634,-0.16819274475324447,1.4989545080064992,0.0019716093501217988,-0.007303477418030088,0.02249431791345702,0.1310853451980181,0.13187189642784322,0.009424219857704088,1.4999111761904045,0.0
4.964964964964965,-0.0023827716168082435,-0.16954308059243534,1.4989694490879066,0.0007470540703704066,-0.006380060373483965,0.046170852227306144,0.13134534260248237,0.13182641001303577,0.006283019941676388,1.4999605221019081,0.0
4.984984984984985,-0.005798771095651017,-0.17079997394213867,1.4989631129862466,-0.0003168050830045007,-0.005547717498424982,0.04161714375294931,0.1314859999154956,0.13201033409267918,0.0031415719827794218,1.4999901304280685,0.0
5.005005005005005,-0.009236196597576388,-0.17187127509626854,1.4989403527628604,-0.001138011169310157,-0.005105359846732153,0.02211788258464133,0.13135332749264397,0.13213131648310053,3.061616997868383e-17,1.5,0.0
5.025025025025025,-0.012692372894419976,-0.17280881484217944,1.4989010300154118,-0.001966137372433522,-0.0031213784106807353,0.09919907180257082,0.13154982009818977,0.13183105299284203,-0.0031415719827794716,1.4999901304280685,0.0
5.045045045045045,-0.01616476293686805,-0.1736195021224037,1.498843632172053,-0.00286989216793672,-0.0022560123763213954,0.043268301717966993,0.13126273310894312,0.13219183281639543,-0.006283019941676326,1.4999605221019081,0.0
5.065065065065065,-0.019645812635481864,-0.1740524849306906,1.4987692998130617,-0.003716617949562283,-0.001407982825918334,0.0424014775201531,0.1313195516308765,0.13223067247695094,-0.009424219857704138,1.4999111761904045,0.0
5.085085085085085,-0.023132259341751518,-0.1743223353134827,1.4986794751010428,-0.004491235600944539,-0.00024166033540421936,0.05831612452570571,0.13145058153165942,0.13211382816388725,-0.012565047721668703,1.49984209464165,0.0
5.105105105105105,-0.026620766036084924,-0.17442533471667024,1.4985743888308,-0.005254313512139709,0.0009855489657527364,0.06136046505784779,0.1315795033377199,0.13213762116334646,-0.01570537953906425,1.499753280182866,0.0
5.125125125125125,-0.030106821993859553,-0.17430279788873138,1.4984563215488864,-0.0059033640956811465,0.0023198624295804587,0.06671567319138608,0.13152306758142246,0.13193135879483847,-0.018845091334967288,1.4996447363202945,0.0
5.145145145145145,-0.03358568602428887,-0.17394320152146603,1.4983213918371903,-0.0067464855848031096,0.003777160488080299,0.07286490292499204,0.13165165478241864,0.13188413159788678,-0.021984059158932385,1.4995164673390624,0.0
5.165165165165165,-0.03705184859175977,-0.17330812837354492,1.4981708122259403,-0.007528980562500574,0.004330869553865645,0.027685453289267394,0.13142531110111305,0.13216074623497379,-0.025122159089884737,1.4993684783030088,0.0
5.185185185185185,-0.04049972347470427,-0.17239374414722491,1.4980053247465879,-0.008274373967624956,0.004651803463161758,0.016046695464805593,0.13126082970591615,0.13209582666858227,-0.02825926724101214,1.4992007750544876,0.0
5.205205205205205,-0.043927252240177454,-0.1713764382736592,1.4978215360113294,-0.009189436762928526,0.005020564775762583,0.018438065630041196,0.1312438500142125,0.13200277319437628,-0.0313952597646567,1.499013364214136,0.0
5.225225225225225,-0.04733316151616788,-0.17029546379952115,1.4976178273183918,-0.010185434646879519,0.0052302718315083915,0.010485352787290476,0.1311264515695418,0.1320496286515927,-0.03453001285720283,1.4988062531806126,0.0
5.245245245245245,-0.05071627298446858,-0.1691555734150352,1.4973931651487644,-0.011233108481369885,0.006081247367530008,0.04254877680108078,0.1313440797724761,0.13178818520938113,-0.03766340276396631,1.498579450130307,0.0
5.265265265265265,-0.054075465102205046,-0.16795960588682332,1.497146915635904,-0.012312475643011642,0.006232188101795993,0.007547036713299274,0.13124221808021785,0.13206822137383104,-0.04079530578407876,1.4983329640170149,0.0
5.285285285285285,-0.05740768490092322,-0.16661098993590862,1.496881719568335,-0.013259803378451033,0.006725554840112981,0.02466833691584943,0.13138441286456784,0.13193284097154326,-0.0439255982753716,1.4980668045715864,0.0
5.305305305305305,-0.06071198569388029,-0.16521503964785345,1.4965976917127393,-0.014201392779784341,0.006225118544007088,-0.025021814805294633,0.13111853756400674,0.13227238071594993,-0.04705415665925708,1.49778098230154,0.0
5.325325325325325,-0.0639868137577243,-0.16374140319220076,1.4962959281852086,-0.015088176376533959,0.00622262572663598,-0.00012464086855526468,0.13114180426280783,0.131964324829426,-0.0501808574256075,1.4974755084906501,0.0
5.345345345345345,-0.06723430536624997,-0.16237458042628317,1.4959722388189949,-0.016184468310690144,0.006816805847225205,0.029709006029461044,0.1314005297618133,0.13178406553245955,-0.053305577137629935,1.4971503951984995,0.0
5.365365365365365,-0.07045415983349806,-0.1609927233624048,1.4956278062140684,-0.017221630246326537,0.006698440249164649,-0.005918279903027641,0.13126211163279533,0.13205010174033144,-0.05642819243674085,1.4968056552600042,0.0
5.385385385385385,-0.07364426945714918,-0.15950548118255597,1.4952645248135163,-0.018164070027608892,0.0067482582098410395,0.0024908980338194317,0.1312985544284821,0.13195082942436434,-0.05954858004743479,1.4964413022849068,0.0
5.405405405405405,-0.07680505992163356,-0.15803952322421919,1.4948814840716618,-0.019152037092729522,0.006645906386362215,-0.005117591173941272,0.1312172804728499,0.1319406057431382,-0.06266661678215218,1.4960573506572388,0.0
5.425425425425425,-0.07993619454196965,-0.15655673101680492,1.4944773451268927,-0.020206947238457652,0.005923361503939571,-0.03612724412113212,0.1311401609245937,0.13222241402507304,-0.06578217954614123,1.4956538155347534,0.0
5.445445445445445,-0.08303837799847234,-0.15510917282513448,1.4940551621424645,-0.02110914922140875,0.005718715669959047,-0.010232291699026144,0.13125973642488278,0.13202368527460542,-0.06889514534231903,1.4952307128483255,0.0
5.465465465465465,-0.08611453006797064,-0.15380760347491465,1.4936137964845797,-0.022068282894243577,0.0059604560074892005,0.012087016876507654,0.1314090545381644,0.13186260391032026,-0.072005391276126,1.4947880593013254,0.0
5.485485485485485,-0.0891652986704472,-0.15253843012382845,1.4931530958722854,-0.023035030614714288,0.0058865987064959805,-0.0036928650496610253,0.1313542944533446,0.13197876931181712,-0.07511279456037857,1.494325872368957,0.0
5.505505505505505,-0.09218960647934227,-0.15121539044475346,1.4926739819524493,-0.023955695991804443,0.005187315665902044,-0.0349641520296968,0.1311393928206918,0.1321715237819295,-0.0782172325201154,1.4938441702975689,0.0
5.525525525525525,-0.0951876517011397,-0.14990226108987137,1.4921761448873219,-0.024891853256372144,0.0038467230380351187,-0.06702963139334628,0.13050188684202454,0.13249578074988658,-0.08131858259744179,1.493342972103934,0.0
5.545545545545545,-0.09816215685845353,-0.14872525786569188,1.4916549759323017,-0.0260584477510091,0.00247321103045772,-0.06867560037886987,0.13042295847616817,0.13254285158242893,-0.08441672235636695,1.4928222975744991,0.0
5.565565565565565,-0.1011185365241204,-0.1478189832833429,1.49111004782098,-0.02724640556608628,0.0016443498669373915,-0.041443058176016456,0.1304740923386898,0.13233984113043096,-0.08751152948763807,1.4922821672646027,0.0
5.585585585585585,-0.10406230921708667,-0.14718863464831408,1.490539149025404,-0.028544939778794222,0.0015701890122117423,-0.0037080427362824672,0.13068453465499574,0.13211617943309908,-0.09060288181356864,1.4917226024976649,0.0
5.605605605605605,-0.10699665175322563,-0.14671712680694776,1.4899421140740368,-0.029851747568366605,0.0017214364553683234,0.007562372157829076,0.13082263398473098,0.13211293418971543,-0.09369065729286241,1.4911436253643444,0.0
5.625625625625625,-0.10992228539712992,-0.14628168219521445,1.4893209652113775,-0.03105744313296991,0.003210749180503974,0.0744656362567825,0.13169392515387857,0.1318903819936882,-0.09677473402543015,1.490545258721667,0.0
5.645645645645645,-0.11283849599979619,-0.14581053013331358,1.488685334490838,-0.03178153602697272,0.004826061098174341,0.08076559588351825,0.1317753086468428,0.13176299091331944,-0.09985499025720344,1.4899275261921234,0.0
5.665665665665665,-0.11573976769081715,-0.14506358455104798,1.4880345391412386,-0.032539767479961366,0.007227778217717855,0.12008585597717572,0.1319927732075842,0.13130521618154137,-0.10293130438494062,1.4892904521627361,0.0
5.685685685685685,-0.11861932073968719,-0.14397765244350189,1.487365007358579,-0.03347658913298047,0.00842423260415498,0.059822719321856274,0.13171389172946382,0.1316123540621249,-0.1060035549610272,1.4886340617840967,0.0
5.7057057057057055,-0.12146748449402187,-0.142408187716734,1.48667711804527,-0.034394465665440355,0.00796399202034249,-0.02301202919062434,0.13120026441953914,0.13206929967182152,-0.10907162069827128,1.4879583809693737,0.0
5.7257257257257255,-0.12428020494888163,-0.14063602274298817,1.485970011107487,-0.03535534688915774,0.008272763750157465,0.015438586490748689,0.13129519387604008,0.13163463818873794,-0.11213538047469052,1.4872634363932886,0.0
5.7457457457457455,-0.12705922812193618,-0.1389511586527273,1.4852386851297783,-0.03656629888543604,0.008568160414473619,0.014769833215807706,0.13130322271888517,0.1315693451808832,-0.11519471333829524,1.4865492554910633,0.0
5.7657657657657655,-0.12980311418858007,-0.13719430333219448,1.4844823034256645,-0.03781908520569727,0.007995486553967352,-0.028633693025313364,0.13110273171177117,0.1318696708850714,-0.11824949851186232,1.485815866457337,0.0
5.7857857857857855,-0.1325110028186309,-0.13539443150254166,1.483702357381979,-0.03899730218426823,0.007722604496001919,-0.013644102898271603,0.13115271790769312,0.13170340904216832,-0.12129961539770372,1.485063298245053,0.0
5.8058058058058055,-0.13518498742192117,-0.13369923016451374,1.482897163581474,-0.040259690025247284,0.007040439553186475,-0.03410824714077222,0.13109644643579677,0.13188613689820672,-0.12434494358242731,1.4842915805643155,0.0
5.8258258258258255,-0.1378259279874324,-0.132047028275562,1.4820686259738955,-0.041426880378922525,0.005506621976892558,-0.07669087881469591,0.13159330906901417,0.13268239306093052,-0.12738536284169114,1.4835007438812176,0.0
5.8458458458458455,-0.14043717361810384,-0.1305622815335717,1.481235941481103,-0.04163422463962917,0.005630496241956989,0.0061937132532216,0.1316852467639033,0.1317241926381605,-0.13042075314494844,1.482690819416637,0.0
5.865865865865866,-0.1430241514386225,-0.1293488910259327,1.4803863173245742,-0.04248120782644245,0.004631864878986032,-0.04993156814854784,0.1313880936780974,0.13212484884601608,-0.13345099466018778,1.481861839145005,0.0
5.885885885885886,-0.14558658296643662,-0.12812157639070618,1.4795212989692017,-0.04325091776862149,0.0036119507062610436,-0.05099570863624939,0.1312723424414068,0.13205689783621194,-0.13647596775866253,1.481013835793043,0.0
5.905905905905906,-0.14812849049701796,-0.1270953765290666,1.4786381982880143,-0.044155034059367104,0.002857583296643383,-0.03771837048088299,0.13130566960558615,0.13195198899325863,-0.13949555301961467,1.4801468428384714,0.0
5.925925925925926,-0.1506536963421424,-0.12626029225622284,1.4777359871621538,-0.04511055629302258,0.0017438192756402129,-0.05568820105015854,0.13121549437203442,0.13213010077583598,-0.14250963123498803,1.479260894508688,0.0
5.945945945945946,-0.1531651847051181,-0.12557441814878517,1.4768159948731014,-0.045999614452614586,0.0005708208184394143,-0.05864992286003992,0.1311803001801824,0.13219579718661303,-0.1455180834141359,1.4783560257794153,0.0
5.965965965965966,-0.1556670844948779,-0.12509498948798942,1.4758786991821136,-0.04686478454939742,-0.0012314729897286662,-0.09011469040840403,0.1310165238554172,0.13253227462327472,-0.14852079078851738,1.4774322723733215,0.0
5.985985985985986,-0.15816420174411616,-0.12485586246191269,1.4749266795029168,-0.04760098395983692,-0.0026305719669377876,-0.06995494886045604,0.13107074717698036,0.13244997177884177,-0.15151763481638703,1.4764896707586095,0.0
6.006006006006006,-0.16066321583966908,-0.12495070477764589,1.4739595308989977,-0.04835743019595032,-0.0047632302072619145,-0.10663291201620635,0.13087218946518955,0.132862804337762,-0.15450849718747367,1.4755282581475768,0.0
6.026026026026026,-0.16316950510793218,-0.12531446341315497,1.4729804312528845,-0.04895498230565902,-0.007393345254427703,-0.13150575235828948,0.13051186605921664,0.13272393193420567,-0.1574932598276524,1.4745480724951472,0.0
6.046046046046046,-0.16569196085074714,-0.12612278714074815,1.4719819656269317,-0.04992328129763741,-0.008632853926716214,-0.061975433614425535,0.13041947943821533,0.1319283873026911,-0.16047180490360477,1.473549152497372,0.0
6.066066066066066,-0.1682407989626501,-0.1274419055951476,1.4709509359607027,-0.05155148331145054,-0.008837110232577479,-0.010212815293063213,0.130838464093071,0.13179704382822388,-0.16344401482747128,1.4725315375899024,0.0
6.086086086086086,-0.17082063220531543,-0.12899166213326707,1.4698915959374372,-0.05296700116327468,-0.009053342442188141,-0.010811610480533243,0.13081606757798425,0.1318752651427659,-0.16640977226149328,1.4714952679464322,0.0
6.106106106106106,-0.1734325652385738,-0.1305966516629194,1.468804793047787,-0.05434014448251691,-0.008251082818082692,0.04011298120527257,0.1311145237058879,0.13156283976556923,-0.16936896012264577,1.4704403844771128,0.0
6.126126126126126,-0.17607683008229943,-0.132213242186281,1.4676903396005223,-0.05572267236323729,-0.00854634826474978,-0.014763272333354484,0.1308490092558683,0.1320714894534787,-0.17232146158725853,1.469366928826937,0.0
6.146146146146146,-0.17875050866118836,-0.13368392894444658,1.4665518915434357,-0.05692240285433402,-0.008729318553136257,-0.009148514419323763,0.13084137556140704,0.1320937590788402,-0.17526716009562954,1.4682749433740963,0.0
6.166166166166166,-0.1814547371541219,-0.13521142464667693,1.4653896796473795,-0.05811059480280788,-0.008732847968198289,-0.00017647075310151666,0.13086630217051168,0.13209031778777786,-0.17820593935662532,1.467164471228306,0.0
6.186186186186186,-0.18419029117052116,-0.1367777008199643,1.4642040395584737,-0.059282004445297666,-0.008318649509429107,0.02070992293845908,0.13098744645908528,0.13201144483654884,-0.18113768335227273,1.4660355562291056,0.0
6.206206206206206,-0.18695738134473255,-0.13835450871057026,1.4629956206800236,-0.060420943922506166,-0.007013160871650236,0.06527443188894355,0.13124316138156372,0.1316997655393564,-0.184062276342339,1.4648882429441257,0.0
6.226226226226226,-0.18975417099311534,-0.13983948241913918,1.4617636304744703,-0.06159951027766104,-0.005786945121252415,0.061310787519891205,0.13280405544208565,0.13436339654624557,-0.18697960286890014,1.4637225766673307,0.0
6.246246246246246,-0.1925756341057419,-0.14107315563132883,1.460570715454433,-0.059645751001871784,-0.004738881448624407,0.05240318363140032,0.13196185127483465,0.1336309770597111,-0.1898895477609005,1.462538603417229,0.0
6.266266266266266,-0.19541720919219774,-0.14207875432279077,1.4593935436197194,-0.058858591735676834,-0.002511194518560084,0.1113843465032161,0.13185111844599495,0.13270855949320198,-0.19279199613869824,1.4613363699350574,0.0
6.286286286286286,-0.19827469450961155,-0.1428742658706904,1.4582168169774516,-0.05883633211339208,0.0002866873122493801,0.13989409154047328,0.13169744752577853,0.13205811162662917,-0.1956868334186012,1.460115923682935,0.0
6.306306306306306,-0.20113938206064133,-0.14323437755148893,1.4570286546183764,-0.05940811795376725,0.003452058472384491,0.1582685580067556,0.13160796634351174,0.1315490877369249,-0.19857394531739023,1.4588773128419907,0.0
6.326326326326326,-0.20400022443327745,-0.14304211863180566,1.4558202130470697,-0.060422078565337246,0.006341553954851203,0.1444747741233356,0.13134599823750914,0.1312627089441799,-0.20145321785683137,1.4576205863104588,0.0
6.346346346346346,-0.20684457884198043,-0.14221772043514977,1.4545833645311368,-0.06184242579664075,0.008000245967193535,0.0829346006171166,0.13087968651657303,0.1314334908895701,-0.2043245373681745,1.4563457937017514,0.0
6.366366366366366,-0.20966159890043412,-0.14085100292268474,1.4533137019503926,-0.06348312903721728,0.009926339691082692,0.09630468619445798,0.13088284212601106,0.13112594679650957,-0.20718779049664207,1.4550529853424978,0.0
6.386386386386386,-0.21244463198894767,-0.13915165442567717,1.4520066994954346,-0.06535012274790222,0.011115640060776609,0.05946501848469574,0.13069265401244953,0.1312807788426953,-0.21004286420590315,1.4537422122705586,0.0
6.406406406406406,-0.21518653549909114,-0.1370951755071742,1.4506618000755112,-0.06724497099617371,0.01267218552625153,0.07782727327374597,0.13078077418773978,0.13099948289925525,-0.21288964578253636,1.4524135262330098,0.0
6.426426426426427,-0.21788252075013992,-0.13479926255243907,1.4492761273084114,-0.06928363835498519,0.013614211956569573,0.04710132151590245,0.1318186681098857,0.13187691161832102,-0.21572802284047934,1.4510669796841014,0.0
6.446446446446447,-0.22052625918033378,-0.13218692150969302,1.4478780186078284,-0.06990543502915227,0.013877304949503916,0.013154649646717122,0.13161223518205523,0.13200920051709397,-0.21855788332546655,1.4497026257831855,0.0
6.466466466466467,-0.22311371719256987,-0.12937290061180395,1.446466336465549,-0.07058410711397059,0.012557666168546363,-0.06598193904787761,0.1309928504247931,0.13239830655708537,-0.2213791155194507,1.448320518392618,0.0
6.486486486486487,-0.22564449933732267,-0.12653910723763953,1.4450376655955663,-0.07143354349912807,0.011939306775143117,-0.03091796967016231,0.1310508533279333,0.13202272460518724,-0.22419160804501606,1.446920712075632,0.0
6.506506506506507,-0.2281235272271063,-0.12395139448918156,1.4435873827866499,-0.07251414044582698,0.010720458831337725,-0.06094239719026969,0.13095986621773123,0.13233497314731174,-0.22699524986977335,1.445503262094184,0.0
6.526526526526527,-0.2305535112650286,-0.12149920189611493,1.442118813093752,-0.07342848464490102,0.010030024042869307,-0.034521739423420926,0.1316291481013981,0.13254081794674927,-0.2297899303107439,1.4440682244067724,0.0
6.546546546546547,-0.2329391944299412,-0.11928415824563053,1.440644989279432,-0.07369119071599356,0.009719581045144105,-0.015522149886260012,0.13185278838080453,0.13250110668163842,-0.23257553903872918,1.4426156556662275,0.0
6.566566566566567,-0.23528311782263417,-0.11719616963464766,1.439168666848351,-0.0738161215540482,0.009085747747511468,-0.03169166488163191,0.13140566768053027,0.13224406644089806,-0.23535196608266631,1.4411456132174767,0.0
6.586586586586587,-0.2375870358344968,-0.1151959005931323,1.437679426549869,-0.07446201492410327,0.00938073305688299,0.014749265468576071,0.1315057204219483,0.13170263277800265,-0.23811910183396962,1.439658155095278,0.0
6.606606606606607,-0.23985289712733224,-0.1132930646417709,1.4361707631257257,-0.07543317120716693,0.008356715427346643,-0.0512008814768174,0.1310803492717342,0.13210014463630967,-0.24087683705085772,1.4381533400219317,0.0
6.626626626626627,-0.242080118007625,-0.11136104401463845,1.4346422696359236,-0.07642467449010013,0.008131838774909372,-0.011243832621863403,0.13192292018229537,0.13181215791173906,-0.24362506286266608,1.4366312274049602,0.0
6.646646646646647,-0.24427262899650756,-0.10962554944412796,1.43310221400956,-0.07700278131818276,0.00771727369199296,-0.020728254145820715,0.13141491693200158,0.13139629186702637,-0.24636367077414592,1.4350918773347627,0.0
6.666666666666667,-0.2464312499677082,-0.10793104856003206,1.4315369261391138,-0.07826439352230836,0.006624634607799689,-0.0546319542096636,0.13133430439467617,0.13175768525362672,-0.24909255266974537,1.433535350582245,0.0
6.686686686686687,-0.24855780273833422,-0.10632763853130021,1.4299506004886076,-0.0793162825253107,0.005783084738315316,-0.042077493474218644,0.13144837345767577,0.13173692814430668,-0.2518116008178804,1.4319617085964178,0.0
6.706706706706707,-0.250656414221358,-0.10493057415118744,1.4283446681916998,-0.0802966148453822,0.004663348289238756,-0.055986822453828015,0.1314336984197385,0.13193499824939955,-0.25452070787518566,1.4303710135019718,0.0
6.726726726726727,-0.25273050503286,-0.10370454057510088,1.4267218836163038,-0.08113922876980165,0.003791669520850083,-0.04358393841943363,0.1315315627471516,0.13191369001331782,-0.25721976689075327,1.4287633280968262,0.0
6.746746746746747,-0.2547843092420544,-0.1026902104597229,1.425083418407991,-0.08192326041563602,0.002653099656724373,-0.05692849320628546,0.1314933652946286,0.1320946765808733,-0.2599086713103548,1.4271387158496476,0.0
6.766766766766767,-0.25682104552005514,-0.10183681390003566,1.4234314161182233,-0.08260011448838753,0.0008900854153243143,-0.08815071207000293,0.13136914478850456,0.1324629184268452,-0.26258731498064775,1.425497240897346,0.0
6.786786786786787,-0.2588451961024824,-0.1012075291213649,1.4217695181265104,-0.08309489958564474,-0.0010195083018123606,-0.09547968585683375,0.1313520644521934,0.13267186379629803,-0.2652555921533669,1.4238389680425416,0.0
6.806806806806807,-0.2608638880402217,-0.1009345968869656,1.4201005878069446,-0.08344651597829553,-0.00227120031662949,-0.06258460074085645,0.1314736967111036,0.13249196469520944,-0.2679133974894982,1.4221639627510076,0.0
6.826826826826827,-0.26288436836930124,-0.1010240164539767,1.4184237678439817,-0.08384099814814469,-0.0037261670132700576,-0.07274833483202839,0.13164072847292962,0.13230754226671848,-0.2705606260634379,1.4204722911490846,0.0
6.846846846846847,-0.2649115333932263,-0.10135825119625438,1.4167388001132444,-0.08424838653686842,-0.00565279872311848,-0.09633158549242107,0.13099532833101352,0.13212395379806866,-0.2731971733671345,1.418764020021071,0.0
6.866866866866867,-0.2669513072753632,-0.10198869410684513,1.4150333943978883,-0.08527028576780755,-0.006894700594123216,-0.06209509355023687,0.13136664656574223,0.13221491578306888,-0.2758229353142151,1.4170392168065855,0.0
6.886886886886887,-0.2690112418326075,-0.10299672786221517,1.4133143840246176,-0.08595051866354046,-0.007631964599956125,-0.036863200291645394,0.13154162045452808,0.13218934861178144,-0.27843780824409403,1.4152979495979063,0.0
6.906906906906907,-0.27109583463001563,-0.10422963987040665,1.4115839659434364,-0.08652090405906397,-0.008970659319837085,-0.06693473599404798,0.1313536901969553,0.13252622522986132,-0.28104168892606535,1.4135402871372809,0.0
6.926926926926927,-0.2732083089180171,-0.10562371440007369,1.4098443379477714,-0.08698139978325306,-0.009534953286748886,-0.02821469834559001,0.1315053519786039,0.13231793560394192,-0.28363447456337815,1.411766298814214,0.0
6.946946946946947,-0.2753537527698533,-0.10727219259180945,1.408094627966371,-0.08748549907001808,-0.009912328028725924,-0.018868737098852038,0.1314472136001707,0.132247642491119,-0.2862160627972955,1.4099760546627262,0.0
6.966966966966967,-0.2775341890604517,-0.10902181452991816,1.4063329243910232,-0.08808517876739116,-0.01046975224515889,-0.027871210821648413,0.13128752505885724,0.13231665677763127,-0.2887863517111337,1.408169625358592,0.0
6.986986986986987,-0.2797508758941447,-0.11083434168465087,1.404557883000773,-0.08875206951251347,-0.01147836247501419,-0.050430511492764826,0.1310530080143894,0.13251735379015667,-0.29134523983428795,1.4063470822165471,0.0
7.007007007007007,-0.282005876961026,-0.1127500533440668,1.4027689953662064,-0.08944438172833347,-0.012781721064323886,-0.06516792946548472,0.1308462061877382,0.13268327719033138,-0.2938926261462365,1.4045084971874737,0.0
7.027027027027027,-0.28430350962672757,-0.1148816332850767,1.4009656281131908,-0.09016836265078178,-0.012930635026801468,-0.00744569812387931,0.12998420157233165,0.1314148602224661,-0.2964284100805296,1.402653942855561,0.0
7.047047047047047,-0.2866485105209635,-0.11725004471179754,1.3991161766084634,-0.09247257523637331,-0.011994609099679003,0.0468012963561233,0.13058077575479515,0.13140231462074028,-0.29895249152875947,1.4007834924354383,0.0
7.067067067067067,-0.2890414558170892,-0.11964726480628264,1.3972293321038873,-0.0943422252288062,-0.010631062905410906,0.06817730971340494,0.1308984718273771,0.13146966171203284,-0.3014647708445124,1.3988972197692855,0.0
7.087087087087087,-0.29147908873003503,-0.12188164564729309,1.395310882777336,-0.09592246632756561,-0.008077416652467086,0.1276823126471909,0.13144435399363252,0.13120349293865421,-0.30396514884730275,1.3969951993239176,0.0
7.107107107107107,-0.29395534029497,-0.12381257824674839,1.3933650655845833,-0.09729085963763677,-0.007048922173495313,0.05142472394858874,0.1309544391566171,0.13165316090318788,-0.3064535268264883,1.395077506187845,0.0
7.127127127127127,-0.29646047979051,-0.12525697477699851,1.3913914062111559,-0.09868296867137598,-0.0061175662261816486,0.046567797365683096,0.13104163886073306,0.13181807859695752,-0.3089298065451671,1.3931442160683094,0.0
7.147147147147147,-0.2989905850360636,-0.12650526227768233,1.3893936988319036,-0.09988536896261396,-0.004996186926346751,0.05606896499174493,0.1312402077401575,0.13190375025772125,-0.31139389024405634,1.391195405288294,0.0
7.167167167167167,-0.3015416446272919,-0.1275529795614139,1.3873762032782002,-0.10087477768516664,-0.004802772396660298,0.009670726484322649,0.13098764713510933,0.13228302838788103,-0.3138456806453502,1.3892311507835118,0.0
7.187187187187187,-0.30410922105695687,-0.1283788214832493,1.3853408418147353,-0.10176807317324767,-0.005170596594792214,-0.01839120990659576,0.13084749357626163,0.13259685602086138,-0.3162850809565622,1.3872515300993669,0.0
7.207207207207207,-0.30669260766440165,-0.12916933037223854,1.3832902096313107,-0.10253160917123336,-0.005591592335463787,-0.021049787033578807,0.13083848246721042,0.1327437161391314,-0.3187119948743449,1.3852566213878945,0.0
7.227227227227227,-0.3092935763079688,-0.13004843217835763,1.3812263577618085,-0.10319259347510448,-0.005024557025017042,0.02835176552233734,0.1329362745255104,0.1339436111942692,-0.3211263265882922,1.383246503404675,0.0
7.247247247247247,-0.3119134368002976,-0.13099302461644197,1.3791981453553788,-0.10141062032148307,-0.005755779037921016,-0.03656110064519873,0.13158463855186026,0.13354048014549297,-0.3235279807847222,1.381221255505724,0.0
7.267267267267267,-0.314550815942647,-0.1318689571174694,1.3771795542696745,-0.10092955428520907,-0.004319326801064801,0.07182261184281072,0.13194398414542216,0.13258354309530626,-0.3259168626504393,1.379180957644361,0.0
7.287287287287287,-0.3172078592336649,-0.13285216455089427,1.375161707638545,-0.10089233155647742,-0.003519648445585607,0.03998391777395972,0.13138375162291058,0.1324472661213992,-0.32829287787647815,1.377125690368052,0.0
7.307307307307307,-0.3198789004494056,-0.13355206078703474,1.3731343157883584,-0.1013695925093218,-0.0029421822268307527,0.02887331093774272,0.13112193947524436,0.1323747597504053,-0.33065593266182586,1.3750555348152298,0.0
7.327327327327327,-0.322561085277297,-0.1341092413945687,1.3710924484159202,-0.1020933686219173,-0.0016297256257627071,0.06562283005340226,0.1312971972483388,0.13209687375421575,-0.3330059337171258,1.372970572712091,0.0
7.347347347347347,-0.3252518768638094,-0.13453957932562058,1.369034607355007,-0.1028920530456501,-0.0006480462844834455,0.049083967063963084,0.13111624374337996,0.13212810707871633,-0.33534278826836,1.3708708863693695,0.0
7.367367367367367,-0.3279462004680769,-0.13471618021337245,1.3669586025326825,-0.10380024111622038,0.0003329506337887557,0.04904984591361006,0.1311025731054609,0.13212158120921808,-0.33766640406051224,1.3687565586790869,0.0
7.387387387387387,-0.3306402401105498,-0.13470198212364862,1.364864157244967,-0.1047222643857839,0.0013662834014889198,0.0516666383850082,0.13112976488438596,0.13211089437979237,-0.3399766893612096,1.3666276731112799,0.0
7.407407407407407,-0.3333300665204705,-0.134491320496032,1.3627515348003523,-0.10563112223072971,0.002152305758599316,0.039301117855519783,0.13105191122468654,0.1321933857591816,-0.34227355296434436,1.3644843137107057,0.0
7.4274274274274275,-0.33601163665911365,-0.13407850693215928,1.360620818169991,-0.10653583151805793,0.002778555189022806,0.03131247152117449,0.13286681336736045,0.13385408828804893,-0.34455690419367413,1.3623265650935235,0.0
7.4474474474474475,-0.3386814125561995,-0.13348879485429097,1.3585235096358423,-0.10486542670743143,0.002155351260827788,-0.0311601964097509,0.13163142185235194,0.13348759796051618,-0.3468266529064026,1.3601545124439534,0.0
7.4674674674674675,-0.34133757269536347,-0.13280800695819922,1.3564358377885066,-0.10438359236678979,0.0024828879903029434,0.016376836473757782,0.13148025390870102,0.13279805529471453,-0.34908270949673625,1.3579682415109158,0.0
7.4874874874874875,-0.34398242099282633,-0.13224241487314423,1.3543453433141426,-0.10452472371820049,0.002846068421049307,0.01815902153731814,0.13120217672169818,0.13252793432753002,-0.35132498489942454,1.3557678386046428,0.0
7.5075075075075075,-0.3466150732265415,-0.1316326116857578,1.3522439038524148,-0.1050719730863867,0.0042104949556707166,0.06822132673107056,0.13132869794872887,0.1320008600302689,-0.35355339059327373,1.3535533905932737,0.0
7.5275275275275275,-0.3492337170701692,-0.13093219218138472,1.3501255915283372,-0.1059156162038803,0.0049521778815935485,0.03708414629614157,0.1339402722888162,0.13418073926533114,-0.35576783860464267,1.3513249848994247,0.0
7.5475475475475475,-0.35183298450905054,-0.12996337194406776,1.3480613871715843,-0.10321021783764957,0.0053545315903498186,0.02011768543781349,0.13259304719257103,0.1330033799087395,-0.3579682415109156,1.3490827094967364,0.0
7.5675675675675675,-0.3544101088484851,-0.1288562169717296,1.346013821873984,-0.10237826488001321,0.005478999085698077,0.006223374767412903,0.13176321685947845,0.1323212119799961,-0.36015451244395347,1.3468266529064024,0.0
7.587587587587588,-0.356963111201926,-0.12765011767204346,1.343960470035721,-0.10266759191315061,0.0040451816637871625,-0.07169087109554567,0.13080614310460492,0.13241123895198145,-0.36232656509352335,1.3445569041936742,0.0
7.607607607607608,-0.3594925533150017,-0.1264721056537865,1.3418884882146302,-0.10359909105453938,0.0043686022554304945,0.016171029582166582,0.13108741123762752,0.13159420797131843,-0.36448431371070583,1.3422735529643441,0.0
7.627627627627628,-0.36200354621520187,-0.12554964501000795,1.3397899826764135,-0.10492527691083564,0.004184353780999791,-0.009212423721535135,0.128905054663634,0.1296797719747289,-0.3666276731112799,1.3399766893612097,0.0
7.647647647647648,-0.3644957321989434,-0.12460929918707526,1.337604280396242,-0.10928511400857494,0.005307664007148818,0.05616551130745141,0.13013901384755666,0.13002610992151092,-0.368756558679087,1.3376664040605122,0.0
7.667667667667668,-0.3669691515860305,-0.12367096935435484,1.3353548808774434,-0.1124699759399381,0.005527885725174625,0.011011085901290282,0.1304230498358875,0.13082891224179197,-0.37087088636936955,1.3353427882683602,0.0
7.687687687687688,-0.36941924342491184,-0.12250459194406646,1.3330579266154223,-0.1148477131010562,0.004848424869733169,-0.0339730427720728,0.130493917581319,0.13148724522269153,-0.37297057271209105,1.3330059337171258,0.0
7.707707707707708,-0.3718452288029583,-0.12129926890232272,1.3307242615938568,-0.11668325107827926,0.004032195752466911,-0.04081145586331292,0.13067515162368137,0.1318081543670127,-0.3750555348152298,1.330655932661826,0.0
7.727727727727728,-0.37425002091660475,-0.12023960568232213,1.3283613735936437,-0.11814440001065207,0.0039379902484569015,-0.004710275200500581,0.1311136641832068,0.13181606423033315,-0.37712569036805194,1.3282928778764782,0.0
7.747747747747748,-0.3766366676864167,-0.11933233849059613,1.325975918122476,-0.11927277355839039,0.003916926293811027,-0.001053197732293655,0.13128663842333663,0.1319480718480213,-0.37918095764436094,1.3259168626504394,0.0
7.767767767767768,-0.37900542767345485,-0.11843799935190831,1.3235724362406842,-0.12017409408958439,0.003662722000857818,-0.012710214647660442,0.13128683334196556,0.13211371377523903,-0.38122125550572383,1.3235279807847222,0.0
7.787787787787788,-0.38135654501326677,-0.11755586699059659,1.321153401966521,-0.1209517137081626,0.003704726820778224,0.002100240996020287,0.13142620198538058,0.13207838276444916,-0.38324650340467487,1.3211263265882922,0.0
7.807807807807808,-0.3836909129672134,-0.11671839769733265,1.3187203747699097,-0.12165135983056831,0.0036242006867009888,-0.004026306703861711,0.1314160321770872,0.13215717406579167,-0.38525662138789457,1.3187119948743449,0.0
7.827827827827828,-0.3860083468745963,-0.1158716953691424,1.3162743835842812,-0.12229955928142752,0.003410371035373269,-0.010691482566385975,0.12973339063129122,0.13066179633065833,-0.38725153009936686,1.3162850809565623,0.0
7.847847847847848,-0.3883095139390598,-0.11505835322317687,1.3137683599983336,-0.1253011792973807,0.003636129206350637,0.011287908548868388,0.13060190734863092,0.13125836977426814,-0.38923115078351167,1.3138456806453502,0.0
7.867867867867868,-0.3905951389126674,-0.11428124868037849,1.311224071232131,-0.12721443831012813,0.0039871044057453965,0.017548759969738016,0.13113027104924802,0.13169754412134704,-0.39119540528829405,1.3113938902440563,0.0
7.887887887887888,-0.3928642362299762,-0.11345486586544058,1.308655885641273,-0.12840927954289919,0.00421419329676286,0.011354444550873088,0.1313947588610693,0.1320337337819571,-0.39314421606830946,1.308929806545167,0.0
7.907907907907908,-0.3951155287427047,-0.11256462563642745,1.306072719961799,-0.12915828397370566,0.004653786667442407,0.021979668533977384,0.13164215711211064,0.132131125480942,-0.3950775061878452,1.306453526826488,0.0
7.927927927927928,-0.39734824725668366,-0.1116359256989459,1.3034796925009704,-0.12965137304143048,0.005493198752401005,0.041970604247929935,0.131874597671456,0.13206739469250373,-0.3969951993239176,1.3039651488473027,0.0
7.947947947947948,-0.3995602608449857,-0.11060067941510231,1.3008793037717625,-0.13001943646039307,0.005441036308953041,-0.002608122172398253,0.13165691129686888,0.13240712568260055,-0.39889721976928555,1.3014647708445124,0.0
7.967967967967968,-0.4017484628512292,-0.10941010031217727,1.2982733512405211,-0.13029762656206495,0.00536115128405267,-0.0039942512450185114,0.13160390125356514,0.1323879525795144,-0.4007834924354382,1.2989524915287596,0.0
7.987987987987988,-0.40391313742425805,-0.10823372865144085,1.2956607707103522,-0.13062902650844224,0.0054095790661148335,0.002421389103108136,0.13167268220407272,0.1323891375703299,-0.40265394285556094,1.2964284100805297,0.0
8.008008008008009,-0.4060544545288269,-0.1070658552284417,1.2930426055478477,-0.13090825812522766,0.005133860426093594,-0.01378593200106194,0.13155567736173443,0.13250321621074318,-0.40450849718747367,1.2938926261462367,0.0
8.028028028028029,-0.40817209855794473,-0.10588220145589318,1.2904188155047378,-0.1311895021554982,0.004348994689538091,-0.03924328682777521,0.13289069854958385,0.13411154859528887,-0.406347082216547,1.2913452398342882,0.0
8.048048048048049,-0.410267451148846,-0.10476762954506436,1.2878330150829729,-0.1292900210882412,0.004530599077434126,0.009080219394801768,0.13253455950725773,0.13313772217609587,-0.40816962535859197,1.2887863517111338,0.0
8.068068068068069,-0.4123433777530969,-0.1037963302125427,1.2852654759766085,-0.12837695531822432,0.004316201282461274,-0.010719889748642575,0.13205929918214968,0.13289448583775415,-0.4099760546627262,1.2862160627972954,0.0
8.088088088088089,-0.4143994259029768,-0.10280240749399489,1.2827055309733195,-0.12799725016445088,0.004373753753803665,0.0028776235671194566,0.1319036828801171,0.13254600225599725,-0.4117662988142137,1.283634474563378,0.0
8.108108108108109,-0.4164364628767564,-0.10185184868898123,1.280145706757856,-0.12799121077316888,0.004483851713394221,0.005504897979527827,0.13177857686760763,0.1323533750192369,-0.41354028713728086,1.2810416889260654,0.0
8.128128128128129,-0.41845383463817165,-0.10086858807076267,1.2775812938986069,-0.128220642962464,0.0034383542527342925,-0.05227487303299644,0.13133360620456713,0.1326650941297481,-0.4152979495979064,1.278437808244094,0.0
8.148148148148149,-0.42045166317963717,-0.09989142707327699,1.2750103197991807,-0.12854870497131246,0.0031402634760211053,-0.0149045388356593,0.1314701486778574,0.13235298859592162,-0.4170392168065857,1.275822935314215,0.0
8.168168168168169,-0.4224339999905148,-0.09911684054387986,1.272430205136723,-0.12900573312288574,0.003070360914811794,-0.003495128060465572,0.1316059381402236,0.13233223915278622,-0.4187640200210708,1.2731971733671346,0.0
8.188188188188189,-0.42440185672466263,-0.09839283670739087,1.2698426663035438,-0.1293769416589543,0.002705030549834662,-0.018266518248856632,0.1315660718785702,0.1324841862174901,-0.4204722911490845,1.270560626063438,0.0
8.208208208208209,-0.42635545780958956,-0.09768005424634646,1.2672493712028376,-0.12966475503531127,0.0020589251162702253,-0.032305271678221795,0.13148104062173147,0.13260657441344187,-0.4221639627510074,1.2679133974894985,0.0
8.228228228228229,-0.42829647918554115,-0.0970510687975795,1.2646508823327218,-0.1299244435057965,0.001874018770493917,-0.009245317288815436,0.13080430590120565,0.13171306148699133,-0.4238389680425416,1.265255592153367,0.0
8.248248248248249,-0.43022733361488275,-0.09654272146707975,1.2620239473123895,-0.13134675101661394,0.0015507897190875969,-0.01616145257031601,0.13113850352600626,0.1321465903953375,-0.425497240897346,1.2625873149806477,0.0
8.268268268268269,-0.4321485934662977,-0.0960629925707462,1.2593799694754282,-0.13219889184806544,0.0008454495524799372,-0.03526700833038299,0.1311339966623527,0.1324210542997829,-0.4271387158496475,1.2599086713103549,0.0
8.288288288288289,-0.43406156384972455,-0.09564851917134348,1.2567229670528082,-0.13285012113100267,8.65991414454259e-05,-0.03794252055172556,0.131340335760963,0.13271862621300143,-0.42876332809682605,1.2572197668907532,0.0
8.308308308308309,-0.435968881162211,-0.09536586562432096,1.2540604214175055,-0.13312728176513308,-0.0009378504539917624,-0.05122247977185941,0.13122700591997727,0.13285347798617225,-0.4303710135019719,1.2545207078751854,0.0
8.328328328328329,-0.43787341315666983,-0.09522659972294197,1.2513926580852364,-0.13338816661345446,-0.002282591150554293,-0.06723703482812657,0.1310757205950604,0.1330156217704206,-0.43196170859641764,1.2518116008178803,0.0
8.348348348348349,-0.43977947239608717,-0.09530296197086749,1.2487198413538254,-0.13364083657054762,-0.0029641468833436187,-0.034077786639466236,0.13117364271062615,0.13279492293523446,-0.433535350582245,1.2490925526697454,0.0
8.368368368368369,-0.4416924708418682,-0.09564992228905189,1.2460401490817996,-0.13398461360129146,-0.002858788100204974,0.0052679391569322165,0.13144137855526097,0.13261523495328012,-0.43509187733476273,1.2463636707741461,0.0
8.388388388388389,-0.44361479036977425,-0.09611597639530393,1.2433548861193071,-0.13426314812462545,-0.0029971203056970036,-0.006916610274601501,0.13134344900182443,0.13271711622486332,-0.4366312274049601,1.2436250628626662,0.0
8.408408408408409,-0.4455459460400479,-0.0965577835136805,1.2406641184692768,-0.134538382501517,-0.0033688186131218337,-0.01858491537124156,0.13118369439660796,0.1327779731974114,-0.4381533400219318,1.2408768370508576,0.0
8.428428428428429,-0.4474866305229202,-0.09703422414361663,1.2379663855702019,-0.13488664495374797,-0.0033997936079973685,-0.0015487497437767193,0.13085805046685378,0.13252011607981715,-0.43965815509527806,1.2381191018339697,0.0
8.448448448448449,-0.44943824105506464,-0.09758052660722247,1.235253046089957,-0.1356669740122483,-0.0030756523395809167,0.016207063420822555,0.13085554729428184,0.13232722980845135,-0.4411456132174766,1.2353519660826664,0.0
8.468468468468469,-0.4514008909333079,-0.09813249391216312,1.232521221605175,-0.1365912242390859,-0.002513602418748676,0.02810249604161205,0.13113511629887487,0.13247739323335456,-0.4426156556662277,1.232575539038729,0.0
8.488488488488489,-0.4533735924213815,-0.09863507440367968,1.2297773021875564,-0.1371959708809344,-0.0011770738702455118,0.06682642742515822,0.13163645802318577,0.13245813192814274,-0.44406822440677224,1.229789930310744,0.0
8.508508508508509,-0.45535369250386065,-0.09900500412395871,1.227028448906064,-0.1374426640746156,-0.0005861947184828762,0.029543957588131768,0.13158590601232986,0.13286829687602306,-0.4455032620941839,1.2269952498697734,0.0
8.528528528528529,-0.4573363784677943,-0.09913429819668129,1.2242800045352313,-0.13742221854163889,0.0006200120405755117,0.06031033795291939,0.12708470089933235,0.1299708006772733,-0.4469207120756319,1.2241916080450161,0.0
8.548548548548549,-0.45931918582987874,-0.09914036810422364,1.221422360492276,-0.14288220214776223,0.0035295157681195922,0.14547518637720405,0.126971281783862,0.12879370947641042,-0.44832051839261794,1.2213791155194507,0.0
8.568568568568569,-0.4612973426353637,-0.09890784027424895,1.2184365103925068,-0.14929250498845786,0.0068598157165961045,0.16651499742382558,0.12948555277754334,0.13090646791966012,-0.44970262578318554,1.2185578833254664,0.0
8.588588588588589,-0.46325966014694114,-0.09811587557887089,1.2153911122842447,-0.15226990541310026,0.010483143912926372,0.18116640981651325,0.13122190639361364,0.13226666116828498,-0.4510669796841014,1.2157280228404794,0.0
8.608608608608609,-0.4651931499434096,-0.09667448982342264,1.2123320343070292,-0.15295389886077437,0.014479014761089558,0.19979354240815958,0.13251795199948135,0.13308152302383663,-0.4524135262330097,1.2128896457825364,0.0
8.62862862862863,-0.46708296305679214,-0.09449065566912757,1.2092904372393765,-0.15207985338263258,0.017515285779137826,0.15181355090241314,0.13253556937672817,0.13349952701371062,-0.4537422122705585,1.2100428642059031,0.0
8.64864864864865,-0.46891310638173406,-0.0915071662470944,1.2062725566810146,-0.15089402791809062,0.01939895039320783,0.09418323070349996,0.1324143889570645,0.1339315938845122,-0.4550529853424979,1.207187790496642,0.0
8.66866866866867,-0.4706721062490179,-0.08794999336419086,1.203282777646717,-0.14948895171488485,0.02177000654744001,0.11855280771160924,0.13268544495197385,0.13371599619820096,-0.4563457937017514,1.2043245373681746,0.0
8.68868868868869,-0.4723525889813738,-0.08402413661779276,1.2003217507112687,-0.14805134677241025,0.02424616007222573,0.12380767623928578,0.1328365019647718,0.1335830369879976,-0.45762058631045877,1.2014532178568313,0.0
8.70870870870871,-0.4739450909243795,-0.07962509715028476,1.1973895167216104,-0.14661169948291672,0.02618516125269825,0.09695005902362602,0.1326448235729775,0.13351760237931,-0.4588773128419907,1.19857394531739,0.0
8.72872872872873,-0.4754404297186317,-0.074766939712611,1.1944820079537495,-0.14537543839305106,0.028636434216974784,0.12256364821382702,0.13274516442566525,0.13306195027299253,-0.4601159236829352,1.1956868334186013,0.0
8.74874874874875,-0.4768311613431291,-0.06953658122486886,1.1915937386652176,-0.14441346442659164,0.031078586722481264,0.1221076252753245,0.132680164992832,0.13273620026653024,-0.46133636993505744,1.1927919961386984,0.0
8.76876876876877,-0.47810745925154285,-0.06381489542068744,1.1887186325064913,-0.14375530793630809,0.03228327497795099,0.0602344127734859,0.13212225202776587,0.13273333219642763,-0.46253860341722897,1.1898895477609006,0.0
8.78878878878879,-0.4792601077636361,-0.05763242560466296,1.1858480798316877,-0.14352763374017916,0.03273403635857371,0.022538069031136455,0.13164208413149847,0.13256952301528058,-0.46372257666733063,1.1869796028689004,0.0
8.80880880880881,-0.48028513875852713,-0.051251549744550845,1.1829723852573546,-0.14378472871665518,0.033446007953481564,0.0355985797453925,0.13150602954510845,0.1321185830429046,-0.46488824294412573,1.184062276342339,0.0
8.82882882882883,-0.48118120434837297,-0.044803279492293,1.180082799980176,-0.14447926385893056,0.03419427500784986,0.03741335271841518,0.132388593643798,0.132282883943284,-0.4660355562291055,1.1811376833522729,0.0
8.84884884884885,-0.4819449322002424,-0.03818639259347223,1.1771947420633024,-0.14440289584367516,0.0339626376589946,-0.011581867442763627,0.13144525942111068,0.1318129514485775,-0.467164471228306,1.1782059393566253,0.0
8.86886886886887,-0.48257427634366956,-0.031467207171355496,1.174287181455431,-0.14537803039357075,0.03324067631147636,-0.0360980673759112,0.13110130408728024,0.13167402879732984,-0.4682749433740961,1.1752671600956297,0.0
8.88888888888889,-0.4830703343132261,-0.024802898477827386,1.1713530158006877,-0.14670828273716416,0.03180490689978443,-0.0717884705845962,0.1308286965980264,0.13180173368698325,-0.46936692882693704,1.1723214615872586,0.0
8.90890890890891,-0.48343632622407,-0.018299595542195478,1.1683902185586923,-0.14813986209977698,0.030470060100948087,-0.066742339941817,0.13082957675195678,0.13170920724689258,-0.4704403844771127,1.1693689601226456,0.0
8.92892892892893,-0.4836778517512223,-0.012076276357614976,1.1653976417849847,-0.14962883868538304,0.02883345785109832,-0.08183011249248849,0.13081501252993305,0.13186833740015114,-0.4714952679464322,1.1664097722614934,0.0
8.94894894894895,-0.4838003539764035,-0.006125111259058895,1.1623776172510558,-0.15100122669644178,0.027497068315990348,-0.06681947675539884,0.1309519576196026,0.13179604775849113,-0.47253153758990235,1.1634440148274714,0.0
8.96896896896897,-0.4838102075646079,-0.0004926794102210015,1.1593313189366252,-0.1523149157215274,0.02613022201206237,-0.06834231519639872,0.1310307934297006,0.1318728071042677,-0.47354915249737217,1.1604718049036047,0.0
8.98898898898899,-0.48371278356623904,0.00487119991844229,1.156261224675864,-0.15350471303806715,0.02502554404705606,-0.05523389825031582,0.13112623282004482,0.13177157828078864,-0.47454807249514724,1.1574932598276524,0.0
9.00900900900901,-0.48351374525768803,0.009951915427550577,1.1531674165053964,-0.15469040852336724,0.02456234437793047,-0.02315998345627921,0.13135959880880435,0.13153450197356834,-0.47552825814757677,1.1545084971874737,0.0
9.02902902902903,-0.4832172265870676,0.014825933531019969,1.1500499749307487,-0.15587207873239087,0.02377958399877442,-0.039138018957802195,0.13329643209350145,0.13106786451193075,-0.4764896707586094,1.1515176348163871,0.0
9.04904904904905,-0.48282407223938617,0.019657717384071578,1.146930744526912,-0.15596152019184326,0.019615285539214777,-0.20821492297798264,0.1297092081196996,0.12969078643128693,-0.4774322723733215,1.1485207907885175,0.0
9.06906906906907,-0.4823394080685029,0.024233208544164518,1.143736278166478,-0.15972331802169507,0.014337973616274903,-0.26386559614699356,0.13119222702727373,0.13210487353587808,-0.4783560257794153,1.1455180834141359,0.0
9.08908908908909,-0.48177880472059925,0.02803016739518168,1.1405247276299966,-0.1605775268240705,0.01005825596564345,-0.21398588253157272,0.13264862399567748,0.13318688204845291,-0.479260894508688,1.142509631234988,0.0
9.10910910910911,-0.4811624152687805,0.0308194725909366,1.1373340641213907,-0.1595331754302908,0.006560104194048527,-0.17490758857974611,0.1332430731567251,0.1335029612482822,-0.4801468428384715,1.1394955530196147,0.0
9.12912912912913,-0.4805063342640681,0.03280405023562097,1.1341779610914509,-0.15780515149698818,0.0021384657700704137,-0.22108192119890577,0.1332876994459749,0.13439136468978932,-0.48101383579304297,1.1364759677586624,0.0
9.14914914914915,-0.4798242156497163,0.03410593071758953,1.1310703203363308,-0.15538203775600634,-0.002779217473095954,-0.24588416215831832,0.1334447959344611,0.13520179392885268,-0.4818618391450049,1.1334509946601876,0.0
9.16916916916917,-0.47913390674397555,0.03451544528703574,1.1280255015664793,-0.1522409384925705,-0.006966599287761934,-0.2093690907332991,0.13345118960985483,0.13510304637577586,-0.48269081941663694,1.1304207531449486,0.0
9.18918918918919,-0.47845491003049645,0.03394983567395418,1.1250420648080357,-0.14917183792218186,-0.010662950729001888,-0.18481757206199761,0.13316600336086026,0.13484373090070176,-0.4835007438812175,1.1273853628416912,0.0
9.20920920920921,-0.4778040912810218,0.032540937473733,1.1221117981696052,-0.1465133319215258,-0.013250332729910939,-0.12936910004545263,0.13299258972928227,0.13426042092232074,-0.4842915805643156,1.124344943582427,0.0
9.22922922922923,-0.4771956146353261,0.030423832284785204,1.1192233063524044,-0.14442459086003306,-0.01584635563221251,-0.12980114511507854,0.13114355726896956,0.1327953703094028,-0.4850632982450529,1.1212996153977037,0.0
9.24924924924925,-0.47663916519533894,0.02782247199935776,1.116327329467976,-0.14479884422141232,-0.017855586453455728,-0.10046154106216061,0.13165094348243528,0.1332106858124617,-0.485815866457337,1.1182494985118623,0.0
9.26926926926927,-0.4761449311289556,0.024711703319167475,1.1134373943123976,-0.1444967577789199,-0.0196313387167546,-0.08878761316494378,0.13156344116921373,0.13323904221350902,-0.48654925549106326,1.1151947133382953,0.0
9.28928928928929,-0.47572117536170483,0.02118778836254015,1.1105524844252137,-0.14424549435919973,-0.02010541188013589,-0.023703658169064404,0.13174533771136182,0.13281120838045646,-0.48726343639328856,1.1121353804746907,0.0
9.30930930930931,-0.47537442450669554,0.01733754275046378,1.1076688199696565,-0.14418322277786152,-0.020413450772352893,-0.01540194461085016,0.1315100525715707,0.13264381721463853,-0.4879583809693737,1.1090716206982711,0.0
9.32932932932933,-0.47510604958109737,0.013418746279907745,1.1047803972024357,-0.1444211383610437,-0.02113181816926715,-0.03591836984571255,0.13110040528314315,0.1326848901981204,-0.48863406178409674,1.1060035549610274,0.0
9.34934934934935,-0.4749173126575444,0.009436846177648683,1.1018817364271092,-0.14493303876632274,-0.021384492396844545,-0.012633711378869778,0.13106588914963543,0.13255075102036237,-0.48929045216273603,1.1029313043849407,0.0
9.36936936936937,-0.4748105741453026,0.005336925612089054,1.0989702911274997,-0.14557226498047957,-0.021930744465642565,-0.02731260343990139,0.13061324257335985,0.13248403559670374,-0.4899275261921234,1.0998549902572037,0.0
9.38938938938939,-0.4747868157432375,0.0011879201032555008,1.096038360549861,-0.1465965288819367,-0.02196016396342588,-0.001470974889165158,0.1305987022667124,0.13233901788612473,-0.49054525872166704,1.0967747340254301,0.0
9.40940940940941,-0.474847979626409,-0.0030581941585746735,1.0930835562913432,-0.14774021292588188,-0.021698810642657624,0.01306766603841242,0.1304394869714729,0.13216600244044793,-0.49114362536434436,1.0936906572928622,0.0
9.42942942942943,-0.47499384918736487,-0.007293478047794188,1.0901009788355691,-0.14912887278870562,-0.021460973545299692,0.011891854867896285,0.1308204506568868,0.13259910531079724,-0.4917226024976648,1.090602881813569,0.0
9.44944944944945,-0.47522450516067877,-0.011532798665696068,1.0871027369478365,-0.14991209438662695,-0.019280478698188767,0.10902474235554621,0.131272745677731,0.13190231353903784,-0.49228216726460267,1.087511529487638,0.0
9.46946946946947,-0.4755383282018069,-0.01569115205640753,1.0840852462324082,-0.15087453577141732,-0.01720251448714136,0.10389821055237054,0.13100634010670179,0.13171603589600184,-0.492822297574499,1.0844167223563668,0.0
9.48948948948949,-0.47592674675804486,-0.019420927811898636,1.0810419956204917,-0.15216253059582066,-0.014880295259480382,0.11611096138304897,0.13112906351830048,0.13168582507619153,-0.493342972103934,1.0813185825974418,0.0
9.50950950950951,-0.47638123525635495,-0.022724424915505758,1.0779745308855753,-0.15337323674582345,-0.013255729317411133,0.08122829710346244,0.13082973692215433,0.13183909070836683,-0.49384417029756883,1.0782172325201156,0.0
9.52952952952953,-0.4768928734268619,-0.025581908525346447,1.0748808598296762,-0.1546835527949595,-0.011517915720015166,0.0868906798697984,0.13055397447341485,0.13226500683657125,-0.494325872368957,1.0751127945603787,0.0
9.54954954954955,-0.4774555598196955,-0.028134319641682462,1.0717633242036784,-0.15587678129989613,-0.008598284990392262,0.1459815364811452,0.1312279374222518,0.13212191600123954,-0.49478805930132547,1.072005391276126,0.0
9.56956956956957,-0.47806219598314503,-0.030331808172475886,1.0686298981718911,-0.15667130158936374,-0.005926662794416062,0.13358110979880983,0.1313273956781819,0.1322644525494797,-0.4952307128483256,1.068895145342319,0.0
9.58958958958959,-0.47870162120476517,-0.03197126108100735,1.0654842989750415,-0.15727995984248114,-0.0029707673876133668,0.1477947703401348,0.13171113963409523,0.13233076038842456,-0.4956538155347533,1.0657821795461413,0.0
9.60960960960961,-0.4793632887623772,-0.03308337788060357,1.062333283295723,-0.1575507839659209,-0.00023575781608786361,0.13675047857627515,0.1318220619120293,0.13242331800748805,-0.4960573506572389,1.0626666167821524,0.0
9.62962962962963,-0.4800358595477228,-0.03362853926728119,1.059179923340977,-0.15766799773729423,0.002748291000324873,0.14920244082063686,0.13276624761749387,0.13268048206570954,-0.49644130228490685,1.0595485800474347,0.0
9.64964964964965,-0.4807085509876499,-0.0336345719963562,1.0560420368018704,-0.1568943269553367,0.005289877315343319,0.12707931575092235,0.13242687234379405,0.13242631293402224,-0.4968056552600042,1.0564281924367407,0.0
9.66966966966967,-0.48136947730050816,-0.03304631564291206,1.0529107994485891,-0.1565618676640641,0.007101585162351651,0.09058539235041652,0.13212540537603432,0.13242412391633962,-0.49715039519849946,1.05330557713763,0.0
9.68968968968969,-0.4820087477632239,-0.03196352313578531,1.049781665362403,-0.15645670430930353,0.008520714494881978,0.07095646662651638,0.1319916346776053,0.13240534909720156,-0.4974755084906501,1.0501808574256075,0.0
9.70970970970971,-0.48261880300611776,-0.030502762144693045,1.0466523279131656,-0.15646687246186872,0.008638769920984621,0.005902771305132143,0.13155565451995374,0.13272183882359354,-0.49778098230154005,1.047054156659257,0.0
9.72972972972973,-0.4831945638884824,-0.028788044118233512,1.0435209730147414,-0.15656774492120684,0.008945986009498846,0.0153608044257111,0.13164909069866004,0.1326524523861543,-0.49806680457158625,1.0439255982753717,0.0
9.74974974974975,-0.4837359071363013,-0.02706716239094538,1.0403879543008239,-0.15665093569587948,0.009938232049397321,0.04961230199492364,0.1318797108333028,0.13235944821140017,-0.49833296401701493,1.0407953057840786,0.0
9.76976976976977,-0.4842409407091422,-0.025251678642043175,1.0372523380149319,-0.15678081429459823,0.009732785762611223,-0.01027231433930486,0.13150020827223208,0.1326709342986416,-0.49857945013030697,1.0376634027639666,0.0
9.78978978978979,-0.484706170866398,-0.023261507862788768,1.0341130818598827,-0.15696280775245844,0.00958162046257214,-0.007558265001954048,0.1315757132916316,0.13267691909460402,-0.4988062531806126,1.034530012857203,0.0
9.80980980980981,-0.48513258396689807,-0.02132065502500259,1.0309714040053146,-0.15708389272839948,0.009745175758940967,0.008177764818441432,0.13171983332146328,0.13256922999304543,-0.4990133642141358,1.0313952597646565,0.0
9.82982982982983,-0.48552027702002026,-0.019384652656109794,1.0278278517193329,-0.1571776142990844,0.00897838968756684,-0.03833930356870633,0.1320508620114052,0.13297273543862612,-0.4992007750544875,1.0282592672410122,0.0
9.84984984984985,-0.4858689562164631,-0.017433959822142183,1.0246933016298296,-0.1567275044751637,0.008170829638964244,-0.040378002430129706,0.13175593971386354,0.13271699917394666,-0.49936847830300873,1.025122159089885,0.0
9.86986986986987,-0.48618171410204847,-0.015637894279269173,1.0215596143121526,-0.15668436588384685,0.007301867311897194,-0.04344811635335248,0.13170080214330576,0.13272195679947338,-0.49951646733906235,1.0219840591589326,0.0
9.88988988988989,-0.4864619751902129,-0.014013054408219965,1.0184260721361391,-0.15667710880067692,0.006857800660215111,-0.022203332584104132,0.13180103516995004,0.13256004671058516,-0.4996447363202946,1.0188450913349674,0.0
9.90990990990991,-0.48671286378749345,-0.012544429864029347,1.015291787190346,-0.1567142472896552,0.006008233813502786,-0.0424783423356162,0.13166220924898506,0.1326888434256703,-0.4997532801828658,1.015705379539064,0.0
9.92992992992993,-0.4869363426985847,-0.01117394555456356,1.0121566236799007,-0.15675817552226692,0.005353427534611198,-0.032740313944579505,0.13172368919784838,0.1326502420956063,-0.49984209464164997,1.012565047721669,0.0
9.94994994994995,-0.487135483228177,-0.009957026479616063,1.0090209426086474,-0.15678405356266653,0.004270191787166231,-0.05416178737224836,0.13159072850043282,0.13282626460770755,-0.4999111761904045,1.0094242198577041,0.0
9.96996996996997,-0.4873127217651423,-0.008861926848264364,1.005885396828125,-0.15677728902612345,0.002722988400263762,-0.07736016934512338,0.1314467519838527,0.13305729685658257,-0.49996052210190806,1.0062830199416761,0.0
9.98998998998999,-0.4874727217978039,-0.008000001633079446,1.0027512961524845,-0.1567050337820176,0.001803229562888041,-0.04598794186878602,0.13161446570511207,0.13290995077929096,-0.49999013042806856,1.0031415719827796,0.0
10.01001001001001,-0.48762170891729784,-0.00744935597469754,0.9996189618880973,-0.1566167132193595,0.0015458879491560586,-0.012867080686599128,0.13177576237898267,0.13268652939050166,-0.5,1.0,0.0
10.03003003003003,-0.48776332868537065,-0.00708098840364009,0.9964874799036438,-0.15657409922267498,0.0017002465048138295,0.007717927782888552,0.13292989412802064,0.13341057396950126,-0.49999013042806856,0.9968584280172206,0.0
10.05005005005005,-0.4878983437379165,-0.006750752627293443,0.993384675750607,-0.15514020765184647,0.0015204187726101197,-0.008991386610185503,0.1323030730678305,0.1329968409834118,-0.49996052210190806,0.9937169800583237,0.0
10.07007007007007,-0.4880263260161253,-0.006399113910437879,0.990295102717008,-0.1544786516799475,0.0014639332316861927,-0.0028242770461963575,0.13208387282551218,0.13271487903338444,-0.4999111761904045,0.9905757801422959,0.0
10.09009009009009,-0.4881477421265016,-0.006070805518815214,0.9872113234253839,-0.15418896458120804,0.0009890055719534326,-0.023746382986638025,0.13182739301064098,0.13274647129251635,-0.49984209464164997,0.9874349522783312,0.0
10.11011011011011,-0.48826303461353926,-0.005764624351883907,0.9841300004440713,-0.15406614906562982,0.0007291008744541377,-0.01299523487496474,0.1317989917699725,0.13262287336386636,-0.4997532801828658,0.984294620460936,0.0
10.13013013013013,-0.4883744326625993,-0.005569902453000965,0.9810488816179848,-0.15405594130432723,0.0012923202502166148,0.028160968788123845,0.13201425559443236,0.13231439054684394,-0.4996447363202946,0.9811549086650326,0.0
10.15015015015015,-0.48848262493202693,-0.0054096134713833835,0.9779665865687234,-0.1541147524630682,0.0016263810372145846,0.016703039349898495,0.13188589438113454,0.13230379698807504,-0.49951646733906235,0.9780159408410675,0.0
10.17017017017017,-0.4885849698759904,-0.005117247198173388,0.9748810556965026,-0.15427654361103685,0.0009942564987116265,-0.03160622692514788,0.13153957741134392,0.13259363671935065,-0.49936847830300873,0.9748778409101153,0.0
10.19019019019019,-0.48868058125930125,-0.004780569165539826,0.9717914537568879,-0.15448009698073722,0.000689087003181992,-0.015258474776481727,0.13167256789114903,0.13257082374958445,-0.4992007750544875,0.9717407327589878,0.0
10.21021021021021,-0.48877215433570986,-0.004578653820430971,0.9686994204854112,-0.15460166357383398,0.0009945104988085688,0.015271174781328833,0.13188979638721146,0.13241709704527704,-0.4990133642141358,0.9686047402353432,0.0
10.23023023023023,-0.48886066440733233,-0.004425503581123305,0.965605900185778,-0.1546760149816656,0.0011980796172081916,0.010178455919981146,0.13112747598608027,0.131702554756945,-0.4988062531806126,0.9654699871427971,0.0
10.25025025025025,-0.488945014705154,-0.0042175148910835155,0.9624890139613401,-0.15584431122189155,0.0014786590373155786,0.01402897100536936,0.13151248765525284,0.13203804441049463,-0.49857945013030697,0.9623365972360336,0.0
10.27027027027027,-0.4890241203524116,-0.003955282362880677,0.9593594595119653,-0.15647772246873878,0.001272119642405926,-0.01032696974548263,0.13155555546476527,0.13241209918961014,-0.49833296401701493,0.9592046942159214,0.0
10.29029029029029,-0.4890966136516109,-0.0036246649599628597,0.9562234282413014,-0.15680156353319838,0.00035099894946594905,-0.04605603464699886,0.1314259076530313,0.13281340137508663,-0.49806680457158625,0.9560744017246285,0.0
10.31031031031031,-0.4891634261766243,-0.003340626250669126,0.9530849525508909,-0.15692378452052264,-0.0006281267004752775,-0.04895628249706132,0.13147226378011928,0.13301155275585852,-0.49778098230154,0.9529458433407427,0.0
10.33033033033033,-0.48922835350700367,-0.0032463665189704305,0.9499476602535518,-0.1568646148669521,-0.0011985453470166633,-0.02852093232706929,0.1316246671904948,0.13300755367898642,-0.4974755084906501,0.9498191425743926,0.0
10.35035035035035,-0.48929515077849794,-0.003339863574714975,0.9468137481512221,-0.15669560511648797,-0.0016377915095217297,-0.0219623081252533,0.131686005267509,0.13306911906739238,-0.49715039519849946,0.9466944228623702,0.0
10.37037037037037,-0.4893659710402838,-0.0035410130892910533,0.9436850314450225,-0.1564358353099837,-0.002095454433237746,-0.022883146185800837,0.1316172078905183,0.13310118065586965,-0.49680565526000425,0.9435718075632594,0.0
10.39039039039039,-0.48944254965904904,-0.003828930938261727,0.9405609580117616,-0.15620367166303878,-0.0024559668039342885,-0.018025618534827103,0.13155770634704286,0.1330693465789782,-0.49644130228490685,0.9404514199525651,0.0
10.41041041041041,-0.48952695708631305,-0.004220371363200893,0.9374401665248346,-0.15603957434634838,-0.0021789380019507903,0.013851440099174914,0.13174458916872328,0.1329105816617099,-0.49605735065723894,0.9373333832178479,0.0
10.43043043043043,-0.48962058038515865,-0.004681164942280243,0.9343230669079812,-0.15585498084267593,-0.0015758058489308542,0.030156607650996786,0.13159954920488137,0.13274049662374982,-0.4956538155347533,0.9342178204538589,0.0
10.45045045045045,-0.48972253893704737,-0.005097927594434528,0.9312049893290304,-0.15590387894753666,-0.00026080051546214866,0.06575026667343528,0.13190548400806396,0.13256292925927668,-0.49523071284832565,0.9311048546576811,0.0
10.47047047047047,-0.48983042080509465,-0.005394093402364412,0.9280878410185887,-0.15585741552208715,0.0012980211670415491,0.0779410841251849,0.13216716259355796,0.13259300911699018,-0.49478805930132547,0.9279946087238738,0.0
10.49049049049049,-0.4899384446938837,-0.005401194439454081,0.9249759481048112,-0.1555946456888729,0.001797969758393194,0.024997429567582226,0.13185213352986047,0.13290420011659107,-0.49432587236895703,0.9248872054396216,0.0
10.51051051051051,-0.49004108306651867,-0.005131918631747227,0.921869245043461,-0.15533515306751067,0.002792384202344858,0.04972072219758318,0.13212905508533052,0.13283451875604954,-0.4938441702975689,0.9217827674798846,0.0
10.53053053053053,-0.4901363810672816,-0.004764900038145296,0.9187707935536319,-0.15492257449145716,0.0040164863103699655,0.061205105401255316,0.13529825359053363,0.1362009282951226,-0.493342972103934,0.9186814174025583,0.0
10.55055055055055,-0.4902197325407143,-0.0041675736716382545,0.9157773994431975,-0.14966970552172112,0.0048508200115286665,0.041716685057935105,0.13350782107518677,0.1346201093054846,-0.492822297574499,0.9155832776436331,0.0
10.57057057057057,-0.4902866749825726,-0.003347122092914309,0.9128389921979396,-0.14692036226289049,0.005906936457293189,0.052805822288226126,0.13287294337386904,0.13381586432349418,-0.49228216726460267,0.9124884705123619,0.0
10.59059059059059,-0.4903340645745222,-0.0023694795974793137,0.909934179953059,-0.14524061224403195,0.007142274291607506,0.06176689171571584,0.132484302053015,0.13324998534787583,-0.4917226024976648,0.9093971181864313,0.0
10.61061061061061,-0.49035765719120933,-0.0011796308343548405,0.9070487646968982,-0.14427076280804296,0.008113007595923422,0.04853666521579584,0.13213679526192698,0.1330273851946241,-0.49114362536434436,0.9063093427071378,0.0
10.63063063063063,-0.4903524167483973,0.0002620221406021957,0.9041742488414091,-0.14372579277445946,0.008475914387379711,0.018145339572814365,0.12875251009949068,0.13036371253491466,-0.49054525872166704,0.9032252659745698,0.0
10.65065065065065,-0.49031577897493417,0.00183188867315707,0.9012209956320204,-0.14766266046943272,0.009676571771272995,0.06003286919466433,0.13005461806690208,0.13105423647670722,-0.48992752619212343,0.9001450097427963,0.0
10.67067067067067,-0.4902459146063669,0.00349321842836428,0.8982185942968001,-0.15012006676101963,0.010853065231655952,0.058824673019147775,0.1310876529570807,0.13199350302390267,-0.4892904521627361,0.8970686956150594,0.0
10.69069069069069,-0.49013774588772213,0.0054084359322401025,0.8951962716921239,-0.1511161302338059,0.011618949311365567,0.03829420398548077,0.13158335284065598,0.1326437773673631,-0.48863406178409674,0.8939964450389727,0.0
10.71071071071071,-0.4899866869199978,0.007552948386216842,0.8921709780209499,-0.15126468355870157,0.01235784821852147,0.036944945357794905,0.13189093790593634,0.13287673883834217,-0.48795838096937366,0.8909283793017285,0.0
10.73073073073073,-0.4897896311857862,0.009852786710579924,0.8891506904720647,-0.15101437744425594,0.012918136644551648,0.028014421301509065,0.13214139569036668,0.13313462616241686,-0.48726343639328856,0.8878646195253094,0.0
10.75075075075075,-0.4895441519618352,0.012273961197550705,0.8861428998678983,-0.1503895302083232,0.014204476320013091,0.06431698377307216,0.13251911989799728,0.13287241784541629,-0.48654925549106326,0.8848052866617047,0.0
10.77077077077077,-0.48924768022034165,0.014823587074677404,0.8831492770013503,-0.1496811433274034,0.015038577114993384,0.04170503974901468,0.13224131337029216,0.13276075740059595,-0.485815866457337,0.8817505014881378,0.0
10.79079079079079,-0.488895190447309,0.01762448865163191,0.880163969803909,-0.14926535987206502,0.01539062197743517,0.017602243122089124,0.13201280722659695,0.13275610450189115,-0.48506329824505295,0.8787003846022964,0.0
10.81081081081081,-0.48848386540575534,0.020566252077683114,0.8771834686610226,-0.1490250571443209,0.016043335499527536,0.03263567610461846,0.13207690766834423,0.13255398509603475,-0.48429158056431554,0.8756550564175725,0.0
10.83083083083083,-0.4880123054404673,0.0235779982644001,0.874205703980182,-0.1488882340420282,0.016607575072697216,0.02821197865848396,0.13023002546723647,0.130800214052462,-0.48350074388121755,0.872614637158309,0.0
10.85085085085085,-0.48747917483895165,0.026656530075784474,0.8711772976087466,-0.1514203185717703,0.01768483193978568,0.05386284335442321,0.131354905630677,0.13149022892058473,-0.48269081941663694,0.8695792468550516,0.0
10.87087087087087,-0.4868813555707443,0.02989096341036832,0.8681251514536755,-0.1526073077535542,0.018006209716851747,0.016068888853303265,0.13163497843256863,0.132143165306434,-0.4818618391450049,0.8665490053398125,0.0
10.89089089089089,-0.48621440671764077,0.03334744265517778,0.8650630399949707,-0.15310557293524282,0.017768511845710076,-0.011884893557083664,0.13177848311755544,0.13258611154159566,-0.48101383579304297,0.8635240322413373,0.0
10.91091091091091,-0.485477344619114,0.03685310492633828,0.8619996396975208,-0.1531700148724932,0.017822294678058282,0.002689141617410318,0.13207284845509956,0.13265606020110687,-0.48014684283847153,0.8605044469803853,0.0
10.93093093093093,-0.48467084439084607,0.040325011413398434,0.8589403668709171,-0.15296364133018484,0.017614725791939276,-0.010378444305950453,0.1321218155830046,0.1328224248856747,-0.479260894508688,0.8574903687650122,0.0
10.95095095095095,-0.4837948040186509,0.0438020186097598,0.8558884051212221,-0.15259808748475204,0.017409852042582087,-0.010243687467859522,0.13220187767298686,0.1328681330997651,-0.4783560257794153,0.8544819165858643,0.0
10.97097097097097,-0.4828496480613062,0.04725779786723274,0.8528456264769194,-0.15213893221513208,0.016485508809507603,-0.046217161653723735,0.1320169171088118,0.13311182346230763,-0.4774322723733215,0.8514792092114825,0.0
10.99099099099099,-0.48183679258173134,0.050642773978743005,0.8498129077903614,-0.15163593432789832,0.016114559590063426,-0.018547460972209186,0.13225122732703215,0.13298288282651033,-0.47648967075860943,0.8484823651836131,0.0
11.01101101101101,-0.4807597000308469,0.05385462754422259,0.8467918634361565,-0.151052217710245,0.01567077244363292,-0.022189357321524987,0.1321869401643059,0.13291070499239807,-0.4755282581475768,0.8454915028125264,0.0
11.03103103103103,-0.4796198888729501,0.05699055789484124,0.8437804860981314,-0.15056886690125854,0.01509869861922341,-0.028603691220475673,0.13111351265135762,0.13168627372598296,-0.4745480724951473,0.8425067401723476,0.0
11.05105105105105,-0.4784198022864461,0.060004329325199016,0.8407447578413978,-0.15178641283668157,0.01445629606253304,-0.03212012783451843,0.13167131826032683,0.13228388158579707,-0.47354915249737217,0.8395281950963953,0.0
11.07107107107107,-0.4771613014219723,0.06292504322368982,0.8377018562319041,-0.15214508047468847,0.013508960775459017,-0.04736676435370129,0.13195298785513684,0.13277166386374806,-0.4725315375899024,0.8365559851725287,0.0
11.09109109109109,-0.4758470367061325,0.0657132357919881,0.8346632266370148,-0.1519314797444683,0.01282475468358938,-0.034210304593482024,0.13226623008504246,0.1329340666958765,-0.4714952679464322,0.8335902277385067,0.0
11.11111111111111,-0.47448050412609977,0.06832662900163718,0.8316359651374602,-0.15136307497772838,0.011999839423347418,-0.041245763012097696,0.13235453174818612,0.13314119679100309,-0.4704403844771128,0.8306310398773544,0.0
11.13113113113113,-0.47306416712217525,0.07081685019622463,0.8286244742332434,-0.15057454521084215,0.010782698679834371,-0.060857037175652384,0.13224750024190293,0.13333767374535238,-0.46936692882693704,0.8276785384127414,0.0
11.15115115115115,-0.4716010968225255,0.07315351498248743,0.8256301052926893,-0.14971844702770137,0.009093917605460293,-0.08443905371870394,0.13220111061971163,0.13367852821298873,-0.46827494337409614,0.8247328399043704,0.0
11.17117117117117,-0.470096458959576,0.07523189314747376,0.8226572596492843,-0.148642282170253,0.007854031548724735,-0.06199430283677786,0.13225959243390434,0.13356521555744702,-0.46716447122830607,0.8217940606433747,0.0
11.19119119119119,-0.4685566789795116,0.07698899900322201,0.8197051709583695,-0.14760443454573793,0.0064956648073943935,-0.06791833706651723,0.13200165949716972,0.1334920433804804,-0.4660355562291055,0.8188623166477272,0.0
11.21121121121121,-0.4669867236003253,0.07849776895931528,0.8167689558314091,-0.14681075634802043,0.005191250909224438,-0.06522069490849779,0.13182536306170445,0.13340869847656528,-0.4648882429441256,0.8159377236576608,0.0
11.23123123123123,-0.465392088746179,0.07973174270731506,0.8138447913381138,-0.14620822466476163,0.004176910668755179,-0.0507170120234629,0.131641387027081,0.13320071140508882,-0.46372257666733063,0.8130203971310997,0.0
11.25125125125125,-0.4637782088116814,0.08069399672487844,0.8109268895325895,-0.1458950902762164,0.0038379818403588566,-0.016946441419816105,0.13183873789447706,0.13305506766354172,-0.462538603417229,0.8101104522390994,0.0
11.27127127127127,-0.4621490853557669,0.0814561727957257,0.8080160296776129,-0.14554299274883115,0.003912098047519249,0.0037058103580196074,0.13195092919558882,0.13294490720353783,-0.4613363699350575,0.8072080038613019,0.0
11.29129129129129,-0.4605061649585996,0.08214601985836525,0.8051122407633181,-0.1451894457147367,0.004382501041169858,0.023520149682530498,0.13209286078737137,0.1328370691020402,-0.46011592368293525,0.804313166581399,0.0
11.31131131131131,-0.45884915808854776,0.08285034350259078,0.8022160202174099,-0.1448110272954132,0.005035552263597805,0.03265256112139734,0.132194775602794,0.13279221735228058,-0.4588773128419905,0.8014260546826096,0.0
11.33133133133133,-0.45717599251701074,0.08365827857685007,0.7993281987336739,-0.144391074186803,0.005390917981228317,0.017768285881525608,0.13213338279182,0.13288817830134314,-0.4576205863104588,0.7985467821431688,0.0
11.35135135135135,-0.45548357670662887,0.08462079051909305,0.7964492686039357,-0.1439465064869071,0.004744433648721193,-0.0323242166253562,0.1317838805477637,0.1331860430615157,-0.45634579370175143,0.7956754626318255,0.0
11.37137137137137,-0.4537714730251169,0.08560518407559896,0.7935784494987903,-0.14354095525726882,0.005057335989368964,0.015645117032388592,0.13211753175843233,0.13291835701822513,-0.45505298534249794,0.7928122095033582,0.0
11.391391391391391,-0.4520419750537215,0.08647489856976859,0.7907167243076002,-0.14308625955950663,0.005453338807336805,0.019800140898391994,0.13214785420431024,0.13285928475646155,-0.4537422122705585,0.7899571357940969,0.0
11.411411411411411,-0.4502937563321549,0.08741093607833147,0.787863652732789,-0.1426535787405572,0.005685435140745852,0.011604816670452331,0.13211709883393835,0.13289612877800752,-0.45241352623300973,0.7871103542174637,0.0
11.431431431431431,-0.4485255421812734,0.08841070754407698,0.7850193089914108,-0.14221718706891148,0.006209896895169768,0.026223087721195845,0.13232271950070826,0.13283734471320086,-0.4510669796841015,0.7842719771595207,0.0
11.451451451451451,-0.4467360358814248,0.089475314992429,0.782185855529761,-0.1416726730824888,0.006222650076757769,0.000637659079400027,0.13219713475885406,0.13298262980120873,-0.4497026257831856,0.7814421166745337,0.0
11.471471471471471,-0.44492342618008107,0.09063048506718722,0.7793635620099173,-0.1411146759921897,0.006292199206572871,0.0034774564907551816,0.1322228582463391,0.13293647137293396,-0.4483205183926179,0.7786208844805491,0.0
11.491491491491491,-0.4430875277602103,0.09179492099353789,0.7765521153009485,-0.14057233544844347,0.006124224221234983,-0.008398749266894526,0.1321783887964358,0.13300890924644013,-0.44692071207563194,0.775808391954984,0.0
11.511511511511511,-0.44122822865372213,0.0929649553244095,0.7737519182991198,-0.14000985009143505,0.006027762000195752,-0.004823111051961473,0.13220260678599877,0.1329595289202274,-0.44550326209418395,0.7730047501302266,0.0
11.531531531531531,-0.4393462181804034,0.0941005236659342,0.7709625922113462,-0.13946630438868282,0.005953481878704916,-0.0037140060745418533,0.13251461151597596,0.13329344448385197,-0.4440682244067723,0.7702100696892561,0.0
11.551551551551551,-0.4374415206297276,0.09523487753379373,0.7681936985989285,-0.13844468062088836,0.005447505609660967,-0.025298813452197495,0.13219388315557473,0.1332615931093343,-0.4426156556662276,0.7674244609612708,0.0
11.571571571571571,-0.4355147490690043,0.09633857803616476,0.7654399963516881,-0.1376851123620198,0.005142981031710494,-0.015226228897523625,0.13220484405517696,0.13316293190953823,-0.44114561321747664,0.7646480339173337,0.0
11.591591591591591,-0.4335680278433102,0.09733606128470275,0.7627001833840809,-0.13699064838036584,0.0051120808340183585,-0.0015450098846068096,0.13224105113735396,0.13302111465596972,-0.4396581550952781,0.7618808981660304,0.0
11.611611611611611,-0.43160269711421073,0.09826653645497332,0.7599726884983661,-0.13637474428574012,0.005384964758843633,0.01364419624126368,0.1322854244405517,0.13284466116648966,-0.43815334002193185,0.7591231629491425,0.0
11.631631631631631,-0.429618674771124,0.09920111715433698,0.7572555441772669,-0.1358572160549588,0.005447307096058915,0.003117116860764291,0.13184612428928258,0.13243071735314552,-0.43663122740496,0.7563749371373337,0.0
11.651651651651651,-0.4276146508122497,0.10020119794371281,0.7545360949370264,-0.13597246201202248,0.004848869763206252,-0.029921866642633216,0.13178742984452702,0.13278976924926558,-0.4350918773347628,0.7536363292258541,0.0
11.671671671671671,-0.4255904742133013,0.10120882994741807,0.7518187927728509,-0.13586510820877673,0.004070331028047067,-0.0389269367579592,0.13190956027218514,0.1330474873108147,-0.43353535058224507,0.7509074473302546,0.0
11.691691691691691,-0.4235487805615656,0.10208468258678624,0.7491092761880003,-0.13547582924253393,0.003655289721489926,-0.02075206532785712,0.13210035572877693,0.13301066378413737,-0.4319617085964177,0.7481883991821197,0.0
11.711711711711711,-0.42149268440474535,0.10280480784101106,0.7464098330370219,-0.13497215754891945,0.0034971927404549986,-0.007904849051746342,0.1322199212642482,0.13294764070393847,-0.4303710135019717,0.7454792921248141,0.0
11.731731731731731,-0.41942370911936194,0.10344876426917166,0.7437212979234308,-0.13442675567955814,0.0032827691890667085,-0.010721177569414498,0.13220956737523823,0.13294691806971215,-0.4287633280968261,0.7427802331092468,0.0
11.751751751751751,-0.41734232168179364,0.10406937187841618,0.7410434986762161,-0.13388996236073614,0.0027830472337324473,-0.02498609776671307,0.13211705394220574,0.13302538275805598,-0.4271387158496476,0.7400913286896452,0.0
11.771771771771771,-0.41524963756755084,0.10463420571213904,0.7383762198805431,-0.13336393978364608,0.0025111352536007965,-0.013595599006582517,0.13221078509987733,0.1329642201127769,-0.42549724089734603,0.7374126850193523,0.0
11.791791791791791,-0.41314761624947594,0.10510106590374431,0.7357199399979528,-0.13281399412951586,0.0023268418683225845,-0.009214669263910583,0.13223095620211434,0.13290849808035513,-0.4238389680425417,0.7347444078466331,0.0
11.811811811811811,-0.4110368551069487,0.10553805712636014,0.7330741245827024,-0.13229077076252346,0.0014892515216614274,-0.04187951733305787,0.13189869878156224,0.13299764471796371,-0.4221639627510075,0.7320866025105016,0.0
11.831831831831831,-0.40891831583644156,0.105926963525358,0.7304351636732767,-0.13194804547128444,0.0006534494930044233,-0.04179010143285019,0.13175187057633814,0.13219402682145726,-0.4204722911490846,0.7294393739365621,0.0
11.851851851851851,-0.40679533049878486,0.10614926688283609,0.727788976410599,-0.13230936313388086,-0.0006791253065813173,-0.06662873997928702,0.13134200378271874,0.13213959488233804,-0.4187640200210709,0.7268028266328654,0.0
11.871871871871871,-0.4046713329377421,0.1061998780521368,0.7251286954482001,-0.13301404811994375,-0.0020013141478103314,-0.06610944206145068,0.1318109717295442,0.13266805315459626,-0.41703921680658573,0.724177064685785,0.0
11.891891891891891,-0.4025515526875117,0.10598901251151957,0.7224691118263226,-0.1329791810938789,-0.0032409305855407096,-0.06198082188651893,0.13203817145241928,0.13292723328610742,-0.41529794959790634,0.7215621917559061,0.0
11.911911911911911,-0.40044119095242664,0.10551808675425157,0.7198174232242506,-0.13258443010360102,-0.0043557644126086086,-0.05574169135339492,0.13222933045291288,0.13311093453133602,-0.4135402871372809,0.7189583110739347,0.0
11.931931931931931,-0.3983449876366122,0.1048101657907234,0.7171791616760868,-0.13191307740819,-0.005536107461792394,-0.05901715245918922,0.13226221714577271,0.13326967880135962,-0.41176629881421384,0.7163655254366219,0.0
11.951951951951951,-0.3962672708943024,0.10388583711548811,0.7145571348855788,-0.13110133952539466,-0.006749878887253214,-0.060688571273041086,0.13242532502598187,0.13356954162433302,-0.40997605466272624,0.7137839372027046,0.0
11.971971971971971,-0.3942130335727695,0.10271186607664748,0.711958160892761,-0.1299486996408926,-0.0074284492619129455,-0.033928518732986634,0.1325821127212449,0.13346842129641803,-0.4081696253585919,0.7112136482888661,0.0
11.991991991991991,-0.39218707480972503,0.10129793815222192,0.7093830100773212,-0.12875754077198984,-0.0077288899606397544,-0.015022034936340457,0.1325626055628305,0.13326458786470372,-0.40634708221654703,0.708654760165712,0.0
12.012012012012011,-0.3901919314053536,0.09975717021857189,0.7068283288747583,-0.127734060128141,-0.007912463314770173,-0.009178667706520881,0.13247015893426836,0.1331440907875672,-0.4045084971874738,0.7061073738537635,0.0
12.032032032032031,-0.3882286792308089,0.09816260872723527,0.7042909310434307,-0.12686989156638304,-0.008070181445178256,-0.00788590652040418,0.13117816750053868,0.1325747251332211,-0.402653942855561,0.7035715899194704,0.0
12.052052052052051,-0.38629775542595896,0.0965461902424981,0.7017432166975237,-0.12738571729534665,-0.007669332902074392,0.02004242715519318,0.13181504085943666,0.13300817068817028,-0.4007834924354383,0.7010475084712406,0.0
12.072072072072071,-0.38439976055809266,0.09489974339331383,0.6992010453811489,-0.12710856581873833,-0.0070236924656189885,0.03228202182277009,0.13190865191806575,0.13304401063019466,-0.3988972197692855,0.6985352291554876,0.0
12.092092092092091,-0.382533226069422,0.09332672443353303,0.6966663396002037,-0.126735289047259,-0.006012965129079966,0.050536366826951104,0.13204910982295903,0.13303647690953788,-0.39699519932391764,0.6960348511526973,0.0
12.112112112112111,-0.3806954968147661,0.09188646273279451,0.6941410777435922,-0.1262630928305737,-0.004893293862477514,0.055983563330122665,0.13192604500054747,0.13290480892260761,-0.39507750618784526,0.6935464731735119,0.0
12.132132132132131,-0.37888223089821127,0.09066329582774275,0.691621500700622,-0.12597885214850904,-0.004099563946743722,0.03968649578668958,0.13172818987969392,0.1329795539140993,-0.3931442160683094,0.6910701934548328,0.0
12.152152152152151,-0.37708949553576304,0.0896367681224105,0.6891058014268755,-0.12578496368732725,-0.0027517812633300657,0.06738913417068279,0.13187334298508177,0.13282156958053645,-0.391195405288294,0.6886061097559437,0.0
12.172172172172171,-0.37531393068116387,0.08877824272995885,0.6865937987237781,-0.12560013515486965,-0.0013924102285682296,0.06796855173809183,0.1319062431418826,0.13286842839341434,-0.3892311507835118,0.6861543193546498,0.0
12.192192192192191,-0.37355015111010215,0.088188978553087,0.684086687591087,-0.12535555663455242,-0.00012214866778023777,0.06351307803939958,0.1318936386767261,0.1329263254671312,-0.38725153009936697,0.6837149190434378,0.0
12.212212212212211,-0.3717933556596423,0.08783977252299217,0.6815851444815322,-0.12507715547774237,0.0018333964777818535,0.09777725727810455,0.13219316870674916,0.13275830284039958,-0.3852566213878945,0.681288005125655,0.0
12.232232232232231,-0.3700377770957175,0.08777892819623988,0.6790911154320527,-0.12470145247397348,0.003078882057395376,0.062274278980676175,0.1320251359612005,0.1332206423009745,-0.3832465034046749,0.6788736734117078,0.0
12.252252252252251,-0.3682760961505408,0.0880840472588341,0.6766089463540609,-0.12410845389959307,0.004603172761071864,0.07621453518382439,0.13228974857258063,0.13326129834124317,-0.38122125550572394,0.6764720192152778,0.0
12.272272272272271,-0.36650361739002996,0.08862393802554144,0.6741431361570464,-0.12329050985072507,0.006500089198550733,0.09484582187394343,0.13256369038781124,0.13321985773176467,-0.37918095764436105,0.6740831373495608,0.0
12.292292292292291,-0.3647139883092731,0.08948145403784241,0.671697090460613,-0.1223022848216696,0.008064111647423053,0.07820112244361604,0.13259388359471708,0.1333602193971547,-0.3771256903680519,0.6717071221235218,0.0
12.312312312312311,-0.36289989297005004,0.09070476696115154,0.6692732756916211,-0.12119073844959447,0.009586499943156008,0.07611941478664767,0.13262333729953052,0.13331339700980857,-0.3750555348152297,0.669344067338174,0.0
12.332332332332332,-0.36105497724443053,0.0922457862809765,0.6668713688688201,-0.12009534114004969,0.010729413786136541,0.05714569214902673,0.13255529905275604,0.13338766948718025,-0.3729705727120911,0.6669940662828743,0.0
12.352352352352352,-0.3591734691685683,0.09407540379311319,0.6644913893466662,-0.11899897610769683,0.011865192786904937,0.05678895003841986,0.13264850149522198,0.13339933926644262,-0.37087088636936966,0.66465721173164,0.0
12.372372372372372,-0.35725084592276257,0.09613116229028554,0.6621348252546232,-0.1178282046021475,0.012882934109917163,0.050887066150611004,0.13267623434514034,0.13341607305667122,-0.36875655867908713,0.662333595939488,0.0
12.392392392392392,-0.35528264174190716,0.09841020904277029,0.6598022638707962,-0.11662806919134631,0.013750850951691472,0.04339584208871557,0.1325994021451614,0.13334245725107294,-0.36662767311128003,0.6600233106387904,0.0
12.412412412412412,-0.35326511994017806,0.1008760900864536,0.657491405746717,-0.1155429062039607,0.014733197175292641,0.049117311180058354,0.13281360153874122,0.13340557488031504,-0.3644843137107058,0.6577264470356556,0.0
12.432432432432432,-0.3511946185094609,0.10352507153586017,0.6552062947934211,-0.1142555476647991,0.01541514942190396,0.0340976123305659,0.1334451107806856,0.13399553771549863,-0.36232656509352346,0.6554430958063259,0.0
12.452452452452452,-0.34906764815790403,0.10634851757784172,0.652964947455532,-0.11206736689445387,0.016525937083325736,0.055539383071088966,0.13324913480649456,0.13342300281030822,-0.3601545124439536,0.6531733470935976,0.0
12.472472472472472,-0.3468812261188828,0.10932110195106377,0.6507558991677302,-0.11045241439008678,0.01712262240523205,0.029834266095315348,0.13287500508770406,0.1332372881349717,-0.3579682415109155,0.6509172905032636,0.0
12.492492492492492,-0.344631103614215,0.11250612523338986,0.6485707587649197,-0.10925702014053226,0.01729017838108398,0.008377798792596515,0.1326100835426771,0.13312922688063114,-0.3557678386046427,0.6486750151005755,0.0
12.512512512512512,-0.34231532539461695,0.11578891097990168,0.6464039421974201,-0.10834082837497727,0.017457988684649615,0.008390515178281852,0.13237662142710546,0.1327929141088727,-0.35355339059327384,0.6464466094067263,0.0
12.532532532532532,-0.3399330405698506,0.11911424123831968,0.6442469843331838,-0.10784789321181532,0.017044915711796838,-0.020653648642638474,0.13344273768359138,0.13300323717071738,-0.35132498489942465,0.6442321613953574,0.0
12.552552552552552,-0.3374834081286562,0.12248162205971908,0.642118775558078,-0.10641043875529319,0.015472438105616547,-0.0786238803090148,0.13195072957518597,0.1321678735571153,-0.34908270949673637,0.6420317584890844,0.0
12.572572572572572,-0.33496928489089567,0.1257061618880247,0.6399848453979231,-0.10669650800774394,0.013979448883376763,-0.07464946111198939,0.13246438813744826,0.1326298629595459,-0.34682665290640247,0.6398454875560465,0.0
12.592592592592592,-0.3323961161182731,0.128658438631129,0.637859756014325,-0.10625446917990437,0.011847928597873394,-0.10657601427516841,0.13242499057732185,0.13306045175118683,-0.34455690419367424,0.6376734349064767,0.0
12.612612612612612,-0.3297697786361161,0.13131687410784848,0.6357493837355662,-0.10551861393793831,0.009501226837825026,-0.11733508800241847,0.13223304911859945,0.1331794759467063,-0.3422735529643445,0.6355156862892943,0.0
12.632632632632632,-0.3270990479888539,0.13353653236310942,0.6336527455977206,-0.10483190689228485,0.007591583182920975,-0.09548218274520247,0.13297712069278375,0.13390032669803165,-0.33997668936120956,0.6333723268887199,0.0
12.652652652652652,-0.32439249409535087,0.13532769467515152,0.6315916310308486,-0.10305572834359615,0.0054961810043593975,-0.10477010892807895,0.13292874131199087,0.1341182416650532,-0.3376664040605121,0.6312434413209129,0.0
12.672672672672672,-0.3216583273806123,0.13670833573692961,0.6295685834289327,-0.10115238009579437,0.0042172596104434485,-0.06394606969579733,0.1328136267897262,0.133620122201582,-0.33534278826836006,0.6291291136306305,0.0
12.692692692692692,-0.3189043503191941,0.13769885307090957,0.6275745365332028,-0.09970234478649394,0.002764539017916918,-0.07263602962632652,0.1324864604533866,0.13350966330296996,-0.33300593371712583,0.6270294272879089,0.0
12.712712712712712,-0.3161356581853128,0.1384346066940651,0.6256030043443976,-0.09857660944026063,0.0013159060554731674,-0.07243164812218755,0.1322857185978074,0.13342524753249163,-0.3306559326618258,0.6249444651847701,0.0
12.732732732732732,-0.3133582030799258,0.13887275526935094,0.6236497611387481,-0.09766216028247497,0.00021082147851338355,-0.055254228847989195,0.13221890059200914,0.13326342770091326,-0.3282928778764782,0.6228743096319481,0.0
12.752752752752752,-0.3105776828607486,0.13902601095886033,0.6217114139420598,-0.09691735983442062,-0.0006455672746750415,-0.042819437659421256,0.13213230474796936,0.1331158270781957,-0.3259168626504395,0.6208190423556392,0.0
12.772772772772772,-0.3077984386212645,0.1389622119742063,0.61978448208725,-0.09634659274048801,-0.0013102997822078636,-0.03323662537664111,0.13203918719218966,0.13297703162960464,-0.3235279807847221,0.6187787444942761,0.0
12.792792792792792,-0.30502377520542384,0.1387331707920324,0.6178655178323531,-0.09594821274484384,-0.0018853764414834995,-0.02875383296378179,0.13193698106170065,0.13288890004898118,-0.321126326588292,0.616753496595325,0.0
12.812812812812812,-0.3022563235031058,0.1383725851159025,0.6159516907204342,-0.09569135559594613,-0.002321888519264518,-0.0218256038890509,0.13194053150642757,0.13286613459250063,-0.31871199487434476,0.6147433786121053,0.0
12.832832832832834,-0.2994981293164609,0.13790970933224178,0.6140427069993766,-0.09544918605288433,-0.0028792219414581622,-0.027866671109682276,0.1302364794310356,0.13118709851218063,-0.3162850809565623,0.6127484699006331,0.0
12.852852852852854,-0.29675100990233155,0.1373559707064674,0.6120884380590242,-0.09771344701761911,-0.0032610770622461373,-0.01909275603939879,0.1309406294287697,0.13183628871038627,-0.31384568064535046,0.6107688492164884,0.0
12.872872872872874,-0.29401693353804265,0.13670381821444513,0.6101089713163707,-0.09897333713268198,-0.003792399233751015,-0.02656610857524389,0.13134902754926972,0.1324041897042266,-0.3113938902440563,0.608804594711706,0.0
12.892892892892894,-0.29129748778369613,0.13597228771732622,0.6081187897016418,-0.09950908073644066,-0.004265487679175988,-0.023654422271248636,0.13166360055817214,0.1327649320726912,-0.308929806545167,0.6068557839316904,0.0
12.912912912912914,-0.2885950267645449,0.13512305095755991,0.6061279000721606,-0.09954448147406032,-0.004342577608767048,-0.003854496479552945,0.1320037769049714,0.13294184952282728,-0.30645352682648824,0.6049224938121548,0.0
12.932932932932934,-0.285911398496711,0.13418141339169662,0.6041439551452059,-0.09919724634773124,-0.004177137474187134,0.008272006728995682,0.13212037185956152,0.13291883796019335,-0.30396514884730286,0.6030048006760824,0.0
12.952952952952954,-0.2832466378866829,0.13323803050140412,0.6021683320080226,-0.09878115685916926,-0.0041753695842220795,8.839449825274494e-05,0.13210393329163478,0.13303592902625083,-0.3014647708445123,0.6011027802307145,0.0
12.972972972972974,-0.28060004388656384,0.1323297000059532,0.6002025152049345,-0.09829084015440478,-0.004271736253751473,-0.0048183334764697544,0.13213412368916702,0.1331659268078291,-0.2989524915287595,0.5992165075645618,0.0
12.992992992992994,-0.277971624503674,0.13142096914449075,0.5982488671495505,-0.09768240276919822,-0.004355604328357778,-0.004193403730315273,0.1322468232357394,0.13330971162282348,-0.2964284100805295,0.5973460571444389,0.0
13.013013013013014,-0.27536182104787527,0.13049017278993852,0.5963111729289389,-0.09688471103058137,-0.00432383058300362,0.0015886872677079531,0.1323267198344209,0.13334916041514944,-0.2938926261462366,0.5954915028125263,0.0
13.033033033033034,-0.2727710613053927,0.1295379871241298,0.5943911824342614,-0.09599952473387406,-0.0040799584564181245,0.012193606329274692,0.13364772418858753,0.13403064672464285,-0.2913452398342883,0.5936529177834532,0.0
13.053053053053054,-0.2701993770281558,0.12858421386184682,0.592518544009772,-0.09363192122446869,-0.004077737811257099,0.00011103225805128222,0.13285424448141958,0.1333839228383827,-0.2887863517111338,0.591830374641408,0.0
13.073073073073074,-0.26764580734432,0.1276784841917887,0.590671878306276,-0.09233328517480147,-0.004065907504869105,0.0005915153193996439,0.13280004300247866,0.13331977419912872,-0.2862160627972956,0.590023945337274,0.0
13.093093093093094,-0.2651100798704298,0.12678637369450987,0.5888494057460318,-0.09112362801220925,-0.004320691672526916,-0.012739208382890489,0.13267469018318043,0.13336721272297686,-0.2836344745633782,0.5882337011857863,0.0
13.113113113113114,-0.26259201353461975,0.1259033167905011,0.5870499477520236,-0.08997289970041299,-0.004826810404571562,-0.025305936602232338,0.13256723052973665,0.1334468089981624,-0.28104168892606546,0.5864597128627191,0.0
13.133133133133134,-0.2600925087679612,0.1249752383329285,0.5852730640418233,-0.08884418551001044,-0.005525739551301445,-0.0349464573364941,0.1324748349057936,0.13351994553703997,-0.2784378082440939,0.5847020504020937,0.0
13.153153153153154,-0.25761329222956886,0.12396082691961617,0.5835184373166123,-0.08773133626054841,-0.006560480393691383,-0.05173704211949703,0.13235758664181926,0.13369364014949614,-0.2758229353142152,0.5829607831934145,0.0
13.173173173173174,-0.2551574166672308,0.12279377811690415,0.5817868669481424,-0.08657851842349695,-0.007339358037541992,-0.038943882192530484,0.13237196227009476,0.1336242175114774,-0.27319717336713445,0.5812359799789291,0.0
13.193193193193194,-0.2527291944410865,0.1214111113072145,0.5800774893083763,-0.08546888198830264,-0.007630958900952869,-0.01458004317054384,0.1324654242305622,0.13345185510245877,-0.27056062606343795,0.5795277088509154,0.0
13.213213213213214,-0.25033125245374865,0.11989709936689083,0.5783890913606153,-0.08441989738804952,-0.008099777281786688,-0.02344091904169101,0.1323835893485161,0.13351878701442077,-0.26791339748949816,0.5778360372489924,0.0
13.233233233233234,-0.24796492965476608,0.11831613994912847,0.5767214219643463,-0.08338346981345156,-0.00837480646217365,-0.013751459019348084,0.1333838674631858,0.13447906815091024,-0.265255592153367,0.5761610319574584,0.0
13.253253253253254,-0.2456322374431387,0.11663461058136872,0.5751034894281944,-0.08089662680759414,-0.008528447595670379,-0.007682056674836544,0.1329446449734061,0.1339871717606185,-0.262587314980648,0.5745027591026541,0.0
13.273273273273274,-0.24333424721901772,0.11489951120604791,0.5735214417149407,-0.07910238566268957,-0.008454880255128517,0.00367836702709309,0.13270400288675974,0.13361320850024613,-0.2599086713103547,0.5728612841503524,0.0
13.293293293293294,-0.24107113637010205,0.11315554244578375,0.5719661328759836,-0.07776544194785148,-0.00860914572636011,-0.007713273561579522,0.13243759019901635,0.13349859337060105,-0.257219766890753,0.5712366719031737,0.0
13.313313313313314,-0.23884298243717086,0.11140769664655902,0.5704318936156254,-0.07671196301791018,-0.008369234404417497,0.011995566097130449,0.13244029450187775,0.13327066291873593,-0.25452070787518555,0.5696289864980282,0.0
13.333333333333334,-0.23665032896997099,0.10963267335999326,0.5689153605180792,-0.07582665487730732,-0.00791879740372125,0.022521850034812323,0.13242608317267093,0.1331211486135703,-0.2518116008178805,0.5680382914035824,0.0
13.353353353353354,-0.2344921459002988,0.10790915348361022,0.5674140976570236,-0.075063143052783,-0.007397648372484497,0.026057451561837572,0.13241222832029456,0.133058597505484,-0.24909255266974567,0.5664646494177551,0.0
13.373373373373374,-0.23236654028894882,0.10628028056749919,0.5659269714910059,-0.07435630830088034,-0.00692838864374689,0.023462986436880315,0.1323695445524345,0.1330401585351363,-0.24636367077414584,0.5649081226652373,0.0
13.393393393393394,-0.2302717243669349,0.10474079610069578,0.5644530773526687,-0.0736947069168584,-0.006161628788176904,0.038337992778499266,0.13244131556287175,0.13291444750736034,-0.24362506286266597,0.5633687725950398,0.0
13.413413413413414,-0.228205773717143,0.10329753248959449,0.5629916154736988,-0.07307309394849555,-0.0053020402926800365,0.04297942477484333,0.13240922851380854,0.13281687110518697,-0.24087683705085763,0.5618466599780683,0.0
13.433433433433434,-0.22616548490181182,0.10201444076655936,0.5615406716615785,-0.07254719060601615,-0.004562910447820412,0.03695649224298121,0.1312400771677491,0.1324439151174023,-0.23811910183396973,0.5603418449047219,0.0
13.453453453453454,-0.22414714798638896,0.1009168457711435,0.5600774085152468,-0.07316315731658586,-0.003507428118589159,0.05277411646156255,0.1313013881930208,0.13229245977803342,-0.23535196608266623,0.5588543867825233,0.0
13.473473473473474,-0.222147896238052,0.09996258741684752,0.5586005152851108,-0.07384466150680122,-0.0022533037900124113,0.06270621642883734,0.1316936002083048,0.13254053540361097,-0.2325755390387293,0.5573843443337725,0.0
13.493493493493494,-0.22016376686519074,0.099206468643063,0.5571195061165116,-0.07405045842996019,-0.000759951659469967,0.07466760652712211,0.13218184131206126,0.13283632555891628,-0.22978993031074382,0.5559317755932277,0.0
13.513513513513514,-0.21818985150021886,0.09869576824859326,0.5556460135267306,-0.07367462948905051,0.0008079825156541247,0.07839670875620451,0.13276816990680707,0.13332043925828274,-0.22699524986977346,0.5544967379058161,0.0
13.533533533533534,-0.21621999707521355,0.0984927212502657,0.5541958972440724,-0.07250581413290944,0.0020572010316792636,0.06246092580125683,0.1307882646092169,0.13280656766769922,-0.22419160804501637,0.5530792879243682,0.0
13.553553553553554,-0.21424793707136627,0.09860300019236434,0.5527321902883526,-0.07318534778598697,0.004044713061809366,0.09937560150650501,0.13094671038230227,0.13247334366546226,-0.2213791155194508,0.551679481607382,0.0
13.573573573573574,-0.2122689459938715,0.09894955387473929,0.5512523091484,-0.07399405699763185,0.006533107983257791,0.1244197460724212,0.13215352749245396,0.13328586294529082,-0.21855788332546666,0.5502973742168146,0.0
13.593593593593594,-0.2102753543395985,0.09967958271364998,0.5497861614393194,-0.07330738545402787,0.009421362577009916,0.14441272968760602,0.13267395813805896,0.13340779661444302,-0.21572802284047946,0.5489330203158986,0.0
13.613613613613614,-0.20825743655539747,0.1008958892100529,0.5483431995760562,-0.0721480931631577,0.01250668306462896,0.15426602438095202,0.13261119651792447,0.13303999551648696,-0.21288964578253647,0.5475864737669903,0.0
13.633633633633634,-0.20620394231229452,0.1026747121551467,0.5469169338192816,-0.07131328783872837,0.015601064319821861,0.1547190627596448,0.1330921802902817,0.13346522781493858,-0.21004286420590307,0.5462577877294414,0.0
13.653653653653654,-0.20410237145268356,0.1050785429805478,0.5455206415110196,-0.069814615413097,0.01842441047502872,0.14116730776034317,0.1327389737919358,0.13305701124150843,-0.20718779049664218,0.5449470146575022,0.0
13.673673673673674,-0.2019409080696872,0.10807316914981781,0.5441428462577473,-0.06888976266361435,0.02112530285680086,0.13504461908860688,0.13302650664204624,0.13319596116207105,-0.2043245373681744,0.5436542062982486,0.0
13.693693693693694,-0.1997081015327258,0.11164032684807017,0.5427896616657623,-0.06765922959925305,0.023296596079480102,0.10856466113396157,0.13304959730629448,0.1333404000047548,-0.2014532178568314,0.5423794136895412,0.0
13.713713713713714,-0.19739332578146496,0.1157387875630429,0.5414633388282749,-0.06631614187436737,0.02504597952841621,0.08746917244680537,0.13307437802080657,0.13342798122537103,-0.19857394531739014,0.5411226871580094,0.0
13.733733733733734,-0.19498823436932544,0.12025457060697582,0.5401653303321569,-0.0649004248059017,0.026613502497795084,0.07837614846894363,0.1331316498806391,0.13340065439588703,-0.1956868334186012,0.5398840763170648,0.0
13.753753753753754,-0.1924859664889151,0.12511339402051602,0.5388958904469513,-0.06347199426027991,0.027898399348942244,0.06424484255735795,0.13310729455824036,0.1333584170515028,-0.19279199613869846,0.5386636300649427,0.0
13.773773773773774,-0.18988060305061458,0.13026817191502676,0.5376538508283467,-0.06210198093023112,0.02904004592400164,0.057082328752969175,0.13309073691840256,0.13323315210991424,-0.18988954776090053,0.537461396582771,0.0
13.793793793793794,-0.18716701233932562,0.13567953556444762,0.5364369519850614,-0.06084494216426558,0.029721864751132747,0.0340909413565552,0.1329377557719311,0.13318714224423536,-0.18697960286889995,0.5362774233326693,0.0
13.813813813813814,-0.18434137275273083,0.14128197932973982,0.5352421001781769,-0.059742590344223655,0.03053474355853784,0.04064394037025454,0.13301631178214557,0.13299232641773168,-0.1840622763423389,0.5351117570558743,0.0
13.833833833833834,-0.18140047922324562,0.14704467647426012,0.5340674790610558,-0.05873105585605535,0.030555135480122113,0.0010195960792131753,0.13354694013770757,0.13332222524798204,-0.18113768335227293,0.5339644437708946,0.0
13.853853853853854,-0.17834126437611003,0.15296074235678012,0.532925720722162,-0.05708791694468931,0.030042834416741264,-0.025615053169042872,0.13298405161215263,0.1329729885712377,-0.17820593935662563,0.5328355287716942,0.0
13.873873873873874,-0.1751638320560821,0.15887161600139704,0.5318032900881184,-0.05612153170217818,0.02881012491645556,-0.06163547501428508,0.1326473048204882,0.13301011701030802,-0.17526716009562956,0.5317250566259039,0.0
13.893893893893894,-0.17187079848734269,0.164651678436971,0.5306957982273662,-0.05537459303761289,0.027508993419267207,-0.06505657485941785,0.132543247467794,0.13289680971890494,-0.17232146158725833,0.5306330711730629,0.0
13.913913913913914,-0.16846715199505752,0.17018232461425792,0.529600159663399,-0.05478192819835902,0.02605538677402185,-0.07268033226226848,0.13252642998464703,0.13293382604722231,-0.16936896012264568,0.5295596155228872,0.0
13.933933933933934,-0.1649580139935754,0.1754569000741059,0.5285168109006321,-0.054167438138349504,0.024388601277561525,-0.08333927482301631,0.13245436932558685,0.13296693671259022,-0.1664097722614935,0.5285047320535678,0.0
13.953953953953954,-0.16134925779261483,0.18043781004802872,0.5274453207945526,-0.05357450530397023,0.022625244648742514,-0.08816783144095097,0.13239028146697668,0.13295451757293886,-0.16344401482747117,0.5274684624100976,0.0
13.973973973973974,-0.15764750588899892,0.18508759518079546,0.5263847142447621,-0.05303032748952982,0.020741924450384062,-0.09416600991792275,0.13248566940908024,0.13312989981918177,-0.16047180490360488,0.5264508475026279,0.0
13.993993993993994,-0.15385949517838712,0.18940053553058955,0.5253391578778785,-0.05227781834417707,0.018597395923919867,-0.10722642632320999,0.13238398094183942,0.13321181693348413,-0.1574932598276523,0.5254519275048526,0.0
14.014014014014014,-0.1499927731852172,0.1933360996584967,0.5243085084754512,-0.05153247012136642,0.016378823660866373,-0.11092861315267503,0.1324211232072557,0.13334409066975722,-0.15450849718747378,0.5244717418524232,0.0
14.034034034034034,-0.14605616954596728,0.19683018196249602,0.5232954301378778,-0.05065391687866526,0.014521045928039655,-0.0928888866413364,0.1319573887647248,0.13209903220953972,-0.15151763481638725,0.5235103292413907,0.0
14.054054054054054,-0.1420587988901469,0.19986853279102004,0.5222747492524693,-0.05103404427042639,0.012287582507995835,-0.11167317100219125,0.13110185915199532,0.13162272704150216,-0.1485207907885175,0.5225677276266785,0.0
14.074074074074074,-0.13800817083965014,0.20253140252483745,0.5212268590906268,-0.052394508092121775,0.009870572979345424,-0.12085047643252111,0.13252800204158136,0.13336879516352373,-0.14551808341413613,0.5216439742205848,0.0
14.094094094094094,-0.13391231633630363,0.20479272516732563,0.5201988970486765,-0.0513981020975136,0.007381791589454171,-0.12443906949456304,0.13305102439165986,0.13413054619705522,-0.14250963123498805,0.520739105491312,0.0
14.114114114114114,-0.12978087554485213,0.2065720395725755,0.5192099836842028,-0.049445668223683584,0.005271983582740361,-0.10549040033569086,0.13330288564173123,0.13440312450201808,-0.1394955530196148,0.5198531571615286,0.0
14.134134134134134,-0.12562364140482526,0.2078617070013427,0.5182679364021975,-0.047102364100267156,0.0035190213547615975,-0.08764811139893874,0.13332234557564135,0.1343956448202287,-0.13647596775866255,0.5189861642069571,0.0
14.154154154154154,-0.12144886280711652,0.20873892988543713,0.5173729407147444,-0.04474978437265719,0.0019570750338871626,-0.07809731604372232,0.13323922237763333,0.1343741037942241,-0.1334509946601879,0.5181381608549952,0.0
14.174174174174174,-0.11726352673950709,0.20926680338047127,0.516523431197207,-0.04247547587686929,0.0006471815435891529,-0.06549467451490111,0.13345018894273847,0.13459368240367847,-0.13042075314494833,0.517309180583363,0.0
14.194194194194194,-0.11307404385426771,0.20947414426196903,0.515725759118043,-0.03988360395820056,-0.00018359011784632642,-0.041538583071774667,0.13326352882286752,0.13424580060445263,-0.12738536284169116,0.5164992561187824,0.0
14.214214214214214,-0.10888510468610907,0.20944695840793195,0.5149719615979773,-0.037689876003281816,-0.0011804005401052171,-0.049840521112945305,0.13283115944545482,0.13405214545489144,-0.12434494358242722,0.5157084194356845,0.0
14.234234234234235,-0.10470018920577585,0.20924577401666047,0.5142527221217138,-0.03596197381317398,-0.001960851747752058,-0.039022560382342884,0.13365641468415607,0.13501849227558457,-0.12129961539770373,0.5149367017549471,0.0
14.254254254254255,-0.10052317352685908,0.20885078394583848,0.5135945464194459,-0.03290878511339504,-0.0025013100033251545,-0.02702291277865568,0.1331903220311886,0.1345199888436997,-0.11824949851186255,0.5141841335426631,0.0
14.274274274274275,-0.0963575356024845,0.2082818962187291,0.5129830796379069,-0.030573339076952796,-0.002420598103409091,0.004035594995802173,0.13295365953587743,0.13397734861079655,-0.11519471333829526,0.5134507445089367,0.0
14.294294294294295,-0.09220497995044967,0.20762778260174153,0.5124067260907164,-0.02881767735952999,-0.002355278571257209,0.0032659766075930695,0.13215066816278906,0.13324757380253333,-0.11213538047469031,0.5127365636067114,0.0
14.314314314314315,-0.08806511011815019,0.20699349161497407,0.5118427445657022,-0.028199076250708093,-0.0022524148234269346,0.005143187391512613,0.13213797915500003,0.13326128268170623,-0.10907162069827119,0.5120416190306263,0.0
14.334334334334335,-0.08393822129275669,0.20634444126967477,0.511291138491435,-0.027580303713358508,-0.0015306772405029659,0.03608687914619716,0.13223419808285117,0.13298931101831543,-0.10600355496102742,0.5113659382159033,0.0
14.354354354354355,-0.07982346263981635,0.20573793264701698,0.5107492927731053,-0.027092285916484743,-0.0009044765239585108,0.03131003582722146,0.13215100439807798,0.13295328408051696,-0.10293130438494096,0.5107095478372641,0.0
14.374374374374375,-0.0757183139898974,0.20525743249594738,0.5102154368232722,-0.026692797491657295,-7.9143177393072e-06,0.04482811031095876,0.13228894280844863,0.13288445720623973,-0.09985499025720355,0.5100724738078766,0.0
14.394394394394395,-0.07161998003811806,0.20491669758896658,0.509690589566791,-0.02624236282405951,0.0006731401794559198,0.03405272485975985,0.13226113251777125,0.13294642292890918,-0.09677473402542994,0.5094547412783329,0.0
14.414414414414415,-0.06752512934074115,0.2047425348688457,0.5091752497520566,-0.02576699073672224,0.001406593083743895,0.03667264521439718,0.13231857561624916,0.1329094331306889,-0.09369065729286231,0.5088563746356556,0.0
14.434434434434435,-0.06343111381981861,0.20470077604612633,0.5086697102276465,-0.025276976220505693,0.002148889201953329,0.03711480591047,0.13347877154390697,0.13359070586532898,-0.09060288181356888,0.5082773975023351,0.0
14.454454454454455,-0.05933524334141026,0.20479352392041783,0.508201239487541,-0.02342353700527517,0.0027442856606150617,0.029769822933084854,0.1324371230485523,0.13257668415803772,-0.08751152948763798,0.5077178327353973,0.0
14.474474474474475,-0.05523438581509061,0.20504287631598248,0.5077393421884802,-0.023094864953045493,0.0029584835600586896,0.010709894972179626,0.1323300858259349,0.13264143446226087,-0.08441672235636707,0.5071777024255011,0.0
14.494494494494495,-0.05112641894220734,0.2053983436441636,0.5072833798759329,-0.022798115627363842,0.0031334282096941403,0.008747232481770551,0.13238152301428174,0.13265529311020788,-0.0813185825974417,0.5066570278960659,0.0
14.514514514514515,-0.04701017259313246,0.20581231745374373,0.5068343118829948,-0.022453399646906347,0.002912242100980688,-0.011059305435674686,0.13227872435023622,0.13274813704824973,-0.07821723252011552,0.5061558297024311,0.0
14.534534534534535,-0.04288519928369256,0.2062486654719952,0.5063919821196627,-0.022116488166602277,0.0026768692578621315,-0.011768642155929994,0.13408858513514654,0.132140585702559,-0.07511279456037881,0.505674127631043,0.0
14.554554554554555,-0.03875206796273387,0.2066565660479344,0.5059741987613448,-0.020889167915897,0.0002423890609563475,-0.12172400984529139,0.12670972520739263,0.12614541164497026,-0.07200539127612612,0.5052119406986746,0.0
14.574574574574575,-0.034612230730253477,0.20699186162401978,0.5053828076580285,-0.029569555165814325,-0.003296770457567344,-0.1769579759261868,0.1298794533956623,0.13012995459283086,-0.06889514534231926,0.5047692871516745,0.0
14.594594594594595,-0.030474556987878744,0.2068836871187366,0.504723979708597,-0.03294139747157621,-0.007516404663898932,-0.21098171031658197,0.1320409310278656,0.13294400053095634,-0.06578217954614124,0.5043461844652467,0.0
14.614614614614615,-0.026353457349177732,0.20605498193505067,0.5040714705918695,-0.03262545583637106,-0.011371208960796693,-0.1927402148448906,0.1336323373778226,0.13456083241497455,-0.0626666167821523,0.5039426493427611,0.0
14.634634634634635,-0.022265742987933074,0.204385718062233,0.5034727122936199,-0.02993791491248354,-0.014930171948352479,-0.17794814937779196,0.13314984611322345,0.13363356711113838,-0.059548580047434796,0.5035586977150932,0.0
14.654654654654655,-0.018226700476200886,0.20195212558660935,0.5029066232862454,-0.028304450368725795,-0.018308368150902452,-0.1689098101275017,0.13283874694793774,0.13348443467345533,-0.056428192436740965,0.5031943447399958,0.0
14.674674674674675,-0.014249667262231664,0.19885166069846105,0.5023661683780885,-0.027022745407846927,-0.0219292905256337,-0.18104611873656556,0.13409143229796905,0.1352088965853579,-0.05330557713762983,0.5028496048015005,0.0
14.694694694694695,-0.010348826850244781,0.19504202059934417,0.5018951984655716,-0.02354849562584361,-0.025298978693493766,-0.16848440839300688,0.13451876790153494,0.1358291493144189,-0.05018085742560752,0.5025244915093499,0.0
14.714714714714715,-0.0065386647886073665,0.19050810308187072,0.5015088706905979,-0.01931638874868583,-0.02846760971459075,-0.15843155105485318,0.1346104682987181,0.13614927848196032,-0.04705415665925698,0.50221901769846,0.0
14.734734734734735,-0.002833174560783112,0.1852745113912127,0.5012128830562822,-0.014799381715787869,-0.030817971879658516,-0.11751810825339304,0.13429049790444317,0.13565485118105974,-0.043925598275371604,0.5019331954284137,0.0
14.754754754754755,0.0007555906579186965,0.17943826093509044,0.500994746207697,-0.010906842429260157,-0.03267635388177253,-0.09291910010570475,0.13395154599204578,0.13530060087259713,-0.04079530578407899,0.5016670359829851,0.0
14.774774774774775,0.004218027726963052,0.17312185345221778,0.5008438418507518,-0.007545217847260262,-0.033424854433298644,-0.03742502757631071,0.13358075584816398,0.13447188002257573,-0.037663402763966326,0.5014205498696931,0.0
14.794794794794795,0.007548017089621296,0.1664994681329122,0.5007421094006033,-0.005086622507427858,-0.03398321874274714,-0.02791821547243003,0.13333773601329882,0.13433902426135455,-0.03453001285720262,0.5011937468193874,0.0
14.814814814814815,0.010742862605133387,0.15974227577560457,0.5006838385180564,-0.0029135441273423703,-0.034211569482915455,-0.011417537008421186,0.13316910133100449,0.1341944205008911,-0.031395259764656604,0.5009866357858642,0.0
14.834834834834835,0.013800998706097124,0.15290680504818688,0.5006642758198647,-0.0009781349095853982,-0.03442521043133046,-0.010682047420756631,0.13245549148251207,0.13372173336989382,-0.02825926724101237,0.5007992249455124,0.0
14.854854854854855,0.016721975843256735,0.14604885685798058,0.5006657899640458,7.570720905380741e-05,-0.034151026040025755,0.013709219565229021,0.13263730740410523,0.1338251096045654,-0.025122159089885084,0.5006315216969912,0.0
14.874874874874875,0.019504765537083243,0.13913948469132534,0.500692555178474,0.0013382607214124642,-0.03327485790918555,0.04380840654200342,0.13248031581813102,0.1334975286585812,-0.021984059158932506,0.5004835326609376,0.0
14.894894894894895,0.022151570294209263,0.1323402378563011,0.5007374108984656,0.0022427859995815358,-0.032642079871207624,0.031638901898888655,0.13195989393049484,0.1333321772178443,-0.018845091334967076,0.5003552636797053,0.0
14.914914914914915,0.02466576103167676,0.12570953687337472,0.5007903032710967,0.002644618631559501,-0.0314317052373173,0.060518731694508686,0.13171530469762985,0.13292070961953986,-0.01570537953906415,0.5002467198171342,0.0
14.934934934934935,0.02705038859378859,0.11923137810559148,0.5008415930654949,0.0025644897199096272,-0.029888441014407338,0.07716321114548844,0.13177286222055193,0.13294123081714834,-0.012565047721668937,0.50015790535835,0.0
14.954954954954955,0.029310247791139797,0.1129929598675603,0.5008925901402989,0.0025498537401983947,-0.02800291487612282,0.09427630691421687,0.13175833339324367,0.13285792644614655,-0.009424219857704037,0.5000888238095955,0.0
14.974974974974975,0.031451846540127046,0.10707993744936249,0.5009420318106281,0.0024720835164651275,-0.02611284344000294,0.09450357180598361,0.13186928021951783,0.13310113603335136,-0.0062830199416764486,0.5000394778980919,0.0
14.994994994994995,0.03348220987461779,0.10151816672453694,0.5009953783283296,0.002667325885075368,-0.023791652881561955,0.11605952792203826,0.13179045716989587,0.13286962601743565,-0.003141571982779372,0.5000098695719315,0.0
15.015015015015015,0.03540862165404328,0.09632058897127448,0.5010482312426237,0.0026426457147028983,-0.020813691647569382,0.1488980616996171,0.131831543612959,0.13256005784436367,-9.184850993605148e-17,0.5,0.0
15.035035035035035,0.03724105020574009,0.09162142758484065,0.5010968418968812,0.0024305327128756648,-0.01811319263902574,0.13502495042716925,0.13452492816298708,0.13524593248768346,0.0031415719827791884,0.5000098695719315,0.0
15.055055055055055,0.03898969347615085,0.08743216352053788,0.5012211497883443,0.006215394573157736,-0.015798102290492992,0.11575451742662368,0.13340733661213897,0.1344302019380623,0.0062830199416762655,0.5000394778980919,0.0
15.075075075075075,0.040665447622622995,0.08378770732360726,0.5013926621485126,0.008575618008414039,-0.013151043754455154,0.1323529268018775,0.13264290331521494,0.13351060556467528,0.009424219857703853,0.5000888238095955,0.0
15.095095095095095,0.04227818670633266,0.08063695418548342,0.5015865486499322,0.00969432507097876,-0.010516194291535724,0.13174247314595589,0.13177500812626247,0.13268412687342768,0.012565047721668754,0.50015790535835,0.0
15.115115115115115,0.043838836129694414,0.07803247116808756,0.5017778417591051,0.009564655458644463,-0.007957863053795224,0.12791656188700792,0.13153803801028557,0.13251381146675345,0.015705379539063966,0.5002467198171342,0.0
15.135135135135135,0.045357271288884116,0.07592175795948491,0.5019606327482355,0.009139549456523673,-0.004882249112305804,0.15378069707445313,0.13182096441999222,0.13246316441124525,0.018845091334967336,0.5003552636797054,0.0
15.155155155155155,0.04684377452707332,0.07432516190946033,0.5021384627760634,0.008891501391397091,-0.0018116706660476695,0.15352892231288762,0.131930532499221,0.13253225609739538,0.021984059158932322,0.5004835326609376,0.0
15.175175175175175,0.04831058313320843,0.07334043030675529,0.502314060434212,0.00877988290742646,0.0010479386004648274,0.14298046332560452,0.13208803016276313,0.13277725959747827,0.0251221590898849,0.5006315216969912,0.0
15.195195195195195,0.04976956115476182,0.07294890107766952,0.5024934310171543,0.00896852914711104,0.003934737007873648,0.14433992037041937,0.1322305477809322,0.13284270769748935,0.028259267241012187,0.5007992249455124,0.0
15.215215215215215,0.051231985459886026,0.07312121525621026,0.5026796565929098,0.009311278787778368,0.006742681076523612,0.1403972034324751,0.13271009305750447,0.1333022562985234,0.03139525976465686,0.5009866357858642,0.0
15.235235235235235,0.052709397309715085,0.07387059249145304,0.5028866153938144,0.010347940045229258,0.009307048845365982,0.12821838844209385,0.1302368730313765,0.13160921838255996,0.03453001285720288,0.5011937468193874,0.0
15.255255255255255,0.05421264955303128,0.07516261216580981,0.5030525094508281,0.008294702850687563,0.012041283389291203,0.13671172719623406,0.13072251007772864,0.13186580407598705,0.037663402763966146,0.5014205498696931,0.0
15.275275275275275,0.055751409578940564,0.07693800129546423,0.5031882895180588,0.00678900336153602,0.015109837437254565,0.15342770239813897,0.1320237091350121,0.13280404016188474,0.040795305784078806,0.5016670359829851,0.0
15.295295295295295,0.057336840659365965,0.07927155402126985,0.503327042208624,0.006937634528256993,0.01806634367228029,0.14782531175125535,0.13273362919775775,0.13344369931654446,0.04392559827537187,0.5019331954284139,0.0
15.315315315315315,0.058981025546578435,0.08220924436062353,0.5034885927528892,0.008077527213254443,0.021062359379572657,0.14980078536458505,0.13345576429740802,0.1339673954321332,0.047054156659257246,0.50221901769846,0.0
15.335335335335335,0.06069601655207086,0.0857495502746211,0.5036911814315133,0.010129433931205856,0.02382567521652387,0.13816579184752553,0.13371256668070644,0.13417522846002589,0.050180857425607336,0.5025244915093499,0.0
15.355355355355355,0.062494029218592484,0.08990063332608106,0.5039414218487043,0.012512020859553209,0.02605519398275565,0.11147593831155082,0.1335373360551794,0.13415048129060908,0.05330557713762965,0.5028496048015005,0.0
15.375375375375375,0.06438526592238283,0.09456183518951733,0.5042360637950057,0.014732097315072834,0.02846672763984821,0.12057668285458739,0.13370830184317686,0.13403466605189795,0.056428192436740784,0.5031943447399958,0.0
15.395395395395395,0.0663785126901387,0.0996623383877931,0.5045756636365204,0.016979992075732246,0.030816291197501722,0.11747817788263382,0.1335437508128775,0.13369063688302413,0.05954858004743506,0.5035586977150932,0.0
15.415415415415415,0.06848361775765546,0.1052552533758383,0.5049523882977072,0.01883623305933703,0.0323774786333547,0.07805937179260419,0.13335686650837542,0.13379446841182432,0.06266661678215212,0.503942649342761,0.0
15.435435435435435,0.07070931077220986,0.11128465072772017,0.505364697807543,0.02061547549178945,0.03379389261052815,0.07082069885862487,0.13219414039428662,0.1317374853183662,0.06578217954614106,0.5043461844652467,0.0
15.455455455455455,0.07306021506522505,0.11754521465075932,0.5057646889958639,0.019999559416046517,0.034243054390586045,0.02245808900284557,0.13247506830696693,0.13241093256726272,0.06889514534231908,0.5047692871516745,0.0
15.475475475475475,0.07554193320718268,0.12408590709788163,0.5061663185076036,0.020081475586987883,0.03431981370443857,0.003837965692574375,0.132630663182787,0.13261703506332553,0.07200539127612593,0.5052119406986745,0.0
15.495495495495495,0.0781563747633348,0.13072207780760575,0.5065748781865831,0.020427983948970305,0.033972399204767356,-0.01737072498361468,0.13268371405274282,0.13278124953931023,0.07511279456037863,0.505674127631043,0.0
15.515515515515515,0.08090355754652054,0.1373591391592868,0.5069935661439433,0.02093439786801027,0.033544487831665935,-0.02139556865512763,0.1327509892173187,0.13274942070926185,0.07821723252011534,0.5061558297024311,0.0
15.535535535535535,0.08378199140781462,0.14392169306470415,0.5074229424552732,0.021468815566494423,0.03296419860629985,-0.029014461268362962,0.1321886340419472,0.13122715998986598,0.08131858259744151,0.5066570278960659,0.0
15.555555555555555,0.08678930387105,0.15036562316176885,0.5078321861094569,0.02046218270918363,0.03099371291024942,-0.09852428480258152,0.13120763239422184,0.13109550950338142,0.0844167223563669,0.507177702425501,0.0
15.575575575575575,0.08992246273848173,0.15665794337158637,0.5082049140263529,0.018636395844802648,0.028403867687799053,-0.1294922611225821,0.1320596943114976,0.13239514262686058,0.0875115294876378,0.5077178327353973,0.0
15.595595595595595,0.09317462364561835,0.162608045356831,0.508573264542526,0.018417525808655858,0.02559981883359574,-0.14020244271023316,0.13269873893238232,0.13324906824336935,0.0906028818135687,0.5082773975023351,0.0
15.615615615615615,0.09653661787775558,0.16809971160686146,0.5089596504321737,0.019319294482384695,0.022291556914760213,-0.165413095941849,0.13296293291639974,0.13395221519817674,0.09369065729286213,0.5088563746356556,0.0
15.635635635635635,0.0999969286096989,0.17301553659716623,0.5093786777451558,0.02095136564910188,0.0195393562906502,-0.1376100312055789,0.13472190064829292,0.1354445103004728,0.0967747340254302,0.509454741278333,0.0
15.655655655655655,0.10354350757665257,0.1773289483476829,0.509878782363024,0.025005230893407844,0.017067987186811594,-0.12356845519201327,0.13421299634334366,0.13482010195003427,0.09985499025720337,0.5100724738078766,0.0
15.675675675675675,0.10716525083243097,0.18108716278892065,0.5104433299649463,0.028227380096116535,0.0144580583439294,-0.130496442144199,0.13381762093928873,0.13458636142122718,0.10293130438494077,0.510709547837264,0.0
15.695695695695695,0.11085188992372907,0.18433195456490503,0.5110631192752578,0.03098946551557401,0.012013470010997816,-0.12222941664667435,0.13344960190116542,0.1342268904494785,0.10600355496102724,0.5113659382159033,0.0
15.715715715715715,0.11459286582331432,0.1870487949792626,0.5117274832724591,0.03321819986006447,0.00969531890215175,-0.1159075554424056,0.13325624969226882,0.1340157339003999,0.10907162069827145,0.5120416190306263,0.0
15.735735735735735,0.11837828909853174,0.1892711637608706,0.5124305140232039,0.035151537537244114,0.0075511047302355295,-0.10721070859592022,0.13313312631142551,0.13387791988712827,0.11213538047469057,0.5127365636067114,0.0
15.755755755755755,0.12219888105327129,0.1910295977369774,0.5131684073654729,0.036894667113444836,0.005581017871041588,-0.09850434295981367,0.1330547300619592,0.13380016244507648,0.11519471333829508,0.5134507445089367,0.0
15.775775775775776,0.12604619495339286,0.19236569500607828,0.5139388886470373,0.038524064078219594,0.003693592453241154,-0.09437127089014656,0.13297979569747073,0.13377881308171077,0.11824949851186237,0.514184133542663,0.0
15.795795795795796,0.12991246707939838,0.1933136063002755,0.5147405504597512,0.04008309063569794,0.0018682368875990846,-0.09126777828223753,0.13288224447571267,0.13374530741369278,0.12129961539770398,0.5149367017549471,0.0
15.815815815815816,0.13379024902814082,0.1938890974371227,0.5155714551896399,0.041545236494431016,0.0001157842145996461,-0.08762263365011629,0.13278602609121218,0.13370921895043336,0.12434494358242747,0.5157084194356845,0.0
15.835835835835836,0.13767216118398917,0.19409560779241705,0.5164296342018917,0.04290895061259337,-0.0013655431966385627,-0.07406637056206525,0.13368011449143372,0.13445453445347427,0.12738536284169097,0.5164992561187824,0.0
15.855855855855856,0.14155131284405142,0.193957583003112,0.517339355341448,0.04548605697781922,-0.0027264585333120358,-0.06804576683383917,0.13304841693775288,0.1338267730870778,0.13042075314494816,0.517309180583363,0.0
15.875875875875876,0.1454217112636158,0.19351992097821918,0.5182819065491799,0.04712756038659322,-0.0038299706179364757,-0.055175604231398015,0.13282836534201717,0.13351388225239544,0.13345099466018773,0.5181381608549951,0.0
15.895895895895896,0.1492783190305324,0.19283038834582963,0.519249349939053,0.04837216949365237,-0.0050642819445390124,-0.06171556633031568,0.13251894919585258,0.13335508080166555,0.1364759677586628,0.5189861642069571,0.0
15.915915915915916,0.1531166711783443,0.19191760739059496,0.5202347111376554,0.04926805993011914,-0.006158159516835495,-0.05469387861502631,0.13235987519085585,0.13316594473719198,0.1394955530196146,0.5198531571615285,0.0
15.935935935935936,0.15693199017760653,0.1907659499631126,0.5212327932622316,0.049904106228810814,-0.007175457496922633,-0.05086489900457334,0.1323049849565972,0.13312220836860394,0.14250963123498786,0.520739105491312,0.0
15.955955955955956,0.16071993712928895,0.18939734758412127,0.5222420996302374,0.05046531840029017,-0.008038091738561449,-0.043131712082172376,0.13230954347102494,0.13307819303563417,0.14551808341413597,0.5216439742205847,0.0
15.975975975975976,0.16447670418975488,0.18783835302329638,0.5232620092451769,0.05099548074697488,-0.008945518275607623,-0.045371326852556966,0.13222620296306414,0.13307615473350243,0.14852079078851732,0.5225677276266785,0.0
15.995995995995996,0.16819868235797225,0.18609890841086899,0.5242912224486013,0.051460660171220134,-0.009569936046839703,-0.03122088856186861,0.13236579416419997,0.13307540302615486,0.15151763481638708,0.5235103292413906,0.0
16.016016016016017,0.17188232645173018,0.18418220468789728,0.5253317581420335,0.052026784671611696,-0.010026430354494823,-0.02282471538303697,0.13243463331949634,0.13307050265852785,0.15450849718747361,0.5244717418524232,0.0
16.036036036036037,0.17552537405626026,0.18215238022650393,0.5263845313942244,0.05263866260954589,-0.010537501985039185,-0.025553581527517265,0.13230644904339575,0.1328613339424756,0.1574932598276521,0.5254519275048526,0.0
16.056056056056057,0.1791264053838482,0.18005156637939615,0.5274445168795946,0.05299927426851363,-0.01145500015010675,-0.045874908253699505,0.13222019224597986,0.13309734196075446,0.16047180490360471,0.5264508475026278,0.0
16.076076076076077,0.18268266662439456,0.17781306202731778,0.5285139071296608,0.053469512503309884,-0.01174090693680461,-0.01429533933523186,0.13251737084449436,0.1330334338941841,0.163444014827471,0.5274684624100975,0.0
16.096096096096097,0.18619110797360086,0.17542206746031538,0.529596110906814,0.05411018885765959,-0.012242976216897206,-0.025103464004990313,0.13245797697268225,0.13317510452165368,0.16640977226149334,0.5285047320535678,0.0
16.116116116116117,0.18965093047304946,0.17299112497243,0.530692323661509,0.05481063773474517,-0.01309643872664866,-0.04267312548796208,0.13235648697315153,0.13338975250099164,0.16936896012264593,0.5295596155228873,0.0
16.136136136136138,0.19306007172784306,0.17045706273968067,0.5318041865764459,0.05559314574684481,-0.013929130861172366,-0.04163460672660694,0.13238571045001335,0.13351235436864603,0.17232146158725858,0.5306330711730629,0.0
16.156156156156158,0.1964148252731542,0.16773767726555705,0.5329338932939223,0.05648533587381722,-0.014287509706413966,-0.017918942262532808,0.13254271401077555,0.13345398251763535,0.17526716009562937,0.5317250566259037,0.0
16.176176176176178,0.19971230096557524,0.16487378462105187,0.5340828458046422,0.05744762553599287,-0.014707578689126767,-0.021003449136128192,0.13237719635328843,0.13341367576849333,0.17820593935662546,0.5328355287716939,0.0
16.196196196196198,0.20295076008948054,0.16192295619526526,0.5352479593273377,0.05825567613477549,-0.014647486012109596,0.003004633850337217,0.13244489622376368,0.13322939889626165,0.18113768335227276,0.5339644437708945,0.0
16.216216216216218,0.20612888531880436,0.15890626146619033,0.536427470158034,0.058975541534819126,-0.014567224497455804,0.004013075732131978,0.1323326465500994,0.13314165969461356,0.1840622763423387,0.5351117570558742,0.0
16.236236236236238,0.20924687651090582,0.15589955960507285,0.5376184082284449,0.05954690352054246,-0.014300413397665215,0.01334055498893578,0.1326133698973855,0.1333164758223634,0.18697960286889978,0.5362774233326691,0.0
16.256256256256258,0.21230497709341126,0.15290502912527204,0.5388275179641445,0.060455486784982256,-0.013894927440569367,0.02027429785416251,0.13251775536122315,0.13314147355100692,0.18988954776090075,0.537461396582771,0.0
16.276276276276278,0.215304163760115,0.14995933333518635,0.5400507912269569,0.061163663140615276,-0.01321414595358201,0.034039074348704755,0.13247933417017274,0.1329129410802951,0.1927919961386983,0.5386636300649426,0.0
16.296296296296298,0.21824658483132894,0.14712105356069805,0.5412842852498029,0.061674701142301176,-0.012865892392894344,0.01741267803367917,0.13218530686548627,0.13281385043691582,0.19568683341860146,0.5398840763170649,0.0
16.316316316316318,0.2211349771257032,0.14441961471871273,0.5425222057459526,0.061896024807484476,-0.012617166477850389,0.012436295751447852,0.13230942371003873,0.1330222266297576,0.19857394531739037,0.5411226871580095,0.0
16.336336336336338,0.2239706911275163,0.14178570009065536,0.5437694942300468,0.06236442420471216,-0.012392538096000195,0.01123141909170972,0.13242705952120598,0.133178188367888,0.20145321785683123,0.5423794136895412,0.0
16.356356356356358,0.22675500885436384,0.13921588634237708,0.5450302096862496,0.06303577281013609,-0.012479098805098095,-0.004328035455757658,0.13236060778890107,0.13335380263076874,0.20432453736817424,0.5436542062982485,0.0
16.376376376376378,0.229488721615438,0.13668563805370937,0.5463059699511581,0.06378801324542711,-0.012554116502889769,-0.003750884890515364,0.13237649117218503,0.1334172511441733,0.20718779049664202,0.5449470146575022,0.0
16.396396396396398,0.23217114414047463,0.1341211262518314,0.5475979341337552,0.06459820912985505,-0.012180074318205347,0.018702109233225482,0.132535928893974,0.1333352216959895,0.2100428642059029,0.5462577877294414,0.0
16.416416416416418,0.2348020046227678,0.13154302411465818,0.5489072323535065,0.06546491098756427,-0.011537175487160512,0.03214494155118493,0.13260817101282302,0.1332493646129136,0.2128896457825359,0.54758647376699,0.0
16.436436436436438,0.2373831328146934,0.12905640959628067,0.5502336672365645,0.06632174415290315,-0.011073406065379881,0.023188471087903256,0.13290802608402696,0.13355124334000532,0.2157280228404797,0.5489330203158986,0.0
16.456456456456458,0.23991703945787635,0.12669533215914836,0.5515861690120923,0.06762508877639152,-0.01082284767279617,0.012527919627979212,0.13261392491060756,0.1334242915689321,0.2185578833254665,0.5502973742168145,0.0
16.476476476476478,0.24240543439419854,0.12441974681610912,0.5529584986672472,0.06861648275774576,-0.010402195952605392,0.021032586008253577,0.13257704739926374,0.13330644075899145,0.22137911551945064,0.551679481607382,0.0
16.496496496496498,0.24484968672968235,0.12221261677419142,0.5543483584126945,0.06949298727236364,-0.010210442974032131,0.00958764892728252,0.1324446642755867,0.133351181980041,0.2241916080450162,0.5530792879243682,0.0
16.516516516516518,0.24725151852968327,0.12009159000004632,0.5557544531525602,0.07030473699328993,-0.010116764376187786,0.004683929890728518,0.13233305929970754,0.13334894629726146,0.22699524986977332,0.554496737905816,0.0
16.536536536536538,0.24961191118715131,0.11801963287340252,0.5571750910246072,0.07103189360234638,-0.010215401184494167,-0.004931840416937503,0.1292698804002264,0.12969689294640493,0.22978993031074366,0.5559317755932276,0.0
16.556556556556558,0.2519318193472022,0.11599540800254625,0.5585107842946833,0.06678466350380342,-0.010484569692741684,-0.013458425414087798,0.12944434475521482,0.13008359940459122,0.23257553903872913,0.5573843443337724,0.0
16.576576576576578,0.2542111553511665,0.11396680019821442,0.5597699238066676,0.06295697559921518,-0.011112726038824667,-0.03140781730598848,0.1309397945154266,0.13205381790637666,0.23535196608266606,0.5588543867825233,0.0
16.596596596596598,0.25644842537413187,0.1118635011482681,0.5610039123753471,0.061699428433972844,-0.011760455884909095,-0.03238649230622075,0.132231756854429,0.13358162253217795,0.23811910183396956,0.5603418449047219,0.0
16.616616616616618,0.25864041586677294,0.10959952463205241,0.5622545204766018,0.06253040506273988,-0.011868384272498133,-0.00539641938161162,0.13381371702890688,0.13499581935555777,0.24087683705085786,0.5618466599780683,0.0
16.636636636636638,0.2607838934125189,0.10717387728729817,0.5635660899553391,0.06557847393686178,-0.011350697102067056,0.0258843585192443,0.13517875183641914,0.1380555424365624,0.24362506286266622,0.5633687725950399,0.0
16.656656656656658,0.2628783420263845,0.10472243069328106,0.5650041087266555,0.07190093856582182,-0.009556268465989521,0.08972143180127304,0.13293871898860124,0.13505620400460702,0.24636367077414567,0.564908122665237,0.0
16.676676676676678,0.26492673584213444,0.10241969078749791,0.566490870341276,0.07433808073102167,-0.007048204703086444,0.12540318814227594,0.1325686810173934,0.13420720614601314,0.2490925526697455,0.566464649417755,0.0
16.696696696696698,0.2669362033665695,0.10047337622175173,0.5680083469252066,0.07587382919653309,-0.00398307944321103,0.1532562629906423,0.1325621716888096,0.13378908712362353,0.25181160081788034,0.5680382914035823,0.0
16.716716716716718,0.26891672093622687,0.09902587848287026,0.5695503032468733,0.07709781608333405,-0.0006749698183577175,0.16540548123929466,0.1326758654262649,0.1336161806423231,0.25452070787518544,0.569628986498028,0.0
16.736736736736738,0.27088036363092066,0.09818213473468945,0.5711159072464664,0.07828019997965621,0.002699243550123225,0.16871066842043994,0.13278668856948309,0.13355265131820285,0.2572197668907528,0.5712366719031736,0.0
16.756756756756758,0.2728405326496501,0.0980084509364696,0.5727058685896094,0.07949806715714791,0.005628144680822216,0.14644505653106532,0.13268036845751655,0.13357401781833078,0.25990867131035494,0.5728612841503525,0.0
16.776776776776778,0.27481056169819196,0.09850145242709382,0.5743188925020839,0.0806511956237291,0.008188099217445566,0.12799772682696892,0.13280999270270102,0.13379066652081828,0.26258731498064786,0.5745027591026541,0.0
16.796796796796798,0.27680167060465755,0.09955544532328033,0.5759600385573245,0.08205730276202988,0.010835256363720396,0.13235785730923894,0.1332372163496852,0.13398313707846463,0.26525559215336725,0.5761610319574586,0.0
16.816816816816818,0.2788241406318496,0.10112350135960459,0.5776383896527594,0.0839175547717465,0.013249592181620353,0.1207167908901738,0.1330205105932657,0.13374598704417784,0.2679133974894984,0.5778360372489926,0.0
16.836836836836838,0.2808881393866278,0.10319993773890936,0.5793470858980745,0.08543481226575603,0.015642600505379276,0.11965041618280889,0.13350143275582563,0.13330397924572093,0.27056062606343784,0.5795277088509154,0.0
16.856856856856858,0.28300336753286487,0.10576140731185234,0.5810865578744603,0.08697359881929098,0.017057585658065446,0.07074925762890161,0.13265376909644944,0.13294523923978707,0.2731971733671343,0.581235979978929,0.0
16.876876876876878,0.28517870763473674,0.10876700509359315,0.5828387664526128,0.08761042890762617,0.018157814186146915,0.055011426398365745,0.13263272241824256,0.1330329461306296,0.2758229353142151,0.5829607831934144,0.0
16.896896896896898,0.2874199964093821,0.11206443873226754,0.5846045926037717,0.08829130755794849,0.01867781192350715,0.025999886861914363,0.13245258711109273,0.13313157573575204,0.2784378082440938,0.5847020504020936,0.0
16.916916916916918,0.2897315403076292,0.11557719491235491,0.5863827361347118,0.08890717654700508,0.01876588008454779,0.0044034080454653235,0.13233004697583464,0.13321674462076813,0.2810416889260649,0.5864597128627188,0.0
16.936936936936938,0.29211557846544256,0.11920190789066648,0.5881725900727065,0.0894926968997351,0.01827583070923138,-0.0245024687729845,0.13219129207230126,0.13342496428186734,0.2836344745633784,0.5882337011857864,0.0
16.956956956956958,0.294571996742861,0.12282091387092134,0.5899751614840029,0.09012857056481956,0.017943709924831158,-0.01660603922778442,0.13228505356502276,0.13338244226949283,0.2862160627972955,0.5900239453372739,0.0
16.976976976976978,0.29709897778871536,0.1263490522927188,0.5917912286306445,0.09080335733208296,0.017464608720620712,-0.0239550602189747,0.13224170831712073,0.1333940797759953,0.28878635171113365,0.591830374641408,0.0
16.996996996996998,0.29969481653533686,0.12979193733107383,0.5936203283500628,0.09145498597091874,0.017242491063381448,-0.011105882871074925,0.132332427035678,0.1332422709678885,0.2913452398342881,0.5936529177834531,0.0
17.017017017017018,0.3023576270968592,0.13314052807611773,0.5954615724142435,0.09206220320903259,0.016983388577731635,-0.012955124292289582,0.132325570431997,0.13319031478818694,0.29389262614623646,0.5954915028125263,0.0
17.037037037037038,0.30508660741521526,0.13644901591780156,0.5973140890022325,0.09262582939945314,0.01647040122453893,-0.025649367670211462,0.13389505927489445,0.13352930302620974,0.2964284100805294,0.5973460571444389,0.0
17.057057057057058,0.3078807790197821,0.13970858022834154,0.5992061502168483,0.09460306073079332,0.015144263987679627,-0.06630686185399251,0.13227098774617702,0.13240598400786865,0.2989524915287594,0.5992165075645617,0.0
17.077077077077078,0.31073756074758935,0.14283908639036033,0.6010970508740172,0.09454503285844554,0.013184446136616478,-0.0979908925648404,0.1323628304198085,0.13293803141366267,0.3014647708445122,0.6011027802307143,0.0
17.097097097097098,0.313651954456808,0.14571968546093272,0.602996112122848,0.09495306244153895,0.010795732244301949,-0.1194356946282665,0.132524896108005,0.13345986457866635,0.3039651488473027,0.6030048006760824,0.0
17.117117117117118,0.31661654143271334,0.1482293487952661,0.6049135623745472,0.09587251258496117,0.008019455186104144,-0.13881385292353796,0.13256968066586636,0.13388328538399338,0.30645352682648846,0.6049224938121549,0.0
17.137137137137138,0.319621639394871,0.15025489810788314,0.6068564291909799,0.09714334082163506,0.005495667189930687,-0.1261893998234997,0.13263493841524465,0.13393758823725915,0.3089298065451672,0.6068557839316906,0.0
17.157157157157158,0.3226564231489745,0.15173918770517736,0.6088265592426986,0.09850650258593047,0.0030217623557474054,-0.12369524172533611,0.13270349623129235,0.13412378705389383,0.3113938902440561,0.6088045947117058,0.0
17.177177177177178,0.3257106982408026,0.15271375459140601,0.6108277651525794,0.1000602954940404,0.0009417291948916196,-0.10400165806034224,0.13278567708598085,0.13410222206004552,0.31384568064535034,0.6107688492164883,0.0
17.197197197197198,0.3287747836305929,0.15320426948951604,0.6128609545525429,0.10165946999817137,-0.0009692406315737251,-0.09554849134233276,0.1327479760313447,0.13408962161658844,0.31628508095656216,0.612748469900633,0.0
17.217217217217218,0.33184027267332794,0.15327445213675156,0.6149253661776032,0.10322058125301402,-0.00249409109460062,-0.07624252317194682,0.13282678881698431,0.13404048638451593,0.31871199487434465,0.6147433786121053,0.0
17.237237237237238,0.33489946897981754,0.15295981532448077,0.6170214084915826,0.10480211569897158,-0.0035741870423960454,-0.05400479741187536,0.13261495696487718,0.13282712476393266,0.3211263265882918,0.6167534965953247,0.0
17.25725725725726,0.3379468213507582,0.15236761854703257,0.6191279261088785,0.10532588086479151,-0.005513139676034066,-0.09694763170546172,0.13114736220378828,0.13203699342866348,0.32352798078472234,0.6187787444942763,0.0
17.27727727727728,0.3409779082365648,0.15155434429032924,0.6212114489493863,0.10417614202538998,-0.007407088248803417,-0.09469742866368516,0.13198623132387124,0.13301282656141333,0.3259168626504394,0.6208190423556391,0.0
17.2972972972973,0.3439854099403621,0.1503750851898623,0.6232988507392466,0.10437008949301643,-0.009591843389681836,-0.10923775707127446,0.13228568489123524,0.1336745831994651,0.32829287787647843,0.6228743096319482,0.0
17.31731731731732,0.3469618952603503,0.14882426599941195,0.6254043209677405,0.10527351142469044,-0.011883427354434931,-0.11457919826759097,0.13238863511278334,0.13405954350613314,0.33065593266182597,0.6249444651847702,0.0
17.33733733733734,0.34989856586308904,0.14683353013693742,0.6275349986071224,0.10653388196909468,-0.013876685085721848,-0.09966288659710865,0.13195074735024753,0.1336580355724376,0.3330059337171257,0.6270294272879089,0.0
17.35735735735736,0.35278622453143094,0.14438293341709538,0.6296783295807654,0.1071665486821545,-0.01513547344663359,-0.06293941808108564,0.1323662681748059,0.1337842481678293,0.3353427882683598,0.6291291136306302,0.0
17.37737737737738,0.3556171653254051,0.14154703969870927,0.631842228562988,0.10819494911113146,-0.016134665706275992,-0.04995961302056383,0.13272760966219915,0.13414867302193606,0.3376664040605122,0.6312434413209129,0.0
17.3973973973974,0.35838628224257174,0.13845584585833218,0.6340373578569513,0.10975646469816522,-0.016829109248521323,-0.034722177153834397,0.1325980792521497,0.13396443560202412,0.3399766893612094,0.6333723268887198,0.0
17.41741741741742,0.36108951731235056,0.13516175348893994,0.636258981054856,0.11108115989523676,-0.01696679118239484,-0.006884096738247136,0.13251414745369752,0.13362966296427073,0.34227355296434464,0.6355156862892946,0.0
17.43743743743744,0.363724466672831,0.13174746802402224,0.6385008289454782,0.1120923945311104,-0.01695690957467004,0.0004940803384589319,0.13177428413567047,0.1332368350071377,0.3445569041936744,0.6376734349064768,0.0
17.45745745745746,0.36629084982686577,0.12831915770174068,0.6407460986835584,0.11226348690400909,-0.016412828611698748,0.02720404809718602,0.13203398938427627,0.13321025557414357,0.3468266529064025,0.6398454875560466,0.0
17.47747747747748,0.36878874517617216,0.12489476746532076,0.6429982453972192,0.11260733568304028,-0.015601755306698576,0.0405536651950227,0.1320699595553381,0.13309927214132153,0.3490827094967362,0.6420317584890842,0.0
17.4974974974975,0.371220957189868,0.1216106006847906,0.6452561913611569,0.11289729819688321,-0.015362772236751126,0.011949153437723424,0.13181226840337962,0.13324060525524214,0.35132498489942465,0.6442321613953574,0.0
17.51751751751752,0.37359056357108833,0.11848031906101775,0.6475182625672967,0.11310356030699349,-0.01513126279742523,0.011575471901497653,0.13180207665146124,0.13328593873895725,0.3535533905932737,0.6464466094067262,0.0
17.53753753753754,0.375898559411221,0.11539979200663586,0.6497849941217151,0.11333657772091835,-0.014869749896407236,0.01307564498046284,0.1325288182757238,0.13355394262635437,0.35576783860464245,0.6486750151005751,0.0
17.55755755755756,0.3781456950052219,0.1123567797000441,0.6520711345502082,0.11430702142465411,-0.014953109655577534,-0.004167988034506097,0.1321009809804101,0.13340325589919408,0.35796824151091555,0.6509172905032636,0.0
17.57757757757758,0.38033300800658537,0.10936565006817336,0.6543681141800344,0.11484898149131306,-0.01493739987907773,0.0007854887430257373,0.1322389973585096,0.13354336930766034,0.36015451244395325,0.6531733470935973,0.0
17.5975975975976,0.38246009143959026,0.106354171650245,0.6566800411476887,0.1155963483827173,-0.014728430969739761,0.010448445378693515,0.1323297694378498,0.13356327537790427,0.36232656509352335,0.6554430958063258,0.0
17.61761761761762,0.38452697801762153,0.10334432890156275,0.6590085448138777,0.11642518330944977,-0.01430621327067987,0.02111088485837454,0.13239519018747978,0.1335320092002665,0.36448431371070594,0.6577264470356559,0.0
17.63763763763764,0.38653479872492225,0.1003910353650351,0.6613541305962282,0.11727928911752156,-0.014078058951484998,0.011407715857711078,0.1321234750760986,0.13334839163551135,0.36662767311128003,0.6600233106387905,0.0
17.65765765765766,0.3884852336967183,0.09752174858980182,0.6637100643032718,0.11779668535218345,-0.013803437694776563,0.01373106272564179,0.1322042367807802,0.1334528829876611,0.36875655867908685,0.6623335959394876,0.0
17.67767767767768,0.3903791277632347,0.09469470332582063,0.6660790960676367,0.1184515882182411,-0.013378385696022578,0.021252599819780536,0.1322419546831768,0.13343532481796494,0.37087088636936966,0.66465721173164,0.0
17.6976976976977,0.3922178997360349,0.09193859864000876,0.6684615299281756,0.11912169302694549,-0.013220414555071811,0.007898556920017336,0.1320757841638547,0.13348635711793255,0.372970572712091,0.6669940662828742,0.0
17.71771771771772,0.39400271533539494,0.08924077996800327,0.6708556729158855,0.11970714938549527,-0.012409034679506286,0.0405689936420696,0.13221411260874197,0.1332333731518458,0.3750555348152296,0.6693440673381739,0.0
17.73773773773774,0.39573468821607205,0.08659864403385678,0.6732598262968735,0.12020766904939723,-0.01180091120895564,0.03040617338137573,0.1320518612159775,0.1332133792734979,0.3771256903680516,0.6717071221235213,0.0
17.75775775775776,0.39741693060565014,0.0841121194789033,0.6756713242605843,0.12057489818553836,-0.011075366288484894,0.03627724586702912,0.13208673289533582,0.1331863091571826,0.37918095764436105,0.6740831373495608,0.0
17.77777777777778,0.3990518650280373,0.08174672111935745,0.6780903067561582,0.12094912477869485,-0.01026803885384183,0.04036637156481234,0.13211401587626226,0.13316940037862823,0.38122125550572394,0.6764720192152778,0.0
17.7977977977978,0.4006421654478328,0.07951502098977577,0.6805169552060476,0.12133242249447085,-0.009129143081414845,0.056944788443670735,0.13225213898161242,0.13307832189106691,0.3832465034046751,0.678873673411708,0.0
17.81781781781782,0.4021915674811643,0.07747010166657284,0.6829519951433831,0.12175199686677497,-0.008537083474091553,0.029602980175456126,0.13208140010726024,0.13325076074913786,0.3852566213878947,0.6812880051256551,0.0
17.83783783783784,0.403703895280741,0.0756163899788366,0.6853954889574114,0.12217469070141534,-0.007311548364610575,0.061276755272104064,0.1311991136185904,0.13155005345910975,0.38725153009936686,0.6837149190434377,0.0
17.85785785785786,0.40518220728841975,0.0739156003839376,0.6878091855123482,0.12068482774683484,-0.006597796475203481,0.0356875942572001,0.1315541315601003,0.13220525744099518,0.3892311507835115,0.6861543193546495,0.0
17.87787787787788,0.4066314496872339,0.07246211994070716,0.6902081198958477,0.11994671917498015,-0.006491744914322622,0.0053025778162019525,0.13180719427172713,0.13287210029007965,0.391195405288294,0.6886061097559437,0.0
17.8978978978979,0.40805458607721296,0.07115681949895332,0.6926059555793156,0.11989178417339466,-0.006980487672276823,-0.024437138144688352,0.13187794104470893,0.13339152142234803,0.3931442160683093,0.6910701934548327,0.0
17.91791791791792,0.4094515645494733,0.06984892361301641,0.6950114407072512,0.1202742563967774,-0.007127754365164528,-0.007363334910755297,0.13213978440972113,0.13351193784795692,0.39507750618784543,0.6935464731735121,0.0
17.93793793793794,0.41082093371512235,0.06846845828245163,0.6974302189784517,0.12093891356002467,-0.007699539779528957,-0.028589271008669054,0.13202920701872223,0.13377048380605167,0.3969951993239178,0.6960348511526975,0.0
17.95795795795796,0.4121617950050904,0.06704306449840382,0.699864466475195,0.12171237483716502,-0.007963431268731077,-0.013194574775671949,0.13210092309169985,0.13374018870636764,0.3988972197692855,0.6985352291554876,0.0
17.97797797797798,0.41347183532732795,0.06550201611187595,0.7023147660743121,0.12251497995585824,-0.007893237379985284,0.0035096940959678784,0.13200666902315675,0.13351409180707613,0.4007834924354382,0.7010475084712404,0.0
17.997997997998,0.41475019071561015,0.06391776941410994,0.7047763492787955,0.12307916022417358,-0.007746304927922714,0.007346622233770831,0.13193996948338868,0.133473846324199,0.40265394285556105,0.7035715899194704,0.0
18.01801801801802,0.4159970966481143,0.062345296625208636,0.7072476241469872,0.12356374340958533,-0.007393694309334813,0.01763053053055628,0.1320005886459905,0.13345579449275757,0.40450849718747367,0.7061073738537633,0.0
18.03803803803804,0.41721290456869325,0.060790396028947265,0.7097292175401133,0.12407966965630535,-0.006560642914503196,0.04165256931449952,0.1306772264083689,0.1328171385379491,0.4063470822165468,0.7086547601657117,0.0
18.05805805805806,0.4183993621178817,0.05932287745942322,0.7121920648736709,0.12314236667788155,-0.004863044903445593,0.08487990008978616,0.13102804178222655,0.13254077747413007,0.40816962535859197,0.7112136482888661,0.0
18.07807807807808,0.4195600984652208,0.0580368173669558,0.7146373118332947,0.12226234798118672,-0.0032959288474804795,0.07835580229638701,0.13143354894433318,0.13294853189370245,0.409976054662726,0.7137839372027044,0.0
18.0980980980981,0.42070173978063047,0.05708206577048223,0.7170770631011302,0.12198756339177323,-0.0019054947035186227,0.0695217066537295,0.13158399802782164,0.13307891247448134,0.4117662988142137,0.7163655254366217,0.0
18.11811811811812,0.4218300945767489,0.056417739805922205,0.7195155104051659,0.12192236520178874,-0.0002508844738356343,0.08273051089905512,0.13236440533871519,0.13356887129856043,0.413540287137281,0.7189583110739348,0.0
18.13813813813814,0.42295101275630315,0.056045908977712035,0.7219714899745039,0.12279897846689873,0.0008470812856475842,0.05489828734094826,0.13291334751162318,0.13430909708988026,0.41529794959790634,0.7215621917559061,0.0
18.15815815815816,0.4240704210288361,0.055970413626646245,0.724464090451598,0.12463002385470325,0.0023630178136690464,0.07579682572436083,0.1331697071951718,0.13414719357712862,0.4170392168065855,0.7241770646857848,0.0
18.17817817817818,0.42519267766049873,0.05611283158313138,0.7269946733753723,0.1265291461887155,0.00394486633914778,0.07909242555511742,0.1332193473478998,0.13397829129145505,0.41876402002107094,0.7268028266328656,0.0
18.1981981981982,0.42632397250869464,0.05656474240979583,0.7295614241026434,0.1283375363635564,0.0051421814586196475,0.05986575520842956,0.13306931410459838,0.13390546012868978,0.42047229114908447,0.729439373936562,0.0
18.21821821821822,0.4274705234465509,0.05732754689281199,0.7321609845044941,0.12997802009253517,0.006042982680157557,0.04504006026161665,0.1329601898648249,0.1338330992351734,0.42216396275100737,0.7320866025105015,0.0
18.23823823823824,0.4286368015301485,0.05831390417987831,0.7347906107409027,0.1314813118204294,0.007005462860475643,0.04812400815216398,0.1335075956996373,0.13355347145286775,0.42383896804254134,0.7347444078466325,0.0
18.25825825825826,0.4298265286384953,0.05948635541734164,0.7374542187087624,0.13318039839298615,0.007142847475011605,0.006869229818779167,0.13289085764336414,0.1333524716329652,0.42549724089734603,0.7374126850193523,0.0
18.27827827827828,0.43104347292467166,0.060847214308818245,0.7401396338067737,0.1342707549005671,0.00668791308983549,-0.02274672022188074,0.13258024426418344,0.1333578032160187,0.4271387158496476,0.7400913286896453,0.0
18.2982982982983,0.4322880669851992,0.06222970302637964,0.7428423062974722,0.1351336245349223,0.005962504671756699,-0.03627042192929063,0.13242505132110047,0.133347378717869,0.42876332809682627,0.742780233109247,0.0
18.31831831831832,0.43355847723271307,0.06352051237569112,0.7455597762585753,0.13587349805515414,0.005076720575961349,-0.04428920588406443,0.13230254985120282,0.13331995525610862,0.4303710135019719,0.7454792921248143,0.0
18.33833833833834,0.4348520472059805,0.06467849866336997,0.7482898244460156,0.13650240937201102,0.00376142595095256,-0.06576473242825734,0.1321887966974377,0.13350687197885608,0.4319617085964176,0.7481883991821194,0.0
18.35835835835836,0.43616499914840345,0.06564759712114886,0.751033540098392,0.13718578261881853,0.002650152329594518,-0.05556368233144032,0.1321452919779783,0.13337519014497176,0.43353535058224485,0.7509074473302543,0.0
18.37837837837838,0.4374924495692233,0.06637252104099224,0.7537883359021094,0.1377397901858721,0.0012019961886318201,-0.0724078084141668,0.13201297989323071,0.13351293040893433,0.4350918773347628,0.7536363292258541,0.0
18.3983983983984,0.43882983904330497,0.0668694737040843,0.7565542942834627,0.1382979190676662,-0.00011846823322474558,-0.0660232225681849,0.13197667812846753,0.13346571727139683,0.43663122740495997,0.7563749371373336,0.0
18.41841841841842,0.4401714735125657,0.06708172346303724,0.7593301770719093,0.13879413942233404,-0.0013444388252601442,-0.061298531194988556,0.13196727105152264,0.13346200040067385,0.438153340021932,0.7591231629491427,0.0
18.43843843843844,0.4415121770760697,0.067035178175201,0.7621157822952999,0.13928026116952516,-0.0025066268384186822,-0.058109402379050636,0.13208078270087215,0.1338233869259368,0.4396581550952782,0.7618808981660307,0.0
18.45845845845846,0.44284725857757345,0.06675407507518616,0.7649181320417964,0.14011748732482582,-0.0036148890058019167,-0.055413110241707,0.13187689575583936,0.13365532017602613,0.44114561321747664,0.7646480339173337,0.0
18.47847847847848,0.4441717771173212,0.06622592698738684,0.7677316902010444,0.14067790796240165,-0.004083490100096964,-0.023430056730463555,0.13197644997187122,0.13338634229277735,0.4426156556662275,0.7674244609612707,0.0
18.4984984984985,0.4454815995806735,0.06549112316761534,0.770553922475478,0.14111161372168285,-0.004518691244507973,-0.02176005939024727,0.13195680340012322,0.13336707858738947,0.4440682244067723,0.7702100696892562,0.0
18.51851851851852,0.4467751052697629,0.06467528445446924,0.7733842371273969,0.141515732595943,-0.00522984503767023,-0.035557692006764605,0.13186885877163582,0.13349744954108692,0.4455032620941839,0.7730047501302265,0.0
18.53853853853854,0.44805050902960825,0.06377018799226897,0.776223247800582,0.14195053365925478,-0.005917861508022486,-0.03440082606163472,0.12998790075770214,0.13285106374789782,0.4469207120756318,0.7758083919549836,0.0
18.55855855855856,0.44930519891326387,0.06273449418278233,0.7790334911587489,0.14051216790834364,-0.005556822385002487,0.018051953353204274,0.13057343786724168,0.13281036056184062,0.4483205183926179,0.7786208844805491,0.0
18.57857857857858,0.4505364948365755,0.06156479616557968,0.7818230542395687,0.13947815404099,-0.0046918768922470325,0.043247271589188126,0.13124727902146333,0.13313976241138997,0.44970262578318543,0.7814421166745333,0.0
18.5985985985986,0.4517457790590982,0.06046421112613428,0.7846068300135279,0.13918878869796297,-0.003653532554682309,0.05191721357081141,0.13166309296455503,0.13339431192760165,0.4510669796841014,0.7842719771595206,0.0
18.61861861861862,0.45293680035192885,0.05955106464153334,0.7873947739513077,0.1393971968889898,-0.003160681151100706,0.024642566562585396,0.1316896374746318,0.13373630396782782,0.45241352623300984,0.7871103542174639,0.0
18.63863863863864,0.4541131471708455,0.05881734094583144,0.7901923593688508,0.13987927087715452,-0.002229494889848144,0.04655930914135349,0.13383590964677,0.1347342754251148,0.4537422122705585,0.7899571357940969,0.0
18.65865865865866,0.45527662303711885,0.05817379331366786,0.7930461647883742,0.14269027097616857,-0.0017823081405529378,0.022359333275115217,0.13298963159219526,0.13417449165115072,0.4550529853424978,0.7928122095033578,0.0
18.67867867867868,0.456431010634868,0.057719379887458955,0.795935312532993,0.1444573872309417,-0.0016268353761539577,0.007773633722418164,0.13250648848688856,0.13387713800956677,0.45634579370175143,0.7956754626318255,0.0
18.6986986986987,0.4575781666961956,0.05735780306638046,0.7988482072313303,0.1456447349168665,-0.001709490312256821,-0.004132751653573789,0.13216456145168115,0.1337069940129276,0.45762058631045877,0.7985467821431685,0.0
18.71871871871872,0.4587179027760586,0.0569868039931512,0.8017772394873924,0.14645161280310662,-0.0006339998551544915,0.05377451772958942,0.1323553153342524,0.133113024647628,0.45887731284199046,0.8014260546826094,0.0
18.73873873873874,0.45985052725258047,0.05663122382609228,0.8047164188292081,0.14695896709078032,1.588690851314963e-05,0.032494332736103554,0.1321656301802258,0.13313489921776517,0.46011592368293497,0.8043131665813983,0.0
18.75875875875876,0.46098033060364446,0.0564901675531998,0.8076632539265236,0.1473417548657789,0.0003239468867267712,0.01540299309454747,0.1319954936297149,0.13314795122440998,0.4613363699350575,0.8072080038613019,0.0
18.77877877877878,0.4621096772956259,0.056467334599073105,0.8106154105777765,0.14760783256264845,0.0007321994223260549,0.02041262058597281,0.13199176580800973,0.13303960611634535,0.462538603417229,0.8101104522390994,0.0
18.7987987987988,0.463240049895978,0.056518630017605605,0.8135712227407741,0.14779060814987796,0.0007273493304242934,-0.0002425112319371127,0.13187517548236763,0.13316418708418026,0.46372257666733074,0.8130203971311001,0.0
18.81881881881882,0.46437306397914435,0.056650704158317855,0.8165308041148869,0.14797906870564087,0.00047668969288755227,-0.012532989016399824,0.13178021974702614,0.13322974887140598,0.46488824294412573,0.815937723657661,0.0
18.83883883883884,0.4655088711216086,0.056790357123212724,0.8194937152268059,0.14814555559595174,-0.00016916751931268085,-0.03229286834500461,0.13119299377033597,0.13305690417281327,0.4660355562291054,0.818862316647727,0.0
18.85885885885886,0.4666462309667325,0.0568679922561956,0.8224486927906959,0.14774887819449536,-0.000491912184370365,-0.016137241621424592,0.13137369059775064,0.13305026862788125,0.4671644712283059,0.8217940606433743,0.0
18.87887887887888,0.46778247571293896,0.056812237310321805,0.8253983240438162,0.14748156265601642,-0.0004272814422363726,0.003231528112768667,0.13162865305558208,0.13303926406100922,0.46827494337409614,0.8247328399043704,0.0
18.8988988988989,0.4689164542452515,0.05669892661562787,0.8283462283483313,0.14739521522575325,-0.0003727822813584523,0.0027249483843393325,0.13174906250597107,0.13312855840425442,0.4693669288269369,0.8276785384127412,0.0
18.91891891891892,0.4700485909465599,0.05660683506541775,0.8312955144286343,0.14746430401514973,-0.0006290795024289328,-0.012814871472715499,0.1317372656109351,0.13328900379362268,0.4704403844771129,0.8306310398773546,0.0
18.93893893893894,0.4711787524648151,0.056508075912761524,0.8342483832151661,0.14764343932659685,-0.0005051363585834134,0.006197146034457585,0.13189978087575688,0.13316564406906584,0.4714952679464323,0.8335902277385069,0.0
18.95895895895896,0.47230626480497234,0.05637561700786291,0.83720541065456,0.14785137196969042,-0.0007655112225662663,-0.013018755210020926,0.13183434692239485,0.13330395719425286,0.4725315375899024,0.8365559851725288,0.0
18.97897897897898,0.47343104339233716,0.056238929368241874,0.840167672512821,0.14811309291304853,-0.0003265766907332865,0.02194671383029901,0.13208457791214132,0.13303922245694588,0.47354915249737206,0.8395281950963951,0.0
18.998998998999,0.4745524660692572,0.05607113384600159,0.8431349479544431,0.14836377208110446,-0.00024756158200285377,0.0039507418249526,0.13203970009619284,0.13313742717157823,0.4745480724951473,0.8425067401723476,0.0
19.01901901901902,0.47567283498400154,0.05601844573721535,0.8461080228863502,0.14865374659535593,-0.001353340507642435,-0.05528896107139722,0.13172967082511136,0.13356297350809884,0.47552825814757677,0.8454915028125262,0.0
19.03903903903904,0.47679176873050544,0.05594668732519438,0.8490886027841058,0.14902899488778096,-0.001932302405258515,-0.02894811080350292,0.13237065342261384,0.13404674493609098,0.4764896707586093,0.8484823651836128,0.0
19.05905905905906,0.4779051585360192,0.055669490275688835,0.8520933394401925,0.15023683280433736,-0.002537680942694824,-0.030268944093571597,0.1316242162842564,0.1332851897391509,0.4774322723733215,0.8514792092114825,0.0
19.07907907907908,0.4790109968113978,0.055291913768930105,0.8550998636248497,0.1503262092328603,-0.003564583709118607,-0.05134515706207679,0.1315769700646826,0.13349217751663833,0.47835602577941516,0.8544819165858638,0.0
19.0990990990991,0.4801066370226522,0.05478201056271952,0.858110535014535,0.15053356948426863,-0.0043673316409452954,-0.040137416899646096,0.13180881824014923,0.13357317733659468,0.4792608945086879,0.857490368765012,0.0
19.11911911911912,0.4811882565085294,0.05408097429386023,0.8611299721633744,0.15097185744196595,-0.005430512889467707,-0.053159084515382295,0.13172685115020752,0.1336588406102114,0.4801468428384716,0.8605044469803856,0.0
19.13913913913914,0.4822523332092124,0.05320383503414807,0.8641582087542005,0.1514118295413032,-0.005996865581225722,-0.02831765841621103,0.131867052514111,0.13347357539682222,0.48101383579304297,0.8635240322413374,0.0
19.15915915915916,0.4832952061084444,0.05214364496160024,0.8671945482426168,0.1518169744208149,-0.007162804759628618,-0.058296984860399984,0.1316806460512021,0.13367350706509876,0.4818618391450048,0.866549005339812,0.0
19.17917917917918,0.4843142533104045,0.050952360098005516,0.870239170669208,0.15223112132956088,-0.007932859405914417,-0.038502760376992747,0.131743452769156,0.1334977672373827,0.48269081941663694,0.8695792468550516,0.0
19.1991991991992,0.48530499290037216,0.04953697949838314,0.8732903651198505,0.15255972253212283,-0.008615545965381737,-0.03413435828708106,0.13173747880754544,0.1334315260521463,0.4835007438812175,0.8726146371583088,0.0
19.21921921921922,0.486264623585972,0.04798153427999156,0.876347033151577,0.15283340158632797,-0.009583233775242382,-0.048384423377516736,0.13164461212957085,0.13353245330615804,0.4842915805643155,0.8756550564175724,0.0
19.23923923923924,0.4871903315987956,0.04628540064117997,0.8794092674217491,0.15311171350860495,-0.010415997722112724,-0.04163823294803869,0.1306233694106331,0.1319519115594049,0.4850632982450528,0.8787003846022958,0.0
19.25925925925926,0.48807898009754486,0.04443242493746317,0.8824384855569412,0.15146090675960242,-0.012013230057801473,-0.07986165535681486,0.13108361557808162,0.13295888679896792,0.48581586645733704,0.8817505014881378,0.0
19.27927927927928,0.4889272203589948,0.042412013072496584,0.8854564263496274,0.15089703963431114,-0.014081161577639426,-0.10339661815570227,0.13120333472970996,0.13349684246638815,0.48654925549106326,0.8848052866617047,0.0
19.2992992992993,0.4897280350956238,0.04004073683144977,0.8884727754585149,0.15081745544437375,-0.015111771368431691,-0.05153053500969778,0.13168738725305154,0.1334156109122324,0.4872634363932886,0.8878646195253097,0.0
19.31931931931932,0.49047350989458427,0.03727373994802505,0.891493397372047,0.1510310956766052,-0.01596184314386665,-0.0425036377437749,0.13186195961656627,0.1335463774539037,0.4879583809693737,0.8909283793017287,0.0
19.33933933933934,0.4911596199779698,0.03430550416927781,0.8945227532374003,0.15146779326766238,-0.016738337103138917,-0.038824750721843784,0.1318786999473646,0.13357876212078224,0.4886340617840967,0.8939964450389726,0.0
19.35935935935936,0.49178287125431924,0.031162563817472382,0.897561511359334,0.1519379060966863,-0.01709598335023321,-0.017882368894540045,0.13201436270530245,0.13349756120484343,0.489290452162736,0.897068695615059,0.0
19.37937937937938,0.49234087284891587,0.027900079729832307,0.9006104203410952,0.1524454490880562,-0.018281160978581682,-0.059258942846540194,0.13173163624344747,0.1338296425680767,0.48992752619212343,0.9001450097427964,0.0
19.3993993993994,0.49283182312049795,0.024547513579104334,0.9036701783776958,0.15298790183002942,-0.019038919166395645,-0.03788797583796361,0.1318032861876664,0.13372691385234597,0.490545258721667,0.9032252659745696,0.0
19.41941941941942,0.4932516796120581,0.020992824578007503,0.9067402326975931,0.1535027159948623,-0.02047055357232349,-0.07158179304695653,0.13156944730875514,0.1340583255100973,0.4911436253643444,0.906309342707138,0.0
19.43943943943944,0.49359692709294406,0.017262374044295453,0.9098219634560347,0.15408653792208057,-0.021128673326378695,-0.03290606666363975,0.1313953932144082,0.13390951093877634,0.49172260249766486,0.9093971181864315,0.0
19.45945945945946,0.49386215673434314,0.013261482069952864,0.9129104660416174,0.15442512927913357,-0.021098061340120863,0.0015305135559199878,0.13124098782646262,0.13338331411823143,0.4922821672646027,0.912488470512362,0.0
19.47947947947948,0.4940453308855006,0.009158707557872965,0.9159955997883232,0.15425668733529288,-0.02114165754694131,-0.0021799036688403928,0.13119420940483775,0.1334517829914278,0.49282229757449897,0.9155832776436329,0.0
19.4994994994995,0.4941467456474685,0.005070738098394542,0.9190776927528562,0.15410464822664943,-0.02136230894994228,-0.011032672109653509,0.1304464602975268,0.13289771037107767,0.4933429721039341,0.9186814174025583,0.0
19.51951951951952,0.4941663110246196,0.0009782688575549507,0.9221374630288308,0.1529885137987305,-0.020898436200259773,0.023193527026506656,0.13109027674151016,0.13316324449710326,0.49384417029756883,0.9217827674798844,0.0
19.53953953953954,0.4941029637669373,-0.0031673628841164918,0.9251883846418137,0.15254608064914726,-0.020074533982062177,0.04119499177658397,0.131269319397822,0.13398366014163354,0.494325872368957,0.9248872054396211,0.0
19.55955955955956,0.49395830098393506,-0.007233139150112692,0.9282453086787907,0.15284620184885028,-0.018407960766937185,0.08332853145729571,0.13044695431458952,0.13263987015712891,0.49478805930132547,0.9279946087238738,0.0
19.57957957957958,0.4937360703229323,-0.011111533050136103,0.9312762101288774,0.15154507250433094,-0.015947703801775192,0.12301270954254633,0.13119257918950156,0.13283068836311593,0.4952307128483256,0.9311048546576807,0.0
19.5995995995996,0.4934427634706643,-0.0146653426134016,0.9342951114253559,0.15094506482392667,-0.013467138409535357,0.12402812105691291,0.13157064847181538,0.1331118714178134,0.4956538155347533,0.9342178204538587,0.0
19.61961961961962,0.4930882994173308,-0.01772320266667384,0.9373119550884498,0.15084218315469,-0.011746303683226902,0.086041575766039,0.13150153863196845,0.13345718652506083,0.49605735065723894,0.9373333832178481,0.0
19.63963963963964,0.49268209283642855,-0.020310329045110587,0.9403309770728002,0.15095109921752095,-0.009894626137563277,0.09258370428615767,0.13154085251008404,0.13369365961911625,0.49644130228490685,0.9404514199525652,0.0
19.65965965965966,0.4922310150571257,-0.022553888965144035,0.9433563449216612,0.15126839244305137,-0.007971734566180994,0.09614439125561601,0.13160749028612687,0.13363200884209786,0.4968056552600042,0.943571807563259,0.0
19.67967967967968,0.49174206982982743,-0.024447261364911828,0.9463882038551958,0.15159294667673262,-0.005516838486032737,0.12274460309385755,0.13206394019059256,0.13362621452924353,0.49715039519849946,0.9466944228623702,0.0
19.6996996996997,0.4912230816204371,-0.02594941046951721,0.9494332900546875,0.1522543099745786,-0.003427384921443819,0.10447246224471639,0.1321766188903273,0.13383146560019285,0.4974755084906501,0.9498191425743925,0.0
19.71971971971972,0.4906836540113055,-0.026971380456580787,0.9524963642775015,0.153153711140704,-0.0015222335678929414,0.0952573355282347,0.1322106944135376,0.1338486426864215,0.49778098230154,0.9529458433407425,0.0
19.73973973973974,0.49013230172692135,-0.02756761421920659,0.9555782034128625,0.1540919567680515,-0.00030428973226590456,0.060896940512576804,0.13197082305305305,0.13393777337292417,0.4980668045715862,0.9560744017246279,0.0
19.75975975975976,0.48957662258028245,-0.02778395733194382,0.958676572953865,0.15491847705012526,0.0003481667507497816,0.032622550559616555,0.131708684181415,0.13396462343886711,0.49833296401701493,0.9592046942159215,0.0
19.77977977977978,0.48902101521009955,-0.027780368509146253,0.9617879740975448,0.15557005718399228,0.0014081608753280783,0.05299941042291244,0.13185208903138504,0.13376866756916858,0.49857945013030697,0.9623365972360336,0.0
19.7997997997998,0.48846800542873914,-0.02765048906802174,0.964911614571613,0.15618202370341283,0.0026774036714240987,0.06346182156860712,0.13197192514675338,0.1336448875952857,0.4988062531806126,0.9654699871427973,0.0
19.81981981981982,0.48792191918722044,-0.027304312075935224,0.9680474194748704,0.15679024516286885,0.003664314692514627,0.049345208205118646,0.13193007615122085,0.1336710819868032,0.4990133642141358,0.9686047402353434,0.0
19.83983983983984,0.4873876569142473,-0.026713113648656948,0.971195134032741,0.157385727893534,0.004581230629891478,0.0458454279734272,0.13123308812303225,0.13338868506691423,0.4992007750544875,0.9717407327589876,0.0
19.85985985985986,0.4868688441685185,-0.025940637286440145,0.9743402243270316,0.15725451471452762,0.006118082659909031,0.07684220496305597,0.13132111369795169,0.13294635724979048,0.49936847830300873,0.9748778409101149,0.0
19.87987987987988,0.48636916013675086,-0.024984201588382455,0.9774774297233,0.1568602698134198,0.007615045072515448,0.07484769557101684,0.131751730798246,0.13323583593011903,0.49951646733906235,0.9780159408410675,0.0
19.8998998998999,0.485894409444119,-0.023737534631593973,0.9806173945613121,0.1569982419006081,0.009443985075648432,0.09144654826993218,0.13217876360326752,0.13325804059249077,0.4996447363202946,0.9811549086650324,0.0
19.91991991991992,0.4854507275047329,-0.022184096969305706,0.9837667312109495,0.15746683248186644,0.0108403927142627,0.06981990072900186,0.13222640042515224,0.13338394205442736,0.4997532801828658,0.9842946204609363,0.0
19.93993993993994,0.48504516676519494,-0.02027803697689718,0.986927939823736,0.15806043063932493,0.012119073573848851,0.06393353177293191,0.13226335574359846,0.13330568672125742,0.49984209464164997,0.9874349522783314,0.0
19.95995995995996,0.4846834674665504,-0.018084964932228,0.9901003409635775,0.15862005699207618,0.01263711821385238,0.025901685206724638,0.13202664896938932,0.13339349314051482,0.4999111761904045,0.990575780142296,0.0
19.97997997997998,0.48437040309189117,-0.015653218732960997,0.9932816599478012,0.15906594921118555,0.013011648743815845,0.018725942193639006,0.131914221988993,0.13323300971643973,0.49996052210190806,0.9937169800583235,0.0
20.0,0.484108385298613,-0.013100889663909144,0.9964678199757393,0.15930800139690737,0.012298052228590818,-0.03568045814069386,0.13151136651116688,0.1334349502719007,0.49999013042806856,0.9968584280172206,0.0
