time,x,x_dot,z,z_dot,theta,theta_dot,u1,u2,x_ref,z_ref,theta_ref
0.0,0.27395604855596334,-0.0012224312049589538,1.3020370878759355,0.003947360581187278,-0.24349359126741027,0.009512447032735119,0.05632337490536779,0.059804456741089654,0.5,1.0,0.0
0.02002002002002002,0.2735169367457219,-0.02195559051207214,1.299865634610453,-0.10857266327413076,-0.24076808797643237,0.13627516454889516,0.05632337490488071,0.07726763787209441,0.49999013042806856,1.0031415719827794,0.0
0.04004004004004004,0.2726012872985117,-0.04578247236051033,1.2956968560302178,-0.20843892901175323,-0.2218633787640761,0.9452354606178139,0.056323374905766256,0.06506828404440812,0.49996052210190806,1.0062830199416763,0.0
0.06006006006006006,0.2712575073000684,-0.06718899992216211,1.2893586446476752,-0.31691056912712684,-0.19550717787496186,1.3178100444557148,0.05632337491241927,0.06117022687686797,0.4999111761904045,1.0094242198577041,0.0
0.08008008008008008,0.26953230512962606,-0.08626010852211931,1.2808051276507053,-0.4276758498484976,-0.16577056494636097,1.4868306464300425,0.05632337490488939,0.05907244537512514,0.49984209464164997,1.0125650477216688,0.0
0.10010010010010009,0.26747715597688987,-0.10275745763681043,1.2700184381095112,-0.5393344770597002,-0.1343352518401478,1.5717656553106605,0.05632337598079352,0.057653693168829775,0.4997532801828658,1.0157053795390643,0.0
0.12012012012012012,0.2651460487557968,-0.11655536105465311,1.2569905174347882,-0.651396033736155,-0.10221109679533968,1.6062077522404057,0.056323374935975654,0.056966072208284535,0.4996447363202946,1.0188450913349674,0.0
0.14014014014014015,0.26259367341043544,-0.12761876726806695,1.2417231571106069,-0.763368016209062,-0.07065484393483139,1.577812643025415,0.05632337491781107,0.05678660085819639,0.49951646733906235,1.0219840591589324,0.0
0.16016016016016016,0.2598741012345072,-0.13597860879640994,1.2242244216051523,-0.8749367752727251,-0.03917242636397545,1.5741208785427965,0.05651837615383133,0.056323375039679574,0.49936847830300873,1.0251221590898847,0.0
0.18018018018018017,0.25704102384425054,-0.14165386951283299,1.204499639020031,-0.9862391292560662,-0.008879391343334545,1.5146517510320454,0.05691348209145742,0.056323374908672556,0.4992007750544875,1.0282592672410122,0.0
0.20020020020020018,0.25414717668440934,-0.14469235799205882,1.1825626547820742,-1.0968492118978388,0.01994293541777194,1.4411163380553247,0.12654974130539778,0.12544979943297158,0.4990133642141358,1.0313952597646567,0.0
0.22022022022022023,0.2512258342821155,-0.14606712011469417,1.1604758155024202,-1.1043419639827057,0.046055899842471514,1.3056482212349785,0.1878504344133095,0.18622405567461292,0.4988062531806126,1.0345300128572028,0.0
0.24024024024024024,0.24842065078471748,-0.1402591748699003,1.1400470710580144,-1.021437222220284,0.0692419661699236,1.1593033163726043,0.22515826553658128,0.22311801001385811,0.49857945013030697,1.0376634027639664,0.0
0.2602602602602603,0.24592644005671438,-0.12471053640015453,1.122365607448726,-0.88407318046442,0.08930562963591672,1.0031831732996546,0.23970889456026417,0.23729113134868707,0.49833296401701493,1.0407953057840789,0.0
0.2802802802802803,0.24392599372458104,-0.10002231660666625,1.1078406516120518,-0.7262477918337142,0.10509050283936627,0.789243660172478,0.25248191332147546,0.25062102010893783,0.49806680457158625,1.0439255982753717,0.0
0.3003003003003003,0.24259399068879395,-0.06660015178935409,1.0968395087269498,-0.5500571442550993,0.11738657959303818,0.6148038376835976,0.24884864082568026,0.2469959062020943,0.49778098230154,1.047054156659257,0.0
0.3203203203203203,0.24203525369612564,-0.02793684963341534,1.0892373617693505,-0.38010734787996336,0.12596014690095822,0.428678365395998,0.23884721379377832,0.237386782851643,0.4974755084906501,1.0501808574256075,0.0
0.34034034034034033,0.2423044582632458,0.013460228356007166,1.084730378966637,-0.22534914013567295,0.13120192122158714,0.262088716031446,0.22298064845000948,0.22186346594014977,0.49715039519849946,1.05330557713763,0.0
0.36036036036036034,0.24340252049067088,0.05490311137125448,1.08284588739698,-0.09422457848285407,0.13303020429411958,0.09141415362662195,0.20511834690838296,0.2046400349729814,0.4968056552600042,1.056428192436741,0.0
0.38038038038038036,0.24529467363096125,0.09460765701451818,1.0830613887053144,0.010775065416725002,0.13262044861389605,-0.020487784011174626,0.18749840783910685,0.18711473151408492,0.49644130228490685,1.059548580047435,0.0
0.40040040040040037,0.24792249794493018,0.13139121569844714,1.0848574901444314,0.08980507195584701,0.12937574480303438,-0.1622351905430838,0.17112091906228943,0.1714683487256306,0.49605735065723894,1.0626666167821521,0.0
0.42042042042042044,0.2512202021835548,0.1648852119312295,1.087762754460603,0.14526321580858137,0.12392903142136423,-0.2723356690835076,0.15609264533033895,0.15699311378006112,0.4956538155347533,1.0657821795461413,0.0
0.44044044044044045,0.2551139985894293,0.19468982029372667,1.0913447272962375,0.17909864178173251,0.11732393912014784,-0.3302546150608194,0.14384129825331612,0.14479572707079058,0.4952307128483256,1.068895145342319,0.0
0.46046046046046046,0.2595336712605429,0.22098363355567968,1.0952463855145014,0.1950829109131957,0.10888508761556813,-0.4219425752289851,0.13474510257199476,0.13635978811099306,0.49478805930132547,1.072005391276126,0.0
0.4804804804804805,0.26442024981353546,0.24432892764962802,1.099212760297323,0.19831873914107712,0.09890030649803559,-0.4992390558766284,0.1276840482664056,0.12995236627723078,0.49432587236895703,1.0751127945603784,0.0
0.5005005005005005,0.2697176132379747,0.2648681712219627,1.1030491954382076,0.1918217570442357,0.08830723255442582,-0.5296536971804882,0.12279510899846642,0.12525073699820394,0.4938441702975689,1.0782172325201154,0.0
0.5205205205205206,0.2753735603173903,0.28279735397078004,1.1066183537577505,0.1784579159771473,0.07678680788143245,-0.5760212336496686,0.1203355202355688,0.12329998406152501,0.493342972103934,1.0813185825974418,0.0
0.5405405405405406,0.2813427763652307,0.29846080239202066,1.109859052548215,0.1620349395232271,0.06555344275853177,-0.5616682561450357,0.1191294261112558,0.12191206114718028,0.492822297574499,1.084416722356367,0.0
0.5605605605605606,0.2875804180065488,0.3118820820659064,1.1127367408462812,0.1438844149033072,0.054660290789813604,-0.5446575984359077,0.1194720273677233,0.12206869062655465,0.49228216726460267,1.087511529487638,0.0
0.5805805805805806,0.2940467647684435,0.3233173380947343,1.115262031423473,0.12626452885958747,0.04370758034507653,-0.5476355222368542,0.12068882590268672,0.12340097091861751,0.49172260249766486,1.0906028818135687,0.0
0.6006006006006006,0.3007050770832332,0.33291561573948375,1.1174753449690293,0.1106656772778269,0.03198475272784265,-0.5861413808616938,0.12214739694810217,0.12551712853465713,0.49114362536434436,1.0936906572928624,0.0
0.6206206206206206,0.3075177660672955,0.3406344492031148,1.119431866669283,0.09782608501268361,0.020266749944668854,-0.58590013915869,0.12338069426589664,0.12700609903577498,0.49054525872166704,1.0967747340254301,0.0
0.6406406406406406,0.31444276681624767,0.3462500374476101,1.1211738051497144,0.08709692402156276,0.009157234303410087,-0.5554757820629384,0.12503387972891747,0.12857221882095013,0.48992752619212343,1.0998549902572035,0.0
0.6606606606606606,0.321437380537925,0.34973068608386637,1.1227502083400203,0.07882015951528641,-0.0012516417457626697,-0.520443802458638,0.12690100284786285,0.13030614611915228,0.48929045216273603,1.1029313043849407,0.0
0.6806806806806807,0.328460380294777,0.3511499878426004,1.1242152148104785,0.07325032352291304,-0.01129459399177181,-0.5021476123004571,0.1286513720157368,0.1321623045292622,0.48863406178409674,1.1060035549610272,0.0
0.7007007007007007,0.33547179089419293,0.35057052997079674,1.1256225321599294,0.07036586747253988,-0.02042663992468952,-0.4566022966458852,0.13020169165479065,0.13348191138993049,0.4879583809693737,1.1090716206982714,0.0
0.7207207207207207,0.34243237013844946,0.34802896221282603,1.1270144956766466,0.06959817583585803,-0.028886247215168026,-0.4229803645239253,0.13164307006447332,0.13484399717878323,0.48726343639328856,1.1121353804746905,0.0
0.7407407407407407,0.34930611572970643,0.3436872795628474,1.1284320833369086,0.07087938301310016,-0.03770776581203766,-0.44107592984348154,0.13259754501647145,0.13643554661448531,0.48654925549106326,1.1151947133382953,0.0
0.7607607607607607,0.3560583471107846,0.33761156905390877,1.1299121516521642,0.07400341576278191,-0.04568970588535988,-0.3990970036661115,0.13327477388064807,0.13701914168747284,0.485815866457337,1.1182494985118623,0.0
0.7807807807807807,0.3626534981683564,0.32975755287858943,1.1314721344666274,0.077999140723159,-0.053168805245155534,-0.3739549679897829,0.13384069802486934,0.13771797073159744,0.4850632982450529,1.1212996153977037,0.0
0.8008008008008007,0.3690586022958059,0.3202552063724748,1.1331293393250716,0.08286024292220763,-0.059211544858069495,-0.302136980645698,0.13439031228377005,0.13777800716604935,0.48429158056431554,1.1243449435824273,0.0
0.8208208208208209,0.37524333315192737,0.309236542806074,1.1348912052007485,0.08809329378384478,-0.0641288968841311,-0.24586760130308027,0.13422250972738994,0.1368566257403185,0.4835007438812175,1.127385362841691,0.0
0.8408408408408409,0.38118463209116576,0.29706494696191915,1.1367401575851992,0.09244761922253686,-0.06859894164764889,-0.22350223817588794,0.1347954568932945,0.1375133844030122,0.48269081941663694,1.1304207531449484,0.0
0.8608608608608609,0.38686181691257443,0.2838592410704321,1.1386930831480329,0.09764627814167799,-0.0723141961352301,-0.18576272437906224,0.13505331209731694,0.13765589288390423,0.48186183914500486,1.1334509946601878,0.0
0.8808808808808809,0.3922565637603707,0.2697373423898143,1.1407546114103062,0.10307641311367192,-0.07481987843347875,-0.12528411491243055,0.1352654743805537,0.13742171806611672,0.48101383579304297,1.1364759677586627,0.0
0.9009009009009009,0.39735441866022264,0.25489274499259607,1.1429232663026856,0.10843274461896756,-0.07681090192576616,-0.09955117461437117,0.1351585150888728,0.13728409350520135,0.48014684283847153,1.1394955530196147,0.0
0.9209209209209209,0.4021457352908352,0.2395658315306274,1.1451946004482,0.11356670727572513,-0.07792633974792462,-0.055771891107922085,0.13503558873391353,0.13687176045267316,0.4792608945086879,1.142509631234988,0.0
0.9409409409409409,0.4066232275364998,0.22387461228323166,1.147560015463601,0.11827075077004451,-0.07786958092859739,0.0028379409663619667,0.1350578552609473,0.1363567630625373,0.4783560257794152,1.1455180834141359,0.0
0.960960960960961,0.410783559915294,0.2080166189397098,1.1500118138423674,0.12258991893832237,-0.07754951003721108,0.01600354456931468,0.13472744961569919,0.13603824164861986,0.4774322723733215,1.1485207907885175,0.0
0.980980980980981,0.41462769964895974,0.1922069866832854,1.1525403651719635,0.12642756647979767,-0.0761484638707066,0.07005230832522512,0.13471018033378337,0.13546515521969485,0.47648967075860943,1.151517634816387,0.0
1.001001001001001,0.41815794207213175,0.17651212115859982,1.1551369962169415,0.12983155224889942,-0.07408675713936914,0.103085336566872,0.13461433416113622,0.13502456417744912,0.47552825814757677,1.1545084971874737,0.0
1.021021021021021,0.42138091105345243,0.16114844906603557,1.1577941690562015,0.13285864196299862,-0.07183721223247092,0.11247724534491362,0.13437124047811258,0.13431487706331377,0.4745480724951473,1.1574932598276524,0.0
1.0410410410410411,0.42430599484578513,0.1462541896166358,1.1604983879824617,0.13521094631301847,-0.06933760637759757,0.12498029274366572,0.13421884172580545,0.1340411407714002,0.47354915249737217,1.1604718049036047,0.0
1.0610610610610611,0.42694300857309087,0.1318506863652878,1.1632439843515847,0.13727981845615167,-0.06695472267956407,0.11914418490167411,0.13392312116330468,0.13385627301305666,0.4725315375899024,1.1634440148274712,0.0
1.0810810810810811,0.4293025368717813,0.11797641493452352,1.166024535790501,0.1390275719458119,-0.06434644727728955,0.13041377011372662,0.1337682039752696,0.1335864102874043,0.4714952679464322,1.1664097722614932,0.0
1.1011011011011012,0.4313949761181011,0.10462196231598891,1.168834391580129,0.1404927894813899,-0.062199740902836385,0.10733531872265865,0.13333236205330906,0.1334852781695249,0.4704403844771127,1.1693689601226458,0.0
1.1211211211211212,0.4332309308273859,0.09179773546423953,1.171666279151945,0.14159437859079893,-0.05916451042669037,0.15176152380730068,0.1334887691021327,0.13308741731597423,0.46936692882693704,1.1723214615872586,0.0
1.1411411411411412,0.43481897749129145,0.07940233319527883,1.1745171587161445,0.14254397820997783,-0.05485830999081095,0.2153100217939713,0.13392101127623013,0.13262630453942392,0.46827494337409614,1.1752671600956295,0.0
1.1611611611611612,0.43617178760568487,0.06764050571967191,1.177387325226561,0.14350832552081985,-0.05099547777682905,0.1931416106990941,0.1336614713902513,0.13253214547982617,0.467164471228306,1.1782059393566253,0.0
1.1811811811811812,0.4373063209057572,0.05672666500361634,1.1802725079326752,0.1442591353057092,-0.04624225520290145,0.23766112869638004,0.133970682327159,0.13211435668368063,0.4660355562291055,1.1811376833522729,0.0
1.2012012012012012,0.4382384813440588,0.046608021915078714,1.1831719007291286,0.14496963982266892,-0.04209683809116995,0.20727085558657513,0.13368614265877277,0.1320382049987059,0.46488824294412573,1.184062276342339,0.0
1.2212212212212212,0.4389875142761997,0.037451646607044226,1.186081069585658,0.14545844282647288,-0.03860474710716303,0.1746045492003459,0.13328097874923378,0.1319194261368561,0.4637225766673307,1.1869796028689001,0.0
1.2412412412412412,0.43956988507230044,0.02911853980503807,1.1889929756536342,0.14559530339880744,-0.03476934909046632,0.19176990083483558,0.1334135819253803,0.13167862219261628,0.462538603417229,1.1898895477609006,0.0
1.2612612612612613,0.4399996253556726,0.02148701416860756,1.1919065721150155,0.14567982306906213,-0.031130916352703392,0.1819216368881465,0.13334427203404683,0.13156139756018684,0.4613363699350574,1.1927919961386984,0.0
1.2812812812812813,0.44029166411237375,0.01460193783505682,1.194819650945057,0.14565394150208122,-0.026896387027670852,0.2117264662516267,0.13356699878589695,0.13119137376819512,0.4601159236829352,1.1956868334186013,0.0
1.3013013013013013,0.440460321137549,0.008432851258762338,1.1977305039435808,0.1455426499261862,-0.022199037539372496,0.23486747441491793,0.1336826012485891,0.1307377519162173,0.45887731284199057,1.1985739453173903,0.0
1.3213213213213213,0.4405223446205978,0.003101174152438552,1.2006346104875696,0.14520532719943702,-0.01725338261996293,0.24728274597047833,0.1336991049164766,0.13026807026525639,0.45762058631045877,1.2014532178568313,0.0
1.3413413413413413,0.44049635316252034,-0.0012995729038720993,1.203525717600525,0.14455535564776534,-0.012387353223434174,0.24330146982643786,0.13361864309820828,0.12987719865704123,0.4563457937017514,1.2043245373681746,0.0
1.3613613613613613,0.4404018710825162,-0.004724104000206786,1.2063972385722634,0.14357604858692938,-0.007811200167292276,0.22880765280709495,0.13339422500401107,0.12946471380037775,0.45505298534249783,1.2071877904966422,0.0
1.3813813813813813,0.44025826728748985,-0.00718018975131775,1.2092400400518954,0.1421400739815966,-0.004125177910196944,0.18430111285476655,0.13300190937690778,0.12929043070100593,0.45374221227055844,1.2100428642059031,0.0
1.4014014014014013,0.4400833671365815,-0.008745007545417072,1.212045937517487,0.14029487327957393,-0.0009047059028223454,0.16102360036872987,0.1327660711057659,0.12902714026524695,0.45241352623300973,1.2128896457825364,0.0
1.4214214214214214,0.4398914845929548,-0.009594127181337472,1.2148076596781165,0.1380861080314794,0.001993106063723505,0.1448905983272925,0.13300798596819272,0.12952845251478237,0.4510669796841014,1.2157280228404794,0.0
1.4414414414414414,0.43969505764734246,-0.009821347280618014,1.2175362937677423,0.13643170448128542,0.004916921888146926,0.1461907912211711,0.1333757848827678,0.1295540053539728,0.44970262578318554,1.2185578833254664,0.0
1.4614614614614614,0.4395052641181525,-0.009489676459499462,1.2202376947764786,0.1350700504368163,0.007854018825790527,0.14685484688218012,0.13293595343249515,0.12876141391505813,0.44832051839261794,1.2213791155194507,0.0
1.4814814814814814,0.43933350521709563,-0.008587945052843963,1.222893593211708,0.1327949217614709,0.010274159789852494,0.12100704820309839,0.13258164127030952,0.12839262765844145,0.4469207120756319,1.2241916080450161,0.0
1.5015015015015014,0.43919108980927246,-0.007120770391159659,1.2254932504061085,0.12998285972002213,0.012118616040194478,0.09222281251709914,0.13239098195561122,0.12825078306941623,0.44550326209418395,1.2269952498697734,0.0
1.5215215215215214,0.439086913715178,-0.005208804704722375,1.2280317128250247,0.12692312094581343,0.014338598870354862,0.11099914150801914,0.13225008561687768,0.12753658292121267,0.4440682244067723,1.2297899303107438,0.0
1.5415415415415414,0.439028260372262,-0.0029326671458004654,1.2304962952835918,0.12322912292836354,0.015653523873406502,0.06574625015258205,0.13201261533643777,0.12755629082705838,0.4426156556662276,1.2325755390387292,0.0
1.5615615615615615,0.4390234905145965,-0.00023849288327579005,1.2328837330190288,0.11937188677184354,0.0165013405436996,0.04239083351465475,0.13176417884847955,0.1273204166875181,0.44114561321747664,1.2353519660826662,0.0
1.5815815815815815,0.43907774191328425,0.0027125699343869985,1.2351868528698229,0.11515599253970561,0.01632172677099364,-0.008980688635298002,0.13186344824255616,0.12784889188183032,0.4396581550952781,1.2381191018339694,0.0
1.6016016016016015,0.4391943210111984,0.00582895489570563,1.2374149843891082,0.11140657596426704,0.01557816730924325,-0.03717797308751922,0.13214249233016606,0.1283131453669862,0.4381533400219318,1.2408768370508576,0.0
1.6216216216216217,0.4393726893806285,0.008918418471505528,1.2395792226367508,0.10821191238212889,0.014357012649460798,-0.061057732989122565,0.1330456684287572,0.12957754354236967,0.4366312274049601,1.2436250628626662,0.0
1.6416416416416417,0.43961018995881984,0.011875028909567124,1.2417117836645941,0.10662805139216415,0.013511673839370367,-0.042266940504521386,0.13385861355388787,0.13001305940039917,0.43509187733476284,1.2463636707741457,0.0
1.6616616616616617,0.4399026828894784,0.014624646532930528,1.2438312626923245,0.10597395138652235,0.011793536839003863,-0.08590685001832526,0.13361040333263313,0.13021901183786028,0.433535350582245,1.2490925526697454,0.0
1.6816816816816818,0.44024659207218464,0.017195459135311564,1.2459370918941708,0.10529146009231889,0.01008554290561868,-0.08539969666925908,0.13352823511100909,0.13004889875554831,0.43196170859641764,1.2518116008178803,0.0
1.7017017017017018,0.44063540053153505,0.019440422967520722,1.248025631575242,0.1044269840535574,0.007631108869563515,-0.12272170180275814,0.1338021749352806,0.13077031552934895,0.4303710135019718,1.2545207078751857,0.0
1.7217217217217218,0.44106232262838846,0.021346104842670008,1.2501117160531212,0.10430422389396334,0.005335585484267362,-0.11477616926480774,0.13414837294784893,0.13101408546828175,0.4287633280968261,1.2572197668907532,0.0
1.7417417417417418,0.4415180933743772,0.022788537299436737,1.252204172322577,0.10462281347278693,0.002344558111531318,-0.14955136863680213,0.1345495163266654,0.13189979951015565,0.4271387158496476,1.2599086713103547,0.0
1.7617617617617618,0.44199394648428475,0.023792655495377398,1.2543221164693357,0.10589720733793351,-0.0013735409162858557,-0.1859049513908587,0.1350275780302029,0.13295908906240092,0.4254972408973459,1.262587314980648,0.0
1.7817817817817818,0.4424778863083822,0.02419699120487295,1.2564883442942476,0.10831139124559816,-0.004808674277404307,-0.17175666805592255,0.13549891473098424,0.13339781810250648,0.4238389680425416,1.265255592153367,0.0
1.8018018018018018,0.44295542847739766,0.023877108450774547,1.2587162983517222,0.11139770287372762,-0.00871995866290979,-0.19556421927527404,0.13583983703121094,0.13422368088531617,0.42216396275100754,1.2679133974894983,0.0
1.8218218218218218,0.44341226210520474,0.022841681390353804,1.261023161733792,0.11534316910348653,-0.011386481750143939,-0.13332615436170742,0.13538287337129723,0.1328784157273989,0.4204722911490846,1.270560626063438,0.0
1.8418418418418419,0.4438334041839766,0.021057103938591934,1.2633820528515503,0.11794455588791496,-0.014526067951786938,-0.15697931008215013,0.13480736929433876,0.13278081507661008,0.4187640200210709,1.2731971733671346,0.0
1.8618618618618619,0.4442084036248443,0.0187499720433872,1.2657828431755838,0.12003951620167445,-0.017755667468571695,-0.1614799758392377,0.13550061162969776,0.13373857899501676,0.41703921680658557,1.2758229353142152,0.0
1.8818818818818819,0.4445248424883175,0.0158219431736574,1.2682497874533454,0.12334721388808574,-0.021694637602790924,-0.19694850671096145,0.1358990920941345,0.13486719678260084,0.41529794959790634,1.278437808244094,0.0
1.901901901901902,0.4447693740894126,0.012226580054754495,1.270805232876128,0.12777227113913042,-0.02547176573410553,-0.18885640656573022,0.13621227088713747,0.13539544619741314,0.4135402871372809,1.2810416889260652,0.0
1.921921921921922,0.44492604699479316,0.007833645269028584,1.2734612426857372,0.13280049048047005,-0.02904210429198833,-0.17851692789413987,0.1363735185885297,0.1357558798214606,0.4117662988142137,1.2836344745633783,0.0
1.941941941941942,0.4449795314150087,0.0026742210107747093,1.2762250838797473,0.13819205970050666,-0.03220193189248186,-0.1579913800246766,0.13617573843661498,0.13562956997046272,0.4099760546627262,1.2862160627972954,0.0
1.961961961961962,0.444916067868635,-0.0031731773186835866,1.27909145565329,0.14331858867713237,-0.03586825833951704,-0.18331632235175865,0.13576390152538595,0.1359165671743982,0.40816962535859197,1.2887863517111338,0.0
1.981981981981982,0.4447228768837482,-0.009659549244341613,1.282058014781477,0.14832795640935287,-0.03891940516837067,-0.15255734144268188,0.1355539148338023,0.13570124326994457,0.406347082216547,1.291345239834288,0.0
2.002002002002002,0.44438580216671475,-0.016853735851670458,1.2851178580844347,0.15299216514788086,-0.04196815912124883,-0.15243769764390766,0.13492443166364135,0.13546254091741142,0.4045084971874737,1.2938926261462367,0.0
2.022022022022022,0.4438930726821465,-0.02463647422841083,1.2882575762696011,0.15698590925832068,-0.04432450917851609,-0.11781750286336345,0.13387934471774188,0.13390843435217448,0.40265394285556094,1.2964284100805297,0.0
2.042042042042042,0.44323477801194083,-0.03291473351028381,1.2914381166201117,0.15902701752552653,-0.04771463991768018,-0.16950653695820403,0.1322644322548256,0.1333923686939769,0.4007834924354383,1.2989524915287594,0.0
2.062062062062062,0.44240284945615305,-0.041596427789390045,1.2946274901546346,0.15946867672614995,-0.050555098590283364,-0.14202293363015955,0.13286617275051826,0.13411958090092266,0.3988972197692855,1.3014647708445124,0.0
2.0820820820820822,0.4413829227172595,-0.050996336944678276,1.2978447345042063,0.16086221747858695,-0.0520976765609435,-0.07712889853300708,0.1327729521799419,0.13362505834289018,0.3969951993239177,1.3039651488473027,0.0
2.1021021021021022,0.44016470243484707,-0.06091101412061959,1.301080565548752,0.16179155222728103,-0.05343399980267005,-0.06681616208632724,0.13204967219473174,0.13316301159008145,0.39507750618784515,1.3064535268264883,0.0
2.1221221221221223,0.4387434873626456,-0.07106075361007279,1.3043171063220678,0.16182703866578413,-0.055046155159165805,-0.08060776782478778,0.13121016418709106,0.13292014931703958,0.39314421606830946,1.308929806545167,0.0
2.1421421421421423,0.4371149370143688,-0.08142751741384029,1.3075380570047705,0.16104753413514272,-0.056085795137884885,-0.05198199893595366,0.1306052672782375,0.13236894738533334,0.39119540528829405,1.3113938902440563,0.0
2.1621621621621623,0.4352738074068907,-0.0920564803739056,1.3107259792352433,0.1593961115236389,-0.05629260208887061,-0.010340347549285658,0.1300245498827999,0.13163614978962132,0.38923115078351167,1.3138456806453502,0.0
2.1821821821821823,0.4332177985027096,-0.10280044520905682,1.313861241177113,0.15676309709347816,-0.056920715514298094,-0.03140567127137396,0.1289614733831637,0.13122455250553763,0.3872515300993669,1.3162850809565623,0.0
2.2022022022022023,0.43094749520605247,-0.11351516483285598,1.3169220267645245,0.15303927937058268,-0.05731842887211646,-0.019885667890919397,0.12833222283784756,0.13084709042821666,0.38525662138789457,1.3187119948743449,0.0
2.2222222222222223,0.42846176101538214,-0.12428670953351588,1.319893372121341,0.14856726784082264,-0.05785484340576121,-0.026820726682237638,0.12787338585611702,0.1304892153494451,0.3832465034046749,1.3211263265882922,0.0
2.2422422422422423,0.4257598444372643,-0.13509582890589283,1.3227631881839113,0.14349080312850906,-0.058119223771863016,-0.013219018305089971,0.1273363027785485,0.13019648587087318,0.3812212555057239,1.3235279807847222,0.0
2.2622622622622623,0.42284083830328184,-0.145950306699121,1.3255191730262128,0.13779924211508277,-0.058476424540024954,-0.017860038408097443,0.12666077852812888,0.13000412098029135,0.37918095764436094,1.3259168626504394,0.0
2.2822822822822824,0.4197046817661303,-0.15680782685757758,1.3281485332601708,0.13146801169789507,-0.05850105157906605,-0.0012313519520542777,0.12621103595951536,0.12976615937144081,0.3771256903680519,1.3282928778764782,0.0
2.3023023023023024,0.4163508466924642,-0.16769175368330466,1.330641132374085,0.12462995569571306,-0.05806440551566778,0.021832303169913185,0.1258172344992739,0.1294827335509114,0.37505553481522974,1.330655932661826,0.0
2.3223223223223224,0.41278002649193773,-0.17854101002632322,1.3329870722867112,0.11729699563130626,-0.05702839037658316,0.05180075695423128,0.12561157735935724,0.12926319783838575,0.3729705727120911,1.3330059337171258,0.0
2.3423423423423424,0.40899485226458315,-0.18925871136772895,1.3351802936960409,0.10966107046648284,-0.05642059710870104,0.030389663394106096,0.12490809371626932,0.12920671523447613,0.37087088636936966,1.33534278826836,0.0
2.3623623623623624,0.40500005683073215,-0.1997397716925498,1.337209920448391,0.10148133761750344,-0.05563090637672536,0.03948453659878397,0.1246276527704405,0.12919849435174494,0.36875655867908697,1.3376664040605122,0.0
2.3823823823823824,0.4007985241831636,-0.2100766323784294,1.3390719634857182,0.0931021518663637,-0.054800068914440524,0.04154187311424183,0.12416623786406221,0.1291021724569034,0.36662767311128003,1.3399766893612095,0.0
2.4024024024024024,0.396393460842448,-0.2202531670357793,1.3407584946572673,0.08432655857744928,-0.052505983393310605,0.11470427605649598,0.12487822200121641,0.12920560893778643,0.3644843137107058,1.3422735529643444,0.0
2.4224224224224224,0.3917877085943796,-0.23028761240341936,1.3422819126711572,0.07617090069449294,-0.049677494652796514,0.14142443702570429,0.12595619399272978,0.13000367320741593,0.36232656509352335,1.3445569041936742,0.0
2.4424424424424425,0.3869891769227891,-0.2399265835795252,1.343670588531684,0.06943379302634493,-0.04789364862286854,0.08919230149639842,0.12560346079689447,0.13059360472301365,0.36015451244395347,1.3468266529064024,0.0
2.4624624624624625,0.38200843176346566,-0.24903725796617182,1.344928705631214,0.06290585497649859,-0.045910014495254524,0.09918170638070134,0.12545480590807945,0.1306064402524591,0.3579682415109156,1.3490827094967364,0.0
2.4824824824824825,0.3768519669663276,-0.25782323985690303,1.3460547077164526,0.056300104261930155,-0.04210852649765225,0.19007439988011332,0.12694379632104852,0.13113245063024662,0.3557678386046427,1.3513249848994247,0.0
2.5025025025025025,0.3715265768276408,-0.2662695069343425,1.347078894498452,0.051209339099971524,-0.038410677908717966,0.184892429446715,0.12744903617163766,0.1318360027517106,0.3535533905932738,1.3535533905932737,0.0
2.5225225225225225,0.36604645909709993,-0.2740058865270436,1.3480198945815527,0.04705000415503717,-0.035256740700488017,0.15769686041149736,0.12739860320453963,0.1322821497469199,0.3513249848994246,1.3557678386046428,0.0
2.5425425425425425,0.3604253098127716,-0.28105746421641525,1.3488842172049913,0.043216131171935505,-0.03105796959719641,0.20993855516458004,0.12856651961281798,0.13288366106953087,0.34908270949673637,1.3579682415109156,0.0
2.5625625625625625,0.35467481555933467,-0.2875247126718461,1.3496985806549333,0.04071817249710224,-0.02708350852270428,0.19872305372460705,0.12905637840470274,0.13357624268973198,0.34682665290640247,1.3601545124439536,0.0
2.5825825825825826,0.3488105803596727,-0.29321175998309706,1.3504810806682812,0.039125000667399226,-0.022478255469286956,0.2302626526708664,0.1304656137233765,0.1345953999270537,0.34455690419367424,1.3623265650935232,0.0
2.6026026026026026,0.34284750297264227,-0.29815386935152355,1.3512681592269904,0.03935392793545559,-0.018266895314746224,0.21056800772703663,0.13098578484870457,0.13534878410522477,0.3422735529643443,1.3644843137107059,0.0
2.6226226226226226,0.33680302550404656,-0.30222387342978657,1.3520791192928376,0.04054800329236602,-0.013382993671356048,0.24419508216950844,0.13218325654314228,0.13615274650561576,0.3399766893612096,1.3666276731112799,0.0
2.6426426426426426,0.3306933979627958,-0.30548137706253864,1.3529439177263622,0.04323992167623558,-0.008335080014153253,0.25239568286013997,0.1329233126106119,0.13666208855189216,0.33766640406051224,1.3687565586790869,0.0
2.6626626626626626,0.3245380427324259,-0.3077677615184931,1.3538813110119639,0.046869664280083954,-0.0037579790212253724,0.22885504964639392,0.1335063924879489,0.1374109892241896,0.33534278826836,1.3708708863693695,0.0
2.6826826826826826,0.3183571193813985,-0.3090461675513722,1.3549111723441731,0.05149306661045899,0.00021020153491952513,0.19840902780724487,0.13335260201353813,0.13753135801068841,0.33300593371712583,1.372970572712091,0.0
2.7027027027027026,0.31216867084820205,-0.3094224266598223,1.356033019024213,0.0560923340019841,0.004742625632012751,0.22662120485466133,0.13437962485354857,0.13803634223345015,0.3306559326618259,1.3750555348152298,0.0
2.7227227227227226,0.3059883350499594,-0.3090167899121317,1.3572694780170524,0.06182294964197215,0.010216748628150172,0.273706149806871,0.13608696260565534,0.13888350752508757,0.3282928778764782,1.377125690368052,0.0
2.7427427427427427,0.2998344956277745,-0.3076919711092464,1.358658226897694,0.06943744403208174,0.016157433439362365,0.2970342405606096,0.13765066314441926,0.13979958144440233,0.32591686265043934,1.379180957644361,0.0
2.7627627627627627,0.29373009039140646,-0.30522026181840073,1.3602356738084713,0.07887234553886127,0.021284321868051317,0.25634442143444774,0.13812005919817838,0.14042609463682562,0.32352798078472217,1.381221255505724,0.0
2.7827827827827827,0.2876994668905791,-0.30153117504136706,1.362017531980586,0.0890929086057417,0.026450802571137137,0.2583240351542905,0.13868599229965348,0.14058231460094422,0.32112632658829215,1.383246503404675,0.0
2.8028028028028027,0.28176387233280686,-0.2967797278886135,1.364013887606956,0.09981778131849568,0.03146275303931389,0.2505975234088373,0.13880827952803756,0.14038400225715578,0.3187119948743448,1.3852566213878945,0.0
2.8228228228228227,0.2759447681530272,-0.2909552089889834,1.3662228811830468,0.1104496788045343,0.03546135441324527,0.19993006869656943,0.13774757031397014,0.13974868697484713,0.31628508095656227,1.3872515300993669,0.0
2.8428428428428427,0.2702619102999892,-0.28414289265190185,1.3686185786432576,0.11978487301053911,0.03890045951468288,0.1719552550718808,0.13632428453104703,0.13830386144881704,0.3138456806453503,1.3892311507835116,0.0
2.8628628628628627,0.26472962499777664,-0.2766142651106291,1.3711577758244329,0.12695985905876647,0.04292284907060939,0.20111947779632527,0.13653006577637322,0.13771842791137898,0.3113938902440563,1.391195405288294,0.0
2.8828828828828827,0.259361818824872,-0.26839030864522967,1.3738341903074187,0.13382072414928914,0.04605193527695274,0.15645431031716772,0.136432320328975,0.1377623597382601,0.30892980654516716,1.3931442160683094,0.0
2.9029029029029028,0.2541745516448264,-0.2593633590022831,1.376646223524084,0.1406016608332645,0.04851555534829935,0.1231810035673302,0.1357029271481915,0.1370570732869757,0.3064535268264883,1.395077506187845,0.0
2.9229229229229228,0.24917909395326396,-0.249772884578121,1.3795719481570403,0.14628623164781637,0.05097067278061698,0.12275587161588239,0.13497871375054565,0.13593128826239576,0.3039651488473027,1.3969951993239176,0.0
2.942942942942943,0.2443837228738888,-0.23976855396875843,1.3825834137633102,0.15057328031349426,0.05340460382358722,0.12169655214851169,0.13477043279490403,0.13530755407952622,0.3014647708445124,1.3988972197692855,0.0
2.962962962962963,0.23979714783718684,-0.22932875183509768,1.3856677470602798,0.15421666484848076,0.0562119208697671,0.1403658523089936,0.13480024313083633,0.1346285434554951,0.29895249152875947,1.4007834924354383,0.0
2.982982982982983,0.23542822651177983,-0.21844606627034982,1.3888147778793307,0.15735154095253986,0.05913253235028659,0.14603057402597514,0.1347553858060749,0.13399529996130413,0.29642841008052967,1.4026539428555609,0.0
3.003003003003003,0.23128749837121312,-0.20703640702833515,1.392013816262814,0.15995191917416438,0.06126121259639315,0.10643401230532704,0.1342415055197624,0.13347760498353456,0.29389262614623657,1.4045084971874737,0.0
3.023023023023023,0.22738521969046888,-0.1951139340372117,1.3952489026815218,0.1617543209353916,0.06311276648751268,0.09257769455597742,0.12999831959051283,0.13197758994847755,0.291345239834288,1.406347082216547,0.0
3.043043043043043,0.22372462694575743,-0.18302963723557314,1.3984345891570562,0.15928432377672314,0.06611774188734271,0.15024876999150077,0.13092832446765282,0.1315754625795126,0.2887863517111338,1.408169625358592,0.0
3.063063063063063,0.22031312089222768,-0.17057530267648766,1.4015783110179691,0.15718609304565215,0.06918321591252903,0.15327370125931533,0.13146526016363397,0.13142821763780263,0.28621606279729545,1.4099760546627262,0.0
3.083083083083083,0.21716227659678508,-0.15754221477213026,1.404685142839862,0.15534159109463608,0.07227811171010466,0.15474478987878218,0.13138050340167015,0.13064484844631186,0.28363447456337826,1.4117662988142137,0.0
3.103103103103103,0.21428227949971995,-0.14399985485325656,1.4077415101620219,0.1528183661080006,0.07634295929444651,0.20324237921709307,0.13118507834461673,0.12906046028584128,0.2810416889260653,1.4135402871372809,0.0
3.123123123123123,0.21168329497342567,-0.1299492263147148,1.410720342046734,0.1489415942356074,0.07924757239706329,0.14523065513083672,0.13028762722751053,0.12815549952883368,0.27843780824409403,1.4152979495979063,0.0
3.143143143143143,0.20937803735489402,-0.11526288092658299,1.4135939547456033,0.14368063494347152,0.08256688310885169,0.16596553558942023,0.12902241244980736,0.1258408359016661,0.27582293531421515,1.4170392168065855,0.0
3.163163163163163,0.2073730446830204,-0.10024963359368105,1.4163087469334807,0.13573960939386615,0.0855870755506002,0.1510096220874258,0.12776227181178093,0.12396792422989676,0.2731971733671345,1.418764020021071,0.0
3.183183183183183,0.20567693956910335,-0.08480525569585248,1.41881763227341,0.12544426699646147,0.08709052189610693,0.07517231727533613,0.12623080193065542,0.12266410516435218,0.27056062606343795,1.4204722911490846,0.0
3.203203203203203,0.2042970671170838,-0.0689936226009771,1.4210780416612319,0.11302046939108593,0.08719637994708598,0.005292902548953621,0.12474171354141995,0.12140744259664145,0.2679133974894983,1.4221639627510076,0.0
3.2232232232232234,0.20323493685935912,-0.05310651288623448,1.4230492366792133,0.09855975089906996,0.0865410511881869,-0.03276643794495531,0.12368095126210181,0.11892431602564821,0.26525559215336697,1.4238389680425416,0.0
3.2432432432432434,0.20248584801270436,-0.03745444233273726,1.424679175409022,0.0814969364904291,0.08456054105157926,-0.09902550683038272,0.12265241238979564,0.11821928681159875,0.26258731498064786,1.4254972408973459,0.0
3.2632632632632634,0.20204485744102746,-0.022049528583845103,1.425942808424714,0.06318165078460122,0.08175134818294258,-0.1404596434318336,0.12287805149157904,0.11850736911762781,0.2599086713103547,1.4271387158496476,0.0
3.2832832832832834,0.20190537757914714,-0.006973993094015377,1.4268486654530361,0.04529285141610262,0.07792521341075759,-0.1913067386092492,0.12348734948024535,0.11936987140377672,0.2572197668907532,1.4287633280968262,0.0
3.3033033033033035,0.20205887655324523,0.007674948704904167,1.4274196331933313,0.02854838701476333,0.0734016924346197,-0.22617604880689302,0.12430464733457007,0.12029865364260911,0.2545207078751856,1.4303710135019718,0.0
3.3233233233233235,0.20249369995268776,0.021741169972126235,1.4276828865027575,0.013162665471316795,0.06745384301010804,-0.2973924712255842,0.12569129382562585,0.12236553073213556,0.25181160081788034,1.4319617085964178,0.0
3.3433433433433435,0.20319666316652962,0.035148160692092714,1.4276909443489596,0.00040289231010140654,0.06162254980661346,-0.29156466017472804,0.1268290693554937,0.1232353793218399,0.24909255266974542,1.433535350582245,0.0
3.3633633633633635,0.20414777147801458,0.047555415574247105,1.4274752290795503,-0.010785763470466019,0.05561178442508715,-0.3005382690763166,0.12825641308780286,0.12461114991931804,0.24636367077414578,1.435091877334763,0.0
3.3833833833833835,0.205327811138619,0.059001983030221306,1.4270787703980061,-0.019822934077207553,0.049372875079391476,-0.31194546728478356,0.12958533871773517,0.1259633129199389,0.24362506286266622,1.43663122740496,0.0
3.4034034034034035,0.20671598397491958,0.06940864181502819,1.426542701803662,-0.02680342971720036,0.043811243775593096,-0.27808156518991917,0.13052098613174892,0.12632836677666148,0.24087683705085766,1.4381533400219317,0.0
3.4234234234234235,0.20828986113594047,0.07869385805104503,1.4258876326117562,-0.03275345959528819,0.03737360714384764,-0.321881831587272,0.13309770372441398,0.12824199167725045,0.23811910183396956,1.439658155095278,0.0
3.4434434434434436,0.21003074877710376,0.08704438205816374,1.425181116211776,-0.03532581999900944,0.030338383956548344,-0.35176115936496527,0.13520426262359905,0.13075427003061324,0.23535196608266626,1.4411456132174767,0.0
3.4634634634634636,0.21191593591750232,0.09425935701992871,1.4244925930930334,-0.03442615593713197,0.02359725215784823,-0.33705658993500553,0.1359122858829874,0.13132612732516247,0.23257553903872924,1.4426156556662275,0.0
3.4834834834834836,0.21391834714593794,0.1001205614217813,1.423841941803027,-0.03253256450032523,0.016519509662143085,-0.3538871247852571,0.13701810198028702,0.13275535119360535,0.22978993031074396,1.4440682244067722,0.0
3.5035035035035036,0.21601205623903785,0.10468545465499514,1.4232673969072414,-0.028727244789280515,0.009424079939849542,-0.35477148611467746,0.13803063530091905,0.13393740383607033,0.2269952498697734,1.445503262094184,0.0
3.5235235235235236,0.21816936013408042,0.10786519475212884,1.422801967924569,-0.02327144913362545,0.002095087770791857,-0.36644960845288427,0.13790976946819644,0.13110772639419238,0.22419160804501612,1.4469207120756318,0.0
3.5435435435435436,0.2203612984045113,0.10959691352154319,1.4224022197762842,-0.019987407414238958,-0.007901644816660563,-0.49983662937262097,0.1473087168038622,0.14256812986710174,0.22137911551945075,1.448320518392618,0.0
3.5635635635635636,0.22255920938362364,0.10989554895561787,1.4223772894310036,-0.001246517264035095,-0.018727863802859433,-0.5413109493099434,0.14827684697402718,0.14477086261109456,0.2185578833254665,1.4497026257831855,0.0
3.5835835835835836,0.22471969402216316,0.1080242319269753,1.4227736932407515,0.0198201904873968,-0.029134362452683235,-0.5203249324911903,0.1492481695567689,0.14626202049126932,0.2157280228404795,1.4510669796841014,0.0
3.6036036036036037,0.2267946877855941,0.10374968817154795,1.4236269061207432,0.04266064399958429,-0.03755909254038414,-0.42123650438504573,0.1489222804427106,0.14538762436686706,0.21288964578253633,1.4524135262330098,0.0
3.6236236236236237,0.22873943945426406,0.09723758343349694,1.424917656259388,0.06453750693223326,-0.04500266564982608,-0.37217865547209705,0.1461816051762466,0.14198937924224575,0.2100428642059031,1.4537422122705586,0.0
3.6436436436436437,0.23052134827138826,0.08909544085621035,1.426553442161732,0.08178929511720573,-0.05360455800492203,-0.4300946177547974,0.14545983603715854,0.14281217526073342,0.20718779049664213,1.4550529853424978,0.0
3.6636636636636637,0.23210832507992363,0.07934884042676874,1.428534133765416,0.09903458018420387,-0.060996112414315254,-0.36957772046966064,0.1459742855218607,0.14338592600991207,0.20432453736817455,1.4563457937017514,0.0
3.6836836836836837,0.23346303753993844,0.06773562300073993,1.4308737001807397,0.11697832076618225,-0.06727996577789046,-0.31419266817876046,0.14448503531172996,0.14198906729367436,0.20145321785683135,1.4576205863104588,0.0
3.7037037037037037,0.23455683707294514,0.054689976650335634,1.4335273101021064,0.13268049606833748,-0.07287182715193555,-0.2795930687022555,0.14259304884362808,0.14046228788553314,0.19857394531739028,1.4588773128419905,0.0
3.7237237237237237,0.23536670584246266,0.04049343847587586,1.4364424175183514,0.14575537081224732,-0.07736939316790913,-0.22487830079867785,0.14193261099842236,0.13995119155178734,0.19568683341860116,1.460115923682935,0.0
3.7437437437437437,0.2358709938124367,0.025214398498702405,1.4395998132380352,0.15786978598418755,-0.08126662121477862,-0.1948614023434755,0.1390883255763984,0.1374961687275955,0.1927919961386983,1.4613363699350574,0.0
3.7637637637637638,0.23605745491248523,0.009323055002425723,1.4429195693929882,0.16598780774764646,-0.08462828971837749,-0.1680834251799419,0.1364325049949722,0.13526402459905654,0.18988954776090056,1.462538603417229,0.0
3.7837837837837838,0.23591641364772764,-0.0070520632378788806,1.4463280777797793,0.17042541933955513,-0.08730951124119943,-0.13406107614109833,0.1335025855992953,0.1327073823388648,0.1869796028689002,1.4637225766673307,0.0
3.803803803803804,0.23544104415472317,-0.023768474650223827,1.4497431312207372,0.17075267204789182,-0.08756408751635042,-0.01272881375754821,0.1323897438277587,0.13065909494922479,0.18406227634233893,1.4648882429441257,0.0
3.823823823823824,0.23462559640167158,-0.0407723876525797,1.4531171574893296,0.16870131342961858,-0.08721971665461423,0.017218543086809146,0.13005382726722248,0.12803956629158164,0.1811376833522728,1.4660355562291056,0.0
3.843843843843844,0.2334760580415153,-0.057476918007813085,1.4563769725684452,0.16299075395578144,-0.08716056618124367,0.002957523668528325,0.12758346297723774,0.1263279491816462,0.17820593935662538,1.467164471228306,0.0
3.863863863863864,0.23199922934379374,-0.07384143488607796,1.4594610807412456,0.15420540864002058,-0.08615484314388362,0.05028615186800396,0.12761418624911192,0.1262471738290278,0.17526716009562948,1.4682749433740963,0.0
3.883883883883884,0.23019566876436834,-0.09017802897127081,1.462368932121564,0.14539256901591951,-0.08419652978868787,0.09791566775978587,0.1275694634588663,0.12606549498442665,0.17232146158725858,1.469366928826937,0.0
3.903903903903904,0.22807012727170325,-0.10627707463325439,1.4650976772653472,0.13643725718915833,-0.08248589948477306,0.08553151519574168,0.12724805778343318,0.1263681590329644,0.16936896012264574,1.4704403844771128,0.0
3.923923923923924,0.22563033915153197,-0.12198940600856503,1.4676478292530069,0.12750759938298556,-0.0807317035912635,0.08770979467547735,0.12712821498346175,0.1266786184204033,0.16640977226149334,1.4714952679464322,0.0
3.943943943943944,0.22288264777067993,-0.13738456904260252,1.4700228978767669,0.11875343118800372,-0.0782184720047324,0.1256615793265549,0.12690271347081422,0.12641724679709637,0.16344401482747123,1.4725315375899024,0.0
3.963963963963964,0.2198344900801009,-0.15240788452895132,1.4722163864183806,0.10967442708068881,-0.0749176923693388,0.16503898176968063,0.12667234541140326,0.12606019954518516,0.16047180490360483,1.473549152497372,0.0
3.983983983983984,0.21649653824766374,-0.16689759162185766,1.474220528659402,0.10020711205106886,-0.07175596672690951,0.15808628212146306,0.12626951673203238,0.1260919736560043,0.15749325982765244,1.4745480724951472,0.0
4.004004004004004,0.21288182187162552,-0.18073581880191036,1.4760309571274817,0.0905214234039837,-0.06839021307651963,0.16828768251949455,0.12627920004325985,0.12630702870885818,0.15450849718747373,1.4755282581475768,0.0
4.024024024024024,0.20900238170488933,-0.19397200833680897,1.4776520331511978,0.08105380118580041,-0.06523782396598803,0.15761945552657988,0.12427899872717299,0.12608139647681088,0.151517634816387,1.4764896707586095,0.0
4.044044044044044,0.20487328206390482,-0.2064549820492254,1.4790519119457464,0.06999393972742564,-0.06078627525480938,0.22257743555893245,0.12546624335887196,0.12678960920560997,0.14852079078851743,1.4774322723733215,0.0
4.064064064064064,0.20050468753867887,-0.21842972626129814,1.4802596007131303,0.06038443836920412,-0.055596028555245675,0.25951233497818615,0.1263778814013428,0.12748027876845022,0.14551808341413586,1.4783560257794153,0.0
4.084084084084084,0.19591202090091622,-0.2296333318881316,1.4813000200113153,0.05202096490924635,-0.04984029594354555,0.2877866305850067,0.1272385439522032,0.1281675922739575,0.14250963123498808,1.479260894508688,0.0
4.104104104104104,0.19111385518095453,-0.23990828599808534,1.4821973594156925,0.04486697021885583,-0.04396805599468321,0.2936119974431169,0.12795334927961466,0.12892610994507617,0.13949555301961475,1.4801468428384714,0.0
4.124124124124124,0.18613168778040368,-0.24910837002754282,1.4829747016489456,0.038867111662657355,-0.03966115893193869,0.2153448531372257,0.1276620748476898,0.12977607823207996,0.13647596775866258,1.481013835793043,0.0
4.1441441441441444,0.18098733424192906,-0.2572176769237311,1.4836414778830214,0.03333881170379046,-0.03497977690019973,0.23406910158694755,0.1282917178815502,0.1303535658760345,0.13345099466018784,1.481861839145005,0.0
4.1641641641641645,0.17569690035283764,-0.2645216944545714,1.484216351008793,0.02874365628857779,-0.0305700946020244,0.2204841149087668,0.1281672397055286,0.13052591302442978,0.1304207531449485,1.482690819416637,0.0
4.1841841841841845,0.17027844138330211,-0.27092294847677656,1.4847007885685166,0.024221877986182267,-0.026134885134619177,0.221760473370261,0.12870350782369253,0.131175641069523,0.1273853628416912,1.4835007438812176,0.0
4.2042042042042045,0.16474880266517855,-0.27648193590617753,1.4851129957681009,0.02061035997921569,-0.022546221978235678,0.17943315781917507,0.1286100800219674,0.13174314861523892,0.12434494358242737,1.4842915805643155,0.0
4.2242242242242245,0.15912500678817545,-0.28118979385015525,1.485460549461737,0.017377684681804475,-0.019277567757497144,0.16343271103692683,0.12808012218408688,0.130224735856955,0.12129961539770377,1.485063298245053,0.0
4.2442442442442445,0.15342146720696737,-0.28517697906040407,1.4857135128321781,0.01264816852206084,-0.016476261316056444,0.1400653220720351,0.13047669630202946,0.13299110135739098,0.11824949851186238,1.4858158664573369,0.0
4.2642642642642645,0.14764887399148588,-0.28862966077407487,1.4859487174506283,0.011760230922503622,-0.01258603138733816,0.19451149643591398,0.13073584994490567,0.1326231422145741,0.11519471333829531,1.4865492554910633,0.0
4.2842842842842845,0.1418186859176986,-0.29150940368936373,1.4861647646811587,0.010802361526523302,-0.009293629875688549,0.1646200755824807,0.13034250143282394,0.13265044850682692,0.11213538047469059,1.4872634363932886,0.0
4.3043043043043046,0.13594631241857336,-0.29361867495626304,1.4863564719161781,0.009585361750977864,-0.0065258262694648395,0.1383901803111854,0.13026106710772642,0.13296171145342336,0.10907162069827135,1.4879583809693737,0.0
4.324324324324325,0.1300449453694566,-0.2950683524558374,1.4865274090438834,0.008546856385256433,-0.004951922766378804,0.07869517515430172,0.1300285424005178,0.13356309018289805,0.10600355496102726,1.4886340617840967,0.0
4.344344344344345,0.12412539096524403,-0.295977720210629,1.4866831471269442,0.007786904153038261,-0.003938931934263113,0.050649541605784644,0.12971098545690296,0.13375311718121796,0.10293130438494068,1.4892904521627361,0.0
4.364364364364365,0.11819345677495131,-0.29659670951463535,1.4868218477659219,0.006935031948879717,-0.002017126861712642,0.09609025362752353,0.12969533665574473,0.13325906611464464,0.0998549902572035,1.4899275261921234,0.0
4.384384384384385,0.11225308238849561,-0.29701871932278473,1.4869359950860583,0.005707366006821524,0.0006007986845553561,0.1308962773133999,0.13018845572505314,0.13333213245042322,0.0967747340254302,1.490545258721667,0.0
4.404404404404405,0.10631229565913038,-0.29703933646826197,1.4870340247316183,0.004901482277997947,0.0020077703025277224,0.07034858089861831,0.12985578646649662,0.13381854760934106,0.09369065729286226,1.4911436253643444,0.0
4.424424424424425,0.1003812733824569,-0.2965511138336733,1.4871182383811126,0.004210682474714169,0.002990262764487648,0.0491246230979963,0.13142181521840343,0.13610696007330722,0.0906028818135687,1.4917226024976649,0.0
4.444444444444445,0.09446522601158487,-0.29580236854360153,1.487245745953846,0.006375378636674268,0.005238365704526107,0.11240514700192293,0.13120762251731902,0.13511719742190015,0.08751152948763802,1.4922821672646027,0.0
4.464464464464465,0.08856800681650867,-0.2948609597538097,1.487398656587966,0.007645531706005949,0.008039847709529414,0.1400741002501652,0.1313091763212073,0.13479877032539764,0.08441672235636702,1.4928222975744991,0.0
4.484484484484485,0.08269866969165869,-0.2934668562424989,1.4875736946721607,0.0087519042097388,0.010413596623589498,0.11868744570300427,0.13116909506629326,0.13483963906994084,0.08131858259744175,1.493342972103934,0.0
4.504504504504505,0.07686781799454198,-0.29154258485583556,1.4877692943821084,0.009779985497386165,0.013633879506275643,0.16101414413430734,0.13199126850932924,0.13496982919517078,0.07821723252011546,1.4938441702975689,0.0
4.524524524524525,0.07108578364647203,-0.2891017174034974,1.4879994567484096,0.011508118315057502,0.014622702440196566,0.04944114669604607,0.13328180305825307,0.13798352755783075,0.07511279456037853,1.494325872368957,0.0
4.544544544544545,0.06536578535059369,-0.28599991479391695,1.4883277538473536,0.0164148549472039,0.01569111316046558,0.053420536013450405,0.1337455565554915,0.1383396545809903,0.07200539127612605,1.4947880593013254,0.0
4.564564564564565,0.059711838459058184,-0.28269734457677526,1.488766174145599,0.021921014912277468,0.01692035816090223,0.06146225002183245,0.13252458040137508,0.13690686950868544,0.06889514534231898,1.4952307128483255,0.0
4.584584584584585,0.054127331656061775,-0.2792253401498204,1.489275229918403,0.025452788640201097,0.018769726744297204,0.09246842916974896,0.13177683940755905,0.13562535791284988,0.06578217954614128,1.4956538155347534,0.0
4.604604604604605,0.048616914758963355,-0.27552084485492095,1.4898247112222296,0.027474065191324767,0.019840045093017566,0.05351591743601803,0.13094598550905476,0.13513808279984219,0.06266661678215202,1.496057350657239,0.0
4.624624624624625,0.04318687782173128,-0.2715018468616037,1.4903949230570017,0.02851059173861042,0.02206409175445887,0.11120233307206492,0.13049361867235104,0.13538090021916507,0.05954858004743485,1.4964413022849068,0.0
4.644644644644645,0.037841809703921085,-0.2672534058905096,1.490982660751384,0.029386884719118878,0.024469611239252183,0.12027597423966596,0.12668963291768526,0.13115415071645534,0.05642819243674091,1.4968056552600042,0.0
4.664664664664665,0.032587608611589956,-0.2627100546165564,1.4914687799700237,0.02430596093198195,0.027093703206198964,0.131204598347339,0.12926655991109057,0.13323692314583668,0.05330557713763,1.4971503951984995,0.0
4.684684684684685,0.027434861050882234,-0.2576373780353861,1.4919221839634105,0.02267019966934264,0.030044566946840948,0.14754318703209915,0.13002470310329808,0.1333873901050846,0.050180857425607565,1.4974755084906501,0.0
4.704704704704705,0.022394356907213125,-0.2520252071834554,1.4923561005744979,0.02169583055436929,0.0318344606599716,0.08949468565653268,0.13098558881304323,0.1346803372264031,0.04705415665925714,1.49778098230154,0.0
4.724724724724725,0.01747825854594161,-0.24580491806357563,1.492803597500626,0.022374846306410116,0.033349367691768515,0.07574535158984583,0.13111579828490869,0.13461162879601,0.04392559827537166,1.4980668045715864,0.0
4.744744744744745,0.012693490452075119,-0.23923840469332464,1.4932653560677818,0.02308792835778545,0.03442068671944857,0.053565951384002886,0.13124787397876236,0.13466093258994027,0.04079530578407882,1.4983329640170149,0.0
4.764764764764765,0.008045660119551386,-0.23239151662618665,1.493743855715295,0.023924982375671897,0.035807853089093754,0.06935831848225829,0.1316863401442135,0.13449331015065077,0.037663402763966375,1.498579450130307,0.0
4.784784784784785,0.0035390693855384715,-0.2253295367006457,1.4942429495514324,0.024954691806863907,0.03671745435667337,0.04548006337898082,0.1321669835467859,0.13485588023367592,0.03453001285720289,1.4988062531806126,0.0
4.804804804804805,-0.0008208558627674795,-0.21799626241529754,1.494774912014742,0.026598123165478327,0.037987668661162106,0.06351071522443713,0.13222402558662025,0.13422760083505125,0.03139525976465676,1.499013364214136,0.0
4.824824824824825,-0.0050311560152599905,-0.21051500762462555,1.495331126341674,0.027810716346596903,0.03952179735261223,0.07670643457250548,0.13216352162239572,0.13361813939515882,0.0282592672410122,1.4992007750544876,0.0
4.844844844844845,-0.009087031742706142,-0.2027937863723076,1.4959014666062704,0.028517013229823824,0.03991048063304298,0.01943416402153774,0.13161839253517144,0.13327666348779688,0.0251221590898848,1.4993684783030088,0.0
4.864864864864865,-0.012983549226591942,-0.19482587419428998,1.4964725638785088,0.028554863611913308,0.04049677169928599,0.0293145533121505,0.13128522679025337,0.13230355127372187,0.021984059158932447,1.4995164673390624,0.0
4.884884884884885,-0.016720103492770207,-0.18682771330891332,1.4970250236096214,0.027622986555634013,0.04067819858117178,0.00907134409429012,0.13098750516311425,0.13172465301453984,0.018845091334967347,1.4996447363202945,0.0
4.904904904904905,-0.020294796504519957,-0.17873465058748744,1.4975457988687473,0.026038762956295442,0.039324815293919894,-0.06766916436259435,0.13024973702162815,0.13149241608303247,0.015705379539064087,1.499753280182866,0.0
4.924924924924925,-0.023707876671951258,-0.17065400837156497,1.4980205360130159,0.023736857213428088,0.037396257038676356,-0.09642791276217655,0.12962466736760347,0.13083358771452916,0.012565047721668766,1.49984209464165,0.0
4.944944944944945,-0.02696589735120455,-0.16290103396266464,1.4984304855511166,0.02049747690503029,0.035981955489516756,-0.07071507745797956,0.12947120586163474,0.12995488858137105,0.009424219857704088,1.4999111761904045,0.0
4.964964964964965,-0.03007710929444132,-0.1555605971618385,1.4987607157200307,0.0165115084457017,0.03472175348654774,-0.06301010014845138,0.12963841216263194,0.12961409024413378,0.006283019941676388,1.4999605221019081,0.0
4.984984984984985,-0.03304715766646262,-0.14850241860106497,1.4990089321293296,0.012410820464947937,0.03310681949044063,-0.08074669980535515,0.12972741535830928,0.1295330490009881,0.0031415719827794218,1.4999901304280685,0.0
5.005005005005005,-0.03588098416865625,-0.1416913251096817,1.4991755010827144,0.008328447669242279,0.030887052940242216,-0.11098832750992041,0.1297916709966117,0.12964291783170953,3.061616997868383e-17,1.5,0.0
5.025025025025025,-0.03858551793910994,-0.13522668852268444,1.4992632871069886,0.004389301213715967,0.030048249095442636,-0.04194019223997908,0.13169388598650947,0.1304236195790474,-0.0031415719827794716,1.4999901304280685,0.0
5.045045045045045,-0.04116748508230787,-0.12909835715989637,1.4993123635360324,0.002453821452182014,0.02765021688925126,-0.11990161030956896,0.13134115767847926,0.1307041153271078,-0.006283019941676326,1.4999605221019081,0.0
5.065065065065065,-0.04363057473661971,-0.12315448271559165,1.4993217953666926,0.00047159153301685975,0.025002387911521193,-0.13239144888650325,0.13097440565483018,0.1302024376298753,-0.009424219857704138,1.4999111761904045,0.0
5.085085085085085,-0.045984763712919985,-0.11770944881501377,1.499279026282514,-0.002138454208938273,0.022564774292205627,-0.1218806809657785,0.13071713380536945,0.12955689876017681,-0.012565047721668703,1.49984209464165,0.0
5.105105105105105,-0.04824079011737169,-0.11280132022258499,1.4991710018954985,-0.005401219350775999,0.020182693248803344,-0.11910405217011406,0.13095134971001485,0.12950934379773127,-0.01570537953906425,1.499753280182866,0.0
5.125125125125125,-0.050408202845179786,-0.108370636390405,1.4990007683105162,-0.008511679249108,0.017972615198024736,-0.11050390253893047,0.13179403003467835,0.12999751075157298,-0.018845091334967288,1.4996447363202945,0.0
5.145145145145145,-0.05249599852502681,-0.10438978399235121,1.4987882890256665,-0.010623964242482055,0.015993834946740663,-0.09893901256420369,0.13197459693639718,0.1297922284198559,-0.021984059158932385,1.4995164673390624,0.0
5.165165165165165,-0.054512594081037626,-0.10082977780054096,1.4985333982893534,-0.0127445368156568,0.013253403727900088,-0.13702156094202866,0.13223964330916493,0.13033512329124433,-0.025122159089884737,1.4993684783030088,0.0
5.185185185185185,-0.056465699560287005,-0.09765527396246902,1.498248231206588,-0.014258354138279875,0.010438228654020344,-0.14075875369398697,0.13233503517059766,0.13036346577397318,-0.02825926724101214,1.4992007750544876,0.0
5.205205205205205,-0.05836614549022252,-0.09502229649677568,1.4979348026155668,-0.015671429551056548,0.007884975822325797,-0.1276626415847274,0.1327233638770095,0.1304768349898646,-0.0313952597646567,1.499013364214136,0.0
5.225225225225225,-0.06022487219706461,-0.09293633534210473,1.4976006986975896,-0.016705195898863854,0.005409389947522401,-0.12377929374016995,0.13303679396187856,0.13062585386406067,-0.03453001285720283,1.4988062531806126,0.0
5.245245245245245,-0.06205211231213103,-0.09136200575332092,1.4972528791758242,-0.017390976088274286,0.0037224758334700164,-0.08434570570261915,0.1325683616275235,0.12958290849425128,-0.03766340276396631,1.498579450130307,0.0
5.265265265265265,-0.06385741208331361,-0.0902649885591287,1.4968690294868217,-0.019192484450122255,0.0015713921789578297,-0.10755418272560933,0.13283153820778926,0.13006372929952661,-0.04079530578407876,1.4983329640170149,0.0
5.285285285285285,-0.06564761121527214,-0.08950995659792674,1.4964602329351924,-0.020439827581465973,2.2443713668325067e-05,-0.07744742326447525,0.1330291089892141,0.12981775722422112,-0.0439255982753716,1.4980668045715864,0.0
5.305305305305305,-0.06743076737703783,-0.0891578080882845,1.4960258162873064,-0.021720832394296813,-0.002247986485806708,-0.11352150997375163,0.13313488916919403,0.13037819317826646,-0.04705415665925708,1.49778098230154,0.0
5.325325325325325,-0.06921331387544549,-0.08912732492038318,1.4955756765795787,-0.022506985386378568,-0.0037344592430070193,-0.07432363786001556,0.1332923139415206,0.13003168162763404,-0.0501808574256075,1.4974755084906501,0.0
5.345345345345345,-0.07100427758729928,-0.08954818559268961,1.4951070164606328,-0.023433005947297095,-0.004353310245082304,-0.030942550103764253,0.13349011864697005,0.1296357791376196,-0.053305577137629935,1.4971503951984995,0.0
5.365365365365365,-0.07280914540991554,-0.09024339113081277,1.494616900240843,-0.024505810989496273,-0.005425405774626626,-0.05360477647721609,0.1333654541331121,0.12975707061560304,-0.05642819243674085,1.4968056552600042,0.0
5.385385385385385,-0.07463054386917375,-0.09106992296291053,1.4941052873198868,-0.02558064604780258,-0.006097521253092366,-0.033605773923286966,0.1335925232751073,0.1297144046481709,-0.05954858004743479,1.4964413022849068,0.0
5.405405405405405,-0.07647260815244233,-0.0921032141634288,1.4935749083718963,-0.02651894739952769,-0.00670993751778785,-0.030620813234774138,0.13389213854106027,0.12996465527955003,-0.06266661678215218,1.4960573506572388,0.0
5.425425425425425,-0.07833783394322288,-0.09326128953902754,1.4930339112650248,-0.02704985534357469,-0.007752158866533586,-0.052111067437286905,0.1350917386436753,0.13169113178630962,-0.06578217954614123,1.4956538155347534,0.0
5.445445445445445,-0.0802292005876261,-0.09456833222016103,1.4925256388305335,-0.025413621724565804,-0.007891141488872587,-0.0069491311169500095,0.1348859569442834,0.1309321863555434,-0.06889514534231903,1.4952307128483255,0.0
5.465465465465465,-0.08215077313025687,-0.09607862713153864,1.4920357410690916,-0.02449488807209184,-0.0073385003691923455,0.027632055984012117,0.13453138359579805,0.1300980156042164,-0.072005391276126,1.4947880593013254,0.0
5.485485485485485,-0.08410276586469453,-0.09759963672188302,1.4915465875666434,-0.02445767512241843,-0.006956317698360177,0.01910913354160839,0.13411903467316896,0.12974677329430742,-0.07511279456037857,1.494325872368957,0.0
5.505505505505505,-0.08608275286245567,-0.09899934988805692,1.4910468825822023,-0.024985249222057408,-0.0071205157579877654,-0.00820990298137941,0.1337453863846698,0.129731009195761,-0.0782172325201154,1.4938441702975689,0.0
5.525525525525525,-0.08808905708524091,-0.10031521113926187,1.4905308777456943,-0.025800241825405322,-0.007878738078105218,-0.037911116005872575,0.1342058147866591,0.1290996278999199,-0.08131858259744179,1.493342972103934,0.0
5.545545545545545,-0.09012221794658326,-0.10165804306711769,1.4899960509555532,-0.026741339507055317,-0.010271242146708838,-0.11962520343018083,0.1339659021018984,0.1300903807538035,-0.08441672235636695,1.4928222975744991,0.0
5.565565565565565,-0.09218541371097042,-0.10315978821935777,1.4894535205178698,-0.027126521884164354,-0.012855298473814513,-0.12920281635528388,0.1337721618571976,0.13031337216566907,-0.08751152948763807,1.4922821672646027,0.0
5.585585585585585,-0.09428811144533258,-0.1051348867181084,1.488903642309262,-0.027493910430390598,-0.01491699855496872,-0.10308500405771051,0.134133674707869,0.13065742930011406,-0.09060288181356864,1.4917226024976649,0.0
5.605605605605605,-0.09644043746528105,-0.10761630099742317,1.4883567588415707,-0.027344173384572953,-0.016698424182008554,-0.08907128135199148,0.13371418324809867,0.13038191830866924,-0.09369065729286241,1.4911436253643444,0.0
5.625625625625625,-0.0986506832893844,-0.11051229120516691,1.4878024610030969,-0.027714891923689342,-0.016919616030108536,-0.01105959240499936,0.13534774103494043,0.13111681322826133,-0.09677473402543015,1.490545258721667,0.0
5.645645645645645,-0.10092620560534055,-0.11377611579780768,1.4872757297923214,-0.026336560538775602,-0.016708794082942718,0.010541097358291111,0.13505082658644657,0.13069301443529427,-0.09985499025720344,1.4899275261921234,0.0
5.665665665665665,-0.10326789256100002,-0.1170843477829739,1.486765851462652,-0.02549391648346639,-0.01542600158039977,0.0641396251271475,0.13486730671011404,0.12995365359694971,-0.10293130438494062,1.4892904521627361,0.0
5.685685685685685,-0.10567408220784877,-0.12030948234243688,1.4862591557552578,-0.025334785369712884,-0.015063368860682491,0.018131635985863807,0.13382900397181566,0.1295799345046701,-0.1060035549610272,1.4886340617840967,0.0
5.7057057057057055,-0.1081389970910958,-0.12324574416235129,1.485734805590391,-0.026217508243337337,-0.016118156177490996,-0.05273936584042512,0.13300280894991498,0.1298319579676565,-0.10907162069827128,1.4879583809693737,0.0
5.7257257257257255,-0.1106615682520604,-0.12612855804823048,1.4851843344017304,-0.027523559433029508,-0.0162003386897827,-0.004109125614585131,0.1330847123959422,0.12952972616450134,-0.11213538047469052,1.4872634363932886,0.0
5.7457457457457455,-0.11324562124037027,-0.12920264941549334,1.4846044393500437,-0.028994752584332813,-0.016107262546901088,0.004653807144080703,0.13299837754275687,0.12953057008549512,-0.11519471333829524,1.4865492554910633,0.0
5.7657657657657655,-0.1158910658230208,-0.1322722291325266,1.4839938770205228,-0.03052811647604684,-0.016706801921853774,-0.0299769687476346,0.1326411118892123,0.12985883761088526,-0.11824949851186232,1.485815866457337,0.0
5.7857857857857855,-0.11859768548785174,-0.13533098324154647,1.483352253125128,-0.032081194769744886,-0.016835392654571738,-0.006429536635897893,0.132691995537958,0.12988277325614173,-0.12129961539770372,1.485063298245053,0.0
5.8058058058058055,-0.12136752411748963,-0.13849193148189462,1.4826806676240933,-0.03357927505172796,-0.017211495150020843,-0.018805124772455502,0.13243145601625134,0.13006410771305432,-0.12434494358242731,1.4842915805643155,0.0
5.8258258258258255,-0.12420071632556472,-0.14165961040375386,1.4819779680286402,-0.03513497977265592,-0.018284633492145142,-0.053656917106214855,0.13237154303007692,0.13027389100397435,-0.12738536284169114,1.4835007438812176,0.0
5.8458458458458455,-0.12709942901162274,-0.14493563430290102,1.481246379789703,-0.036579411946858216,-0.017746829546495407,0.02689019728248654,0.13261337941195214,0.12979283095941696,-0.13042075314494844,1.482690819416637,0.0
5.865865865865866,-0.1300669615188389,-0.14837662536080717,1.4804823138892353,-0.03820329502338141,-0.018300689173372634,-0.02769298134386127,0.13219762525074258,0.13037412519900646,-0.13345099466018778,1.481861839145005,0.0
5.885885885885886,-0.1331013180933723,-0.1517178287266709,1.4796882921996164,-0.03970108448095016,-0.018796365596264165,-0.024783821144576473,0.13198822212662661,0.13048731810969066,-0.13647596775866253,1.481013835793043,0.0
5.905905905905906,-0.13620457497930832,-0.15516284429680036,1.478862880722921,-0.041270573834774615,-0.018923554216009157,-0.006359430987249559,0.1320968676270924,0.13071773362405764,-0.13949555301961467,1.4801468428384714,0.0
5.925925925925926,-0.13937843018448046,-0.1586927602586068,1.4780110974626404,-0.04258916301403344,-0.019300451123529985,-0.018844845376041267,0.13198748909645344,0.13113573156134115,-0.14250963123498803,1.479260894508688,0.0
5.945945945945946,-0.14262334840378357,-0.16224591096515562,1.4771375314409043,-0.04367830108680333,-0.019624813714677797,-0.016218129557391013,0.13187832581558895,0.13135589164076797,-0.1455180834141359,1.4783560257794153,0.0
5.965965965965966,-0.1459404530095443,-0.16585523028803723,1.476243821556079,-0.04468549424126786,-0.020492426792410732,-0.043380653886646525,0.13155406709960163,0.13176852282657525,-0.14852079078851738,1.4774322723733215,0.0
5.985985985985986,-0.14933110495481422,-0.16953259726349498,1.4753312736621762,-0.04562739469513713,-0.0208919979069413,-0.019978555726528537,0.13145378637126437,0.1317743045272597,-0.15151763481638703,1.4764896707586095,0.0
6.006006006006006,-0.15279814471615763,-0.17335198806717061,1.474398440611327,-0.046641652542453664,-0.021978488689367182,-0.05432453912129388,0.13100041532473447,0.13215972237910548,-0.15450849718747367,1.4755282581475768,0.0
6.026026026026026,-0.15634286210716555,-0.17723586955039652,1.473444305695251,-0.0477067458038,-0.023546638151760352,-0.07840747311965807,0.12907808394570494,0.13256546122674312,-0.1574932598276524,1.4745480724951472,0.0
6.046046046046046,-0.15996944059187324,-0.18132892423538444,1.4724463386877162,-0.04989835037674528,-0.022234923772749587,0.06558571895053805,0.12903893821752868,0.13111146213050712,-0.16047180490360477,1.473549152497372,0.0
6.066066066066066,-0.1636833447025964,-0.18569520553615812,1.4713823318216812,-0.05320034330174707,-0.019180307882831708,0.15273079449589413,0.13023590623466585,0.13140796702418606,-0.16344401482747128,1.4725315375899024,0.0
6.086086086086086,-0.1674796267428141,-0.18981410201088492,1.4702745879718713,-0.05538719249049867,-0.015920318334750386,0.1629994774040659,0.13069648990781502,0.1318785266281071,-0.16640977226149328,1.4714952679464322,0.0
6.106106106106106,-0.1713468831538274,-0.19336282055066498,1.4691371902765071,-0.05686988476820316,-0.011703334280465513,0.21084920271424412,0.13127508499571416,0.13192211246724814,-0.16936896012264577,1.4704403844771128,0.0
6.126126126126126,-0.17527185571574663,-0.196248628095961,1.4679796095049684,-0.05787903857693517,-0.008787982182885875,0.1457676048789816,0.1308009324770985,0.13233092561110976,-0.17232146158725853,1.469366928826937,0.0
6.146146146146146,-0.17923816444830867,-0.19831543662810178,1.4668011270608559,-0.058924122205629176,-0.006074996677770341,0.13564927525577689,0.13085914218465527,0.13262440612649076,-0.17526716009562954,1.4682749433740963,0.0
6.166166166166166,-0.18323439059500504,-0.19981130733481894,1.4656070916966892,-0.05970176820833488,-0.0035256116856049063,0.1274692496082717,0.130742471964817,0.13266834617329226,-0.17820593935662532,1.467164471228306,0.0
6.186186186186186,-0.18724992949481445,-0.20077694499047022,1.464396521245234,-0.06052852257276375,-0.0009369743519597372,0.12943186668225842,0.13090487552219865,0.1328278714916706,-0.18113768335227273,1.4660355562291056,0.0
6.206206206206206,-0.19127498723810402,-0.20125288716447903,1.4631742498625182,-0.06111356913578347,0.0021423613953881664,0.15396678736739516,0.13108305073188212,0.13267124438258215,-0.184062276342339,1.4648882429441257,0.0
6.226226226226226,-0.19529919436253562,-0.20121035622157998,1.4619406312820677,-0.061680929022523916,0.004755360796839874,0.13064997007258541,0.13024462272456191,0.13356111103918758,-0.18697960286890014,1.4637225766673307,0.0
6.246246246246246,-0.19931011031882523,-0.2005457978144804,1.4606964314146547,-0.06220999337065623,0.007139276378029798,0.11919577905949624,0.1276095360873393,0.1309980397103929,-0.1898895477609005,1.462538603417229,0.0
6.266266266266266,-0.203298298204083,-0.19940939426288762,1.4593646159325377,-0.06659077410584816,0.01046609246456693,0.16634080432685655,0.1296264950184266,0.1323160293952715,-0.19279199613869824,1.4613363699350574,0.0
6.286286286286286,-0.20725425533499955,-0.19779785654582768,1.457994620992656,-0.06849974699408533,0.014070385744933314,0.18021466401831915,0.13080830337776678,0.13314055558654997,-0.1956868334186012,1.460115923682935,0.0
6.306306306306306,-0.21116481543556484,-0.1955280050282643,1.4566160907659003,-0.06892651133778183,0.017725021491971825,0.18273178735192555,0.1316009608638039,0.1336687501766577,-0.19857394531739023,1.4588773128419907,0.0
6.326326326326326,-0.21501550561471225,-0.1925345089573707,1.4552484246389477,-0.0683833063476252,0.020785341929341117,0.15301602186846455,0.13180699432530965,0.13401234523094036,-0.20145321785683137,1.4576205863104588,0.0
6.346346346346346,-0.21879151311686956,-0.18880037510786554,1.4538995218783428,-0.06744513803023836,0.022311958589787358,0.07633083302231197,0.13132070308085958,0.1343226136867194,-0.2043245373681745,1.4563457937017514,0.0
6.366366366366366,-0.22248124019834542,-0.1844863540737925,1.4525665210450545,-0.06665004166442057,0.02382720246311514,0.07576219366638909,0.1312212547675263,0.1340733699913169,-0.20718779049664207,1.4550529853424978,0.0
6.386386386386386,-0.22607858822404767,-0.1798674012851127,1.4512441082762324,-0.06612063844110344,0.02436467752598745,0.02687375314361542,0.13078627399110548,0.1341319163864466,-0.21004286420590315,1.4537422122705586,0.0
6.406406406406406,-0.2295781037177691,-0.17497577468607156,1.4499265560591006,-0.06587761085658561,0.025067551481802938,0.035143697790774385,0.13071408700459977,0.1338228964226909,-0.21288964578253636,1.4524135262330098,0.0
6.426426426426427,-0.23297765184510325,-0.1699774063667074,1.448608158180232,-0.06591989394342809,0.02499368327925723,-0.0036934101272852946,0.13122461916316425,0.1346027001848093,-0.21572802284047934,1.4510669796841014,0.0
6.446446446446447,-0.2362741094613625,-0.16482288081296276,1.44730795253957,-0.06501028203309393,0.024368199233912424,-0.03127420226724037,0.13029953454520735,0.13395013898955466,-0.21855788332546655,1.4497026257831855,0.0
6.466466466466467,-0.2394680257123053,-0.15969581254713952,1.4460025586421974,-0.06526969486862615,0.022193238579469185,-0.10874803272216223,0.12945929684053584,0.13409569080015685,-0.2213791155194507,1.448320518392618,0.0
6.486486486486487,-0.24256272515091412,-0.15473497193044167,1.4446817483478145,-0.06604051471914389,0.020705769454995325,-0.07437345622369276,0.1293599091907648,0.13358351313858347,-0.22419160804501606,1.446920712075632,0.0
6.506506506506507,-0.2455666535035834,-0.15019641763346334,1.443336671284572,-0.06725385316212375,0.018605669234977047,-0.10500501100091378,0.12904972576498963,0.1336794143054577,-0.22699524986977335,1.445503262094184,0.0
6.526526526526527,-0.24848605056128303,-0.14596985288498246,1.44196429658557,-0.0686187349501126,0.017021998372862786,-0.07918354310571311,0.12982459923702347,0.13384689373233044,-0.2297899303107439,1.4440682244067724,0.0
6.546546546546547,-0.25132899865429587,-0.14214740465064135,1.4405787651165318,-0.06927657345190061,0.015702383002267443,-0.06598076852976716,0.1297315561472662,0.1336002206829932,-0.23257553903872918,1.4426156556662275,0.0
6.566566566566567,-0.25410167743708,-0.13863393913920813,1.4391751636853143,-0.07018007156087944,0.01405573410045313,-0.08233244509071562,0.12945072600897362,0.1335504689335505,-0.23535196608266631,1.4411456132174767,0.0
6.586586586586587,-0.25680979096703715,-0.1354056764978576,1.4377486932765238,-0.07132352043952929,0.013404516168683291,-0.03256089658849191,0.12957707130853185,0.13303951416207402,-0.23811910183396962,1.439658155095278,0.0
6.606606606606607,-0.25945929123348893,-0.13247501332259007,1.4362937704567156,-0.072746140990406,0.01155440054274142,-0.09250578129709355,0.12933722056452343,0.13354580381106052,-0.24087683705085772,1.4381533400219317,0.0
6.626626626626627,-0.2620532647751214,-0.12969867708162416,1.434814400926034,-0.07396847653408344,0.010625177625525437,-0.04646114586079934,0.13047621147814473,0.13471409088029307,-0.24362506286266608,1.4366312274049602,0.0
6.646646646646647,-0.2645985724798216,-0.12726538523500946,1.4333448745682216,-0.07347631789061489,0.010631112866847368,0.00029676206609665495,0.12946242469905336,0.13294516495565298,-0.24636367077414592,1.4350918773347627,0.0
6.666666666666667,-0.2670991796322583,-0.1250303576218361,1.4318439970019556,-0.07504387831329405,0.010492346172854375,-0.006938334699649645,0.12960645808974328,0.13295185253880382,-0.24909255266974537,1.433535350582245,0.0
6.686686686686687,-0.2695553257246681,-0.12280730462049083,1.4303140281680782,-0.07649844169387517,0.010773277169749131,0.01404654984473774,0.13020736626933363,0.133040771009298,-0.2518116008178804,1.4319617085964178,0.0
6.706706706706707,-0.2719673726683967,-0.12060234718642986,1.4287652181330572,-0.07744050175104716,0.010753047277198544,-0.0010114946275292334,0.13037884081215803,0.13313291664110424,-0.25452070787518566,1.4303710135019718,0.0
6.726726726726727,-0.2743343979656247,-0.11835126486140067,1.427201476073687,-0.07818710296851027,0.01084551648347555,0.004623460313850356,0.13039145956075957,0.13278923641212495,-0.25721976689075327,1.4287633280968262,0.0
6.746746746746747,-0.2766564718247365,-0.11610369295559139,1.4256179103167421,-0.07917828784724436,0.010477512593707689,-0.018400194488393005,0.1302562317446023,0.13265641947641793,-0.2599086713103548,1.4271387158496476,0.0
6.766766766766767,-0.2789331767334471,-0.11383524543552928,1.424010562613111,-0.08036738518156085,0.009259250802316545,-0.060913089569557266,0.13002279117755544,0.13270715365052527,-0.26258731498064775,1.425497240897346,0.0
6.786786786786787,-0.28116610189283875,-0.11164625796958177,1.4223767618060772,-0.08169004035168669,0.007652593433299736,-0.08033286845084057,0.12985118679027233,0.13256100858591593,-0.2652555921533669,1.4238389680425416,0.0
6.806806806806807,-0.2833603585038036,-0.10971283054824273,1.4207118702887087,-0.08324457586842868,0.006461079402900765,-0.05957570151994845,0.13005834788445048,0.13225541474046804,-0.2679133974894982,1.4221639627510076,0.0
6.826826826826827,-0.2855220738849477,-0.10808576905720714,1.4190145101415692,-0.08486800735697976,0.00482150276539452,-0.08197883187531219,0.13055860490103352,0.1319528764862713,-0.2705606260634379,1.4204722911490846,0.0
6.846846846846847,-0.28765595681574535,-0.10669414653988084,1.4172876722960766,-0.08634189227463752,0.0022788837506576487,-0.12713095073684355,0.13020747810026673,0.1319477121730401,-0.2731971733671345,1.418764020021071,0.0
6.866866866866867,-0.28976878777588927,-0.10564154800719691,1.4155261409864779,-0.08807656547992918,7.848213064107219e-05,-0.11002008100082883,0.1302306494460797,0.13154186876147117,-0.2758229353142151,1.4170392168065855,0.0
6.886886886886887,-0.2918705575595131,-0.10508848918119089,1.413724314039319,-0.09009134735794698,-0.0018918132753602704,-0.09851477030006714,0.13034744269959103,0.13129412235231613,-0.27843780824409403,1.4152979495979063,0.0
6.906906906906907,-0.2939695314370624,-0.10494869387746678,1.4118802994026685,-0.09220073183252546,-0.004677676317794548,-0.13929315212171378,0.1303423252362703,0.13162518998320702,-0.28104168892606535,1.4135402871372809,0.0
6.926926926926927,-0.29607377833775184,-0.10521234503447315,1.4099989593405922,-0.094067003103816,-0.006857703663374862,-0.1090013672790157,0.13060938703266475,0.13134212256439481,-0.28363447456337815,1.411766298814214,0.0
6.946946946946947,-0.29819406501023943,-0.10601433362437904,1.408080057412739,-0.09594509639265952,-0.008972084743372946,-0.10571905399990418,0.13083600743019774,0.1313486111643029,-0.2862160627972955,1.4099760546627262,0.0
6.966966966966967,-0.3003388000435412,-0.10723675166508904,1.406127035343083,-0.09765110348279665,-0.01135197864491966,-0.11899469507733573,0.13106931748867673,0.13158395845301374,-0.2887863517111337,1.408169625358592,0.0
6.986986986986987,-0.3025161397063633,-0.10886698314110548,1.4041468053266988,-0.09901150081920758,-0.01424568061737702,-0.144685098622868,0.13112469346894182,0.13185717058410593,-0.29134523983428795,1.4063470822165471,0.0
7.007007007007007,-0.3047353700952137,-0.11096151944251882,1.4021441692014558,-0.10013180626214954,-0.01746536703950634,-0.16098432110646618,0.13114739910618592,0.1320468905665508,-0.2938926261462365,1.4045084971874737,0.0
7.027027027027027,-0.30700826734090714,-0.11364486228467217,1.4001221536595878,-0.10110077709339366,-0.019521496433978696,-0.10280646972361746,0.1346657804802179,0.14047487892276445,-0.2964284100805296,1.402653942855561,0.0
7.047047047047047,-0.30935059171505813,-0.11711621870754876,1.3982575380194162,-0.09323078200857732,-0.01602652879068131,0.17474838216486954,0.12372793314836478,0.12574543093252535,-0.29895249152875947,1.4007834924354383,0.0
7.067067067067067,-0.31176325383275016,-0.12063310588460063,1.396169834847647,-0.10438515858845487,-0.009984695564703671,0.30209166129888165,0.1285853914484719,0.1286131723361456,-0.3014647708445124,1.3988972197692855,0.0
7.087087087087087,-0.31423552173481684,-0.12361339510333279,1.3939739280332615,-0.109795340719273,-0.001827326210496929,0.4078684677103372,0.13304190942010363,0.13110174530572297,-0.30396514884730275,1.3969951993239176,0.0
7.107107107107107,-0.31674464399755015,-0.1254561131366649,1.3917731126578643,-0.11004076876986346,0.005003526346579756,0.34154262785383427,0.13466110642887677,0.13291324149595202,-0.3064535268264883,1.395077506187845,0.0
7.127127127127127,-0.31925907860320574,-0.12572173028278064,1.3896184095439983,-0.10773515569330559,0.011531912179530165,0.3264192916475204,0.1357055432010194,0.1335122639895003,-0.3089298065451671,1.3931442160683094,0.0
7.147147147147147,-0.3217517787469541,-0.12463500718741796,1.387534077625756,-0.10421659591210854,0.017816121363516256,0.3142104591993045,0.13618098998327968,0.133505392528665,-0.31139389024405634,1.391195405288294,0.0
7.167167167167167,-0.32419634016912846,-0.1222280711087175,1.385526772235221,-0.10036526952675537,0.022628883097352726,0.24063808669182357,0.1355500040821367,0.13324581649504344,-0.3138456806453502,1.3892311507835118,0.0
7.187187187187187,-0.3265679612453389,-0.11858105381052031,1.3835828549851676,-0.09719586250266482,0.026308312587945405,0.18397147452963397,0.13485632097566386,0.13277360576408115,-0.3162850809565622,1.3872515300993669,0.0
7.207207207207207,-0.3288480671605066,-0.11400529575838607,1.3816846040135484,-0.09491254858096321,0.029349046247459796,0.1520366829757196,0.1343550402683005,0.13221498165684933,-0.3187119948743449,1.3852566213878945,0.0
7.227227227227227,-0.3310229862171613,-0.10874595283273777,1.3798159158354775,-0.0934344089035492,0.03278599842392292,0.17184760882315664,0.13951807940763947,0.13396990617954907,-0.3211263265882922,1.383246503404675,0.0
7.247247247247247,-0.33307728417221477,-0.10271489775267353,1.3780788659403989,-0.08685249475393327,0.032483700869512626,-0.015114877720515174,0.13323001813413174,0.12978111757327795,-0.3235279807847222,1.381221255505724,0.0
7.267267267267267,-0.3350033286687141,-0.09630222482496505,1.376317759871575,-0.08805530344119128,0.032977315716319934,0.024680742340365706,0.13263009227378555,0.1284146247611449,-0.3259168626504393,1.379180957644361,0.0
7.287287287287287,-0.3368027614307687,-0.08997163810273151,1.3745035354696755,-0.09071122009497755,0.03204440340246691,-0.04664561569265118,0.13225621757622447,0.12874544203043733,-0.32829287787647815,1.377125690368052,0.0
7.307307307307307,-0.33847389221051655,-0.08355653898739146,1.3726355368041898,-0.09339993327428697,0.030454727229545387,-0.0794838086460763,0.1320438739356068,0.12882829197555387,-0.33065593266182586,1.3750555348152298,0.0
7.327327327327327,-0.3400208574740639,-0.07734826317736708,1.370712008555623,-0.09617641242833755,0.029370238684773894,-0.054224427238574985,0.13210833642951664,0.12844506524345298,-0.3330059337171258,1.372970572712091,0.0
7.347347347347347,-0.3414498331999246,-0.07144878629303464,1.368728469505742,-0.09917695249405116,0.027839334247287156,-0.0765452218743364,0.13206028404818063,0.12858271276539338,-0.33534278826836,1.3708708863693695,0.0
7.367367367367367,-0.3427651713579679,-0.06576690790216427,1.36668642366778,-0.10210229189810142,0.026269354081144163,-0.07849900830715009,0.1321801006625056,0.12865200779219818,-0.33766640406051224,1.3687565586790869,0.0
7.387387387387387,-0.34397285829144736,-0.060384346673971995,1.364588891928623,-0.10487658695784234,0.02475420803932128,-0.07575730209114416,0.1323422043835909,0.12870915425875507,-0.3399766893612096,1.3666276731112799,0.0
7.407407407407407,-0.3450788981340106,-0.05530199212816148,1.362439334483157,-0.10747787227331172,0.023015952227622195,-0.08691279058495359,0.13246606025506008,0.12892684326519957,-0.34227355296434436,1.3644843137107057,0.0
7.4274274274274275,-0.3460891248885496,-0.05051133772694994,1.3602430055854589,-0.10981644488490196,0.02115229517902633,-0.09318285242979372,0.12905271097730026,0.12462699918117637,-0.34455690419367413,1.3623265650935235,0.0
7.4474474474474475,-0.347012636595045,-0.04617558532476908,1.3578858686820836,-0.1178568451687617,0.01753920848574352,-0.1806543346641406,0.13013416263136637,0.12693254779335772,-0.3468266529064026,1.3601545124439534,0.0
7.4674674674674675,-0.3478560379267761,-0.04217006658655539,1.3554183999470657,-0.12337343675088999,0.014700018034102102,-0.14195952258207098,0.13212284853012873,0.12854936112305668,-0.34908270949673625,1.3579682415109158,0.0
7.4874874874874875,-0.3486320466041954,-0.03880043387096379,1.3528943790928127,-0.12620104271265298,0.011879190333138287,-0.1410413850481908,0.13333509734871574,0.1298813717391046,-0.35132498489942454,1.3557678386046428,0.0
7.5075075075075075,-0.3493515060244361,-0.035972971012034775,1.3503517259847984,-0.12713265540071864,0.010144431832513942,-0.08673792503121736,0.13402239860020895,0.12998075903900094,-0.35355339059327373,1.3535533905932737,0.0
7.5275275275275275,-0.3500249089978655,-0.033670148671470355,1.3478022576880913,-0.12747341483535665,0.00792656480375493,-0.11089335143795048,0.13736686353012495,0.1310766404492604,-0.35576783860464267,1.3513249848994247,0.0
7.5475475475475475,-0.35065865357495946,-0.031687228854699476,1.345311834043007,-0.12452118225420855,0.004043253079284516,-0.19416558622352073,0.13329477507524962,0.12831337369759413,-0.3579682415109156,1.3490827094967364,0.0
7.5675675675675675,-0.35126236464861577,-0.030185553682814243,1.342779213255387,-0.12663103938099915,-0.0005546323631291137,-0.22989427212068148,0.13514684770219434,0.13095548993771977,-0.36015451244395347,1.3468266529064024,0.0
7.587587587587588,-0.35185029931180223,-0.029396733159323316,1.3402711069498687,-0.1254053152759125,-0.006665168352619494,-0.3055267994745191,0.13642702675297663,0.13366023230641177,-0.36232656509352335,1.3445569041936742,0.0
7.607607607607608,-0.3524415698687872,-0.029563527849250565,1.3378465576855014,-0.12122746321836933,-0.010724042341967456,-0.2029436994673981,0.1381826846483355,0.1345411466845577,-0.36448431371070583,1.3422735529643441,0.0
7.627627627627628,-0.35306033035656226,-0.03093802438875143,1.3355444534009497,-0.11510521422758838,-0.014873327859344782,-0.20746427586886612,0.13598644633393597,0.13275810488506237,-0.3666276731112799,1.3399766893612097,0.0
7.647647647647648,-0.35372291938471767,-0.03312945140776965,1.3333055821312498,-0.11194356348499816,-0.017256945497974678,-0.11918088193149473,0.13586322566124376,0.1318664165401061,-0.368756558679087,1.3376664040605122,0.0
7.667667667667668,-0.3544449840268222,-0.036103232105225626,1.3311146374227774,-0.10954723542362568,-0.02006728267013708,-0.14051685860812033,0.13534398083044674,0.13199525839155085,-0.37087088636936955,1.3353427882683602,0.0
7.687687687687688,-0.35523563114592577,-0.03953235595518086,1.328965639239974,-0.10744990914016836,-0.023288223001966323,-0.16104701659146214,0.1350165335096488,0.13236601087049438,-0.37297057271209105,1.3330059337171258,0.0
7.707707707707708,-0.3561060168509363,-0.04351928525052479,1.3268589824116892,-0.10533284141423935,-0.026171534483685092,-0.14416557408593864,0.1346827111841125,0.13227469786101903,-0.3750555348152298,1.330655932661826,0.0
7.727727727727728,-0.3570689284426663,-0.04814557958649919,1.324788055151089,-0.10354636303000668,-0.027890702184417256,-0.08595838503660785,0.1348357300824404,0.1321136239408713,-0.37712569036805194,1.3282928778764782,0.0
7.747747747747748,-0.35813551584043607,-0.05332936988848946,1.3227524247208768,-0.10178152151061115,-0.029122283254065583,-0.061579053482416476,0.13414037373441132,0.13147399913545912,-0.37918095764436094,1.3259168626504394,0.0
7.767767767767768,-0.35931177464646097,-0.058812940301244815,1.3207321072542446,-0.10101587333161167,-0.03022503215821078,-0.0551374452072596,0.13334997433557408,0.13098599084129892,-0.38122125550572383,1.3235279807847222,0.0
7.787787787787788,-0.36060200043559243,-0.06451128945657168,1.3187080228233816,-0.10120422154314808,-0.030699771254941693,-0.023736954836545573,0.13291524082319117,0.130526666815692,-0.38324650340467487,1.3211263265882922,0.0
7.807807807807808,-0.36200983902307077,-0.07039192937391638,1.3166668124848064,-0.10206051692876042,-0.030991245777993195,-0.014573726152575286,0.1323998943785131,0.13026772869626974,-0.38525662138789457,1.3187119948743449,0.0
7.827827827827828,-0.36353658894449253,-0.07633749607108876,1.3145969761474132,-0.10349181686966451,-0.031130043847121033,-0.006939903456391532,0.13180309985133568,0.12954934871279955,-0.38725153009936686,1.3162850809565623,0.0
7.847847847847848,-0.3651827721328629,-0.08230915941851713,1.312479037507928,-0.1058969319742612,-0.030951439813806738,0.008930201665714347,0.1317237913449032,0.1296242710291816,-0.38923115078351167,1.3138456806453502,0.0
7.867867867867868,-0.36694870622301134,-0.08829670450742338,1.3103129677159155,-0.10830348960062676,-0.03059488335187657,0.017827823096508405,0.13188175324545318,0.13000842675007213,-0.39119540528829405,1.3113938902440563,0.0
7.887887887887888,-0.3688336950630704,-0.09424944200295275,1.3081068691535618,-0.11030492811768444,-0.03022864767274138,0.018311783956759423,0.13191330452650296,0.13036633194059175,-0.39314421606830946,1.308929806545167,0.0
7.907907907907908,-0.37083645747826893,-0.10013812075992605,1.3058665973529318,-0.11201359003150513,-0.02948903971795764,0.03698039773918717,0.13201430320915,0.13055054659840704,-0.3950775061878452,1.306453526826488,0.0
7.927927927927928,-0.37295563433542556,-0.10595884285783194,1.3035964595940714,-0.11350688794301285,-0.028182320624727853,0.06533595466148903,0.1321146790920676,0.13059567816240522,-0.3969951993239176,1.3039651488473027,0.0
7.947947947947948,-0.375187806954651,-0.11160863096127108,1.3012987331110002,-0.11488632415356519,-0.027590389527919548,0.02959655484041574,0.13164535172142064,0.13090947392983387,-0.39889721976928555,1.3014647708445124,0.0
7.967967967967968,-0.37752780627086147,-0.11699996581052381,1.2989712957745267,-0.11637186682367416,-0.02685440917444124,0.03679901767391531,0.1316429817123684,0.13115300578269545,-0.4007834924354382,1.2989524915287596,0.0
7.987987987987988,-0.37997329749379344,-0.12227456114659835,1.2966178197908933,-0.11767379918166786,-0.025835862374800508,0.05092733998203625,0.13169861783031356,0.13134055824998367,-0.40265394285556094,1.2964284100805297,0.0
8.008008008008009,-0.38252117153052617,-0.12739370183663531,1.2942420177291571,-0.11879010308680976,-0.02501593786972153,0.04099622525394894,0.13153716207396565,0.13159601778672567,-0.40450849718747367,1.2938926261462367,0.0
8.028028028028029,-0.3851671679374492,-0.13229982034615295,1.291845415743617,-0.11983009927700469,-0.024619456814924154,0.019824052739869178,0.12389448600753468,0.1272640040297275,-0.406347082216547,1.2913452398342882,0.0
8.048048048048049,-0.3879039820419571,-0.13684070522539368,1.289250775601653,-0.1297320070982051,-0.02092703765405144,0.1846209580436358,0.12251996119799032,0.12432998148004029,-0.40816962535859197,1.2887863517111338,0.0
8.068068068068069,-0.3907280365334702,-0.1412027245756568,1.286394530519674,-0.14281225409894435,-0.01624379007616533,0.23416237889430536,0.12634647676046493,0.1276741360677057,-0.4099760546627262,1.2862160627972954,0.0
8.088088088088089,-0.3936280639955037,-0.14500137310167405,1.2833834736580516,-0.1505528430811208,-0.010657777846997701,0.2793006114583813,0.12948978128799557,0.13027500469151235,-0.4117662988142137,1.283634474563378,0.0
8.108108108108109,-0.39658763412402576,-0.14797850642610225,1.2803031886457912,-0.1540142506130254,-0.004849507842957819,0.2904135002019942,0.1314750564333987,0.13205554267110803,-0.41354028713728086,1.2810416889260654,0.0
8.128128128128129,-0.39958523864374423,-0.1498802259859242,1.2772098294733165,-0.15466795862373006,-0.0003140036931067303,0.22677520749255445,0.13214978565332386,0.1334409616009811,-0.4152979495979064,1.278437808244094,0.0
8.148148148148149,-0.402598763487186,-0.15067624217208808,1.2741341094429997,-0.1537860015158485,0.0046433400208097655,0.2478671856958248,0.13313269953406634,0.13408539842516273,-0.4170392168065857,1.275822935314215,0.0
8.168168168168169,-0.40561022167876004,-0.15057290957870204,1.2711001661883503,-0.15169716273246417,0.009424471198749049,0.2390565588969642,0.1335545955739732,0.13449383188099046,-0.4187640200210708,1.2731971733671346,0.0
8.188188188188189,-0.4085997078365666,-0.1494743078903254,1.2681202138697931,-0.14899761592786115,0.013459604973311693,0.20175668872813207,0.13321029429069267,0.13448228087714867,-0.4204722911490845,1.270560626063438,0.0
8.208208208208209,-0.41154819201130705,-0.14742420873702328,1.2651887884589714,-0.1465712705410897,0.01672193341179806,0.1631164219243184,0.13306450547144882,0.1347001172774926,-0.4221639627510074,1.2679133974894985,0.0
8.228228228228229,-0.41443987868849347,-0.14458433385932212,1.2623067196959745,-0.14410343814984028,0.019929944641168883,0.1604005614685413,0.14049307588554963,0.14018740570403934,-0.4238389680425416,1.265255592153367,0.0
8.248248248248249,-0.4172584584285771,-0.14092898700418383,1.259665075251068,-0.13208222224532715,0.020964886258053376,0.051747080844224816,0.1363544181132212,0.13739983423386212,-0.425497240897346,1.2625873149806477,0.0
8.268268268268269,-0.419992544568973,-0.13670430701979425,1.2571607654359482,-0.12521549075599483,0.02045377462626799,-0.025555581589269655,0.1336504425139791,0.1357219365657234,-0.4271387158496475,1.2599086713103549,0.0
8.288288288288289,-0.42263938890868646,-0.13234221698567167,1.2547286554093828,-0.1216055013282662,0.019198627019060277,-0.06275738036038553,0.1320394061921447,0.1347077594519076,-0.42876332809682605,1.2572197668907532,0.0
8.308308308308309,-0.4252017532074489,-0.12811821493812153,1.2523298240232785,-0.11994156930521127,0.017276570542342093,-0.09610282383590911,0.13096812382456477,0.1342421111234047,-0.4303710135019719,1.2545207078751854,0.0
8.328328328328329,-0.42768497070139294,-0.12416087469720234,1.2499415649410088,-0.1194129541134851,0.014812409863862933,-0.12320803392395786,0.1300866881251152,0.13393968351465718,-0.43196170859641764,1.2518116008178803,0.0
8.348348348348349,-0.430097236309037,-0.12061328038220491,1.2475464636618034,-0.11975506396027047,0.012903841866105817,-0.09542839988785581,0.12984147469106777,0.13358483108529734,-0.433535350582245,1.2490925526697454,0.0
8.368368368368369,-0.4324485091057959,-0.117563639837946,1.245135787948558,-0.12053378566226529,0.011754014305235861,-0.057491378043497854,0.1297450052163617,0.13320158830484793,-0.43509187733476273,1.2463636707741461,0.0
8.388388388388389,-0.43474607503477886,-0.11487829644914742,1.242702546265884,-0.12166208413369986,0.01038424739920969,-0.06848834530130837,0.12934062567576352,0.13309133100152823,-0.4366312274049601,1.2436250628626662,0.0
8.408408408408409,-0.4369944620088153,-0.11241934870182188,1.240239189170295,-0.12316785477945376,0.008813846385714783,-0.07852005067474549,0.1290505544182773,0.13310074460685314,-0.4381533400219318,1.2408768370508576,0.0
8.428428428428429,-0.4391992254686291,-0.11023817299069005,1.237741644943556,-0.12487721133695266,0.007624154273544128,-0.05948460560853279,0.12642315564118592,0.1308000301005615,-0.43965815509527806,1.2381191018339697,0.0
8.448448448448449,-0.4413671110098476,-0.10839427706092576,1.2351369974204078,-0.13023237615741373,0.006992055085912057,-0.031604959381603556,0.12759730726702798,0.1317510346603874,-0.4411456132174766,1.2353519660826664,0.0
8.468468468468469,-0.4435024397792805,-0.10676643847164435,1.2324568726692653,-0.13400623755712462,0.00674072459145069,-0.0125665247230684,0.12841786056081364,0.13241440054260087,-0.4426156556662277,1.232575539038729,0.0
8.488488488488489,-0.4456077713685342,-0.10526657946268429,1.2297233465725441,-0.1366763048360536,0.007362534837718463,0.031090512313388663,0.1291517789478904,0.13261303714290013,-0.44406822440677224,1.229789930310744,0.0
8.508508508508509,-0.44768353831620206,-0.10378834738339307,1.2269502937290573,-0.13865264217434356,0.007315186937150412,-0.0023673950284024484,0.12932211857141007,0.13322780217234845,-0.4455032620941839,1.2269952498697734,0.0
8.528528528528529,-0.4497276864741866,-0.10220740789922603,1.2241493665848853,-0.1400463572086047,0.007947367065711577,0.031609006428058244,0.12980045111671082,0.13315100646223757,-0.4469207120756319,1.2241916080450161,0.0
8.548548548548549,-0.451740306287176,-0.10063099064946991,1.2213265415936436,-0.14114124956208035,0.008632115567564509,0.0342374250926466,0.13036663519273162,0.13359085771054918,-0.44832051839261794,1.2213791155194507,0.0
8.568568568568569,-0.45371867111076714,-0.09891824117955636,1.2184967241963724,-0.1414908698635595,0.008861681670512987,0.011478305147423842,0.1303554068985756,0.133764559203497,-0.44970262578318554,1.2185578833254664,0.0
8.588588588588589,-0.4556602098552012,-0.09707693722170407,1.2156623040903998,-0.14172100529863563,0.009012377663356327,0.007534799642167027,0.13038569375951087,0.13374433874213335,-0.4510669796841014,1.2157280228404794,0.0
8.608608608608609,-0.45756423763738113,-0.0952013891089955,1.2128234249157854,-0.141943958730721,0.009469561091035122,0.022859171383939773,0.1305153430852083,0.133552349782183,-0.4524135262330097,1.2128896457825364,0.0
8.62862862862863,-0.4594298260040523,-0.09327941833355738,1.2099791600992158,-0.1422132408284823,0.009083965032231186,-0.019279802940196815,0.1293181818784659,0.1340866152068942,-0.4537422122705585,1.2100428642059031,0.0
8.64864864864865,-0.46125512101086397,-0.09126475034058268,1.2071196760132084,-0.14297420430037702,0.008792371150816878,-0.014579694070715337,0.1287936282192013,0.1333776602245947,-0.4550529853424979,1.207187790496642,0.0
8.66866866866867,-0.46304237457311154,-0.0893626781123789,1.2042267263721105,-0.14464748205489025,0.009719828780325611,0.04637288147543672,0.12973266038005066,0.13335840774445365,-0.4563457937017514,1.2043245373681746,0.0
8.68868868868869,-0.4647926718938443,-0.08751486603663805,1.2013139793896166,-0.14563734912469092,0.01119161597631675,0.07358935979955691,0.13066957007957092,0.13365321107606118,-0.45762058631045877,1.2014532178568313,0.0
8.70870870870871,-0.4665021147889474,-0.0854721447551516,1.198399666604809,-0.14571563924038866,0.012372974111434766,0.059067906755900526,0.13143747574477588,0.13427931448814953,-0.4588773128419907,1.19857394531739,0.0
8.72872872872873,-0.4681652011158711,-0.08315431634618596,1.1955043776427312,-0.14476444810388459,0.014202934856005694,0.09149803722854644,0.1315991471707527,0.1336617665497999,-0.4601159236829352,1.1956868334186013,0.0
8.74874874874875,-0.46977742405883743,-0.08061114714831519,1.1926212821115776,-0.1441547765576845,0.01609321048762641,0.09451378158103593,0.1317835606099004,0.13336829821037546,-0.46133636993505744,1.1927919961386984,0.0
8.76876876876877,-0.4713312722582742,-0.07769240997183863,1.1897486534914266,-0.14363143100755327,0.01676051240584775,0.033365095911066955,0.13155623382269313,0.13348682151924418,-0.46253860341722897,1.1898895477609006,0.0
8.78878878878879,-0.4728194733821094,-0.07441005619176001,1.186884753569391,-0.143194996101782,0.01664804125197222,-0.005623557693776621,0.1314063102816943,0.13347229458551213,-0.46372257666733063,1.1869796028689004,0.0
8.80880880880881,-0.47423990075702505,-0.0710213687457831,1.1840270908148207,-0.14288313772850855,0.016760679873728573,0.005631931087817886,0.1314339072540075,0.13300766133578842,-0.46488824294412573,1.184062276342339,0.0
8.82882882882883,-0.4755932402711926,-0.0676669757083766,1.1811691889445286,-0.14289509351460825,0.016871819380232956,0.005556975325218843,0.13107587603934223,0.13180580758849153,-0.4660355562291055,1.1811376833522729,0.0
8.84884884884885,-0.47687937047300727,-0.06430651009073485,1.1782879313247598,-0.1440628809884412,0.01601022660686909,-0.04307963866819329,0.1310605496294487,0.13212500825689305,-0.467164471228306,1.1782059393566253,0.0
8.86886886886887,-0.47809795845410274,-0.060929399054774645,1.175387832725127,-0.1450049299816433,0.014705359036181625,-0.06524337853437334,0.13109817382329256,0.13222883187732143,-0.4682749433740961,1.1752671600956297,0.0
8.88888888888889,-0.4792522884486405,-0.05771649972688668,1.172471059971083,-0.1458386377021962,0.012777607038756697,-0.09638759987124615,0.1311065008386747,0.13246384256481794,-0.46936692882693704,1.1723214615872586,0.0
8.90890890890891,-0.4803477445157666,-0.054772803356307034,1.1695413102581713,-0.14648748564558528,0.011062326935622743,-0.08576400515669787,0.13121685451602316,0.1322802643846592,-0.4704403844771127,1.1693689601226456,0.0
8.92892892892893,-0.48139184753432424,-0.0522051509278815,1.166597613252998,-0.14718485025866268,0.009158245273639865,-0.09520408309914384,0.13138997688191964,0.13242043382976296,-0.4714952679464322,1.1664097722614934,0.0
8.94894894894895,-0.48239156718064236,-0.04998598231590706,1.1636447022207022,-0.14764555161479498,0.007667103022312774,-0.07455711256635444,0.13164088722303852,0.13226083682232606,-0.47253153758990235,1.1634440148274714,0.0
8.96896896896897,-0.4833543747229907,-0.04814037711741741,1.160684012965218,-0.14803446277420607,0.006263459201116041,-0.07018219105983659,0.13192571365396383,0.13233607361711627,-0.47354915249737217,1.1604718049036047,0.0
8.98898898898899,-0.48428629924294,-0.046596225997465095,1.1577209353337663,-0.14815388157258721,0.005241813511986677,-0.051082284456468216,0.1321175031913226,0.1321331560825025,-0.47454807249514724,1.1574932598276524,0.0
9.00900900900901,-0.4851931818301932,-0.04534412936266243,1.1547553441086578,-0.14827956125542843,0.0049917442231989986,-0.012503464439383924,0.13244556224135984,0.13178905831161916,-0.47552825814757677,1.1545084971874737,0.0
9.02902902902903,-0.4860788601992819,-0.044283918454435585,1.1517870264183767,-0.14841588451404727,0.004557908897156914,-0.02169176630210414,0.1299553080752054,0.13038335650122973,-0.4764896707586094,1.1515176348163871,0.0
9.04904904904905,-0.48694418292388214,-0.04326613623001105,1.1487582722258005,-0.15143770962880862,0.0038339344260231844,-0.03619872355668654,0.12950364900165404,0.12997627706848539,-0.4774322723733215,1.1485207907885175,0.0
9.06906906906907,-0.4877911968082451,-0.04235069421814872,1.1456564297753113,-0.15509212252445914,0.0035189211795568177,-0.015750662323318298,0.13080011216654713,0.13084542186792508,-0.4783560257794153,1.1455180834141359,0.0
9.08908908908909,-0.48862326907111603,-0.041603613143545604,1.1425136693919045,-0.15713801917034384,0.004800537188407551,0.06408080044253667,0.1324036813547989,0.1312058586754509,-0.479260894508688,1.142509631234988,0.0
9.10910910910911,-0.4894416442614653,-0.040918759517463446,1.1393591342463711,-0.15772675727667138,0.006928060157184576,0.10637614843885113,0.1334224403827655,0.13135971299736823,-0.4801468428384715,1.1394955530196147,0.0
9.12912912912913,-0.49024064459164274,-0.03995001650887048,1.1362101873183084,-0.1574473464031384,0.007881464587492427,0.047670221515392776,0.13343961339500113,0.13179039706293294,-0.48101383579304297,1.1364759677586624,0.0
9.14914914914915,-0.4910118535950304,-0.03856045016938246,1.1330734079398108,-0.15683896892487517,0.00789629275377296,0.000741408314026519,0.13319877333853103,0.13193118989488573,-0.4818618391450049,1.1334509946601876,0.0
9.16916916916917,-0.49175195380297076,-0.03700501039701693,1.129947272594562,-0.15630676726243287,0.008131072259084196,0.011738975265561781,0.13330307043749304,0.13173876107521817,-0.48269081941663694,1.1304207531449486,0.0
9.18918918918919,-0.4924609229075888,-0.03544845523090178,1.1268304631118227,-0.15584047413696675,0.008336546780357907,0.010273726063685597,0.13324958475067838,0.1315807624922673,-0.4835007438812175,1.1273853628416912,0.0
9.20920920920921,-0.4931382340875123,-0.0338655589961733,1.123719828438181,-0.155531733682074,0.009165036504718975,0.04142448621805337,0.1334564754326228,0.13125220711843738,-0.4842915805643156,1.124344943582427,0.0
9.22922922922923,-0.49378282444905625,-0.03222951807719898,1.1206135522235037,-0.1553138107338663,0.009528832060946492,0.01818977781137598,0.13447876773350423,0.13291365191859864,-0.4850632982450529,1.1212996153977037,0.0
9.24924924924925,-0.49439130402435283,-0.03042397876482966,1.1175513580180232,-0.15310971027402867,0.010352475436576804,0.0411821687815155,0.13378477244561507,0.13180028238232064,-0.485815866457337,1.1182494985118623,0.0
9.26926926926927,-0.49496244841584336,-0.028557219574525994,1.114506410760783,-0.15224736286201587,0.011137702962036165,0.039261376272968,0.13361821004542201,0.1315061081696375,-0.48654925549106326,1.1151947133382953,0.0
9.28928928928929,-0.4954936300957988,-0.0265590839977699,1.1114718339995082,-0.15172883806373855,0.012868570032108258,0.08654335350360484,0.1339129686672932,0.13101389859385393,-0.48726343639328856,1.1121353804746907,0.0
9.30930930930931,-0.49598158357878525,-0.024397674149322264,1.108444657891519,-0.15135880539946348,0.014368710621344628,0.07500702946181839,0.1338321826286749,0.13085051011775198,-0.4879583809693737,1.1090716206982711,0.0
9.32932932932933,-0.49641935371869156,-0.021888506995314288,1.10542117521218,-0.1511741339669494,0.015034279372303902,0.03327843754796374,0.1335388818986713,0.1308951533890025,-0.48863406178409674,1.1060035549610274,0.0
9.34934934934935,-0.4968014414192693,-0.019104385028886256,1.1023976176527943,-0.15117787796928617,0.015736137356897488,0.03509289922967932,0.13350388881084732,0.13068119923266244,-0.48929045216273603,1.1029313043849407,0.0
9.36936936936937,-0.49712506505600235,-0.01618118183665123,1.0993702583649474,-0.15136796439234884,0.015726879451670478,-0.00046289526135054326,0.13327575476116543,0.13077320338157777,-0.4899275261921234,1.0998549902572037,0.0
9.38938938938939,-0.4973878334154139,-0.013138417970578218,1.0963370417400182,-0.1516608312464563,0.01583090113587017,0.005201084209984841,0.13328298541071146,0.13060798713591684,-0.49054525872166704,1.0967747340254301,0.0
9.40940940940941,-0.497589847751239,-0.010100716791254159,1.0932956335052886,-0.15207041173648506,0.01584541007270084,0.0007254468415331099,0.1332547760016507,0.13053822101130572,-0.49114362536434436,1.0936906572928622,0.0
9.42942942942943,-0.4977306615816398,-0.00704069152004138,1.0902445839173396,-0.15255247939745273,0.015481031422803247,-0.018218932494879457,0.13341816578594862,0.1306797257327988,-0.4917226024976648,1.090602881813569,0.0
9.44944944944945,-0.4978111384212356,-0.004023841979789392,1.0871884181104878,-0.15280829034258958,0.016682326408278512,0.06006474927376324,0.13369155693151488,0.12984433779601218,-0.49228216726460267,1.087511529487638,0.0
9.46946946946947,-0.49783236999429975,-0.0010615786532077536,1.0841188386093994,-0.15347897505442581,0.01746375264312002,0.039071311742075565,0.13349164595103724,0.12973658202951027,-0.492822297574499,1.0844167223563668,0.0
9.48948948948949,-0.49778994438545415,0.0021212804422795464,1.0810312264975992,-0.154380605590005,0.018199139613697155,0.03676934852885668,0.1334821963820421,0.12960294756812085,-0.493342972103934,1.0813185825974418,0.0
9.50950950950951,-0.4976805249944448,0.00547096955046682,1.0779234292048712,-0.15538986463640533,0.01797699389251065,-0.01110728605932556,0.13331792106633258,0.12993506115847137,-0.49384417029756883,1.0782172325201156,0.0
9.52952952952953,-0.4975014799599493,0.008952251724776357,1.074797903060138,-0.15627630723666022,0.017640530437155078,-0.01682317276777845,0.1331694165894338,0.1292543962731594,-0.494325872368957,1.0751127945603787,0.0
9.54954954954955,-0.4972542030554113,0.012363845226901777,1.071642400732676,-0.15777511637309996,0.017258655998506563,-0.0190937219324257,0.13331097567346997,0.12939588565851948,-0.49478805930132547,1.072005391276126,0.0
9.56956956956957,-0.4969396101585796,0.015729644841582048,1.0684611702675477,-0.15906152325641348,0.016033815850564508,-0.06124200739710268,0.13336792029472655,0.1300071270262885,-0.4952307128483256,1.068895145342319,0.0
9.58958958958959,-0.4965593082895894,0.019015093449512292,1.065264163032447,-0.15985036175502632,0.014875409795263073,-0.05792030276507168,0.13354837702547295,0.13021077654133617,-0.4956538155347533,1.0657821795461413,0.0
9.60960960960961,-0.49611790759388275,0.022070034785330907,1.0620571658643425,-0.16034985840522376,0.013509320519078888,-0.06830446380920946,0.13361054194494937,0.13048924535030174,-0.4960573506572389,1.0626666167821524,0.0
9.62962962962963,-0.4956201312121441,0.024888819086931656,1.058845306130318,-0.1605929867012268,0.012542081395706063,-0.0483619561686412,0.13371003598875736,0.1301817207955685,-0.49644130228490685,1.0595485800474347,0.0
9.64964964964965,-0.49507132344037497,0.027440388588457872,1.0556255842193316,-0.16098609554931934,0.011446187086728484,-0.05479471544887895,0.1335819976792859,0.13023070653529129,-0.4968056552600042,1.0564281924367407,0.0
9.66966966966967,-0.49447512339273897,0.029810002381800295,1.0523968876955168,-0.16143482619073957,0.009938867066190252,-0.07536600102691157,0.1336641317820523,0.13069915757347755,-0.49715039519849946,1.05330557713763,0.0
9.68968968968969,-0.4938357784007081,0.03196724960154503,1.049167434775976,-0.16147264597703073,0.008349734633194382,-0.07945662164979359,0.13373305419214512,0.13098075830771866,-0.4974755084906501,1.0501808574256075,0.0
9.70970970970971,-0.49315864747996274,0.03385654603726603,1.0459424831085307,-0.16124758337226622,0.0057638138485691225,-0.1292960392312631,0.13359476418204502,0.13170960895190859,-0.49778098230154005,1.047054156659257,0.0
9.72972972972973,-0.4924503201984938,0.0354163640734474,1.0427308346332707,-0.16058242376299992,0.0036699009813792867,-0.10469564335949166,0.13370245062352687,0.13175467302386226,-0.49806680457158625,1.0439255982753717,0.0
9.74974974974975,-0.491721240622925,0.03645397877844005,1.0395348107826936,-0.15980119252885644,0.002543553313023208,-0.05631738341780393,0.13389277928341378,0.13154321513395592,-0.49833296401701493,1.0407953057840786,0.0
9.76976976976977,-0.4909788850635323,0.03711777796963408,1.0363541214516736,-0.15903446655100265,0.000493969961270897,-0.10247916758761552,0.13344234444726433,0.13190507190904344,-0.49857945013030697,1.0376634027639666,0.0
9.78978978978979,-0.490227992207627,0.03754464279526785,1.0331874523376845,-0.15833345569945773,-0.00124320584478174,-0.08685879030263184,0.1333358900159669,0.1318790463636337,-0.4988062531806126,1.034530012857203,0.0
9.80980980980981,-0.48947672907941886,0.03756315641040509,1.0300328384824649,-0.15773069276098348,-0.0024065688995776194,-0.05816815273979395,0.13341580273947926,0.1318425371946331,-0.4990133642141358,1.0313952597646565,0.0
9.82982982982983,-0.4887313376450552,0.03726957171818174,1.0268909076614432,-0.15709654105108395,-0.00425595844714048,-0.09246947737814293,0.13350303645163641,0.13222540319188172,-0.4992007750544875,1.0282592672410122,0.0
9.84984984984985,-0.4879967556237499,0.03672910106526728,1.0237686024387058,-0.15611526113686358,-0.005852719538484262,-0.07983805456718922,0.1329774074264465,0.13184092271902956,-0.49936847830300873,1.025122159089885,0.0
9.86986986986987,-0.4872801038279781,0.03583258978858916,1.0206523946481434,-0.1558103895281248,-0.007268915981939173,-0.07080982217274566,0.13301293491892607,0.13205337083371124,-0.49951646733906235,1.0219840591589326,0.0
9.88988988988989,-0.486587805959559,0.034614893420953384,1.0175459193700127,-0.15532376390653083,-0.00806189140668637,-0.039648771237359756,0.13311876422873525,0.1320400862226152,-0.4996447363202946,1.0188450913349674,0.0
9.90990990990991,-0.4859250253011062,0.03313903292264035,1.0144505002358466,-0.15477095670830054,-0.009086908429476839,-0.05125085113952345,0.13285972885931532,0.1322202438169269,-0.4997532801828658,1.015705379539064,0.0
9.92992992992993,-0.48529496486338697,0.03150302188596324,1.0113649324763276,-0.15427838797594853,-0.009749148142864187,-0.033111985669367336,0.132652383458638,0.13210019984416324,-0.49984209464164997,1.012565047721669,0.0
9.94994994994995,-0.4847012243125946,0.02968702753961768,1.0082843204187606,-0.1540306028783477,-0.010665849961828388,-0.04583509094821003,0.13222718405735304,0.13215100668813448,-0.4999111761904045,1.0094242198577041,0.0
9.96996996996997,-0.48414609291044575,0.02775657010744333,1.0052030872485356,-0.15406165851124695,-0.011884576332081254,-0.06093631851264329,0.13183640504414015,0.13231323352193747,-0.49996052210190806,1.0062830199416761,0.0
9.98998998998999,-0.4836334206945991,0.025633610792334324,1.0021178103289707,-0.15426384597824083,-0.01231877315238211,-0.021709841015042655,0.13183708821547577,0.13217580665210976,-0.49999013042806856,1.0031415719827796,0.0
10.01001001001001,-0.48316798660024984,0.023271704717463124,0.9990264135361977,-0.1545698396386498,-0.011939004513291872,0.018988431954511824,0.1319095512752823,0.13202093072974447,-0.5,1.0,0.0
10.03003003003003,-0.48275138474444823,0.020830092790081273,0.9959276609754428,-0.1549376280377455,-0.011016698338180727,0.04611530875555712,0.13704576513299566,0.13521499591403272,-0.49999013042806856,0.9968584280172206,0.0
10.05005005005005,-0.4823832745443396,0.018405510005430493,0.9929449802559507,-0.14913403597460895,-0.01165288059833454,-0.03180911300769063,0.13136010377199284,0.1307973807014279,-0.49996052210190806,0.9937169800583237,0.0
10.07007007007007,-0.48205831483578476,0.016247985427740856,0.9899286231386698,-0.15081785586404564,-0.012689302726909725,-0.051821106428759214,0.13164828803635872,0.1316949433171868,-0.4999111761904045,0.9905757801422959,0.0
10.09009009009009,-0.48177880993663724,0.013975244957374868,0.9868961614740017,-0.15162308323340606,-0.014271524491609393,-0.07911108823498361,0.1314841005539049,0.13232666212159805,-0.49984209464164997,0.9874349522783312,0.0
10.11011011011011,-0.4815489863754438,0.011491178059672341,0.9838544881153978,-0.15208366793019903,-0.015499381490220775,-0.061392849930568816,0.13164283632707147,0.13270129609996228,-0.4997532801828658,0.984294620460936,0.0
10.13013013013013,-0.481375382582305,0.008680189656941109,0.9808114297776881,-0.1521529168854821,-0.015652710279732196,-0.007666439475571357,0.13195615045041573,0.13272647975982868,-0.4996447363202946,0.9811549086650326,0.0
10.15015015015015,-0.481262428225358,0.005647717847350801,0.977771930058256,-0.1519749859716047,-0.01572823411318202,-0.00377619167249115,0.13162332316556577,0.1326498578140118,-0.49951646733906235,0.9780159408410675,0.0
10.17017017017017,-0.48121006358856455,0.002618231839672102,0.9747299103612405,-0.15210098485077997,-0.016481077270255134,-0.037642157853655725,0.13109574236794672,0.13288161101332108,-0.49936847830300873,0.9748778409101153,0.0
10.19019019019019,-0.48121880768775127,-0.0004372049593349514,0.9716809863870808,-0.15244619870798248,-0.016644110934755825,-0.008151683225034841,0.130945003300185,0.1326643013517301,-0.4992007750544875,0.9717407327589878,0.0
10.21021021021021,-0.4812916111859654,-0.003640174910708029,0.9686196660414914,-0.15306601727946953,-0.015981686068774148,0.033121243299084044,0.1309606606712158,0.13238528814691564,-0.4990133642141358,0.9686047402353432,0.0
10.23023023023023,-0.4814287026882284,-0.006854575113150236,0.9655420508034176,-0.15388076190369185,-0.015258961628860713,0.036136221995671756,0.13080174593030666,0.13314783763363577,-0.4988062531806126,0.9654699871427971,0.0
10.25025025025025,-0.4816275974617019,-0.009944738673676751,0.9624571417319172,-0.15424545357501743,-0.013705942424371254,0.07765096022447301,0.13081390475809943,0.13272525485767347,-0.49857945013030697,0.9623365972360336,0.0
10.27027027027027,-0.4818849808680935,-0.012869170319579425,0.9593589113707693,-0.15491151805739417,-0.012296965054877868,0.07044886847466922,0.13066294959245944,0.1327277998097962,-0.49833296401701493,0.9592046942159214,0.0
10.29029029029029,-0.48219438540990067,-0.015470227090358439,0.9562452635508889,-0.155682390994024,-0.011496457739908565,0.040025365748465144,0.1303746084462279,0.13292880989563405,-0.49806680457158625,0.9560744017246285,0.0
10.31031031031031,-0.48255032320027164,-0.01779688951854854,0.9531149928080225,-0.15651353714331884,-0.010768888009387119,0.03637848652607221,0.13029853782436637,0.1330188627187839,-0.49778098230154,0.9529458433407427,0.0
10.33033033033033,-0.48294977119893384,-0.019972399933109997,0.9499683614859424,-0.15733156610400045,-0.009716429259295806,0.05262293750456561,0.1304282198193989,0.13303078649072025,-0.4974755084906501,0.9498191425743926,0.0
10.35035035035035,-0.48338974723732797,-0.021998801919707864,0.9468075167717959,-0.1580422357073261,-0.008658401783804056,0.052901373774587465,0.1304380638775546,0.13310891357785312,-0.49715039519849946,0.9466944228623702,0.0
10.37037037037037,-0.4838659971413759,-0.023812495202396065,0.9436338195861586,-0.1586848592818636,-0.00775476696381589,0.045181740999408394,0.13046494978331566,0.13330912566600256,-0.49680565526000425,0.9435718075632594,0.0
10.39039039039039,-0.48437436895207275,-0.02541859053484307,0.9404506863665528,-0.15915666098028527,-0.006888734600959791,0.04330161814280486,0.1304596328841088,0.13339405823775455,-0.49644130228490685,0.9404514199525651,0.0
10.41041041041041,-0.4849115652558577,-0.026859815189246676,0.937259336121079,-0.159567512273688,-0.005518456071347006,0.06851392648063931,0.13073222306190008,0.13336478801748863,-0.49605735065723894,0.9373333832178479,0.0
10.43043043043043,-0.4854741538390851,-0.028129429161368007,0.9340634075539943,-0.15979642835423769,-0.003960621308632919,0.07789173813570428,0.12976216609748023,0.13305282774180277,-0.4956538155347533,0.9342178204538589,0.0
10.45045045045045,-0.48605684892339684,-0.029134754215588275,0.930843946748416,-0.16097304027891562,-0.0013148849006734886,0.13228682039797157,0.1300398978976659,0.13250533044895244,-0.49523071284832565,0.9311048546576811,0.0
10.47047047047047,-0.4866534890009176,-0.02983200387603766,0.9275970112761661,-0.1623467736124943,0.0016534785545688476,0.14841817276211683,0.13121444464387957,0.133276791890571,-0.49478805930132547,0.9279946087238738,0.0
10.49049049049049,-0.48725317189868694,-0.029984144888466416,0.9243514874184114,-0.1622761928877331,0.0034902135476444903,0.09183674965378213,0.13135558512982468,0.1339889763898004,-0.49432587236895703,0.9248872054396216,0.0
10.51051051051051,-0.4878448231823707,-0.02958256418418879,0.92112001361604,-0.16157369011857411,0.005697816790734957,0.11038016215452337,0.13195486938567524,0.13415834127679374,-0.4938441702975689,0.9217827674798846,0.0
10.53053053053053,-0.48842119576748605,-0.028818629255765463,0.9179139435561805,-0.16030350299297402,0.007947027971524464,0.11246055903947533,0.1312839849413736,0.13276949671831836,-0.493342972103934,0.9186814174025583,0.0
10.55055055055055,-0.48897333920248603,-0.027607171749999052,0.9147026960309533,-0.1605623762613571,0.008897614659725646,0.04752933441005905,0.13173827705305577,0.13390436386661456,-0.492822297574499,0.9155832776436331,0.0
10.57057057057057,-0.4894925473884076,-0.02596040929607881,0.9115097583016792,-0.15964688646370326,0.009557244919900515,0.03298151300874349,0.13166199759779645,0.133916634162143,-0.49228216726460267,0.9124884705123619,0.0
10.59059059059059,-0.48997518331633677,-0.02413179639645895,0.908334130579977,-0.15878138608511042,0.010117062467635506,0.02799087738674973,0.13157634488889913,0.13380567111461228,-0.4917226024976648,0.9093971181864313,0.0
10.61061061061061,-0.4904185582328975,-0.022168745828036747,0.9051728572433018,-0.15806366683376283,0.010290573901924597,0.008675571714454374,0.13147287029694418,0.13386557749268058,-0.49114362536434436,0.9063093427071378,0.0
10.63063063063063,-0.49082028139214384,-0.020086157962318062,0.9020252553770564,-0.15738009331227046,0.009809228463394026,-0.02406727192652838,0.1312184266705584,0.13439853314000294,-0.49054525872166704,0.9032252659745698,0.0
10.65065065065065,-0.49118018929123897,-0.017995394954755516,0.8988954288221338,-0.15649132774612806,0.010220559442742031,0.020566548967400244,0.13134395986596972,0.1338424282645344,-0.48992752619212343,0.9001450097427963,0.0
10.67067067067067,-0.4915000935221969,-0.01599521154789857,0.8957769987651708,-0.15592150284815046,0.010665113442754698,0.02222770000063331,0.13162143495866688,0.13394935122234009,-0.4892904521627361,0.8970686956150594,0.0
10.69069069069069,-0.491778210865336,-0.013905867156955397,0.8926756310046836,-0.15506838802435846,0.010760406192081245,0.004764637466327153,0.13147920285379233,0.13391477360831586,-0.48863406178409674,0.8939964450389727,0.0
10.71071071071071,-0.4920130465416339,-0.011741783814895499,0.8895886696294097,-0.15434806876369506,0.010923013643742714,0.008130372583073673,0.1313366644726456,0.13355410231363718,-0.48795838096937366,0.8909283793017285,0.0
10.73073073073073,-0.4922043343207085,-0.009564388953728714,0.8865086405654306,-0.15400145319896133,0.010964318170408473,0.0020652263332879154,0.13168003959422558,0.1338447229501754,-0.48726343639328856,0.8878646195253094,0.0
10.75075075075075,-0.4923519429379148,-0.007380430860314766,0.8834449212378276,-0.15318596638014634,0.011821772257518008,0.0428727043554768,0.1320655145474044,0.13351045935231723,-0.48654925549106326,0.8848052866617047,0.0
10.77077077077077,-0.4924554030352904,-0.005173004868780777,0.8803982511581486,-0.15233350398395054,0.012344457073480484,0.026134240798123747,0.13195964332870916,0.13342433252488647,-0.485815866457337,0.8817505014881378,0.0
10.79079079079079,-0.4925113725230782,-0.0027984743893895666,0.8773657296467098,-0.15162607557194366,0.012480362872026363,0.006795289927293936,0.13205240361395254,0.13357052127632849,-0.48506329824505295,0.8787003846022964,0.0
10.81081081081081,-0.49251820761180315,-0.0003417544362486237,0.8743508566786834,-0.15074364840131704,0.012973248360060358,0.024644274401699633,0.13236190823517718,0.1334551318800526,-0.48429158056431554,0.8756550564175725,0.0
10.83083083083083,-0.4924753387087715,0.0021434451515823455,0.871356482723449,-0.1497186977617188,0.013411305528255146,0.021902858409739517,0.13296639346464253,0.13423069600623624,-0.48350074388121755,0.872614637158309,0.0
10.85085085085085,-0.49238098020446047,0.004717925215553697,0.8684030052433828,-0.14767387400331372,0.014564367998099566,0.05765312349222072,0.1329166158280163,0.13348192632015993,-0.48269081941663694,0.8695792468550516,0.0
10.87087087087087,-0.49223312197148933,0.0073929116485579125,0.865478529790676,-0.14622377263534234,0.015066209783822906,0.025092089286167227,0.13263714794850018,0.1333656067476902,-0.4818618391450049,0.8665490053398125,0.0
10.89089089089089,-0.49202735324693225,0.010288436227853082,0.8625771000550456,-0.1450714867815173,0.015060238502373417,-0.0002985640724744616,0.13258231765404593,0.13341843148897634,-0.48101383579304297,0.8635240322413373,0.0
10.91091091091091,-0.49176218390536036,0.013258467078593404,0.8596986336313297,-0.1439233211857967,0.015358472960955102,0.014911722929084154,0.13277139072326308,0.13317943816826194,-0.48014684283847153,0.8605044469803853,0.0
10.93093093093093,-0.49143754941745255,0.016231724395390758,0.8568423682764595,-0.14281326774350606,0.015365035377883514,0.00032812084642048697,0.13299521676035264,0.13337546324451033,-0.479260894508688,0.8574903687650122,0.0
10.95095095095095,-0.4910524077933821,0.01925708120352202,0.8540144832464427,-0.14139425150084242,0.015347849922983317,-0.0008592727450099436,0.13299266224948847,0.13313864915842014,-0.4783560257794153,0.8544819165858643,0.0
10.97097097097097,-0.49060649498479747,0.022295640429230757,0.8512114040557129,-0.1401539595364898,0.014547963662612398,-0.03999431301854591,0.13294786688890003,0.13340186916900126,-0.4774322723733215,0.8514792092114825,0.0
10.99099099099099,-0.4901005219264339,0.025298652918178958,0.8484363428513263,-0.13875306021933262,0.014262047112219362,-0.014295827519651881,0.13305345841102648,0.1329676614321154,-0.47648967075860943,0.8484823651836131,0.0
11.01101101101101,-0.4895376405393195,0.028144069355719684,0.845684451398717,-0.13759457263046904,0.013845686169784314,-0.0208180471217524,0.13323705477401687,0.13300887810015313,-0.4755282581475768,0.8454915028125264,0.0
11.03103103103103,-0.48891902628926576,0.030930712502686603,0.8429590536891046,-0.13626988548061827,0.013258011659982414,-0.029383725490094673,0.13237002987805366,0.13264232303908963,-0.4745480724951473,0.8425067401723476,0.0
11.05105105105105,-0.48824680921285896,0.03361085382033991,0.8402418735815007,-0.13585900538019283,0.013199268625055084,-0.002937151746366516,0.1317494911960606,0.1314947681900092,-0.47354915249737217,0.8395281950963953,0.0
11.07107107107107,-0.48752360294795155,0.036160313245370466,0.8375067436493058,-0.13675649660974476,0.013101072385395878,-0.004909811982960284,0.13209764685509323,0.1316589511109145,-0.4725315375899024,0.8365559851725287,0.0
11.09109109109109,-0.48674990662105544,0.038684816344805466,0.8347612761181327,-0.13727337655865607,0.013337233673161026,0.011808064388257542,0.13257990853315865,0.13170592717491889,-0.4714952679464322,0.8335902277385067,0.0
11.11111111111111,-0.48592594572551945,0.04119804477680028,0.8320133279157816,-0.13739741011755224,0.013392339240616344,0.0027552783727657314,0.1327086910289339,0.13175084957382655,-0.4704403844771128,0.8306310398773544,0.0
11.13113113113113,-0.485050663355839,0.04376411848402069,0.8292654640686878,-0.13739319235468822,0.012965877597464306,-0.021323082157601838,0.1325611929685618,0.13173612460989023,-0.46936692882693704,0.8276785384127414,0.0
11.15115115115115,-0.48412379085519097,0.04634362503240336,0.8265152801831607,-0.13750919427636105,0.011951714523526008,-0.05070815369691489,0.13253995683775296,0.13197501097784595,-0.46827494337409614,0.8247328399043704,0.0
11.17117117117117,-0.4831474542146051,0.04881683202929542,0.8237660265760195,-0.1374626803570607,0.011275868569852588,-0.033792297683671126,0.13259558035406002,0.13171180382770478,-0.46716447122830607,0.8217940606433747,0.0
11.19119119119119,-0.4821255056035968,0.05109743055041367,0.8210146784968219,-0.13756740395987957,0.01035558142665864,-0.04601435715969745,0.1324718686805647,0.13165910035967066,-0.4660355562291055,0.8188623166477272,0.0
11.21121121121121,-0.4810607417838021,0.05323819098973464,0.818258657138562,-0.1378010679129888,0.009370710328746177,-0.0492435548956231,0.13215666476990054,0.13134732616229636,-0.4648882429441256,0.8159377236576608,0.0
11.23123123123123,-0.47995706325456156,0.055183926462026196,0.8154887198241417,-0.138496865721014,0.008579762130819017,-0.03954740989635795,0.12910241454656263,0.1286992177856934,-0.46372257666733063,0.8130203971310997,0.0
11.25125125125125,-0.4788194591290272,0.0568802062767198,0.8126204445838479,-0.14341376201469164,0.008801691192057154,0.011096453061906923,0.13036168856750974,0.12921086866968126,-0.462538603417229,0.8101104522390994,0.0
11.27127127127127,-0.47765082505543804,0.05843170367945775,0.8096801958103026,-0.14701243867726277,0.00953331568476509,0.0365812246353967,0.1318012057051194,0.1301843297305225,-0.4613363699350575,0.8072080038613019,0.0
11.29129129129129,-0.4764501817382985,0.060032165856976856,0.806703788203405,-0.14882038034487974,0.010640451087375637,0.055356770130527366,0.13283501614250057,0.13080473297713285,-0.46011592368293525,0.804313166581399,0.0
11.31131131131131,-0.4752145289185821,0.06178264098581821,0.8037157404033464,-0.14940239000293498,0.011849752863734823,0.06046508881795935,0.13351923462643805,0.13123147156798284,-0.4588773128419905,0.8014260546826096,0.0
11.33133133133133,-0.47393921272994494,0.06376580943185893,0.8007324801612953,-0.14916301210255395,0.012656675903415262,0.04034615198402196,0.13380564905691347,0.1315993243507503,-0.4576205863104588,0.7985467821431688,0.0
11.35135135135135,-0.4726189156291734,0.06601485503857578,0.7977636431668667,-0.14844184972143268,0.012353540169407424,-0.015156786700391958,0.13364484977461533,0.1320377069239215,-0.45634579370175143,0.7956754626318255,0.0
11.37137137137137,-0.47125142966465083,0.06837429822612896,0.7948132897149551,-0.14751767259557894,0.012917558069219763,0.028200894990616746,0.13393904470016457,0.13165351832088418,-0.45505298534249794,0.7928122095033582,0.0
11.391391391391391,-0.4698377853214374,0.07068221716067352,0.7918800847149972,-0.14666024999789679,0.01345540905474108,0.026892549276066043,0.13404404586068142,0.13162878673844983,-0.4537422122705585,0.7899571357940969,0.0
11.411411411411411,-0.4683757057283977,0.07310397965198417,0.7889651737521545,-0.1457455481421367,0.013725928107669856,0.013525952646438622,0.13404882429768908,0.13167186877626685,-0.45241352623300973,0.7871103542174637,0.0
11.431431431431431,-0.4668633991542944,0.07561532870516395,0.7860692214523145,-0.1447976149919979,0.014193894358762777,0.02339831255464596,0.1320981390243023,0.1301072368629501,-0.4510669796841015,0.7842719771595207,0.0
11.451451451451451,-0.46530019248962234,0.07816033323360305,0.7831401225316608,-0.14645494603268552,0.014599083518821299,0.02025945800292627,0.1325753433857734,0.13047647004645418,-0.4497026257831856,0.7814421166745337,0.0
11.471471471471471,-0.4636843887682181,0.0807901860702128,0.7801904272342735,-0.14748476486936654,0.015223995790256791,0.03124561357177453,0.1334705453895301,0.13107630769468123,-0.4483205183926179,0.7786208844805491,0.0
11.491491491491491,-0.4620139913126602,0.0835198727778944,0.7772422835053187,-0.14740718644774,0.01560486523392544,0.019043472183432428,0.13384238743716254,0.1314534349100501,-0.44692071207563194,0.775808391954984,0.0
11.511511511511511,-0.46028658473941736,0.08637032866214038,0.7743067509041442,-0.14677663005871988,0.015964233168487836,0.017968396728119736,0.13418581334920335,0.13166587683795128,-0.44550326209418395,0.7730047501302266,0.0
11.531531531531531,-0.45850060651155805,0.08929891139296492,0.7713920307007989,-0.14573601016726856,0.01620239561133628,0.011908122142422048,0.1343817940831955,0.13285247326142224,-0.4440682244067723,0.7702100696892561,0.0
11.551551551551551,-0.45665405014069665,0.09232781854306998,0.7685185625195822,-0.14367340906083542,0.016628722822533498,0.021316360559860924,0.13268044345038643,0.1309434863417677,-0.4426156556662276,0.7674244609612708,0.0
11.571571571571571,-0.4547471582554856,0.09534459426055227,0.765632812777389,-0.1442874871096578,0.017460432897016685,0.04158550372415945,0.1336095133216206,0.13150711841290055,-0.44114561321747664,0.7646480339173337,0.0
11.591591591591591,-0.4527780539721956,0.0984552141645006,0.7627568816818922,-0.14379655477484585,0.018539594630590975,0.05395808667871444,0.13498644022005557,0.13258962407698657,-0.4396581550952781,0.7618808981660304,0.0
11.611611611611611,-0.4507429960438998,0.10175289641479184,0.759927137884863,-0.141487189851457,0.019771240188859743,0.061582277913438344,0.13484833034020957,0.13219209077742058,-0.43815334002193185,0.7591231629491425,0.0
11.631631631631631,-0.4486376651168983,0.10526654635007361,0.7571355269174431,-0.13958054837099307,0.020571817873126754,0.040028884213350574,0.13334027772863843,0.13079551557409308,-0.43663122740496,0.7563749371373337,0.0
11.651651651651651,-0.44645775852981395,0.10899532935421616,0.7543388977384156,-0.13983145895137636,0.02051557175365211,-0.0028123059737325817,0.13359367406668232,0.1314808658043465,-0.4350918773347628,0.7536363292258541,0.0
11.671671671671671,-0.4442000008414817,0.11288788441661338,0.7515511018115918,-0.13938979634118653,0.020043875300266453,-0.02358482266928252,0.13375830225686583,0.13186355241013767,-0.43353535058224507,0.7509074473302546,0.0
11.691691691691691,-0.44186478775280724,0.11676065443372247,0.7487802466455372,-0.1385427583027309,0.019709642505952522,-0.016711639715696894,0.13386142036845755,0.13184495801429025,-0.4319617085964177,0.7481883991821197,0.0
11.711711711711711,-0.43945404000450583,0.12053738741506985,0.7460276098693986,-0.1376318388069286,0.019428878971862233,-0.014038176704514451,0.13386335129615717,0.13178334432449293,-0.4303710135019717,0.7454792921248141,0.0
11.731731731731731,-0.4369690064659204,0.12425167692926999,0.743292320298448,-0.1367644785475275,0.018916163196690372,-0.025635788758592598,0.13375087568125008,0.13179415148914678,-0.4287633280968261,0.7427802331092468,0.0
11.751751751751751,-0.43441068301405583,0.12791617259322813,0.7405728812167262,-0.135971954086093,0.01796109253516793,-0.04775353307612215,0.1335930302309006,0.13194576866983487,-0.4271387158496476,0.7400913286896452,0.0
11.771771771771771,-0.4317813733101146,0.13146548519705956,0.7378692281617716,-0.13518265274773103,0.01711015052215909,-0.04254710065044209,0.13356425602816505,0.13189691320970773,-0.42549724089734603,0.7374126850193523,0.0
11.791791791791791,-0.42908486081751956,0.1348256246297527,0.7351802696093563,-0.13444792762076258,0.01624940355987527,-0.04303734811419124,0.13351544491499637,0.13190122250567518,-0.4238389680425417,0.7347444078466331,0.0
11.811811811811811,-0.4263240343223774,0.13804132475710792,0.7325053950328145,-0.13374372882708807,0.014656009005294509,-0.07966972772903791,0.1332970512875828,0.13223728950276267,-0.4221639627510075,0.7320866025105016,0.0
11.831831831831831,-0.4235024774975396,0.1410778412418905,0.7298463944007093,-0.13295003160525956,0.013002015822465159,-0.08269965914146724,0.13336465070155012,0.13216259894380802,-0.4204722911490846,0.7294393739365621,0.0
11.851851851851851,-0.4206264762182862,0.14380006396266978,0.7272032478902529,-0.13215732552281662,0.01110785246319017,-0.09470816796374958,0.1328969307799067,0.1320259397724654,-0.4187640200210709,0.7268028266328654,0.0
11.871871871871871,-0.417702800136023,0.14618380411315934,0.7245670803976617,-0.13180837462955816,0.009365215976599011,-0.08713182432955795,0.13319551172501068,0.13243571788468364,-0.41703921680658573,0.724177064685785,0.0
11.891891891891891,-0.4147387650672158,0.14820175344036204,0.7219484716486941,-0.13093043744838134,0.007789396086486774,-0.07879099450561187,0.13304089391639526,0.1323769287731651,-0.41529794959790634,0.7215621917559061,0.0
11.911911911911911,-0.4117412408540919,0.14987621065619494,0.7193443155137771,-0.13020780674585042,0.006373364154948444,-0.07080159657691651,0.13298548640136953,0.1324212293097789,-0.4135402871372809,0.7189583110739347,0.0
11.931931931931931,-0.4087162544433995,0.1512493205346226,0.7167544883803525,-0.129491356671232,0.004910713406189962,-0.07313253743792414,0.1330809086039899,0.1327487981363778,-0.41176629881421384,0.7163655254366219,0.0
11.951951951951951,-0.4056692379595918,0.15235082419038454,0.7141852835279114,-0.12846024262205102,0.0034153377123699686,-0.07476878469099965,0.13314148043316246,0.13305157307989787,-0.40997605466272624,0.7137839372027046,0.0
11.971971971971971,-0.402606204881421,0.15315165390854074,0.7116420968764087,-0.1271593325751397,0.002435853932654071,-0.04897418898579488,0.13316060115412293,0.13298398311882412,-0.4081696253585919,0.7112136482888661,0.0
11.991991991991991,-0.3995330311464114,0.15365868675048083,0.7091242095058234,-0.12589436852926167,0.001847564654936635,-0.029414463885871787,0.13314410581447456,0.13290009029594022,-0.40634708221654703,0.708654760165712,0.0
12.012012012012011,-0.39645343298242625,0.1539799081992589,0.7066301203854792,-0.12470445601721195,0.0013781462313478584,-0.02347092117943885,0.132690639346613,0.13253692020194974,-0.4045084971874738,0.7061073738537635,0.0
12.032032032032031,-0.39336963038272765,0.1541901299849303,0.7041477123594369,-0.12412040130211739,0.0009269799733177638,-0.022558312901504705,0.1296580212312035,0.1283818303111085,-0.402653942855561,0.7035715899194704,0.0
12.052052052052051,-0.3902835088020993,0.15430607903141794,0.7015704923403077,-0.12886100095645903,-0.0005528601672581623,-0.07399200702879628,0.12935314185982777,0.12892170161704308,-0.4007834924354383,0.7010475084712406,0.0
12.072072072072071,-0.3871966125940673,0.15434481040159845,0.698902040922083,-0.13342257091123538,-0.0026376675339397945,-0.1042403683340816,0.13113025511315013,0.13133488324859952,-0.3988972197692855,0.6985352291554876,0.0
12.092092092092091,-0.3841146945661149,0.15409590139761803,0.6962045316234801,-0.13487546493014277,-0.004752228748458185,-0.10572806072591957,0.13236778600944635,0.13288614817186922,-0.39699519932391764,0.6960348511526973,0.0
12.112112112112111,-0.38104579075922673,0.1534451903444099,0.6935192965038467,-0.13426175598166792,-0.006881789839357715,-0.10647805454497643,0.13348416131058297,0.1343409716977127,-0.39507750618784526,0.6935464731735119,0.0
12.132132132132131,-0.3779979838862699,0.1523903436478437,0.6908843825138521,-0.131745699499731,-0.009279654841633605,-0.11989325011379445,0.13371454012957373,0.13509443169767163,-0.3931442160683094,0.6910701934548328,0.0
12.152152152152151,-0.37498022033845413,0.15088817739078622,0.6883142619237158,-0.1285060295068134,-0.010960002308169438,-0.0840173733267917,0.13422433234551326,0.13553397092230074,-0.391195405288294,0.6886061097559437,0.0
12.172172172172171,-0.37200184779974,0.14891862693570707,0.6858228521760031,-0.12457048738563205,-0.012369799291937177,-0.070489849188387,0.133686306170226,0.13521413458431242,-0.3892311507835118,0.6861543193546498,0.0
12.192192192192191,-0.36906924172146444,0.1466303039137788,0.6833972934944205,-0.12127793407913175,-0.0135341535056052,-0.05821771068340125,0.13325424204542122,0.13500046023680531,-0.38725153009936697,0.6837149190434378,0.0
12.212212212212211,-0.36618832451713446,0.14404586021649948,0.6810278841954093,-0.11847046495055807,-0.013645522981385895,-0.005568473789034745,0.1328668125376139,0.1342509159508595,-0.3852566213878945,0.681288005125655,0.0
12.232232232232231,-0.36336259880125626,0.1412862857939092,0.67869766120189,-0.1165111496759635,-0.01409447972505939,-0.022447837183674605,0.1328484163667609,0.13317277000193506,-0.3832465034046749,0.6788736734117078,0.0
12.252252252252251,-0.3605925310488231,0.138503387621658,0.6763903314798321,-0.11536648610289567,-0.015321138613845408,-0.06133294443930096,0.12939220126439316,0.1306034850323764,-0.38122125550572394,0.6764720192152778,0.0
12.272272272272271,-0.3578787250339953,0.13569030074139052,0.6740165857157545,-0.11868728820387905,-0.0164137961125621,-0.05463287493583437,0.13102671140711578,0.13258769198723813,-0.37918095764436105,0.6740831373495608,0.0
12.292292292292291,-0.35522627137396406,0.13262268300156319,0.6716300214934153,-0.1193282111169577,-0.017612381189811274,-0.059929253862459064,0.13175062695620454,0.13387282599048228,-0.3771256903680519,0.6717071221235218,0.0
12.312312312312311,-0.3526399685207929,0.12931514265855956,0.6692603393269712,-0.11848410832220879,-0.018326877410161757,-0.0357248110175241,0.13247322344587598,0.13476471826219286,-0.3750555348152297,0.669344067338174,0.0
12.332332332332332,-0.3501246233267917,0.12576725970006147,0.6669313519852774,-0.11644936708468673,-0.01875580053143497,-0.021446156063660876,0.132590339835338,0.13511086918749166,-0.3729705727120911,0.6669940662828743,0.0
12.352352352352352,-0.34768327166063784,0.12206758330769205,0.6646498250100449,-0.11407634876162644,-0.01850941749608666,0.012319151767415437,0.13303995601013596,0.1354365812990726,-0.37087088636936966,0.66465721173164,0.0
12.372372372372372,-0.3453176768559984,0.11827974023197313,0.662427158817001,-0.11113330965219606,-0.017779069404175278,0.036517404595569083,0.1323886982813298,0.13473715699957403,-0.36875655867908713,0.662333595939488,0.0
12.392392392392392,-0.34302635548585975,0.11456606850693242,0.6602433015390905,-0.10919286389552695,-0.016667253453097483,0.055590797553889695,0.1317561203883599,0.13403543066772194,-0.36662767311128003,0.6600233106387904,0.0
12.412412412412412,-0.340806164205008,0.11100956404258713,0.6580784981409844,-0.10824016990530408,-0.015002679175349613,0.08322871388739356,0.1314862250002081,0.1335711164294788,-0.3644843137107058,0.6577264470356556,0.0
12.432432432432432,-0.33865221499576764,0.10769746046201577,0.655921925117031,-0.1078286511976726,-0.013264417416210223,0.08691308795696955,0.1292171313974757,0.13310705279254847,-0.36232656509352346,0.6554430958063259,0.0
12.452452452452452,-0.3365578798843616,0.10471675557030166,0.6537331871360988,-0.109436899046604,-0.009268540635134102,0.1997938390538057,0.1298731419925103,0.13230687752362572,-0.3601545124439536,0.6531733470935976,0.0
12.472472472472472,-0.3345157943709359,0.10210427567128248,0.6515102721059907,-0.1111457515054094,-0.0048413200224799585,0.22136103063270737,0.13060234232554183,0.1326118844392605,-0.3579682415109155,0.6509172905032636,0.0
12.492492492492492,-0.3325104663621638,0.10026640043860727,0.6492687063381312,-0.11207828839297249,-0.0003997642053410461,0.2220777908569456,0.1310651206501021,0.1328726059971305,-0.3557678386046427,0.6486750151005755,0.0
12.512512512512512,-0.3305248841129539,0.0992791124604954,0.647019346215406,-0.11246800613625864,0.004193502144383574,0.22966331748623103,0.1315270279139449,0.13298870218636769,-0.35355339059327384,0.6464466094067263,0.0
12.532532532532532,-0.32854126220631824,0.09918109533178132,0.6447708067802148,-0.11242697175955842,0.008163448920629326,0.19849733881228754,0.13314491350670793,0.1345464768205914,-0.35132498489942465,0.6442321613953574,0.0
12.552552552552552,-0.3265414873131491,0.09998874465845867,0.6425700993666698,-0.11003537067725197,0.011575531202019273,0.17060411406949733,0.13267840800112776,0.1341858542406989,-0.34908270949673637,0.6420317584890844,0.0
12.572572572572572,-0.324510509776378,0.10154887683855203,0.6404048271693834,-0.10826360986431618,0.015240956747024133,0.18327127725024298,0.1327304038859614,0.13379199048296886,-0.34682665290640247,0.6398454875560465,0.0
12.592592592592592,-0.3224343914857063,0.10380591453358559,0.6382697596982695,-0.10675337355569363,0.01814414439212944,0.14515938225526528,0.13227864634050615,0.1335379125427823,-0.34455690419367424,0.6376734349064767,0.0
12.612612612612612,-0.3202989156753681,0.10677379051690965,0.6361542203426768,-0.10577696777963547,0.020514860442961552,0.1185358025416056,0.13207456992631167,0.13340149502356677,-0.3422735529643445,0.6355156862892943,0.0
12.632632632632632,-0.3180931483549844,0.1102883660191851,0.6340529591569852,-0.10506305928457943,0.022840764091326817,0.1162951824182631,0.13175722809014984,0.13208898768853952,-0.33997668936120956,0.6333723268887199,0.0
12.652652652652652,-0.31580786222667123,0.11426430641566092,0.631941645354107,-0.10556569014391147,0.023756359745723293,0.04577978271982411,0.13091648990853533,0.13193332123781648,-0.3376664040605121,0.6312434413209129,0.0
12.672672672672672,-0.31343506026522583,0.11864009807226912,0.6298053389102581,-0.10681532219244134,0.024640502416989514,0.044207133563310755,0.1316471398731525,0.1324812654667486,-0.33534278826836006,0.6291291136306305,0.0
12.692692692692692,-0.3109702887737107,0.12323857457575584,0.6276629236249821,-0.10712076426379911,0.024708640282497252,0.0034068932753870337,0.13171168656644458,0.1328873749774221,-0.33300593371712583,0.6270294272879089,0.0
12.712712712712712,-0.3084100504551825,0.12801191592640992,0.6255212982733634,-0.1070812675809344,0.024288937423074943,-0.02098514297111553,0.13199749845347977,0.1333438061168366,-0.3306559326618258,0.6249444651847701,0.0
12.732732732732732,-0.3057541481254274,0.13279511648775505,0.6233914545461131,-0.10649218636251684,0.02381905194065838,-0.023494274120828385,0.13246652161754083,0.13369986396525216,-0.3282928778764782,0.6228743096319481,0.0
12.752752752752752,-0.30300406075311753,0.13750436861549234,0.6212856473463259,-0.10529035998936512,0.023248693467773193,-0.028517923644259285,0.13255351476419813,0.13368825389991942,-0.3259168626504395,0.6208190423556392,0.0
12.772772772772772,-0.3001617512002293,0.14211547764441157,0.6192050202012964,-0.10403135725147294,0.02255359250303066,-0.034755048237126884,0.13262889699823618,0.1336696741820922,-0.3235279807847221,0.6187787444942761,0.0
12.792792792792792,-0.2972295401274584,0.14661055363854608,0.6171504485965595,-0.10272858023684496,0.021659679819939857,-0.04469563415454025,0.13270784340212918,0.1337043055291652,-0.321126326588292,0.616753496595325,0.0
12.812812812812812,-0.29421030982742047,0.15096151500189556,0.6151236577779331,-0.10133954093132351,0.020638992416995832,-0.05103437014720154,0.13263289458411864,0.13355105569678344,-0.31871199487434476,0.6147433786121053,0.0
12.832832832832834,-0.29110760784677825,0.15513509903211162,0.6131213241473785,-0.1001166815277307,0.01926382562245681,-0.06875833972695067,0.1323889007315008,0.13242297517190207,-0.3162850809565623,0.6127484699006331,0.0
12.852852852852854,-0.2879262578496614,0.15906749985584093,0.6111231915112013,-0.09990663180885896,0.01717855202396571,-0.10426367992455535,0.1308555438190636,0.13123041125167464,-0.31384568064535046,0.6107688492164884,0.0
12.872872872872874,-0.28467234053473456,0.1626958657463424,0.6090889921210149,-0.1017099695093249,0.014454049716638686,-0.13622511536635099,0.13185108895215428,0.13256457924936974,-0.3113938902440563,0.608804594711706,0.0
12.892892892892894,-0.2813535712976884,0.1659384618523068,0.6070534235095151,-0.10177843057499142,0.011521866468410724,-0.14660916241139804,0.1328262243473881,0.1336871830335771,-0.308929806545167,0.6068557839316904,0.0
12.912912912912914,-0.27798056582414793,0.16865027367702445,0.6050477346956367,-0.10028444069392248,0.008882525225394164,-0.131967062150828,0.13327659437537956,0.1339537614286965,-0.30645352682648824,0.6049224938121548,0.0
12.932932932932934,-0.27456488513943117,0.17078403423583674,0.6030826707217233,-0.09825319869567073,0.0064496280509592965,-0.12164485872174338,0.13362098673943218,0.13414162144463104,-0.30396514884730286,0.6030048006760824,0.0
12.952952952952954,-0.2711167699525504,0.17240575934403718,0.6011661855051339,-0.09582426082946889,0.0038885042283818747,-0.12805619112887112,0.13352797203931097,0.13411369315244553,-0.3014647708445123,0.6011027802307145,0.0
12.972972972972974,-0.26764595058257507,0.17354096849876596,0.5992965151302094,-0.09348351874622135,0.0012953446621652841,-0.12965797831082962,0.13366722614088322,0.13429303004355608,-0.2989524915287595,0.5992165075645618,0.0
12.992992992992994,-0.26416268435032025,0.1741633116127398,0.5974783868892551,-0.09090641204771237,-0.0011812946348308876,-0.12383196484980868,0.13342893731914487,0.1339958939006246,-0.2964284100805295,0.5973460571444389,0.0
13.013013013013014,-0.26067742726767096,0.17426285413246512,0.5957038449311325,-0.08872709790613509,-0.003424492446247452,-0.11215989057082826,0.13336163410889976,0.13380069278653778,-0.2938926261462366,0.5954915028125263,0.0
13.033033033033034,-0.2572001723478662,0.1738627459902389,0.5939689578536147,-0.08674435387589144,-0.005322254109978393,-0.09488808318654718,0.13213033831166193,0.1315670683460165,-0.2913452398342883,0.5936529177834532,0.0
13.053053053053054,-0.25373973621267554,0.17302180675953324,0.5922223336978079,-0.08733120779034442,-0.007533476426505589,-0.1105611158263598,0.12898705044354278,0.12872819387187245,-0.2887863517111338,0.591830374641408,0.0
13.073073073073074,-0.2503032348462191,0.1718250683228228,0.5903753271998526,-0.09235032489776353,-0.009596223144615838,-0.10313733590551233,0.13186571295780078,0.13162718763893433,-0.2862160627972956,0.590023945337274,0.0
13.093093093093094,-0.24689957458246226,0.17018301318784132,0.5885135743008992,-0.09308764494767209,-0.011679203409207594,-0.10414901322958804,0.13363389140503704,0.13357767813007163,-0.2836344745633782,0.5882337011857863,0.0
13.113113113113114,-0.24353726560758904,0.16811544874366108,0.5866921073634154,-0.09107334687419431,-0.013677874045231696,-0.09993353180120502,0.13438252315855936,0.13442005373972585,-0.28104168892606546,0.5864597128627191,0.0
13.133133133133134,-0.24022477198219866,0.16562468126951915,0.5849343650138235,-0.08788711747959604,-0.015528633825627353,-0.09253798901978297,0.13447044037968456,0.13459459830864456,-0.2784378082440939,0.5847020504020937,0.0
13.153153153153154,-0.23696987336206882,0.16274493100649237,0.5832440683716136,-0.08451483211049425,-0.017359897411378885,-0.09156317928757633,0.1343592387332955,0.13462356650177565,-0.2758229353142152,0.5829607831934145,0.0
13.173173173173174,-0.23378024755210478,0.15948129049820156,0.5816198219391701,-0.08121232162217362,-0.018625643370421885,-0.0632872979521501,0.13417021099237386,0.1342238461271489,-0.27319717336713445,0.5812359799789291,0.0
13.193193193193194,-0.23066329857142528,0.15584744903397477,0.5800527165765987,-0.07835526812856583,-0.01912351365007381,-0.024893513982595997,0.13393241927008703,0.13352812705803468,-0.27056062606343795,0.5795277088509154,0.0
13.213213213213214,-0.22762338186852785,0.15199583514487156,0.5785287747667011,-0.07619709049488546,-0.019601904551816745,-0.023919545087147224,0.13315919946958804,0.13279563178287407,-0.26791339748949816,0.5778360372489924,0.0
13.233233233233234,-0.22466224658563488,0.14805676414464836,0.5770256105343022,-0.07515821161993944,-0.01970960097545602,-0.005384821181963619,0.13219544037000797,0.1313669023298349,-0.265255592153367,0.5761610319574584,0.0
13.253253253253254,-0.22178102168436947,0.14406124506327062,0.575507725679286,-0.07589424275081305,-0.019795750387785555,-0.00430747061647689,0.13210893344868888,0.13131409418888168,-0.262587314980648,0.5745027591026541,0.0
13.273273273273274,-0.2189801939063499,0.14004138890097817,0.5739730582434908,-0.07673337178976167,-0.019625517284745687,0.008511655151993494,0.13243339573375704,0.13150225899883988,-0.2599086713103547,0.5728612841503524,0.0
13.293293293293294,-0.21625990567172246,0.13601441173137285,0.57242920632621,-0.07719259586403829,-0.019600779539760495,0.0012368872492597742,0.1324292520412208,0.1316374895059349,-0.257219766890753,0.5712366719031737,0.0
13.313313313313314,-0.2136199496291201,0.13199780213011844,0.5708781291528752,-0.07755385866674205,-0.019057411948328554,0.027168379571597047,0.1327861339836641,0.1316699932457352,-0.25452070787518555,0.5696289864980282,0.0
13.333333333333334,-0.21106030776691675,0.12798209311016692,0.5693255987823268,-0.07762651852741836,-0.018206758876589867,0.04253265358693441,0.13296557198506498,0.13161698093841045,-0.2518116008178805,0.5680382914035824,0.0
13.353353353353354,-0.2085788197179265,0.12407440244951345,0.567773526097947,-0.07760363421899258,-0.017223531413052943,0.04916137317684639,0.1330142845169011,0.13155789763231768,-0.24909255266974567,0.5664646494177551,0.0
13.373373373373374,-0.20617203203567983,0.12033938411233298,0.5662218150390632,-0.07758555294418715,-0.01623940911532863,0.04920611488621561,0.13277898267581842,0.13124482293620315,-0.24636367077414584,0.5649081226652373,0.0
13.393393393393394,-0.20383621293316243,0.11679095512587002,0.5646624067239239,-0.07797041575696978,-0.014952922251984671,0.06432434316719768,0.13324521367624106,0.13142837194757798,-0.24362506286266597,0.5633687725950398,0.0
13.413413413413414,-0.20156758737065478,0.11343127812538217,0.5631049942577356,-0.07787062330941341,-0.013608297399557765,0.06723124262134537,0.13354371774162052,0.13155102859112264,-0.24087683705085763,0.5618466599780683,0.0
13.433433433433434,-0.1993610159151641,0.11032857277453283,0.5615558896745412,-0.07745522915972124,-0.012483422547174085,0.0562437426191843,0.13332369706394018,0.13131925055586627,-0.23811910183396973,0.5603418449047219,0.0
13.453453453453454,-0.19721090171166733,0.10750571017483984,0.5600084646771211,-0.07737124987100787,-0.01176905019490027,0.035718617613691155,0.1337085859757084,0.13184694453950227,-0.23535196608266623,0.5588543867825233,0.0
13.473473473473474,-0.19511301293176586,0.10489443899507402,0.5584762910588547,-0.07660868091332253,-0.011284155069579653,0.02424475626603104,0.13398018402654457,0.1321770674259682,-0.2325755390387293,0.5573843443337725,0.0
13.493493493493494,-0.1930647486416859,0.10241321450399728,0.5569682997088241,-0.07539956750152872,-0.01081713471784313,0.0233510175868261,0.13412978947054632,0.13224432780684192,-0.22978993031074382,0.5559317755932277,0.0
13.513513513513514,-0.191064181013001,0.10002838143424556,0.5554877001524814,-0.07402997781713552,-0.010440841599289583,0.018814655927677792,0.13427746201079063,0.1323742621360173,-0.22699524986977346,0.5544967379058161,0.0
13.533533533533534,-0.18910917568477995,0.0977502664110519,0.5540385972730434,-0.07245514397190117,-0.010482318570140049,-0.0020738485425229776,0.13651814797373207,0.13485190609914824,-0.22419160804501637,0.5530792879243682,0.0
13.553553553553554,-0.18719881867825083,0.09551785032645581,0.5526908727025398,-0.06738622852518142,-0.010874273326678818,-0.01959773782693788,0.13534345617001697,0.13387203666955577,-0.2213791155194508,0.551679481607382,0.0
13.573573573573574,-0.1853330332363734,0.09328927209387163,0.551412510900265,-0.06391809011374017,-0.01131537132835475,-0.022054900083796614,0.13465852197178527,0.1332025479490327,-0.21855788332546666,0.5502973742168146,0.0
13.593593593593594,-0.1835133081697601,0.09098625333066426,0.550183364962304,-0.061457296898050226,-0.011594470270151504,-0.013954947089837275,0.1342689019027362,0.13270745313825041,-0.21572802284047946,0.5489330203158986,0.0
13.613613613613614,-0.18174129255698984,0.08860078063851404,0.5489902623618372,-0.059655130023338,-0.011700488673431651,-0.005300920164007001,0.1340150955145051,0.13232605947272108,-0.21288964578253647,0.5475864737669903,0.0
13.633633633633634,-0.1800179665016662,0.08616630276618117,0.547823745865332,-0.058325824825263495,-0.011704863310664098,-0.00021873186162198535,0.1316779929631591,0.12980046777455131,-0.21004286420590307,0.5462577877294414,0.0
13.653653653653654,-0.17834260968945131,0.08376784061074503,0.5466117494990311,-0.06059981831504124,-0.012024426815636704,-0.01597817524863002,0.13256133594897218,0.13091910685034722,-0.20718779049664218,0.5449470146575022,0.0
13.673673673673674,-0.17671569523236988,0.08134572285407161,0.5453839695550877,-0.06138899719716937,-0.012312786659191936,-0.014417992177761216,0.1331372386332701,0.13151356918294912,-0.2043245373681744,0.5436542062982486,0.0
13.693693693693694,-0.17513832508041485,0.07886850759775181,0.5441577412011211,-0.061311417698329936,-0.012883307487980765,-0.02852604143944118,0.13342290585374095,0.1320644803619024,-0.2014532178568314,0.5423794136895412,0.0
13.713713713713714,-0.17361170660360362,0.07633092384056218,0.5429454401510977,-0.06061505250117367,-0.013556819381640085,-0.03367559468296583,0.13358769870957224,0.13239553268010698,-0.19857394531739014,0.5411226871580094,0.0
13.733733733733734,-0.17213826886112038,0.07367188712416217,0.5417543687739552,-0.05955356885712629,-0.014057624953589793,-0.025040278597485373,0.13368348750342843,0.13251297586089192,-0.1956868334186012,0.5398840763170648,0.0
13.753753753753754,-0.17072058009993768,0.07088443805913458,0.5405876294381003,-0.058336966792743326,-0.014452924126490463,-0.019764958645033307,0.13363150254165132,0.13253904857504104,-0.19279199613869846,0.5386636300649427,0.0
13.773773773773774,-0.16936065503727332,0.06799625313321822,0.5394447869842861,-0.05714212269071048,-0.014581009143396885,-0.006404250845320673,0.13339005441283977,0.13229394506345338,-0.18988954776090053,0.537461396582771,0.0
13.793793793793794,-0.16805961957713256,0.0650517730070386,0.5383185881716073,-0.05630994063394315,-0.014733359230502778,-0.007617504355294825,0.133299250892328,0.1323807925361671,-0.18697960286889995,0.5362774233326693,0.0
13.813813813813814,-0.166818353815174,0.06206328809792902,0.5372089500771592,-0.05548190472240194,-0.014322110885531482,0.020562417248564623,0.13346868084471367,0.13233284179366,-0.1840622763423389,0.5351117570558743,0.0
13.833833833833834,-0.16563668752019078,0.059083314749160454,0.5361176465428266,-0.054565176716629145,-0.01429266622987495,0.0014722327828267934,0.13191729579672032,0.13199182021505196,-0.18113768335227293,0.5339644437708946,0.0
13.853853853853854,-0.16451288991766339,0.056189880126369975,0.5350166499633094,-0.05504982897585356,-0.013321506351349006,0.048557993926296936,0.1316056531253451,0.13122287515142836,-0.17820593935662563,0.5328355287716942,0.0
13.873873873873874,-0.16344615130733953,0.053336930516192774,0.5338899617391412,-0.05633441120841599,-0.012204442364677274,0.055853199333586435,0.13249693649871835,0.13212370480267874,-0.17526716009562956,0.5317250566259039,0.0
13.893893893893894,-0.1624332697291077,0.05064407891159068,0.5327642027392908,-0.056287949992516254,-0.010651120111045648,0.07766611268158091,0.1333300460398858,0.13276057062018756,-0.17232146158725833,0.5306330711730629,0.0
13.913913913913914,-0.16146994007396867,0.04816648275695255,0.531661202168344,-0.05515002854734122,-0.00896851168667888,0.08413042121833787,0.13366751700225876,0.1330378306676803,-0.16936896012264568,0.5295596155228872,0.0
13.933933933933934,-0.16054991910365252,0.04600104851580819,0.5305901148232973,-0.053554367252332,-0.007383244418086838,0.079263363429602,0.13345128090988898,0.1329311750000123,-0.1664097722614935,0.5285047320535678,0.0
13.953953953953954,-0.1596664358028016,0.044174165042546246,0.5295461928841924,-0.052196096955249814,-0.005850353839262027,0.07664452894124005,0.13356445154407756,0.13314851309364298,-0.16344401482747117,0.5274684624100976,0.0
13.973973973973974,-0.15881310005720362,0.042666787279899004,0.5285343586721095,-0.050591710604141533,-0.004427604000353889,0.07113749194540638,0.1331199956369112,0.13282483054118557,-0.16047180490360488,0.5264508475026279,0.0
13.993993993993994,-0.1579834841638397,0.041480794668195306,0.5275432434248597,-0.049555762362492116,-0.0033011323659223077,0.05632358172157846,0.1332826656097667,0.13326076812506085,-0.1574932598276523,0.5254519275048526,0.0
14.014014014014014,-0.15717196440537495,0.04057598792323703,0.5265817252162196,-0.04807591043200362,-0.002288845598477503,0.05061433837223957,0.1329454441054262,0.1330509201787475,-0.15450849718747378,0.5244717418524232,0.0
14.034034034034034,-0.15637432805246154,0.039881817645670774,0.5256416900201711,-0.04700175980242058,-0.0010055155257959985,0.06416650363407449,0.1278385028429858,0.1307190408566753,-0.15151763481638725,0.5235103292413907,0.0
14.054054054054054,-0.15558613582291023,0.03940961147756572,0.5246129253040083,-0.05143823580814304,0.0025804465064268524,0.17929810161114174,0.11754230432008103,0.1189015028865894,-0.1485207907885175,0.5225677276266785,0.0
14.074074074074074,-0.15480195050334197,0.03920926597841207,0.5231679063776361,-0.07225094631860654,0.007061488630966891,0.22405210622700092,0.12697341037567345,0.12752651385861877,-0.14551808341413613,0.5216439742205848,0.0
14.094094094094094,-0.15400830972744947,0.03968203879462443,0.5215744951909608,-0.0796705593337675,0.011571838222730913,0.22551747958820012,0.1328281075351492,0.13303250847163733,-0.14250963123498805,0.520739105491312,0.0
14.114114114114114,-0.1531873271567021,0.04104912853736841,0.520001049784499,-0.07867227032308738,0.016019449841512975,0.22238058093910187,0.13822416279616767,0.13802350576018066,-0.1394955530196148,0.5198531571615286,0.0
14.134134134134134,-0.15231937096064072,0.0433978098030692,0.5186012588770732,-0.06998954537128788,0.019969910564617957,0.197523036155248,0.13934038416367017,0.13904563865443928,-0.13647596775866255,0.5189861642069571,0.0
14.154154154154154,-0.15138555470360088,0.04669081285199199,0.5174063882229646,-0.05974353270542831,0.023134284463901866,0.15821869496419405,0.1391535962110307,0.13896164599511557,-0.1334509946601879,0.5181381608549952,0.0
14.174174174174174,-0.15036966308346172,0.05079458100695799,0.516411950215766,-0.04972190035992695,0.025539473707119138,0.12025946216086182,0.138364976458773,0.13838238113640347,-0.13042075314494833,0.517309180583363,0.0
14.194194194194194,-0.14925935056360043,0.055515625993065094,0.5155972280693009,-0.04073610732325805,0.027508079814801266,0.098430305384105,0.1372252300518388,0.1372403419269787,-0.12738536284169116,0.5164992561187824,0.0
14.214214214214214,-0.14804511774710183,0.0607116408249298,0.514928033169343,-0.033459744997894184,0.028459369608695516,0.04756448969471051,0.13616688768386553,0.13659084074279781,-0.12434494358242722,0.5157084194356845,0.0
14.234234234234235,-0.14671987765299585,0.06626200470529861,0.514378737222898,-0.02746479732225345,0.028851431828167375,0.01960311097359143,0.1374897228542143,0.14055705441820177,-0.12129961539770373,0.5149367017549471,0.0
14.254254254254255,-0.1452775059782255,0.07211858373851707,0.5140274557127761,-0.01756407550609272,0.03065197034968008,0.09002692607563273,0.12532749362853876,0.1271855185443028,-0.11824949851186255,0.5141841335426631,0.0
14.274274274274275,-0.1437277584245781,0.07748737768237046,0.5134958527229687,-0.026580149490366224,0.033244300572052944,0.1296165111186403,0.13112908151377448,0.13212188443266992,-0.11519471333829526,0.5134507445089367,0.0
14.294294294294295,-0.14205868018438367,0.0834539120097215,0.5129428921920755,-0.027648026544661402,0.035492000931697375,0.11238501798221873,0.1335576888422552,0.13432829397373267,-0.11213538047469031,0.5127365636067114,0.0
14.314314314314315,-0.1402579395029948,0.09003703406944223,0.5124369012885478,-0.025299545176383238,0.03716376123845273,0.08358801533776518,0.1343904886933142,0.1350858973505785,-0.10907162069827119,0.5120416190306263,0.0
14.334334334334335,-0.13831642905201794,0.0970755225488439,0.5120010815772776,-0.02179098556350917,0.03871624486634743,0.0776241813947309,0.13548338408230273,0.1357946161204725,-0.10600355496102742,0.5113659382159033,0.0
14.354354354354355,-0.13622615273615493,0.10451381579314968,0.5116618035005709,-0.01696390383533699,0.03938151792231853,0.03326365279855281,0.13577157595510134,0.13621312940633215,-0.10293130438494096,0.5107095478372641,0.0
14.374374374374375,-0.13398090675832186,0.11226229889165355,0.5114292090725175,-0.011629721402667562,0.03955622799148643,0.008735503458390817,0.1346181025904301,0.13496827840507486,-0.09985499025720355,0.5100724738078766,0.0
14.394394394394395,-0.13157920178999602,0.12008524841629209,0.5112675973761747,-0.00808058481714568,0.03881372325181924,-0.037125236983362266,0.13330563566193568,0.13387117836624393,-0.09677473402542994,0.5094547412783329,0.0
14.414414414414415,-0.1290220754085183,0.12785631907388606,0.5111412092877622,-0.006319404420624871,0.03749449278828066,-0.06596152317693378,0.13223542647370012,0.13285356880125043,-0.09369065729286231,0.5088563746356556,0.0
14.434434434434435,-0.12631382689455192,0.13541242569831785,0.5110192217921515,-0.006099374780534305,0.03564865240990151,-0.09229201891896163,0.13180874887529692,0.13205756891051046,-0.09060288181356888,0.5082773975023351,0.0
14.454454454454455,-0.12346067623374822,0.1426575330401852,0.510883728270373,-0.006774676088926455,0.033189528423052554,-0.12295619934245236,0.13127099231618264,0.13166054408778752,-0.08751152948763798,0.5077178327353973,0.0
14.474474474474475,-0.12047019843670197,0.14952388985231282,0.5107211657934315,-0.008128123847074627,0.029957005012759115,-0.16162617051467618,0.13073363119491097,0.13143832680856918,-0.08441672235636707,0.5071777024255011,0.0
14.494494494494495,-0.11735267942820982,0.15587595042460764,0.5105206428286069,-0.010026148241231034,0.026398455423574156,-0.17792747945925272,0.13033381685107515,0.13110673692331332,-0.0813185825974417,0.5066570278960659,0.0
14.514514514514515,-0.1141207850165335,0.16159472058381577,0.51027176091364,-0.012444095748343199,0.022233767911717512,-0.20823437559283686,0.13017061908612515,0.13125168152593478,-0.07821723252011552,0.5061558297024311,0.0
14.534534534534535,-0.11078864896867952,0.166606802392699,0.5099746839459836,-0.014853848382825493,0.01793526901351566,-0.21492494491009764,0.1272284907111145,0.1299070859352059,-0.07511279456037881,0.505674127631043,0.0
14.554554554554555,-0.10737366074638553,0.17074941111469907,0.509566358807919,-0.020416256903229322,0.01453170339810495,-0.17017828077054076,0.12695151642329913,0.12914266995748713,-0.07200539127612612,0.5052119406986746,0.0
14.574574574574575,-0.10389255117533046,0.17405547855275377,0.5090317942536126,-0.02672822771532109,0.011625744701645844,-0.14529793482296083,0.12892572979357741,0.13081512376682428,-0.06889514534231926,0.5047692871516745,0.0
14.594594594594595,-0.10035729715488771,0.1767627010221372,0.5084253390178659,-0.030322761787333723,0.008757932338668943,-0.1433906181488506,0.13023443891623834,0.13213134739625867,-0.06578217954614124,0.5043461844652467,0.0
14.614614614614615,-0.09677924077269008,0.17890281910988143,0.507786093826109,-0.031962259587845335,0.006478076632769754,-0.11399278529496489,0.13122250880292127,0.13274529182628644,-0.0626666167821523,0.5039426493427611,0.0
14.634634634634635,-0.09316929760208681,0.18049715853016393,0.5071379370781867,-0.032407837396116204,0.004418794414640651,-0.10296411090646071,0.13245700063652405,0.1338025985377613,-0.059548580047434796,0.5035586977150932,0.0
14.654654654654655,-0.08953647207741451,0.18164127623361487,0.5065148978311221,-0.03115196235322436,0.0027074395695753537,-0.08556774225327037,0.13264754770290896,0.1337359477925878,-0.056428192436740965,0.5031943447399958,0.0
14.674674674674675,-0.08588836375244878,0.1824054162482865,0.5059188325001158,-0.029803266550312964,0.0006117738857268797,-0.10478328419242908,0.13283774174467933,0.13415822607144612,-0.05330557713762983,0.5028496048015005,0.0
14.694694694694695,-0.08223187197209184,0.18282458901784732,0.5053588134773435,-0.028000951138616528,-0.0015302412113390484,-0.10710075485330164,0.13272058736347114,0.13408606445029808,-0.05018085742560752,0.5025244915093499,0.0
14.714714714714715,-0.07857512371396866,0.18283741290615851,0.5048320157313763,-0.02633988729835864,-0.003849422632169345,-0.11595907104151988,0.13268923547043593,0.1342083609419957,-0.04705415665925698,0.50221901769846,0.0
14.734734734734735,-0.07492707924913461,0.18240222324170238,0.5043397511096535,-0.024613231086140178,-0.005742416389652611,-0.09464968787416794,0.13280962205063682,0.1340995301328489,-0.043925598275371604,0.5019331954284137,0.0
14.754754754754755,-0.07129675357176084,0.18151628386868865,0.5038821331479448,-0.022880898085430375,-0.007533814731858241,-0.08956991711028613,0.13300103611086056,0.13427442168901987,-0.04079530578407899,0.5016670359829851,0.0
14.774774774774775,-0.06769234612035215,0.18022037257043486,0.5034645193853947,-0.0208806881275042,-0.008552875967885357,-0.050953061801359806,0.1329196546614627,0.13372098561613413,-0.037663402763966326,0.5014205498696931,0.0
14.794794794794795,-0.06412033246290613,0.17860068287230033,0.5030774199306355,-0.019354972737961898,-0.009680487042331959,-0.05638055372233387,0.1324987363273365,0.13338718734688082,-0.03453001285720262,0.5011937468193874,0.0
14.814814814814815,-0.0605847176549314,0.1767807403987367,0.5027095924361163,-0.018391374725955652,-0.010738595561250765,-0.052905425945943545,0.13263464499541017,0.13350059584629606,-0.031395259764656604,0.5009866357858642,0.0
14.834834834834835,-0.05708965337611563,0.17475321394078824,0.5023646710735111,-0.01724606813026091,-0.012021929419575925,-0.06416669291626076,0.13268826343308204,0.13425297746507206,-0.02825926724101237,0.5007992249455124,0.0
14.854854854854855,-0.05363974882111423,0.17249522775006973,0.5020545311336,-0.015506996995557324,-0.01262815410283199,-0.030311234162805456,0.13241484260273317,0.13360634226467288,-0.025122159089885084,0.5006315216969912,0.0
14.874874874874875,-0.05024011517179882,0.16998168246577053,0.5017654520764337,-0.0144539528583117,-0.012614676984036725,0.0006738559397616375,0.13261040351633055,0.13343776352794745,-0.021984059158932506,0.5004835326609376,0.0
14.894894894894895,-0.04689242659258241,0.16738442896082054,0.501497783793238,-0.013383414159790004,-0.012917246654748232,-0.01512848353557657,0.1323814814209683,0.13348512462904358,-0.018845091334967076,0.5003552636797053,0.0
14.914914914914915,-0.04359716608834327,0.16476302521195674,0.5012488167521354,-0.012448352055128908,-0.01270873942131148,0.010425361671837042,0.1324633090204718,0.1333119533906034,-0.01570537953906415,0.5002467198171342,0.0
14.934934934934935,-0.04035540893470335,0.162087857681996,0.5010171646052914,-0.011582607342195315,-0.012234789373400206,0.023697502395563758,0.13253058589045608,0.1332560692623744,-0.012565047721668937,0.50015790535835,0.0
14.954954954954955,-0.03716639335782946,0.15945077884369452,0.500802989992444,-0.010708730642370306,-0.011483848725068234,0.037547032416599346,0.1324920637189915,0.13309996267761262,-0.009424219857704037,0.5000888238095955,0.0
14.974974974974975,-0.03402794421541443,0.15692245712075162,0.5006034162995913,-0.009978684642638612,-0.010760525628271908,0.036166154839817485,0.13232943122963428,0.13301329178739024,-0.0062830199416764486,0.5000394778980919,0.0
14.994994994994995,-0.030937418576092696,0.15452628196608653,0.5004147714692099,-0.009432241519072184,-0.009610527556353901,0.05749990359590236,0.13250572160468985,0.1329722542344794,-0.003141571982779372,0.5000098695719315,0.0
15.015015015015015,-0.02789238073808653,0.1522518919003083,0.5002390802709231,-0.008784559914334982,-0.007786967712422269,0.09117799219658398,0.13244521588904634,0.13249040635325557,-9.184850993605148e-17,0.5,0.0
15.035035035035035,-0.024887583476012158,0.15023986310371854,0.5000683419837866,-0.00853691435682723,-0.0062061484230141765,0.07904096447040777,0.13777145079122294,0.136429052503957,0.0031415719827791884,0.5000098695719315,0.0
15.055055055055055,-0.021916866940904608,0.14853582675537758,0.5000398673603668,-0.0014237311709904008,-0.006006309469308615,0.009991947685281902,0.1375925941058705,0.13716758425260783,0.0062830199416762655,0.5000394778980919,0.0
15.075075075075075,-0.01897439313034884,0.14712369052778854,0.5001618616708571,0.006099715524513774,-0.005904553424197442,0.005087802255563106,0.13553655991530697,0.1351985550193289,0.009424219857703853,0.5000888238095955,0.0
15.095095095095095,-0.016058809669521765,0.1457791730413537,0.5003745622588553,0.01063502939991165,-0.005977554647203311,-0.003650061150288375,0.13416068387847394,0.13396798043590621,0.012565047721668754,0.50015790535835,0.0
15.115115115115115,-0.013169427135859127,0.14446912668313183,0.5006392750789449,0.013235641004476356,-0.00613407046480376,-0.00782579088001666,0.1330140587514828,0.1329145830467006,0.015705379539063966,0.5002467198171342,0.0
15.135135135135135,-0.010306946068459765,0.1431240533699681,0.5009233586040661,0.014204176256061053,-0.0056892661861710795,0.022240213931640492,0.1328953239002344,0.13243029083151364,0.018845091334967336,0.5003552636797054,0.0
15.155155155155155,-0.007471709269013303,0.1417618399723231,0.5012178580725309,0.014724973423239465,-0.005120703730002298,0.028428122808446,0.13277770084957732,0.13222994138837113,0.021984059158932322,0.5004835326609376,0.0
15.175175175175175,-0.0046618046235186875,0.14049523227473076,0.5015180639686173,0.015010294804318253,-0.0045997832809242176,0.02604602245391177,0.13258818623534646,0.13208367101009164,0.0251221590898849,0.5006315216969912,0.0
15.195195195195195,-0.0018751901448854687,0.13933072393166093,0.5018190089095587,0.015047247047070224,-0.0038579848487778844,0.037089921607325195,0.13260291949979786,0.1319621834097647,0.028259267241012187,0.5007992249455124,0.0
15.215215215215215,0.0008901877121636759,0.13826889285245722,0.5021191208967166,0.015005599357899593,-0.0029846402528822214,0.043667229794792393,0.13298422581327882,0.13225719476011746,0.03139525976465686,0.5009866357858642,0.0
15.235235235235235,0.0036373095764489567,0.13735609321426404,0.5024284326860502,0.01546558946668046,-0.002135791055940011,0.042442459847120556,0.1270451761162245,0.1296890660352248,0.03453001285720288,0.5011937468193874,0.0
15.255255255255255,0.006370158752229493,0.1366424587890268,0.5026209161358068,0.009624172487830693,0.0012336948482261634,0.16847429520831905,0.11988331068401499,0.12106641082845811,0.037663402763966146,0.5014205498696931,0.0
15.275275275275275,0.00909206273581558,0.13609519917930438,0.5024628418678354,-0.007903713398573538,0.006356356485540283,0.25613308186571687,0.12697610893209152,0.12659810316985257,0.040795305784078806,0.5016670359829851,0.0
15.295295295295295,0.011815397573370029,0.13616674187772243,0.5021415634340759,-0.016063921687974034,0.011878223945673883,0.27609337300669157,0.13477940648806472,0.1338972291701372,0.04392559827537187,0.5019331954284139,0.0
15.315315315315315,0.014560561544463104,0.13725819855465382,0.5018808914558472,-0.013033598911431191,0.01765144084233614,0.2886608448331254,0.13754330270115922,0.13597030996585743,0.047054156659257246,0.50221901769846,0.0
15.335335335335335,0.017350432168046624,0.139493531179176,0.5017522244352178,-0.006433351031468134,0.023055159527092202,0.2701859342378173,0.13895954860695658,0.13703568937727909,0.050180857425607336,0.5025244915093499,0.0
15.355355355355355,0.020209230966934687,0.14293993994440315,0.5017918560956419,0.0019815830212045627,0.027589800312506633,0.22673203927073662,0.13937706822637547,0.13743001709162278,0.05330557713762965,0.5028496048015005,0.0
15.375375375375375,0.02315860327862736,0.14746861558463373,0.5020112073924908,0.01096756484244447,0.031868607881959804,0.2139403784726748,0.13936376459061647,0.1368937330893873,0.056428192436740784,0.5031943447399958,0.0
15.395395395395395,0.026216799527702252,0.15290981245374466,0.5024015033499867,0.0195147978747943,0.035493835953990055,0.18126140360153084,0.13870538167852373,0.13594126251629157,0.05954858004743506,0.5035586977150932,0.0
15.415415415415415,0.029401016202049365,0.15921083371735556,0.5029382121143805,0.026835438219689287,0.037681597024645616,0.10938805353279865,0.13789694334466857,0.1355329299226309,0.06266661678215212,0.503942649342761,0.0
15.435435435435435,0.03272477241457802,0.1661878106264326,0.5036026837606387,0.033223582312906355,0.039189136540910684,0.07537697581327521,0.13337619398219325,0.13125631186130396,0.06578217954614106,0.5043461844652467,0.0
15.455455455455455,0.03619195128371462,0.1733589434568304,0.504264232285959,0.03307742626601369,0.040128776450106235,0.04698199545980102,0.13402369376305437,0.1318469445679266,0.06889514534231908,0.5047692871516745,0.0
15.475475475475475,0.039808718966219514,0.18083838412524458,0.5049409582273215,0.033836297068131134,0.04075341821499534,0.031232088244481093,0.13408319457080758,0.13174573005992438,0.07200539127612593,0.5052119406986745,0.0
15.495495495495495,0.04357866825843236,0.18849746461064243,0.5056320790192135,0.03455603959459701,0.04085693414151269,0.005175796325894908,0.13380603166245872,0.13146549059004994,0.07511279456037863,0.505674127631043,0.0
15.515515515515515,0.04750348384126598,0.19624077914168084,0.5063292263775637,0.034857367917510935,0.04070110092499529,-0.007791660825839701,0.13348382898510505,0.13099202883317096,0.07821723252011534,0.5061558297024311,0.0
15.535535535535535,0.05158290818182164,0.20397121702778304,0.5070205958978059,0.03456847601210973,0.0401778946167746,-0.026160315411001323,0.13634648907135036,0.13227268357546265,0.08131858259744151,0.5066570278960659,0.0
15.555555555555555,0.05581913755290636,0.21181146855423594,0.5077675454364835,0.03734747693387865,0.0375531807440109,-0.13123569363815044,0.13311116470936663,0.13027294306651674,0.0844167223563669,0.507177702425501,0.0
15.575575575575575,0.06020671091746664,0.21937866822801433,0.508492606681722,0.03625306226192687,0.03390351200915882,-0.1824834367425658,0.13229196145529803,0.13012528465304607,0.0875115294876378,0.5077178327353973,0.0
15.595595595595595,0.0647346471411915,0.22639681118624275,0.5091818808576777,0.0344637087977811,0.029805108192454237,-0.20492019083518936,0.1322574530109747,0.13046218374181828,0.0906028818135687,0.5082773975023351,0.0
15.615615615615615,0.06938924356317534,0.23272982109919252,0.5098403834094152,0.03292512758687651,0.025079635185156168,-0.23627365036486087,0.1324384719325597,0.1312030181692263,0.09369065729286213,0.5088563746356556,0.0
15.635635635635635,0.07415411427510775,0.23824353559662045,0.5104823004696536,0.0320958530119188,0.020867350158243567,-0.2106142513455853,0.12799356639248546,0.12575104035524895,0.0967747340254302,0.509454741278333,0.0
15.655655655655655,0.07900709029620391,0.24264880105480804,0.5109615777265903,0.023963862846840198,0.016278287852906193,-0.2294531152668213,0.12862265802520287,0.12685124866686345,0.09985499025720337,0.5100724738078766,0.0
15.675675675675675,0.08393313597179962,0.24630228377978572,0.5113043526815573,0.01713874774834869,0.0113352825473035,-0.24715026528008466,0.13171494959303667,0.13046360850717922,0.10293130438494077,0.510709547837264,0.0
15.695695695695695,0.0889162731614129,0.24915685948066427,0.5116103978971649,0.01530226078038113,0.006597998078647088,-0.23686422343276853,0.13353402137943357,0.1324720359438456,0.10600355496102724,0.5113659382159033,0.0
15.715715715715715,0.0939379626257323,0.25108447321597005,0.5119367144646727,0.01631582837539131,0.0021362418513910875,-0.22308781136274547,0.13420000461623183,0.1333158108245837,0.10907162069827145,0.5120416190306263,0.0
15.735735735735735,0.09897961557501016,0.25208264746389303,0.512305815294296,0.018455041481162164,-0.0018858672970392312,-0.20110545742145902,0.13503485699661028,0.13419560846641318,0.11213538047469057,0.5127365636067114,0.0
15.755755755755755,0.10402361157934058,0.25219980021652094,0.5127431365962215,0.021866065096275984,-0.005464204011067835,-0.17891683570137062,0.13540462785203788,0.13458880411844737,0.11519471333829508,0.5134507445089367,0.0
15.775775775775776,0.10905402403790526,0.2515206229282345,0.5132599150592708,0.025838923152465516,-0.00871920177001797,-0.16274988794744472,0.13535646892049955,0.13464182144283549,0.11824949851186237,0.514184133542663,0.0
15.795795795795796,0.11405667016495225,0.2501323063523494,0.5138560905254678,0.02980877330984943,-0.011683784989225787,-0.1482291609603259,0.13540329813505275,0.13480685685829516,0.12129961539770398,0.5149367017549471,0.0
15.815815815815816,0.11901863009708105,0.24809799660644002,0.5145346301499276,0.03392698122299451,-0.014357316718504329,-0.13367658646385966,0.1351512118212659,0.13465333969336232,0.12434494358242747,0.5157084194356845,0.0
15.835835835835836,0.12392806049819252,0.24547152005557338,0.5152893226598155,0.03773462549439689,-0.016567662397337632,-0.11051728394159491,0.13560312887786152,0.135582800035172,0.12738536284169097,0.5164992561187824,0.0
15.855855855855856,0.12877413502456858,0.24230372631880256,0.5161404167188828,0.04255470295336036,-0.018023751692450376,-0.07280446475556432,0.1354561840254138,0.13515649432428675,0.13042075314494816,0.517309180583363,0.0
15.875875875875876,0.13354811652044699,0.2386990747939207,0.5170791889073901,0.04693860942536997,-0.018877790363127173,-0.04270193353376356,0.134716043797011,0.1341986852801145,0.13345099466018773,0.5181381608549951,0.0
15.895895895895896,0.13824508352423548,0.23484835018942415,0.5180803022078382,0.05005566502240129,-0.01968141304198965,-0.040181133943044955,0.13381080202901707,0.13341030351843372,0.1364759677586628,0.5189861642069571,0.0
15.915915915915916,0.1428621129506979,0.23085147132312028,0.5191185481129577,0.05191229525597166,-0.02025705363687716,-0.028782029744293232,0.13371826439787543,0.1333342437973365,0.1394955530196146,0.5198531571615285,0.0
15.935935935935936,0.1473962740766482,0.22670805629751561,0.520191334109359,0.053639299820070374,-0.020699428817374098,-0.02211875902476163,0.13358872529883167,0.1332741937899569,0.14250963123498786,0.520739105491312,0.0
15.955955955955956,0.15184544367828173,0.22245848008167568,0.521295775531883,0.055222071126196925,-0.020953793320325636,-0.012718225147487989,0.13369115555286737,0.13341259680023182,0.14551808341413597,0.5216439742205847,0.0
15.975975975975976,0.15620812766587996,0.21813419937991177,0.5224353757992214,0.05698001336692204,-0.02122295658083569,-0.013458163025410941,0.1335213582231438,0.13340729640601953,0.14852079078851732,0.5225677276266785,0.0
15.995995995995996,0.16048328426409317,0.2137578299106602,0.5236074893298471,0.058605676531285185,-0.021185475593247433,0.0018740493795086771,0.1336203502313666,0.13345610913012024,0.15151763481638708,0.5235103292413906,0.0
16.016016016016017,0.16466997768201092,0.2093346708958877,0.5248142545806804,0.0603382625416665,-0.02095761264514525,0.011393147405207487,0.1337555119089031,0.1336364622427964,0.15450849718747361,0.5244717418524232,0.0
16.036036036036037,0.16876859132814753,0.2049306823068302,0.5260603177326794,0.06230315759994721,-0.020740494082486495,0.01085592813303962,0.1340226642625527,0.13300048024226646,0.1574932598276521,0.5254519275048526,0.0
16.056056056056057,0.17278059624172948,0.20060024567909673,0.5273402002276768,0.06399412474986983,-0.02161785218778188,-0.0438679052646643,0.13152273305262766,0.13129391721875291,0.16047180490360471,0.5264508475026278,0.0
16.076076076076077,0.17670754524819604,0.19634745032332793,0.5285915858096841,0.062569279100368,-0.02224885493323781,-0.03155013727268722,0.13254487943818463,0.13238524180743264,0.163444014827471,0.5274684624100975,0.0
16.096096096096097,0.18054606400009116,0.19192593759475585,0.5298457375872685,0.06270758887921876,-0.023210730559642994,-0.048093781320147966,0.1328915008659538,0.13318355557482733,0.16640977226149334,0.5285047320535678,0.0
16.116116116116117,0.18429375881027504,0.18738474050919376,0.5311195605593942,0.06369114860628516,-0.024511795389920203,-0.06505324151374811,0.13313638087937285,0.1338991226965797,0.16936896012264593,0.5295596155228873,0.0
16.136136136136138,0.18794656166445095,0.18264014270879556,0.5324271787246924,0.06538090826490658,-0.025728943272630627,-0.06085739413540929,0.13303286059905647,0.1340840909135246,0.17232146158725858,0.5306330711730629,0.0
16.156156156156158,0.19149909882617952,0.1776268580864291,0.5337696472687888,0.06712342720482521,-0.026323773871463178,-0.029741529941515285,0.13310776484833955,0.13407883418012428,0.17526716009562937,0.5317250566259037,0.0
16.176176176176178,0.19494705707715101,0.172397912548575,0.5351478478013076,0.06891002662593745,-0.026794870580360765,-0.023554835444769284,0.13280484994763558,0.13399082119325226,0.17820593935662546,0.5328355287716939,0.0
16.196196196196198,0.1982879822817286,0.16704626022887856,0.5365559001778418,0.07040261882670706,-0.026596380327813907,0.009924512627452104,0.13273576329308373,0.13377162450223737,0.18113768335227276,0.5339644437708945,0.0
16.216216216216218,0.20152055404323002,0.1616285880750718,0.5379894622418493,0.07167810320037303,-0.026173876567618576,0.02112518800987348,0.13239153493357747,0.13352777860399037,0.1840622763423387,0.5351117570558742,0.0
16.236236236236238,0.20464581977458418,0.15626328656770866,0.5394398267972729,0.07251822777118133,-0.02536415631089301,0.04048601283638313,0.12878937413821598,0.12979518261308925,0.18697960286889978,0.5362774233326691,0.0
16.256256256256258,0.20766842164122173,0.15113009333187732,0.5407984013595194,0.06792872811232643,-0.024296285788317763,0.053393526128865304,0.13008523606931985,0.13112466363277026,0.18988954776090075,0.537461396582771,0.0
16.276276276276278,0.2105904484635725,0.14610134111753856,0.5421042405424962,0.06529195914884042,-0.022801179478380465,0.07475531549696487,0.13105031757925584,0.13195024135575154,0.1927919961386983,0.5386636300649426,0.0
16.296296296296298,0.2134159833121006,0.14127674242640517,0.5433840224991047,0.06398909783042714,-0.02150341973800551,0.06488798701884385,0.13135905314179536,0.13252488062762308,0.19568683341860146,0.5398840763170649,0.0
16.316316316316318,0.21615062631309878,0.13673215004990913,0.5446509972636024,0.06334873822488685,-0.020165046481516482,0.06691866282454287,0.13174240419723954,0.13301007685638322,0.19857394531739037,0.5411226871580095,0.0
16.336336336336338,0.21879930311385984,0.13243384003805234,0.5459181579007134,0.06335803185554897,-0.018745036493130786,0.07100049941937031,0.1320329209810101,0.1333569421142595,0.20145321785683123,0.5423794136895412,0.0
16.356356356356358,0.2213675022766036,0.1284099581371872,0.5471950583150127,0.06384502071496385,-0.017561978590530505,0.05915289513009276,0.13203149444911488,0.13362480795743048,0.20432453736817424,0.5436542062982485,0.0
16.376376376376378,0.2238607256406308,0.12466116820136108,0.5484857482145049,0.06453449497460868,-0.016311443538923675,0.06252675258041229,0.13207604741577425,0.13371143467378221,0.20718779049664202,0.5449470146575022,0.0
16.396396396396398,0.2262833215685763,0.12112979639727485,0.549792245738407,0.06532487619510666,-0.014595125961332904,0.08581587887960304,0.132129903359645,0.1334936034594978,0.2100428642059029,0.5462577877294414,0.0
16.416416416416418,0.22864033849604185,0.11785084637327747,0.5511121937968307,0.06599740292118705,-0.012649405377002435,0.09728602921658121,0.1320310141971576,0.13322930647157036,0.2128896457825359,0.54758647376699,0.0
16.436436436436438,0.23093900001668982,0.11493307603239844,0.552440307245516,0.06640567243426342,-0.01095686348142301,0.08462709477902214,0.12801811731110907,0.13040678356216728,0.2157280228404797,0.5489330203158986,0.0
16.456456456456458,0.23318834231779792,0.11246711505540515,0.553675427929197,0.061756034184053205,-0.008623752155783268,0.1166555662820287,0.12922807982380313,0.13112626703381403,0.2185578833254665,0.5502973742168145,0.0
16.476476476476478,0.23539436385770085,0.11030107699514648,0.5548463036459739,0.05854378583884353,-0.005810466636815922,0.14066427594840167,0.13106183647571998,0.1324759133234149,0.22137911551945064,0.551679481607382,0.0
16.496496496496498,0.23756602484970007,0.1085830495999614,0.5560002434745765,0.05769699143013267,-0.0032527531117435074,0.1278856762536485,0.13192438624687505,0.13332355828388776,0.2241916080450162,0.5530792879243682,0.0
16.516516516516518,0.23971421057731548,0.10740928638077106,0.5571626794841558,0.05812180047896015,-0.000980953226723093,0.1135899942510422,0.13234994402201397,0.13374962796805706,0.22699524986977332,0.554496737905816,0.0
16.536536536536538,0.24184912246096776,0.10674559418261462,0.5583462669997311,0.05917937577876824,0.0008208257603747847,0.09008894935490949,0.13571525436837714,0.13655551267502036,0.22978993031074366,0.5559317755932276,0.0
16.556556556556558,0.24397917466095254,0.10650260999923877,0.5596424311299468,0.06480820651078624,0.0022018748064838627,0.06905245230546583,0.13449304655101574,0.13544921161532664,0.23257553903872913,0.5573843443337724,0.0
16.576576576576578,0.24611193018203265,0.10663777605400498,0.5610165722716136,0.06870705708333832,0.002903412355287275,0.03507687744017889,0.1335044993126134,0.13475299525182385,0.23535196608266606,0.5588543867825233,0.0
16.596596596596598,0.24825287420599715,0.10704720119822476,0.5624436501174264,0.07135389229063706,0.00313116100622849,0.011387432547065868,0.13287253941713426,0.1343147180205765,0.23811910183396956,0.5603418449047219,0.0
16.616616616616618,0.2504043765619008,0.1075751177951821,0.5639077524835122,0.07320511830429373,0.003429075061607739,0.014895702768965426,0.1326262897860332,0.13389845712504878,0.24087683705085786,0.5618466599780683,0.0
16.636636636636638,0.25256706968448056,0.10813465612898905,0.5653990265728355,0.07456370446616513,0.0039043404724431715,0.023763270541773206,0.12935542411382117,0.13141162914808682,0.24362506286266622,0.5633687725950399,0.0
16.656656656656658,0.25474244595185586,0.10876881336876364,0.5668321438306957,0.07165586289300896,0.00450488171777431,0.030027062266557422,0.13021596316117456,0.1320332423720562,0.24636367077414567,0.564908122665237,0.0
16.676676676676678,0.2569323426931773,0.10949483706607135,0.5682291090660746,0.06984826176894367,0.00511745416170302,0.030628622196435546,0.13135954241848724,0.13297811839000856,0.2490925526697455,0.566464649417755,0.0
16.696696696696698,0.25913897457789364,0.11033159423581841,0.569620885339758,0.06958881368416572,0.005848485502355596,0.03655156703262885,0.1320341862089204,0.13337189349933026,0.25181160081788034,0.5680382914035823,0.0
16.716716716716718,0.2613647499352318,0.11128876786690761,0.5710232933894511,0.07012040248465874,0.006531179317453609,0.03413469075490062,0.1325581457961184,0.13370926572400632,0.25452070787518544,0.569628986498028,0.0
16.736736736736738,0.2636125055357827,0.11238778002754546,0.5724490668667993,0.07128867386740786,0.007115893680944409,0.029235718174539384,0.1328227329065046,0.1338151670255092,0.2572197668907528,0.5712366719031736,0.0
16.756756756756758,0.2658852364169278,0.11363654405725603,0.5739036547799686,0.0727293956584686,0.007154264050624061,0.0019185184839808286,0.13274628006801853,0.13390911331403477,0.25990867131035494,0.5728612841503525,0.0
16.776776776776778,0.268185198596806,0.11499810899391012,0.5753872722782865,0.07418087491589366,0.006812355672482724,-0.01709541890707126,0.1326875123736145,0.13394827116855737,0.26258731498064786,0.5745027591026541,0.0
16.796796796796798,0.27051210780805685,0.11634546056254236,0.5768995991237216,0.07561634227175504,0.0066153920562649115,-0.009848180810899247,0.1327988198228197,0.13381807386038502,0.26525559215336725,0.5761610319574586,0.0
16.816816816816818,0.2728646433393856,0.1176267765664386,0.5784403364817634,0.07703686790208925,0.006301223986118175,-0.015708403507351684,0.13279070247218439,0.1337443469569823,0.2679133974894984,0.5778360372489926,0.0
16.836836836836838,0.27524172552859155,0.1188541094602977,0.5800082489330768,0.0783956225656666,0.006112656601962648,-0.009428369207798729,0.13397650169030262,0.13398195262607912,0.27056062606343784,0.5795277088509154,0.0
16.856856856856858,0.2776423516735692,0.12003130724888253,0.5816244045311046,0.08080777990139432,0.005143094148143777,-0.048478122690974,0.13249757003754717,0.1329632022787673,0.2731971733671343,0.581235979978929,0.0
16.876876876876878,0.2800652111967293,0.12114297615800342,0.5832517588314378,0.08136771501665667,0.0041067419024225105,-0.05181761228610334,0.13277584552548516,0.13325764361212183,0.2758229353142151,0.5829607831934144,0.0
16.896896896896898,0.282506756388138,0.12207725957043512,0.584898806011696,0.08235235901291231,0.0027404538764959634,-0.06831440129638194,0.13281026177172173,0.13350911831271978,0.2784378082440938,0.5847020504020936,0.0
16.916916916916918,0.28496289476538916,0.12280691886255737,0.5865697805489661,0.08354872686350984,0.0012225708104229944,-0.07589415330372279,0.1326912481755002,0.13350732265748091,0.2810416889260649,0.5864597128627188,0.0
16.936936936936938,0.28742841707447636,0.12327611545435956,0.588262887473473,0.08465534622534124,-0.0005837305951355591,-0.09031507027803085,0.13282940746929256,0.13387844775066546,0.2836344745633784,0.5882337011857864,0.0
16.956956956956958,0.2898968554718849,0.1234219198704244,0.5899856618885753,0.08613872075511206,-0.0019494977958268752,-0.0682883600346986,0.13308416854652505,0.13388584541114573,0.2862160627972955,0.5900239453372739,0.0
16.976976976976978,0.2923611614356983,0.12321529819066973,0.5917419612942947,0.08781497028597234,-0.0031827928860220676,-0.06166475450992669,0.1331927685535131,0.13394609092616114,0.28878635171113365,0.591830374641408,0.0
16.996996996996998,0.29481553724203835,0.12271879031700175,0.5935342482822383,0.08961434939718484,-0.0038750711266165774,-0.03461391202992177,0.1332018893762298,0.13363872748497732,0.2913452398342881,0.5936529177834531,0.0
17.017017017017018,0.297255133403848,0.12197980809048357,0.5953580578622052,0.09119047899834115,-0.004291022174482751,-0.020797552393532134,0.13325604272811126,0.13352107719422013,0.29389262614623646,0.5954915028125263,0.0
17.037037037037038,0.299677309092384,0.12110878442679973,0.5972124101386905,0.0927176138242649,-0.004659562282881152,-0.018427005420171696,0.1353063126145053,0.13230054635249722,0.2964284100805294,0.5973460571444389,0.0
17.057057057057058,0.3020799356768193,0.12013132922176349,0.5991095622247283,0.09485760430189187,-0.0070823852561065406,-0.1211411486614442,0.13032839028953142,0.12893093911513434,0.2989524915287594,0.5992165075645617,0.0
17.077077077077078,0.30446225998393817,0.11911621535594367,0.6009258015346158,0.09081196549437465,-0.010402367926812666,-0.16599913353543938,0.13225735965588348,0.13167646351097925,0.3014647708445122,0.6011027802307143,0.0
17.097097097097098,0.3068145612874109,0.11761506517363601,0.602730402864622,0.09023006650031021,-0.014023045228868061,-0.18103386510288227,0.1333266136286108,0.13321083591115193,0.3039651488473027,0.6030048006760824,0.0
17.117117117117118,0.3091236233306315,0.115453102161028,0.6045618358188841,0.09157164771310457,-0.017729044181618376,-0.1852999476376291,0.13383075661709376,0.13416380115112134,0.30645352682648846,0.6049224938121549,0.0
17.137137137137138,0.31137452389725684,0.11254502833126805,0.6064414871044818,0.09398256427988008,-0.020735691448805313,-0.15033236335945713,0.13414537653383307,0.13444530097272778,0.3089298065451672,0.6068557839316906,0.0
17.157157157157158,0.31355254058335863,0.10890083430509029,0.6083779099928097,0.09682114441639571,-0.02317588688114711,-0.12200977161719863,0.13404430718390195,0.1343748028352997,0.3113938902440561,0.6088045947117058,0.0
17.177177177177178,0.31564554734202627,0.10465033793338195,0.6103682825411684,0.09951862741793108,-0.024689633996320775,-0.07568735575877142,0.13395436382696965,0.13404066187093627,0.31384568064535034,0.6107688492164883,0.0
17.197197197197198,0.31764411858485625,0.09992856214149978,0.6124060632984535,0.10188903786425699,-0.025529883832890246,-0.04201249182852612,0.13372116924225474,0.13366769807295312,0.31628508095656216,0.612748469900633,0.0
17.217217217217218,0.31954232190760906,0.09491016613764074,0.6144820904247817,0.10380135631641309,-0.025529520334396462,1.8174924704614237e-05,0.13348650318510527,0.13312264275262678,0.31871199487434465,0.6147433786121053,0.0
17.237237237237238,0.3213370184594239,0.08973482759074179,0.6165847011493634,0.10513053622908176,-0.024696168714991574,0.04166758097037535,0.1304784689766226,0.1333104736310108,0.3211263265882918,0.6167534965953247,0.0
17.25725725725726,0.323029734115766,0.08463578281710551,0.6186721081642989,0.1043703507467724,-0.02089803624206552,0.189906623646295,0.12381263203893632,0.12482256614814392,0.32352798078472234,0.6187787444942763,0.0
17.27727727727728,0.3246290036561566,0.07996347701952822,0.620519982053716,0.0923936944708535,-0.015160564718768211,0.2868735761648822,0.12852231894271815,0.12813292265702078,0.3259168626504394,0.6208190423556391,0.0
17.2972972972973,0.32614674709472025,0.07588717192818192,0.6222476666290468,0.08638422876654525,-0.008979955480186581,0.3090304619292006,0.13180516294676745,0.13082573878394435,0.32829287787647843,0.6228743096319482,0.0
17.31731731731732,0.32760355083183285,0.07284018685562942,0.6239441911763036,0.08482622736283671,-0.002868110964696,0.30559222577480205,0.1336456749739009,0.13233171456070988,0.33065593266182597,0.6249444651847702,0.0
17.33733733733734,0.3290228744281632,0.07096617981651852,0.6256594536505921,0.0857631237144239,0.0031490966111932792,0.300860378794954,0.13511677924359183,0.1334583576119064,0.3330059337171257,0.6270294272879089,0.0
17.35735735735736,0.33042834141773625,0.07027334947865416,0.6274320657154947,0.0886306032451349,0.00926061020481853,0.3055756796820612,0.13603433382030383,0.13388489651044805,0.3353427882683598,0.6291291136306302,0.0
17.37737737737738,0.3318441255245581,0.0707892053410928,0.6292818828762041,0.09249085803546846,0.014885226176637845,0.2812307985921045,0.13646023191671405,0.13416743682987872,0.3376664040605122,0.6312434413209129,0.0
17.3973973973974,0.33329467646430877,0.07252754698753322,0.6312191747030002,0.09686459133980085,0.020000772873815943,0.2557773348604129,0.13671297094721727,0.13428633964022949,0.3399766893612094,0.6333723268887198,0.0
17.41741741741742,0.3348023137539133,0.07538186448022578,0.6332490889832173,0.10149571401085762,0.024839929197439478,0.24195781618310552,0.13730489919179523,0.13459461295807293,0.34227355296434464,0.6355156862892946,0.0
17.43743743743744,0.3363879228453375,0.0792804545712097,0.635384509280296,0.10677101485393685,0.029008431154569022,0.20842509785882202,0.13773025930981544,0.13493629646321614,0.3445569041936744,0.6376734349064768,0.0
17.45745745745746,0.33807108269831865,0.08415799264905925,0.6376362524176242,0.1125871568664096,0.03258313416926679,0.17873515073765628,0.1369822927099802,0.13409706506307434,0.3468266529064025,0.6398454875560466,0.0
17.47747747747748,0.3398678567338001,0.0898387017740716,0.6399802418459513,0.11719947141634912,0.03548338656858301,0.1450126199689802,0.136151084854723,0.13321458958451515,0.3490827094967362,0.6420317584890842,0.0
17.4974974974975,0.3417922203100126,0.09621817881062662,0.6423905636103326,0.12051608821906692,0.03697489487505346,0.0745754153269809,0.13521116502129235,0.13272406483713106,0.35132498489942465,0.6442321613953574,0.0
17.51751751751752,0.34385465281845884,0.10312162542231063,0.6448455719428162,0.12275041662417632,0.037680578288950904,0.035284170698579184,0.13439785622239256,0.13203653462051787,0.3535533905932737,0.6464466094067262,0.0
17.53753753753754,0.34606011045585355,0.110272881869736,0.6473227796950259,0.12386038761048426,0.03770739522283356,0.0013408466980365935,0.13524253201078681,0.13081996049578937,0.35576783860464245,0.6486750151005751,0.0
17.55755755755756,0.3484110312922391,0.11754604181927643,0.6498165456797834,0.124688299237876,0.03540580509677645,-0.11507950629865496,0.1317086858973114,0.1286723450387811,0.35796824151091555,0.6509172905032636,0.0
17.57757757757758,0.3509040283752401,0.12464985415004921,0.6522427294796217,0.12130918999191212,0.032108904627544774,-0.16484502345723184,0.1320860599798019,0.1297124119210674,0.36015451244395325,0.6531733470935973,0.0
17.5975975975976,0.3535307693156935,0.1313370470226705,0.6546226998820762,0.11899852012272732,0.028434989712464772,-0.18369574574960093,0.13249876613228023,0.13047029241483807,0.36232656509352335,0.6554430958063258,0.0
17.61761761761762,0.356278851201658,0.13740409429822423,0.6569742586767454,0.11757793973345713,0.024725990329417878,-0.18544996914799175,0.13260462736809286,0.13075633755399413,0.36448431371070594,0.6577264470356559,0.0
17.63763763763764,0.3591342880253332,0.14277184118376016,0.6593036627092885,0.11647020162715313,0.020780113027995664,-0.1972938650669099,0.13086057254488861,0.1298127626949807,0.36662767311128003,0.6600233106387905,0.0
17.65765765765766,0.36208140855887155,0.14735602667691766,0.6615715065965807,0.11339219436460726,0.01738421777330201,-0.16979476273072724,0.13230633047474277,0.13107516027641822,0.36875655867908685,0.6623335959394876,0.0
17.67767767767768,0.36510568141166144,0.15121364263949563,0.6638183044580338,0.11233989307265678,0.014446655757058722,-0.14687810080851305,0.132862521857075,0.1314911383797732,0.37087088636936966,0.66465721173164,0.0
17.6976976976977,0.36819435121596905,0.15443349021538014,0.6660587250403521,0.11202102911591673,0.011447990651659386,-0.14993325526669465,0.13314541814312703,0.1319624365150567,0.372970572712091,0.6669940662828742,0.0
17.71771771771772,0.37133546427918596,0.15705565316084658,0.6683041252689226,0.11227001142852466,0.009242405416159297,-0.11027926177216323,0.13365113497142658,0.13209406186239683,0.3750555348152296,0.6693440673381739,0.0
17.73773773773774,0.37451775668977705,0.15911462052955486,0.6705640902844126,0.11299825077449802,0.006942791488285297,-0.11498069639136466,0.13371871156377907,0.13234287615768078,0.3771256903680516,0.6717071221235213,0.0
17.75775775775776,0.37773242767747367,0.16073354938483042,0.6728433792909781,0.11396445032827812,0.004848903899568026,-0.10469437943409435,0.13379271516180097,0.13242004911864463,0.37918095764436105,0.6740831373495608,0.0
17.77777777777778,0.38097042908692297,0.1619000704724647,0.675144283336946,0.11504520229839285,0.0029207071096463894,-0.09640983949493541,0.13385879190464442,0.13251787465298936,0.38122125550572394,0.6764720192152778,0.0
17.7977977977978,0.3842233205730192,0.16264457430481136,0.6774692556620284,0.11624861625412333,0.0014062026512716918,-0.07572522291826495,0.1340270232453595,0.13254582342016746,0.3832465034046751,0.678873673411708,0.0
17.81781781781782,0.38748406744268643,0.16303734348336085,0.6798212066807341,0.11759755093528293,-0.0005647645097558051,-0.09854835805162082,0.13387094736829103,0.13280381783059167,0.3852566213878947,0.6812880051256551,0.0
17.83783783783784,0.3907460484465277,0.16309905019206303,0.6822016312572474,0.11902122882566792,-0.0018295899377927629,-0.06324127140284092,0.13604428873559013,0.1338518598295602,0.38725153009936686,0.6837149190434377,0.0
17.85785785785786,0.3940018777700459,0.1627914661759111,0.6846582278128719,0.12282982778122416,-0.0038513060815296035,-0.10108580718860823,0.13373644814631058,0.13210840366409596,0.3892311507835115,0.6861543193546495,0.0
17.87787787787788,0.39724692419367796,0.16225232118160343,0.687130893965817,0.12363330764725239,-0.006590933837551387,-0.1369813878036381,0.13358422933758748,0.13265980831889082,0.391195405288294,0.6886061097559437,0.0
17.8978978978979,0.4004735155831025,0.16132956947122695,0.6896255053319861,0.12473056830845719,-0.009883996998467178,-0.16465315804912775,0.13372907022277855,0.133398253919909,0.3931442160683093,0.6910701934548327,0.0
17.91791791791792,0.4036704104844313,0.1598447450664384,0.6921550699234882,0.12647822957510416,-0.012765955693361641,-0.1440979347488384,0.13381961001690884,0.13350660080174132,0.39507750618784543,0.6935464731735121,0.0
17.93793793793794,0.40682513168787815,0.15773606017234193,0.6947223932384897,0.12836616575007448,-0.015961021970521114,-0.15975331386289665,0.1336565202743686,0.13392130280971454,0.3969951993239178,0.6960348511526975,0.0
17.95795795795796,0.40992600338723373,0.15504358496777967,0.6973310378924863,0.13043223269982607,-0.01866245739415085,-0.13507177118721453,0.13367965298109413,0.13395704729097807,0.3988972197692855,0.6985352291554876,0.0
17.97797797797798,0.4129603909846117,0.15171937986889628,0.6999816559136003,0.13253090105569926,-0.020846060869896526,-0.10918017379381646,0.13357432478082737,0.13387362473820733,0.4007834924354382,0.7010475084712404,0.0
17.997997997998,0.4159178869449967,0.14787479801925077,0.702671228135094,0.13447861107468204,-0.022740830502460847,-0.09473848163559173,0.13270505981144515,0.133183316581442,0.40265394285556105,0.7035715899194704,0.0
18.01801801801802,0.41879039234157994,0.14362526982916216,0.7053764498358016,0.1352610850353801,-0.024192856414752297,-0.07260129562281728,0.13252441926580297,0.1330010929256138,0.40450849718747367,0.7061073738537633,0.0
18.03803803803804,0.4215704792680317,0.1390043463225872,0.7080917745715294,0.13576623678638694,-0.0249644608500723,-0.03858022177507614,0.1322575087875761,0.13198777915252896,0.4063470822165468,0.7086547601657117,0.0
18.05805805805806,0.4242531834779736,0.1341352104970945,0.7107981043886331,0.1353164908551841,-0.025914510705734247,-0.04750249279294791,0.13227413458585652,0.13247321286862487,0.40816962535859197,0.7112136482888661,0.0
18.07807807807808,0.4268358314122819,0.12913239671541554,0.7135028174147816,0.13523565130742218,-0.027258060737784327,-0.06717750161339586,0.13277069503025207,0.13365033067832577,0.409976054662726,0.7137839372027044,0.0
18.0980980980981,0.4293142633826861,0.12392159852020998,0.7162306149880547,0.13638987866365884,-0.028597229474436214,-0.06695843684478009,0.1333418575833914,0.13464823408808071,0.4117662988142137,0.7163655254366217,0.0
18.11811811811812,0.43168238815374466,0.11840623855293007,0.7190045769124631,0.1386980962204168,-0.02923288250086141,-0.031782651334788775,0.13326257461171748,0.13452682215395836,0.413540287137281,0.7189583110739348,0.0
18.13813813813814,0.43393557735904237,0.11265946026488505,0.7218215431885858,0.14084831380613755,-0.029884580139093734,-0.03258488192687863,0.13248295784993322,0.13410982823811093,0.41529794959790634,0.7215621917559061,0.0
18.15815815815816,0.43607141744753386,0.10679200442457468,0.7246636847552612,0.14210707833376984,-0.029537769879866654,0.01734051294448867,0.13197127412287527,0.13324251738132997,0.4170392168065855,0.7241770646857848,0.0
18.17817817817818,0.43808814022127324,0.10083613868696902,0.7275104872561098,0.14234012504242594,-0.028589207569478862,0.047428115500898996,0.13156930065342837,0.13269365508127026,0.41876402002107094,0.7268028266328656,0.0
18.1981981981982,0.43998790246620084,0.09498811224637901,0.730347914035984,0.1418713389937101,-0.027524914833847405,0.05321463676120162,0.1313723567728868,0.13262782158919992,0.42047229114908447,0.729439373936562,0.0
18.21821821821822,0.4417746862333291,0.0893391883564144,0.7331721988195777,0.1412142391796865,-0.026303993150600592,0.061046084139889066,0.13132482398959233,0.13265250537246548,0.42216396275100737,0.7320866025105015,0.0
18.23823823823824,0.44345259923495123,0.08389565008110687,0.7359831405220759,0.14054708512491057,-0.024626699513253518,0.08386468184286154,0.12946269945932948,0.13083579951392516,0.42383896804254134,0.7347444078466325,0.0
18.25825825825826,0.4450281701621229,0.0787785463585859,0.7387264054473381,0.13716324626311266,-0.022766020872358916,0.09303393201783756,0.13031167165400276,0.13166534594349494,0.42549724089734603,0.7374126850193523,0.0
18.27827827827828,0.4465074791311609,0.0739654484518977,0.7414270927793328,0.13503436659973247,-0.020918056683382986,0.09239820941927142,0.1307947618373769,0.13222475322616434,0.4271387158496476,0.7400913286896453,0.0
18.2982982982983,0.4478974902570737,0.06950055629564113,0.7441008625808353,0.13368849007512285,-0.019028585856590712,0.09447354130731364,0.1311781790161158,0.13262550419997243,0.42876332809682627,0.742780233109247,0.0
18.31831831831832,0.44920529660112474,0.06539031720255113,0.7467595187693862,0.1329328094275442,-0.01716083475583476,0.09338755500256554,0.13143664862210244,0.13291617135607903,0.4303710135019719,0.7454792921248143,0.0
18.33833833833834,0.45043848793894464,0.06165956689099559,0.749411362006564,0.13259216185888936,-0.015701222056405704,0.07298063493281144,0.13138942680187016,0.13316391678327824,0.4319617085964176,0.7481883991821194,0.0
18.35835835835836,0.45160416362441536,0.05828378427353696,0.7520595052515961,0.1324071622516085,-0.014081358730569362,0.08099316624983824,0.13163453992024357,0.1333115865557068,0.43353535058224485,0.7509074473302543,0.0
18.37837837837838,0.4527083755953602,0.05521059854724298,0.7547098674839747,0.13251811161892818,-0.012905986117932103,0.05876863058606857,0.13159287001367131,0.13357018394186831,0.4350918773347628,0.7536363292258541,0.0
18.3983983983984,0.4537573526645264,0.05244885345831006,0.7573657571209589,0.13279448184920967,-0.011736037168884378,0.0584974474027699,0.13168920369173825,0.1336690910808763,0.43663122740495997,0.7563749371373336,0.0
18.41841841841842,0.4547557686655305,0.04992080005020602,0.7600301252856274,0.1332184082334243,-0.010638027853249903,0.05490046572826958,0.13172142955006566,0.13373997802773746,0.438153340021932,0.7591231629491427,0.0
18.43843843843844,0.4557082973050931,0.04762643197812781,0.7627045494777213,0.13372120960469083,-0.009654223071842922,0.049190239013051744,0.13224520083059038,0.13422884120648068,0.4396581550952782,0.7618808981660307,0.0
18.45845845845846,0.45661929809369056,0.0455500394298736,0.7654040706324212,0.13497605773499965,-0.009052389472818166,0.030091679890029466,0.13189012624848065,0.1341280703547218,0.44114561321747664,0.7646480339173337,0.0
18.47847847847848,0.4574923920661481,0.04365469862287714,0.7681219511851097,0.13589402763442385,-0.008096398026828757,0.04779957223492048,0.1318661904440729,0.13384718937722706,0.4426156556662275,0.7674244609612707,0.0
18.4984984984985,0.45833024529328326,0.04189266135675636,0.7708536803142549,0.13658645645726114,-0.007321650302478899,0.03873738614970168,0.13171681844186173,0.13377806432923947,0.4440682244067723,0.7702100696892562,0.0
18.51851851851852,0.4591368911688182,0.04033229377674488,0.7735960404493786,0.1371180067561805,-0.006985151368823911,0.016824946611625098,0.13152212199326033,0.13384699184726853,0.4455032620941839,0.7730047501302265,0.0
18.53853853853854,0.4599153338560048,0.038922134359332596,0.7763471820365531,0.13755707935872674,-0.006755995340249787,0.011457801354552597,0.1336949742052807,0.13659038926695133,0.4469207120756318,0.7758083919549836,0.0
18.55855855855856,0.4606663813724259,0.03755237582105397,0.7791799379927216,0.14163779780842384,-0.006136922370162369,0.03095364842723887,0.132561987873184,0.13515460825193434,0.4483205183926179,0.7786208844805491,0.0
18.57857857857858,0.46139124922297,0.036243392527205445,0.7820561769538855,0.1438119480581995,-0.005404463795887563,0.03662292863438433,0.1319861315517682,0.13444387200949878,0.44970262578318543,0.7814421166745333,0.0
18.5985985985986,0.4620925531795677,0.03506519782988555,0.7849568105033867,0.14503167747505863,-0.004704803165763977,0.034983031425260123,0.1315969761304478,0.13399458566126196,0.4510669796841014,0.7842719771595206,0.0
18.61861861861862,0.4627736418933042,0.034054435686825715,0.7878694096440141,0.1456299570313668,-0.004652541200718797,0.0026130981700076272,0.13114372214995335,0.13393661188776138,0.45241352623300984,0.7871103542174639,0.0
18.63863863863864,0.4634368145769664,0.03315863418310773,0.790786402818028,0.14584965870069902,-0.004168959539494304,0.024179082978761295,0.12847119238412144,0.13052810989459873,0.4537422122705585,0.7899571357940969,0.0
18.65865865865866,0.46408268512649103,0.03229352747623215,0.7936176985304846,0.14156478562282596,-0.0038087596689620057,0.018009993445128686,0.1298927951344118,0.13193999896266256,0.4550529853424978,0.7928122095033578,0.0
18.67867867867868,0.464712943033072,0.03151289532904647,0.7964053709678364,0.1393836218675909,-0.003571900512192334,0.011842957758648454,0.13067031349377142,0.1327444744234841,0.45634579370175143,0.7956754626318255,0.0
18.6986986986987,0.46532893580941626,0.030799638817213006,0.7991729075738621,0.1383768303012823,-0.0034799295606046097,0.004598547501846892,0.13110211110228454,0.13317965036495438,0.45762058631045877,0.7985467821431685,0.0
18.71871871871872,0.46593069618888183,0.03008801897327907,0.8019331766615803,0.1380134543859113,-0.002211864707143293,0.06340324259914902,0.1318028191234635,0.1329930837076432,0.45887731284199046,0.8014260546826094,0.0
18.73873873873874,0.46651914525458693,0.029422453285255914,0.804693804123526,0.13803137309728808,-0.0013683431202990344,0.04217607927230649,0.13190193129777675,0.13321481853558306,0.46011592368293497,0.8043131665813983,0.0
18.75875875875876,0.4670992650500423,0.029005989772767412,0.807459557337751,0.13828766071125187,-0.0008647394104848289,0.02518018542523876,0.13190591621278913,0.133316750447879,0.4613363699350575,0.8072080038613019,0.0
18.77877877877878,0.4676741312272937,0.02874330886257033,0.8102320063281893,0.13862244952191558,-0.00024910577467829163,0.030781681729848777,0.13226416709140812,0.13348755163050097,0.462538603417229,0.8101104522390994,0.0
18.7987987987988,0.4682459391694615,0.02859039710839212,0.8130189843881366,0.1393489029973635,-1.675441999372242e-05,0.011617567679118652,0.13228331161004908,0.13363132190697866,0.46372257666733074,0.8130203971311001,0.0
18.81881881881882,0.46881707084825264,0.02855658393955565,0.8158228916336911,0.14019536227773066,-3.8336873755505315e-06,0.0006460365815859001,0.1325114858973749,0.1339150299780522,0.46488824294412573,0.815937723657661,0.0
18.83883883883884,0.46938855494289833,0.02857420473228357,0.818651294313902,0.14142013401054582,-0.00034835379755910917,-0.017226005552323533,0.1326105516823963,0.1342023680555182,0.4660355562291054,0.818862316647727,0.0
18.85885885885886,0.46996013030281647,0.02857876799590799,0.8215098918069511,0.14292987465245235,-0.0004131204685888154,-0.003238333587995062,0.13278678450262663,0.13411445956737142,0.4671644712283059,0.8217940606433743,0.0
18.87887887887888,0.4705302303839488,0.02850500405661811,0.8243999613536045,0.14450347733266847,-9.071051257653466e-05,0.016120497771134824,0.13284381054706232,0.1338086817687197,0.46827494337409614,0.8247328399043704,0.0
18.8988988988989,0.4710986470041461,0.028420831009864422,0.8273177852626358,0.14589119545156232,0.0002532311656921244,0.017197083891253143,0.13281589521696147,0.1336173452790336,0.4693669288269369,0.8276785384127412,0.0
18.91891891891892,0.47166675514087764,0.02840540683657615,0.8302600870649952,0.14711509011797022,0.0003255829123236378,0.0036175873168872805,0.13268694602431386,0.13354310727740396,0.4704403844771129,0.8306310398773546,0.0
18.93893893893894,0.47223549156592637,0.028436821252437208,0.8332238311556409,0.14818720453228357,0.0008392763370572074,0.025684671229639,0.1328876793814653,0.13328359950402718,0.4714952679464323,0.8335902277385069,0.0
18.95895895895896,0.47280539807420463,0.02849532541391403,0.836208124485663,0.14921466650110354,0.0010106637867707854,0.008569372486381198,0.13279461748307175,0.1332395318879581,0.4725315375899024,0.8365559851725288,0.0
18.97897897897898,0.47337784962264007,0.028622577421771087,0.839210912972149,0.15013942432430338,0.00192096922381735,0.045515271860825775,0.13303215287099354,0.1328165545876524,0.47354915249737206,0.8395281950963951,0.0
18.998998998999,0.4739538389533553,0.02879946653576266,0.8422294294208663,0.15092582243586455,0.0025200726700091063,0.029955172325880165,0.13305156468459006,0.13280273193262476,0.4745480724951473,0.8425067401723476,0.0
19.01901901901902,0.4745374473994526,0.029180422304864513,0.8452637349277881,0.15171527534608747,0.0019696991516760993,-0.027518675892672075,0.13281359358693914,0.13311889632057272,0.47552825814757677,0.8454915028125262,0.0
19.03903903903904,0.47513026177129547,0.02964071859214428,0.8483149660406091,0.15256155564105245,0.001963116307683245,-0.0003291421679628044,0.13220396967964487,0.13361890434773915,0.4764896707586093,0.8484823651836128,0.0
19.05905905905906,0.47573028420043717,0.030001121457084685,0.8513814858172463,0.15332598883186058,0.0030899357382114918,0.05634097156581215,0.13203834490556157,0.1325797373954729,0.4774322723733215,0.8514792092114825,0.0
19.07907907907908,0.47633760095718913,0.030365837837598445,0.8544454294350825,0.1531971808918147,0.004397035787948645,0.06535500253409995,0.13244581857001023,0.1326906252888963,0.47835602577941516,0.8544819165858638,0.0
19.0990990990991,0.47695629948884244,0.030934926582664682,0.8575144676471232,0.15345191060203753,0.006217856048062832,0.09104101306098811,0.13279631156195665,0.13249605444218354,0.4792608945086879,0.857490368765012,0.0
19.11911911911912,0.47759165605136916,0.031767828126335634,0.8605908855695047,0.15382089611907057,0.007881152150535206,0.08316480518699183,0.13268500607415945,0.13224409121751876,0.4801468428384716,0.8605044469803856,0.0
19.13913913913914,0.47825032586550187,0.03293349070663606,0.8636692554385103,0.1539184934502795,0.010024748648979951,0.10717982499407284,0.13287480212429978,0.1318449096140452,0.48101383579304297,0.8635240322413374,0.0
19.15915915915916,0.47893921824108737,0.03444461877927397,0.8667464266891902,0.15385856253400082,0.011468017083524726,0.07216342180743734,0.13276899158037384,0.13190473027207045,0.4818618391450048,0.866549005339812,0.0
19.17917917917918,0.47966622052764185,0.0363501143277247,0.8698216432187854,0.1537608264797574,0.01315370239512604,0.08428426566908247,0.13298492513191104,0.1316748348045344,0.48269081941663694,0.8695792468550516,0.0
19.1991991991992,0.4804369531589344,0.03853663156462771,0.8728946383763462,0.1536497578780383,0.0147291874805961,0.0787742543717434,0.13303242504151602,0.1314789307493606,0.4835007438812175,0.8726146371583088,0.0
19.21921921921922,0.48125807932414477,0.04105630826051655,0.8759631334579834,0.15342475408186232,0.015794432394177427,0.05326224578666579,0.1327603400725229,0.13122341638961058,0.4842915805643155,0.8756550564175724,0.0
19.23923923923924,0.48213538702560244,0.04386538507288408,0.8790192301089401,0.15280483254783675,0.016742686169757184,0.04741268889650485,0.13261856012033174,0.1302457966396113,0.4850632982450528,0.8787003846022958,0.0
19.25925925925926,0.4830729309126486,0.04687719435230827,0.8820462942389279,0.15135320649938772,0.016564772427606237,-0.008895686979663142,0.1319627352812482,0.13004890277816591,0.48581586645733704,0.8817505014881378,0.0
19.27927927927928,0.4840741600596675,0.05006145735094611,0.885031662877226,0.14926843191490535,0.015591047989659235,-0.048686221759372254,0.13186560132558858,0.13028552051140613,0.48654925549106326,0.8848052866617047,0.0
19.2992992992993,0.4851376150255545,0.05317274829435013,0.8879774547134205,0.1472895918097261,0.01536319396370273,-0.01139270114788709,0.13230875633551695,0.13006965010236596,0.4872634363932886,0.8878646195253097,0.0
19.31931931931932,0.48625969352487114,0.056103924965830686,0.8908871359560434,0.14548406213114382,0.01504613492453223,-0.01585295179561407,0.13248370245424038,0.13008037757248211,0.4879583809693737,0.8909283793017287,0.0
19.33933933933934,0.48743949094206696,0.058989870859792154,0.8937635056713646,0.14381848576606085,0.014527284163436686,-0.025942537877938654,0.13250939438765852,0.13003287152752843,0.4886340617840967,0.8939964450389726,0.0
19.35935935935936,0.48867547772281666,0.061799339037486425,0.8966062913860973,0.14213928573663195,0.01416508707747529,-0.018109854105538673,0.13277336084014157,0.1299942296283004,0.489290452162736,0.897068695615059,0.0
19.37937937937938,0.4899662115888654,0.06453669330243654,0.8994188928044259,0.1406300709164329,0.012723667062226234,-0.07207100055494653,0.1329160931900726,0.13065498184184318,0.48992752619212343,0.9001450097427964,0.0
19.3993993993994,0.49130992309239957,0.06718557517670823,0.9022132609123511,0.13971840539625827,0.011450941627625699,-0.06363627150576778,0.1333602742510042,0.13088507965744223,0.490545258721667,0.9032252659745696,0.0
19.41941941941942,0.4927015806556255,0.06958287816129839,0.904999476056011,0.1393107571830001,0.0092794951283875,-0.10857232472172501,0.13349475497151211,0.13152046755445262,0.4911436253643444,0.906309342707138,0.0
19.43943943943944,0.4941356883822483,0.0717053863311391,0.9077890091685307,0.139476655625982,0.007660390040428216,-0.08095525413912918,0.13270569846291863,0.12952072323371674,0.49172260249766486,0.9093971181864315,0.0
19.45945945945946,0.4956033326478931,0.07338221328223792,0.9105406292880216,0.1375810059745442,0.005569410556119315,-0.10454897393414217,0.13253207758202204,0.12961091829024574,0.4922821672646027,0.912488470512362,0.0
19.47947947947948,0.4970984285570637,0.07475479545853109,0.9132531908588223,0.13562807854003642,0.0027953780433124086,-0.1387016253369741,0.13370690075318406,0.131242881017419,0.49282229757449897,0.9155832776436329,0.0
19.4994994994995,0.4986131576618579,0.07573645523970693,0.9159683673901989,0.13575882656883248,-0.0004567085953226083,-0.16260433160663706,0.1342589494229793,0.1322283331263081,0.4933429721039341,0.9186814174025583,0.0
19.51951951951952,0.5001362660527179,0.07615541954300291,0.9187089784242316,0.13703055170163508,-0.003110495795825594,-0.13268935967516368,0.1346420873795126,0.13238101682677283,0.49384417029756883,0.9217827674798844,0.0
19.53953953953954,0.5016549080890021,0.07593210181421414,0.9214829506781785,0.13869861269734582,-0.005355711532674764,-0.11226078646446933,0.1354013328810048,0.13111824242853293,0.494325872368957,0.9248872054396211,0.0
19.55955955955956,0.5031586274310351,0.07518596710164684,0.9242827719012827,0.139991061155211,-0.008832226545471594,-0.17382575022525548,0.13526256652973342,0.13189892510576753,0.49478805930132547,0.9279946087238738,0.0
19.57957957957958,0.5046383187881517,0.07398456785582887,0.9271178886046098,0.14175583516634907,-0.012436056440329768,-0.1801914942901406,0.13591227783035376,0.13288853177793705,0.4952307128483256,0.9311048546576807,0.0
19.5995995995996,0.5060802215440128,0.07209513779305413,0.9300124534361633,0.1447282415776799,-0.016231126171592943,-0.18975348607138762,0.13649944201081582,0.13389480035412735,0.4956538155347533,0.9342178204538587,0.0
19.61961961961962,0.5074701278698882,0.06949531629377258,0.9329898590635358,0.14887028136862168,-0.020598193144159598,-0.21835334809970064,0.13661029782630665,0.13474370926610385,0.49605735065723894,0.9373333832178481,0.0
19.63963963963964,0.508792359374938,0.06611157525249448,0.936064021267923,0.15370811021935907,-0.024415627529406507,-0.19087171869392003,0.1387716780646376,0.13709730449973345,0.49644130228490685,0.9404514199525652,0.0
19.65965965965966,0.5100281873037067,0.06179139643843335,0.9393013935431177,0.1618686137597348,-0.02777987377410804,-0.16821231162517922,0.1373018508435809,0.1357282820551891,0.4968056552600042,0.943571807563259,0.0
19.67967967967968,0.5111628320247849,0.056732236053907335,0.9426594124804739,0.16790094686781024,-0.03009103132455089,-0.11555787686314452,0.13608994407668829,0.13422809643327607,0.49715039519849946,0.9466944228623702,0.0
19.6996996996997,0.512184217894033,0.05106929346240724,0.9460974354465788,0.17190114830524403,-0.032154898076541955,-0.10319333688843645,0.1351485283262963,0.13346518087949497,0.4974755084906501,0.9498191425743925,0.0
19.71971971971972,0.5130839343367354,0.044985822135118314,0.9495898756213763,0.17462200873987604,-0.03377962874589258,-0.08123653269985794,0.13414919922295748,0.13254382508655782,0.49778098230154,0.9529458433407425,0.0
19.73973973973974,0.5138551065572929,0.03855861102787561,0.9531079834229944,0.17590539008090605,-0.035456036693070285,-0.08382039653488756,0.13334081688362412,0.13211794288809697,0.4980668045715862,0.9560744017246279,0.0
19.75975975975976,0.5144921768228101,0.031853513275856817,0.9566332487362793,0.1762632656642464,-0.03709228196180337,-0.08181226255716126,0.13261652726202217,0.13176646615078724,0.49833296401701493,0.9592046942159215,0.0
19.77977977977978,0.5149888926207254,0.024835789895764585,0.9601495120739287,0.17581316688247273,-0.03773021535014109,-0.03189666847319151,0.13230787194445257,0.13121034211258106,0.49857945013030697,0.9623365972360336,0.0
19.7997997997998,0.5153394678703603,0.017528762481746233,0.963643751157396,0.17471195417336377,-0.03758181015098206,0.0074202609749722745,0.13206656248600548,0.13078341883689126,0.4988062531806126,0.9654699871427973,0.0
19.81981981981982,0.5155421382642759,0.01013351969577566,0.9671060063916384,0.17311276171212078,-0.03718557276598538,0.01981187034420446,0.1317591615803095,0.13061124898795906,0.4990133642141358,0.9686047402353434,0.0
19.83983983983984,0.515597859198561,0.0027860467142600386,0.9705292359156482,0.17116147620049318,-0.036375794947415115,0.04048889210624916,0.13109729828957625,0.13009409882531342,0.4992007750544875,0.9717407327589876,0.0
19.85985985985986,0.5155088249418428,-0.004451712835912094,0.9738960852294782,0.1683424656915004,-0.03478484488031816,0.07954750462606956,0.13148813150390568,0.130197681569913,0.49936847830300873,0.9748778409101149,0.0
19.87987987987988,0.5152782230981835,-0.011530092182962862,0.9772140497131229,0.16589822418223396,-0.03298940233055827,0.08977212885948664,0.1317016988956934,0.1304244352881739,0.49951646733906235,0.9780159408410675,0.0
19.8998998998999,0.5149119296184,-0.018314673989173445,0.9804899193788501,0.1637934832863621,-0.030611052203298572,0.11891750785058909,0.13223955123461972,0.13067294475255922,0.4996447363202946,0.9811549086650324,0.0
19.91991991991992,0.5144169545225477,-0.02474875479262149,0.9837356170850039,0.1622848853076918,-0.028443296801490065,0.10838777169760638,0.13226171367601042,0.13089489145962308,0.4997532801828658,0.9842946204609363,0.0
19.93993993993994,0.5138025009919824,-0.030722676528259066,0.9869550819177348,0.16097324163654905,-0.02619975311083589,0.11217718626791043,0.13244648387950364,0.13108494095383877,0.49984209464164997,0.9874349522783314,0.0
19.95995995995996,0.5130773290425745,-0.03625859747039425,0.99015413917893,0.1599528630597601,-0.024556221699742444,0.08217657240956464,0.13224315450200394,0.1313398532408702,0.4999111761904045,0.990575780142296,0.0
19.97997997997998,0.5122501609313974,-0.04135840555885338,0.9933338107448302,0.15898357829500748,-0.022920916962706102,0.08176523882889264,0.13224622846802397,0.13144847835450482,0.49996052210190806,0.9937169800583235,0.0
20.0,0.5113280116842868,-0.04610746235553314,0.9964959311532728,0.1581060204221322,-0.022250560821232175,0.03351780914431147,0.13188116435797229,0.13180779680683954,0.49999013042806856,0.9968584280172206,0.0
