time,x,x_dot,z,z_dot,theta,theta_dot,u1,u2,x_ref,z_ref,theta_ref
0.0,0.27395604855596334,-0.0012224312049589538,1.3020370878759355,0.003947360581187278,-0.24349359126741027,0.009512447032735119,0.05632337500355366,0.056849874573375,0.0,1.0,0.0
0.02002002002002002,0.27352748984031516,-0.02142793578240737,1.2998231542140135,-0.11069668309609806,-0.24313175371060416,0.018091877840309134,0.05632337490949419,0.0637594611494742,0.0031415719827794755,1.003141509970838,0.0
0.04004004004004004,0.27267063292004323,-0.0428428460135979,1.2954177186091949,-0.2202717802409321,-0.23739498818940766,0.2868382760598232,0.05632342866456885,0.061606527768979555,0.006283019941676304,1.0062825238608344,0.0
0.06006006006006006,0.27139381532831847,-0.06384087958623741,1.2887923240419992,-0.3312697283597843,-0.22695158925065104,0.5221699469378297,0.05632337985742529,0.05940239785770715,0.009424219857704088,1.0094225456674837,0.0
0.08008008008008008,0.26971535235617855,-0.08392314860699676,1.279920390089145,-0.4435966976427065,-0.21450448268848654,0.6223553281082246,0.056323817614503155,0.05875808588631276,0.01256504772166874,1.0125610795449425,0.0
0.10010010010010009,0.2676553961156801,-0.10299781202492102,1.268799955606646,-0.5560217241249408,-0.20056638649045475,0.6969048099015949,0.05632470211769847,0.05826514598160288,0.015705379539064146,1.0156976298823284,0.0
0.12012012012012012,0.2652367838296591,-0.12093061430105008,1.2554321693272423,-0.668389313970187,-0.1854049202753629,0.7580733107545906,0.09544069399660639,0.09702004779598047,0.01884509133496727,1.0188317013819832,0.0
0.14014014014014015,0.262253796718574,-0.14914935555425304,1.2409564546282326,-0.723785734950486,-0.17001499855745725,0.7694960858952818,0.12007564114757827,0.12182763396012494,0.021984059158932454,1.0219627991376858,0.0
0.16016016016016016,0.25861447273389077,-0.18196619923416207,1.2261032112214525,-0.7426621703390024,-0.15362435453865994,0.8195322009398691,0.13639548495669945,0.13775576471388734,0.025122159089884778,1.0250904287128038,0.0
0.18018018018018017,0.2542935025094204,-0.21604851122351731,1.211353878414992,-0.7374666403230228,-0.1371396057977197,0.8242374370470088,0.14541275112139085,0.14686330684261503,0.028259267241012263,1.0282140962183703,0.0
0.20020020020020018,0.2493164667506479,-0.24885178793862534,1.196984433457935,-0.718472247852858,-0.12046186343924402,0.8338871179237837,0.1513192942352212,0.15271924757513555,0.03139525976465669,1.031333308391076,0.0
0.22022022022022023,0.24373143764448688,-0.2792514553080502,1.1831772091608463,-0.6903612148544287,-0.10448389795119739,0.7988982744023325,0.1542210622091592,0.15609928892073768,0.0345300128572029,1.0344475726711595,0.0
0.24024024024024024,0.2376024434535789,-0.3064497095453993,1.1700332791716532,-0.6571964994596523,-0.08863548040093423,0.7924208775131567,0.156842961066398,0.15877733213061612,0.03766340276396636,1.0375563972801893,0.0
0.2602602602602603,0.23099490443085524,-0.33037695113618265,1.1576378457239727,-0.6197716723840284,-0.0727512246754943,0.794212786271998,0.15866951494891535,0.16047304846805538,0.04079530578407877,1.040659291298721,0.0
0.2802802802802803,0.2239789090521543,-0.3507997689350462,1.1460487709714522,-0.5794537376260216,-0.057832624130236036,0.7459300272629135,0.1590966497814967,0.16138135882703492,0.04392559827537159,1.043755764743819,0.0
0.3003003003003003,0.21662814875856462,-0.36753801467948427,1.1352905109252964,-0.5379130023077903,-0.0431531777743689,0.7339723177933568,0.16010099241698014,0.1623511166230173,0.047054156659257156,1.0468453286464312,0.0
0.3203203203203203,0.20901203542286578,-0.3808056667849415,1.1253955463628331,-0.4947482281231621,-0.02899672238851868,0.7078227692925109,0.16056764492688577,0.16291396036913922,0.05018085742560745,1.0499274951286017,0.0
0.34034034034034033,0.2012001045342138,-0.3905965444325992,1.1163812986049069,-0.45071238789631235,-0.015207929869596268,0.6894396259461206,0.16091348359861704,0.1631999521775462,0.053305577137629956,1.0530017774805136,0.0
0.36036036036036034,0.1932601389616262,-0.39699827862937975,1.1082582252307887,-0.40615366870591463,-0.0021966062762670477,0.650566179666461,0.16093861956643896,0.1633935494293284,0.05642819243674084,1.0560676902373454,0.0
0.38038038038038036,0.18525795057089042,-0.4001094195367881,1.1010297065109007,-0.3614259359943992,0.010864015598881041,0.6530310937574044,0.16215874395890412,0.1641771546024626,0.059548580047434865,1.0591247492559313,0.0
0.40040040040040037,0.17725620636675168,-0.400087210206937,1.0947246828312487,-0.315251183982601,0.02295166900667436,0.6043826703896656,0.16181830904098898,0.1640234425607948,0.06266661678215213,1.0621724717912138,0.0
0.42042042042042044,0.16931775363690216,-0.3969226364924756,1.0893342727560886,-0.26952050375800507,0.03428223350373656,0.5665282248531107,0.1614723225148694,0.16369482494871473,0.06578217954614125,1.0652103765724743,0.0
0.44044044044044045,0.16150015200966916,-0.39088008136164976,1.0848462662828307,-0.22440032366289447,0.04548947678984658,0.5603621643055003,0.16161546154569315,0.1633838744987955,0.06889514534231904,1.0682379838793312,0.0
0.46046046046046046,0.15385789056046895,-0.38211307246001147,1.081255444362969,-0.17954109599308465,0.05550856444985971,0.5009543830006565,0.16063392493772186,0.16261165078064896,0.07200539127612608,1.0712548156174941,0.0
0.4804804804804805,0.1464434380178401,-0.3707226271314429,1.078532577371476,-0.13614334957464908,0.06428686234397663,0.4389148947058451,0.15931509032306038,0.1615520677381695,0.07511279456037853,1.0742603953942587,0.0
0.5005005005005005,0.13930213748467152,-0.3570650266584292,1.0766390149769447,-0.09467811972656334,0.07245554384148199,0.4084340748752698,0.15825720039184293,0.16033017637783736,0.07821723252011543,1.0772542485937369,0.0
0.5205205205205206,0.1324732388629104,-0.3414449310880551,1.0755375903485505,-0.055071231419715906,0.07943818790334176,0.34913220309298854,0.1564421260131942,0.1587286381952093,0.08131858259744179,1.0802359024518025,0.0
0.5405405405405406,0.1259906895149778,-0.32412746739663056,1.0751742972889051,-0.0181646529822622,0.08620253108315497,0.33821715899066024,0.15542858621797334,0.15728389856415034,0.08441672235636695,1.0832048861307466,0.0
0.5605605605605606,0.1198835298658967,-0.3053579824540547,1.0755095570524074,0.016762988175113472,0.09260343103896237,0.3200449977903697,0.15410137036486046,0.15557509062523223,0.08751152948763803,1.0861607307936292,0.0
0.5805805805805806,0.114178742370354,-0.28523937477713524,1.0764952308750773,0.049283691133496274,0.09809823363360955,0.27474012973235834,0.15288810634082003,0.1543254109641756,0.09060288181356867,1.0891029696783128,0.0
0.6006006006006006,0.10890207776920731,-0.26383323005733417,1.0780916985653195,0.07982338451211256,0.101886651544534,0.18942089554622135,0.1500279852790441,0.15200588293480286,0.0936906572928623,1.0920311381711696,0.0
0.6206206206206206,0.10407029783601612,-0.24158899665955935,1.0802196001103705,0.10639507725254861,0.10464347731328108,0.13784128843735372,0.14744541472183867,0.14957814135858702,0.09677473402543012,1.0949447738804503,0.0
0.6406406406406406,0.09969203362367626,-0.21891321061699287,1.082802878917784,0.12916394037067291,0.10687825792586138,0.11173903062901436,0.14515289866398814,0.14712713730705923,0.09985499025720351,1.0978434167093005,0.0
0.6606606606606606,0.09577144127844534,-0.1960296172615461,1.0857699543299089,0.14835377060624866,0.10862012156176377,0.08709318179512059,0.14312420773734105,0.14492679427192812,0.10293130438494066,1.1007266089284156,0.0
0.6806806806806807,0.0923110781586423,-0.17301815599015163,1.0890571446885182,0.16435951793047324,0.10950991761961934,0.044489802892778735,0.14116476538033215,0.14304480682490753,0.10600355496102731,1.103593895248321,0.0
0.7007007007007007,0.08931147234668066,-0.1499802905980823,1.0926067758137674,0.17748155626245526,0.11005296084888737,0.02715216146340166,0.13942308936636402,0.14107541934311604,0.10907162069827128,1.1064448228912682,0.0
0.7207207207207207,0.08676989084657434,-0.1270790750053159,1.096363548282904,0.18783862345682625,0.11001270802974708,-0.002012640957016573,0.13778981589875788,0.13937931914448276,0.11213538047469059,1.1092789416627333,0.0
0.7407407407407407,0.08468314162233365,-0.104337461212035,1.1002780017453706,0.1957226731233378,0.10839164402505126,-0.08105320023479055,0.13553584355535483,0.13776541179023802,0.11519471333829528,1.112095804022508,0.0
0.7607607607607607,0.08304399508021264,-0.08195732710605047,1.104293059713162,0.20075289838956767,0.1063706701544985,-0.101048693527637,0.13373971526674608,0.13591469936104356,0.11824949851186234,1.114894965155372,0.0
0.7807807807807807,0.08183975637903616,-0.060211935058823635,1.1083556449031855,0.20312925950117894,0.10364668568820645,-0.13619922331460374,0.13210815889649255,0.1344550130735903,0.1212996153977037,1.1176759830413332,0.0
0.8008008008008007,0.08105672714000267,-0.03915146195167435,1.1124210551457743,0.20327051212943942,0.10116325342025549,-0.12417161339754774,0.13107532213174716,0.13299370248058023,0.1243449435824274,1.1204384185254288,0.0
0.8208208208208209,0.08067993613876166,-0.01883955006205019,1.116453678996484,0.20163119253549214,0.09865481678248585,-0.1254218318884812,0.13046394720952703,0.13211861679683704,0.12738536284169108,1.1231818353870728,0.0
0.8408408408408409,0.08069713376221795,0.0008598811728141552,1.120432646751678,0.19894838775970558,0.09583455638076432,-0.14101302008607516,0.1298479493820047,0.13143342144526207,0.13042075314494847,1.1259058004089402,0.0
0.8608608608608609,0.08109622177625375,0.01995440070179054,1.124339811456332,0.19535823523270562,0.09288176479252751,-0.1476395794118417,0.1294259749516233,0.13084455604735346,0.13345099466018778,1.1286098834453766,0.0
0.8808808808808809,0.08186428595233644,0.038403208804134434,1.1281614032675849,0.19107959056263385,0.09020158377231668,-0.13400905101054073,0.12915163291233783,0.13013156086692707,0.1364759677586626,1.1312936574903238,0.0
0.9009009009009009,0.08298843477184463,0.05620744097540921,1.1318840171510811,0.18613069417481815,0.08710857355448645,-0.15465051089151213,0.12890548682956204,0.12989623676600434,0.13949555301961464,1.1339566987447491,0.0
0.9209209209209209,0.0844572575043039,0.07344113662296375,1.1355015863465314,0.1808784597725154,0.0839923756861375,-0.15580989341744794,0.12867970370129886,0.1294463481465232,0.14250963123498805,1.1365985866835673,0.0
0.9409409409409409,0.08625750045411716,0.0900121474906635,1.139005286927834,0.17518502906512967,0.08119720944645428,-0.13975831198416058,0.12870695674784832,0.12901125117482273,0.1455180834141359,1.139218904122047,0.0
0.960960960960961,0.0883766800359688,0.10595897909258169,1.1423902203005292,0.1692466686347575,0.07787804094799175,-0.16595842492312762,0.12864878176119582,0.12904885106555963,0.14852079078851746,1.141817237281689,0.0
0.980980980980981,0.09080346058982053,0.12133902769258642,1.1456570694640853,0.16334245817781037,0.074914407931248,-0.1481816508371874,0.12863645908004806,0.12857733112822334,0.15151763481638697,1.144393175855567,0.0
1.001001001001001,0.09352433884580084,0.13604391279901562,1.148799798320541,0.15713644282278613,0.0719637299156991,-0.1475339007774449,0.1287537305320659,0.1284443827098267,0.1545084971874737,1.1469463130731183,0.0
1.021021021021021,0.09652783278532268,0.1501746969760912,1.1518191457080944,0.15096736937767863,0.06863051773902205,-0.16666060883385184,0.1279115534586402,0.1290504485735128,0.1574932598276524,1.1494762457643797,0.0
1.0410410410410411,0.09980199752774885,0.16370823712130836,1.15471255459104,0.14467044414727176,0.06650714767496807,-0.10616850320269874,0.12657772636416342,0.12669084660300572,0.16047180490360474,1.1519825744236514,0.0
1.0610610610610611,0.10333026663193824,0.17641345520946938,1.1574264369824938,0.13569411957269337,0.06450370236899378,-0.10017226529871541,0.1281610895584766,0.12789502255222646,0.16344401482747123,1.1544649032725836,0.0
1.0810810810810811,0.10710706350674243,0.18883984374020926,1.1600027024962027,0.128813275685447,0.06256876535983898,-0.09674685045774062,0.12905798933702883,0.12843254237022222,0.16640977226149334,1.1569228403226752,0.0
1.1011011011011012,0.1111261778417533,0.20095571675054316,1.1624631772550775,0.12302373794373406,0.059823014063021054,-0.13728756484089535,0.12940346837566039,0.12901240594378652,0.1693689601226457,1.1593559974371725,0.0
1.1211211211211212,0.11538035950459305,0.21270908314198791,1.1648221118329967,0.11794672889595689,0.057530818547602516,-0.11460977577092699,0.1296139974340036,0.12866190409554218,0.17232146158725853,1.1617639903923611,0.0
1.1411411411411412,0.11985836912892095,0.22390048121639516,1.1670781651777193,0.11280266723613683,0.05606452475274862,-0.07331468974269487,0.1299102905546208,0.12811132552663224,0.1752671600956295,1.1641464389382392,0.0
1.1611611611611612,0.12455142753078023,0.23465292009296415,1.1692281794753439,0.10750071488122558,0.053753115278226,-0.1155704737261303,0.1299306230294607,0.12835621263182553,0.17820593935662535,1.166502966858563,0.0
1.1811811811811812,0.12945338776030557,0.24509801147626636,1.171276489289802,0.10241549072290315,0.051969318488152984,-0.08918983950365113,0.12988844169994324,0.12767126191576345,0.18113768335227282,1.168833202030256,0.0
1.2012012012012012,0.13455500422640176,0.25508082330480936,1.1732129132783695,0.09682119942837365,0.04928855741899805,-0.13403805345774736,0.12984143912843774,0.12791033803650487,0.18406227634233896,1.171136776482172,0.0
1.2212212212212212,0.13984949053223128,0.2647243152914752,1.175040754888947,0.09139208052886931,0.04572873824037938,-0.17799095893093375,0.1297669082864838,0.1281842198293586,0.1869796028689002,1.1734133264532012,0.0
1.2412412412412412,0.1453262072259044,0.2738358346836552,1.1767635819405045,0.08614135257787611,0.04232859002950752,-0.17000741054359284,0.1298719075866331,0.12800831206286561,0.18988954776090053,1.1756624924497123,0.0
1.2612612612612613,0.15097140719293697,0.2822599983516285,1.1783810889716053,0.08087535155504272,0.03862311803541494,-0.1852735997046294,0.13007825187106287,0.12824860759668244,0.19279199613869827,1.1778839193023214,0.0
1.2812812812812813,0.156771829550687,0.2900211178875015,1.1799005586563074,0.07597348423510612,0.03546029264699763,-0.15814126942086568,0.13033158423356112,0.12799488211414697,0.1956868334186012,1.1800772562219768,0.0
1.3013013013013013,0.162712969170879,0.2970569810095997,1.1813226529443956,0.0711047144044166,0.03276889272911665,-0.1345699958940489,0.13059500443555008,0.12776916329139412,0.1985739453173903,1.182242156855353,0.0
1.3213213213213213,0.168782474701728,0.30347527654244993,1.182648473122834,0.06629100892191178,0.030392332088189197,-0.1188280320463722,0.13079055932196706,0.1275541265139377,0.20145321785683132,1.1843782793395434,0.0
1.3413413413413413,0.1749698580660624,0.3093691682167212,1.1838781771417939,0.06148520094799975,0.028058863662256097,-0.11667342129665498,0.13091705588671979,0.1274395459922827,0.20432453736817452,1.1864852863560456,0.0
1.3613613613613613,0.18126587239505945,0.3148007164498522,1.1850123247266493,0.05670737924277529,0.02560935377306136,-0.12247549445973678,0.1310746231751386,0.127468724803488,0.20718779049664207,1.188562845184026,0.0
1.3813813813813813,0.1876617272925176,0.3197927448729072,1.1860540389065501,0.05208570899504571,0.022495252366254822,-0.1557050703403267,0.1313990298834019,0.1280584772210318,0.21004286420590312,1.1906106277528619,0.0
1.4014014014014013,0.1941481594840547,0.3243216095768559,1.187017204224344,0.048158265889702186,0.019170634487025287,-0.16623089396147636,0.13182021668419075,0.12849811187158605,0.21288964578253636,1.1926283106939473,0.0
1.4214214214214214,0.20071330541293356,0.32825729644394325,1.1879149384594287,0.04488671175423628,0.015807743996012154,-0.16814452455065715,0.13232012789520592,0.12893107570348386,0.21572802284047946,1.1946155753917558,0.0
1.4414414414414414,0.20734445202100857,0.3315573304037504,1.1887613935768315,0.04232275587013913,0.012486786328936121,-0.16604788335380138,0.1326109661867878,0.1291175110532919,0.21855788332546644,1.1965721080341547,0.0
1.4614614614614614,0.21402850300799622,0.3342025493493828,1.1895639196628638,0.040126304301607886,0.00937491535157338,-0.15559354886813706,0.1330567027609116,0.12936011732135758,0.22137911551945075,1.198497599661959,0.0
1.4814814814814814,0.22075274934842795,0.3362123170215858,1.190332941138372,0.03845107377541479,0.006063000660572038,-0.1655957345500671,0.1334991429444225,0.12988165971876664,0.22419160804501612,1.2003917462177192,0.0
1.5015015015015014,0.22750519791823634,0.33762242849041996,1.1910829055545262,0.0374982208077083,0.0025639318697243457,-0.17495343954238454,0.13398111803799378,0.13046933189967994,0.22699524986977337,1.2022542485937369,0.0
1.5215215215215214,0.23427260190014806,0.33837019909558663,1.1918297786246885,0.037343653508116595,-0.00015555871680862768,-0.13597452932664866,0.1321155196304843,0.12675360166841984,0.2297899303107439,1.204084812679296,0.0
1.5415415415415414,0.24104137099756662,0.33843845487092755,1.1924909362810543,0.03305788281828376,-0.004378927244143005,-0.2111684263667188,0.12796355272081658,0.12361699223294986,0.23257553903872916,1.205883149407107,0.0
1.5615615615615615,0.24780099800674008,0.33798135045867245,1.1929585042898465,0.02337840043961024,-0.009072070172983423,-0.23465714644202065,0.13263094606484835,0.12869889901053713,0.23535196608266626,1.2076489747989532,0.0
1.5815815815815815,0.25453536871885185,0.33671853560558845,1.1933770876606595,0.020929168540654745,-0.014459770553516443,-0.26938501902665124,0.13577746306077917,0.1325086248924745,0.23811910183396956,1.2093820100105355,0.0
1.6016016016016015,0.2612253655135883,0.33449983973682235,1.1938496683428703,0.023629034110541625,-0.019899094803376753,-0.27196621249301556,0.13821949984267762,0.1352734122914344,0.24087683705085766,1.2110819813755038,0.0
1.6216216216216217,0.2678485470066842,0.3311590746547945,1.1944530674570246,0.03016995570771036,-0.025195473428092793,-0.2648189312358023,0.1396916061761255,0.13697903034736866,0.24362506286266614,1.2127486204486728,0.0
1.6416416416416417,0.27438179316807304,0.3266623080694429,1.195233836090704,0.039038431683966306,-0.029621893581445322,-0.2213210076676264,0.14031255238456883,0.13736323627770292,0.24636367077414578,1.214381664048413,0.0
1.6616616616616617,0.28080353729932683,0.3210872065626901,1.1962061843584442,0.04861741338700821,-0.03428293667539262,-0.23305215469736468,0.14055486869640127,0.1381024031849373,0.24909255266974545,1.215980854298209,0.0
1.6816816816816818,0.2870950721822765,0.3145767441474814,1.1973839469633216,0.05888813024387156,-0.03828378685667716,-0.2000425090642272,0.14045298047197644,0.1379375086615382,0.2518116008178804,1.2175459386673815,0.0
1.7017017017017018,0.29323775032928795,0.307133907350573,1.198762345904536,0.06891994706072178,-0.04233693898467579,-0.20265760639993088,0.14028605374678096,0.13817622244269376,0.25452070787518566,1.2190766700109659,0.0
1.7217217217217218,0.29921499858106465,0.29886241258883633,1.2003416392770978,0.07896466862808507,-0.04559378287554944,-0.16284219454368315,0.1397418825565819,0.13749821326426198,0.2572197668907532,1.2205728066087382,0.0
1.7417417417417418,0.3050113992953912,0.28982003571632625,1.2021028589320435,0.08806098274728867,-0.04890470627303404,-0.16554616987423035,0.13891273487799843,0.13708290805318585,0.2599086713103547,1.2220341122033862,0.0
1.7617617617617618,0.310614822350762,0.2801711527685408,1.2040268179940654,0.09619795310110126,-0.05234206649343499,-0.17186801102004695,0.1382071681038106,0.13687714179161461,0.26258731498064786,1.2234603560378159,0.0
1.7817817817817818,0.3160124121411449,0.2698794895191448,1.2060992326134936,0.10362073097140764,-0.05498355850391145,-0.1320746005238228,0.13760286924130644,0.13617624541727857,0.265255592153367,1.2248513128915928,0.0
1.8018018018018018,0.32119173792028605,0.2589662889570579,1.2082999420871434,0.11003547368249168,-0.05761064080700678,-0.13135411515476617,0.13668292272901056,0.13566693535263166,0.26791339748949833,1.226206763116505,0.0
1.8218218218218218,0.32614297394545516,0.24756180125845573,1.210607110857813,0.11535843853347523,-0.058615690817326184,-0.05025250051597019,0.1358493267979155,0.13416503302631394,0.2705606260634379,1.2275264926712488,0.0
1.8418418418418419,0.3308582114679792,0.23576187612620206,1.212985506035845,0.11891975890159981,-0.059500345460076265,-0.0442327321375039,0.13449290703722666,0.13305998495872207,0.27319717336713456,1.2288102931552294,0.0
1.8618618618618619,0.33533584875747197,0.22388186447463584,1.2153984352530307,0.12064646085928107,-0.06006324698540577,-0.028145076266475524,0.1334485885790912,0.1321354374344776,0.27582293531421515,1.2300579618414675,0.0
1.8818818818818819,0.33957473666407895,0.2119443953303482,1.217816558643641,0.1209061695305068,-0.061006712901241746,-0.047173295791797784,0.1325120666820374,0.1317865861885395,0.278437808244094,1.2312693017086145,0.0
1.901901901901902,0.3435739654763659,0.19996144061434523,1.2202207503975788,0.12020958769689673,-0.06158530557357939,-0.0289296336168833,0.13198408632498076,0.13138236096744044,0.2810416889260653,1.2324441214720627,0.0
1.921921921921922,0.34733101511234266,0.18785248179884026,1.2225970366942542,0.118814314833769,-0.061822248991505305,-0.011847170896294664,0.1313859719153888,0.1309101557913097,0.28363447456337826,1.233582235614153,0.0
1.941941941941942,0.3508448629140729,0.17569239008651294,1.2249295012377346,0.11662322717401456,-0.06157439840195308,0.012392529477611332,0.13080156567281398,0.13034085509451707,0.2862160627972954,1.2346834644134685,0.0
1.961961961961962,0.35411631215685674,0.1635724621391915,1.2272010920652656,0.11357954137655091,-0.06176489675236991,-0.009524917520840948,0.12994722346627668,0.13010262248637086,0.2887863517111338,1.235747633973216,0.0
1.981981981981982,0.3571473535384672,0.1515520690805232,1.2293957929802564,0.10973504574953773,-0.061361206094455875,0.02018453289570107,0.12960055181938682,0.1297141307287528,0.291345239834288,1.2367745762486861,0.0
2.002002002002002,0.35993843291436056,0.1395539687946684,1.2315027830922758,0.10534950560097207,-0.060980405794719285,0.01904001498682917,0.1289241918120756,0.12937941893930394,0.29389262614623657,1.2377641290737884,0.0
2.022022022022022,0.36249211961795497,0.1276843351797202,1.2335073111207981,0.10022640142612164,-0.05998743653057811,0.04964846320705875,0.12881791965042638,0.12901451097686306,0.2964284100805296,1.2387161361866608,0.0
2.042042042042042,0.36481107312049993,0.1159476751272476,1.235402615075407,0.09476519773044144,-0.05985217387981757,0.006763132538026781,0.12774703694543674,0.1288204965191646,0.2989524915287594,1.239630447254344,0.0
2.062062062062062,0.3669001609767699,0.1044543928134993,1.2371703393436873,0.08838621341401423,-0.05919865618367089,0.032675884807334715,0.12774742609652917,0.1288375027986444,0.30146477084451234,1.2405069178965213,0.0
2.0820820820820822,0.36875985394926997,0.092984648625002,1.238810907575731,0.08202841160218673,-0.05739403838746057,0.09023088981051486,0.12776409413522524,0.12840683104859643,0.3039651488473027,1.2413454097083185,0.0
2.1021021021021022,0.3703935300798635,0.08168380652967565,1.2403184774033393,0.07537849138042098,-0.05553187862664596,0.09310798804073007,0.1272520431470202,0.128101616957126,0.30645352682648824,1.2421457902821578,0.0
2.1221221221221223,0.3718092158937374,0.07078429069369685,1.2416814952474233,0.0681508922042013,-0.054104802351963716,0.07135381373411324,0.12674967155220618,0.12813596202695077,0.30892980654516716,1.2429079332286685,0.0
2.1421421421421423,0.3730143894107211,0.06025867584918629,1.242893578166695,0.060604145963581324,-0.05232851573700792,0.0888143307477895,0.12678125168805437,0.1282044441805951,0.3113938902440563,1.2436317181966443,0.0
2.1621621621621623,0.3740144612410915,0.050003591518518326,1.2439566466719203,0.05315342526126835,-0.04996558446208886,0.11814656374595313,0.1268873085481151,0.12816018148539365,0.3138456806453503,1.2443170308920484,0.0
2.1821821821821823,0.3748167193002015,0.04011290295550006,1.2448721119151425,0.045773262161103126,-0.04821007786531603,0.08777532983864143,0.12638864368103264,0.1282730001640962,0.3162850809565622,1.2449637630960617,0.0
2.2022022022022023,0.3754304902854793,0.030688549263891002,1.2456348568194233,0.038137245214045094,-0.04644620298597332,0.0881937439671352,0.12640073237242325,0.12852341243618054,0.3187119948743449,1.2455718126821722,0.0
2.2222222222222223,0.37586259084853624,0.021605028152844884,1.246249227633494,0.030718540703536763,-0.04502020899522939,0.07129969953719606,0.1261198429998801,0.12871462736950443,0.3211263265882922,1.2461410836323012,0.0
2.2422422422422423,0.37611976165880523,0.012858540513449809,1.2467143425515193,0.023255745901264148,-0.04323907397525192,0.08905675099887429,0.12626481286404342,0.12888874890622376,0.32352798078472217,1.246671486051967,0.0
2.2622622622622623,0.3762075333953485,0.004388586827165282,1.2470352981618327,0.016047780515665647,-0.041604626509408084,0.08172237329219187,0.1260502993434243,0.12901306565784856,0.3259168626504394,1.2471629361844785,0.0
2.2822822822822824,0.3761328127505908,-0.00373603223788644,1.2472111774274166,0.008793963279191266,-0.039805081736032116,0.08997723866879881,0.12609609997504592,0.1291957510977663,0.32829287787647826,1.2476153564241628,0.0
2.3023023023023024,0.3759017752037851,-0.011551877340285729,1.2472457433099855,0.001728294128440385,-0.037765024034522886,0.10200288507546103,0.12621541215344215,0.12938502302967478,0.33065593266182597,1.2480286753286194,0.0
2.3223223223223224,0.3755211445995014,-0.01903153021418296,1.2471439548399972,-0.005089423499413266,-0.03537755855385725,0.11937327403328171,0.126480376461987,0.12962367598163693,0.3330059337171258,1.248402827630002,0.0
2.3423423423423424,0.37499887557822287,-0.026113451063928653,1.246913678245393,-0.011513829730209146,-0.03361059394361924,0.08834823051190065,0.12612014659368304,0.12986291350754672,0.33534278826835995,1.248737754245325,0.0
2.3623623623623624,0.37434416515638524,-0.03273552109188093,1.2465535598145734,-0.0180059215409746,-0.03189217520224594,0.08592093706866506,0.12609840889452992,0.13009855059816994,0.3376664040605122,1.2490334022857932,0.0
2.3823823823823824,0.3735638544327957,-0.03901553617947615,1.2460671071137273,-0.024322635042309186,-0.030344938771817934,0.07736182152140023,0.125915588349316,0.13025224046188447,0.3399766893612096,1.2492897250651536,0.0
2.4024024024024024,0.37266414602427067,-0.04498542042625284,1.245454210568161,-0.03064482727831406,-0.02764194284082978,0.13514979654940734,0.12679749416350947,0.13057731967418826,0.3422735529643443,1.249506682107068,0.0
2.4224224224224224,0.37165064164778217,-0.050675218824425695,1.2447330358521889,-0.036058735798602366,-0.02463505562492633,0.15034436079517272,0.12734596035313367,0.13105019116392025,0.34455690419367424,1.2496842391515044,0.0
2.4424424424424425,0.3705338494608973,-0.05583960934424326,1.2439191027072107,-0.04069665724890345,-0.02263654810172049,0.0999253761602921,0.12691781400766952,0.13140526366641472,0.34682665290640247,1.2498223681601472,0.0
2.4624624624624625,0.3693252062531966,-0.06043216038503535,1.243011713038431,-0.04536948343898117,-0.02055919381389976,0.1038677143910368,0.12706863780382535,0.13166666943843888,0.3490827094967363,1.249921047320825,0.0
2.4824824824824825,0.368031729319055,-0.06467384670708148,1.242017237771692,-0.04972376333694837,-0.016932537853234734,0.18133279803325095,0.12859445134758363,0.13227928818540596,0.3513249848994246,1.249980261050954,0.0
2.5025025025025025,0.3666612494284283,-0.0685239945313325,1.2409676023710239,-0.052481770033404665,-0.013545654767225208,0.16934415430047622,0.12900292773751987,0.13285835881667052,0.35355339059327373,1.25,0.0
2.5225225225225225,0.36522783406844567,-0.07167076799913225,1.2398777495000584,-0.054492643548272234,-0.010808547598620273,0.1368553584302468,0.12800406001312659,0.1325190686027478,0.35576783860464267,1.249980261050954,0.0
2.5425425425425425,0.36374448919379426,-0.07416724373256907,1.2387280948323092,-0.05748273338746324,-0.007091636825692178,0.18584553864640488,0.12876915685639004,0.13264705691840656,0.35796824151091555,1.249921047320825,0.0
2.5625625625625625,0.36222199574275327,-0.07612467255204883,1.2375320527683307,-0.059802103198925656,-0.0036498521317564663,0.1720892346967855,0.12986251989346168,0.13386893337480843,0.36015451244395347,1.2498223681601472,0.0
2.5825825825825826,0.36067427578234557,-0.07738599802038587,1.2363240945585132,-0.060397910490872536,0.0002603148194127896,0.19550834755846275,0.13123141731071825,0.13485880243412018,0.3623265650935233,1.2496842391515044,0.0
2.6026026026026026,0.35911494556702467,-0.07796651076604605,1.2351392486518162,-0.059242295334849544,0.003687658260133224,0.1713671720360217,0.13173963676904132,0.1355752159621013,0.3644843137107058,1.249506682107068,0.0
2.6226226226226226,0.35755909558429944,-0.07779249913626163,1.2339956633446756,-0.05717926535702834,0.00760830230527774,0.19603220225722576,0.1327528485456647,0.1361401708777834,0.36662767311128,1.2492897250651533,0.0
2.6426426426426426,0.35602045362729506,-0.07693209785021723,1.232916654434328,-0.05395044551738033,0.01149093879502618,0.19413182448742197,0.1334047330397762,0.13664138111263793,0.36875655867908697,1.2490334022857932,0.0
2.6626626626626626,0.3545149211602926,-0.07527662335012289,1.231919157222207,-0.04987486060604889,0.014809094043412603,0.1659077624193212,0.1334936166263019,0.13691772643466144,0.3708708863693696,1.248737754245325,0.0
2.6826826826826826,0.3530581624457828,-0.07283793572549002,1.2310083595554602,-0.045539883337344135,0.01747119829240966,0.13310521244985257,0.13318139970447518,0.13687187036828988,0.37297057271209105,1.248402827630002,0.0
2.7027027027027026,0.3516629771010079,-0.06975926723874537,1.2301787036079033,-0.04148279737784467,0.020562084507990835,0.15454431077905903,0.13354889098168038,0.13679427516777812,0.3750555348152298,1.2480286753286194,0.0
2.7227227227227226,0.3503397253520889,-0.06616258744595006,1.2294342379509848,-0.03722328284592357,0.024450904117254806,0.1944409804631981,0.13449622223340613,0.13697216662893172,0.3771256903680519,1.2476153564241628,0.0
2.7427427427427427,0.3491009766926857,-0.06193743297016168,1.228791316820981,-0.03214605650019467,0.028717929118028052,0.21335125003866268,0.13543646445143567,0.13734279526938553,0.37918095764436094,1.2471629361844785,0.0
2.7627627627627627,0.34796305300880304,-0.05689618419413376,1.228268912196556,-0.026120231221252285,0.03222064379316651,0.17513573375692337,0.13549854860150387,0.13755531665660475,0.38122125550572394,1.246671486051967,0.0
2.7827827827827827,0.3469429378525655,-0.05100575781187436,1.2278705261279599,-0.019919303429806176,0.035740048310510364,0.1759702258671918,0.13567577417757246,0.1373724407918184,0.3832465034046749,1.2461410836323012,0.0
2.8028028028028027,0.34605463292738703,-0.04441524625892394,1.2275955353608061,-0.013749538357689113,0.03911122260148132,0.16855871454854804,0.1356591455956582,0.13707644186067988,0.3852566213878946,1.2455718126821722,0.0
2.8228228228228227,0.3453123120863366,-0.03711604205251964,1.227438721725173,-0.007840681781656582,0.04157109675766783,0.122993707809326,0.13506531951554604,0.13670345649120316,0.3872515300993669,1.2449637630960617,0.0
2.8428428428428427,0.34472885571544865,-0.029172818544398273,1.2273851633634576,-0.0026779180857732796,0.043401794501973075,0.09153488721526182,0.13421706488403087,0.13591818760871063,0.38923115078351167,1.2443170308920484,0.0
2.8628628628628627,0.3443125773348023,-0.020813919032317652,1.2274101952986927,0.0012515967617529947,0.045697545543823694,0.11478755209253103,0.1340645027813875,0.13512408517598526,0.39119540528829405,1.2436317181966443,0.0
2.8828828828828827,0.3440703658957993,-0.012110571950149853,1.2274994303517157,0.004461752651147196,0.04719170461235446,0.07470795342653916,0.133425308992357,0.13464079751722793,0.39314421606830946,1.2429079332286685,0.0
2.9029029029029028,0.344010420164968,-0.002997286541565858,1.2276357969263156,0.006818328730001148,0.04811428080656234,0.04612880971039354,0.13266883988214512,0.13392915185754845,0.39507750618784515,1.2421457902821578,0.0
2.9229229229229228,0.344137252326005,0.006341608051850132,1.2277972562969104,0.008072968529741154,0.04907267181238304,0.04791955029103521,0.1321683224715122,0.1330888207996641,0.39699519932391764,1.2413454097083185,0.0
2.942942942942943,0.34445327898881467,0.0158013331404837,1.227963772869907,0.008325828649835058,0.05007154574976686,0.049943696869190354,0.13188362891517344,0.13244267396348383,0.3988972197692855,1.2405069178965216,0.0
2.962962962962963,0.34496115739145616,0.02539392013207381,1.228121384977387,0.00788060537399684,0.0514687439274327,0.06985990888329241,0.13186048190817487,0.13179397530437187,0.40078349243543826,1.239630447254344,0.0
2.982982982982983,0.34566402127574947,0.03514319421466592,1.2282599641514695,0.006928958704122344,0.053035965984521365,0.07836110285443276,0.13183171253566855,0.1312481974795169,0.40265394285556094,1.2387161361866608,0.0
3.003003003003003,0.3465668802289456,0.04514294765980609,1.2283707475049366,0.005539167673352435,0.05397478337270295,0.04694086940907986,0.1314948519717054,0.1309034657970621,0.4045084971874737,1.2377641290737884,0.0
3.023023023023023,0.3476749333771274,0.055402657409089597,1.2284433547263853,0.0036303610724346996,0.054736097419620725,0.03806570234588813,0.13033983021590703,0.12978675253930433,0.406347082216547,1.2367745762486861,0.0
3.043043043043043,0.3489901131707148,0.06575898967937172,1.2284440156638503,3.3046873243942985e-05,0.05467715669000229,-0.0029470364809213653,0.1295874943541423,0.12917745657577775,0.40816962535859197,1.235747633973216,0.0
3.063063063063063,0.3505136778123181,0.07617823208016627,1.2283524895575384,-0.004576305315599908,0.0548182865210574,0.007056491552755248,0.1296586578425232,0.12875465476818676,0.4099760546627262,1.2346834644134685,0.0
3.083083083083083,0.35224501989242984,0.08656710400558514,1.2281636664632343,-0.009441154715208937,0.054542761392455626,-0.013776256430088089,0.12956837699996784,0.12856195151236527,0.4117662988142137,1.233582235614153,0.0
3.103103103103103,0.3541843865486557,0.09696833281129255,1.227873416160311,-0.014512515146162929,0.05345823567072225,-0.054226286086669254,0.12919627465034988,0.12837662986967183,0.4135402871372809,1.2324441214720627,0.0
3.123123123123123,0.356329791043128,0.10727022472361576,1.2274736411359297,-0.019988751219073213,0.05239335599042844,-0.053243984014690396,0.1289271835010773,0.1277889870173181,0.4152979495979063,1.2312693017086145,0.0
3.143143143143143,0.35867621138456907,0.11732101707205408,1.2269519902858335,-0.026082542504812168,0.05112005821156393,-0.06366488894322535,0.12876186731691908,0.1274552487141384,0.41703921680658557,1.2300579618414675,0.0
3.163163163163163,0.36121887155184645,0.12713300836386937,1.226301407361283,-0.03252914622752463,0.04984758094171969,-0.06362386349221155,0.12864810959252168,0.12704331492284235,0.4187640200210709,1.2288102931552294,0.0
3.183183183183183,0.3639523346356688,0.13667315419111753,1.2255144858421583,-0.03934607595623305,0.04836973108563533,-0.07389249280421842,0.12858005902172104,0.12681393306817368,0.4204722911490845,1.227526492671249,0.0
3.203203203203203,0.36687128202503433,0.14594736946827747,1.2245871983388625,-0.046364375164787176,0.04676565054883608,-0.08020402683996321,0.1285345334117924,0.12656729432986968,0.42216396275100754,1.2262067631165048,0.0
3.2232232232232234,0.36996978421551885,0.15492510952422733,1.2235156323968943,-0.05357829709840757,0.04473279163590169,-0.10164294564671839,0.12851721715248893,0.12656331994719572,0.4238389680425416,1.2248513128915928,0.0
3.2432432432432434,0.37324114711820017,0.16356814513406664,1.2222999035545852,-0.0607864421154587,0.04329948056063537,-0.07166555376331657,0.12859646764545488,0.12599218616070737,0.4254972408973459,1.2234603560378159,0.0
3.2632632632632634,0.3766772276472295,0.1718040264514672,1.2209332277860578,-0.06833378842636491,0.04183549844212712,-0.07319910592541193,0.12875823359958782,0.12588422572591143,0.4271387158496476,1.2220341122033862,0.0
3.2832832832832834,0.38027274686557566,0.17977596091730833,1.2194167925341295,-0.07582176259641354,0.03948547112959694,-0.11750136562650995,0.12884901361839327,0.12628856032068017,0.42876332809682616,1.2205728066087382,0.0
3.3033033033033035,0.38402230709298063,0.1874780113702491,1.2177583157878693,-0.0829238373130105,0.03651366705865068,-0.14859020354731212,0.12897378200246784,0.12662029341084888,0.4303710135019718,1.2190766700109659,0.0
3.3233233233233235,0.3879169598952318,0.1947326401125566,1.2159650652574407,-0.08966252652142903,0.03346749780330824,-0.15230846276712257,0.12923565341606444,0.12677382581404206,0.4319617085964177,1.2175459386673815,0.0
3.3433433433433435,0.39194499372888614,0.2014016916827179,1.214043761861561,-0.09606516979398863,0.03148242943100758,-0.09925341861503252,0.12953836855559767,0.12621119500960043,0.433535350582245,1.215980854298209,0.0
3.3633633633633635,0.39609498594424947,0.2074996107681677,1.2119910991910423,-0.10263313352593116,0.028899850727884542,-0.12912893515615298,0.12990567027022917,0.126764580808261,0.43509187733476284,1.214381664048413,0.0
3.3833833833833835,0.40035915808580813,0.2132086070779324,1.2098210967660146,-0.10850012125138409,0.027136112687017204,-0.0881869020433665,0.13007962257025535,0.1262148068667754,0.43663122740496,1.212748620448673,0.0
3.4034034034034035,0.40472738911383704,0.21841155140144472,1.2075286146534223,-0.11462410562961026,0.025618183860443688,-0.07589644132867554,0.1303217283750977,0.12606380863466285,0.4381533400219318,1.2110819813755038,0.0
3.4234234234234235,0.4091932019450179,0.22329064155904407,1.2051153247633977,-0.12066449450122901,0.023303940284239103,-0.11571217881022969,0.1304445021978265,0.12649342674741323,0.4396581550952781,1.2093820100105355,0.0
3.4434434434434436,0.41375098819529077,0.22788931251364364,1.2025896943375778,-0.12628152129098885,0.020275456629425655,-0.1514241827406725,0.1309365339707493,0.1272982453900893,0.44114561321747664,1.2076489747989532,0.0
3.4634634634634636,0.41839215508436545,0.23205834445373408,1.1999712724996576,-0.13092109189601026,0.01705032023214488,-0.16125681986403853,0.13147394268189688,0.12786551806610008,0.44261565566622757,1.205883149407107,0.0
3.4834834834834836,0.423105184946486,0.23565149310602826,1.1972767799122375,-0.1347246293710092,0.01401734206380812,-0.15164890841683806,0.13199938594595495,0.12818666889511812,0.44406822440677224,1.204084812679296,0.0
3.5035035035035036,0.4278777753410488,0.23862951972814062,1.1945190759841873,-0.13788519640251268,0.011088140466090165,-0.14646007988589782,0.13222738899299777,0.12827322991643725,0.4455032620941839,1.2022542485937369,0.0
3.5235235235235236,0.4326983643456571,0.241029450230415,1.1917030755304636,-0.14080002268618677,0.007822584169255084,-0.1632778148417538,0.13396708572951724,0.1301522397233228,0.4469207120756319,1.2003917462177192,0.0
3.5435435435435436,0.43755619075224916,0.24289132032960342,1.1888825950865443,-0.14102402219596327,0.004301285027850054,-0.1760649570702516,0.13413662886430988,0.13046863987228124,0.44832051839261794,1.198497599661959,0.0
3.5635635635635636,0.4424388393607336,0.24413243042422222,1.186064962877215,-0.14088161046646228,-0.00016808802159933947,-0.22346865247246972,0.134499726112893,0.13150154697228314,0.4497026257831855,1.1965721080341547,0.0
3.5835835835835836,0.44733225919951397,0.24467099193901878,1.1832709432759017,-0.13970098006567577,-0.004350924902875656,-0.2091418440638158,0.13495797705309537,0.13187394916229053,0.4510669796841014,1.1946155753917558,0.0
3.6036036036036037,0.4522189093937387,0.24433250971123635,1.1805128541688164,-0.13790445535426646,-0.008515243184188332,-0.20821591406563378,0.1353697087815524,0.13240373340646974,0.4524135262330098,1.1926283106939473,0.0
3.6236236236236237,0.457082263726622,0.24316771664416278,1.1778045669983244,-0.13541435852460082,-0.012704196745797073,-0.209447678080437,0.13575983545643874,0.13296785234359884,0.4537422122705585,1.1906106277528619,0.0
3.6436436436436437,0.4619054479102805,0.24115920918292505,1.1751600560914308,-0.13222554534467965,-0.016177659782006828,-0.17367315181048767,0.1360478965722227,0.13295227333890072,0.45505298534249783,1.188562845184026,0.0
3.6636636636636637,0.4666722419117275,0.23833970007235014,1.1725831087573344,-0.12884736670482375,-0.020213394756947174,-0.20178674874701738,0.13628124423975407,0.13372748614543464,0.4563457937017514,1.1864852863560456,0.0
3.6836836836836837,0.4713683973023584,0.23480776953154447,1.1700883874358066,-0.12473606607638639,-0.023841253401849397,-0.18139293224511124,0.13639952439928874,0.13379881006595065,0.45762058631045877,1.1843782793395434,0.0
3.7037037037037037,0.4759776555376065,0.23046291176240402,1.167678313087787,-0.12050371740097156,-0.026761898381224683,-0.14603224896876427,0.1365973318580515,0.1337303923285794,0.45887731284199057,1.182242156855353,0.0
3.7237237237237237,0.48048580507715927,0.22540747697763705,1.1653543852582826,-0.11619639147522332,-0.02974262856123042,-0.14903650900028714,0.13632126652610335,0.133689406832761,0.4601159236829352,1.1800772562219768,0.0
3.7437437437437437,0.48488143484879764,0.21978148858191981,1.1631115137933943,-0.11214357324441188,-0.032669408125172036,-0.14633897819708072,0.13622129402420446,0.1337685839893856,0.4613363699350574,1.1778839193023214,0.0
3.7637637637637638,0.48915295212081655,0.21357586360094533,1.160948960342018,-0.10812767256881914,-0.035806408908682585,-0.15685003917552734,0.13607528431318844,0.13401797422449374,0.462538603417229,1.1756624924497123,0.0
3.7837837837837838,0.4932885001456555,0.20677740124194885,1.1588677975636221,-0.1040581389197957,-0.03827017530706221,-0.12318831991898128,0.1361304384359431,0.13389431271700356,0.4637225766673307,1.1734133264532012,0.0
3.803803803803804,0.4972760981125782,0.19937989834613631,1.1568664876454653,-0.10006549590784183,-0.041028545282300544,-0.13791849876191603,0.13579888851225894,0.1340193352644185,0.46488824294412573,1.171136776482172,0.0
3.823823823823824,0.5011064548598527,0.19151783736372344,1.1549415160753131,-0.09624857850760982,-0.04431740396229063,-0.1644429339995046,0.13563891441249504,0.134530621171594,0.46603555622910553,1.168833202030256,0.0
3.843843843843844,0.5047682158663677,0.18308805032574868,1.1530975578793354,-0.09219790979888635,-0.04692289276747833,-0.1302744402593854,0.13557918707840352,0.1343811527397595,0.467164471228306,1.166502966858563,0.0
3.863863863863864,0.5082488732016232,0.1740328667627737,1.1513308628440264,-0.08833475176544678,-0.04962117293351539,-0.1349140083018529,0.1351692538213435,0.13438323782163145,0.4682749433740962,1.1641464389382392,0.0
3.883883883883884,0.5115380194997277,0.1644573149052245,1.1496348318422285,-0.08480155008989158,-0.051011089134290324,-0.06949581003874745,0.13487667228030703,0.13357867886041835,0.46936692882693704,1.1617639903923611,0.0
3.903903903903904,0.5146260418676658,0.1544011183969055,1.1479926296926437,-0.08211010747923367,-0.05180298914956378,-0.03959500076367219,0.13411081831380994,0.13270065067651998,0.4704403844771127,1.1593559974371725,0.0
3.923923923923924,0.5175092119884328,0.14415850603834912,1.1463795918660424,-0.08065189133005993,-0.05283117679270012,-0.05140938215681662,0.13331915769867592,0.1323354498063056,0.4714952679464322,1.1569228403226752,0.0
3.943943943943944,0.5201853358533809,0.13380619324740287,1.1447784019053167,-0.08005949803629064,-0.05337905844556493,-0.027394082643241592,0.1328727192245133,0.13185976863693294,0.4725315375899024,1.1544649032725836,0.0
3.963963963963964,0.5226520198024008,0.12333419745099677,1.1431751833288706,-0.0801609288222986,-0.05504670058809728,-0.08338210712661703,0.13210330806877046,0.1321285530815,0.4735491524973721,1.1519825744236514,0.0
3.983983983983984,0.5249076945133727,0.1127837355485917,1.1415624064986591,-0.08063884151057323,-0.05693510403159943,-0.09442017217510693,0.13187877284298885,0.1324363498204842,0.4745480724951473,1.1494762457643797,0.0
4.004004004004004,0.5269458245450225,0.10190650158248761,1.1399409471885178,-0.08107296550707091,-0.05827002576852019,-0.06674608684603786,0.13166812293853872,0.13226859302039684,0.47552825814757677,1.1469463130731183,0.0
4.024024024024024,0.5287593964822876,0.09067859686325688,1.1383047916258804,-0.08180777813186495,-0.05866311478103955,-0.019654450625968142,0.13134300953505593,0.1314301470345156,0.47648967075860943,1.144393175855567,0.0
4.044044044044044,0.5303450028746497,0.07928031961809995,1.1366364333371102,-0.08341791443850505,-0.059810762321762,-0.05738237703612238,0.13009200526339584,0.1310257685352484,0.4774322723733215,1.141817237281689,0.0
4.064064064064064,0.5317024135697392,0.06787053475447707,1.1349113204057575,-0.08625564656763338,-0.06025798891492393,-0.02236132965809668,0.1300959281429101,0.1309586149915971,0.4783560257794153,1.139218904122047,0.0
4.084084084084084,0.5328278797881945,0.056273310922758946,1.1331282982019848,-0.08915111018863936,-0.06097635074171227,-0.03591809133941701,0.12941434155738926,0.13082941533924627,0.4792608945086879,1.1365985866835673,0.0
4.104104104104104,0.5337204230068835,0.04462716093445156,1.1312753183382596,-0.09264899318625747,-0.06111751660168434,-0.007058292998602417,0.1291318617060154,0.13055875521986604,0.4801468428384715,1.1339566987447491,0.0
4.124124124124124,0.5343781590576064,0.03288680253614697,1.1293440916229618,-0.09656133576488753,-0.061049393059577045,0.0034061771053645173,0.12855218825952086,0.13021020120099766,0.48101383579304297,1.1312936574903238,0.0
4.1441441441441444,0.5348016440013083,0.02117424718508901,1.127320926833531,-0.10115823947153917,-0.060695907090346314,0.01767429846153635,0.12809006940913997,0.12992800161443435,0.48186183914500486,1.1286098834453766,0.0
4.1641641641641645,0.5349920545717003,0.009520528519602396,1.1251949167409903,-0.10630050462703279,-0.05999244640465252,0.03517303428469046,0.1277069618790561,0.12967141905549293,0.48269081941663694,1.1259058004089402,0.0
4.1841841841841845,0.5349517331173107,-0.0020160727194791766,1.1229567806268026,-0.11190680570938635,-0.05929945343799947,0.034649648332651675,0.1271924675675959,0.12950427152413155,0.4835007438812175,1.123181835387073,0.0
4.2042042042042045,0.5346839110936171,-0.013391101184676749,1.120596708606667,-0.11800360100677645,-0.057781726149726084,0.07588636441366925,0.12724416880230893,0.12933821860484973,0.48429158056431554,1.1204384185254288,0.0
4.2242242242242245,0.5341919952235075,-0.02459579350548218,1.1181132880302598,-0.1241710288203645,-0.05663163856675547,0.05750437914853113,0.1265425419388575,0.1291637377749414,0.4850632982450529,1.1176759830413332,0.0
4.2442442442442445,0.5334826021842692,-0.035469651961910736,1.1154940246654643,-0.13096316823976745,-0.05521592112786611,0.0707858719444676,0.1264025989593835,0.12916426572564202,0.48581586645733693,1.114894965155372,0.0
4.2642642642642645,0.5325604173089327,-0.04610924376682658,1.1127372470126053,-0.13783888264294497,-0.05345596609242404,0.08799775177210392,0.12634651434354144,0.12917062777471333,0.48654925549106326,1.1120958040225082,0.0
4.2842842842842845,0.5314315534956691,-0.056443190663182194,1.1098426654212097,-0.14472907956977987,-0.05241346547401655,0.05212503092037526,0.1256771438826694,0.12925750965290064,0.48726343639328856,1.1092789416627333,0.0
4.3043043043043046,0.5301030656221632,-0.06642439367528806,1.106802173997987,-0.15202457116113693,-0.050924992068174704,0.07442367029209125,0.1258317521260026,0.12943795831036764,0.48795838096937366,1.1064448228912682,0.0
4.324324324324325,0.5285785719222583,-0.07622468499524665,1.103621098595294,-0.15905377013465188,-0.04843161079878465,0.12466906346950342,0.12629443326856366,0.12951068679128394,0.48863406178409674,1.103593895248321,0.0
4.344344344344345,0.5268634754360787,-0.08575482430898354,1.1003078094225534,-0.16566445863702417,-0.04521883277604712,0.16063890113687618,0.12682420351635293,0.12976702986414887,0.48929045216273603,1.1007266089284156,0.0
4.364364364364365,0.5249673957498595,-0.09480398431096038,1.0968745595521034,-0.1716624935224985,-0.042673124723117475,0.12728540264648197,0.1265999194248983,0.13014432352788693,0.48992752619212343,1.0978434167093005,0.0
4.384384384384385,0.5229026565196798,-0.10323696150898266,1.093324325259831,-0.17751171461361948,-0.04038841588731375,0.11423544179018642,0.12662874319264714,0.13054200188406417,0.49054525872166704,1.0949447738804503,0.0
4.404404404404405,0.5206784619098276,-0.11120973049261086,1.0896639829363344,-0.1830171161748358,-0.037265480001927954,0.15614679426928973,0.12745195536375217,0.13099352635090158,0.49114362536434436,1.0920311381711694,0.0
4.424424424424425,0.5183029654658089,-0.11877482220093355,1.0859128955369726,-0.18755436996808714,-0.03369899353033678,0.1783243235795591,0.12804913008221283,0.13141351610267218,0.49172260249766486,1.0891029696783128,0.0
4.444444444444445,0.5157878026724461,-0.12575813966814273,1.0820866975281969,-0.19130990043878549,-0.030004942162645112,0.1847025683845833,0.1286019680989951,0.13196324106924373,0.49228216726460267,1.0861607307936292,0.0
4.464464464464465,0.5131461850318096,-0.13208088203181875,1.078202294910389,-0.1942201308903868,-0.025990765421611776,0.2007088370516668,0.12942202005783582,0.13261413553751947,0.492822297574499,1.0832048861307468,0.0
4.484484484484485,0.510391755920743,-0.1377214555533299,1.0742819994652135,-0.19601477225877623,-0.02159161607107889,0.2199574675266442,0.13043319994253144,0.13336621681775465,0.493342972103934,1.0802359024518022,0.0
4.504504504504505,0.507539379255109,-0.1426188332817035,1.0703524111419533,-0.19647941616301293,-0.01668419314814248,0.24537114614682023,0.13162694551800955,0.1341596856066205,0.4938441702975689,1.0772542485937369,0.0
4.524524524524525,0.504606019268822,-0.1466679993143488,1.0664433916339928,-0.19545097539802422,-0.012217878503377862,0.22331573223823098,0.1321505989973595,0.13486082263111215,0.49432587236895703,1.0742603953942587,0.0
4.544544544544545,0.5016105788644087,-0.14977202022066402,1.0625734377282376,-0.1934976952877577,-0.007633111474539565,0.22923835144191487,0.13299969638912965,0.13551261836387327,0.49478805930132547,1.071254815617494,0.0
4.564564564564565,0.4985707279157843,-0.1519925474312245,1.0587650006497569,-0.19042185392403982,-0.003517550461928738,0.20577805063054147,0.1331793593463356,0.13586141412407485,0.4952307128483256,1.0682379838793312,0.0
4.584584584584585,0.49550478025753364,-0.15329738291253162,1.0550260257643638,-0.18694874426964997,7.993209847325957e-05,0.1798741280200999,0.13316378888088132,0.13605763678594426,0.4956538155347533,1.0652103765724743,0.0
4.604604604604605,0.4924288512078399,-0.15379645248468596,1.0513592061094614,-0.18334098274511654,0.003949381114071799,0.1934724507799269,0.1335915971612095,0.1361755890863485,0.49605735065723894,1.0621724717912135,0.0
4.624624624624625,0.4893573741297075,-0.1535738539066205,1.0477725727977674,-0.17933166558470245,0.007686591310300239,0.18686050981142197,0.13381714604673983,0.1363221341694561,0.49644130228490685,1.0591247492559313,0.0
4.644644644644645,0.48630570538803913,-0.15258343708341782,1.0442715184447886,-0.17505271764893918,0.01147349509291381,0.18934518913067858,0.13421566912835922,0.1365003433815498,0.4968056552600042,1.0560676902373454,0.0
4.664664664664665,0.483289332952934,-0.15081862175525645,1.0408644044538269,-0.17035569954808966,0.014143241448353227,0.13348731777197076,0.13369828759363717,0.13652910857351527,0.49715039519849946,1.0530017774805136,0.0
4.684684684684685,0.4803227365757779,-0.14832981885780758,1.0375437416461262,-0.16603314038503353,0.017304109706101814,0.15804341288742985,0.13406830880450815,0.13641530073658106,0.4974755084906501,1.049927495128602,0.0
4.704704704704705,0.4774171399683096,-0.14527983037341582,1.0343130906328495,-0.16153255066383232,0.0194868435875214,0.10913669407097876,0.1335201648290141,0.13631579320228213,0.49778098230154,1.0468453286464312,0.0
4.724724724724725,0.47458460025359167,-0.14162698573589666,1.0311625568989424,-0.15752668669534814,0.02179672449684804,0.11549404546633191,0.1335249814394262,0.13607594431319864,0.49806680457158625,1.0437557647438191,0.0
4.744744744744745,0.4718335973198713,-0.13755014668602045,1.028088406960746,-0.15370749690981647,0.02422923918190417,0.1216257342528065,0.13362865911444102,0.13591432497359607,0.49833296401701493,1.040659291298721,0.0
4.764764764764765,0.4691733843082918,-0.13301065057897377,1.0250895044641593,-0.14994512482934064,0.0263016534506313,0.10362071343635698,0.13348051379996453,0.13579764452300697,0.49857945013030697,1.0375563972801893,0.0
4.784784784784785,0.46661299602272077,-0.1280194142785518,1.0221616170980363,-0.14639436830614566,0.028997069040074187,0.13477077947214425,0.134055520092634,0.1357358087861562,0.4988062531806126,1.0344475726711595,0.0
4.804804804804805,0.4641607480025126,-0.12261240101040928,1.0193120537320073,-0.1424781683014467,0.03189006171910924,0.1446496339517529,0.1345292101661079,0.13578845004022716,0.4990133642141358,1.031333308391076,0.0
4.824824824824825,0.4618277250997821,-0.11665114513652647,1.01654822108584,-0.13819163230835863,0.03424248783151985,0.11762130562053026,0.13452066789433914,0.1358323377584495,0.4992007750544875,1.0282140962183703,0.0
4.844844844844845,0.4596252947439051,-0.11012151779384852,1.0138701926375924,-0.13390142241238162,0.03630269247987077,0.10301023241754603,0.13435505302354353,0.13555240071971317,0.49936847830300873,1.0250904287128038,0.0
4.864864864864865,0.45756243142312564,-0.10314316603897418,1.0112709629201013,-0.12996148587455733,0.03813915303902243,0.09182302795758332,0.13421650004627153,0.13525336465783575,0.49951646733906235,1.0219627991376858,0.0
4.884884884884885,0.45564699480037746,-0.09577183113740813,1.0087436734286914,-0.12636447457049668,0.03961620561789442,0.073852628943599,0.13380795973155876,0.13478080866043468,0.4996447363202946,1.0188317013819832,0.0
4.904904904904905,0.4538854711568782,-0.08807618217496246,1.0062749255753136,-0.12343739266889346,0.04106247910180769,0.07231367419566337,0.13360055788770292,0.13429042230636604,0.4997532801828658,1.0156976298823284,0.0
4.924924924924925,0.452283109038937,-0.08011810589706254,1.0038540935061095,-0.12104160346020455,0.042374900805743694,0.06562108519680043,0.13344369699452524,0.13390528712715627,0.49984209464164997,1.0125610795449425,0.0
4.944944944944945,0.45084525258859565,-0.0718928225170657,1.0014728662354695,-0.11906136353200615,0.04319164976936561,0.040837448181095234,0.1329759147102201,0.1334572791231817,0.4999111761904045,1.0094225456674837,0.0
4.964964964964965,0.4495765092981796,-0.06343716452080098,0.9991174240328966,-0.11777211012864167,0.043248459452695204,0.0028404841664802435,0.13240027043361363,0.13309561421935054,0.49996052210190806,1.0062825238608344,0.0
4.984984984984985,0.4484786881490119,-0.05489105745838554,0.9967737223941094,-0.11718508193935646,0.043977759337000905,0.036464994215284416,0.13246210635467925,0.13244887157323187,0.49999013042806856,1.003141509970838,0.0
5.005005005005005,0.44755184693371014,-0.04634206076508679,0.9944330756464513,-0.1170323373829072,0.04410431311538409,0.006327688919159462,0.1322083589105449,0.13227742109079849,0.5,1.0,0.0
5.025025025025025,0.4467975627366312,-0.03771420985394726,0.992089056490551,-0.11720095779501412,0.04532288557229411,0.06092862284550074,0.13227297242451672,0.13144238782667228,0.49999013042806856,0.9968584900291618,0.0
5.045045045045045,0.44621632651565973,-0.029061811048572868,0.989730238440827,-0.11794090248620274,0.04565549245322429,0.016630344046509628,0.132019150377036,0.13140498205770115,0.49996052210190806,0.9937174761391656,0.0
5.065065065065065,0.4458122277786404,-0.02020493685096799,0.9873521088200912,-0.11890648103678765,0.04587750740757211,0.011100747717390582,0.13175011509907777,0.13088209272905008,0.4999111761904045,0.9905774543325163,0.0
5.085085085085085,0.4455861823180308,-0.011302273030478684,0.9849429043054452,-0.12046022573230139,0.04518755784982605,-0.03449747788730294,0.1313502782220193,0.130765530073275,0.49984209464164997,0.9874389204550577,0.0
5.105105105105105,0.44553804420388426,-0.0024069057073283096,0.9824949716501212,-0.12239663276619983,0.04476034911231762,-0.02136043687542199,0.13110052649247417,0.13006900570163002,0.4997532801828658,0.9843023701176715,0.0
5.125125125125125,0.44566406620531457,0.00630110007151383,0.9799944657417408,-0.12502529541902102,0.04476326485190711,0.0001457869794748122,0.13112092043789933,0.1295024580349431,0.4996447363202946,0.9811682986180168,0.0
5.145145145145145,0.4459622668958285,0.014910034525697615,0.9774334305683927,-0.12805175866740437,0.04436683996170643,-0.01982124451003368,0.13105385332511213,0.1293660556437389,0.49951646733906235,0.9780372008623143,0.0
5.165165165165165,0.4464323338609219,0.02350334825466828,0.9748089164161298,-0.13122570761314842,0.04357560415314221,-0.039561790428210834,0.1308629136581447,0.12912456669170053,0.49936847830300873,0.9749095712871964,0.0
5.185185185185185,0.4470722801688392,0.031997315395864166,0.9721146579380335,-0.1347129239048113,0.04238073993705375,-0.059743210804422915,0.13067669117672476,0.12891641688437674,0.4992007750544875,0.9717859037816297,0.0
5.205205205205205,0.4478787110753219,0.040321545324134456,0.9693450264177959,-0.1384815760118832,0.04064786966023887,-0.08664351384074423,0.13051402146174354,0.12885234523952277,0.4990133642141358,0.9686666916089239,0.0
5.225225225225225,0.44884646994501937,0.048387943484873096,0.9664969446099388,-0.14240409039285265,0.038954845467737226,-0.0846512096250815,0.13046482185150796,0.1285525410212819,0.4988062531806126,0.9655524273288405,0.0
5.245245245245245,0.44996879033246745,0.056116019372405276,0.9635656085677118,-0.14656680211135437,0.036633242180662294,-0.11608016435374674,0.13050445605407088,0.12879451550977708,0.49857945013030697,0.9624436027198108,0.0
5.265265265265265,0.4512387338880742,0.06349717778033565,0.9605555375742583,-0.15050354967267746,0.0346998989761529,-0.09666716022546998,0.13058011574322886,0.12843591494081036,0.49833296401701493,0.9593407087012791,0.0
5.285285285285285,0.45264678476865,0.07040254402879255,0.9574629680095824,-0.1546284782337947,0.03337061680945012,-0.06646410833513912,0.13087441313025955,0.12811828906983627,0.49806680457158625,0.956244235256181,0.0
5.305305305305305,0.4541859014290023,0.07695583301761282,0.95428791200884,-0.1587528000371208,0.03118688025138012,-0.10918682790350004,0.13104897901086485,0.12862975874236246,0.49778098230154,0.9531546713535689,0.0
5.325325325325325,0.45585082064538923,0.08324596081934847,0.9510407947247081,-0.16235586420659143,0.029103263272061305,-0.10418084896594042,0.13115300917019163,0.12849229823752964,0.4974755084906501,0.9500725048713982,0.0
5.345345345345345,0.45763325433331264,0.0891216843961699,0.9477214757497808,-0.16596594874636555,0.026460196218164388,-0.1321533526948462,0.13140561916771873,0.12894743070554965,0.49715039519849946,0.9469982225194864,0.0
5.365365365365365,0.45952509755576776,0.09459216112275683,0.9443407613284972,-0.16903572106417944,0.02392515412137868,-0.12675210483928523,0.1316451120925885,0.1289905074507315,0.4968056552600042,0.9439323097626547,0.0
5.385385385385385,0.4615160939121301,0.09954981781811766,0.9409031921600699,-0.17187845842136304,0.02145096382427695,-0.12370951485508666,0.1318935286537326,0.12907742498570224,0.49644130228490685,0.9408752507440689,0.0
5.405405405405405,0.46359643835164127,0.10401722197555835,0.9374140491409906,-0.17445715095396447,0.01896574451014512,-0.1242609657065914,0.13224791745721373,0.12932020995415347,0.4960573506572389,0.9378275282087862,0.0
5.425425425425425,0.4657568663671782,0.10802140077684794,0.9338824562437774,-0.1765796448606597,0.01600634327716711,-0.14797006164890072,0.1325656420774742,0.12985380254781248,0.4956538155347533,0.9347896234275258,0.0
5.445445445445445,0.4679880943220559,0.11156139774388384,0.930321269748446,-0.17805932476656924,0.012397716711621341,-0.1804313282772883,0.13302888616426994,0.1307010431632129,0.4952307128483256,0.9317620161206687,0.0
5.465465465465465,0.4702784979007299,0.11452017893369915,0.9267501403959617,-0.17855646762421135,0.009083632925358518,-0.16570418931314124,0.1334877912494246,0.13097576608048403,0.4947880593013255,0.9287451843825061,0.0
5.485485485485485,0.47261450894111356,0.11680055201918278,0.9231801514970254,-0.17849944494681624,0.005093280869118703,-0.19951760281199082,0.13393259722151846,0.13188938989431995,0.494325872368957,0.9257396046057412,0.0
5.505505505505505,0.47498279305675684,0.11841420578216241,0.919631568865235,-0.17742913158952003,0.0016643651842535051,-0.17144578424325982,0.13441169817686857,0.13207026577636188,0.4938441702975689,0.9227457514062631,0.0
5.525525525525525,0.47736750209657763,0.11923545199103944,0.91611426041098,-0.17586542271274855,-0.0011800622396955368,-0.14222137119745207,0.13470461887710353,0.13210775033737207,0.493342972103934,0.9197640975481977,0.0
5.545545545545545,0.4797551861811494,0.11938420422858602,0.9126331340416609,-0.17405631846595482,-0.003818989066307332,-0.13194634133058974,0.13523721969167962,0.13253160586488588,0.492822297574499,0.9167951138692534,0.0
5.565565565565565,0.48213470477178505,0.11897592953178429,0.9092023231686243,-0.17154054365183316,-0.0065590619872581725,-0.13700364604754203,0.13516908129567964,0.13257326485523932,0.49228216726460267,0.9138392692063707,0.0
5.585585585585585,0.4844956708344091,0.11804830313120074,0.9058213542725202,-0.16904844480520337,-0.009438650503712285,-0.1439794258227055,0.13532934348596765,0.1328865016384406,0.49172260249766486,0.9108970303216873,0.0
5.605605605605605,0.48682700293969666,0.11656660526437886,0.9024971304411599,-0.16621119156801897,-0.012010981399269047,-0.12861654477783832,0.13498459695471124,0.13243973740065704,0.4911436253643443,0.9079688618288304,0.0
5.625625625625625,0.4891175452150654,0.11452711376843581,0.8992177713902849,-0.16396795254374794,-0.014611350645831585,-0.130018462328127,0.1354124729385503,0.13296082943146909,0.49054525872166704,0.9050552261195497,0.0
5.645645645645645,0.49135698925246307,0.11197220186988278,0.8959971745270857,-0.16102984315996044,-0.01718330107651019,-0.12859752153393,0.13558144358670812,0.13321313216922706,0.48992752619212343,0.9021565832906995,0.0
5.665665665665665,0.49353501841552,0.10890145815284734,0.8928413762688419,-0.15778991291219296,-0.01976486303202735,-0.12907809777585819,0.1357995703567605,0.13355727020865812,0.48929045216273603,0.8992733910715844,0.0
5.685685685685685,0.49564107750085407,0.10530295426670454,0.8897584692785644,-0.1541453495138723,-0.021852108320972997,-0.10436226444728247,0.135902259338705,0.13346303080809244,0.48863406178409674,0.896406104751679,0.0
5.7057057057057055,0.4976651272557504,0.10120248774481701,0.8867483064814723,-0.1505081398546038,-0.023930134082732594,-0.10390128808797985,0.1358789258258168,0.13355185175036247,0.4879583809693737,0.8935551771087318,0.0
5.7257257257257255,0.49959929008648896,0.09670814153692875,0.8838116026715312,-0.14683519049705449,-0.026573749290904152,-0.13218076040857837,0.13561690151215838,0.13385599323873895,0.4872634363932886,0.8907210583372669,0.0
5.7457457457457455,0.5014350258848534,0.09178678991822521,0.8809487093131957,-0.14314466791677788,-0.028777554726857876,-0.11019027179768642,0.13585566079743616,0.13400702091085634,0.4865492554910633,0.887904195977492,0.0
5.7657657657657655,0.5031621276870254,0.0863550901085984,0.8781650498534259,-0.1391829729884883,-0.03129069515314981,-0.12565702131459622,0.13593335385740848,0.13449674782496746,0.485815866457337,0.8851050348446281,0.0
5.7857857857857855,0.5047714694612743,0.08046708871244422,0.8754686951403233,-0.13481773565513105,-0.03347003486832488,-0.10896698575875352,0.13600374026093567,0.13457668961027452,0.4850632982450529,0.8823240169586668,0.0
5.8058058058058055,0.5062528835681305,0.0740707053428126,0.8728614728815836,-0.13036111293698938,-0.035055640454387436,-0.0792802793031272,0.1358840978038341,0.13428967762229585,0.4842915805643156,0.8795615814745712,0.0
5.8258258258258255,0.5075984496379924,0.06727830349309571,0.8703369818631559,-0.12622455092138285,-0.036999793553836174,-0.09720765497243733,0.13552847679658936,0.13438956535540073,0.4835007438812175,0.876818164612927,0.0
5.8458458458458455,0.5088018892115168,0.060171978676222856,0.8678911283213959,-0.12229267708800051,-0.03860324091239375,-0.08017236792787893,0.13535029805227913,0.13423092409490547,0.48269081941663694,0.8740941995910598,0.0
5.865865865865866,0.50985575631757,0.05269335530265944,0.8655185606200904,-0.11862838506527545,-0.03985786363109223,-0.06273113593492434,0.13535088955677918,0.13422979698145335,0.48186183914500486,0.8713901165546234,0.0
5.885885885885886,0.5107538516617136,0.04490476720718032,0.863218949875875,-0.11498053721077066,-0.04086594750735355,-0.05040419381306551,0.13502197102042512,0.1339537561212369,0.48101383579304297,0.8687063425096762,0.0
5.905905905905906,0.511491966020175,0.03690571792307068,0.8609830666689791,-0.11179416034479685,-0.04207976168305965,-0.06069070878530512,0.1346700207396198,0.13396077147823723,0.48014684283847153,0.8660433012552509,0.0
5.925925925925926,0.5120663434187841,0.0287188699304538,0.8588055755393399,-0.10887455648195689,-0.04305067936776731,-0.048545884235382905,0.1344026284613572,0.1337832432473296,0.479260894508688,0.8634014133164327,0.0
5.945945945945946,0.5124727901035555,0.020322334238569977,0.8566796294748882,-0.1062973032225848,-0.04405138220178137,-0.05003514170070309,0.13407395411424636,0.13372751562388432,0.4783560257794152,0.860781095877953,0.0
5.965965965965966,0.5127078137788921,0.011751183766829449,0.8545993214372937,-0.10401540187972731,-0.04480813496232502,-0.03783763802718223,0.13376742367908387,0.13352051179359947,0.47743227237332153,0.858182762718311,0.0
5.985985985985986,0.5127679985366584,0.0030092378883166335,0.8525568316774489,-0.10212448799223701,-0.04534640757910139,-0.02691363083881884,0.13341169516512993,0.13327702971116398,0.4764896707586094,0.855606824144433,0.0
6.006006006006006,0.5126508519117113,-0.0058573312473527515,0.8505431212967572,-0.10068551903458477,-0.045493583170547976,-0.007358779572328944,0.1331174522314397,0.13297552850219432,0.4755282581475768,0.8530536869268818,0.0
6.026026026026026,0.5123551840957152,-0.014783390799805623,0.8485492502049986,-0.09969355458792925,-0.04587766654293231,-0.019204168619217123,0.1330867867912572,0.1327625378998099,0.4745480724951473,0.8505237542356203,0.0
6.046046046046046,0.5118808646147759,-0.02371597404696716,0.8465715684878742,-0.0988840858562237,-0.046853087072478955,-0.048771026477332044,0.1319835300872125,0.1323296683904774,0.4735491524973721,0.8480174255763486,0.0
6.066066066066066,0.5112276792294764,-0.03265926926497188,0.8445872607543533,-0.09921538667604354,-0.048038237522673395,-0.05925752250972202,0.1321611688609158,0.1329710415377206,0.4725315375899024,0.8455350967274163,0.0
6.086086086086086,0.5103914865579717,-0.04180963357523283,0.8426082803975453,-0.0989490178404018,-0.049196344588045435,-0.057905353268601856,0.13207691513029063,0.1332293892530365,0.47149526794643226,0.8430771596773249,0.0
6.106106106106106,0.5093677362625594,-0.051187514770617726,0.8406369828194735,-0.09856487890359025,-0.05014895040461656,-0.047630290828555535,0.1318446619865785,0.1332337935299501,0.4704403844771127,0.8406440025628275,0.0
6.126126126126126,0.5081520315659486,-0.06078523483053834,0.838669774292587,-0.09836042634432265,-0.050404649780830785,-0.012784968810711797,0.1316717155308599,0.13295787391396596,0.46936692882693704,0.8382360096076389,0.0
6.146146146146146,0.5067413648341251,-0.07053333659117332,0.836699831108762,-0.09849715919125235,-0.050401789920060475,0.0001429930385158252,0.13120822992702366,0.13265047635538144,0.46827494337409614,0.8358535610617609,0.0
6.166166166166166,0.5051351963954775,-0.08030842193237744,0.8347157080424683,-0.09920615331468478,-0.04953929672077535,0.043124659964256865,0.13108789640261642,0.1322614248199196,0.46716447122830607,0.8334970331414371,0.0
6.186186186186186,0.5033344220645654,-0.0900387165456108,0.8327098918149185,-0.10029081137749227,-0.04854853959796709,0.04953785614041242,0.13065789664054336,0.13199750479766437,0.46603555622910553,0.8311667979697439,0.0
6.206206206206206,0.5013434655038603,-0.09954782803524936,0.8306723138540696,-0.10187889804244363,-0.047885737794677294,0.033140090164490016,0.13008151369108892,0.13190818945069177,0.4648882429441257,0.8288632235178278,0.0
6.226226226226226,0.49916687255187286,-0.10882964759937445,0.8285933539051051,-0.10394799744822077,-0.04720845369899396,0.03386420478416723,0.12978951906693084,0.13189436056581616,0.4637225766673307,0.8265866735467988,0.0
6.246246246246246,0.4968075123831489,-0.11796800843619693,0.826468661656207,-0.10623461244490288,-0.04612922547530405,0.053961411184495094,0.12976567098157926,0.13189389356674372,0.462538603417229,0.8243375075502878,0.0
6.266266266266266,0.49426778575205105,-0.12698633155489333,0.8242980582074064,-0.10853017244003053,-0.04395255382390102,0.10883358257015147,0.130152428690659,0.1317861219162889,0.46133636993505744,0.8221160806976787,0.0
6.286286286286286,0.4915524532381226,-0.1357666256964229,0.8220859244215921,-0.11060668929071388,-0.042008431534833676,0.09720611445336719,0.12985889148904206,0.13180296756161594,0.4601159236829352,0.8199227437780232,0.0
6.306306306306306,0.4886701437209839,-0.1441154758569347,0.8198285985029146,-0.1128662959338796,-0.03977328212530873,0.11175747047624737,0.13005266178312647,0.13197938069942772,0.4588773128419906,0.8177578431446472,0.0
6.326326326326326,0.4856286005117154,-0.15207716046342443,0.8175319404399469,-0.11483290314838203,-0.03768309570671055,0.10450932092990826,0.12990433213763503,0.13208283851397654,0.45762058631045877,0.8156217206604565,0.0
6.346346346346346,0.48243681287898105,-0.1595893816367192,0.8151956917160419,-0.11681243619525034,-0.035727654828327834,0.09777204391913646,0.12997450734306665,0.13241655885847425,0.45634579370175143,0.8135147136439544,0.0
6.366366366366366,0.4791026359451248,-0.166708846692812,0.8128261970130676,-0.11847473514871638,-0.033395857288826186,0.1165898769750822,0.13019601888937923,0.13254296668045512,0.45505298534249783,0.811437154815974,0.0
6.386386386386386,0.4756340037976411,-0.17343160737418653,0.8104289309960467,-0.11986330085103916,-0.031335742681388036,0.10300573037190691,0.13013167384534868,0.13278933345230584,0.45374221227055844,0.809389372247138,0.0
6.406406406406406,0.4720399689220621,-0.1797017437789484,0.8080069412595197,-0.12109948682635467,-0.029174198737084146,0.10807719721519474,0.13029695160133617,0.13301213019830951,0.45241352623300973,0.8073716893060527,0.0
6.426426426426427,0.468328377955155,-0.1855795483453581,0.8055662692378037,-0.12203360108579811,-0.02665387277905275,0.12601629790156982,0.13069279163487604,0.13327354592898125,0.4510669796841015,0.8053844246082442,0.0
6.446446446446447,0.46450723919717096,-0.19105693789919967,0.8031169317269481,-0.1224668755427796,-0.023463607105925183,0.15951328365637824,0.131409481438229,0.1336108676427972,0.4497026257831855,0.8034278919658452,0.0
6.466466466466467,0.46058614257068553,-0.19605483132427068,0.8006748311879825,-0.12210502694827746,-0.019952962618883914,0.17553222435206367,0.13199571108716962,0.134005846952615,0.448320518392618,0.8015024003380412,0.0
6.486486486486487,0.45657772269249575,-0.20042099390949042,0.798254814667766,-0.1210008260108239,-0.016800758835896913,0.1576101891493499,0.13219791796203537,0.13442350090267424,0.44692071207563194,0.7996082537822808,0.0
6.506506506506507,0.45249554917646007,-0.2041086758017843,0.7958663481045783,-0.11942332815938389,-0.013559524971313628,0.16206169322916406,0.13263290713110493,0.13478003152268933,0.44550326209418395,0.7977457514062631,0.0
6.526526526526527,0.4483518405282746,-0.20718543240927326,0.7935213582287658,-0.1172494937906282,-0.010112152584698357,0.1723686193307637,0.13095057125389215,0.13353304490199858,0.4440682244067723,0.795915187320704,0.0
6.546546546546547,0.44416054413623973,-0.20956481960174256,0.791176606538049,-0.11723758453584103,-0.006800342265770365,0.16559051594639962,0.13078609879035374,0.13336374389028546,0.4426156556662276,0.7941168505928932,0.0
6.566566566566567,0.43993530942938003,-0.21126173534298423,0.7888273120077542,-0.1174647265147391,-0.0036801479508243346,0.1560097157473015,0.13228113030550115,0.13489684604324392,0.44114561321747664,0.7923510252010468,0.0
6.586586586586587,0.4356886175454476,-0.2123345941966231,0.7865184519337435,-0.11544300370053959,-0.00039081535990790576,0.16446662954582142,0.1334511448213392,0.135843993660209,0.4396581550952781,0.7906179899894645,0.0
6.606606606606607,0.4314326743250686,-0.21279716101894824,0.784281415957574,-0.1118517988084758,0.0029707755097729696,0.16807954348404378,0.1342868748058189,0.13648579893276083,0.43815334002193174,0.7889180186244962,0.0
6.626626626626627,0.4271804637705778,-0.21261052772454048,0.7821380465537229,-0.10716847019255589,0.006459142810141082,0.1744183650184056,0.13509161264984257,0.13703109931521257,0.43663122740496013,0.7872513795513271,0.0
6.646646646646647,0.42294543371126503,-0.21175150296563616,0.7801082298973916,-0.10149083281656673,0.009999046660494669,0.17699519251767937,0.13568430885329266,0.13737910078507426,0.43509187733476273,0.7856183359515869,0.0
6.666666666666667,0.41874180144557055,-0.21018161328472496,0.7782057178619474,-0.09512560177221013,0.013259557510253081,0.16302554248792048,0.13593174905450703,0.1375765625967015,0.43353535058224507,0.7840191457017912,0.0
6.686686686686687,0.41458386038765005,-0.20789705289602387,0.7764368514016103,-0.08844332301685301,0.016276150250624354,0.1508296370185638,0.1360201031978023,0.13759400069289862,0.4319617085964177,0.7824540613326185,0.0
6.706706706706707,0.41048475840649684,-0.20495509905765996,0.7748029056899604,-0.08169728558249675,0.019029792622140235,0.13768211857579413,0.13593101594273108,0.13743836048457284,0.4303710135019718,0.7809233299890341,0.0
6.726726726726727,0.406456763633422,-0.20139973865374416,0.7732999358047236,-0.075148494261839,0.021208252207356535,0.10892297926081478,0.13563170483922987,0.13728251056462876,0.4287633280968261,0.7794271933912617,0.0
6.746746746746747,0.4025106813928504,-0.19730411202858023,0.7719208682621919,-0.06895337712658298,0.0231225914821163,0.09571696373798853,0.13532335521433558,0.13693504512981358,0.4271387158496476,0.7779658877966138,0.0
6.766766766766767,0.39865490849195906,-0.19278864504456722,0.7706556852727707,-0.06325914947105496,0.024900666930191145,0.08890377240374192,0.1352335690002091,0.13670928092793047,0.425497240897346,0.7765396439621841,0.0
6.786786786786787,0.3948967079822498,-0.1879100254854632,0.7694994258030843,-0.05781297348431987,0.026796127970353384,0.09477305200811163,0.13518168067711223,0.1363527761446179,0.4238389680425417,0.7751486871084073,0.0
6.806806806806807,0.3912431287710859,-0.1826789605581949,0.7684457588237313,-0.05268334896764806,0.028342719920636535,0.07732959751415777,0.13494968965269488,0.1361060565574403,0.4221639627510076,0.7737932368834952,0.0
6.826826826826827,0.38770113146520574,-0.1770998652940099,0.7674872941304984,-0.04792323466164383,0.03005341089063152,0.08553454849974926,0.13486694827146653,0.13563547347940355,0.4204722911490846,0.7724735073287511,0.0
6.846846846846847,0.384276512417287,-0.171230952395937,0.7666155706718771,-0.04358617293106509,0.03169930955366412,0.08229493315163001,0.13489363619030656,0.13542890935877916,0.4187640200210709,0.7711897068447706,0.0
6.866866866866867,0.380976017696743,-0.16502473602719964,0.7658276378284439,-0.03939664217166408,0.03294196155442697,0.062132600038142236,0.1345650652342892,0.1350685542761975,0.4170392168065856,0.7699420381585325,0.0
6.886886886886887,0.37780576161998414,-0.1585128038379434,0.7651130076207763,-0.03573151038338005,0.03377948999813249,0.04187642218527607,0.1343552073461528,0.13486675000198045,0.41529794959790634,0.7687306982913855,0.0
6.906906906906907,0.374770422262054,-0.15176696789650676,0.7644653515599376,-0.0323828030419368,0.034134264531681155,0.01773872667743307,0.13381403644557693,0.13440636889772367,0.41354028713728086,0.7675558785279372,0.0
6.926926926926927,0.37187251498205437,-0.14489536399998112,0.7638696628122313,-0.029784437385313355,0.034335851461738676,0.010079346502876417,0.1334320194063644,0.13390707584300196,0.4117662988142138,0.766417764385847,0.0
6.946946946946947,0.36911268672192715,-0.13799141300636136,0.7633127931916872,-0.02784348102720935,0.03454527015346198,0.010470934586165211,0.1332630856504312,0.13351642305138153,0.40997605466272613,0.7653165355865315,0.0
6.966966966966967,0.3664912137180278,-0.13107365019496955,0.7627863912501028,-0.026320097079219923,0.03472453513811672,0.008963249232737263,0.13325304845805405,0.13328216821621724,0.408169625358592,0.7642523660267839,0.0
6.986986986986987,0.36400862310816307,-0.12412953049323604,0.7622867807174927,-0.02498052663050538,0.03474438131899547,0.0009923090439366289,0.13326763902184102,0.13315212303743074,0.40634708221654703,0.763225423751314,0.0
7.007007007007007,0.36166551212358145,-0.11715554922908229,0.7618122005494377,-0.023729008402751876,0.03435823569263597,-0.019307281317974115,0.13309290176674582,0.13298290391371442,0.4045084971874737,0.7622358709262116,0.0
7.027027027027027,0.3594612465203552,-0.1102132801613104,0.7613575302017918,-0.022733517382293702,0.03415362219752924,-0.01023067475533697,0.132622203446312,0.13256207802270364,0.402653942855561,0.7612838638133392,0.0
7.047047047047047,0.3573938704384879,-0.103368804093364,0.760909601906436,-0.02239641476779157,0.033941405477560964,-0.01061083599841418,0.13270396572967105,0.13241940992807175,0.40078349243543826,0.760369552745656,0.0
7.067067067067067,0.35546246755549965,-0.09657014414941267,0.7604675329874793,-0.02210344594783771,0.03346733095332346,-0.023703726211875175,0.13258822007712326,0.13224297548309658,0.3988972197692855,0.7594930821034784,0.0
7.087087087087087,0.3536661517789019,-0.08981578882988632,0.7600270181655597,-0.022025741095975857,0.03235385012154213,-0.055674041589066456,0.13236464447363347,0.13222968915898958,0.39699519932391764,0.7586545902916815,0.0
7.107107107107107,0.352002004439543,-0.08320736696794707,0.7595846093292391,-0.022120441816032656,0.0319631876963396,-0.019533121260126934,0.13241494260231473,0.13162131644895617,0.39507750618784515,0.7578542097178422,0.0
7.127127127127127,0.35046563894239924,-0.07681827485718806,0.7591321860518383,-0.022621163870042576,0.031229318387032683,-0.036693465465345645,0.13246953807841616,0.1316737850439375,0.3931442160683095,0.7570920667713316,0.0
7.147147147147147,0.349055118738433,-0.07052601019831237,0.7586713893149014,-0.02303983684684362,0.030650584999371497,-0.028936669383059485,0.1324919912040788,0.13138312898845877,0.391195405288294,0.7563682818033557,0.0
7.167167167167167,0.34776743146200195,-0.06438436382155051,0.7581983434677015,-0.023652292359992687,0.02983330479637399,-0.04086401014987578,0.13252942360702827,0.13135687234706064,0.3892311507835117,0.7556829691079516,0.0
7.187187187187187,0.34660066416067353,-0.058338365066419824,0.757713292393397,-0.02425255371522406,0.028061535069071893,-0.08858848636510433,0.1324136613885903,0.13167792844579534,0.3872515300993669,0.7550362369039383,0.0
7.207207207207207,0.345550899798546,-0.05248821810637669,0.7572193809032793,-0.024695574505885658,0.026716843628083017,-0.06723457204944432,0.13245641163251884,0.13130542445101734,0.3852566213878946,0.7544281873178278,0.0
7.227227227227227,0.3446109920434623,-0.04699538775418512,0.7567119318080656,-0.025372454760687918,0.025431385102831557,-0.06427292626257243,0.13261682382858575,0.1312665536756752,0.3832465034046749,0.7538589163676986,0.0
7.247247247247247,0.34377566679333554,-0.041766262506337214,0.7561928985678295,-0.025951662011808974,0.02400596877604422,-0.07127081633936709,0.1327094694885429,0.1312921340655681,0.3812212555057239,0.753328513948033,0.0
7.267267267267267,0.34303959258905753,-0.036803710213901365,0.7556641711337353,-0.026436371704709093,0.022767631298473638,-0.06191687387852928,0.13283115464084885,0.13113945242086048,0.379180957644361,0.7528370638155215,0.0
7.287287287287287,0.3423968780057331,-0.03213572916622254,0.7551254347281725,-0.026936820278140493,0.02181863905776587,-0.04744961203538828,0.13298561398362613,0.13093697273560315,0.377125690368052,0.7523846435758372,0.0
7.307307307307307,0.3418429917488244,-0.02769431284543632,0.7545760982810747,-0.027466822354886938,0.020280569405951073,-0.0769034825907397,0.1330984384529454,0.13126304085353432,0.37505553481522985,0.7519713246713806,0.0
7.327327327327327,0.3413741471759756,-0.023442228642440773,0.7540227526189599,-0.02766728310574424,0.018532694447655096,-0.08739374791479883,0.13321360146094016,0.13138219448796615,0.3729705727120911,0.7515971723699979,0.0
7.347347347347347,0.34098398612118586,-0.019508052739485186,0.7534689972934825,-0.027687766273870977,0.017063737260441525,-0.07344785936067859,0.13337419191029642,0.13124463195641714,0.3708708863693696,0.7512622457546749,0.0
7.367367367367367,0.3406656984465345,-0.015914383732567382,0.7529153056371881,-0.027684582814721012,0.01548863497174282,-0.07875511443493523,0.13350100413803304,0.13132017005464314,0.36875655867908697,0.7509665977142068,0.0
7.387387387387387,0.3404138230893596,-0.012593767858746573,0.7523647765750668,-0.0275264531060657,0.013321640884770721,-0.10834970434860494,0.13375112371806935,0.13185458786284068,0.36662767311128,0.7507102749348465,0.0
7.407407407407407,0.3402222280981447,-0.00957974956074594,0.751829128721436,-0.026782392681537627,0.010903180836704189,-0.12092300240332657,0.13389507773858267,0.13211450374175596,0.3644843137107057,0.750493317892932,0.0
7.4274274274274275,0.3400823944336885,-0.006991683222808954,0.7513144545821024,-0.025733706966681293,0.008358376593923892,-0.12724021213901487,0.13399978305537522,0.13228855632389547,0.36232656509352346,0.7503157608484956,0.0
7.4474474474474475,0.3399845679079763,-0.004891326285608172,0.7508249811090663,-0.02447367365181076,0.00606979189010466,-0.1144292351909616,0.13432401296390298,0.13244161725820994,0.36015451244395336,0.7501776318398526,0.0
7.4674674674674675,0.3399185505997734,-0.003300865410148004,0.7503678543480657,-0.02285633805002714,0.004164993248886339,-0.0952399320609161,0.134545412870727,0.13239818856694244,0.35796824151091566,0.750078952679175,0.0
7.4874874874874875,0.3398751734304117,-0.0021688584680844246,0.7499457489046628,-0.021105272170147824,0.002596237151632287,-0.07843780486270255,0.1348029816664272,0.13239105978843965,0.3557678386046427,0.7500197389490459,0.0
7.5075075075075075,0.339847212310613,-0.001398055989934922,0.7495623842201066,-0.01916823422781407,0.0006991881965343467,-0.09485244775489696,0.1349166513972524,0.13267695751071068,0.3535533905932738,0.75,0.0
7.5275275275275275,0.33982819415260934,-0.00095090790018196,0.7492236685225074,-0.016935784879954226,-0.0010042944509173787,-0.08517413237258628,0.1342453572626558,0.1317389969824127,0.3513249848994246,0.7500197389490459,0.0
7.5475475475475475,0.3398107884507095,-0.0008702850949920895,0.7489057363824134,-0.015896607004700816,-0.0030379021669923066,-0.10168038580374636,0.1351628834803091,0.13284553876424848,0.3490827094967363,0.750078952679175,0.0
7.5675675675675675,0.33978829839725344,-0.0011245026728020418,0.7486385557793429,-0.013359030153527483,-0.005319020980016981,-0.11405594065123369,0.13526835346217078,0.1331650051137882,0.34682665290640247,0.7501776318398528,0.0
7.587587587587588,0.33975249264883806,-0.0017902874207685435,0.7484283639331022,-0.01050959231203376,-0.007471917871449229,-0.10764484457161237,0.13555276017032555,0.13341831885875202,0.3445569041936742,0.7503157608484956,0.0
7.607607607607608,0.3396945647620378,-0.002896394340011989,0.7482830423911693,-0.0072660770966432985,-0.009950302954607344,-0.12391925415790578,0.13575676977683404,0.13390265954404043,0.34227355296434425,0.750493317892932,0.0
7.627627627627628,0.3396054574990623,-0.004455363148775518,0.7482126810065477,-0.0035180692310799065,-0.01192345575329755,-0.09865763993451047,0.13606844860821876,0.13396716441804377,0.33997668936120967,0.7507102749348465,0.0
7.647647647647648,0.339475253885389,-0.006510180683664499,0.7482227057894264,0.0005012391439342288,-0.013610216251043234,-0.08433802488728392,0.13594774072910712,0.133750091428804,0.3376664040605121,0.7509665977142069,0.0
7.667667667667668,0.3392962282932129,-0.008951279608806335,0.7483079619234747,0.004262806702413784,-0.015195761866568569,-0.07927728077626664,0.13594474694424313,0.13371517434627783,0.33534278826836006,0.7512622457546749,0.0
7.687687687687688,0.3390618647489977,-0.0117181772107602,0.7484677409696697,0.007988952309752937,-0.016958827474344497,-0.08815328038879662,0.13586376625439342,0.1338288311297175,0.33300593371712583,0.7515971723699979,0.0
7.707707707707708,0.33876611801120454,-0.014787336889656,0.7487023749792858,0.011731700480802156,-0.019104266760864387,-0.10727196432599437,0.1358957355583904,0.1342271653278976,0.3306559326618259,0.7519713246713805,0.0
7.727727727727728,0.3384020648550172,-0.01820265780936717,0.7490180630407415,0.015784403072783046,-0.02159422342102844,-0.12449783300820255,0.13602753417206825,0.13472035723298012,0.3282928778764782,0.7523846435758372,0.0
7.747747747747748,0.33796116371778684,-0.022045056861518586,0.7494238403939809,0.02028886766197217,-0.024373397516859324,-0.13895870479154437,0.13623286959839193,0.13531350950533336,0.32591686265043934,0.7528370638155215,0.0
7.767767767767768,0.3374331989381255,-0.026398238983065515,0.7499312547936641,0.02537071998416062,-0.027073141008211992,-0.13498717456763354,0.13640342988683687,0.13562786474760063,0.3235279807847223,0.753328513948033,0.0
7.787787787787788,0.33680675830012735,-0.03132203189990811,0.7505471446487605,0.03079449275482101,-0.02938374767570151,-0.11553033337447591,0.1362767490160591,0.1354659789374539,0.32112632658829227,0.7538589163676986,0.0
7.807807807807808,0.33607139402168884,-0.036768213921924885,0.7512668630601147,0.035985920567712,-0.03166265031882067,-0.11394513215595806,0.13589475469718362,0.1353131393100854,0.31871199487434493,0.7544281873178278,0.0
7.827827827827828,0.33521814531711686,-0.042662435228599305,0.7520821363907245,0.04076366653049078,-0.03373953850455662,-0.10384440928679696,0.13574506315658325,0.13527271373898353,0.31628508095656227,0.7550362369039383,0.0
7.847847847847848,0.33423793818874725,-0.049010356418479055,0.7529897847569866,0.04538241831310566,-0.03535915555107293,-0.08098085232581534,0.13519778213152242,0.13472444805148998,0.3138456806453503,0.7556829691079516,0.0
7.867867867867868,0.3331225899031119,-0.05576741428176933,0.7539732305167651,0.049172287988927206,-0.035781835963449735,-0.021134020618840177,0.13527397457707527,0.1342354618497752,0.3113938902440563,0.7563682818033557,0.0
7.887887887887888,0.33186685367700247,-0.06278681130547047,0.7550260676796499,0.05264185814423845,-0.03674949770959793,-0.04838308730740998,0.1346080177667515,0.1341135890157118,0.30892980654516716,0.7570920667713315,0.0
7.907907907907908,0.3304691172077484,-0.06988682346270378,0.7561365061192679,0.05552192198089878,-0.03713938700186566,-0.019494464613386362,0.13435435558913392,0.1337069941076943,0.3064535268264882,0.7578542097178422,0.0
7.927927927927928,0.32892648231226795,-0.07713174477402296,0.7572945748158793,0.0579034348305684,-0.03774534919887202,-0.03029810985031766,0.13394704251560022,0.13365015600587893,0.3039651488473028,0.7586545902916815,0.0
7.947947947947948,0.3272376651189872,-0.0844408596640363,0.758493296840623,0.059936101237192646,-0.03810083258156267,-0.017774169134531864,0.1336512377734417,0.1334172272369865,0.3014647708445123,0.7594930821034785,0.0
7.967967967967968,0.3254009032600692,-0.09183809294590137,0.7597247122872316,0.06157077233042518,-0.0384545775899376,-0.017687250418746785,0.1334361248289434,0.13342015826395168,0.2989524915287595,0.760369552745656,0.0
7.987987987987988,0.3234148764839251,-0.09930133880720671,0.7609855908990231,0.06304393058957145,-0.03837480735729623,0.003988511632067981,0.13336690196741724,0.1332856457972567,0.29642841008052967,0.7612838638133392,0.0
8.008008008008009,0.3212784908854244,-0.10681927992503479,0.7622728297937489,0.06436194473628873,-0.03797751607583297,0.019864564073163143,0.1331787668065558,0.13309451907410438,0.2938926261462366,0.7622358709262116,0.0
8.028028028028029,0.31899272092445763,-0.1142884980483358,0.7635807956486363,0.06539829274437187,-0.03770199805790446,0.013775900896425894,0.1324129278086903,0.13256130957994144,0.29134523983428806,0.7632254237513139,0.0
8.048048048048049,0.31655988251723793,-0.12164192036098445,0.7648902910556254,0.06547477034945332,-0.03717360295634383,0.0264197550780316,0.1328435906905393,0.13303199827629245,0.2887863517111338,0.7642523660267839,0.0
8.068068068068069,0.31398130702613863,-0.12892877455496524,0.7662146926387104,0.06622007915425146,-0.0372574350848746,-0.00419160642653893,0.13255375890105262,0.13331501679555147,0.2862160627972954,0.7653165355865315,0.0
8.088088088088089,0.31125910173252386,-0.13611026468073928,0.7675539566576676,0.06696320094785592,-0.03731424348940151,-0.002840420226345453,0.13233899645363345,0.1333270735127924,0.2836344745633782,0.766417764385847,0.0
8.108108108108109,0.30839328961443824,-0.14329060590428205,0.7689050490174283,0.06755461798803696,-0.03730398502431015,0.0005129232545676154,0.13213972499070872,0.13332017145145056,0.2810416889260654,0.767555878527937,0.0
8.128128128128129,0.30538373105581884,-0.1504779279309696,0.7702648909189977,0.0679920950784727,-0.036810337516319805,0.024682375399517602,0.13209202335060652,0.1331801249822748,0.2784378082440939,0.7687306982913855,0.0
8.148148148148149,0.3022311457592572,-0.15762926482808326,0.7716306889416015,0.06828990113018736,-0.03654163752626568,0.013434999502706711,0.13172431267835127,0.1331648242247249,0.275822935314215,0.7699420381585325,0.0
8.168168168168169,0.2989374973178596,-0.16468242206987935,0.7729968317315586,0.06830713949785576,-0.03572063318601869,0.041050217012349316,0.13169997785199317,0.1330086387822681,0.2731971733671346,0.7711897068447706,0.0
8.188188188188189,0.2955041179568634,-0.1716689680498125,0.7743606779366108,0.06819231025260572,-0.034501158713670155,0.06097372361742615,0.13165258948282002,0.1328947172619639,0.27056062606343795,0.7724735073287511,0.0
8.208208208208209,0.29193480469942357,-0.17846566287199,0.7757199507584474,0.06796364109182827,-0.03345277846073637,0.052419012646690286,0.13141581314188572,0.13293003265948267,0.2679133974894985,0.773793236883495,0.0
8.228228228228229,0.2882343822418056,-0.18502112288090006,0.7770718326772327,0.0675940959392636,-0.032058433641757964,0.0697172409489205,0.13145198267372052,0.13291211143994713,0.265255592153367,0.7751486871084072,0.0
8.248248248248249,0.28440714106529513,-0.19136205882552185,0.7784167338984034,0.06724506105853705,-0.0304433499384523,0.08075418516528318,0.13155291181119058,0.13299911093994496,0.2625873149806478,0.7765396439621841,0.0
8.268268268268269,0.28045822991801717,-0.19744555736389752,0.7797576163531207,0.06704412273586306,-0.028080973309065612,0.1181188314693343,0.1318934872602202,0.13297326448409014,0.2599086713103549,0.7779658877966138,0.0
8.288288288288289,0.2763941454944199,-0.203204221179864,0.7810993360872647,0.06708598670719683,-0.02553157708940378,0.12746981098309165,0.13203151823920015,0.1330515039728948,0.2572197668907533,0.7794271933912617,0.0
8.308308308308309,0.272224611342234,-0.20847670760929127,0.7824453603765776,0.06730121446564838,-0.023474738701823726,0.10284191937900258,0.1318937670262103,0.13327833153604615,0.25452070787518555,0.7809233299890341,0.0
8.328328328328329,0.26795997521253395,-0.21323180648500323,0.7837972671398252,0.06759533816237791,-0.022003560489655846,0.07355891060839416,0.13163584004744375,0.1334869473556513,0.25181160081788045,0.7824540613326185,0.0
8.348348348348349,0.26360818663740676,-0.2175894287563592,0.7851545132820456,0.06786230711101758,-0.02036332997621485,0.08201152567204992,0.13174767445908894,0.13357603799891005,0.24909255266974545,0.7840191457017911,0.0
8.368368368368369,0.259175500852476,-0.2216342892465387,0.7865201963074507,0.06828415127025987,-0.01924659131250722,0.055836933185381604,0.13153662779275946,0.13379285473540264,0.246363670774146,0.7856183359515868,0.0
8.388388388388389,0.2546682073759275,-0.22536467382742353,0.7878945256010056,0.06871646467774356,-0.017937550415672517,0.06545204484173493,0.1315554847726301,0.13379365785587916,0.24362506286266614,0.7872513795513271,0.0
8.408408408408409,0.2500910205165022,-0.22885934297126406,0.7892778667195219,0.06916705592581798,-0.016824772852469288,0.05563887816016174,0.13144223937325955,0.13390688539518447,0.2408768370508576,0.7889180186244963,0.0
8.428428428428429,0.2454492009606087,-0.23209097779467577,0.7906703023135271,0.06962177970025896,-0.01578182474983597,0.05214740513166572,0.13134773040253966,0.13395319597144154,0.2381191018339697,0.7906179899894645,0.0
8.448448448448449,0.24074643403493873,-0.23513834628349875,0.7920711818546721,0.07004397705725184,-0.01351551728079664,0.11331537345196638,0.13210030385257918,0.1340059478438296,0.2353519660826664,0.7923510252010468,0.0
8.468468468468469,0.23598712700070051,-0.23796535171191047,0.7934924896304001,0.07106538878640291,-0.011237420683029643,0.1139048298883498,0.13240307694573258,0.13429867802897788,0.23257553903872907,0.7941168505928932,0.0
8.488488488488489,0.2311802417752742,-0.24034426127131636,0.794943154215025,0.07253322923124864,-0.009080499424322567,0.10784606293535383,0.13256657450649093,0.13454046337855247,0.229789930310744,0.795915187320704,0.0
8.508508508508509,0.22633453386107966,-0.24228539570972693,0.7964292583672479,0.07430520761114238,-0.006624242598995045,0.12281284126637604,0.132905052762371,0.13466917289866923,0.22699524986977343,0.7977457514062631,0.0
8.528528528528529,0.22145891090341582,-0.24378114788319197,0.7979577715193812,0.07642565760666463,-0.004634552055561235,0.09948452717169042,0.13372257910706734,0.1355797579671229,0.22419160804501614,0.7996082537822808,0.0
8.548548548548549,0.21656310076396268,-0.2447905069726566,0.799554326176019,0.07982773283188672,-0.0032293788365943313,0.07025866094834528,0.13379953852930127,0.13603037600821197,0.22137911551945078,0.8015024003380411,0.0
8.568568568568569,0.21165536213191716,-0.24538693160227612,0.8012267120113226,0.08361929176517784,-0.0026203066792126104,0.03045360786908602,0.13282802441573027,0.13561209850026834,0.21855788332546644,0.8034278919658453,0.0
8.588588588588589,0.2067409549590068,-0.24572035864551828,0.8029542830671523,0.08637855279149079,-0.0016855581492128365,0.04673742649998873,0.13248829046609079,0.13512491534535873,0.21572802284047943,0.8053844246082442,0.0
8.608608608608609,0.20182265459577906,-0.24591501816138667,0.8047247385702353,0.08852277515414682,-0.0010268156956035341,0.032937122680465114,0.13204995707926856,0.13491374939409811,0.21288964578253644,0.8073716893060526,0.0
8.62862862862863,0.19690377337219947,-0.24594406117897938,0.8065284197794532,0.09018406046089562,0.00018026742129696255,0.06035415584502482,0.13214185837846104,0.13469606542603338,0.21004286420590304,0.8093893722471381,0.0
8.64864864864865,0.1919863482234699,-0.2458712574364777,0.8083634323964528,0.09175063084998065,0.002575282303876254,0.11975074412896455,0.13287696764808127,0.1346227956928135,0.20718779049664193,0.8114371548159741,0.0
8.66866866866867,0.18707531564536287,-0.24555162890535193,0.8102395511422508,0.09380593728989653,0.005255054697793793,0.1339886196958769,0.1335467459635579,0.13499163296267713,0.20432453736817457,0.8135147136439544,0.0
8.68868868868869,0.1821804098947319,-0.24474528753154873,0.8121721076305896,0.0966278244169376,0.007650832627141358,0.11978889646737827,0.1338636305747013,0.1353568121935117,0.20145321785683137,0.8156217206604565,0.0
8.70870870870871,0.17731223054302267,-0.24340896758546113,0.8141711071958783,0.09994997826443758,0.009953600622137916,0.11513839974982779,0.13410465848104103,0.13552121756645916,0.19857394531739012,0.8177578431446473,0.0
8.72872872872873,0.17248009196897826,-0.24160692870222047,0.8162424272777892,0.10356600409554678,0.012506947149421637,0.12766732636418632,0.13440043291796602,0.1355004692829062,0.19568683341860119,0.8199227437780233,0.0
8.74874874874875,0.16769350131754887,-0.23932953257146905,0.8183899885264,0.10737806243053893,0.014573348531771385,0.10332006911748723,0.13434791209201885,0.13559624218015082,0.19279199613869824,0.8221160806976787,0.0
8.76876876876877,0.16296255617389185,-0.23654725718285036,0.8206142409348434,0.11121262042216727,0.016380832346261188,0.09037419072449018,0.1342605680615901,0.13550790630578563,0.1898895477609007,0.8243375075502876,0.0
8.78878878878879,0.158295798858953,-0.23333786574694254,0.8229123944273417,0.11490767462491205,0.01732908449194771,0.04741260728432592,0.1338047104269235,0.13548505297394592,0.18697960286890034,0.8265866735467986,0.0
8.80880880880881,0.15370018532405266,-0.22978067674501748,0.8252771739398822,0.11823897562702507,0.01788890440601383,0.02799099570330597,0.13328809533141336,0.1351258624567412,0.18406227634233888,0.8288632235178279,0.0
8.82882882882883,0.1491790495071622,-0.2260567908445224,0.8276954787754751,0.1209152417796429,0.01841369569933521,0.026239564666069266,0.13308299423442882,0.13484944843716742,0.1811376833522729,0.8311667979697439,0.0
8.84884884884885,0.14473434851270936,-0.22223504972264285,0.8301600874087366,0.12323043166307622,0.018935669056151277,0.02609866784080327,0.13296520947563864,0.13465589299598976,0.1782059393566254,0.8334970331414371,0.0
8.86886886886887,0.14036751388172403,-0.21834173154926667,0.8326663082600756,0.12531104256695083,0.020160821400403126,0.061257617212592264,0.133256576694222,0.1343748175957136,0.17526716009562973,0.8358535610617607,0.0
8.88888888888889,0.13608080795899155,-0.21433529613662436,0.8352142181284055,0.12739549341649328,0.021184257210914957,0.051171790525591586,0.13340374134878,0.134499557866596,0.17232146158725853,0.8382360096076389,0.0
8.90890890890891,0.13187892996552517,-0.21009389967331957,0.8378077126259376,0.12967472487660553,0.022226764508599242,0.05212536488421434,0.13346348210983502,0.1343830589036024,0.16936896012264566,0.8406440025628277,0.0
8.92892892892893,0.12776571941109996,-0.20566052772126042,0.8404458266306603,0.13190570023613368,0.023323629343952487,0.05484324176766206,0.13357588962617295,0.1342989751638432,0.16640977226149348,0.8430771596773248,0.0
8.94894894894895,0.12374520008639825,-0.2010259662350852,0.8431288507701419,0.13415120697408223,0.024355091161151775,0.051573090859964664,0.13359861574404963,0.13417453635308074,0.16344401482747137,0.8455350967274163,0.0
8.96896896896897,0.11982133374542012,-0.19619331704890652,0.8458551404487206,0.13631448392893264,0.025614615766847204,0.06297623028477153,0.13381135095589258,0.1340434029552987,0.16047180490360463,0.8480174255763487,0.0
8.98898898898899,0.11599833390905091,-0.1911499918184599,0.8486257697656164,0.1385314658447947,0.026502913502624337,0.04441488678885639,0.13362341837808484,0.1338872028296654,0.15749325982765247,0.8505237542356202,0.0
9.00900900900901,0.11228057195875098,-0.1858880975149966,0.851435479594745,0.14048549145642483,0.027675497816480567,0.058629215692811605,0.1338767258803714,0.13373360772081364,0.15450849718747375,0.8530536869268817,0.0
9.02902902902903,0.10867170670074228,-0.18044326290043525,0.8542856231595516,0.1425071782403316,0.028456078053360836,0.039029011844013264,0.1336613443799076,0.134262492259364,0.15151763481638703,0.855606824144433,0.0
9.04904904904905,0.10517617562514557,-0.174776553779835,0.8571806843756868,0.1447530608067606,0.029805017095046512,0.06744695208428396,0.1332849388397141,0.13325353684676963,0.14852079078851746,0.8581827627183108,0.0
9.06906906906907,0.1017960441816827,-0.16900657217314366,0.8601000234784003,0.1459669551356725,0.031757977086772096,0.0976479995862792,0.13374716924012256,0.13297360506908057,0.14551808341413588,0.860781095877953,0.0
9.08908908908909,0.09853687217318412,-0.16295860042492932,0.863046169472952,0.1473072997275861,0.03326157030343479,0.07517966083313463,0.13383675929954988,0.1329679383878527,0.14250963123498803,0.8634014133164327,0.0
9.10910910910911,0.09540628434647788,-0.15652939133531155,0.8660201098956557,0.148697021135187,0.034240860370665455,0.048964503361533074,0.13360665335106284,0.13270562640884564,0.13949555301961478,0.8660433012552508,0.0
9.12912912912913,0.09240984190605785,-0.14982212202100148,0.869014342375855,0.14971162400996102,0.03467338449488584,0.021626206211019416,0.13321729770109617,0.1323415298892349,0.13647596775866253,0.8687063425096762,0.0
9.14914914914915,0.08955100316061512,-0.14294193727213617,0.8720175708975292,0.15016142608371152,0.0343805039757081,-0.014644025958887658,0.13272121583144045,0.13204206047409012,0.13345099466018764,0.8713901165546235,0.0
9.16916916916917,0.08683047845415029,-0.13602623532324143,0.8750179600301646,0.15001945663177094,0.03425671105345068,-0.006189646112871162,0.1324841704254002,0.13144739624630972,0.13042075314494853,0.8740941995910597,0.0
9.18918918918919,0.08424624290416254,-0.12921177749938775,0.8780032493792731,0.14926446745542202,0.03453994757090483,0.014161825872708164,0.13246059428185492,0.13088634333792784,0.12738536284169114,0.876818164612927,0.0
9.20920920920921,0.08179776877757734,-0.12242370632925936,0.8809648261325136,0.148078837662025,0.03413646949510201,-0.020173903790140744,0.13229386035903204,0.130864594505275,0.12434494358242719,0.8795615814745714,0.0
9.22922922922923,0.07948534658334033,-0.11562110971185015,0.8838998968626406,0.14675353650634743,0.03414512580845054,0.00043281566742590233,0.13221071088375153,0.13024621285131968,0.1212996153977037,0.8823240169586669,0.0
9.24924924924925,0.07730731033775962,-0.10890181227903592,0.8867981663081775,0.14491347227684695,0.03346005321392619,-0.03425362972621711,0.13210334101246893,0.13029163838094068,0.1182494985118623,0.8851050348446281,0.0
9.26926926926927,0.0752629625116955,-0.10221739130320591,0.8896587639858644,0.14302988388434507,0.03316906542501331,-0.014549389445644597,0.13206135080349682,0.12972993001606498,0.11519471333829544,0.8879041959774918,0.0
9.28928928928929,0.07334998350108084,-0.09564895053073287,0.8924728893428774,0.14070626785064638,0.03152976442491392,-0.08196505000496895,0.13206489259810422,0.13035460069884258,0.11213538047469072,0.8907210583372667,0.0
9.30930930930931,0.07156684403925631,-0.0891569730912262,0.8952499381645341,0.13885244108283798,0.030036267822980595,-0.07467483009666606,0.13192766349762997,0.12995942145825035,0.10907162069827116,0.893555177108732,0.0
9.32932932932933,0.06990673446378627,-0.08300547877350176,0.8979822790663974,0.1366170450931651,0.028594499805781316,-0.07208840085996415,0.13190704641823178,0.1297561171883829,0.1060035549610274,0.8964061047516789,0.0
9.34934934934935,0.06836338898762673,-0.07716727380797687,0.9006668274722107,0.13422742029066748,0.02750122493692125,-0.054663743443003246,0.13215621781017503,0.12962499237742225,0.1029313043849407,0.8992733910715843,0.0
9.36936936936937,0.0669314283060437,-0.07159803407915077,0.9033055504705089,0.13193614991490646,0.02598587682640617,-0.07576740552575414,0.1319284538607973,0.12947917372335455,0.09985499025720375,0.9021565832906991,0.0
9.38938938938939,0.06560642412613171,-0.06625020899559977,0.9058930867974623,0.12937681634767279,0.023996240266472565,-0.09948182799668051,0.13230124399726842,0.12996769704934596,0.09677473402543013,0.9050552261195497,0.0
9.40940940940941,0.06438264945600324,-0.06118873350642409,0.9084424062168148,0.12746597096762885,0.02178454450922173,-0.11058478786254147,0.13241946379480526,0.13016286791575868,0.09369065729286229,0.9079688618288305,0.0
9.42942942942943,0.06325247369209432,-0.056508788195445976,0.9109583864898253,0.12579901365052304,0.019271985950120824,-0.12562792795504527,0.1327756118668445,0.13055134677219307,0.09060288181356883,0.9108970303216872,0.0
9.44944944944945,0.06220695319500004,-0.05227602485471398,0.9134522908891073,0.12469521996409869,0.017356490366467265,-0.09577477918267838,0.13285199366205167,0.13021788565812503,0.08751152948763816,0.9138392692063706,0.0
9.46946946946947,0.061236528295014754,-0.048521244999264156,0.9159205382197538,0.12341236653232662,0.01502408226461704,-0.11662040509251101,0.1334365352423237,0.13091836668161844,0.08441672235636682,0.9167951138692534,0.0
9.48948948948949,0.0603338530476579,-0.04513376236784262,0.918382328138324,0.12308949592851004,0.01262342388218261,-0.12003291912172145,0.13348616632427662,0.13102463064387102,0.08131858259744189,0.9197640975481975,0.0
9.50950950950951,0.05948989368784584,-0.04219796799060307,0.9208401266398408,0.1228899250758442,0.009979499515548634,-0.1321962183316988,0.13393170671862498,0.13160990275088702,0.07821723252011549,0.9227457514062631,0.0
9.52952952952953,0.058695250852233,-0.0397321417806419,0.9233093397581654,0.1234606559162326,0.007442849723442694,-0.12683248960529706,0.1343992125845839,0.13143121875798203,0.07511279456037856,0.9257396046057412,0.0
9.54954954954955,0.05793974741468707,-0.03777517187729653,0.9257943538166553,0.12425070292449186,0.00410048925498055,-0.16711802342310716,0.1337698408258209,0.13134093654438853,0.07200539127612608,0.928745184382506,0.0
9.56956956956957,0.05721332762742504,-0.03632098936310172,0.9282845799755823,0.124511307946351,0.00030232866530696017,-0.18990802948367955,0.1344024359208714,0.13241485550795157,0.06889514534231901,0.9317620161206687,0.0
9.58958958958959,0.05650253729654313,-0.0355395165440954,0.9308053710966381,0.12603955605278525,-0.0028701813821532924,-0.1586255023730126,0.13524530948954652,0.1329864194549042,0.0657821795461412,0.9347896234275258,0.0
9.60960960960961,0.05579244458891112,-0.03550463538160038,0.9333776847082738,0.12861568058178297,-0.005788081864932972,-0.14589502413898392,0.13562268533227148,0.13331597590382738,0.06266661678215227,0.9378275282087861,0.0
9.62962962962963,0.055070188236730065,-0.03611281760905263,0.9360119259493322,0.1317120620529246,-0.008079068060086176,-0.11454930975766028,0.13571675217240495,0.1330696067822732,0.05954858004743477,0.940875250744069,0.0
9.64964964964965,0.05432446029064445,-0.037286397304280613,0.9387057254145696,0.13468997326186757,-0.01053581504020445,-0.12283734900591357,0.13559824776116444,0.13318060826200145,0.056428192436740715,0.9439323097626549,0.0
9.66966966966967,0.053545820214822015,-0.03893200379112186,0.9414588476877181,0.13765611365742636,-0.012349540637305258,-0.09068627985504063,0.13568482470796475,0.13302698026431767,0.053305577137630025,0.9469982225194863,0.0
9.68968968968969,0.05272513728899963,-0.041034146291119275,0.944270147067124,0.1405649689702888,-0.01481098338470943,-0.12307213737020854,0.13551610233745198,0.13344365927786772,0.05018085742560749,0.9500725048713982,0.0
9.70970970970971,0.05185515958881656,-0.04349888500915334,0.9471431532935684,0.1436503113222202,-0.017396868830513126,-0.1292942722901847,0.13576490225771004,0.13396519688232658,0.047054156659256954,0.953154671353569,0.0
9.72972972972973,0.05092555176650958,-0.0464803911153491,0.9500890793280886,0.14729630172601296,-0.019140506472631935,-0.08718188210594063,0.1358410260064771,0.13363430748258093,0.043925598275371576,0.956244235256181,0.0
9.74974974974975,0.04992646822858542,-0.04995417689620773,0.9531039076614753,0.15074141666933558,-0.021025449291439915,-0.09424714094039882,0.1356159130364017,0.13373318234023082,0.040795305784078736,0.9593407087012792,0.0
9.76976976976977,0.04885147270365632,-0.0537497762464551,0.9561855671605058,0.15408297495152704,-0.02355947723644601,-0.12670139725030494,0.13562518337933427,0.13439158683216146,0.03766340276396652,0.9624436027198106,0.0
9.78978978978979,0.04769272338315682,-0.05793746602497504,0.9593437233042178,0.1579078071855994,-0.025873345071231138,-0.11569339173925637,0.1350943144431156,0.13401534681019545,0.03453001285720303,0.9655524273288404,0.0
9.80980980980981,0.04644045725096816,-0.06261330660943304,0.9625646313688853,0.16104540323337543,-0.02778786334543021,-0.09572591370995334,0.1352157821794523,0.13419207263217914,0.03139525976465657,0.968666691608924,0.0
9.82982982982983,0.04508549911610154,-0.06774790674333107,0.9658524091066494,0.16438888688820566,-0.029383506536513327,-0.07978215955415598,0.13517951150423937,0.13423147722749235,0.02825926724101234,0.9717859037816295,0.0
9.84984984984985,0.0436200247247759,-0.07327371956628212,0.9692068220086016,0.16772064509761342,-0.030063008095787214,-0.03397507796369408,0.13428069916641844,0.1330324861284139,0.02512215908988483,0.9749095712871962,0.0
9.86986986986987,0.04203915058565028,-0.07904370695628067,0.9725965460823582,0.16948620368783046,-0.03091990105215373,-0.04284464781832577,0.13458554365107694,0.13362153629765658,0.021984059158932697,0.9780372008623139,0.0
9.88988988988989,0.040339580184638284,-0.08497852005060007,0.9760346940325599,0.17190739751008752,-0.031118055484260287,-0.009907721605328136,0.13392508081952978,0.13279059554042932,0.018845091334967267,0.9811682986180168,0.0
9.90990990990991,0.03851903650859234,-0.09102718380229693,0.9794990186958198,0.173216233162995,-0.03139919458387585,-0.014056954980778281,0.13320505233293917,0.13239903705250564,0.015705379539064118,0.9843023701176716,0.0
9.92992992992993,0.03657717018343723,-0.09709331625775541,0.9829730000026483,0.17369906534142404,-0.031119401631970314,0.013989647595277124,0.1336207974748969,0.13252851615992453,0.012565047721668906,0.9874389204550574,0.0
9.94994994994995,0.03451309331087962,-0.10320384362788046,0.986464658341422,0.1745829169386863,-0.03116773455638632,-0.002416646220799623,0.13300371498861505,0.13214966956610616,0.00942421985770423,0.9905774543325162,0.0
9.96996996996997,0.03232883154680847,-0.10921308820355755,0.9899592532263861,0.17472974424820517,-0.03199897776219156,-0.04156216029026213,0.13228722065449108,0.13214466771749084,0.006283019941676196,0.9937174761391657,0.0
9.98998998998999,0.030024752763507058,-0.11520393916507052,0.9934460831999735,0.1743414986793675,-0.033240718038243716,-0.06208701380260831,0.13224560299271917,0.13254146734278752,0.0031415719827795636,0.9968584900291617,0.0
10.01001001001001,0.027597216756254126,-0.12137680036264663,0.9969303040588429,0.17421104294346926,-0.033895223073930066,-0.03272525178431776,0.13235490916938117,0.13256489487069978,6.123233995736766e-17,0.9999999999999999,0.0
10.03003003003003,0.025041834167025302,-0.12776912946144123,1.0004137154388346,0.17417056899958444,-0.034835191002646204,-0.046998396435806625,0.13236476744715053,0.1320768077922725,-0.003141571982779441,1.003141509970838,0.0
10.05005005005005,0.022356236326303597,-0.13427989203608523,1.003889140841683,0.1737712701424213,-0.03612657472086652,-0.0645691859110151,0.13217023788016963,0.1323724348354101,-0.006283019941676296,1.0062825238608344,0.0
10.07007007007007,0.019536999386788854,-0.14096184697573708,1.007357948341345,0.1734403749831038,-0.037714635402342316,-0.0794030340737901,0.1315896406361457,0.13239641400424662,-0.009424219857704107,1.0094225456674837,0.0
10.09009009009009,0.016578991264471127,-0.14790040611588628,1.0108117132475758,0.17268824531153548,-0.03812398533949294,-0.020467496857531423,0.13208196259877675,0.13240897719137448,-0.012565047721668785,1.0125610795449425,0.0
10.11011011011011,0.01347607427897197,-0.15514584927495786,1.014257684805059,0.17229857787416203,-0.03813900691250967,-0.0007510786508366646,0.13144171964351525,0.131867591172869,-0.015705379539063997,1.0156976298823281,0.0
10.13013013013013,0.01022822385988436,-0.16239252095438048,1.0176783045899835,0.17103098924622404,-0.039162436959301654,-0.051171502339598614,0.1306618588092508,0.1320518370298732,-0.018845091334967368,1.0188317013819832,0.0
10.15015015015015,0.006835799026156306,-0.1696212416864027,1.0210647669261983,0.1693231168107327,-0.0402852309775536,-0.05613970091259629,0.13017801288638914,0.13201077828982155,-0.021984059158932576,1.0219627991376858,0.0
10.17017017017017,0.0032951634253596297,-0.17703178003983383,1.0244091709024687,0.1672201988135221,-0.04093288704092913,-0.032382803168777126,0.1298952596188726,0.1318272766321558,-0.02512215908988471,1.0250904287128038,0.0
10.19019019019019,-0.0003974022129131843,-0.1846282819136407,1.0277044728481337,0.1647650972832503,-0.04142962197755791,-0.024836746831439105,0.1293325569577135,0.13159292942410386,-0.028259267241012218,1.0282140962183703,0.0
10.21021021021021,-0.004243585348329712,-0.19230915677082636,1.0309388110307107,0.16171690912884798,-0.04186560001997681,-0.02179890212094484,0.12852406317852785,0.13122274304309686,-0.03139525976465689,1.0313333083910763,0.0
10.23023023023023,-0.008244652316054,-0.20005334838621439,1.0340947104355112,0.15779497024001632,-0.04142637400993602,0.02196130050203904,0.1280955617117348,0.13066673394210765,-0.034530012857202905,1.0344475726711595,0.0
10.25025025025025,-0.012401511162977451,-0.20784294234617257,1.0371575982604153,0.15314439124520365,-0.04020145791679748,0.06124580465692742,0.12788773792159386,0.13029472745706547,-0.037663402763966396,1.0375563972801893,0.0
10.27027027027027,-0.016711757747006513,-0.21551232920145313,1.0401190469979227,0.14807243687536634,-0.038723600454777705,0.07389287310098804,0.12763718863725307,0.13015431369816613,-0.04079530578407862,1.0406592912987207,0.0
10.29029029029029,-0.021170152294522834,-0.222919727375816,1.0429735547159191,0.14272538589982195,-0.03723040549638389,0.07465974791969114,0.12806669435111848,0.1307854996912391,-0.04392559827537145,1.043755764743819,0.0
10.31031031031031,-0.025771506173165856,-0.23006769393215099,1.0457371468359804,0.13817960600305987,-0.0355584978301942,0.08359538330948435,0.1283386958541376,0.13116892544712822,-0.047054156659257274,1.0468453286464312,0.0
10.33033033033033,-0.030510479785283998,-0.236948680605907,1.0484198279247474,0.13413405443835613,-0.033262775144102356,0.1147861343045921,0.12913687601308121,0.13175042664536118,-0.050180857425607364,1.0499274951286017,0.0
10.35035035035035,-0.03538105711003733,-0.24352886623766637,1.0510423323851394,0.13112522301960267,-0.03085447040709962,0.12041523685013687,0.12905086695961376,0.13178340406606853,-0.0533055771376299,1.0530017774805136,0.0
10.37037037037037,-0.04037394046151909,-0.24964416757408825,1.0536042324767478,0.12809500458041637,-0.02875653187013458,0.10489692684825203,0.12886016142405318,0.13191154610256817,-0.0564281924367406,1.0560676902373451,0.0
10.39039039039039,-0.04547997050448123,-0.25530150214810676,1.0561049537558447,0.12503606395484318,-0.026086561756821672,0.13349850566564558,0.12945636160147037,0.1322855698669304,-0.059548580047434865,1.0591247492559313,0.0
10.41041041041041,-0.050690982572087595,-0.2605506033803182,1.0585591608045752,0.12271035243652434,-0.023731295129068592,0.11776333138765382,0.12913222658746068,0.13227638173083828,-0.06266661678215214,1.0621724717912138,0.0
10.43043043043043,-0.055996597823204215,-0.2652807625558309,1.0609622415249758,0.12015403602002295,-0.020989825619650664,0.13707347547089618,0.12958467788037398,0.13257801430223015,-0.06578217954614109,1.065210376572474,0.0
10.45045045045045,-0.061387688770457444,-0.2695545473626616,1.0633256380480496,0.11816982615368742,-0.018321478711482767,0.13341734540839503,0.12983841558084033,0.13295191314264918,-0.06889514534231889,1.0682379838793312,0.0
10.47047047047047,-0.06685370024672324,-0.2733005738132899,1.065658919849543,0.11666409007467066,-0.015643273127364587,0.13391027920590906,0.12990100313549732,0.13308641509086933,-0.07200539127612618,1.0712548156174941,0.0
10.49049049049049,-0.07238437307140587,-0.2765336412341312,1.0679652363418533,0.1153158246155087,-0.012566700060759087,0.153828653330275,0.1304971828810069,0.1334653403672955,-0.07511279456037843,1.0742603953942587,0.0
10.51051051051051,-0.07796929790030711,-0.2792462414450624,1.0702592324068825,0.11469980325146575,-0.009526597366639808,0.15200513470596397,0.13116391378662215,0.13412700744897543,-0.07821723252011537,1.0772542485937369,0.0
10.53053053053053,-0.08359658020635827,-0.28136411530255734,1.0725607647958322,0.11507661944748651,-0.006625801588034545,0.1450397889302632,0.13297512483079,0.13657453388084043,-0.08131858259744176,1.0802359024518022,0.0
10.55055055055055,-0.08925480107215812,-0.2829110432899924,1.074933043318497,0.1186139261332363,-0.0033993882462259807,0.16132066709042822,0.13333884993761477,0.13668944731979912,-0.08441672235636692,1.0832048861307466,0.0
10.57057057057057,-0.09493245233812521,-0.28388256329835415,1.0773831732302719,0.12250649558874892,9.930900629064947e-05,0.17493486262583147,0.13303965599603365,0.13611313768178737,-0.08751152948763805,1.0861607307936292,0.0
10.59059059059059,-0.10061664757936933,-0.2842097620622059,1.079898162753865,0.12574947617966464,0.0038418759356818543,0.18712834646956025,0.1331363108791012,0.13590876590375003,-0.09060288181356872,1.0891029696783128,0.0
10.61061061061061,-0.10629349146183022,-0.2838421941230439,1.0824763679562035,0.12891026011691778,0.007726765254047436,0.19424446591827904,0.1334412495205779,0.13594057804075504,-0.09369065729286216,1.0920311381711694,0.0
10.63063063063063,-0.11194819172463386,-0.2827350131401822,1.0851226800400864,0.13231560419414592,0.011824372757735626,0.2048803751844094,0.13391915828944806,0.1360412783434724,-0.09677473402543023,1.0949447738804503,0.0
10.65065065065065,-0.11756447653152226,-0.28081424034442,1.0878455086955154,0.1361414327714539,0.014314807455471028,0.12452173488677018,0.13314411938600157,0.13608439656241902,-0.09985499025720362,1.0978434167093007,0.0
10.67067067067067,-0.12312674351459017,-0.2781133491533959,1.090633771082874,0.13941311936792533,0.017138241139457642,0.14117168419933068,0.13308869764680228,0.13564798495462682,-0.1029313043849406,1.1007266089284156,0.0
10.69069069069069,-0.1286253010493637,-0.2749278767386763,1.0934799852020003,0.14231070595631123,0.02014308722641124,0.15024230434767943,0.13331955096711792,0.13553853812448577,-0.10600355496102727,1.103593895248321,0.0
10.71071071071071,-0.13404889918957832,-0.27117990701073114,1.0963857153143641,0.14528650561819537,0.022939973543323,0.1398443158455885,0.13338288394181075,0.13549429157251375,-0.10907162069827148,1.1064448228912684,0.0
10.73073073073073,-0.1393856572343104,-0.2668379022366038,1.0993509631684897,0.14826239270628003,0.025447426007367623,0.12537262320223075,0.13326271701999778,0.13531626927091778,-0.1121353804746906,1.1092789416627333,0.0
10.75075075075075,-0.14462439845039313,-0.2619370608041366,1.1023710157305038,0.1510026281007071,0.027103858846138317,0.08282164193853439,0.13278337805586315,0.13513514798162038,-0.11519471333829533,1.1120958040225082,0.0
10.77077077077077,-0.14975581714943528,-0.2565709349521075,1.1054358000305746,0.15323921500353946,0.028789997323868156,0.08430692388649227,0.13250683870795985,0.134646611996693,-0.11824949851186219,1.114894965155372,0.0
10.79079079079079,-0.154774018211381,-0.2509100530972863,1.108533775016215,0.15489874928201733,0.03085109530847011,0.10305489923009784,0.13258643291184458,0.13426904604613238,-0.12129961539770358,1.117675983041333,0.0
10.81081081081081,-0.15967260489273927,-0.24492933406791303,1.1116603170120296,0.15632709979072643,0.03294600573428299,0.10474552129064432,0.13270143604079704,0.13407956240452687,-0.12434494358242751,1.120438418525429,0.0
10.83083083083083,-0.16444354495233532,-0.23854700297980283,1.114814061353146,0.15768721705582026,0.0346938233772692,0.08739088214931029,0.13268083906126205,0.13400777876368197,-0.127385362841691,1.1231818353870728,0.0
10.85085085085085,-0.16907896667356911,-0.2317710860616904,1.1179933596632838,0.15896491550688777,0.036499895193052,0.0903035907891404,0.13271100647634557,0.13371751803865814,-0.13042075314494841,1.1259058004089402,0.0
10.87087087087087,-0.17357214601071566,-0.22465896685732675,1.121194113718736,0.16003770277260695,0.037859733183027454,0.06799189949877202,0.1322780204413842,0.1332893211738697,-0.13345099466018753,1.1286098834453764,0.0
10.89089089089089,-0.17791697764547187,-0.2172415817378108,1.1244033114093848,0.16045988453243426,0.03961470678153248,0.08774867992525097,0.13254154175814928,0.1329904801204257,-0.1364759677586626,1.1312936574903238,0.0
10.91091091091091,-0.18210792458654237,-0.20954734705352493,1.1276202371471564,0.1608462868885884,0.04048531124312065,0.04353022307940868,0.1322000294940634,0.13289449133573608,-0.13949555301961464,1.1339566987447491,0.0
10.93093093093093,-0.18613908171170962,-0.2015578562583629,1.1308381545243984,0.16089586886210097,0.04188422882382857,0.06994587903539587,0.1321393410071741,0.13217815505926542,-0.1425096312349879,1.136598586683567,0.0
10.95095095095095,-0.1900074030744532,-0.1934160681371799,1.1340454397102464,0.16036425929240458,0.04268173969114232,0.03987554336568772,0.13192781330422626,0.13202857690470304,-0.14551808341413577,1.1392189041220468,0.0
10.97097097097097,-0.19370779228044113,-0.18501946029939642,1.1372365499035377,0.15955550966457008,0.04285705710795152,0.008765870840459423,0.13132255227577652,0.13156860062711548,-0.14852079078851754,1.1418172372816893,0.0
10.99099099099099,-0.19723791858314235,-0.176506315135061,1.14039562025045,0.15795351734561364,0.042356313577484345,-0.025037176523358646,0.13075708998894844,0.1311841833251674,-0.1515176348163869,1.1443931758555668,0.0
11.01101101101101,-0.20059849018157871,-0.1680285799218175,1.1435086129185512,0.15564963340506022,0.04263532285073744,0.013950463662654743,0.1306949023966391,0.13040532111274328,-0.15450849718747364,1.1469463130731183,0.0
11.03103103103103,-0.20379207083397774,-0.15967903261995153,1.1465632269222295,0.15273070018390925,0.04291385237743896,0.0139264763350757,0.12986895267559104,0.130667135758735,-0.15749325982765236,1.1494762457643797,0.0
11.05105105105105,-0.20681797546632408,-0.151295231617317,1.1495511435965515,0.14939583371609882,0.04373579375841691,0.04109706904889751,0.13035017854026335,0.13044121955516524,-0.16047180490360474,1.1519825744236514,0.0
11.07107107107107,-0.20967541938376785,-0.1428721958721892,1.152476180928582,0.14625186660152492,0.04512819975716552,0.0696202999374306,0.13057702957796397,0.12987601897307802,-0.16344401482747126,1.1544649032725836,0.0
11.09109109109109,-0.21236159972504878,-0.13430901706404663,1.1553332737009352,0.1428546386176659,0.04638825298431358,0.06300266135740308,0.1305830769641124,0.12945932596398174,-0.16640977226149337,1.1569228403226752,0.0
11.11111111111111,-0.21487201824667385,-0.12552092608125373,1.1581161904464798,0.13914583727723215,0.04809618957935393,0.08539682975201804,0.13052487924208814,0.1286116260739624,-0.16936896012264555,1.1593559974371723,0.0
11.13113113113113,-0.21720229225031285,-0.11651370018195029,1.1608113931541963,0.13476013538582476,0.04886071162203504,0.038226102134055855,0.13027469882076906,0.1283880888711433,-0.1723214615872586,1.1617639903923611,0.0
11.15115115115115,-0.21934673613518274,-0.10722219424349502,1.1634116655209699,0.13001361833867053,0.04946242565994191,0.030085701895343472,0.12990005902055218,0.12762233060836367,-0.17526716009562962,1.1641464389382392,0.0
11.17117117117117,-0.22130327375047826,-0.09782688076477641,1.1659001004419365,0.12442174604833546,0.04921749693102301,-0.012246436445945363,0.12967551676330358,0.12744788753041142,-0.1782059393566253,1.166502966858563,0.0
11.19119119119119,-0.22306997420122254,-0.08833502253721376,1.1682708063915885,0.1185352974826051,0.04789449092399065,-0.06615030035161792,0.1294235757735169,0.12745889768000235,-0.1811376833522728,1.168833202030256,0.0
11.21121121121121,-0.2246486345780435,-0.07893301884104685,1.1705203932605428,0.11247934344771604,0.04683034025238038,-0.05320753358051449,0.12914614628700277,0.12670746659078758,-0.18406227634233915,1.1711367764821723,0.0
11.23123123123123,-0.22604472170150552,-0.06980435617310154,1.1726340104964728,0.10568086179649942,0.04457067138152498,-0.11298344354276915,0.12918447042977252,0.12715939725317013,-0.18697960286890022,1.1734133264532012,0.0
11.25125125125125,-0.22726244093926978,-0.060885961888212554,1.1746192460537035,0.0992617778615418,0.04221362564596653,-0.1178522867779228,0.1289664764077878,0.12688100706966499,-0.18988954776090058,1.1756624924497123,0.0
11.27127127127127,-0.22831100023843018,-0.052427964958020115,1.1764692773607066,0.09250156535015212,0.0400239698919269,-0.10948278770198075,0.12900179288216457,0.12682394410844983,-0.19279199613869813,1.1778839193023212,0.0
11.29129129129129,-0.22919931762720894,-0.04441586943893847,1.1781843058161436,0.08575142277184696,0.037520484053104285,-0.12517429194113028,0.1296757765326505,0.1274213749719844,-0.19568683341860107,1.1800772562219766,0.0
11.31131131131131,-0.22993543187997134,-0.036805712638119895,1.1797836261162382,0.07996601500472739,0.03544390083386778,-0.10382916096182637,0.12970214402476302,0.1270102397566378,-0.1985739453173904,1.182242156855353,0.0
11.33133133133133,-0.2305293360825667,-0.029695210129767835,1.181262024060912,0.07391989723369018,0.033702753922527286,-0.08705734556702453,0.1297261716049732,0.1265933554892978,-0.20145321785683126,1.1843782793395434,0.0
11.35135135135135,-0.23098916676572329,-0.02299153415782903,1.1826140864133703,0.06760311762291278,0.031742610723127763,-0.09800715996997592,0.1309200843212227,0.12763632013305284,-0.20432453736817446,1.1864852863560456,0.0
11.37137137137137,-0.23132032396636898,-0.016557860032285047,1.1838732798709064,0.06295967287680432,0.02896682385544876,-0.13878934338394971,0.1309802850017536,0.12789959202673437,-0.20718779049664182,1.1885628451840258,0.0
11.391391391391391,-0.23153046289807033,-0.01050694658506809,1.1850447258041144,0.05857229666040103,0.02597691682473147,-0.14949535153586496,0.13123034433207542,0.12820836538493433,-0.21004286420590312,1.190610627752862,0.0
11.411411411411411,-0.2316304446714691,-0.004999088669937746,1.1861371028547105,0.05461885252980707,0.023635665193768692,-0.11706258154813871,0.13152852392253161,0.12805557356959518,-0.21288964578253633,1.1926283106939473,0.0
11.431431431431431,-0.23163193323393813,-7.442812345197919e-05,1.1871529509425338,0.05079240439116646,0.021901678674883882,-0.08669932594424054,0.13234673713436537,0.12843044493602374,-0.21572802284047932,1.1946155753917558,0.0
11.451451451451451,-0.23154334218886016,0.0044295522538990205,1.188110231660191,0.04786403588285812,0.019843931665711648,-0.10288735045861211,0.13282949009856057,0.1286916678864588,-0.21855788332546633,1.1965721080341547,0.0
11.471471471471471,-0.23137142873290445,0.008595672797785212,1.1890201680641126,0.04549682019608332,0.017805064227520196,-0.10194337190957248,0.1312558273064486,0.12753183263460338,-0.22137911551945086,1.198497599661959,0.0
11.491491491491491,-0.23112505634274222,0.012318619508111658,1.1898424792388491,0.04111555873682243,0.016163461004367045,-0.08208016115765751,0.13463770904582117,0.12987084146851602,-0.22419160804501603,1.2003917462177192,0.0
11.511511511511511,-0.23081042263788187,0.015731685243017605,1.190662128393086,0.04098245771184953,0.0136955811531536,-0.12339399256067238,0.1314951664496008,0.1274671071472507,-0.22699524986977335,1.2022542485937369,0.0
11.531531531531531,-0.23043530727244396,0.018755768271895304,1.1913970700271321,0.036747081702301745,0.010909166249126431,-0.13932074520135831,0.1320431424938165,0.12572371446003688,-0.22978993031074388,1.204084812679296,0.0
11.551551551551551,-0.23000963362745205,0.021283682249594822,1.1920298095663928,0.03163697696303046,0.00635056057655572,-0.22793028362853546,0.1268298219301104,0.12208341281797129,-0.23257553903872916,1.205883149407107,0.0
11.571571571571571,-0.22954541393938263,0.023210984403471076,1.1924294076622195,0.019979904791338647,0.001053027403770034,-0.26487665863928433,0.13599756342320793,0.13158865555439675,-0.2353519660826663,1.2076489747989532,0.0
11.591591591591591,-0.2290574406265256,0.024398665642851588,1.1928728366323995,0.022171448509003953,-0.005377758323819941,-0.3215392863794988,0.1352802351977238,0.13241856085611156,-0.2381191018339696,1.2093820100105355,0.0
11.611611611611611,-0.22856681768438664,0.024531147106948526,1.1933618050552066,0.0244484211403525,-0.011506768182606689,-0.30645049293933735,0.1416349768540589,0.138612013622699,-0.2408768370508575,1.2110819813755036,0.0
11.631631631631631,-0.22809991943055322,0.0233449126916715,1.1940821159861466,0.03601554654699898,-0.017766264974057318,-0.3129748395725313,0.13967941598441355,0.13743684191652622,-0.24362506286266625,1.212748620448673,0.0
11.651651651651651,-0.2276817061528617,0.02091066388457492,1.1949869801909483,0.04524321024008852,-0.023380725955018982,-0.2807230490480833,0.142488069168695,0.14012224032036258,-0.2463636707741459,1.214381664048413,0.0
11.671671671671671,-0.2273393993324025,0.017115341022960962,1.1961572430773846,0.05851314432181738,-0.028174185189038112,-0.23967296170095634,0.14081584547187317,0.13825848274116628,-0.24909255266974534,1.2159808542982087,0.0
11.691691691691691,-0.22709523153317213,0.012208389961518806,1.1975398171594989,0.06912870410571813,-0.032260789781478234,-0.2043302296220061,0.13995700639648798,0.13767805535507519,-0.2518116008178804,1.2175459386673815,0.0
11.711711711711711,-0.22696792631216936,0.0063652610501380115,1.1991126872099378,0.07864350252195076,-0.03635296071943262,-0.20460854689771887,0.14163095002677337,0.13943069405340977,-0.2545207078751858,1.219076670010966,0.0
11.731731731731731,-0.2269762148177731,-0.00041442528018709266,1.2009259092855724,0.09066110378173461,-0.039478989003177624,-0.1563014141872506,0.13741536574729168,0.13527780956194532,-0.2572197668907532,1.2205728066087382,0.0
11.751751751751751,-0.22713198043330265,-0.007788280776477601,1.2028547790192206,0.09644348668241191,-0.042796522012699664,-0.16587665047610226,0.13992315411051348,0.1379905890255507,-0.2599086713103548,1.2220341122033862,0.0
11.771771771771771,-0.22745094005090666,-0.015947980880200677,1.2049759888606542,0.106060492071685,-0.045735303223409816,-0.14693906053550762,0.13685697397854665,0.13592065885805757,-0.2625873149806477,1.2234603560378159,0.0
11.791791791791791,-0.22794338151103827,-0.024622073006580453,1.2072127696419017,0.1118390390623789,-0.0473986678963125,-0.08316823364513448,0.13864833738146637,0.13667061332046146,-0.2652555921533669,1.2248513128915928,0.0
11.811811811811811,-0.22862258738655666,-0.03396029377592029,1.2096020902427922,0.11946603004452187,-0.04895857890451857,-0.0779955504103034,0.13423038883552893,0.13296644935448315,-0.2679133974894984,1.226206763116505,0.0
11.831831831831831,-0.22948949240417763,-0.043345250881048444,1.21202328787729,0.1210598817248957,-0.049769466809526326,-0.04054439525038757,0.13458996142377425,0.13371617092427165,-0.27056062606343784,1.2275264926712488,0.0
11.851851851851851,-0.23055071811991867,-0.053061285787052666,1.2144924422942682,0.1234577208489085,-0.04993372811443108,-0.008213065245238037,0.13368798264540385,0.13256473995563772,-0.2731971733671345,1.2288102931552294,0.0
11.871871871871871,-0.23180809652681617,-0.06286892034487414,1.2169789564922815,0.1243257099006671,-0.04893086509690702,0.05014315087620312,0.1321039610636432,0.1309792456999585,-0.2758229353142149,1.2300579618414675,0.0
11.891891891891891,-0.23325915155706128,-0.07255275151225625,1.2194358753405607,0.122845942413968,-0.04815882288809063,0.038602110440819085,0.12749030318151042,0.1285416422706796,-0.278437808244094,1.2312693017086145,0.0
11.911911911911911,-0.23489497578131457,-0.08179121121266386,1.2217590742581095,0.11615994587743533,-0.04520180978843928,0.1478506549825681,0.1348730738403195,0.13295381363312725,-0.2810416889260653,1.2324441214720627,0.0
11.931931931931931,-0.23672052848556052,-0.09127763521229697,1.2241233559960363,0.11821408689633633,-0.04328325498598208,0.09592774012285972,0.12571779294934018,0.125687906444852,-0.2836344745633781,1.233582235614153,0.0
11.951951951951951,-0.2387130960107048,-0.0996283762572148,1.2262861883617715,0.10814161828676253,-0.04045715165788208,0.14130516640499996,0.13109974547385553,0.12939731121752837,-0.28621606279729533,1.2346834644134685,0.0
11.971971971971971,-0.2408711157910737,-0.10790098901844526,1.2283826372595796,0.10482244489040687,-0.03830160650085306,0.1077772578514512,0.12542952596588341,0.1251097835437881,-0.28878635171113387,1.235747633973216,0.0
11.991991991991991,-0.2431769536135929,-0.1152918911259595,1.2302658129702884,0.09415878553543935,-0.03716046732627526,0.05705695872889009,0.12957066947256257,0.12911052547014187,-0.29134523983428795,1.2367745762486861,0.0
12.012012012012011,-0.24562798069923664,-0.12255135428218655,1.2320567611983646,0.0895474114038122,-0.035058233291138274,0.1051117017568492,0.12763124809544799,0.12700257449686286,-0.2938926261462365,1.2377641290737884,0.0
12.032032032032031,-0.24821685075262798,-0.12944350266956725,1.2336958078071885,0.08195233044118841,-0.03357658683347142,0.07408232288334216,0.12953849472299747,0.1260006047992705,-0.29642841008052956,1.2387161361866608,0.0
12.052052052052051,-0.25093652301105257,-0.13598361292122987,1.235196780463005,0.0750486327908322,-0.033747411298455314,-0.008541223249194277,0.12879747229008787,0.1270277805784315,-0.2989524915287594,1.239630447254344,0.0
12.072072072072071,-0.2537807535814071,-0.14221152851772675,1.2365642333837372,0.06837264603660777,-0.03571380229164626,-0.09831954965954708,0.12917802158331415,0.12894687320614018,-0.30146477084451234,1.2405069178965213,0.0
12.092092092092091,-0.25675098396630636,-0.1485115192449631,1.2378323148488517,0.06340407325571877,-0.038802548750547554,-0.1544373229450648,0.12910161047361426,0.13030352430589154,-0.30396514884730275,1.2413454097083185,0.0
12.112112112112111,-0.259855321078569,-0.15521685561313175,1.2390198064759763,0.059374581356231,-0.0417713911837805,-0.148442121661647,0.12881405500385157,0.13080883662886897,-0.30645352682648813,1.2421457902821578,0.0
12.132132132132131,-0.2631058345150561,-0.16252567182435326,1.2401295601182307,0.05548768211271937,-0.043464104424942585,-0.08463566205810426,0.1284442612983015,0.13042276318084686,-0.3089298065451672,1.2429079332286685,0.0
12.152152152152151,-0.2665131266868612,-0.170364608590256,1.2411499951984146,0.05102175400919104,-0.0443469057645242,-0.04414006697908099,0.12778159958941085,0.13003906333544027,-0.31139389024405634,1.2436317181966443,0.0
12.172172172172171,-0.2700826705522226,-0.1784771932680713,1.2420654268705693,0.04577158360773182,-0.04461846205573023,-0.013577814560301438,0.1264680330944097,0.12919483367369808,-0.3138456806453502,1.2443170308920484,0.0
12.192192192192191,-0.27381633493383933,-0.1866832190808357,1.2428438654610272,0.038921929522899204,-0.04369261330192955,0.04629243769003339,0.12597351033776188,0.12877990766960007,-0.31628508095656216,1.2449637630960617,0.0
12.212212212212211,-0.27771419791510604,-0.19489314906333588,1.2434719311007765,0.031403281987459224,-0.041923754951653874,0.08844291751378384,0.1259120068376309,0.12858024214738845,-0.318711994874345,1.2455718126821722,0.0
12.232232232232231,-0.2817723280277094,-0.20290650563016766,1.24394605242069,0.023706065995676304,-0.03964997455118232,0.1136890200235775,0.1258644201932997,0.12876449768524725,-0.3211263265882922,1.2461410836323012,0.0
12.252252252252251,-0.28598407865832376,-0.21058753153071633,1.244268682626413,0.016131510286155684,-0.03642943348009289,0.16102705355447103,0.12661837294055325,0.1291029503807834,-0.32352798078472217,1.246671486051967,0.0
12.272272272272271,-0.2903412557655913,-0.21785885536337546,1.2444564866935857,0.00939020335862936,-0.032821537592279335,0.18039479439067843,0.12728378032218643,0.12974009058993125,-0.32591686265043923,1.2471629361844785,0.0
12.292292292292291,-0.2948320822245036,-0.22454132294561474,1.244529342438515,0.0036427872464675475,-0.029144912763272076,0.18383124145036261,0.12766911735935332,0.13015964037676928,-0.32829287787647826,1.2476153564241628,0.0
12.312312312312311,-0.29944312696740005,-0.23055223714482476,1.244499754909955,-0.0014793764280091179,-0.02522592797690043,0.19594923931858257,0.1281480126403026,0.13060423884008726,-0.330655932661826,1.2480286753286194,0.0
12.332332332332332,-0.3041606884634296,-0.2358780748014778,1.2443819352319943,-0.005890983898034983,-0.02090878663338911,0.21585706717556574,0.12898402560483496,0.13114388225665302,-0.3330059337171257,1.248402827630002,0.0
12.352352352352352,-0.3089696773114515,-0.24044944240109475,1.2441967527367686,-0.009259124761289799,-0.01753696435922202,0.1685911137083546,0.12894804815962296,0.13166598616053216,-0.33534278826835995,1.248737754245325,0.0
12.372372372372372,-0.31385363084019113,-0.2441976764369824,1.2439518587632314,-0.01224469867686068,-0.014355704094067267,0.15906301325773808,0.1288870561278783,0.13176947191995697,-0.337666404060512,1.2490334022857932,0.0
12.392392392392392,-0.31879947208997156,-0.24729206248902072,1.2436481930107626,-0.015183287623443158,-0.011190599492457457,0.15825523008049033,0.1292204116470112,0.13209099332743698,-0.3399766893612096,1.2492897250651536,0.0
12.412412412412412,-0.32379479379628334,-0.24976608531558872,1.2432957115510896,-0.017624072983642866,-0.008503679044189555,0.1343460224133951,0.12945643381965105,0.1325838373119185,-0.34227355296434436,1.249506682107068,0.0
12.432432432432432,-0.3288272310042117,-0.25162186039641643,1.2429054177000207,-0.019514692553446008,-0.00650514781279194,0.09992656156988071,0.12908625527944836,0.13262642621672904,-0.34455690419367413,1.2496842391515044,0.0
12.452452452452452,-0.33388675061791884,-0.2529759806853568,1.2424725996109964,-0.021640904451211355,-0.0037038081054910446,0.14006698536504486,0.1296522512975392,0.13277070132137067,-0.34682665290640236,1.2498223681601472,0.0
12.472472472472472,-0.33896522553285335,-0.2539237457467272,1.2420078808781132,-0.023235936644159967,-0.0014284925838325543,0.11376577608292449,0.1295949373175394,0.1330251563019929,-0.3490827094967364,1.249921047320825,0.0
12.492492492492492,-0.34405198636113987,-0.2543380414143271,1.2415142700843074,-0.024680539690286506,0.0011323066825211718,0.1280399633176863,0.12984026885927866,0.13315848695044444,-0.35132498489942454,1.249980261050954,0.0
12.512512512512512,-0.3491381405810199,-0.25430771099400057,1.2409974289745842,-0.025842055486163217,0.0037998447083766877,0.13337690129277577,0.13042437431151532,0.13362317744162688,-0.35355339059327373,1.25,0.0
12.532532532532532,-0.3542134272150599,-0.2537643317020012,1.2404729201023992,-0.026225443609255886,0.005842750787669318,0.10214530396463149,0.1283886675257922,0.13318795748435647,-0.3557678386046426,1.249980261050954,0.0
12.552552552552552,-0.35926782837065885,-0.25272005777994916,1.2399041191684512,-0.028440046697393175,0.00917720154201593,0.16672253771733064,0.13010217934291377,0.13389193954642972,-0.35796824151091555,1.249921047320825,0.0
12.572572572572572,-0.3642929990702978,-0.25125853498194667,1.239326846226037,-0.02886364712071667,0.012413547002839916,0.16181727304119914,0.13143951051785824,0.13511649810101922,-0.36015451244395347,1.2498223681601472,0.0
12.592592592592592,-0.36927589422898366,-0.24914475793429425,1.2387789635140363,-0.02739413560003151,0.016201650012204024,0.1894051504682056,0.13238050922677347,0.1354378342692917,-0.36232656509352335,1.2496842391515044,0.0
12.612612612612612,-0.37420332019075525,-0.2463712980885794,1.2382790024327865,-0.024998054062486855,0.019488607262302077,0.16434786250490271,0.1325574675422217,0.13573700786366671,-0.36448431371070567,1.249506682107068,0.0
12.632632632632632,-0.37906042603041834,-0.24285529198315417,1.2378337516768623,-0.022262537796208636,0.022909865074674546,0.17106289061862348,0.1328805865455142,0.13565848785058926,-0.3666276731112801,1.2492897250651536,0.0
12.652652652652652,-0.3838344450276687,-0.23870094986251827,1.237446545169582,-0.019360325364018473,0.026817512676023995,0.195382380067472,0.1340660961504052,0.13615987629342577,-0.368756558679087,1.2490334022857932,0.0
12.672672672672672,-0.388511116357751,-0.23383356650411385,1.2371420197950282,-0.015226268727685278,0.030235039090016923,0.1708763206996464,0.1335397878612363,0.13574132008565817,-0.37087088636936955,1.248737754245325,0.0
12.692692692692692,-0.39307559255913194,-0.2282238100690478,1.236905710433094,-0.011815468096707913,0.03396596825459836,0.18654645822907187,0.13403316131302298,0.13551351881808887,-0.37297057271209105,1.248402827630002,0.0
12.712712712712712,-0.39751391890430826,-0.22191631725881594,1.2367410923651925,-0.008230903395073635,0.0366231970132973,0.1328614379349465,0.1332642765011625,0.13516892297974792,-0.3750555348152299,1.2480286753286194,0.0
12.732732732732732,-0.40181203805897514,-0.21490595773334414,1.236631129613591,-0.005498137580068445,0.03884937169303981,0.11130873398712571,0.13282497370479787,0.1346071258129416,-0.3771256903680519,1.2476153564241628,0.0
12.752752752752752,-0.4059597578741485,-0.2073859907586695,1.2365605740661623,-0.0035277773714336336,0.039745762026752396,0.04481951668562929,0.13119068630850786,0.13374740064966756,-0.37918095764436077,1.2471629361844785,0.0
12.772772772772772,-0.4099500183301991,-0.19951302280252933,1.2364921337826797,-0.0034220141741268095,0.040284872896661474,0.026955543495453746,0.13170674415646724,0.1338448446016863,-0.38122125550572394,1.246671486051967,0.0
12.792792792792792,-0.4137791355826896,-0.19145586262452288,1.2364347497997386,-0.00286919914705912,0.0401696930298885,-0.00575899333864819,0.131634592696404,0.13404484352957768,-0.3832465034046751,1.2461410836323012,0.0
12.812812812812812,-0.4174452111977761,-0.18330378075432746,1.236390218790546,-0.002226550459624137,0.039899296726590615,-0.013519815164894387,0.13035108986131638,0.1327049232777476,-0.3852566213878947,1.2455718126821722,0.0
12.832832832832834,-0.420950845607944,-0.17528172050839483,1.2363197122705396,-0.003525326000315199,0.04039998106043272,0.02503421669210508,0.13106130111749048,0.1325454993141342,-0.38725153009936686,1.2449637630960617,0.0
12.852852852852854,-0.42429687960138895,-0.16730169967224703,1.2362314498716889,-0.0044131199425331705,0.04083009805381409,0.02150584966906901,0.13078102096692165,0.13217844117916747,-0.3892311507835115,1.2443170308920484,0.0
12.872872872872874,-0.4274816961050196,-0.15924082518153496,1.2361157868715158,-0.0057831500086511,0.04059100256570568,-0.011954774405420282,0.1304409356157885,0.13194349989433704,-0.39119540528829405,1.2436317181966443,0.0
12.892892892892894,-0.43050464861644944,-0.15114762557148967,1.235964168268327,-0.007580930159448176,0.04098097378064335,0.01949856074688349,0.13070604332779595,0.13156979808492306,-0.39314421606830957,1.2429079332286683,0.0
12.912912912912914,-0.43336656768004905,-0.14309595317997958,1.2357750567886778,-0.00945557398245357,0.04069508190406269,-0.014294593829033704,0.13181616075055708,0.1325599810320117,-0.3950775061878452,1.2421457902821578,0.0
12.932932932932934,-0.4360652160292686,-0.13493241746097745,1.2355795134185712,-0.009777168505326558,0.040555806098060386,-0.006963790300115242,0.13136296927086008,0.1317567994679034,-0.3969951993239175,1.2413454097083185,0.0
12.952952952952954,-0.43860242715709036,-0.1268605563910857,1.2353589909627158,-0.011026122792769735,0.03978400718527892,-0.03858994563907332,0.13209546492365343,0.13201166114928417,-0.39889721976928555,1.2405069178965213,0.0
12.972972972972974,-0.44097859625431485,-0.1188084548612242,1.2351281482437881,-0.011542135946387392,0.038672628706368804,-0.055568923945505305,0.1352481748956573,0.1332140992545276,-0.4007834924354382,1.239630447254344,0.0
12.992992992992994,-0.4431942558018341,-0.1107829773759611,1.2349515840287566,-0.00882821075157566,0.03547344251040867,-0.15995930979800682,0.12890264958958894,0.1292103316026182,-0.40265394285556105,1.2387161361866608,0.0
13.013013013013014,-0.4452601467655099,-0.10329454818378975,1.234676213680659,-0.013768517404872619,0.03262860427520879,-0.14224191175999418,0.13008993937316735,0.1297044257351699,-0.40450849718747367,1.2377641290737884,0.0
13.033033033033034,-0.44718743240905123,-0.09636428217706577,1.2343274706471923,-0.01743715167333697,0.028814478121838932,-0.19070630766849253,0.12467211976025809,0.13008229126257856,-0.4063470822165468,1.2367745762486861,0.0
13.053053053053054,-0.44898990549754086,-0.09012365442448265,1.233831164507507,-0.024815306984255516,0.029339984084244024,0.02627529812025431,0.12315320495452613,0.12488929544295196,-0.40816962535859197,1.235747633973216,0.0
13.073073073073074,-0.4506849238248076,-0.08475091636333727,1.2330884708369423,-0.03713468352823479,0.031234961212532632,0.09474885641443002,0.127686578685709,0.12813793893374256,-0.409976054662726,1.2346834644134685,0.0
13.093093093093094,-0.4522675629832666,-0.07913195792294786,1.2322147879901637,-0.04368414233893086,0.03416639668185634,0.14657177346618516,0.12967047916066035,0.12907685005012337,-0.4117662988142137,1.233582235614153,0.0
13.113113113113114,-0.4537295199806334,-0.07309784986833953,1.2312532912604064,-0.04807483648787072,0.03759862788134307,0.17161155997433655,0.13103160184274626,0.1295305206752605,-0.4135402871372808,1.232444121472063,0.0
13.133133133133134,-0.4550584745161386,-0.06644772677526227,1.2302305577608947,-0.051136674975579305,0.040140695833656405,0.12710339761566694,0.1313477116406596,0.12977878000030327,-0.4152979495979064,1.2312693017086145,0.0
13.153153153153154,-0.4562411917857631,-0.059135863481223655,1.2291545175949834,-0.053802008295567694,0.04221443429958345,0.10368692329635203,0.13145615336722782,0.12950486394769625,-0.4170392168065855,1.2300579618414675,0.0
13.173173173173174,-0.4572679902966801,-0.05133992554584877,1.2280223819794316,-0.056606780777590036,0.04331532642662253,0.05504460635195487,0.13034560468774628,0.1279844233284887,-0.41876402002107094,1.2288102931552294,0.0
13.193193193193194,-0.45813304036361796,-0.04325250334689259,1.2267949232514868,-0.0613729363972383,0.044058979493758914,0.03718265335681798,0.13090313032857614,0.1275792342581323,-0.4204722911490845,1.227526492671249,0.0
13.213213213213214,-0.45883227341983307,-0.03496165281075619,1.2254742967811705,-0.06603132351581818,0.043906645725740386,-0.007616688400926386,0.12770302529006852,0.12505601248298942,-0.42216396275100765,1.2262067631165048,0.0
13.233233233233234,-0.4593667724359231,-0.026724950804501237,1.2239757501987358,-0.07492732912173346,0.043518267092211654,-0.019418931676436792,0.12937109861115978,0.12548342346047736,-0.4238389680425416,1.2248513128915928,0.0
13.253253253253254,-0.4597359996760321,-0.018461362005451662,1.222330481645433,-0.08226342766514312,0.04217168959841105,-0.06732887469003014,0.12982350820721475,0.12615790788241357,-0.4254972408973458,1.223460356037816,0.0
13.273273273273274,-0.45994088094415775,-0.010244063406281345,1.2205553670982092,-0.08875572736118711,0.04015048328953516,-0.10106031544379393,0.1309921731684581,0.12702680653303972,-0.42713871584964763,1.2220341122033862,0.0
13.293293293293294,-0.45998527905228626,-0.00221990540642545,1.2186809043590447,-0.09372313695822224,0.03695734705704276,-0.15965681162462012,0.12949991605191905,0.12648077892713416,-0.42876332809682627,1.2205728066087382,0.0
13.313313313313314,-0.45987866423443136,0.005330740892746143,1.2166773320614068,-0.10017861488189646,0.03428496924918187,-0.1336188903930444,0.13273378862019014,0.12887877792924468,-0.4303710135019719,1.2190766700109659,0.0
13.333333333333334,-0.45962947857190445,0.0124592831263443,1.2146286186165265,-0.10243567224402005,0.029797712035951208,-0.2243628606615334,0.13051299988576281,0.12807342976801123,-0.4319617085964176,1.2175459386673815,0.0
13.353353353353354,-0.45925032223347567,0.018957816921440003,1.2124903720191464,-0.10691232986900395,0.026001589732859955,-0.18980611515456247,0.13535578364868583,0.13193859545980663,-0.4335353505822449,1.215980854298209,0.0
13.373373373373374,-0.4587545676124599,0.024787731050788554,1.2103921806012452,-0.10490957089506152,0.021917676148747713,-0.2041956792056122,0.13090206411681088,0.1282890542056137,-0.4350918773347628,1.214381664048413,0.0
13.393393393393394,-0.4581603681536115,0.02970997294242093,1.208214419139903,-0.10888807306711419,0.017958471840122493,-0.19796021543126074,0.13520615576508174,0.13226780944569888,-0.4366312274049602,1.2127486204486728,0.0
13.413413413413414,-0.45748110980654627,0.033962917353261166,1.2060802220482758,-0.10670985458135836,0.014578183582296712,-0.16901441289128913,0.13170192585046234,0.12933971550584353,-0.4381533400219318,1.2110819813755038,0.0
13.433433433433434,-0.45673416675975115,0.037347152339757286,1.203894583491408,-0.10928192784338032,0.012004380835164788,-0.12869013735659618,0.13413000241682546,0.1310900234131481,-0.43965815509527806,1.2093820100105355,0.0
13.453453453453454,-0.45593151970351903,0.040132352811605765,1.2017196634296254,-0.10874600308913797,0.009108620941638206,-0.14478799467632913,0.13219263625680633,0.1300349705748066,-0.4411456132174767,1.2076489747989532,0.0
13.473473473473474,-0.4550840183279495,0.04237506877847856,1.199511258512816,-0.11042024584046477,0.006953629289893812,-0.10774958258721926,0.13463117669190655,0.13153238009252807,-0.44261565566622757,1.205883149407107,0.0
13.493493493493494,-0.4542024308858674,0.0440793721041037,1.19732782950311,-0.109171450485304,0.004801492771034194,-0.10760682594298096,0.1320708596718065,0.13011605701675788,-0.4440682244067723,1.2040848126792958,0.0
13.513513513513514,-0.453295675393776,0.045337774604571196,1.1951105095988674,-0.11086599521212487,0.003519094985904074,-0.06411988925650587,0.13221540703429766,0.1296933018103986,-0.4455032620941839,1.2022542485937369,0.0
13.533533533533534,-0.4523729359388807,0.0461369727447635,1.1928552603126326,-0.11276246431174669,0.004447408505134967,0.04641567596154475,0.13891087885642425,0.1329932315865375,-0.4469207120756318,1.2003917462177194,0.0
13.553553553553554,-0.4514382558490881,0.046734004489631414,1.1907102191429904,-0.10725205848211065,0.0038773112725195586,-0.028504861630770317,0.13520238070684848,0.1297836482078303,-0.44832051839261794,1.198497599661959,0.0
13.573573573573574,-0.4504880020036492,0.04751269227194351,1.1885727748906316,-0.10687221261793922,0.0013844341265684226,-0.12464385729755673,0.13370021584430794,0.12962487542100193,-0.44970262578318543,1.196572108034155,0.0
13.593593593593594,-0.4495246224991774,0.04816897522358864,1.186418323725701,-0.1077225582465262,-0.0017280495763704951,-0.15562418514694581,0.1341648285649423,0.13050870377035623,-0.4510669796841014,1.1946155753917558,0.0
13.613613613613614,-0.44855791983126264,0.0483351333957394,1.1842668851150062,-0.10757193053474,-0.00491689382619214,-0.1594422124910822,0.13393729815896413,0.1306562795711238,-0.4524135262330097,1.1926283106939475,0.0
13.633633633633634,-0.4476002507838582,0.047883452370222235,1.1821172696368187,-0.10748077390937091,-0.00754086985894947,-0.13119880163786643,0.13508998866475394,0.1315272620179946,-0.4537422122705585,1.1906106277528619,0.0
13.653653653653654,-0.446664025390927,0.046811269646560724,1.1799994136472582,-0.1058927994780271,-0.010353750362468085,-0.14064402517593086,0.13448808670266935,0.1311882877954357,-0.4550529853424978,1.188562845184026,0.0
13.673673673673674,-0.44575986572687076,0.045207983202811435,1.177899282484758,-0.10500655812500677,-0.012276866014454373,-0.09615578259931434,0.1343265238061689,0.13087610188135582,-0.45634579370175143,1.1864852863560453,0.0
13.693693693693694,-0.44489818375075163,0.04308409880595723,1.1758097407036798,-0.10447708905391088,-0.014702286501122324,-0.12127102433339759,0.1350205365074353,0.13193135647619483,-0.45762058631045877,1.1843782793395436,0.0
13.713713713713714,-0.4440872521348102,0.04054658079707096,1.1737566042935008,-0.10265682050895084,-0.016351308991975073,-0.08245112454263734,0.13445936123067737,0.1311184242639951,-0.4588773128419906,1.1822421568553527,0.0
13.733733733733734,-0.44333610834267906,0.03755718960655741,1.1717193521678497,-0.10186260628255195,-0.01790176964232187,-0.07752303251734004,0.13431494106803615,0.13115524394047265,-0.4601159236829352,1.1800772562219768,0.0
13.753753753753754,-0.44265113947067103,0.034248443600400906,1.1696962726666684,-0.10115397505906736,-0.019258581381304003,-0.06784058694910676,0.1343604531342757,0.13128581043614068,-0.46133636993505733,1.1778839193023214,0.0
13.773773773773774,-0.4420381843988877,0.03064775358916522,1.1676898540785954,-0.10032092940365092,-0.02091138378783741,-0.08264012032667016,0.13415262078201579,0.13144534160054375,-0.462538603417229,1.1756624924497123,0.0
13.793793793793794,-0.44150210218882835,0.026804110502966473,1.165699263959153,-0.09952950597212303,-0.0234733843275661,-0.12810002698643463,0.13383548766166978,0.13191934280280418,-0.46372257666733074,1.173413326453201,0.0
13.813813813813814,-0.4410495851674597,0.022625851068433525,1.163726678266473,-0.09862928463400081,-0.02584002661746951,-0.11833211449517098,0.13375908280475857,0.13215873560472188,-0.46488824294412573,1.171136776482172,0.0
13.833833833833834,-0.44069046383113075,0.017956066816446882,1.1617742682763337,-0.09762049950696226,-0.028291767263400016,-0.12258703229652515,0.13389336458520706,0.13263680447819823,-0.4660355562291054,1.168833202030256,0.0
13.853853853853854,-0.4404344735018833,0.01279951646237363,1.1598508521665856,-0.09617080548740377,-0.02996587311841166,-0.08370529275058258,0.13321233604227556,0.13188775192936586,-0.4671644712283059,1.1665029668585631,0.0
13.873873873873874,-0.44029015117471726,0.007216116358303451,1.1579349610949856,-0.09579455357999564,-0.03192685793462112,-0.09804924081047246,0.13318785258221144,0.13252149291082127,-0.46827494337409614,1.1641464389382392,0.0
13.893893893893894,-0.44026389758160717,0.0013126796555048854,1.1560354174902492,-0.09497718023681659,-0.03441667622128895,-0.12449091433339175,0.13214393474047662,0.13271900932357794,-0.4693669288269371,1.161763990392361,0.0
13.913913913913914,-0.44036333896895147,-0.004972069367213863,1.1541394336413484,-0.09479919244504376,-0.03551759199687329,-0.055045788779216856,0.13169107478849637,0.13307132884943249,-0.4704403844771127,1.1593559974371723,0.0
13.933933933933934,-0.4405983705326883,-0.011751578186841742,1.1522451937165838,-0.09471199623822985,-0.03393802878148928,0.07897816076919996,0.13253721692218043,0.13206068692834336,-0.47149526794643215,1.1569228403226752,0.0
13.953953953953954,-0.44097294204960685,-0.018728575845927152,1.1503501104968195,-0.09475416098822446,-0.03152476869566353,0.12066300429128776,0.1290597646456368,0.1303900811875616,-0.47253153758990246,1.1544649032725836,0.0
13.973973973973974,-0.44147763886807884,-0.025234840923600173,1.1483781778405693,-0.09859663281251152,-0.027979998894973462,0.1772384900345031,0.131639874469241,0.1304866199184822,-0.4735491524973721,1.1519825744236514,0.0
13.993993993993994,-0.44210459719774525,-0.03134791648331947,1.1463694092561594,-0.10043842922049609,-0.024686217141886048,0.16468908765437015,0.12908807437674655,0.12831974577022187,-0.47454807249514736,1.1494762457643797,0.0
14.014014014014014,-0.44283778772276566,-0.036659526251020855,1.144254373319052,-0.10575179685537062,-0.021788740354325837,0.1448738393780107,0.1297225224209078,0.12914244752055365,-0.47552825814757677,1.1469463130731183,0.0
14.034034034034034,-0.44366506735106215,-0.041363981414824495,1.1420550868897161,-0.10996432146679282,-0.019185018464311282,0.13018609450072716,0.1327742954472659,0.12690352200048377,-0.4764896707586093,1.1443931758555672,0.0
14.054054054054054,-0.4445755791183022,-0.045525588362001754,1.1397839322133845,-0.11355773381658638,-0.020938090085519577,-0.08765358106041474,0.13033686118288407,0.1282763313416849,-0.4774322723733215,1.141817237281689,0.0
14.074074074074074,-0.44555887652197046,-0.04916487018341342,1.1374254182423527,-0.11792569855158805,-0.02410948491390426,-0.15856974141923394,0.13071133947200325,0.13054624088142996,-0.47835602577941516,1.139218904122047,0.0
14.094094094094094,-0.446622035471058,-0.05315794745437786,1.1350186664352029,-0.12033759035749099,-0.028037184133674356,-0.19638496098850458,0.13029002534291548,0.13167213512742312,-0.479260894508688,1.1365985866835673,0.0
14.114114114114114,-0.44777774962521055,-0.057785707707628475,1.1325738863513493,-0.12223900419267891,-0.03094369419904848,-0.14532550326870686,0.12980418530021395,0.13091347072949971,-0.4801468428384715,1.1339566987447494,0.0
14.134134134134134,-0.44904021368079833,-0.06312320277938864,1.1300722923118824,-0.12507970197333523,-0.03400746110289301,-0.15318834519222654,0.1283703174533144,0.13160105061841454,-0.48101383579304297,1.1312936574903238,0.0
14.154154154154154,-0.45042022632910456,-0.06900063241531273,1.1275025638644356,-0.1284864223723469,-0.03548269248564373,-0.07376156913753644,0.12709844060604944,0.13029121786956777,-0.4818618391450048,1.1286098834453768,0.0
14.174174174174174,-0.45192802770167645,-0.07539006862859576,1.124826166371401,-0.13381987465173317,-0.03570241288855878,-0.01098602014575259,0.12720690530471948,0.13028376854070792,-0.482690819416637,1.1259058004089402,0.0
14.194194194194194,-0.4535692251936897,-0.08205987460066122,1.1220445143829114,-0.13908259942447918,-0.034629645283925044,0.053638380231686045,0.12724004462874075,0.13019889272267438,-0.4835007438812175,1.123181835387073,0.0
14.214214214214214,-0.4553443297718538,-0.08875522890820493,1.1191569267921129,-0.14437937953993055,-0.032715855388704924,0.0956894947610043,0.12786115801110934,0.13093917746106434,-0.4842915805643156,1.1204384185254286,0.0
14.234234234234235,-0.4572495087628946,-0.09525894955204024,1.1161838211144162,-0.14865528388483132,-0.03052364646238051,0.10961044631621891,0.12788523454018708,0.13119115432212589,-0.4850632982450529,1.1176759830413332,0.0
14.254254254254255,-0.4592776530118363,-0.1014072124470867,1.1131296287201335,-0.1527096197141263,-0.027385093222896558,0.15692766197419547,0.12812557442877132,0.13108257979703591,-0.48581586645733693,1.1148949651553721,0.0
14.274274274274275,-0.4614201391815832,-0.10712430848734403,1.1099966596136135,-0.15664845532600183,-0.02388982906779634,0.17476320775500842,0.129421654269179,0.13207029238970708,-0.4865492554910633,1.112095804022508,0.0
14.294294294294295,-0.4636656500369246,-0.11227554276707154,1.1068191747612233,-0.15887424261951022,-0.02044407904902868,0.17228750093838002,0.12993151822546922,0.13262054605329818,-0.4872634363932886,1.1092789416627329,0.0
14.314314314314315,-0.4660008432613986,-0.11675966122370118,1.1036132767248137,-0.1602949018204832,-0.01716898105673495,0.16375489961468315,0.13002126671141737,0.13277695296596004,-0.4879583809693737,1.106444822891268,0.0
14.334334334334335,-0.4684126714124037,-0.1205914075502544,1.1003829453812954,-0.1615165671759134,-0.013216271885826249,0.19763545854543135,0.13077254175438915,0.13304450506427234,-0.4886340617840967,1.103593895248321,0.0
14.354354354354355,-0.4708882661924984,-0.12377973900473321,1.097143543869884,-0.1619700755705682,-0.009603687409322005,0.18062922382520813,0.13094582851157813,0.13342285716325492,-0.489290452162736,1.100726608928416,0.0
14.374374374374375,-0.4734121065633035,-0.1261920185402544,1.093903493239456,-0.16200253152140373,-0.006406428040557337,0.15986296843822842,0.1309360252630707,0.13347981826063085,-0.48992752619212343,1.0978434167093007,0.0
14.394394394394395,-0.4759702535182527,-0.12790734774745782,1.0906636580396316,-0.1619917599912235,-0.0030323544040626745,0.1687036818247279,0.13170901418420575,0.1339711938246728,-0.4905452587216671,1.09494477388045,0.0
14.414414414414415,-0.4785499236804466,-0.12898350810969553,1.0874428719841684,-0.1610393027731547,-0.0004250688967563058,0.1303642753653127,0.1317329677128073,0.1342127750793066,-0.49114362536434436,1.0920311381711696,0.0
14.434434434434435,-0.4811378104840349,-0.12939434017941676,1.08424511299897,-0.15988794925991262,0.0015608764284800432,0.09929726626181118,0.13172615113521413,0.1344212807050272,-0.4917226024976648,1.0891029696783128,0.0
14.454454454454455,-0.4837237192648257,-0.12929543903954074,1.0810733629702318,-0.1585875014369155,0.0032799696376896465,0.08595466046047348,0.13119477182502806,0.1339826298686131,-0.4922821672646027,1.0861607307936292,0.0
14.474474474474475,-0.48630006861248576,-0.12881746738300365,1.0779132188451317,-0.15800720625500128,0.005277552093599513,0.09987912279548627,0.1309550805706979,0.13358560733027533,-0.49282229757449897,1.0832048861307468,0.0
14.494494494494495,-0.488859682206571,-0.12798067970426158,1.0747552184459268,-0.1579000199602464,0.00646759469388829,0.05950213001443126,0.1306950885739788,0.13393849681709685,-0.4933429721039341,1.0802359024518022,0.0
14.514514514514515,-0.49139494785806304,-0.1267632825746009,1.0716007009070194,-0.15772587694537116,0.007777494167758387,0.0654949736934969,0.13053271483400927,0.13331767673182407,-0.49384417029756883,1.0772542485937369,0.0
14.534534534534535,-0.49390127375545767,-0.1253162948697312,1.068438030576779,-0.1581335165120185,0.008792594356625293,0.05075500944333698,0.13030290314184778,0.13483182971506294,-0.494325872368957,1.074260395394259,0.0
14.554554554554555,-0.4963734264271682,-0.12360763358552561,1.0652862040536233,-0.1575913261577907,0.010927379260099459,0.10673924517369948,0.13057406705982946,0.13435216329674063,-0.49478805930132547,1.0712548156174941,0.0
14.574574574574575,-0.4988076484288283,-0.12171110008300526,1.0621420853306027,-0.15720593615102516,0.013930016896402796,0.15013188181515813,0.13154575055789144,0.13462552189673885,-0.4952307128483256,1.0682379838793314,0.0
14.594594594594595,-0.5011950904722083,-0.11937210216900355,1.0590240246642535,-0.15590303331746377,0.016614865672106224,0.1342424387851627,0.13166456646394414,0.13477808441074482,-0.4956538155347533,1.0652103765724743,0.0
14.614614614614615,-0.5035240854519372,-0.11644974898644282,1.0559358638050491,-0.15440804296021532,0.019382288887301865,0.1383711607597728,0.13212777269872145,0.1348395690345187,-0.4960573506572389,1.0621724717912138,0.0
14.634634634634635,-0.5057841017988812,-0.1130008173472034,1.052885177102953,-0.1525343351047981,0.022188251193667328,0.1402981153182641,0.13252499012005972,0.13507835992564748,-0.49644130228490685,1.059124749255931,0.0
14.654654654654655,-0.5079641329157302,-0.10900155584244532,1.0498811436638493,-0.15020167195518405,0.025008160698948435,0.14099547526404696,0.1325943491286499,0.1347699966747659,-0.4968056552600042,1.0560676902373454,0.0
14.674674674674675,-0.5100529933021425,-0.10444301932061768,1.0469199377407417,-0.14806029615538138,0.027088446458178195,0.10401428796147907,0.1326485419384949,0.13492447047046865,-0.49715039519849946,1.0530017774805136,0.0
14.694694694694695,-0.5120395363458716,-0.0993271521864543,1.0440043351375818,-0.14578013015799174,0.0285237024791241,0.07176280104728779,0.13292580859672323,0.13505436426419692,-0.4974755084906501,1.0499274951286017,0.0
14.714714714714715,-0.5139158050308336,-0.09381343424809409,1.0411400966061921,-0.1432119265694871,0.029899370367164408,0.06878339440200808,0.13288038348179784,0.13482656241525087,-0.49778098230154,1.046845328646431,0.0
14.734734734734735,-0.5156762097185675,-0.08802023438669747,1.038322957313332,-0.14085696464301375,0.030831893421626264,0.04662615272308585,0.13205285305571426,0.13408653198720924,-0.49806680457158625,1.043755764743819,0.0
14.754754754754755,-0.5173160740837232,-0.08199321825777922,1.035529489522769,-0.1396733895281448,0.03133155563336867,0.024983110587113565,0.13201410532505095,0.13390398855166236,-0.49833296401701493,1.0406592912987211,0.0
14.774774774774775,-0.5188323215114762,-0.07581237138765037,1.0327562734504305,-0.13866080361691402,0.03204714742360803,0.035779589511962424,0.13226732257169943,0.133748494679389,-0.49857945013030697,1.0375563972801893,0.0
14.794794794794795,-0.5202229868269002,-0.06953326577120073,1.0300046674252108,-0.1375803012609821,0.03251154871042594,0.023220064340890294,0.13193552034737677,0.13341839593815039,-0.4988062531806126,1.0344475726711593,0.0
14.814814814814815,-0.5214858410423717,-0.06314271077357676,1.0272647526288234,-0.13699573981936672,0.033037796827558114,0.026312405856605096,0.13159782956910085,0.13290894314684865,-0.4990133642141358,1.031333308391076,0.0
14.834834834834835,-0.5226194055768045,-0.05667822672164132,1.0245239084565172,-0.13704220861531535,0.03312847272004302,0.004533794624242887,0.1320526809657372,0.1331735807748726,-0.4992007750544875,1.0282140962183706,0.0
14.854854854854855,-0.5236214519467558,-0.05010231849756468,1.0217927158851061,-0.13655962857055107,0.032760836691447824,-0.018381801429762406,0.1319203467066756,0.13305666993450624,-0.49936847830300873,1.025090428712804,0.0
14.874874874874875,-0.5244923464200336,-0.04354472366389306,1.0190674575644905,-0.1362629160307813,0.032891117470483934,0.006514038951804357,0.13203165589516086,0.13252679967121517,-0.49951646733906235,1.0219627991376858,0.0
14.894894894894895,-0.5252336562593651,-0.03706549196657321,1.0163419727636187,-0.13627424004358626,0.03261377317470095,-0.01386721478914947,0.132922890359987,0.13270178451196293,-0.49964473632029466,1.018831701381983,0.0
14.914914914914915,-0.5258446435779728,-0.03054936593038432,1.0136320282468632,-0.13549722583777377,0.03169605966910933,-0.045885675279579,0.13271216198955305,0.132117633041594,-0.4997532801828658,1.0156976298823284,0.0
14.934934934934935,-0.5263266681989779,-0.024101231050257105,1.0109258707863633,-0.13530787302499528,0.02938142584529748,-0.11573169119059021,0.1313848937428688,0.13163270565525456,-0.49984209464164997,1.0125610795449427,0.0
14.954954954954955,-0.5266845159190622,-0.017892386004214084,1.0081967756670425,-0.13645475596603865,0.02677295593172767,-0.13042349567848707,0.13067744582583818,0.13115322643776808,-0.4999111761904045,1.0094225456674837,0.0
14.974974974974975,-0.5269276681603421,-0.0121576120639958,1.0054274630382645,-0.1384656314389026,0.02373774300075395,-0.151760646548682,0.1322766405981692,0.13229312033795657,-0.49996052210190806,1.0062825238608346,0.0
14.994994994994995,-0.5270658025454921,-0.0069067192574984,1.0026588211510608,-0.13843209436018583,0.02096895906433149,-0.13843919682111724,0.12875914436548475,0.13020395428011955,-0.49999013042806856,1.003141509970838,0.0
15.015015015015015,-0.5271125438019509,-0.002337062822943524,0.9998081106812302,-0.14253552349152632,0.018959744188524853,-0.1004607437903262,0.1296807100287876,0.13059700492583057,-0.5,1.0,0.0
15.035035035035035,-0.5270785858202846,0.001697899083319603,0.9968951243351095,-0.14564931730603717,0.0180577772768968,-0.04509834558139477,0.12692079476709184,0.13035582488689607,-0.49999013042806856,0.9968584900291622,0.0
15.055055055055055,-0.5269726212108271,0.005298230472871833,0.9938756282529659,-0.1509748041071777,0.020333492992852083,0.11378578579777232,0.1296118303647374,0.13082422132795565,-0.49996052210190806,0.9937174761391657,0.0
15.075075075075075,-0.5267969976119403,0.008781179944337764,0.9907965955148395,-0.15395163690632616,0.023408766557651728,0.1537636782399912,0.13199587658468742,0.1322343581431768,-0.4999111761904045,0.9905774543325166,0.0
15.095095095095095,-0.526541653032046,0.012767228994712124,0.9877141186293713,-0.15412384427340783,0.02611264208018336,0.13519377612659184,0.1328213085213524,0.132663204927479,-0.49984209464164997,0.9874389204550575,0.0
15.115115115115115,-0.5261949372194095,0.017335790631826945,0.984646515433674,-0.15338015978486713,0.02955163735220859,0.17194976360127345,0.133363305308173,0.1322004353976191,-0.4997532801828658,0.9843023701176719,0.0
15.135135135135135,-0.5257461065398138,0.022441533979782432,0.9815946815078563,-0.15259169629088,0.03260336372700965,0.15258631874006592,0.13437412659941186,0.1322535965125478,-0.4996447363202946,0.9811682986180168,0.0
15.155155155155155,-0.5251817181152085,0.028219421230264462,0.9785739812883975,-0.15103501097294436,0.03535859340225562,0.13776148376231379,0.13202391109700148,0.1293020863394211,-0.49951646733906235,0.9780372008623144,0.0
15.175175175175175,-0.524492104310887,0.0344806902160742,0.9755055077106206,-0.15342367888884334,0.03679289299196213,0.07171497948534167,0.1323978231577397,0.12921776770904114,-0.49936847830300873,0.9749095712871961,0.0
15.195195195195195,-0.5236667190564468,0.04126926272200827,0.9723932388982568,-0.1556134406181897,0.036818078667648,0.0012592837843110605,0.13365746752025184,0.1309842206394841,-0.4992007750544875,0.9717859037816297,0.0
15.215215215215215,-0.5226984873917867,0.04841158323300572,0.9692818249416941,-0.1555706978281344,0.035839778181576985,-0.048915024303531646,0.13235226040747203,0.12979575647731653,-0.4990133642141358,0.9686666916089237,0.0
15.235235235235235,-0.5215888600775314,0.05548136571276869,0.9661343479919544,-0.15737384748698519,0.03405213633200809,-0.08938209247842403,0.13206122263421158,0.1295766272077641,-0.4988062531806126,0.9655524273288405,0.0
15.255255255255255,-0.5203421005318168,0.06233797728572617,0.9629434363372836,-0.15954558273353855,0.03162243807805692,-0.12148491269753672,0.13332705553246577,0.13098974401094715,-0.49857945013030697,0.962443602719811,0.0
15.275275275275275,-0.518964169307222,0.06889656122974092,0.9597490490484576,-0.15971936444130364,0.029137247984781355,-0.12425950466375385,0.13225945952826337,0.12990006729498185,-0.49833296401701493,0.9593407087012791,0.0
15.295295295295295,-0.5174655251998832,0.07493220536693908,0.95651956491144,-0.16147420685088265,0.026227549632722186,-0.1454849176029328,0.13304991421340667,0.130821123272806,-0.4980668045715862,0.9562442352561807,0.0
15.315315315315315,-0.5158557305946462,0.0804897302618516,0.9532806655324404,-0.1619449689499778,0.023980623089093208,-0.11234632718142146,0.13284807886279779,0.13032611040756376,-0.49778098230154,0.9531546713535688,0.0
15.335335335335335,-0.5141460022978482,0.08548641483989565,0.9500223618295834,-0.16291518514284917,0.0211738971742029,-0.1403362957444857,0.1341281438224025,0.1317920517245765,-0.4974755084906501,0.9500725048713984,0.0
15.355355355355355,-0.5123444302356632,0.09007860310925206,0.946785570089689,-0.1618395869947242,0.018334548017731937,-0.14196745782351677,0.1327721281444327,0.1306470933307902,-0.49715039519849946,0.9469982225194866,0.0
15.375375375375375,-0.5104626750524859,0.09408775915886557,0.9435334796006523,-0.16260452445183604,0.015137612622263126,-0.15984676977340748,0.13367636983986453,0.13176271938888848,-0.4968056552600042,0.9439323097626547,0.0
15.395395395395395,-0.5085111841727378,0.09757454398740707,0.9402962495591266,-0.16186150207628022,0.011452479458054549,-0.1842566582103945,0.1339937047409301,0.13249485092309582,-0.4964413022849068,0.9408752507440686,0.0
15.415415415415415,-0.5065025676851707,0.10043082437835531,0.9370896250401856,-0.16033122594705318,0.007984109426570048,-0.17341850157418875,0.1337958035537596,0.1324050113188585,-0.49605735065723894,0.9378275282087863,0.0
15.435435435435435,-0.5044519789112774,0.10252943869466596,0.9339095082983345,-0.1590058370925514,0.0057217204992178,-0.11311944636757415,0.13491608687443846,0.13281661836259048,-0.4956538155347533,0.9347896234275259,0.0
15.455455455455455,-0.502372688749325,0.10396450809761767,0.9307787010094286,-0.15654036444529373,0.00361114442274663,-0.10552880382351817,0.13357532534238553,0.1318028872423853,-0.4952307128483256,0.9317620161206687,0.0
15.475475475475475,-0.5002742286746912,0.10492300373168705,0.9276623337566593,-0.15581836263846655,0.002506136020231188,-0.05525042012572959,0.13410950527802357,0.13190053117986283,-0.4947880593013255,0.9287451843825061,0.0
15.495495495495495,-0.49816482689011465,0.10547008922882566,0.9245697916628385,-0.15462710469104296,0.0019521712904706457,-0.02769823648798216,0.13459533003233545,0.1325764512122949,-0.494325872368957,0.9257396046057411,0.0
15.515515515515515,-0.4960488206513685,0.10580031193730643,0.9215182747063091,-0.1525758478264683,0.0021224408895987317,0.008513479956451745,0.1321561816552137,0.1300423129169622,-0.4938441702975689,0.9227457514062632,0.0
15.535535535535535,-0.49392830728851883,0.10602566814248449,0.9184340669618348,-0.15421038722371316,0.002501002612148397,0.01892808612753312,0.1350108417593795,0.1312889734122652,-0.4933429721039341,0.9197640975481979,0.0
15.555555555555555,-0.4918026106170461,0.10628483357363623,0.9153779618933243,-0.15280525342552306,0.00198516046451176,-0.025792107381778763,0.1345848561484456,0.1311955133256669,-0.492822297574499,0.9167951138692534,0.0
15.575575575575575,-0.48967028592486794,0.10661623460890908,0.9123422314258106,-0.15178652337568352,0.0008812070130650325,-0.055197672572280324,0.13411013221443885,0.1311516573553433,-0.4922821672646027,0.9138392692063709,0.0
15.595595595595595,-0.48753363092295193,0.10683275009580166,0.9093191765648172,-0.15115274304967324,-3.958166731273918e-05,-0.046039434018829394,0.13439037922664154,0.13133987457749008,-0.49172260249766486,0.9108970303216873,0.0
15.615615615615615,-0.4853969164692476,0.10683572268521581,0.9063157307633275,-0.1501722900744848,-0.0009730359902446725,-0.04667271614653424,0.13426184854433645,0.13129873683529453,-0.49114362536434436,0.9079688618288306,0.0
15.635635635635635,-0.4832635307292913,0.10666928699781618,0.9033293614320178,-0.14931846656548314,-0.0022685900609527958,-0.06477770353534065,0.13455323163982402,0.1318134693272765,-0.49054525872166704,0.9050552261195497,0.0
15.655655655655655,-0.48113707050496396,0.10632301121636763,0.9003719910882854,-0.14786851718662072,-0.003897996817373071,-0.08147033782094533,0.13467631009315323,0.13214434326180158,-0.4899275261921235,0.9021565832906995,0.0
15.675675675675675,-0.47902270853644485,0.10571809842595516,0.897450305927127,-0.14608425805791575,-0.005607172773238563,-0.08545879779320295,0.13478779810564373,0.13240206366350102,-0.48929045216273603,0.8992733910715842,0.0
15.695695695695695,-0.47692673418792975,0.10479871742575467,0.8945697178452474,-0.1440294040939804,-0.0075593824605135855,-0.09761048436367681,0.13434333306124716,0.13238586992089318,-0.48863406178409674,0.896406104751679,0.0
15.715715715715715,-0.4748560476475526,0.1035343270188569,0.8917233263383401,-0.14231957534536754,-0.009082353036748723,-0.0761485288116793,0.13483130219825876,0.13279960639886884,-0.48795838096937366,0.8935551771087317,0.0
15.735735735735735,-0.4728185070853929,0.10187702810798481,0.8889244017693918,-0.13994622844741544,-0.010121025180822167,-0.05193360720359133,0.1347553060058189,0.13267261999220772,-0.48726343639328856,0.8907210583372668,0.0
15.755755755755755,-0.4708197530868645,0.09993769992641938,0.8861698357312693,-0.1377283019061246,-0.011296564097955843,-0.05877694585659951,0.13481961288291677,0.1329069762563266,-0.4865492554910633,0.8879041959774921,0.0
15.775775775775776,-0.4688639158397176,0.09779186235734555,0.8834639650293011,-0.13529353509840494,-0.012457756185586873,-0.05805960438146361,0.1346883740481023,0.13282057177417414,-0.485815866457337,0.885105034844628,0.0
15.795795795795796,-0.4669553934121149,0.09542612138013565,0.8808034630157368,-0.13302510067822002,-0.013884533032209236,-0.07133884233102701,0.13459614858135058,0.13301466236107523,-0.48506329824505284,0.8823240169586666,0.0
15.815815815815816,-0.46509892437837425,0.09282345168703206,0.8781897348156935,-0.130686410002163,-0.015067147507769921,-0.05913072377793989,0.1343424404616827,0.13283007397127736,-0.48429158056431554,0.8795615814745711,0.0
15.835835835835836,-0.4632995802809014,0.08996720487364307,0.8756161625846067,-0.12867861155434168,-0.016701708171809288,-0.08172803320187003,0.1341528146193305,0.13316245296028512,-0.48350074388121755,0.8768181646129272,0.0
15.855855855855856,-0.46156228245510594,0.08686489128977276,0.8730847491451543,-0.12657067197262245,-0.017921876246732315,-0.061008403746050155,0.13387003421766064,0.13319942580758157,-0.482690819416637,0.87409419959106,0.0
15.875875875875876,-0.45989331762473334,0.08344824151862885,0.8705917044833439,-0.12465223309052305,-0.018581080104677215,-0.032960192897139876,0.13392064193815514,0.1332444203518653,-0.48186183914500486,0.8713901165546234,0.0
15.895895895895896,-0.4582972488661544,0.07980343792894645,0.8681383187319095,-0.12266928757172073,-0.01905940066732624,-0.02391602813234297,0.13358747490032083,0.13329294435527164,-0.4810138357930429,0.8687063425096759,0.0
15.915915915915916,-0.45677655276406465,0.0760348051044896,0.8657202843918775,-0.1209017170015979,-0.019023564178137702,0.0017918244595391472,0.13059073595568316,0.13184240233381514,-0.48014684283847153,0.8660433012552509,0.0
15.935935935935936,-0.45533157630330584,0.07224882303794021,0.8632716529666945,-0.12243157125914982,-0.01759773018823384,0.07129169949530778,0.1338857184968767,0.1337593638071358,-0.47926089450868803,0.8634014133164329,0.0
15.955955955955956,-0.45396371341758873,0.06839314428585508,0.8608696537969137,-0.12009995848904195,-0.015662789827609876,0.09674701803131644,0.13215240568905734,0.13180614471087618,-0.4783560257794152,0.8607810958779529,0.0
15.975975975975976,-0.45266613010373513,0.06487916569267979,0.8584597333650238,-0.12049602159449518,-0.013638443242971544,0.10121732923203933,0.13297769893909675,0.13211954848913102,-0.47743227237332153,0.858182762718311,0.0
15.995995995995996,-0.45143151718941704,0.061730645715904156,0.8560588896140346,-0.12004218754945753,-0.01184004276167389,0.08992002406501066,0.13253870852951036,0.1318563012473422,-0.4764896707586094,0.855606824144433,0.0
16.016016016016017,-0.4502514437290686,0.05900367301742127,0.8536568246211501,-0.1201032496442267,-0.010591086904193657,0.062447792874143815,0.13234131047419745,0.1319324741780507,-0.4755282581475768,0.8530536869268818,0.0
16.036036036036037,-0.44911883296012634,0.056630538447114645,0.8512518311806462,-0.1202496720251963,-0.009608292417408485,0.04913972433939452,0.13386768092630083,0.1311475913360595,-0.4745480724951474,0.8505237542356205,0.0
16.056056056056057,-0.4480288305235011,0.05450012183126039,0.8488549494502572,-0.11984408651944875,-0.010801790385091383,-0.059674898384002584,0.13367751791100532,0.1325325887688294,-0.47354915249737217,0.8480174255763486,0.0
16.076076076076077,-0.44697765980358634,0.05255853599574006,0.8464839090599655,-0.11855201951458386,-0.012989129718966635,-0.10936696669361662,0.13304632770369704,0.13302812838036157,-0.4725315375899025,0.8455350967274166,0.0
16.096096096096097,-0.4459701482377315,0.050375578292741356,0.8441366253152445,-0.11736418723605278,-0.014975192858171074,-0.09930315696007293,0.13311095658679228,0.13330836903625018,-0.4714952679464322,0.8430771596773249,0.0
16.116116116116117,-0.44501467541698025,0.04777364103756224,0.8418180792478573,-0.1159273033693542,-0.017023390191067092,-0.10240986664464964,0.13170319487476664,0.1334796777929598,-0.47044038447711267,0.8406440025628273,0.0
16.136136136136138,-0.4441183804595215,0.04481474787293765,0.8395098152345312,-0.1154132006663074,-0.018480201348537197,-0.07284055787335518,0.13127022016205467,0.13318139295696454,-0.46936692882693704,0.8382360096076389,0.0
16.156156156156158,-0.44328970721520056,0.04143366221604717,0.837200860466995,-0.11544773837680594,-0.01820467590204866,0.01377627232457751,0.1316774995230407,0.1330750108561256,-0.4682749433740962,0.835853561061761,0.0
16.176176176176178,-0.44253355957886653,0.037807381816701555,0.8348955691035219,-0.1152645681736565,-0.017939427576980752,0.013262416253544847,0.13141728543536788,0.13319043654833215,-0.467164471228306,0.833497033141437,0.0
16.196196196196198,-0.44184867055232335,0.034244451327159614,0.8325918105256496,-0.11518792889362024,-0.01751205144202754,0.02136880674780746,0.13161980426146314,0.13342646931551505,-0.46603555622910553,0.8311667979697439,0.0
16.216216216216218,-0.441234485380681,0.030709258582118967,0.8302960960698733,-0.11478572278881523,-0.01619732897841808,0.06573612318061806,0.1319619309937465,0.1337485821302475,-0.4648882429441258,0.828863223517828,0.0
16.236236236236238,-0.44068857694248437,0.027295421909832803,0.8280182848739069,-0.11389055979831907,-0.015383676879395075,0.0406826049512902,0.131105870791122,0.13325219474227348,-0.46372257666733085,0.826586673546799,0.0
16.256256256256258,-0.44020555514147786,0.024151090050325886,0.8257384113951942,-0.113993673935636,-0.014504731829606517,0.043947252489561994,0.13069598444923156,0.1331257285098239,-0.46253860341722897,0.8243375075502876,0.0
16.276276276276278,-0.43978238043278706,0.02115873543454007,0.823448581689484,-0.11449148528551255,-0.012811196192794453,0.08467678184073109,0.1315633982731042,0.13346817483847323,-0.4613363699350574,0.8221160806976786,0.0
16.296296296296298,-0.4394160075014744,0.018318646565631685,0.8211667777831562,-0.11409019531638812,-0.01042979755046334,0.11906993211667855,0.13214086529173877,0.13376990282691043,-0.4601159236829351,0.8199227437780231,0.0
16.316316316316318,-0.4390995252005312,0.015824115047160497,0.818906105761937,-0.11303360106095874,-0.008178352082301221,0.11257227340822298,0.13222535231153396,0.1337471863466255,-0.4588773128419905,0.8177578431446471,0.0
16.336336336336338,-0.43882386746093754,0.013782886979682971,0.8166675682892042,-0.11192687363664025,-0.005585855109961851,0.12962484861708032,0.13295805055355717,0.13414228063602707,-0.4576205863104588,0.8156217206604566,0.0
16.356356356356358,-0.43857963229724295,0.012211758184728562,0.8144679332124665,-0.10998175383688685,-0.003913974221190122,0.08359404443869112,0.1325076847145927,0.1342385277676861,-0.45634579370175155,0.8135147136439547,0.0
16.376376376376378,-0.43835701760737644,0.011130734493325373,0.8123019866579995,-0.10829732772335213,-0.0019121887260728156,0.1000892747559631,0.13248045059993438,0.13400238865921255,-0.4550529853424979,0.8114371548159741,0.0
16.396396396396398,-0.43814940817697084,0.010380471520279124,0.8101658251779658,-0.10680807400168742,0.00029629045815824306,0.11042395921164402,0.13313578091808834,0.13427123257209905,-0.45374221227055855,0.8093893722471381,0.0
16.416416416416418,-0.4379484803089263,0.010046393402225833,0.8080731341568567,-0.10463455105545659,0.0017273906300410784,0.07155500859422526,0.13265027067195193,0.13432200611291523,-0.45241352623300995,0.807371689306053,0.0
16.436436436436438,-0.43774534926874936,0.010156552008847918,0.8060174379359886,-0.10278481104340478,0.0026106076159799906,0.04416084929702023,0.1328250635953876,0.13440289335956196,-0.4510669796841013,0.805384424608244,0.0
16.456456456456458,-0.4375343561420585,0.010549656334544454,0.8040024829199172,-0.10074775080357251,0.0028857115990545443,0.013755199153793057,0.1327322930578452,0.13474632040645973,-0.4497026257831855,0.8034278919658453,0.0
16.476476476476478,-0.4373120644184589,0.011114586179979916,0.8020319357796503,-0.09852735701334396,0.003004796787380901,0.005954259416373498,0.13248821781271672,0.13444564356551678,-0.448320518392618,0.8015024003380413,0.0
16.496496496496498,-0.43707726254508883,0.011740093668501466,0.8000976806430474,-0.09671275683014437,0.0026884051947022344,-0.015819579633887686,0.13193678834414468,0.13420918472183924,-0.44692071207563183,0.7996082537822808,0.0
16.516516516516518,-0.4368295805607464,0.012384099217121271,0.798188009167683,-0.0954835737682237,0.0022788987987236897,-0.020475319798891792,0.13220962859964452,0.13428241831466906,-0.445503262094184,0.7977457514062631,0.0
16.536536536536538,-0.43657056247660675,0.012950904206981945,0.7963080285825028,-0.09399902925900491,0.0020818333393994677,-0.00985327296618576,0.13070901469300503,0.13447416380756727,-0.4440682244067724,0.7959151873207042,0.0
16.556556556556558,-0.43630152920745724,0.013451663457476316,0.7944383241703682,-0.09348522060673325,0.0029173325795918835,0.04177496200963556,0.13109980013242736,0.1340257228839595,-0.4426156556662276,0.7941168505928932,0.0
16.576576576576578,-0.4360233450418489,0.013909208280417239,0.7925780338082726,-0.09301451810478027,0.004239818822782424,0.06612431215953105,0.13200079106572044,0.13475910274438252,-0.44114561321747675,0.7923510252010469,0.0
16.596596596596598,-0.43573207667186636,0.014563418499127196,0.7907513532542464,-0.09133402770131119,0.0050188851566859176,0.038953316695166565,0.13172566074300276,0.13474631245428234,-0.4396581550952781,0.7906179899894645,0.0
16.616616616616618,-0.43542279916583254,0.015463875301690173,0.7889539666551559,-0.08986932995452143,0.005886522123995552,0.04338184836545933,0.13182923824817705,0.13482622940118652,-0.4381533400219317,0.7889180186244961,0.0
16.636636636636638,-0.4350926029543734,0.016509810572956696,0.7871885507066656,-0.08827079742451494,0.007078805145132643,0.05961415105681474,0.13195181384634458,0.1347746722915045,-0.4366312274049601,0.787251379551327,0.0
16.656656656656658,-0.43473828318126145,0.01771598865559658,0.7854561089569647,-0.0866220874850468,0.008781030611826822,0.08511127333464788,0.13236729426353325,0.13481877013930366,-0.4350918773347629,0.785618335951587,0.0
16.676676676676678,-0.4343552856264484,0.01914987774065264,0.7837633885910916,-0.08463601829365192,0.010979025141313227,0.10989972647423414,0.1337808539824352,0.13549847918998326,-0.43353535058224496,0.7840191457017911,0.0
16.696696696696698,-0.43393656349220294,0.02093610671227081,0.7821413095647061,-0.08110395131928066,0.012995835945544106,0.10084054021142759,0.13383104880534968,0.13554948937095346,-0.4319617085964177,0.7824540613326186,0.0
16.716716716716718,-0.4334736222732563,0.02314706094733045,0.7805912191624745,-0.07750452011157435,0.015227673848314756,0.11159189513838086,0.13403467533920208,0.13526851602726736,-0.430371013501972,0.7809233299890341,0.0
16.736736736736738,-0.4329583718538275,0.025762520971438725,0.7791118091406094,-0.07397050109325692,0.0171472464437315,0.09597862977064393,0.13385514548943722,0.13515714118508115,-0.4287633280968264,0.7794271933912619,0.0
16.756756756756758,-0.4323818333127337,0.02882692705468859,0.7776985805019812,-0.07066143193141251,0.01853341322003917,0.06930833881513693,0.1335909857822474,0.13492136235327654,-0.42713871584964747,0.7779658877966138,0.0
16.776776776776778,-0.43173683499642074,0.032249915815648185,0.7763439446384556,-0.06773179317627752,0.01986009633809152,0.06633415590231119,0.13339128746740733,0.1346452326682437,-0.4254972408973459,0.7765396439621841,0.0
16.796796796796798,-0.4310181110292895,0.03593619835656157,0.7750407032308185,-0.06516207038184955,0.02115566678592123,0.06477852239111034,0.13352586052599635,0.13452825969293938,-0.42383896804254145,0.7751486871084071,0.0
16.816816816816818,-0.4302205593712429,0.03987758290232739,0.7737889710157125,-0.06258661075530017,0.022380958929257445,0.06126460716635899,0.13389922235376328,0.1346448242279368,-0.4221639627510075,0.7737932368834951,0.0
16.836836836836838,-0.42933930842771834,0.04406254717622827,0.772595854555762,-0.05965582299752983,0.023866506809213057,0.07427739399725876,0.13462748762323393,0.1347038965196454,-0.42047229114908463,0.7724735073287511,0.0
16.856856856856858,-0.4283690439277985,0.04851322499599269,0.7714728586659683,-0.05614979448968297,0.024702430806513628,0.041796199864430596,0.13442170774999976,0.13453326847142447,-0.41876402002107105,0.7711897068447707,0.0
16.876876876876878,-0.4273038574388383,0.053259324448008995,0.7704142112472108,-0.05293237093787693,0.024632587403824607,-0.003492170135143899,0.13402345492651344,0.13435130741320273,-0.4170392168065856,0.7699420381585325,0.0
16.896896896896898,-0.4261413756469261,0.058124089595608774,0.7694111837335147,-0.050151375684802615,0.02481545472750697,0.009143366183353029,0.13368390973914346,0.13334720686026935,-0.41529794959790645,0.7687306982913855,0.0
16.916916916916918,-0.4248816821470611,0.06298467499324892,0.7684438366613906,-0.04836735360620336,0.023577305165482145,-0.061907478102115124,0.13223577486259108,0.13259226418831588,-0.4135402871372812,0.7675558785279373,0.0
16.936936936936938,-0.42352553388797026,0.0678074129545444,0.7674794953198515,-0.04821706707695625,0.022340680961453103,-0.061831210202426046,0.13493174476399503,0.1343411381466804,-0.41176629881421356,0.766417764385847,0.0
16.956956956956958,-0.4220760870336302,0.07247234271700433,0.7665841088019476,-0.04476932589519467,0.020000229019355838,-0.11702259710592544,0.1320831793989154,0.13305069071223846,-0.40997605466272613,0.7653165355865315,0.0
16.976976976976978,-0.42053984813493267,0.07681194493487625,0.7656964286182736,-0.044384009183701924,0.017984202082500778,-0.10080134684397428,0.13316284881774917,0.13337437747148975,-0.4081696253585921,0.7642523660267839,0.0
16.996996996996998,-0.4189255818158556,0.08071331595385349,0.7648374314948593,-0.04294985617071665,0.015554685118736446,-0.12147584818958207,0.13219837569374546,0.13325789347942865,-0.4063470822165469,0.7632254237513139,0.0
17.017017017017018,-0.41724223612328354,0.08416728462860269,0.7639912339083222,-0.04230987932685094,0.014319438549712361,-0.06176232845269686,0.13196457444238488,0.13270167159880578,-0.4045084971874738,0.7622358709262116,0.0
17.037037037037038,-0.41549934947707834,0.08714433231025942,0.7631462841466462,-0.042247488083803485,0.013634665647321301,-0.03423864512119472,0.13063204727082972,0.13275467232899701,-0.40265394285556116,0.7612838638133393,0.0
17.057057057057058,-0.4137020741002935,0.08986376883924141,0.7622837012426026,-0.04312914520218275,0.0145820823521086,0.04737083523744401,0.1322006320674167,0.13309589728171303,-0.4007834924354383,0.760369552745656,0.0
17.077077077077078,-0.4118526697218016,0.09247021892459478,0.7614318308167671,-0.042593521291773455,0.01606377495526758,0.07408463015581851,0.13341091216270606,0.13367769924113507,-0.39889721976928566,0.7594930821034785,0.0
17.097097097097098,-0.4099474228663364,0.09526234277326034,0.7606171589052985,-0.04073359557343506,0.018087599810064855,0.10119124273764452,0.13392886793969214,0.1335513817740886,-0.39699519932391764,0.7586545902916816,0.0
17.117117117117118,-0.40798045587282283,0.09834834967567778,0.7598453653588126,-0.038589677324290285,0.020175048957658072,0.1043724573774381,0.13425017687947616,0.13340602126494747,-0.39507750618784504,0.7578542097178421,0.0
17.137137137137138,-0.4059439949153148,0.10182304787540096,0.7591188828627874,-0.0363241248012652,0.022295544770608088,0.10602479064540826,0.13454869314821008,0.13284001832389636,-0.3931442160683094,0.7570920667713315,0.0
17.157157157157158,-0.4038300663765408,0.10569642693869935,0.758433552463051,-0.03426651998682058,0.02398626259229295,0.08453589108247414,0.13366429977214744,0.13207542930059255,-0.39119540528829416,0.7563682818033557,0.0
17.177177177177178,-0.401630994157381,0.10995361095798789,0.7577647376665348,-0.0334407398258052,0.025494112693219752,0.07539250504495834,0.13425571720609733,0.13211286731870864,-0.38923115078351167,0.7556829691079516,0.0
17.197197197197198,-0.39933988017406746,0.11455569916567843,0.7571215855147938,-0.03215760758705395,0.026225099954029992,0.036549363039623785,0.13469207222017462,0.13253576923738752,-0.38725153009936697,0.7550362369039383,0.0
17.217217217217218,-0.3969503228224777,0.11947786757948789,0.7565166536055279,-0.030246595463296014,0.025849776404904906,-0.01876617745666763,0.1342262597820825,0.132419356411735,-0.3852566213878948,0.7544281873178279,0.0
17.237237237237238,-0.39445998289332007,0.12451699645788193,0.755941212366678,-0.028772061942493547,0.024985538431140077,-0.04321189868811617,0.1337133831041774,0.1319785519023715,-0.38324650340467525,0.7538589163676988,0.0
17.25725725725726,-0.3918712181006486,0.12943823963357282,0.7553811521029056,-0.028003013188622937,0.02428857873313682,-0.03484798489932318,0.13425685164951257,0.132112747880647,-0.3812212555057238,0.7533285139480329,0.0
17.27727727727728,-0.38918731733106326,0.13419503847926684,0.7548465838106996,-0.026728414610299213,0.023489338697396753,-0.03996200178531201,0.13424734951892317,0.13195702794011022,-0.3791809576443609,0.7528370638155215,0.0
17.2972972972973,-0.38641070942581673,0.13883039526232588,0.7543351070179886,-0.02557383963554858,0.02177719783447642,-0.0856070431435921,0.13427183870669115,0.13225800489180253,-0.3771256903680517,0.7523846435758372,0.0
17.31731731731732,-0.3835450887507268,0.14328103375449844,0.753851598179479,-0.024175441925478918,0.020191942894958053,-0.07926274697257192,0.13441768952642957,0.13227614294025092,-0.37505553481522974,0.7519713246713805,0.0
17.33733733733734,-0.3805967291138524,0.14741798184371988,0.7533986152524496,-0.022649146351471597,0.017870018408151344,-0.11609622433623676,0.13442020678139213,0.1325982858052878,-0.37297057271209116,0.7515971723699979,0.0
17.35735735735736,-0.3775722957511245,0.1512216681363946,0.7529810718834101,-0.020877168451973113,0.015670936631893766,-0.10995408880792623,0.1341165329738049,0.132415678392861,-0.3708708863693698,0.7512622457546749,0.0
17.37737737737738,-0.37448124407990924,0.1545525835607635,0.7525919084396191,-0.019458172189553646,0.013784640286965102,-0.09431481724064054,0.1347949955489711,0.1328859910168799,-0.368756558679087,0.7509665977142068,0.0
17.3973973973974,-0.37133224909792895,0.1574497490990133,0.7522482621407812,-0.017182314941893356,0.012319830334304843,-0.07324049762629377,0.13475135086997458,0.13262257652221807,-0.3666276731112802,0.7507102749348465,0.0
17.41741741741742,-0.368132660710077,0.159979419392597,0.7519456531918159,-0.015130447448264667,0.010733056060999712,-0.07933871365771594,0.13454308920049016,0.13254311766228524,-0.36448431371070544,0.750493317892932,0.0
17.43743743743744,-0.3648882892362291,0.1622185736923926,0.7516798576493435,-0.013289777123622596,0.008986539924009112,-0.0873258068412937,0.13474131125496044,0.13278347665921142,-0.3623265650935232,0.7503157608484956,0.0
17.45745745745746,-0.3616055426845768,0.16413732758261732,0.7514574112611203,-0.011122319411162904,0.007334865301257596,-0.08258373112867187,0.13464261165704405,0.13271301513799852,-0.3601545124439534,0.7501776318398526,0.0
17.47747747747748,-0.35829161856636665,0.1656962059105066,0.7512758362742159,-0.009078749345222454,0.006108745714712988,-0.06130597931769287,0.134830880921105,0.13272277593554602,-0.3579682415109157,0.750078952679175,0.0
17.4974974974975,-0.35495315574989716,0.1669231408234745,0.7511380819066824,-0.00688771837667429,0.0052887852918854185,-0.0409980211312814,0.13514543084852373,0.1327970945468286,-0.3557678386046426,0.7500197389490459,0.0
17.51751751751752,-0.35159464850484357,0.16792536225267946,0.7510499009839622,-0.004409046136013909,0.0041658395472134475,-0.05614728722316264,0.1346561240329046,0.13253478189167267,-0.35355339059327384,0.75,0.0
17.53753753753754,-0.3482197000784305,0.16874742132065373,0.7510001308874439,-0.0024885048259165304,0.003310320817568239,-0.04277593647160859,0.13491693517936737,0.13231468414747005,-0.3513249848994248,0.7500197389490459,0.0
17.55755755755756,-0.3448322387260274,0.16937306762015433,0.7509893599270682,-0.0005385480187837281,0.0015670339288248205,-0.08716434442653878,0.1347051703801906,0.1326856543947781,-0.34908270949673637,0.750078952679175,0.0
17.57757757757758,-0.34143583241713493,0.1698203154446239,0.7510199228905017,0.001528148171674581,-0.00034291265878354634,-0.09549732937000235,0.13491107296382496,0.13314147296419157,-0.3468266529064027,0.7501776318398526,0.0
17.5975975975976,-0.3380375477674236,0.16991423248556572,0.7511016012040238,0.004083915676105689,-0.001978011996887291,-0.08175496689515946,0.13509226611292688,0.13329092364675038,-0.34455690419367424,0.7503157608484956,0.0
17.61761761761762,-0.3346451436945732,0.16962020364252148,0.7512392500909727,0.006882444347444147,-0.0031168563247210954,-0.056942216382219704,0.13521338796333918,0.13318741293794362,-0.34227355296434414,0.7504933178929322,0.0
17.63763763763764,-0.3312648920225427,0.16901258360152555,0.751433070547807,0.009691022841711881,-0.004263586490183821,-0.057336508264441845,0.13521060730286383,0.13323589814152872,-0.33997668936120956,0.7507102749348465,0.0
17.65765765765766,-0.32790134454947295,0.16817737365348792,0.751683675646821,0.012530254950707174,-0.005327568549572591,-0.053199102961719535,0.13476808335334856,0.13302769378943394,-0.33766640406051235,0.7509665977142068,0.0
17.67767767767768,-0.3245588750693881,0.16712347400424452,0.7519813552385008,0.014883979583990955,-0.006306766008392259,-0.048959872934449464,0.1351789446624522,0.1334075403574796,-0.33534278826835995,0.7512622457546749,0.0
17.6976976976977,-0.3212418394841311,0.16585177926284814,0.7523377592982659,0.01782020298825268,-0.007088634040406411,-0.03909340159552934,0.13492625169164976,0.1331975866825628,-0.3330059337171259,0.7515971723699979,0.0
17.71771771771772,-0.31795396957456684,0.16439349547821255,0.7527459566898053,0.020409869576970427,-0.007776014667095829,-0.03436903133081897,0.13495060780652632,0.13324961954726594,-0.33065593266182614,0.7519713246713805,0.0
17.73773773773774,-0.3146983316896117,0.16278189424775688,0.7532070103016754,0.023052680593506666,-0.008370859482322359,-0.029742240759346346,0.1346829309963573,0.13302770324799243,-0.3282928778764786,0.7523846435758371,0.0
17.75775775775776,-0.3114770327583975,0.1610649465607113,0.753713597994126,0.025329384622532102,-0.009612138946565577,-0.06206397321195031,0.13475833761171688,0.13350413526483812,-0.32591686265043923,0.7528370638155215,0.0
17.77777777777778,-0.30829300532421194,0.15920137170927837,0.7542738339569047,0.028011798138937984,-0.010392377732892566,-0.039011939317984204,0.1346016481804761,0.13332969298888242,-0.32352798078472217,0.753328513948033,0.0
17.7977977977978,-0.30515090926138,0.15710480314159786,0.7548827191158435,0.030444257946935012,-0.01099813910962021,-0.030288068839934415,0.1347186699051594,0.13344216510827187,-0.321126326588292,0.7538589163676988,0.0
17.81781781781782,-0.30205340367422184,0.15487527935790912,0.7555435777975781,0.0330429340867326,-0.012058377313261467,-0.05301191018756908,0.13424070055190113,0.13340355223710773,-0.3187119948743448,0.7544281873178278,0.0
17.83783783783784,-0.29900302345504315,0.15251901095893447,0.7562486843053587,0.0352553253890332,-0.012844535890217293,-0.03930792885524456,0.1342865824669213,0.13349773008245905,-0.3162850809565623,0.7550362369039383,0.0
17.85785785785786,-0.2960039345674874,0.1499544443777855,0.7570000250074106,0.037567035102591184,-0.01333865331537397,-0.024705871267228067,0.133971566432387,0.13359033081856803,-0.3138456806453505,0.7556829691079515,0.0
17.87787787787788,-0.2930592277349979,0.1472353416244766,0.7577942246971274,0.03970998448584293,-0.013116738823217188,0.011095724596512608,0.13216379352274138,0.13231049521067562,-0.31139389024405634,0.7563682818033557,0.0
17.8978978978979,-0.29017007954372,0.14445740956389383,0.7585854811962337,0.03956282495531132,-0.011926340789357733,0.05951990167965561,0.13284495329263493,0.1331261547432133,-0.3089298065451674,0.7570920667713315,0.0
17.91791791791792,-0.2873359138613356,0.14170828411921876,0.7593959836339036,0.04052512188349182,-0.009572113877792537,0.11771134556296727,0.1346849220461885,0.1335232398518304,-0.3064535268264879,0.7578542097178423,0.0
17.93793793793794,-0.2845520802271302,0.13919168171027255,0.7602589137686916,0.04314650673940146,-0.0076471563852044825,0.09624787461235047,0.13344823333582764,0.13211713031703437,-0.3039651488473025,0.7586545902916816,0.0
17.95795795795796,-0.281808774030627,0.1371653098251612,0.7611351744027989,0.0438130317053635,-0.006324239436089652,0.06614584743711194,0.13468855413404515,0.13320103960226048,-0.30146477084451234,0.7594930821034785,0.0
17.97797797797798,-0.27909854124045935,0.13551163950838205,0.7620592517670538,0.046203868212747294,-0.005879050436246131,0.022259449972141604,0.13364140445679143,0.13262056191111166,-0.2989524915287596,0.760369552745656,0.0
17.997997997998,-0.2764160920655003,0.1341224587479532,0.7630070268675566,0.0473887550251427,-0.0057241058835411475,0.007747227613953871,0.1336914347760514,0.13281294647170044,-0.29642841008052956,0.7612838638133392,0.0
18.01801801801802,-0.2737592938199993,0.13283991227504838,0.7639820807168239,0.048752692463365783,-0.006289585711601636,-0.028273991425864606,0.13377856723771353,0.13333910154107012,-0.2938926261462367,0.7622358709262116,0.0
18.03803803803804,-0.27112761796384227,0.1315837928078511,0.7649934781098103,0.05056986964931842,-0.007140872133604624,-0.0425643211246136,0.13371851515098113,0.13310297313670288,-0.2913452398342883,0.7632254237513139,0.0
18.05805805805806,-0.2685229594957561,0.13023292340430687,0.7660367850776982,0.052165348394393844,-0.008847913994107615,-0.08535209305146763,0.13442403216196597,0.134229262185288,-0.28878635171113387,0.7642523660267838,0.0
18.07807807807808,-0.26594872719672924,0.12871161495134398,0.7671390876360933,0.05511512791975363,-0.011256895170195024,-0.12044905883310904,0.1327942402306056,0.13389236248728115,-0.28621606279729567,0.7653165355865313,0.0
18.0980980980981,-0.26341157618889105,0.12685755039191007,0.7682711428649671,0.05660276144369346,-0.013115619487267149,-0.09293621588589396,0.13276866197140957,0.13430776654636506,-0.28363447456337826,0.766417764385847,0.0
18.11811811811812,-0.26092069909950655,0.12454385446922545,0.7694386037856552,0.05837304603440456,-0.014596114686322322,-0.07402475999027464,0.1325886563293542,0.1344915217665199,-0.2810416889260651,0.7675558785279373,0.0
18.13813813813814,-0.2584835948111307,0.12185521441879332,0.7706414053406552,0.0601400777499974,-0.015128271756224386,-0.02660785353832605,0.1318555073248318,0.13369792779134898,-0.278437808244094,0.7687306982913855,0.0
18.15815815815816,-0.2561057130272784,0.11889408919261497,0.7718568197937022,0.060770722652351866,-0.014799897581838584,0.016418708669847244,0.13226150636549036,0.13388336989649763,-0.27582293531421526,0.7699420381585323,0.0
18.17817817817818,-0.253789267604447,0.11582227114157191,0.7730935679554676,0.06183740808826663,-0.013720223543920919,0.05398370184021276,0.13240156324138797,0.13400768893078788,-0.27319717336713445,0.7711897068447706,0.0
18.1981981981982,-0.2515323215394625,0.11284730324922601,0.7743555683103687,0.06310001774505349,-0.012858364657494832,0.04309294425668093,0.1324927221969186,0.13405603040451675,-0.270560626063438,0.7724735073287511,0.0
18.21821821821822,-0.24933081252368117,0.11007545078906512,0.7756449272710165,0.06446794803239432,-0.011910885251246369,0.047373970239220235,0.13217886420090208,0.13397714439247957,-0.26791339748949855,0.773793236883495,0.0
18.23823823823824,-0.2471813356313661,0.10747384461575392,0.776955849179676,0.06554609543297146,-0.010503219743172039,0.0703832753214713,0.1323006849940418,0.13388647298519887,-0.2652555921533674,0.775148687108407,0.0
18.25825825825826,-0.24507998660498062,0.10506745131927449,0.778288824054303,0.0666487437313507,-0.008993612521688465,0.07548036098235016,0.13297212862642113,0.1343211782050409,-0.2625873149806477,0.7765396439621841,0.0
18.27827827827828,-0.24302120942069755,0.10293885921415384,0.7796602822867751,0.06857291162360449,-0.0077709825497156645,0.061131498496781234,0.13262522705542118,0.13426375605873328,-0.2599086713103547,0.7779658877966139,0.0
18.2982982982983,-0.2409989684359495,0.1011120492374026,0.7810642586024897,0.07019881578573349,-0.006552743642200862,0.06091194526297452,0.13262808412169957,0.13421283932414935,-0.257219766890753,0.7794271933912618,0.0
18.31831831831832,-0.23900816368178135,0.09954023770840792,0.7825000529863481,0.07178971919291721,-0.005725655116132245,0.04135442617846267,0.13208264201157285,0.13400267334085778,-0.2545207078751856,0.7809233299890341,0.0
18.33833833833834,-0.2370437395796038,0.09822120510887716,0.7839564778060246,0.07282124098382742,-0.005231829117771776,0.024691299779020914,0.1321966804251554,0.13420155129077477,-0.2518116008178805,0.7824540613326185,0.0
18.35835835835836,-0.23510302370673863,0.09703579364325919,0.7854381708007971,0.07408464973862579,-0.004120951116089002,0.055543899933889654,0.13209312449568286,0.13406297548908633,-0.2490925526697457,0.784019145701791,0.0
18.37837837837838,-0.23318367348617716,0.095967511028073,0.7869415330970086,0.07516811481057356,-0.002958617661175239,0.05811667258227828,0.13281789848934838,0.13451796633018828,-0.24636367077414584,0.7856183359515869,0.0
18.3983983983984,-0.23128144412048224,0.09511146828474612,0.7884840437948859,0.07712553489386094,-0.001837894596242189,0.0560361530714331,0.13355204720686606,0.13506462715910209,-0.24362506286266639,0.787251379551327,0.0
18.41841841841842,-0.2293918488667591,0.09447976268615739,0.7900846582469172,0.0800307226015644,-0.0007973178754811212,0.052028835852206315,0.13294067644785496,0.1346719446223186,-0.24087683705085727,0.7889180186244964,0.0
18.43843843843844,-0.22751047770167318,0.09406855825429519,0.7917284583844559,0.08219000687693771,0.0004673261897368905,0.06323220306451958,0.1325628775560967,0.1341775371233299,-0.23811910183396937,0.7906179899894648,0.0
18.45845845845846,-0.2256328803671013,0.09387986672859353,0.7934024878028976,0.08370147092208395,0.0013887621390703314,0.046071797258684835,0.13270373734529625,0.13434528048604874,-0.23535196608266626,0.7923510252010468,0.0
18.47847847847848,-0.22375424772089741,0.09393163231019494,0.7951112908704989,0.08544015338006872,0.002280061246250452,0.04456495514099119,0.13307959139729983,0.13456771965503636,-0.23257553903872932,0.794116850592893,0.0
18.4984984984985,-0.22187086552908164,0.09416910959078922,0.7968636948378143,0.08762019836576947,0.0029248397732944366,0.03223892612487661,0.13205127304083644,0.13390761934946055,-0.22978993031074385,0.7959151873207041,0.0
18.51851851851852,-0.2199788963449775,0.09459845920520674,0.7986346380529554,0.08854716075705923,0.0030505196973624,0.006283995964307693,0.13270660723969557,0.13445535115344207,-0.22699524986977349,0.7977457514062631,0.0
18.53853853853854,-0.21807573729585547,0.09515795245610131,0.8004419189483044,0.09036404476744697,0.002537079405727122,-0.025672014831288417,0.13139096378009316,0.13462398448550425,-0.2241916080450164,0.7996082537822806,0.0
18.55855855855856,-0.21616125818374804,0.09572395560537213,0.8022685081465968,0.09132945991461856,0.003035238460366054,0.024907952470574538,0.131671197593165,0.13435034646008642,-0.22137911551945083,0.8015024003380411,0.0
18.57857857857858,-0.21423705978064525,0.09620992015513927,0.8041144899705948,0.09229909119989681,0.00342549238267127,0.01951269584297478,0.1320021366669919,0.13470724620239674,-0.2185578833254667,0.8034278919658451,0.0
18.5985985985986,-0.2123012348053775,0.09679124876338722,0.8059900300329162,0.09377700311607427,0.0038422170107970076,0.02083623112546136,0.13205613489052095,0.13474892883808162,-0.21572802284047948,0.8053844246082441,0.0
18.61861861861862,-0.2103527391009362,0.09742478522206546,0.8078965118719539,0.09532409195188431,0.005032063063165116,0.05949230233358369,0.13276155022507252,0.1348439094874016,-0.2128896457825361,0.8073716893060529,0.0
18.63863863863864,-0.20838933061464918,0.09817042431435102,0.80984575670508,0.09746224165630181,0.005625198533162353,0.02965677321201179,0.1325772172427728,0.1349618324404785,-0.2100428642059031,0.809389372247138,0.0
18.65865865865866,-0.2064066208370041,0.0991354888822538,0.8118367177197809,0.09954805073505088,0.006337853578740317,0.035632751990988476,0.13252951069351815,0.13481000350246436,-0.2071877904966422,0.811437154815974,0.0
18.67867867867868,-0.2044021313778257,0.10022447295891888,0.8138663849297357,0.1014833604977406,0.006823687196009322,0.02429168057745444,0.1324643192497137,0.13480008751014275,-0.20432453736817444,0.8135147136439546,0.0
18.6986986986987,-0.20237323626701378,0.10144475554059586,0.8159335899799534,0.10336025251087898,0.007382780069992365,0.027954643418130393,0.13239225350834086,0.1346440818719857,-0.20145321785683143,0.8156217206604565,0.0
18.71871871871872,-0.2003182945328369,0.10274708670884411,0.8180349035136268,0.10506567668367638,0.008311115635815738,0.0464167780184989,0.13217240273772188,0.13425470455700228,-0.1985739453173906,0.817757843144647,0.0
18.73873873873874,-0.19823520131075126,0.10415466110428183,0.8201612496458678,0.10631730661204591,0.009489441254162491,0.058916280655607695,0.1327772529959487,0.13442928401560197,-0.19568683341860166,0.819922743778023,0.0
18.75875875875876,-0.19612011836514492,0.1057541472803164,0.8223241201668177,0.10814352604749608,0.010400175327644067,0.04553670342582847,0.13277067784541344,0.1345655570098231,-0.19279199613869807,0.8221160806976788,0.0
18.77877877877878,-0.1939682455431433,0.10759364110008227,0.8245253571618685,0.11006184975254128,0.010914062959589254,0.025694381364154598,0.13290261156455996,0.13465152756632345,-0.18988954776090056,0.8243375075502877,0.0
18.7987987987988,-0.19177601959808452,0.10961129725293804,0.8267681127817669,0.11213778099491992,0.011051285702913501,0.006861136950668863,0.13256663288394865,0.13457593069110282,-0.18697960286889997,0.8265866735467989,0.0
18.81881881881882,-0.1895419581134563,0.11170307423140986,0.8290462247453888,0.11390559818109808,0.011726009477332761,0.033736188525513244,0.13288813317115616,0.13434707800038292,-0.18406227634233893,0.8288632235178279,0.0
18.83883883883884,-0.18726556965627422,0.11381942285910443,0.8313610218718791,0.1157398563245141,0.012531641941019621,0.04028162301116786,0.13317753634827656,0.13446665485196718,-0.18113768335227295,0.8311667979697438,0.0
18.85885885885886,-0.18494421321914867,0.11606782185627709,0.8337184930868823,0.11787356075015926,0.013420349193069574,0.04443536245314369,0.13257601404670033,0.13374687289539208,-0.17820593935662565,0.8334970331414369,0.0
18.87887887887888,-0.18257536842427657,0.11844223974360533,0.8360989807824104,0.1190243847764069,0.01490726239200943,0.07434565982284012,0.13353789752155948,0.1339888095686988,-0.1752671600956296,0.8358535610617608,0.0
18.8988988988989,-0.180155026231549,0.12101710963637856,0.8385202460291064,0.12106326233479868,0.015910906202482002,0.05018219042549504,0.13358741590302303,0.13410184709594536,-0.17232146158725878,0.8382360096076387,0.0
18.91891891891892,-0.17767755090546825,0.1238737663040382,0.8409845689099841,0.12321614404388799,0.01686547320131674,0.04772834987014393,0.13334699140340536,0.13376715351926663,-0.1693689601226453,0.8406440025628279,0.0
18.93893893893894,-0.17513907265020537,0.12692391276314435,0.8434833215794406,0.12493763347282695,0.01755449251967822,0.03445096587338953,0.13335760631115717,0.13361466930170443,-0.16640977226149312,0.843077159677325,0.0
18.95895895895896,-0.17253591312360728,0.13015797632990497,0.8460143015550212,0.12654899877903,0.017844255380505103,0.014488143023825076,0.13360171824269684,0.1337827720641364,-0.1634440148274712,0.8455350967274164,0.0
18.97897897897898,-0.16986536711923025,0.13352730021885112,0.8485835305462242,0.12846144956014527,0.01776814845363943,-0.003805346333525833,0.13343527918286,0.13316483993123965,-0.1604718049036049,0.8480174255763485,0.0
18.998998998999,-0.16712665203152244,0.13693575438539143,0.8511793259095254,0.12978976816505955,0.017104439174007495,-0.03318546394465213,0.1329294557303865,0.13293447972318748,-0.15749325982765233,0.8505237542356203,0.0
19.01901901901902,-0.16432061966004377,0.14030161857393364,0.8537907560788278,0.13057150846512364,0.016541392568523352,-0.028152330210199823,0.1342140058465678,0.1335597180142642,-0.1545084971874738,0.8530536869268817,0.0
19.03903903903904,-0.16144936059460824,0.14356295327177676,0.8564461345446585,0.13276892329153275,0.015370660383807746,-0.05853660914495459,0.13175166033346514,0.13415917270241523,-0.15151763481638728,0.8556068241444328,0.0
19.05905905905906,-0.15851545530517405,0.14669526447170983,0.8591178541232566,0.13358597892990545,0.0157439234085874,0.018663151356539592,0.13155232511537515,0.1322455430571571,-0.14852079078851751,0.8581827627183108,0.0
19.07907907907908,-0.15552458925250603,0.14954330263340038,0.8617746671725864,0.13284065246649415,0.017159235468751668,0.0707656031538009,0.13263238538186378,0.13248962165154662,-0.14551808341413616,0.8607810958779528,0.0
19.0990990990991,-0.15247511710619535,0.15247360731553478,0.864436176289846,0.13307545586298022,0.01905411193859926,0.09474382366662217,0.13306116032688028,0.13238500601838535,-0.14250963123498808,0.8634014133164327,0.0
19.11911911911912,-0.14936153127809002,0.1556792914052671,0.867107082157051,0.13354529336024853,0.02112163368852983,0.10337608769992714,0.1335161299045807,0.13176971876120616,-0.1394955530196144,0.8660433012552511,0.0
19.13913913913914,-0.1461764081899097,0.1592561544090153,0.8697848603354846,0.1338889089216806,0.022362389676905157,0.06203779965171583,0.13259188514744313,0.131130060322053,-0.13647596775866258,0.8687063425096762,0.0
19.15915915915916,-0.14291233675297998,0.16320357184648648,0.8724461708972763,0.13306552808958264,0.023253423239685593,0.04455167840154149,0.13311979239576519,0.1313775718746525,-0.13345099466018792,0.8713901165546233,0.0
19.17917917917918,-0.13956448287882406,0.16739269370779666,0.8751024038267282,0.13281164647259827,0.023886856364893492,0.03167165655349111,0.13360778086778666,0.13155302455437595,-0.1304207531449484,0.8740941995910598,0.0
19.1991991991992,-0.1361292019904126,0.17176404442057336,0.8777633039164823,0.13304500448770404,0.023991174187149654,0.005215891437126547,0.13419427847829563,0.13199169445606246,-0.1273853628416912,0.876818164612927,0.0
19.21921921921922,-0.1326036636963184,0.17627691470471005,0.8804439836945616,0.13403398890396176,0.023325408644331275,-0.03328827678521511,0.13342072542539735,0.13129893294055026,-0.12434494358242767,0.879561581474571,0.0
19.23923923923924,-0.12898808318783742,0.18077902542404867,0.8831226881557505,0.13393522305944666,0.021967444897655564,-0.06789818694657798,0.1332503768823438,0.13134646449066684,-0.12129961539770419,0.8823240169586665,0.0
19.25925925925926,-0.12528542929695907,0.18513269454391745,0.8857976543904427,0.1337483117346089,0.020466400910229596,-0.07505219895129744,0.1343052454575582,0.13209390829056036,-0.11824949851186214,0.8851050348446282,0.0
19.27927927927928,-0.12150042158528965,0.18925038558347096,0.8884956938007518,0.13490197051545502,0.01839078913947134,-0.10378058808432812,0.13369824663335284,0.1317788035302358,-0.11519471333829528,0.8879041959774919,0.0
19.2992992992993,-0.11763961039773259,0.19304055937785267,0.8912032427884726,0.13537744938604346,0.016415102445211858,-0.09878433422386308,0.13400926129683394,0.13198124290837748,-0.11213538047469035,0.890721058337267,0.0
19.31931931931932,-0.11371117529009413,0.19642175538192327,0.8939280487126985,0.13624029621129485,0.0145819260307907,-0.09165882019397986,0.13367638767827747,0.13167155228733662,-0.10907162069827121,0.8935551771087319,0.0
19.33933933933934,-0.10972355579871435,0.19938097456898912,0.896660704685529,0.13663279864152572,0.013642500665930112,-0.04697126767220669,0.13416739905908856,0.13166807619806295,-0.10600355496102745,0.8964061047516788,0.0
19.35935935935936,-0.1056834251985383,0.20200653000880264,0.8994085307730796,0.13739130437752572,0.012353696675959707,-0.06444019888394989,0.13349480320773047,0.13127998660116155,-0.10293130438494098,0.899273391071584,0.0
19.37937937937938,-0.1015949814484903,0.2044221875023995,0.902155846012539,0.1373657619729699,0.011336443426678654,-0.050862661802419294,0.13436958283397504,0.13182127033899113,-0.0998549902572036,0.9021565832906993,0.0
19.3993993993994,-0.09746280895499662,0.2066086246746838,0.9049236893703555,0.13839216789082792,0.00986704937194736,-0.07346970202675303,0.13378009316055167,0.13150234723564524,-0.09677473402543041,0.9050552261195495,0.0
19.41941941941942,-0.09329138058597133,0.20857141845126426,0.9076986255070038,0.13874680683241064,0.008616611641862715,-0.06252188574197011,0.13444452558608966,0.13187099009171344,-0.09369065729286191,0.9079688618288309,0.0
19.43943943943944,-0.08908635533144908,0.21025126272611255,0.9104960085725534,0.13986915327748134,0.007337270101845523,-0.06396707618127352,0.13396242229480523,0.13143585458630772,-0.09060288181356846,0.9108970303216876,0.0
19.45945945945946,-0.08485251281362918,0.2116921258909952,0.913302268965103,0.1403130196274782,0.005526500372108979,-0.09053848561129396,0.13422807174550466,0.13183260220284504,-0.087511529487638,0.9138392692063707,0.0
19.47947947947948,-0.08059534851187125,0.21285821508789626,0.9161272476937597,0.14124893643283537,0.004181499304576669,-0.06725005243493419,0.1341944672638944,0.13156831495559632,-0.0844167223563671,0.9167951138692532,0.0
19.4994994994995,-0.07632217827885196,0.2136585116509644,0.9189665553785036,0.14196538423719396,0.0033468162705728973,-0.04173415068277149,0.13407918001744404,0.13155608381782075,-0.08131858259744172,0.9197640975481977,0.0
19.51951951951952,-0.07203804605687623,0.21420661109878625,0.9218183117729106,0.1425878197203507,0.002617746791587456,-0.03645347285500758,0.13453330609390823,0.13176173978458397,-0.07821723252011556,0.922745751406263,0.0
19.53953953953954,-0.06774633902269632,0.21458535170899598,0.9246922893939185,0.1436988810503902,0.0020178190051110506,-0.02999638814209205,0.1341505036335344,0.13052893205956384,-0.07511279456037884,0.925739604605741,0.0
19.55955955955956,-0.063450115434151,0.21481117942726655,0.9275645374413624,0.14361240237219303,0.0010677877113254074,-0.047501563403285804,0.134184772405291,0.13089773836282084,-0.07200539127612615,0.9287451843825059,0.0
19.57957957957958,-0.059151534792198236,0.21492903209763792,0.9304410342581001,0.14382484083688776,-0.0002890421367109836,-0.06784149101029582,0.13494474941078718,0.13181334498284358,-0.06889514534231929,0.9317620161206684,0.0
19.5995995995996,-0.054854222809863185,0.21486559911675274,0.9333466042723982,0.14527850071490495,-0.002067705850556123,-0.08893318419056545,0.13445091860263583,0.13176334268936818,-0.06578217954614127,0.9347896234275257,0.0
19.61961961961962,-0.050563887761858294,0.21451675240024462,0.9362731617484822,0.14632787380419957,-0.003281421600025897,-0.06068578584711866,0.13490363028228092,0.1320353390836575,-0.0626666167821519,0.9378275282087866,0.0
19.63963963963964,-0.04628735972445371,0.21382640187022892,0.9392314129634427,0.14791256074802833,-0.004429749794492068,-0.0574164079624004,0.1350992447323503,0.1322243391392891,-0.05954858004743483,0.9408752507440689,0.0
19.65965965965966,-0.04202941490493759,0.21289724097580615,0.9422270103258338,0.14977986811955493,-0.0055640303909371665,-0.05671402791438696,0.13452817971453732,0.13178530173415948,-0.056428192436741,0.9439323097626545,0.0
19.67967967967968,-0.03779459538587552,0.21174097595310365,0.9452449335885108,0.150896163133852,-0.0064289699691252875,-0.04324697683860573,0.13474410892947986,0.13184672593324787,-0.053305577137629866,0.9469982225194864,0.0
19.6996996996997,-0.03358707999846392,0.2103757693705798,0.9482892474760434,0.15221569437663002,-0.007677971949203965,-0.06245009676258165,0.13435673234915546,0.13173666713409315,-0.050180857425607545,0.9500725048713982,0.0
19.71971971971972,-0.02941028813761007,0.2088395930426926,0.9513525364673768,0.15316444956667505,-0.008937359105629874,-0.06296935539541641,0.13415326717863113,0.13179393890526664,-0.047054156659257454,0.9531546713535686,0.0
19.73973973973974,-0.025269032259274054,0.20706279391680069,0.954432582620816,0.15400230767195833,-0.010104213185849597,-0.05834270138988911,0.1347723828243279,0.13243162986463913,-0.04392559827537208,0.9562442352561805,0.0
19.75975975975976,-0.021168163203384424,0.20504345279448152,0.9575479487454294,0.1557683062306687,-0.011596262367623539,-0.07460245626668474,0.13446168741593967,0.13235945836027466,-0.04079530578407858,0.9593407087012793,0.0
19.77977977977978,-0.01711241281734798,0.20278751930182223,0.9606928848821444,0.15724680683575512,-0.012824464314002998,-0.06141009427220888,0.1339639348244409,0.1320055042493426,-0.03766340276396636,0.9624436027198108,0.0
19.7997997997998,-0.013107470353519852,0.20024712319140647,0.9638546824993791,0.15808988086173212,-0.013693086839975808,-0.04343112300798715,0.13424627116280896,0.1321373223473693,-0.03453001285720265,0.9655524273288407,0.0
19.81981981981982,-0.009158066987437052,0.19747016830414,0.9670394044192437,0.15923609599322905,-0.014559653837755157,-0.043328346334655855,0.13423073640509375,0.13229244960237815,-0.03139525976465663,0.968666691608924,0.0
19.83983983983984,-0.005267551787681632,0.19452575998777097,0.9702490537259147,0.16048246533354935,-0.015368841058330501,-0.04045935719481352,0.13433670528569253,0.13242132414205388,-0.028259267241012402,0.9717859037816294,0.0
19.85985985985986,-0.0014392061381775074,0.19141728247520623,0.9734870397135589,0.16189929938220537,-0.016334398464814343,-0.04827786619700941,0.13333840078425438,0.1318440054054856,-0.02512215908988511,0.9749095712871959,0.0
19.87987987987988,0.0023239959935188663,0.1881601065848187,0.9767299501605415,0.16214552234913338,-0.01673560868293055,-0.020060506456058055,0.13345629489990857,0.1317840016835671,-0.021984059158932538,0.9780372008623142,0.0
19.8998998998999,0.006018980158305522,0.18474920823933275,0.979978583544368,0.16243166919131946,-0.017953104914648587,-0.060874806843245116,0.13245111525783893,0.13131456763718605,-0.01884509133496755,0.9811682986180166,0.0
19.91991991991992,0.009644979126698566,0.18129994841965225,0.983211071210608,0.16162438331200274,-0.02025198518344522,-0.11494400845843986,0.13318964619967733,0.13322837106837093,-0.015705379539063737,0.9843023701176721,0.0
19.93993993993994,0.013196253522468034,0.17756371978847335,0.9864666423129449,0.1627785551168424,-0.02201852083702143,-0.08832677747017953,0.13140768074999207,0.13324527150970425,-0.012565047721668525,0.9874389204550579,0.0
19.95995995995996,0.016664688283584826,0.17342173805583957,0.9897189620355606,0.162615986130787,-0.022473204793635796,-0.022734192515814697,0.1332560955834423,0.13385335913422852,-0.009424219857704069,0.9905774543325164,0.0
19.97997997997998,0.02004194932519437,0.1688630520804772,0.993004279227102,0.1642658595770675,-0.021275488498191678,0.05988582035591922,0.13191821443911217,0.13234915049904059,-0.00628301994167648,0.9937174761391655,0.0
20.0,0.023327464395933417,0.16427575353695228,0.9962804324582849,0.16380766155914753,-0.018908881619099493,0.11833034981718545,0.13192408754925983,0.13192991446392707,-0.0031415719827794027,0.9968584900291619,0.0
