time,x,x_dot,z,z_dot,theta,theta_dot,u1,u2,x_ref,z_ref,theta_ref
0.0,0.27395604855596334,-0.0012224312049589538,1.3020370878759355,0.003947360581187278,-0.24349359126741027,0.009512447032735119,0.05632337500355366,0.056849874573375,0.0,1.0,0.0
0.02002002002002002,0.27352738079204536,-0.02143338819589915,1.299823217632769,-0.11069351215832701,-0.2429070888056996,0.029325123085533963,0.05632337490932398,0.0636188777093878,0.0031415719827794755,1.003141509970838,0.0
0.04004004004004004,0.2726703973137906,-0.04284917391273711,1.2954138533194381,-0.22046821566655161,-0.23671154583353213,0.30977714860837535,0.05632343102561097,0.06130066472980417,0.006283019941676304,1.0062825238608344,0.0
0.06006006006006006,0.27139439520709857,-0.06380010533460251,1.2887759110413894,-0.3318971139024344,-0.22682384887927906,0.4943848477126542,0.05632337713561934,0.05971336343500862,0.009424219857704088,1.0094225456674837,0.0
0.08008008008008008,0.2697154809250762,-0.08394571410111866,1.2798890944808659,-0.4443408280261839,-0.2147719548310671,0.602594702410597,0.056323721454470156,0.059013125051770234,0.01256504772166874,1.0125610795449425,0.0
0.10010010010010009,0.26765259533852337,-0.10314427932764011,1.268747204725582,-0.5570944877642032,-0.2012756690042429,0.6748142913412063,0.05632487359683505,0.058588316914440254,0.015705379539064146,1.0156976298823284,0.0
0.12012012012012012,0.26522722902984686,-0.1212683154338245,1.25534861959915,-0.6699292563216034,-0.18681639768125913,0.722963566149194,0.09521192943749546,0.09733943224260413,0.01884509133496727,1.0188317013819832,0.0
0.14014014014014015,0.2622320094984273,-0.1497609765709791,1.2408250596735806,-0.7261779962784669,-0.17171919074584407,0.7548603467707565,0.12032955983992016,0.12243343188675665,0.021984059158932454,1.0219627991376858,0.0
0.16016016016016016,0.2585692839125054,-0.18313627929609452,1.2259154114413333,-0.7454824116123671,-0.1560773760900529,0.7820907327895564,0.13575985164944307,0.13782864199210088,0.025122159089884778,1.0250904287128038,0.0
0.18018018018018017,0.25421452933566097,-0.2177377288422223,1.2110793139977776,-0.741804872177787,-0.14010784123431524,0.7984767427868829,0.14491858138018127,0.14700992168369917,0.028259267241012263,1.0282140962183703,0.0
0.20020020020020018,0.2491881172151774,-0.2513206060241782,1.1965955129197,-0.7241900539038838,-0.12391137552824617,0.8098232853034527,0.15061595004404799,0.15271065992433835,0.03139525976465669,1.031333308391076,0.0
0.22022022022022023,0.24353486906144775,-0.2826624076864821,1.1826414050995495,-0.6977053910075155,-0.10768377418911511,0.8113800669565527,0.15420794151908926,0.1563524278634553,0.0345300128572029,1.0344475726711595,0.0
0.24024024024024024,0.23731373446452403,-0.31105672984618554,1.1693329156782828,-0.6654244710633411,-0.09147178049388774,0.810599684761368,0.15676829634471154,0.15891711408143633,0.03766340276396636,1.0375563972801893,0.0
0.2602602602602603,0.2305907601728973,-0.33614871458133544,1.156754157615763,-0.6289379031259903,-0.07535699431221848,0.8057393090834628,0.15844303543101096,0.16056353484839775,0.04079530578407877,1.040659291298721,0.0
0.2802802802802803,0.22343698484728325,-0.35768876628070334,1.1449616650756123,-0.5896246270075359,-0.05954074000907244,0.7908127151573011,0.15968723506314886,0.1618473558560131,0.04392559827537159,1.043755764743819,0.0
0.3003003003003003,0.21592551269058924,-0.37557360783470106,1.133999129237488,-0.5481267919062129,-0.044038512698451306,0.7751113655310573,0.1606133333493409,0.1627640243918015,0.047054156659257156,1.0468453286464312,0.0
0.3203203203203203,0.20812994161459045,-0.389778553799939,1.123898879689277,-0.5050124774105536,-0.028956795031152404,0.7540858833649451,0.161749473348704,0.16388153901101096,0.05018085742560745,1.0499274951286017,0.0
0.34034034034034033,0.20012300463033617,-0.40034684921271385,1.1146981160747902,-0.4600381807243477,-0.014368346271891165,0.729422437963062,0.16208512945166578,0.16419185711790826,0.053305577137629956,1.0530017774805136,0.0
0.36036036036036034,0.19197718439296405,-0.4072910118686062,1.1064090592033695,-0.41445284357103207,-0.0003876590227995619,0.69903436245458,0.16262458009445638,0.1647430459327523,0.05642819243674084,1.0560676902373454,0.0
0.38038038038038036,0.1837627476252755,-0.41072183838442683,1.0990493924680635,-0.36798333676529404,0.013013055273079947,0.6700357147939755,0.1632265186626097,0.16528414448788098,0.059548580047434865,1.0591247492559313,0.0
0.40040040040040037,0.1755475493927821,-0.4107599116246699,1.0926365500063322,-0.3206421230865689,0.025674746147959202,0.6330845437439627,0.16332537918291287,0.16538492931512766,0.06266661678215213,1.0621724717912138,0.0
0.42042042042042044,0.16739686593565647,-0.40753417285628163,1.0871730775750226,-0.2731736215654776,0.037569447774606905,0.594735081332385,0.16315738397592924,0.16519770062426647,0.06578217954614125,1.0652103765724743,0.0
0.44044044044044045,0.15937219995824112,-0.4012332988707679,1.0826525216759477,-0.22602779495373854,0.04871467559984989,0.5572613912621496,0.16241796099668132,0.16440191223623368,0.06889514534231904,1.0682379838793312,0.0
0.46046046046046046,0.15153057864526254,-0.3920810656489291,1.079050325083763,-0.18010982960923455,0.05897354051597907,0.5129432458064582,0.16167080156363164,0.16366156954827477,0.07200539127612608,1.0712548156174941,0.0
0.4804804804804805,0.14392486277135583,-0.3802857936953361,1.0763421495453587,-0.1354087769202257,0.06831463780716991,0.46705486455954337,0.1606765190505619,0.16267442197907256,0.07511279456037853,1.0742603953942587,0.0
0.5005005005005005,0.13660268181997337,-0.36610904756912255,1.0744960305452496,-0.0923059500054533,0.07677812734296013,0.4231744767895108,0.15948162975392266,0.16145065748495777,0.07821723252011543,1.0772542485937369,0.0
0.5205205205205206,0.12960627035798855,-0.34982057309924025,1.0734733737768247,-0.051132838421243394,0.08429580935016082,0.3758841003600329,0.1578466745333253,0.15982802569425122,0.08131858259744179,1.0802359024518025,0.0
0.5405405405405406,0.12297202048057944,-0.3317124938704559,1.07322314416169,-0.012511480756740405,0.09096344638187945,0.3333818515859322,0.1561502108158267,0.158082389804425,0.08441672235636695,1.0832048861307466,0.0
0.5605605605605606,0.11673088835927059,-0.3120566060654428,1.0736916823561633,0.023426909723662445,0.09677534056186016,0.29059470899903594,0.15408755028587287,0.15597690614842943,0.08751152948763803,1.0861607307936292,0.0
0.5805805805805806,0.11090818622342272,-0.29113510679239396,1.0748147768471519,0.05615472454942829,0.10169448165571168,0.24595705469257645,0.15246263837649193,0.1543364030235842,0.09060288181356867,1.0891029696783128,0.0
0.6006006006006006,0.10552584167162049,-0.2691172275901111,1.0765417751043533,0.08634991286006824,0.10565964736640937,0.19825828553488525,0.15017090294245303,0.15210325775421346,0.0936906572928623,1.0920311381711696,0.0
0.6206206206206206,0.10059926695838063,-0.24632873566199312,1.07880377310538,0.11309990005132975,0.10877749303690676,0.15589228352486809,0.14778116121168575,0.14971205563032866,0.09677473402543012,1.0949447738804503,0.0
0.6406406406406406,0.09613861175669039,-0.22303276008451187,1.0815284994001426,0.1362363147381368,0.11112856508334919,0.11755360232212272,0.14547738172184246,0.14737587611889344,0.09985499025720351,1.0978434167093005,0.0
0.6606606606606606,0.09215004117204012,-0.19942852923251372,1.0846461496387076,0.15588251192824795,0.11275336429822318,0.08123996074370027,0.14327407066362377,0.14513397299426953,0.10293130438494066,1.1007266089284156,0.0
0.6806806806806807,0.08863637011100768,-0.1756835530516217,1.0880901557247897,0.1722003043041074,0.11365733911938779,0.04519874105823038,0.1411805083254556,0.14301953254274283,0.10600355496102731,1.103593895248321,0.0
0.7007007007007007,0.08559742723289233,-0.1519471439057672,1.0917977972303103,0.18538207527603406,0.11393416172144392,0.013841130102808255,0.13920783175065354,0.1409915632468155,0.10907162069827128,1.1064448228912682,0.0
0.7207207207207207,0.08303023657399612,-0.12835953294481062,1.095709757785013,0.19559802773513257,0.11360788688429728,-0.016313741857333603,0.1374160373370267,0.13915324928896128,0.11213538047469059,1.1092789416627333,0.0
0.7407407407407407,0.0809298286885162,-0.1050203942739961,1.0997724762002874,0.20313592076372025,0.11262783639304996,-0.04900252456236716,0.13559346905654102,0.13733601045299532,0.11519471333829528,1.112095804022508,0.0
0.7607607607607607,0.07928868564546503,-0.08205715215255834,1.1039325287867234,0.208002629321797,0.11115359652480962,-0.0737119934120145,0.13404902312016936,0.13572558208617205,0.11824949851186234,1.114894965155372,0.0
0.7807807807807807,0.07809758090811318,-0.059555236867592336,1.1081439200953955,0.21056956543359967,0.10920220247605611,-0.09756970243767586,0.13267901313181998,0.13430901184175867,0.1212996153977037,1.1176759830413332,0.0
0.8008008008008007,0.07734599101921195,-0.03757949444506152,1.1123662801093344,0.2111180006969422,0.10691965440903227,-0.11412740335119097,0.13148486136495985,0.13298873178994197,0.1243449435824274,1.1204384185254288,0.0
0.8208208208208209,0.07702212698472548,-0.01619320172432349,1.11656342856518,0.2098574227922851,0.10432217382126296,-0.12987402938846626,0.13045252466462276,0.13182516559626925,0.12738536284169108,1.1231818353870728,0.0
0.8408408408408409,0.07711357312848653,0.004572307188052512,1.120703983883236,0.20702776590280328,0.10141286344401039,-0.14546551886262812,0.12969272546186095,0.13096738175829922,0.13042075314494847,1.1259058004089402,0.0
0.8608608608608609,0.0776077279602838,0.02470774158986311,1.1247651761798096,0.20305961482868454,0.09825835061920116,-0.1577256412404621,0.1289618596848176,0.13010846917370683,0.13345099466018778,1.1286098834453766,0.0
0.8808808808808809,0.07849094626454035,0.044160915212828084,1.1287247278381203,0.19797758291552792,0.09493710819469175,-0.16606212122546954,0.12836555821857146,0.12935456419874608,0.1364759677586626,1.1312936574903238,0.0
0.9009009009009009,0.07974917171786722,0.06291127266634346,1.1325639390130466,0.19196055874631376,0.09142163563939414,-0.17577362776488037,0.12800067863872455,0.12885502302858234,0.13949555301961464,1.1339566987447491,0.0
0.9209209209209209,0.08136848727509381,0.08096577786132958,1.136271284167089,0.1853672577021214,0.0877787596321635,-0.18214380036153283,0.12780714642159227,0.1285058377301965,0.14250963123498805,1.1365985866835673,0.0
0.9409409409409409,0.08333475044643142,0.09831315856688039,1.1398400013040277,0.17843585684693236,0.08407672466376945,-0.18510174841970098,0.1276692276391458,0.12817974551140487,0.1455180834141359,1.139218904122047,0.0
0.960960960960961,0.08563353661648712,0.11493930850278505,1.1432644804196024,0.17122395577872956,0.0802611797612559,-0.19077724512567631,0.1276471460143619,0.12801441296664884,0.14852079078851746,1.141817237281689,0.0
0.980980980980981,0.08825052883814663,0.13084961108297563,1.1465431590717416,0.16393393260696332,0.07644423675116183,-0.1908471505047045,0.12775356075775965,0.1279157836190683,0.15151763481638697,1.144393175855567,0.0
1.001001001001001,0.09117126477039125,0.14603679661223126,1.1496773383709256,0.15670896495920017,0.07261287989102473,-0.19156784300685467,0.12784786068903164,0.1278209285319332,0.1545084971874737,1.1469463130731183,0.0
1.021021021021021,0.09438127174554273,0.16050034875757402,1.1526681417346558,0.1495401681865127,0.06874619036145048,-0.19333447647871288,0.12714197356868054,0.12840771491523656,0.1574932598276524,1.1494762457643797,0.0
1.0410410410410411,0.097865862731812,0.17422954931346366,1.1555148899121885,0.14233740887664106,0.06607242032310107,-0.13368850191746925,0.12597878028708348,0.1262500418299962,0.16047180490360474,1.1519825744236514,0.0
1.0610610610610611,0.10160700031775988,0.18705687929739365,1.1581695349079326,0.13273224978720655,0.06392006420295553,-0.10761780600727762,0.12773433387117633,0.12738148706547647,0.16344401482747123,1.1544649032725836,0.0
1.0810810810810811,0.10559746164335737,0.19952306627987465,1.1606754267359347,0.12529459140010515,0.06196542932125053,-0.09773174408525016,0.1288074116876359,0.1280072209869437,0.16640977226149334,1.1569228403226752,0.0
1.1011011011011012,0.10983069695462981,0.2116617655636223,1.1630582099406617,0.11913916023634614,0.05994062251332646,-0.10124034039620332,0.12937539791696273,0.12829258043995737,0.1693689601226457,1.1593559974371725,0.0
1.1211211211211212,0.11429995395054363,0.22346284979569073,1.1653309701957126,0.1136380127525499,0.0578745819954049,-0.10330202589607813,0.1296338293149185,0.12825284642198062,0.17232146158725853,1.1617639903923611,0.0
1.1411411411411412,0.11899761143172966,0.23488287405930147,1.1674974124762076,0.10832211402475278,0.05575589834909807,-0.10593418231534164,0.12972881306114167,0.12806008664527238,0.1752671600956295,1.1641464389382392,0.0
1.1611611611611612,0.12391568788254895,0.24590382254096485,1.1695565553857463,0.1029571454769292,0.05339691785220903,-0.11794902484445247,0.12971807323065612,0.12789362044111435,0.17820593935662535,1.166502966858563,0.0
1.1811811811811812,0.1290458453300632,0.2565078723757119,1.1715062371998204,0.09748409070370803,0.05093049801089887,-0.12332099206550787,0.12967841643193942,0.12762818407691276,0.18113768335227282,1.168833202030256,0.0
1.2012012012012012,0.13437883498810388,0.2666494829020347,1.1733424355679858,0.0918099184082645,0.04821889700090306,-0.13558005049979052,0.12966234456558232,0.12749129122070738,0.18406227634233896,1.171136776482172,0.0
1.2212212212212212,0.13990510572473847,0.27631353683172893,1.175063377498459,0.08604709652365333,0.04527329666332197,-0.14728001687905465,0.1296904544012619,0.1274147137873962,0.1869796028689002,1.1734133264532012,0.0
1.2412412412412412,0.14561421822308315,0.28545562491723436,1.1766688577009958,0.08027401012684213,0.04220944866611173,-0.15319239986051061,0.12974966622146356,0.12731365196680713,0.18988954776090053,1.1756624924497123,0.0
1.2612612612612613,0.1514948967721642,0.294033927454053,1.1781587810964094,0.07449616977067318,0.03899273577019462,-0.16083564479585608,0.12993254677746233,0.12737819949632573,0.19279199613869827,1.1778839193023214,0.0
1.2812812812812813,0.15753555501579528,0.302032912181553,1.1795373202408443,0.0689269572217495,0.03572164434779374,-0.16355457112004335,0.13019503294014495,0.12747913888556994,0.1956868334186012,1.1800772562219768,0.0
1.3013013013013013,0.16372409132942475,0.30942681568147345,1.1808103528435006,0.06365163013281556,0.03240456496870748,-0.16585396895431315,0.13047543764992783,0.1276052887388256,0.1985739453173903,1.182242156855353,0.0
1.3213213213213213,0.1700481907045021,0.31620496875386855,1.181984364464892,0.05870058106956682,0.029038317974423383,-0.16831234971420442,0.1308094125591517,0.12780421976538514,0.20145321785683132,1.1843782793395434,0.0
1.3413413413413413,0.17649539319827842,0.322360124688816,1.1830676777874563,0.05416566612821368,0.025609447856412865,-0.17144350590052626,0.1311645562625938,0.1280500087646895,0.20432453736817452,1.1864852863560456,0.0
1.3613613613613613,0.18305303034339668,0.3278818572559128,1.1840695879210865,0.05009550668151639,0.022114520157602395,-0.17474638494052336,0.1315728262302182,0.12837071919719611,0.20718779049664207,1.188562845184026,0.0
1.3813813813813813,0.1897082048277277,0.3327587242165511,1.185001250779194,0.04658314290537521,0.018511065648488718,-0.1801727254556844,0.13198653569584476,0.12874495989384524,0.21004286420590312,1.1906106277528619,0.0
1.4014014014014013,0.1964476821969762,0.3369738684624245,1.1858746579714947,0.043670359615034765,0.014854915874394817,-0.1828074887046947,0.13228673438819907,0.12899071993056418,0.21288964578253636,1.1926283106939473,0.0
1.4214214214214214,0.20325766625599773,0.34049920295107705,1.1866981791043785,0.04117605664418352,0.011172466533465309,-0.18412246704647528,0.13278728743345644,0.12944266802705348,0.21572802284047946,1.1946155753917558,0.0
1.4414414414414414,0.2101241917738477,0.34332627589249864,1.18748615983791,0.03939903667657667,0.007483128849846976,-0.18446688418091664,0.1332861745685546,0.12990214744727183,0.21855788332546644,1.1965721080341547,0.0
1.4614614614614614,0.21703308703854116,0.34544476323467244,1.1882529834762716,0.03834118191807708,0.003815893691899216,-0.18336175789738798,0.13378105870947468,0.1303589539249491,0.22137911551945075,1.198497599661959,0.0
1.4814814814814814,0.22397007335789312,0.3468493159675979,1.1890128829237603,0.0379949723744333,0.00014156833232042558,-0.18371626797893953,0.13423204084133508,0.13081016444172805,0.22419160804501612,1.2003917462177192,0.0
1.5015015015015014,0.23092084729736947,0.347538696973818,1.1897793049733187,0.03832110247792189,-0.003528509591684072,-0.18350389620022484,0.13466976428138125,0.13126508824892255,0.22699524986977337,1.2022542485937369,0.0
1.5215215215215214,0.23787094288666238,0.34750477946464536,1.190565502576439,0.03930988015601429,-0.007085992025027164,-0.1778741216671546,0.13288938819960538,0.12813370303299565,0.2297899303107439,1.204084812679296,0.0
1.5415415415415414,0.2448061947731017,0.3467625943219659,1.1912986848657217,0.036659114464131,-0.01169509225086582,-0.2304550112919327,0.12872734523011306,0.12476749198690941,0.23257553903872916,1.205883149407107,0.0
1.5615615615615615,0.25171363351202003,0.34537193694591634,1.1918672519415694,0.02842835379238965,-0.016710267472065596,-0.25075876105998884,0.13351628564880066,0.12998486737319404,0.23535196608266626,1.2076489747989532,0.0
1.5815815815815815,0.25857425171369564,0.3430309100837806,1.1924192728399092,0.027601044916986863,-0.021867607057883435,-0.2578669792908921,0.13645427194187232,0.133267550201515,0.23811910183396956,1.2093820100105355,0.0
1.6016016016016015,0.26536694360714014,0.3396345946722264,1.1930466147071024,0.03136709335966161,-0.026913090774698677,-0.2522741858407617,0.13845824702271925,0.13549250785025435,0.24087683705085766,1.2110819813755038,0.0
1.6216216216216217,0.27206975676862766,0.33514065807437593,1.1938115159360843,0.038245061449098505,-0.03171855505302453,-0.24027321391629314,0.13978261411866863,0.1369851049750633,0.24362506286266614,1.2127486204486728,0.0
1.6416416416416417,0.2786610966205628,0.32956699259675715,1.1947551948200856,0.04718394420007207,-0.036146775497775896,-0.22141102223756798,0.140333808812605,0.1376331300893611,0.24636367077414578,1.214381664048413,0.0
1.6616616616616617,0.285120771247962,0.32298373136995656,1.1958948310963715,0.05698181381429654,-0.04027188836416437,-0.20625564331942328,0.14046940589002643,0.1379240826080401,0.24909255266974545,1.215980854298209,0.0
1.6816816816816818,0.29143033658383977,0.3154782667938906,1.197236121229137,0.06706450663827346,-0.04398878293503402,-0.1858447285434823,0.1401944720928806,0.1377430313639819,0.2518116008178804,1.2175459386673815,0.0
1.7017017017017018,0.2975731269207184,0.30713951684393265,1.198771665449628,0.0767772110245542,-0.04736574210513962,-0.16884795850528067,0.13976076500298376,0.13745317991573333,0.25452070787518566,1.2190766700109659,0.0
1.7217217217217218,0.30353433813701597,0.2980605608148782,1.200490110142231,0.08592223463014191,-0.05032072054867524,-0.14774892217678082,0.13915509810058943,0.136940981933607,0.2572197668907532,1.2205728066087382,0.0
1.7417417417417418,0.30930097388733985,0.2883317875161929,1.2023742796539252,0.09420847558471493,-0.05294655165590328,-0.1312915553614024,0.1384181982101137,0.13635323346429687,0.2599086713103547,1.2220341122033862,0.0
1.7617617617617618,0.3148620112865997,0.2780518699629924,1.2044039842828553,0.1014852314465046,-0.05526527582550026,-0.1159362084798486,0.13778650398054407,0.13588247629713418,0.26258731498064786,1.2234603560378159,0.0
1.7817817817817818,0.3202076655687826,0.26728271410914634,1.206562362639882,0.10791891785134065,-0.05720423798287186,-0.09694810786857969,0.13670226473075245,0.13491399132159726,0.265255592153367,1.2248513128915928,0.0
1.8018018018018018,0.3253303106316628,0.25613225314400995,1.2088185420271773,0.11280896936476413,-0.058856532304166,-0.082614716064707,0.13585096803460497,0.13423669847544972,0.26791339748949833,1.226206763116505,0.0
1.8218218218218218,0.3302234500702575,0.24465697192973507,1.2111494751879806,0.11654665804015676,-0.060076968390151,-0.061021804299250304,0.13507797752422096,0.13353321834067122,0.2705606260634379,1.2275264926712488,0.0
1.8418418418418419,0.33488186802006853,0.2329208974905509,1.2135329429160149,0.11917338640171939,-0.06103474247433424,-0.047888704209161505,0.13413542933923622,0.1327641917575912,0.27319717336713456,1.2288102931552294,0.0
1.8618618618618619,0.33930229737387535,0.221021467690342,1.2159433456554205,0.12052013697028438,-0.06172501658852674,-0.034513705709624955,0.1332523998322453,0.13204799141783832,0.27582293531421515,1.2300579618414675,0.0
1.8818818818818819,0.3434824977399168,0.20901001830207133,1.218356806037015,0.1206730190797161,-0.0622334937700953,-0.025423859078428063,0.13243488325096833,0.1314505966467671,0.278437808244094,1.2312693017086145,0.0
1.901901901901902,0.3474211048432005,0.19693035516418425,1.2207522359088334,0.11977149359092343,-0.06250073541306925,-0.013362082148697168,0.13180524181766493,0.13099985156591348,0.2810416889260653,1.2324441214720627,0.0
1.921921921921922,0.35111719919792095,0.18480471773602325,1.2231135374034123,0.11806507472895057,-0.06254427524971343,-0.0021769918322087634,0.13118470654408165,0.13056517031202988,0.28363447456337826,1.233582235614153,0.0
1.941941941941942,0.3545707821840295,0.17267914930542697,1.2254250433572382,0.11557529769129696,-0.0623633269214161,0.00904741641486599,0.13051530074695689,0.1300752937931733,0.2862160627972954,1.2346834644134685,0.0
1.961961961961962,0.35778286461860254,0.16060412172865152,1.2276696022488418,0.1122279445801809,-0.062063075626609024,0.015012564740353684,0.12997715667641227,0.12978099576081337,0.2887863517111338,1.235747633973216,0.0
1.981981981981982,0.3607549565249415,0.14860459531694714,1.229834949176446,0.10826734638020517,-0.061552278882009474,0.025539837229977064,0.12951675312467573,0.12950237552546162,0.291345239834288,1.2367745762486861,0.0
2.002002002002002,0.36348898235338145,0.13670129142199747,1.2319102285563295,0.10376396899417374,-0.06090348832460902,0.03243952787002241,0.12903000475485313,0.1292396822260246,0.29389262614623657,1.2377641290737884,0.0
2.022022022022022,0.36598763400098955,0.12493258238040399,1.2338844796464146,0.09871255450425945,-0.06006211783762753,0.042068524349075195,0.12896142422020504,0.12905954246373336,0.2964284100805296,1.2387161361866608,0.0
2.042042042042042,0.3682537344040041,0.11330502015072771,1.2357541764312363,0.09348483924109023,-0.05940507032680894,0.03285237554092926,0.1280226772596993,0.12855120453807126,0.2989524915287594,1.239630447254344,0.0
2.062062062062062,0.37029181990581744,0.10190427509066691,1.2374981136776058,0.08719686231846815,-0.0586818462742097,0.036161202629961614,0.1278573900323301,0.1286670593534912,0.30146477084451234,1.2405069178965213,0.0
2.0820820820820822,0.37210446803742764,0.09063240658051092,1.2391157094412293,0.08087978818117496,-0.05776590293906504,0.045797166757233394,0.1276348201087594,0.12864030504215762,0.3039651488473027,1.2413454097083185,0.0
2.1021021021021022,0.3736947361294607,0.07951340460165382,1.2406034385750948,0.07438645669327801,-0.05673293444831654,0.05164842453742504,0.1273418829384051,0.12858536693285824,0.30645352682648824,1.2421457902821578,0.0
2.1221221221221223,0.3750664860049509,0.06858749377451186,1.2419563583287392,0.0676459876822174,-0.055615015989682916,0.05589592293168128,0.1270396627563396,0.12853834025716607,0.30892980654516716,1.2429079332286685,0.0
2.1421421421421423,0.3762239701237033,0.05787420593761879,1.2431695270947936,0.06065843830271378,-0.05432630394930645,0.06443560201882308,0.12679361531563643,0.12848561122207863,0.3113938902440563,1.2436317181966443,0.0
2.1621621621621623,0.3771717142208528,0.04738720485747567,1.2442387630479985,0.05346179766024465,-0.05284153383634934,0.07423850564785552,0.12657040271871842,0.12842792381798493,0.3138456806453503,1.2443170308920484,0.0
2.1821821821821823,0.37791491586842696,0.03716008237870685,1.2451601786273392,0.04607077896703507,-0.05128164509151985,0.07799443724147398,0.12631841561215196,0.12841102219000408,0.3162850809565622,1.2449637630960617,0.0
2.2022022022022023,0.3784594396084856,0.02722618700293231,1.245930096269626,0.03849588211434199,-0.04958712831426277,0.08472583886285419,0.12616356943160756,0.12844583862388512,0.3187119948743449,1.2455718126821722,0.0
2.2222222222222223,0.37881133370148484,0.01759470464996186,1.24654704642451,0.03084750774420152,-0.04779565391746567,0.08957371983985397,0.12603025666914733,0.1285165373589286,0.3211263265882922,1.2461410836323012,0.0
2.2422422422422423,0.3789770681617533,0.008286723013421907,1.2470104248418947,0.023168920869230517,-0.04584214000171219,0.09767569578767474,0.12601135508059302,0.12865124356799817,0.32352798078472217,1.246671486051967,0.0
2.2622622622622623,0.3789633814711958,-0.0006843345278758836,1.2473222740040872,0.015592458109630822,-0.043779205459395336,0.10314672711584293,0.12596615234471709,0.12877891793496132,0.3259168626504394,1.2471629361844785,0.0
2.2822822822822824,0.3787776260024851,-0.009287773435534833,1.247484159366886,0.008094268139939968,-0.04158033996111718,0.10994327491390735,0.12599637773662983,0.12895225622123863,0.32829287787647826,1.2476153564241628,0.0
2.3023023023023024,0.37842749373684037,-0.01750661328223787,1.2474994425563712,0.0007641594742632159,-0.039242638515835,0.11688507226410873,0.12609537796403478,0.12917757362460952,0.33065593266182597,1.2480286753286194,0.0
2.3223223223223224,0.3779211219924467,-0.02531858721968342,1.2473732784796179,-0.006308203837666708,-0.036759999392149245,0.12413195618428834,0.12626378508932526,0.1294513548492319,0.3330059337171258,1.248402827630002,0.0
2.3423423423423424,0.3772671648049762,-0.03269785937352479,1.2471125702029682,-0.013035413832484138,-0.034234318135887426,0.1262840628130904,0.12640346386518564,0.1297483966691331,0.33534278826835995,1.248737754245325,0.0
2.3623623623623624,0.3764748135067961,-0.03961756490900379,1.2467241406127025,-0.01942147951328528,-0.03161312614339872,0.13105959962443522,0.12663470973696592,0.1300886656921542,0.3376664040605122,1.2490334022857932,0.0
2.3823823823823824,0.3755534013245372,-0.04607060911294583,1.246216791788281,-0.025367441221083156,-0.028915412895133382,0.13488566241326683,0.12688126360628652,0.1304396167363285,0.3399766893612096,1.2492897250651536,0.0
2.4024024024024024,0.37451259525798497,-0.0520403033276101,1.2455996993953622,-0.030854619645940863,-0.026015690690574113,0.14498611022796365,0.1272530509767689,0.13081303889136112,0.3422735529643443,1.249506682107068,0.0
2.4224224224224224,0.3733623954293416,-0.0575099914321707,1.2448842101537563,-0.03577446208029973,-0.023007199167829086,0.15042457613725127,0.12767288618248485,0.13127155111064123,0.34455690419367424,1.2496842391515044,0.0
2.4424424424424425,0.3721136165101435,-0.06243894595990226,1.2440836366654136,-0.04002867441713076,-0.020028190058930133,0.1489504554449476,0.12790105534312637,0.13161228646218953,0.34682665290640247,1.2498223681601472,0.0
2.4624624624624625,0.3707775981025988,-0.06680092037723648,1.24320668777824,-0.0438474443586758,-0.016976540723993915,0.1525824667468108,0.12835500924018406,0.13209506026842413,0.3490827094967363,1.249921047320825,0.0
2.4824824824824825,0.3693654659213286,-0.07060660906351239,1.24226748458433,-0.04696015969550263,-0.01371462955027215,0.1630955586860882,0.1289541028694444,0.13260668214758814,0.3513249848994246,1.249980261050954,0.0
2.5025025025025025,0.3678887640388333,-0.07383509412476245,1.2412826976071503,-0.04923934885898644,-0.010431514139960655,0.164155770515575,0.12943880184155734,0.13309893908585432,0.35355339059327373,1.25,0.0
2.5225225225225225,0.366359957381019,-0.07644033289071565,1.2402669928642363,-0.05078523714569892,-0.007178907455051224,0.16263033424547146,0.1287386180932024,0.13267492589172167,0.35576783860464267,1.249980261050954,0.0
2.5425425425425425,0.36479194020167904,-0.07840085896699797,1.2392038706555757,-0.05315611043302448,-0.00361852519775867,0.1780191128646277,0.12891825816652183,0.13262130224323687,0.35796824151091555,1.249921047320825,0.0
2.5625625625625625,0.36319732014630746,-0.07973100276857935,1.2380953087579398,-0.055428094881787765,6.022092943215676e-06,0.1812273645350943,0.13031298152507978,0.13391277234492005,0.36015451244395347,1.2498223681601472,0.0
2.5825825825825826,0.3615897109679155,-0.08038045891959761,1.236981176845819,-0.055706595606039806,0.0037038100301435652,0.18488939686001743,0.13136052421797365,0.13481931238720088,0.3623265650935233,1.2496842391515044,0.0
2.6026026026026026,0.3599833134059055,-0.08031987810050015,1.23589044992037,-0.05453634627244871,0.00733482191587812,0.18155059428672762,0.13215173016542345,0.13553296243939375,0.3644843137107058,1.249506682107068,0.0
2.6226226226226226,0.35839273911885494,-0.07952871435252772,1.2348453949435088,-0.05225274884306254,0.010965258312436004,0.18152181982789417,0.13280396137282086,0.1360424709660922,0.36662767311128,1.2492897250651533,0.0
2.6426426426426426,0.3568324979701753,-0.07801205743398087,1.2338631429363422,-0.04911260035832938,0.014520495816458085,0.17776187520110417,0.13330890095466177,0.1364257377413878,0.36875655867908697,1.2490334022857932,0.0
2.6626626626626626,0.35531718356257264,-0.07576572038013356,1.2329567194155684,-0.0453211760386943,0.017928568128702402,0.17040361561221581,0.13363885975460826,0.13665886165517616,0.3708708863693696,1.248737754245325,0.0
2.6826826826826826,0.353861102331487,-0.07280406155428279,1.2321342844351815,-0.041121749019346426,0.021162700071968073,0.16170659716328328,0.13385222195270077,0.13678492039357043,0.37297057271209105,1.248402827630002,0.0
2.7027027027027026,0.3524779188219111,-0.06915917547879531,1.2314006442337861,-0.036682010069763564,0.02432378165015969,0.15805407890958123,0.13404556692582745,0.13680610199263038,0.3750555348152298,1.2480286753286194,0.0
2.7227227227227226,0.3511805962094178,-0.06486613062466723,1.2307587228380923,-0.03209606978469189,0.027438558855206636,0.15573886025234718,0.13421834730955637,0.1367652817996239,0.3771256903680519,1.2476153564241628,0.0
2.7427427427427427,0.349981813132942,-0.05993915382378635,1.230210186180523,-0.02742683287845959,0.030455613073257046,0.1508527109025204,0.13440355370504842,0.13674616811979656,0.37918095764436094,1.2471629361844785,0.0
2.7627627627627627,0.3488941215370931,-0.05438457979244683,1.2297571703728991,-0.022650790381194844,0.03325009023064553,0.13972385786942454,0.13440408749553892,0.1366106125137682,0.38122125550572394,1.246671486051967,0.0
2.7827827827827827,0.3479294992465253,-0.04823111452839215,1.2293973252414963,-0.017992256570146414,0.03589363662488036,0.13217731971174024,0.13444874201250875,0.13645475746570734,0.3832465034046749,1.2461410836323012,0.0
2.8028028028028027,0.34709904964406346,-0.0415224801230915,1.2291286469558202,-0.013433914283803916,0.03835935308688482,0.1232858231002233,0.134350855212094,0.13616040716301117,0.3852566213878946,1.2455718126821722,0.0
2.8228228228228227,0.34641313662854306,-0.03429565077602024,1.2289449616192478,-0.00918426682861922,0.04056346511337829,0.11020560132467373,0.13408449460591668,0.13574407483580134,0.3872515300993669,1.2449637630960617,0.0
2.8428428428428427,0.3458811865407297,-0.026597504390669144,1.2288357959198883,-0.005458284967972041,0.04252968829041184,0.09831115885167686,0.13385474854427024,0.13534410486259912,0.38923115078351167,1.2443170308920484,0.0
2.8628628628628627,0.3455115225845682,-0.01848319780807575,1.228791480807027,-0.0022157556430597177,0.04436482070126491,0.09175662054265407,0.13361602891395083,0.1348586367871251,0.39119540528829405,1.2436317181966443,0.0
2.8828828828828827,0.34531149475276957,-0.0100013915899302,1.2288009715793191,0.0004745386146068069,0.045939393252466036,0.07872862756005704,0.1332232509772397,0.13429911866454683,0.39314421606830946,1.2429079332286685,0.0
2.9029029029029028,0.34528770283158555,-0.0011895960591996463,1.2288498570044362,0.0024442712558501454,0.047278042319902576,0.06693245337182643,0.13281842672039287,0.1337130925847482,0.39507750618784515,1.2421457902821578,0.0
2.9229229229229228,0.34544561887345476,0.007895802093459319,1.2289231916294565,0.003666731251020309,0.04844422634614629,0.058309201312184845,0.13245713930713687,0.13312600169559585,0.39699519932391764,1.2413454097083185,0.0
2.942942942942943,0.34578978209835887,0.017208161245204148,1.2290066948293443,0.004175159994386656,0.04943936057751948,0.0497567115686597,0.13206671146096596,0.1325058897267955,0.3988972197692855,1.2405069178965216,0.0
2.962962962962963,0.3463239571666391,0.026708753414013034,1.2290851936842173,0.003924942743646024,0.05030135871700507,0.04309990697427995,0.13173744029648266,0.13191776817616915,0.40078349243543826,1.239630447254344,0.0
2.982982982982983,0.34705128975589,0.03636662946254532,1.229144922975067,0.002986464542486326,0.051009225024449156,0.035393315372204776,0.13143205534109675,0.13136055522877174,0.40265394285556094,1.2387161361866608,0.0
3.003003003003003,0.3479744487997458,0.0461579521927895,1.2291729517951904,0.0014014410061621875,0.05148310349492609,0.023693923523847138,0.13107522934382734,0.13080339749234446,0.4045084971874737,1.2377641290737884,0.0
3.023023023023023,0.34909540916453996,0.05604801823970676,1.22915561771649,-0.0008667039350198924,0.05176917503479585,0.014303576993486998,0.12992142208153432,0.12968944215820027,0.406347082216547,1.2367745762486861,0.0
3.043043043043043,0.35041423866507554,0.06594147502677936,1.22905927459537,-0.004817156056004898,0.05199267822020679,0.011175159270547925,0.1296318766585995,0.1290820921399519,0.40816962535859197,1.235747633973216,0.0
3.063063063063063,0.35193124276937227,0.07585020521483636,1.2288705961165949,-0.009433923938748302,0.05215003302208566,0.00786774009394309,0.1298556810245071,0.1289879161714586,0.4099760546627262,1.2346834644134685,0.0
3.083083083083083,0.353647319102484,0.08580381665558628,1.2285914556822817,-0.01395702171565905,0.05212346907744935,-0.0013281972318152507,0.12985920678648588,0.1287460514511745,0.4117662988142137,1.233582235614153,0.0
3.103103103103103,0.35556283310665665,0.09577570020863356,1.2282182957389771,-0.01865799716522443,0.051842364922705955,-0.014055207737170592,0.1297176140469786,0.12840967377864926,0.4135402871372809,1.2324441214720627,0.0
3.123123123123123,0.3576772204203652,0.10571936568542648,1.2277440501640813,-0.023712278744789587,0.0513729004987936,-0.023473221195617067,0.12953649053949992,0.1279976129882347,0.4152979495979063,1.2312693017086145,0.0
3.143143143143143,0.35998888716346805,0.1155833371551429,1.227159998703811,-0.029202573013504287,0.05068384754763641,-0.034452647557859324,0.12933145822850395,0.12759046202401006,0.41703921680658557,1.2300579618414675,0.0
3.163163163163163,0.3624955020396132,0.12533074380725814,1.2264571763378689,-0.035141118297112486,0.04979481021578393,-0.0444518665926249,0.12912862283939516,0.12718184053498116,0.4187640200210709,1.2288102931552294,0.0
3.183183183183183,0.36519392498174186,0.1349211471064326,1.2256266698529383,-0.04152532424652729,0.048686755942461045,-0.05540271366614364,0.1289551298323003,0.12682492834227385,0.4204722911490845,1.227526492671249,0.0
3.203203203203203,0.3680803260555844,0.1443200536921277,1.2246608006629316,-0.04829345950034172,0.04737095464234374,-0.06579006500586618,0.12882249275103128,0.12651394239325453,0.42216396275100754,1.2262067631165048,0.0
3.2232232232232234,0.3711501415570559,0.15349077507357664,1.2235532110306884,-0.055379481612160754,0.045822002794830806,-0.07744759237564638,0.12874008334666842,0.1262836962656005,0.4238389680425416,1.2248513128915928,0.0
3.2432432432432434,0.3743980837634764,0.16239711032102414,1.222299513183616,-0.06268489235361367,0.0441485038166236,-0.08367494891035973,0.12871874003023154,0.1260570975081758,0.4254972408973459,1.2234603560378159,0.0
3.2632632632632634,0.37781809228533864,0.17100042609311206,1.22089631035187,-0.07016014158731092,0.042293617604299,-0.09274431061622973,0.12876739236282464,0.12594805354025682,0.4271387158496476,1.2220341122033862,0.0
3.2832832832832834,0.38140379656893986,0.17928521418006074,1.2193429927720572,-0.07766587899064559,0.04017818278432896,-0.10577174099850205,0.12886423692210958,0.12595591993229938,0.42876332809682616,1.2205728066087382,0.0
3.3033033033033035,0.3851482237354406,0.18722135832503656,1.2176414127631359,-0.08507900044606648,0.03783542467045551,-0.11713790569367269,0.1290081251488465,0.12600985288071123,0.4303710135019718,1.2190766700109659,0.0
3.3233233233233235,0.3890434543882791,0.19476153264192264,1.2157948278608022,-0.09232924511668128,0.0353264138067689,-0.12545054318432977,0.12924442708124412,0.12613783623014854,0.4319617085964177,1.2175459386673815,0.0
3.3433433433433435,0.3930807579999934,0.20186518058571568,1.213808976184975,-0.09929258379136002,0.032772984621528355,-0.12767145926202736,0.12950691442174295,0.12622818945603356,0.433535350582245,1.215980854298209,0.0
3.3633633633633635,0.397250839336807,0.20850406684067885,1.2116894289159001,-0.10597736345374292,0.03001826228222345,-0.13773611696524518,0.12982736015005142,0.1264936217686188,0.43509187733476284,1.214381664048413,0.0
3.3833833833833835,0.4015442291688535,0.21466949160232623,1.209445190403714,-0.11221192560930131,0.02721299437024165,-0.1402633955990898,0.13018538524982334,0.12671839309643032,0.43663122740496,1.212748620448673,0.0
3.4034034034034035,0.4059507036646211,0.2203237247883784,1.2070852191440473,-0.11799856298333707,0.02430985353645447,-0.14515704168935886,0.13057984149853197,0.1270254933225016,0.4381533400219318,1.2110819813755038,0.0
3.4234234234234235,0.41045988118268983,0.22545887590343766,1.2046202101994956,-0.12325044722758029,0.021215154461521994,-0.15473495374662408,0.13100601101167664,0.12745037404701814,0.4396581550952781,1.2093820100105355,0.0
3.4434434434434436,0.4150609803105862,0.23005495639481852,1.2020630533877832,-0.12785784058562027,0.017950538955466295,-0.16323077530278501,0.1315152894182959,0.12796595899797514,0.44114561321747664,1.2076489747989532,0.0
3.4634634634634636,0.4197424501425128,0.23407349159633148,1.1994291981551188,-0.13169276163321544,0.01457685078052365,-0.16868440874713228,0.13202466945770439,0.12846965768776256,0.44261565566622757,1.205883149407107,0.0
3.4834834834834836,0.4244919861335412,0.23747679955141954,1.196733896400833,-0.1347650877142979,0.011145159405246415,-0.17158456876386163,0.13243726303866185,0.12886932275406057,0.44406822440677224,1.204084812679296,0.0
3.5035035035035036,0.42929673581840255,0.24023748424306676,1.1939893920461677,-0.1372252177332574,0.007661811027422595,-0.17416741889119108,0.1328470355901807,0.12928218617549983,0.4455032620941839,1.2022542485937369,0.0
3.5235235235235236,0.4341435630769263,0.24234136292618885,1.1912080423848188,-0.13906748306744598,0.00409581175928495,-0.17829996340688217,0.13457588585699773,0.13109035618956957,0.4469207120756319,1.2003917462177192,0.0
3.5435435435435436,0.4390193459692613,0.2437891446167497,1.1884423733802958,-0.1382834502261462,0.0004968185946163668,-0.17994965823342912,0.13485862713858285,0.13140495108585817,0.44832051839261794,1.198497599661959,0.0
3.5635635635635636,0.44391012737256275,0.24453907016507295,1.1857013168920998,-0.13705282440979488,-0.003211035570273642,-0.18539270824450044,0.1347313238807112,0.13139817626597614,0.4497026257831855,1.1965721080341547,0.0
3.5835835835835836,0.4488016894991854,0.24457810633113425,1.1829829191787555,-0.13591988566721222,-0.0068915013562451145,-0.18402328929857367,0.13504108097262973,0.13176114824794696,0.4510669796841014,1.1946155753917558,0.0
3.6036036036036037,0.4536794048075012,0.24388576541578935,1.1802971267062452,-0.13428962362551475,-0.010561214814520443,-0.18348567291376647,0.13522774560984765,0.13203303390379229,0.4524135262330098,1.1926283106939473,0.0
3.6236236236236237,0.4585287038894157,0.24246495409572533,1.1776506591679363,-0.1323233769154457,-0.014214245216455548,-0.18265152009675517,0.135499029155321,0.1324109517838478,0.4537422122705585,1.1906106277528619,0.0
3.6436436436436437,0.46333495209086495,0.24031241007246398,1.1750530070346312,-0.1298826066652563,-0.01776263071072836,-0.17741927471364044,0.13586382830565055,0.13284375194093892,0.45505298534249783,1.188562845184026,0.0
3.6636636636636637,0.46808355584593947,0.23743018775372668,1.1725158057935248,-0.12686006205532627,-0.02132144961153136,-0.17794094504015007,0.13606029614505433,0.1332105167522968,0.4563457937017514,1.1864852863560456,0.0
3.6836836836836837,0.47276025007246114,0.23383471132608236,1.1700471724791708,-0.123431665717699,-0.024775291817222413,-0.17269211028455297,0.1362357289130828,0.13350642093207768,0.45762058631045877,1.1843782793395434,0.0
3.7037037037037037,0.47735071114324307,0.22952305353909694,1.167653810856801,-0.11966808111848275,-0.028076481056760045,-0.165059461976881,0.13640692862207132,0.1337831079534522,0.45887731284199057,1.182242156855353,0.0
3.7237237237237237,0.48184103864240957,0.22451637495832422,1.1653420361597202,-0.11558873485404748,-0.031286067482531064,-0.1604793212885514,0.13646088514507124,0.1340078799923843,0.4601159236829352,1.1800772562219768,0.0
3.7437437437437437,0.48621795190035455,0.21884566289724824,1.1631156269203067,-0.11132046197067932,-0.03437215998226188,-0.1543046249865406,0.13636510473911334,0.13407126758424837,0.4613363699350574,1.1778839193023214,0.0
3.7637637637637638,0.4904686738101617,0.21253609549035754,1.1609737218160314,-0.107095255213764,-0.0373523853270349,-0.1490112672386506,0.13637358499186245,0.1342627563633646,0.462538603417229,1.1756624924497123,0.0
3.7837837837837838,0.49458076742004115,0.20560468049397274,1.1589188757645958,-0.1027423025717733,-0.040134311634850074,-0.1390963153907583,0.13619613426654587,0.13422905846436436,0.4637225766673307,1.1734133264532012,0.0
3.803803803803804,0.4985424958165219,0.19808641982403585,1.1569475343939866,-0.09856706853046723,-0.04280202430464716,-0.13338563348985455,0.13599307287543427,0.13423468860909854,0.46488824294412573,1.171136776482172,0.0
3.823823823823824,0.5023429199469988,0.19002120652384616,1.1550563434568657,-0.09455954685604512,-0.04537095010401808,-0.12844628996854568,0.1356686929765694,0.1341562438908074,0.46603555622910553,1.168833202030256,0.0
3.843843843843844,0.5059716501841913,0.18143651185962867,1.1532388978999557,-0.09087227784550204,-0.04770402060559853,-0.11665352507902245,0.1353937693776312,0.1340435599877394,0.467164471228306,1.166502966858563,0.0
3.863863863863864,0.5094187778422004,0.1723563829004499,1.1514890087200795,-0.08749445899381134,-0.049873729723919444,-0.10848545591604553,0.13501070825634007,0.1338786235614575,0.4682749433740962,1.1641464389382392,0.0
3.883883883883884,0.5126753994479754,0.16283108028875265,1.149798133431456,-0.08454376443117301,-0.0517344218656228,-0.09303460708516773,0.13457616825062196,0.13357160897856798,0.46936692882693704,1.1617639903923611,0.0
3.903903903903904,0.5157335054851353,0.15290530185799853,1.1481548781790745,-0.0821627626190717,-0.053353606034212644,-0.08095920842949313,0.13407961708002294,0.13324512855876128,0.4704403844771127,1.1593559974371725,0.0
3.923923923923924,0.5185864416376531,0.14264680762588802,1.1465466908483124,-0.08040936653810611,-0.05481225239580729,-0.07293231807973237,0.13355090374835002,0.13294338105255396,0.4714952679464322,1.1569228403226752,0.0
3.943943943943944,0.5212285084231457,0.1321033392746303,1.1449609490358355,-0.07928709062385175,-0.05603636266250536,-0.06120551333490371,0.1330305966917167,0.13260611462137972,0.4725315375899024,1.1544649032725836,0.0
3.963963963963964,0.5236547889919697,0.12131402844120158,1.1433846557270122,-0.0788146654411599,-0.05718418321503399,-0.05739102762643109,0.13247358747286125,0.13233924573662947,0.4735491524973721,1.1519825744236514,0.0
3.983983983983984,0.5258612210005544,0.11032160042923386,1.1418053576189953,-0.07896490540084523,-0.05816523983108512,-0.04905283080255671,0.13196078228204575,0.1320664773711036,0.4745480724951473,1.1494762457643797,0.0
4.004004004004004,0.5278440254882937,0.09914022438696098,1.1402111808241595,-0.07970883974179299,-0.058901831901233284,-0.03682960350740742,0.13145914128088806,0.13175534109721718,0.47552825814757677,1.1469463130731183,0.0
4.024024024024024,0.5296001230792057,0.0878048795456025,1.138589883361452,-0.08106487313537031,-0.05935542148344422,-0.022679479110547195,0.1308276460883706,0.1309957839356061,0.47648967075860943,1.144393175855567,0.0
4.044044044044044,0.5311279858424708,0.07639313816325609,1.1369207247556554,-0.08345793028983682,-0.05990588934856764,-0.02752339325617157,0.12994826467694637,0.13052368365351072,0.4774322723733215,1.141817237281689,0.0
4.064064064064064,0.5324270773076675,0.06495457325983635,1.1351836143436613,-0.08685552059970104,-0.06029757383282804,-0.01958422421301955,0.1297711699677888,0.1305993270254479,0.4783560257794153,1.139218904122047,0.0
4.084084084084084,0.5334954758427235,0.05341992675280048,1.1333769252482175,-0.09033445477218599,-0.060565969957614756,-0.013419806239336075,0.12947790177030785,0.13058336668067472,0.4792608945086879,1.1365985866835673,0.0
4.104104104104104,0.5343319970758649,0.041826061657070784,1.1314959938806302,-0.0940465683793737,-0.060592625005601905,-0.0013327523993568145,0.12910629536149754,0.13041221052976074,0.4801468428384715,1.1339566987447491,0.0
4.124124124124124,0.5349361780070393,0.030209046558721954,1.1295327316051968,-0.09816311377166681,-0.06039607412494627,0.009827544032782388,0.1287014480183839,0.1302176491750495,0.48101383579304297,1.1312936574903238,0.0
4.1441441441441444,0.5353085229821049,0.018617248753277867,1.1274782683851805,-0.10272316100081977,-0.059956749241071416,0.021966244193742365,0.1282748564563771,0.12998200436555157,0.48186183914500486,1.1286098834453766,0.0
4.1641641641641645,0.5354504427302885,0.007095987409185522,1.1253228567806333,-0.10777058022735798,-0.05926362005143857,0.034656459481641325,0.12789272507767177,0.12977625696568534,0.48269081941663694,1.1259058004089402,0.0
4.1841841841841845,0.5353642187583182,-0.004311198598518447,1.1230579042134383,-0.113247628359742,-0.05835100479967533,0.04563076258816201,0.1275458440468505,0.12961949060799893,0.4835007438812175,1.123181835387073,0.0
4.2042042042042045,0.5350529670051296,-0.015562587659426533,1.120676119968799,-0.1190892122319691,-0.05713528521520047,0.06078597922374396,0.1272878245683812,0.12948367660163562,0.48429158056431554,1.1204384185254288,0.0
4.2242242242242245,0.53452060194668,-0.026618252922475417,1.1181718837579109,-0.12521181054440467,-0.05573907009133077,0.06981075619348433,0.12700425853547787,0.12938735228191606,0.4850632982450529,1.1176759830413332,0.0
4.2442442442442445,0.533772105906554,-0.03742480200630131,1.1155398436511608,-0.13160200533750357,-0.05410398222628563,0.08175439325225725,0.1268604198276973,0.12937304262147242,0.48581586645733693,1.114894965155372,0.0
4.2642642642642645,0.5328129569924056,-0.047957445707419055,1.1127779594970453,-0.13809420770577024,-0.05223574669106705,0.09341177676092861,0.12677001420249773,0.12939816699352827,0.48654925549106326,1.1120958040225082,0.0
4.2842842842842845,0.5316495049983331,-0.05817259970362565,1.1098856063008458,-0.14461765980997382,-0.05025209697701486,0.09918248570260994,0.1265777938318267,0.12938674441197068,0.48726343639328856,1.1092789416627333,0.0
4.3043043043043046,0.5302890067056458,-0.06802491463436469,1.1068601480475553,-0.1512729126645239,-0.048044265668976086,0.11039156540193812,0.12660602417439115,0.1295132572841067,0.48795838096937366,1.1064448228912682,0.0
4.324324324324325,0.5287388758766596,-0.07750654144931472,1.103704259630126,-0.1577944208714595,-0.04556367414727117,0.12402957608524569,0.12680311994570298,0.12975244956144863,0.48863406178409674,1.103593895248321,0.0
4.344344344344345,0.5270072063853246,-0.08658347456675071,1.1004248086804593,-0.16397254748334303,-0.042849765871231224,0.1356954138019981,0.1270338703913747,0.13002434570841212,0.48929045216273603,1.1007266089284156,0.0
4.364364364364365,0.5251031668091813,-0.09520197880716351,1.0970296752065016,-0.16975667369788722,-0.04005387098719814,0.13979474420165422,0.12722821008865878,0.1303249033265033,0.48992752619212343,1.0978434167093005,0.0
4.384384384384385,0.5230368031070473,-0.10331818510670185,1.0935266410309437,-0.17515170877790234,-0.037157586793242894,0.14481420969776193,0.12759635794068877,0.13077942212151467,0.49054525872166704,1.0949447738804503,0.0
4.404404404404405,0.5208182753961365,-0.1109263855455411,1.0899283261148267,-0.17991574580584563,-0.034061652335676686,0.15479672287830987,0.1280229002319595,0.1312215618967557,0.49114362536434436,1.0920311381711694,0.0
4.424424424424425,0.518458211631091,-0.1180031882522722,1.0862480188296184,-0.1840153642604093,-0.030804594320092353,0.16285290077921669,0.1284788146453119,0.1316752754222436,0.49172260249766486,1.0891029696783128,0.0
4.444444444444445,0.5159680633898424,-0.12450741206243068,1.0824996106521105,-0.18742040887539718,-0.027437935614707185,0.1683329352692582,0.12895837439709093,0.13216847147718702,0.49228216726460267,1.0861607307936292,0.0
4.464464464464465,0.5133599392238812,-0.13040620829805857,1.0786979130084118,-0.1900848821849426,-0.023954596667939088,0.1741669473384054,0.12947627264026745,0.13266835473361102,0.492822297574499,1.0832048861307468,0.0
4.484484484484485,0.5106464453928354,-0.13567469155228867,1.0748583776912757,-0.19197676585680282,-0.020363248553784234,0.17956740570774257,0.1300188713619953,0.1331718449140648,0.493342972103934,1.0802359024518022,0.0
4.504504504504505,0.5078407249871534,-0.14028602028410297,1.0709968454479615,-0.1930766121657135,-0.0166673773695189,0.18479355921326682,0.1306695957981253,0.1337528893993851,0.4938441702975689,1.0772542485937369,0.0
4.524524524524525,0.5049564389994201,-0.14421429938666253,1.067131871191728,-0.1932487128116801,-0.012982008504849726,0.18426844323345862,0.1314320411346841,0.13450414151863793,0.49432587236895703,1.0742603953942587,0.0
4.544544544544545,0.5020076673126369,-0.14743858433916074,1.0632861450062712,-0.19228630927284138,-0.009261938742031057,0.18600348814093354,0.13197286909537836,0.13497717731465328,0.49478805930132547,1.071254815617494,0.0
4.564564564564565,0.4990087478799914,-0.1499459716322762,1.059474901070305,-0.1905621967983037,-0.005583316210488104,0.18393112657714777,0.13230307254315665,0.13526429099014228,0.4952307128483256,1.0682379838793312,0.0
4.584584584584585,0.49597430613662497,-0.1517220871683212,1.0557074480555484,-0.1883726507378329,-0.0019695342229936958,0.18068909937472039,0.132619992708572,0.13554024672832798,0.4956538155347533,1.0652103765724743,0.0
4.604604604604605,0.4929188297368719,-0.15277381998765235,1.0519926774068937,-0.18573853243273297,0.0016465281669995392,0.18080311949966174,0.1329671188272377,0.13578020409452454,0.49605735065723894,1.0621724717912135,0.0
4.624624624624625,0.48985664718785926,-0.1531091274506322,1.0483393408571688,-0.18266682748624696,0.005209431592040384,0.17814517125204232,0.13333325664707962,0.13605282158164753,0.49644130228490685,1.0591247492559313,0.0
4.644644644644645,0.48680213646910775,-0.15272553593757668,1.0447569037603117,-0.17912185484286042,0.008722589031112669,0.1756578719536141,0.1337046057338091,0.13630132879916676,0.4968056552600042,1.0560676902373454,0.0
4.664664664664665,0.48376958709889933,-0.1516274685104216,1.0412545003050364,-0.17512017276377068,0.012049871841247818,0.16636414050675757,0.13396252359587102,0.13651013547136942,0.49715039519849946,1.0530017774805136,0.0
4.684684684684685,0.4807730233611735,-0.14982818688629101,1.0378389467737783,-0.17077767656290746,0.01533753566724726,0.16438319129997214,0.13413228610890515,0.1365287555121926,0.4974755084906501,1.049927495128602,0.0
4.704704704704705,0.47782583039246734,-0.14735964843530913,1.0345128953454372,-0.1663025714170596,0.018431845896736347,0.15471551147445406,0.1342676691856427,0.13659010052265633,0.49778098230154,1.0468453286464312,0.0
4.724724724724725,0.4749411594448101,-0.14423354738286295,1.0312790796510503,-0.1616907847193536,0.021430086872228107,0.14991204877458827,0.134469111588772,0.136639620842767,0.49806680457158625,1.0437557647438191,0.0
4.744744744744745,0.4721314429479802,-0.14048582484149272,1.0281410073855746,-0.15690361327378233,0.02431803098215552,0.1443972054963707,0.13459550425061567,0.136601741493445,0.49833296401701493,1.040659291298721,0.0
4.764764764764765,0.4694087178733557,-0.1361362537312243,1.0250997495593048,-0.1520628913134914,0.027031237447386246,0.1356603232615356,0.13475219910899267,0.13663574741757606,0.49857945013030697,1.0375563972801893,0.0
4.784784784784785,0.46678455678840125,-0.13120805424772278,1.0221578651492307,-0.14709422050370774,0.02966678743083043,0.13177749917220913,0.1346350723876411,0.13630827243490062,0.4988062531806126,1.0344475726711595,0.0
4.804804804804805,0.4642696316751876,-0.12574625566068182,1.01930848982585,-0.14246876616903295,0.032169391729030286,0.12513021490999304,0.13471470403666483,0.1361908885838037,0.4990133642141358,1.031333308391076,0.0
4.824824824824825,0.4618744676792994,-0.11975819979440913,1.0165507646785013,-0.1378862573674394,0.03445049843070144,0.11405533508355795,0.13458941472880603,0.13593472349211638,0.4992007750544875,1.0282140962183703,0.0
4.844844844844845,0.45960885582532385,-0.11328059269877833,1.01387873096325,-0.13360168576256856,0.036539381733079884,0.10444416511892156,0.13445337662039628,0.1356331579893366,0.49936847830300873,1.0250904287128038,0.0
4.864864864864865,0.4574816434972127,-0.10636061640555564,1.0112856050426031,-0.12965629603233864,0.03843675651662428,0.09486873917722012,0.13415839547734457,0.13517034139027284,0.49951646733906235,1.0219627991376858,0.0
4.884884884884885,0.45550071360385996,-0.09904649466763668,1.0087598711651402,-0.12628669387314187,0.04012810949854885,0.08456764909622852,0.13405648920586558,0.13489710062928484,0.4996447363202946,1.0188317013819832,0.0
4.904904904904905,0.4536733362646984,-0.09136886695807671,1.0062956919601922,-0.12320896024740306,0.041637703019544975,0.07547967604980606,0.13382136896753802,0.13447842032679588,0.4997532801828658,1.0156976298823284,0.0
4.924924924924925,0.4520057868109073,-0.08337747268955618,1.0038831246274909,-0.12062836663506873,0.04295679500916746,0.0659545994811243,0.13363327855664023,0.1341045497578233,0.49984209464164997,1.0125610795449425,0.0
4.944944944944945,0.45050365822420707,-0.07510642933501298,1.0015136057915723,-0.11847594179592165,0.04404652165415396,0.05448633224932545,0.13332305651036366,0.13362465199915793,0.4999111761904045,1.0094225456674837,0.0
4.964964964964965,0.44917162372692665,-0.0666017248640198,0.9991752195321723,-0.11691931297000659,0.04487220557927847,0.041284196256225876,0.13319506300753203,0.13333632040675336,0.49996052210190806,1.0062825238608344,0.0
4.984984984984985,0.4480135849954189,-0.05790193657538775,0.9968616166352545,-0.11568014484588743,0.045561686221980875,0.03447403213511996,0.13283648262429518,0.1327507757925036,0.49999013042806856,1.003141509970838,0.0
5.005005005005005,0.4470321409556173,-0.04907220199008155,0.9945586792396163,-0.11514686978191115,0.045993067609674865,0.021569069384698943,0.13249607190693868,0.1322584550479214,0.5,1.0,0.0
5.025025025025025,0.446229287143047,-0.04014269062851311,0.9922539607604586,-0.11523592395788243,0.046338055706061,0.017249404819306063,0.13209837110854797,0.13226838785984005,0.49999013042806856,0.9968584900291618,0.0
5.045045045045045,0.4456064474375258,-0.031141985276059013,0.9899416451334815,-0.11561578134885306,0.04692677774378613,0.02943610188625781,0.13094218593187443,0.13061820969138263,0.49996052210190806,0.9937174761391656,0.0
5.065065065065065,0.4451629466805305,-0.022175037849763234,0.9875801388785229,-0.11807531274792599,0.047552853768667386,0.03130380124406232,0.13139777172495912,0.13069002841527133,0.4999111761904045,0.9905774543325163,0.0
5.085085085085085,0.4449013945593192,-0.013077606060565268,0.9851771404513558,-0.12014992135835197,0.04797643471212559,0.021179047172910075,0.13150214628072296,0.13055964207973833,0.49984209464164997,0.9874389204550577,0.0
5.105105105105105,0.4448240849033994,-0.0038654827959890524,0.9827321501345437,-0.12224951584060795,0.04822933402643272,0.012644965715356555,0.13143515562024882,0.130241102030656,0.4997532801828658,0.9843023701176715,0.0
5.125125125125125,0.444932293473518,0.005410428505927763,0.9802393844144855,-0.12463828600291109,0.04828504399763554,0.0027854985601413525,0.13135463627816124,0.12991828427870092,0.4996447363202946,0.9811682986180168,0.0
5.145145145145145,0.44522666648983605,0.014718650815904923,0.9776928277326178,-0.12732783409338636,0.048032837297233656,-0.012610335020093882,0.1311601879590471,0.12956484061967338,0.49951646733906235,0.9780372008623143,0.0
5.165165165165165,0.44570696200818277,0.02401477591733526,0.97508436222898,-0.13042327518189167,0.047466943085701,-0.028294710576633304,0.1309365428404303,0.1291961246338685,0.49936847830300873,0.9749095712871964,0.0
5.185185185185185,0.44637172337256764,0.033238068219244306,0.9724052692019777,-0.13395465135011644,0.046585804603911624,-0.044056924089468645,0.13070903806369,0.12884167142269923,0.4992007750544875,0.9717859037816297,0.0
5.205205205205205,0.44721831083505686,0.04232937312446012,0.969647040858593,-0.13791141716923203,0.04538297286015085,-0.060141587188038595,0.1305155813194937,0.1285448239006715,0.4990133642141358,0.9686666916089239,0.0
5.225225225225225,0.4482429188134679,0.051230398920551874,0.9668025805862205,-0.14222301361862383,0.043927459211262024,-0.07277568244444177,0.1303850948211144,0.12828538310565016,0.4988062531806126,0.9655524273288405,0.0
5.245245245245245,0.4494406450051231,0.05988630958276053,0.9638663298389696,-0.146812537362546,0.04216577197436403,-0.08808436184490018,0.13033603663681878,0.12816075837336305,0.49857945013030697,0.9624436027198108,0.0
5.265265265265265,0.4508057072089527,0.06825311019148003,0.9608359670117581,-0.15151814136057584,0.04021362711044789,-0.09760724319580609,0.13030129555608985,0.12799667927408387,0.49833296401701493,0.9593407087012791,0.0
5.285285285285285,0.4523311622936914,0.07627275423693658,0.9577088395639064,-0.15635637239258696,0.03810850591950607,-0.10525605954709144,0.1304128101973419,0.12797213194835627,0.49806680457158625,0.956244235256181,0.0
5.305305305305305,0.45400960541746216,0.08392215618853677,0.9544865424646176,-0.1611148549644415,0.0357228092242118,-0.11928483476471356,0.1305440192694055,0.1280679603504001,0.49778098230154,0.9531546713535689,0.0
5.325325325325325,0.45583303365537986,0.09117141189588504,0.9511727522787773,-0.16568950929201487,0.033168042310370044,-0.12773834569208828,0.13078025723376524,0.12822250280783629,0.4974755084906501,0.9500725048713982,0.0
5.345345345345345,0.45779250662097315,0.09797364827966407,0.9477735919956137,-0.16995801415817816,0.030396573776452974,-0.13857342669585332,0.13108117606544795,0.12849343716337655,0.49715039519849946,0.9469982225194864,0.0
5.365365365365365,0.45987844577629394,0.10429695776603941,0.9442978664507037,-0.17378627724550147,0.027492047822242877,-0.145226297710505,0.13140192993411928,0.1287533110272777,0.4968056552600042,0.9439323097626547,0.0
5.385385385385385,0.4620804228630449,0.11009885433754844,0.9407545122358185,-0.17716771074425933,0.024466497956314573,-0.15127749329641516,0.13181014700824914,0.1291061826753917,0.49644130228490685,0.9408752507440689,0.0
5.405405405405405,0.4643875274895823,0.11535523132687031,0.9371551244499247,-0.17996938929469317,0.021323570696477088,-0.15714636299187437,0.13214536906486118,0.12941229923462896,0.4960573506572389,0.9378275282087862,0.0
5.425425425425425,0.4667882982438968,0.12003853771572467,0.9335095053566113,-0.18228095466566832,0.018037145510130463,-0.1643212593173313,0.1325989602110292,0.1298783302661067,0.4956538155347533,0.9347896234275258,0.0
5.445445445445445,0.46927085021089565,0.12412759834994373,0.9298315546962768,-0.18389753301672235,0.014609200491723175,-0.17139725092036434,0.13314700315853029,0.13046459822575154,0.4952307128483256,0.9317620161206687,0.0
5.465465465465465,0.4718226589611725,0.12759043751384222,0.9261383258289763,-0.18466144336502474,0.011152972410762222,-0.17281140404804773,0.13349747207277296,0.1308004592576047,0.4947880593013255,0.9287451843825061,0.0
5.485485485485485,0.4744305224534695,0.13039317461485045,0.9224402040349337,-0.18490608970213096,0.007585887145777191,-0.17835426324925147,0.1339269871752114,0.13129488833656264,0.494325872368957,0.9257396046057412,0.0
5.505505505505505,0.4770810064461755,0.13252419963530054,0.9187510508389384,-0.18445765979976483,0.004049696401549771,-0.17680953721137097,0.13438400502223163,0.13174304829331251,0.4938441702975689,0.9227457514062631,0.0
5.525525525525525,0.47976018005756965,0.13395868056970697,0.9150844072151006,-0.1833321811918868,0.0005595866445344582,-0.17450548785076567,0.1343394524674254,0.13126363895414275,0.493342972103934,0.9197640975481977,0.0
5.545545545545545,0.48245408167799253,0.13469508102114425,0.9114325919390223,-0.1825907638039183,-0.003261147444281633,-0.19103670444080453,0.13388227777348272,0.13110983422063677,0.492822297574499,0.9167951138692534,0.0
5.565565565565565,0.4851489915506449,0.13474549363261878,0.907786585114865,-0.18230034120786287,-0.007210581964590751,-0.19747172601545596,0.13513984985611135,0.13254159288610334,0.49228216726460267,0.9138392692063707,0.0
5.585585585585585,0.4878297976708922,0.13404030601236325,0.9041862082068017,-0.18001884540316504,-0.01118814467019681,-0.1988781352803029,0.13600522390545075,0.13355053588106094,0.49172260249766486,0.9108970303216873,0.0
5.605605605605605,0.4904806337929461,0.13254180610269498,0.9006591461487976,-0.17635310290020612,-0.015079837598697467,-0.19458464642503281,0.13661027409915835,0.13425714182896886,0.4911436253643443,0.9079688618288304,0.0
5.625625625625625,0.49308543213281797,0.13023991699359277,0.897224683546309,-0.17172313012443138,-0.018869749436395043,-0.18949559188487877,0.13694726402499544,0.13469539140881928,0.49054525872166704,0.9050552261195497,0.0
5.645645645645645,0.49562842768760756,0.12714977773947994,0.8938940990185638,-0.16652922638726367,-0.022525291522162018,-0.18277710428834898,0.13705974636679744,0.13492887669853135,0.48992752619212343,0.9021565832906995,0.0
5.665665665665665,0.4980943066669492,0.12329394896708235,0.8906722582146,-0.16109204019818255,-0.02601303333798876,-0.17438709079133702,0.1373822771556952,0.1353617017181554,0.48929045216273603,0.8992733910715844,0.0
5.685685685685685,0.5004680973286851,0.11868953308679418,0.8875700439022676,-0.15511071561662332,-0.029263524834743274,-0.16252457483772564,0.13747565598748085,0.1355316421287996,0.48863406178409674,0.896406104751679,0.0
5.7057057057057055,0.5027356627518436,0.1133782711579212,0.8845910138021096,-0.14895150500789897,-0.03231293206305934,-0.1524703614158033,0.13711786158011374,0.1353059430318911,0.4879583809693737,0.8935551771087318,0.0
5.7257257257257255,0.5048841907131666,0.10742639806615227,0.8817261639589012,-0.1432424921604172,-0.03519216421647295,-0.14396160767068025,0.1370304242854961,0.13539541864135926,0.4872634363932886,0.8907210583372669,0.0
5.7457457457457455,0.5069013878998337,0.10085985933335524,0.8789751456994844,-0.13755091297084351,-0.037780162377489476,-0.12939990805082657,0.13713549089122373,0.135581267018087,0.4865492554910633,0.887904195977492,0.0
5.7657657657657655,0.5087755733424008,0.0937092721283498,0.8763418740632448,-0.13166358181198223,-0.04016045451310308,-0.11901460678068088,0.1367256890755269,0.13532053143113462,0.485815866457337,0.8851050348446281,0.0
5.7857857857857855,0.5104967023264898,0.08605644920445014,0.8738160408311781,-0.1262916616033327,-0.04226759477621218,-0.1053570131554547,0.1365125994652972,0.13521294779653117,0.4850632982450529,0.8823240169586668,0.0
5.8058058058058055,0.5120554152136528,0.07793564435815033,0.8713925253590059,-0.12117577360861334,-0.04408130412266499,-0.09068546732264053,0.13627970234416698,0.13505253357033467,0.4842915805643156,0.8795615814745712,0.0
5.8258258258258255,0.5134435848795783,0.06940848329627414,0.8690651565202021,-0.11636844194019243,-0.04571851707638346,-0.0818606476859238,0.13587776487065284,0.1348088774980564,0.4835007438812175,0.876818164612927,0.0
5.8458458458458455,0.5146543849858096,0.060540005311564865,0.866824064585676,-0.11205459672630685,-0.047116088049568794,-0.06987854865926635,0.135490483511423,0.13454056543202852,0.48269081941663694,0.8740941995910598,0.0
5.865865865865866,0.5156817591484987,0.05136870813445367,0.8646592525173412,-0.10824060341673485,-0.048279659715955575,-0.05817858331933888,0.13526471694527892,0.1344257641454187,0.48186183914500486,0.8713901165546234,0.0
5.885885885885886,0.5165204263722354,0.04193336118683594,0.8625654210422165,-0.10469157375624082,-0.04923345983234055,-0.047690005819248885,0.13472447631834178,0.13402333605209288,0.48101383579304297,0.8687063425096762,0.0
5.905905905905906,0.5171665087589052,0.032304119333492747,0.8605283993098434,-0.10185108661865229,-0.050022048784986256,-0.03942944763228533,0.13430765196948186,0.13375649226275,0.48014684283847153,0.8660433012552509,0.0
5.925925925925926,0.5176167657931373,0.022512851711606163,0.8585378860961844,-0.09952566068294616,-0.050616812555406905,-0.02973818852103225,0.1339758988389202,0.13355978319823547,0.479260894508688,0.8634014133164327,0.0
5.945945945945946,0.5178685468748796,0.012589054087115227,0.8565859067672017,-0.09759896644913511,-0.05105328225304916,-0.02182348488211306,0.13352994434053814,0.13329061604704195,0.4783560257794152,0.860781095877953,0.0
5.965965965965966,0.5179200964656739,0.002577479539717757,0.8546617619269229,-0.09620724201394143,-0.05129487861133542,-0.012079817914313442,0.13316196707968422,0.13306837888081366,0.47743227237332153,0.858182762718311,0.0
5.985985985985986,0.5177702109849671,-0.007494274035338637,0.8527566313817277,-0.09525652725975871,-0.051346693866654254,-0.0025907627659415983,0.13276978045500848,0.1328211021940863,0.4764896707586094,0.855606824144433,0.0
6.006006006006006,0.5174184869550595,-0.017586201495379337,0.8508610053194078,-0.09478130311599962,-0.05119607468216336,0.00753095922454554,0.13249207894886192,0.13267326907492613,0.4755282581475768,0.8530536869268818,0.0
6.026026026026026,0.516865149979884,-0.027666848758777837,0.8489685773734394,-0.09462139729841793,-0.05091285675427997,0.01416089639416956,0.13243231597082603,0.1322223965934161,0.4745480724951473,0.8505237542356203,0.0
6.046046046046046,0.5161112586864904,-0.0376945646696756,0.8470718228093334,-0.09483772820530427,-0.0509418471000357,-0.0014495172877867918,0.13149480455247828,0.13176016812260524,0.4735491524973721,0.8480174255763486,0.0
6.066066066066066,0.5151590544898316,-0.04761020983294556,0.8451500882787684,-0.09608672652825168,-0.05102845041059089,-0.004330165527759277,0.1314497586413492,0.13205739854112858,0.4725315375899024,0.8455350967274163,0.0
6.086086086086086,0.5140083095654727,-0.05753724621794293,0.843207099246302,-0.09714945162331692,-0.05102102147220185,0.0003714469194523425,0.1313346560564625,0.13219417945692932,0.47149526794643226,0.8430771596773249,0.0
6.106106106106106,0.5126587420745111,-0.06747837454808035,0.8412431592246106,-0.09819700108457326,-0.05083453961525881,0.0093240928471525,0.13112871778784088,0.13218760477309396,0.4704403844771127,0.8406440025628275,0.0
6.126126126126126,0.5111105881574565,-0.07740769585273057,0.8392551254498173,-0.09940168873966554,-0.05038395406982977,0.022529277271451077,0.1309124504716705,0.13210012266109594,0.46936692882693704,0.8382360096076389,0.0
6.146146146146146,0.5093648888580214,-0.0872849649717516,0.8372385407755054,-0.10082923371559209,-0.04970384169695748,0.03400561864361478,0.13065246666519992,0.13197408130779362,0.46827494337409614,0.8358535610617609,0.0
6.166166166166166,0.5074237185004984,-0.09705851787615183,0.8351877823843725,-0.1025379195566452,-0.04873836742883453,0.04827371340614737,0.13046302772673668,0.1318672754376461,0.46716447122830607,0.8334970331414371,0.0
6.186186186186186,0.5052900305086522,-0.10668439959230937,0.8330985992532586,-0.1044591565556957,-0.04756857272032869,0.05848973542529233,0.13026638110357036,0.13179300533104854,0.46603555622910553,0.8311667979697439,0.0
6.206206206206206,0.5029678632655386,-0.11610836215568159,0.8309671671796324,-0.10657160368131009,-0.046247205954175113,0.06606833830767798,0.13006195595590006,0.1317351787863625,0.4648882429441257,0.8288632235178278,0.0
6.226226226226226,0.50046199711028,-0.1252933077629232,0.8287898239557037,-0.10886716119643387,-0.04474927487484043,0.07489655396673392,0.1299793600973164,0.13177300867757274,0.4637225766673307,0.8265866735467988,0.0
6.246246246246246,0.49777762546944404,-0.13421858204180184,0.8265661474006327,-0.1111838277535456,-0.04304494745019621,0.08521637123221089,0.1299442382117365,0.1318313048508349,0.462538603417229,0.8243375075502878,0.0
6.266266266266266,0.4949205442850533,-0.14285405921953853,0.8242967446877744,-0.1134701356429188,-0.04106992784535188,0.09875098024221682,0.1300140315956334,0.13192160307725279,0.46133636993505744,0.8221160806976787,0.0
6.286286286286286,0.4918973615641902,-0.15115913604315306,0.821984275399022,-0.11562346443762175,-0.03897417145482095,0.10478781952654666,0.12997721249064328,0.13199269657304627,0.4601159236829352,0.8199227437780232,0.0
6.306306306306306,0.4887157415792595,-0.1590809992465365,0.8196295691130776,-0.11773531429721956,-0.03671144525155653,0.11313631016322065,0.13008667486732056,0.13216929678546388,0.4588773128419906,0.8177578431446472,0.0
6.326326326326326,0.4853837148738834,-0.16660133526880785,0.817237186016531,-0.1196191548273355,-0.03433215011603429,0.11896475677611167,0.13004159777190083,0.1321781859305072,0.45762058631045877,0.8156217206604565,0.0
6.346346346346346,0.48191013671141214,-0.17367890812356143,0.8148069229612366,-0.12151315276472105,-0.03186829678278322,0.12319266666255371,0.13032290511790343,0.13253167425511697,0.45634579370175143,0.8135147136439544,0.0
6.366366366366366,0.47830393717420105,-0.18030997686055547,0.8123485070422116,-0.12292079595124943,-0.029282117933827435,0.12930894244778995,0.1305470254055936,0.13279778993849056,0.45505298534249783,0.811437154815974,0.0
6.386386386386386,0.47457454174336783,-0.18646977154166222,0.8098695148520644,-0.1239496095073601,-0.026640895309689126,0.132061131206915,0.13076243882397395,0.1330553656243153,0.45374221227055844,0.809389372247138,0.0
6.406406406406406,0.4707318496720791,-0.1921346035644373,0.8073772590802877,-0.12461278858883641,-0.023935872103775232,0.1352511602956946,0.13127113029869059,0.13363000105584416,0.45241352623300973,0.8073716893060527,0.0
6.426426426426427,0.46678576219325374,-0.19730437394126654,0.8048880719278748,-0.12445935762064192,-0.021124107605244014,0.140588224926561,0.13150152731058876,0.13385546386727934,0.4510669796841015,0.8053844246082442,0.0
6.446446446446447,0.46274672234090786,-0.20195199261729338,0.8024089733658444,-0.12395492810152066,-0.018192120344307037,0.14659936304684912,0.13184022742570062,0.13414550443587667,0.4497026257831855,0.8034278919658452,0.0
6.466466466466467,0.4586256022096954,-0.20605600656062334,0.7999495250103045,-0.12297241777699366,-0.015201268733929836,0.1495425805188598,0.13227287614689687,0.1345345082815201,0.448320518392618,0.8015024003380412,0.0
6.486486486486487,0.4544337766380048,-0.20959127858452953,0.7975221245845651,-0.12137002128697122,-0.01225030771374459,0.14754805100926202,0.1325678554169727,0.13484963110918557,0.44692071207563194,0.7996082537822808,0.0
6.506506506506507,0.4501829174515379,-0.21254295932334857,0.7951360069720965,-0.1193058806234246,-0.009300476729969384,0.14749154918876042,0.13285999196465056,0.13511805532537366,0.44550326209418395,0.7977457514062631,0.0
6.526526526526527,0.4458846034903196,-0.21491569806091296,0.7927996366159757,-0.11681851780603787,-0.006351073070669317,0.14747018296500333,0.1316120408510381,0.13461045326065638,0.4440682244067723,0.795915187320704,0.0
6.546546546546547,0.4415508301483044,-0.2166886671007608,0.7904871326335229,-0.11562519912264489,-0.0028706094673271953,0.17402318016710602,0.13090569346866135,0.13346223375205202,0.4426156556662276,0.7941168505928932,0.0
6.566566566566567,0.43719340158783443,-0.21787142802349788,0.7881711115466138,-0.11580105434545403,0.0007967179981902929,0.1833663732758744,0.13307257150252608,0.1353903255928467,0.44114561321747664,0.7923510252010468,0.0
6.586586586586587,0.4328257430870577,-0.218382925038837,0.7859123021778599,-0.11294046843769384,0.004513772442745309,0.18585272222775082,0.13412036470449015,0.13623739517853908,0.4396581550952781,0.7906179899894645,0.0
6.606606606606607,0.4284624429844556,-0.21816500513010267,0.78373879168432,-0.10867552467699304,0.00815517119514296,0.18206993761988252,0.1349821358671046,0.1369520123705482,0.43815334002193174,0.7889180186244962,0.0
6.626626626626627,0.42411846210219506,-0.2171990441130286,0.781673894198631,-0.10324487428445502,0.01165713244111424,0.17509806229856384,0.13562568465544933,0.1374806310197762,0.43663122740496013,0.7872513795513271,0.0
6.646646646646647,0.41980858022252404,-0.2154940939835515,0.779734881661233,-0.09695062686990014,0.014979670819832796,0.16612691893592793,0.1358325828688321,0.13757832681716095,0.43509187733476273,0.7856183359515869,0.0
6.666666666666667,0.4155470005419399,-0.21307898402920838,0.7779261259114615,-0.0904377874885737,0.01806617802613212,0.154325360314966,0.1359669769907556,0.13764607288676767,0.43353535058224507,0.7840191457017912,0.0
6.686686686686687,0.41134718922166036,-0.20999056601397664,0.776250442048532,-0.08378419314647458,0.02092045106045297,0.1427136517160425,0.13596997842423333,0.1375530650715802,0.4319617085964177,0.7824540613326185,0.0
6.706706706706707,0.4072215948983004,-0.20627971616799745,0.7747062901493953,-0.0772075949568362,0.023524170947748536,0.1301859943647783,0.13595348272753435,0.1374585096010796,0.4303710135019718,0.7809233299890341,0.0
6.726726726726727,0.403181726449206,-0.20199342245471769,0.7732917999249799,-0.07072451122077089,0.02584864379837107,0.11622364253112687,0.13571224606826984,0.13715383627963113,0.4287633280968261,0.7794271933912617,0.0
6.746746746746747,0.39923788304822927,-0.19719217004883802,0.7719986517096048,-0.06465741076875163,0.027927072405054328,0.10392143033416287,0.13547809856628787,0.13682594431321332,0.4271387158496476,0.7779658877966138,0.0
6.766766766766767,0.3953991878628961,-0.19193475926665987,0.7708182898297341,-0.05901809399353396,0.029769212885575543,0.09210702402606089,0.13538603720022982,0.13663264793492494,0.425497240897346,0.7765396439621841,0.0
6.786786786786787,0.39167383227856795,-0.1862677792164061,0.7697462629933605,-0.053601341818684346,0.03140341116818609,0.08170991413052751,0.13512486541316263,0.1362535121929031,0.4238389680425417,0.7751486871084073,0.0
6.806806806806807,0.3880689187129518,-0.18024567828080731,0.7687728752371069,-0.04866938781267864,0.03279011239094298,0.06933506113784493,0.134836240495723,0.13585931938179402,0.4221639627510076,0.7737932368834952,0.0
6.826826826826827,0.3845906077601102,-0.17391554764207912,0.7678878148046065,-0.04425302162501665,0.03397808990106963,0.05939887550633172,0.13467858434726196,0.13558632655692637,0.4204722911490846,0.7724735073287511,0.0
6.846846846846847,0.3812441869270328,-0.16732104165386946,0.7670845266781564,-0.04016440632250544,0.03496741097350203,0.049466053621620695,0.13428354350368363,0.1350856749382085,0.4187640200210709,0.7711897068447706,0.0
6.866866866866867,0.3780339112775102,-0.16051378247613163,0.7663495902345692,-0.03674682217935981,0.03574567106386185,0.0389130045179906,0.1340584143509879,0.1347436853405772,0.4170392168065856,0.7699420381585325,0.0
6.886886886886887,0.37496337081293346,-0.15352702322883532,0.7656744727777473,-0.03375587284109388,0.03631177942131875,0.028305417872845167,0.13384999364837144,0.13443968553551508,0.41529794959790634,0.7687306982913855,0.0
6.906906906906907,0.37203533502850294,-0.14640178922152475,0.7650514781870426,-0.031149729535236887,0.03667336527016803,0.01807929244246416,0.13361677203891864,0.13409047741735092,0.41354028713728086,0.7675558785279372,0.0
6.926926926926927,0.36925165757563894,-0.13918387264319965,0.7644719025115536,-0.028978783774447982,0.03685877447628021,0.009270460305608429,0.1336247081943238,0.13395288741918102,0.4117662988142138,0.766417764385847,0.0
6.946946946946947,0.3666136187245152,-0.1319019425561856,0.7639337739241606,-0.02690642936965192,0.03687350730992967,0.0007366416824736953,0.13343885593220445,0.13361067397073315,0.40997605466272613,0.7653165355865315,0.0
6.966966966966967,0.3641215890092526,-0.12460148576312832,0.7634292475263792,-0.025226319889072986,0.03670425563975375,-0.008462583508796487,0.13337340780830145,0.13338641688372554,0.408169625358592,0.7642523660267839,0.0
6.986986986986987,0.3617753980493774,-0.11730954799376048,0.7629540321582577,-0.023760768406073347,0.03632784471496988,-0.01882054623919359,0.13301659226808948,0.13293685746562553,0.40634708221654703,0.763225423751314,0.0
7.007007007007007,0.35957388040622573,-0.11007588215758428,0.7624962141721294,-0.0228908993064184,0.03575648025534991,-0.028568222980998474,0.13278064269180234,0.13260280190479834,0.4045084971874737,0.7622358709262116,0.0
7.027027027027027,0.35751513981982147,-0.10293702932021231,0.7620474087631263,-0.022440270450157854,0.03506978891422008,-0.034334567056491516,0.1318087395940939,0.13206384903718643,0.402653942855561,0.7612838638133392,0.0
7.047047047047047,0.3555960789635337,-0.09595304281438954,0.7615853281339146,-0.02310403146058593,0.03469088527478466,-0.01894518197177051,0.13206065253335098,0.13190282362405695,0.40078349243543826,0.760369552745656,0.0
7.067067067067067,0.35381399984547596,-0.08910395590288508,0.7611114129826441,-0.023695757563523982,0.03438108976877339,-0.01548977530056389,0.13227228442713304,0.13183081251859097,0.3988972197692855,0.7594930821034784,0.0
7.087087087087087,0.35216744881653167,-0.08232755144721422,0.760627782193648,-0.024181539449800036,0.03397877911500256,-0.020115532688541663,0.13236262744841765,0.1317370174443682,0.39699519932391764,0.7586545902916815,0.0
7.107107107107107,0.3506550651038775,-0.07561918563270842,0.7601344265089891,-0.02466778423294554,0.033553024482795006,-0.02128773161037744,0.13244088899804132,0.1315832484547007,0.39507750618784515,0.7578542097178422,0.0
7.127127127127127,0.349275209120358,-0.06899279917597678,0.7596302817369485,-0.02520723860203236,0.03295956769962633,-0.0296728391584341,0.13246946892125402,0.13147344124508736,0.3931442160683095,0.7570920667713316,0.0
7.147147147147147,0.34802607813700764,-0.06245654916751603,0.7591142014081818,-0.02580401643833827,0.03223090094612028,-0.036433337675302574,0.13247171663671609,0.1313246834510473,0.391195405288294,0.7563682818033557,0.0
7.167167167167167,0.3469052288148673,-0.056042466107016964,0.7585840933413064,-0.026505403343766946,0.03132266324977317,-0.045411884817355294,0.13247319300304117,0.13121174491430304,0.3892311507835117,0.7556829691079516,0.0
7.187187187187187,0.34590974676607966,-0.04977410243938035,0.7580383999075119,-0.027284671689726574,0.030164735236877536,-0.05789640064478187,0.13247060733611474,0.13115475857019265,0.3872515300993669,0.7550362369039383,0.0
7.207207207207207,0.34503592919466586,-0.04369087857069037,0.7574763517157764,-0.028102409586774756,0.028901593764678424,-0.06315707360995515,0.13250016799096842,0.13105285338838754,0.3852566213878946,0.7544281873178278,0.0
7.227227227227227,0.3442791698078762,-0.03783796933948306,0.7568970164950213,-0.028966761037760084,0.027505879754814534,-0.06978570049319488,0.13256618173687265,0.13101384950879935,0.3832465034046749,0.7538589163676986,0.0
7.247247247247247,0.3436344994640198,-0.03223351719281895,0.7563009398583928,-0.029803831831427596,0.025967144686595924,-0.0769367534109305,0.13264485342953872,0.1310093784387906,0.3812212555057239,0.753328513948033,0.0
7.267267267267267,0.34309642342271324,-0.026903802065329222,0.7556893743516052,-0.03057827533937821,0.024330366812421254,-0.0818388937087331,0.13274482102382845,0.13101030570812564,0.379180957644361,0.7528370638155215,0.0
7.287287287287287,0.34265890223210027,-0.021876059530647005,0.7550639748842707,-0.031269973366729174,0.022617540941242,-0.0856412935589627,0.132902683326223,0.1310663970232598,0.377125690368052,0.7523846435758372,0.0
7.307307307307307,0.3423156150891614,-0.017164357146941887,0.7544280710279647,-0.03179519281529903,0.020752362382542723,-0.09325892793496371,0.13307403333258422,0.131196313214885,0.37505553481522985,0.7519713246713806,0.0
7.327327327327327,0.3420599105708707,-0.012785225914534319,0.7537862820644546,-0.032089448175506706,0.018781965990162304,-0.09851981961902083,0.13323930214814253,0.13130918098869715,0.3729705727120911,0.7515971723699979,0.0
7.347347347347347,0.34188450193492453,-0.008770431797309249,0.7531428859881195,-0.03216980381675779,0.01676729252928712,-0.10073367304375937,0.1334222471189792,0.1314147600357292,0.3708708863693696,0.7512622457546749,0.0
7.367367367367367,0.34178172396028694,-0.005138898731878193,0.7525023091159191,-0.03202884361002362,0.014680840212559948,-0.10432261583635861,0.13363732662877756,0.13158324696636578,0.36875655867908697,0.7509665977142068,0.0
7.387387387387387,0.3417437683296287,-0.0018977815329117307,0.7518703736086706,-0.03159677536242598,0.01248439101515893,-0.1098224598700509,0.1338630641785583,0.13180076702885563,0.36662767311128,0.7507102749348465,0.0
7.407407407407407,0.34176249963351446,0.0009365651942864657,0.7512537744399127,-0.03082995843789568,0.010220474645980243,-0.11319581845893435,0.13406720411157275,0.13199178959086438,0.3644843137107057,0.750493317892932,0.0
7.4274274274274275,0.3418293217994907,0.0033411082988132,0.7506584828265892,-0.02976458066617255,0.00791389571537588,-0.11532894653021811,0.1342987767650319,0.13220984883774226,0.36232656509352346,0.7503157608484956,0.0
7.4474474474474475,0.3419353384429013,0.00530083217052824,0.7500912609352116,-0.028361094568880998,0.005612721057138294,-0.11505873291187937,0.1345282491222026,0.13240872935743023,0.36015451244395336,0.7501776318398526,0.0
7.4674674674674675,0.34207145999335986,0.006806077522928712,0.7495585371094008,-0.026636191290539644,0.0033391761711475537,-0.11367724429953706,0.13475528257515046,0.13260266483764216,0.35796824151091566,0.750078952679175,0.0
7.4874874874874875,0.3422285993295362,0.007856966808816812,0.7490666093751985,-0.024596386710113077,0.0010974478398010148,-0.11208641656732693,0.13494208518302495,0.13276409145087106,0.3557678386046427,0.7500197389490459,0.0
7.5075075075075075,0.342397793385538,0.00845970280008873,0.7486206769618896,-0.022296620665448585,-0.0011697497249473724,-0.11335987823741939,0.13511460196479588,0.13296250966008874,0.3535533905932738,0.75,0.0
7.5275275275275275,0.34257012874701115,0.008616768073658078,0.7482262549217653,-0.019721102006212604,-0.0034012303393701,-0.11157403072113636,0.13542015998964524,0.1327463301420688,0.3513249848994246,0.7500197389490459,0.0
7.5475475475475475,0.342736623198455,0.008324722572192494,0.7478846670544366,-0.017079393366436796,-0.0060492709942410045,-0.13240203274354517,0.13520979177591433,0.13282159580753364,0.3490827094967363,0.750078952679175,0.0
7.5675675675675675,0.3428884293710996,0.0075903086322285564,0.7475938915906946,-0.014538773187101383,-0.008902169941269735,-0.1426449473514366,0.13565055969692608,0.13343487588001268,0.34682665290640247,0.7501776318398528,0.0
7.587587587587588,0.3430149344141741,0.006325252153723463,0.7473694940851577,-0.011219875276841835,-0.011817424620675183,-0.14576273397027223,0.13583788032139385,0.13380562775531551,0.3445569041936742,0.7503157608484956,0.0
7.607607607607608,0.3431047365745827,0.004490108020429045,0.7472196569308507,-0.007491857715350415,-0.014712895958241821,-0.14477356687833184,0.13643117309319597,0.1345730108300004,0.34227355296434425,0.750493317892932,0.0
7.627627627627628,0.3431459295556462,0.002059649053175621,0.7471644162368352,-0.0027620347007747273,-0.017416365874526583,-0.13517349581423788,0.13653072975907685,0.13470360649884447,0.33997668936120967,0.7507102749348465,0.0
7.647647647647648,0.34312686365674255,-0.0009532949451825433,0.7472070270959015,0.002130542953316903,-0.019938283913403555,-0.12609590194384873,0.13670690360967427,0.13492907842619659,0.3376664040605121,0.7509665977142069,0.0
7.667667667667668,0.343036607757536,-0.00451279496032535,0.7473532644058292,0.007311865496386389,-0.022288717503847855,-0.11752167952221482,0.13632833941304534,0.1346211248900687,0.33534278826836006,0.7512622457546749,0.0
7.687687687687688,0.34286526596168937,-0.008567089792331731,0.7475927700137891,0.01197528039799543,-0.024480561650743023,-0.1095922073447585,0.13713173029968667,0.13542016165632062,0.33300593371712583,0.7515971723699979,0.0
7.707707707707708,0.34260293604655645,-0.013116495756645159,0.7479490785054544,0.01781542458326462,-0.026602671694510673,-0.10610550218838234,0.13652929328296573,0.1349753560741662,0.3306559326618259,0.7519713246713805,0.0
7.727727727727728,0.34224120582805373,-0.018086510925137335,0.7484064728835963,0.02286971890709164,-0.02860884044980376,-0.10030843776465417,0.1360373985531263,0.1346609112093548,0.3282928778764782,0.7523846435758372,0.0
7.747747747747748,0.3417719179220726,-0.02346439529905491,0.7489527936102517,0.027316036332770095,-0.030439736005296945,-0.09154477777465918,0.13575594379096476,0.1345579390250531,0.32591686265043934,0.7528370638155215,0.0
7.767767767767768,0.341187233753531,-0.02923420842708133,0.7495821257299904,0.03146660598693382,-0.03201068335277004,-0.07854736737365486,0.13631489402214134,0.13512115200966082,0.3235279807847223,0.753328513948033,0.0
7.787787787787788,0.3404793529989605,-0.03539403772852594,0.7503108697381918,0.03643720041007026,-0.03336719192434694,-0.06782542857884444,0.13549689492983272,0.13442646255985966,0.32112632658829227,0.7538589163676986,0.0
7.807807807807808,0.3396427524417096,-0.041830027862544854,0.7511164296907751,0.04027799762916083,-0.03451608126148477,-0.05744446685689156,0.13534487354873434,0.13441893320851472,0.31871199487434493,0.7544281873178278,0.0
7.827827827827828,0.3386721438926965,-0.04853042745065516,0.7519962658995514,0.04399181043881324,-0.03541963688546005,-0.04517778119876413,0.13531599785275006,0.1343971843155602,0.31628508095656227,0.7550362369039383,0.0
7.847847847847848,0.337563008920649,-0.05545674860237483,0.7529494730029652,0.04766035517069098,-0.03613565503843174,-0.03580090764858465,0.13493201046026973,0.13410970548763165,0.3138456806453503,0.7556829691079516,0.0
7.867867867867868,0.3363120990678046,-0.06254549264221797,0.7539659833709303,0.05082551839825462,-0.0365965775171777,-0.023046123937297762,0.13481028062626313,0.13397174273502468,0.3113938902440563,0.7563682818033557,0.0
7.887887887887888,0.3349168504683616,-0.06976242997214963,0.7550418501331607,0.053793338111516986,-0.037031136902170164,-0.021727969249622985,0.1342295234093589,0.13356733591553416,0.30892980654516716,0.7570920667713315,0.0
7.907907907907908,0.3333759780845015,-0.07704361919300609,0.7561624213087543,0.056028558779680306,-0.03731926484741166,-0.014406397262074464,0.13439293936968583,0.13378004897274962,0.3064535268264882,0.7578542097178422,0.0
7.927927927927928,0.3316876626779596,-0.08441577032709122,0.7573332019045015,0.05853902978735631,-0.03758085917102211,-0.013079716180522723,0.1338727925300652,0.13345504097865118,0.3039651488473028,0.7586545902916815,0.0
7.947947947947948,0.3298512799357972,-0.09181913710812055,0.7585416372809419,0.06042176882201962,-0.03773561576250711,-0.007737829574250531,0.1336696774279812,0.13338216072552558,0.3014647708445123,0.7594930821034785,0.0
7.967967967967968,0.3278660348828614,-0.09926225264679066,0.7597836027150253,0.062098271704168706,-0.037805468690800786,-0.003492646414683524,0.13341762558842815,0.1332869222002514,0.2989524915287595,0.760369552745656,0.0
7.987987987987988,0.3257315592603143,-0.10672378112735756,0.7610539337756332,0.06351655303039334,-0.03773693838610019,0.0034265152350296943,0.13317770238002194,0.13317231162482437,0.29642841008052967,0.7612838638133392,0.0
8.008008008008009,0.3234478477011759,-0.11418557795691756,0.7623473714411934,0.0646718832780039,-0.03753492480828259,0.010100678890880385,0.13296848527292052,0.13309704960717855,0.2938926261462366,0.7622358709262116,0.0
8.028028028028029,0.3210154269921643,-0.12162103545058017,0.7636597144181781,0.06561714884923782,-0.03723546538734015,0.014972971047121066,0.1331663856036848,0.13296578917547588,0.29134523983428806,0.7632254237513139,0.0
8.048048048048049,0.31843511081152986,-0.12901580903172083,0.7649919792306115,0.06661324062166776,-0.03718291642988017,0.002627447872999008,0.13285218894793888,0.13302463140247792,0.2887863517111338,0.7642523660267839,0.0
8.068068068068069,0.3157083482064004,-0.13633813025647215,0.766340429601771,0.06742251855797664,-0.0372683776756846,-0.004273062290221166,0.1324713605120607,0.13303888286892035,0.2862160627972954,0.7653165355865315,0.0
8.088088088088089,0.312835602614478,-0.1436372795961218,0.767699646215516,0.06796083068725116,-0.037257129446868056,0.0005624114408268694,0.132268463114284,0.13306998881143162,0.2836344745633782,0.766417764385847,0.0
8.108108108108109,0.3098167086324799,-0.150944699099906,0.7690670732695986,0.06837135270412792,-0.037074675718344725,0.009122686426166766,0.1321011328579385,0.13305642273988932,0.2810416889260654,0.767555878527937,0.0
8.128128128128129,0.3066518576365866,-0.15824254979466634,0.7704400343254458,0.06864805279236304,-0.03666909679007623,0.020278946413424134,0.13195748912835598,0.13301374495265156,0.2784378082440939,0.7687306982913855,0.0
8.148148148148149,0.3033419746365474,-0.16549415000195944,0.7718157975927709,0.06878816336625171,-0.03611877613006939,0.02751603300034254,0.1317011262578372,0.13291125476727406,0.275822935314215,0.7699420381585325,0.0
8.168168168168169,0.29988887441650525,-0.17265501100210728,0.7731891089942695,0.06866557007493297,-0.035344831044798304,0.038697254263554706,0.13153599726511744,0.13284303200615227,0.2731971733671346,0.7711897068447706,0.0
8.188188188188189,0.296294901336862,-0.17969865398216225,0.7745565922190754,0.06837416124029236,-0.03436588861344948,0.04894712156744103,0.13137892317754954,0.13279316318808299,0.27056062606343795,0.7724735073287511,0.0
8.208208208208209,0.29256328600539216,-0.18658076657349162,0.7759152916530421,0.0679349716983357,-0.03323640462462726,0.05647419944111175,0.13124060417463984,0.13276846791852018,0.2679133974894985,0.773793236883495,0.0
8.228228228228229,0.2886979762982491,-0.19326548535715365,0.7772629272083579,0.06738177776579095,-0.031921036879981525,0.06576838723228606,0.1312239375368001,0.13281134420800458,0.265255592153367,0.7751486871084072,0.0
8.248248248248249,0.2847034334350008,-0.1997271431624154,0.7786000362562329,0.06685545239375133,-0.030462328455050137,0.07293542124656915,0.1311033795729622,0.13277233962134405,0.2625873149806478,0.7765396439621841,0.0
8.268268268268269,0.28058489032017225,-0.20592715574142723,0.7799244237068482,0.06621937253076615,-0.02881942857110119,0.08214499419744753,0.13102815299732,0.132761486943901,0.2599086713103549,0.7779658877966138,0.0
8.288288288288289,0.27634815115002265,-0.2118369585074795,0.7812349927448944,0.06552845190230606,-0.02704153500819739,0.08889467814518988,0.13098111371236704,0.1327634364721595,0.2572197668907533,0.7794271933912617,0.0
8.308308308308309,0.2719997395121047,-0.21742058189589733,0.7825312659310751,0.06481365930903685,-0.02522221243484688,0.09096612866752503,0.13109613229937078,0.1329917564154406,0.25452070787518555,0.7809233299890341,0.0
8.328328328328329,0.2675465289420877,-0.2226605285008523,0.7838185219050365,0.06436279869807224,-0.02337417860021087,0.09240169173180113,0.13111558278877633,0.13312834166630524,0.25181160081788045,0.7824540613326185,0.0
8.348348348348349,0.26299558939428636,-0.22754697739006735,0.7850992575560838,0.06403678255236132,-0.021425435388904283,0.09743716056532896,0.13112763326118115,0.13318488134392134,0.24909255266974545,0.7840191457017911,0.0
8.368368368368369,0.2583542084375761,-0.23206904783551074,0.7863746645260522,0.0637703484984219,-0.019462339105020255,0.09815481419420162,0.13140256199366987,0.1335328293266713,0.246363670774146,0.7856183359515868,0.0
8.388388388388389,0.2536298232179173,-0.23621926098293944,0.7876541394137389,0.063973744384332,-0.017438197645133727,0.10120707299432634,0.131667681989837,0.13381325861120444,0.24362506286266614,0.7872513795513271,0.0
8.408408408408409,0.2488300312966356,-0.23998959606408587,0.788945920411083,0.06458904986720765,-0.015421470656386447,0.10083634943736414,0.13173856451645735,0.1339620524461234,0.2408768370508576,0.7889180186244963,0.0
8.428428428428429,0.2439627619812408,-0.24336346576973955,0.7902534083630653,0.0653743975991145,-0.013392766346093755,0.10143521551463458,0.13189839437976253,0.13417005498673962,0.2381191018339697,0.7906179899894645,0.0
8.448448448448449,0.23903580989626255,-0.24634760424891228,0.7915821824122393,0.06643870245869975,-0.011226978658786154,0.10828938436537994,0.13208168677604348,0.13431599930223678,0.2353519660826664,0.7923510252010468,0.0
8.468468468468469,0.23405716283234262,-0.24893235319599571,0.7929372349068406,0.06775262473006649,-0.009044270903705251,0.10913538775404524,0.13233140261915233,0.13456075946272994,0.23257553903872907,0.7941168505928932,0.0
8.488488488488489,0.2290353040652099,-0.25109293835663615,0.7943259961724142,0.06943806327867826,-0.006880081509783695,0.10820946969607766,0.13255483461052717,0.13480779771861853,0.229789930310744,0.795915187320704,0.0
8.508508508508509,0.22397878330163856,-0.25282603817856586,0.7957555233258041,0.07147635766949555,-0.004692415526869753,0.10938329914569715,0.13275819082893922,0.13498393219283644,0.22699524986977343,0.7977457514062631,0.0
8.528528528528529,0.21889617468133077,-0.2541304310153896,0.7972315065709015,0.07379916225486653,-0.0025690122996948864,0.10617016135874331,0.132686069051588,0.13523997897010942,0.22419160804501614,0.7996082537822808,0.0
8.548548548548549,0.21379615292465684,-0.25500108783369624,0.7987567209023243,0.07626071657114021,-0.00026639089643127044,0.11513107016318078,0.1327033287373852,0.13509850064889528,0.22137911551945078,0.8015024003380411,0.0
8.568568568568569,0.2086871775623164,-0.2554487681170231,0.8003293566509956,0.07863178743356228,0.002044086267186358,0.11552385818088139,0.13308474894466332,0.13541351910325275,0.21855788332546644,0.8034278919658453,0.0
8.588588588588589,0.2035783264627873,-0.25544255497645374,0.8019597443777564,0.0815193863380407,0.00439023439799125,0.11730740654024456,0.1334254846752953,0.135643830592003,0.21572802284047943,0.8053844246082442,0.0
8.608608608608609,0.19847882357249733,-0.25497514451449993,0.8036563358547818,0.08482957385126931,0.006655007581062612,0.11323865915356815,0.13365289910119604,0.13583179424428082,0.21288964578253644,0.8073716893060526,0.0
8.62862862862863,0.19339798744278333,-0.2540418064856997,0.8054252546844644,0.0884459414841284,0.008896934096092119,0.11209632575147528,0.13380519614525926,0.13589063244184815,0.21004286420590304,0.8093893722471381,0.0
8.64864864864865,0.18834480024670783,-0.2526593598037752,0.8072695787928564,0.09221620541960666,0.011162101699084773,0.11325838014963294,0.13386651941682443,0.13580945913969703,0.20718779049664193,0.8114371548159741,0.0
8.66866866866867,0.1833282060076071,-0.25082971195503667,0.8091889444637234,0.09596828354334877,0.013349390890325599,0.10936445956204101,0.1341147105488081,0.13595827973142835,0.20432453736817457,0.8135147136439544,0.0
8.68868868868869,0.17835730972096175,-0.24854481433226744,0.8111891422222712,0.10000988792739524,0.015391022243429295,0.10208156765518503,0.13414146140396874,0.13595124682824555,0.20145321785683137,0.8156217206604565,0.0
8.70870870870871,0.173440821685035,-0.24582440179633788,0.8132703569065525,0.10406073421406142,0.017325524983583612,0.09672513700771576,0.1342034087048394,0.1358968062547079,0.19857394531739012,0.8177578431446473,0.0
8.72872872872873,0.16858684797871792,-0.2426986853158534,0.8154325823232789,0.10811127083632029,0.019156364615070736,0.09154198157435625,0.13431558253759085,0.13590584994466026,0.19568683341860119,0.8199227437780233,0.0
8.74874874874875,0.16380314858340791,-0.2391849697655006,0.8176774873962641,0.11224525364926483,0.020814422164175204,0.08290287745522353,0.13412787558673323,0.1356653997155254,0.19279199613869824,0.8221160806976787,0.0
8.76876876876877,0.15909687814442283,-0.2353135219492545,0.8199985965328841,0.11605545683099934,0.022335520692564396,0.07605492641945975,0.13408969703154539,0.13553332659073905,0.1898895477609007,0.8243375075502876,0.0
8.78878878878879,0.15447459970092609,-0.23111392217483767,0.8223932555949648,0.1197329531040354,0.023656943002487222,0.06607111549614138,0.13395069032133855,0.13535510668094528,0.18697960286890034,0.8265866735467986,0.0
8.80880880880881,0.14994222376756672,-0.2266187966679688,0.824856635023933,0.12316897144841193,0.024836954380714465,0.05900056891136188,0.13380974646658003,0.1351318681664564,0.18406227634233888,0.8288632235178279,0.0
8.82882882882883,0.14550482523184008,-0.2218699267863323,0.8273832198073813,0.1263292391724127,0.025914411423271142,0.0538728521278339,0.1337964409685176,0.1349765610430748,0.1811376833522729,0.8311667979697439,0.0
8.84884884884885,0.1411669802378542,-0.21689224969929333,0.8299703987640729,0.12935894783458157,0.026871060760928864,0.04783246688288629,0.13370271673367887,0.13478232771670937,0.1782059393566254,0.8334970331414371,0.0
8.86886886886887,0.1369327605622964,-0.21171098377789077,0.8326137984322844,0.13216998341057848,0.02779370711625699,0.04613231776640621,0.1334484093939776,0.13437991467271396,0.17526716009562973,0.8358535610617607,0.0
8.88888888888889,0.13280567582363004,-0.20635423693331717,0.8353035927173978,0.13448971425567124,0.028613644353780172,0.04099686187615917,0.1333503392076416,0.13416643234491882,0.17232146158725853,0.8382360096076389,0.0
8.90890890890891,0.12878918000284675,-0.20082479103916404,0.8380350677605526,0.136573752157735,0.029360304908734973,0.037333027747739826,0.13329956112723565,0.13397748939911022,0.16936896012264566,0.8406440025628277,0.0
8.92892892892893,0.12488634487519296,-0.19514175638268996,0.8408045819548071,0.13847570971272766,0.03004185543565775,0.03407752634613879,0.13314845208688866,0.13369335329990434,0.16640977226149348,0.8430771596773248,0.0
8.94894894894895,0.12109986883239407,-0.1893238021399445,0.8436056043144065,0.14005111797996828,0.030659480250004423,0.03088124071733326,0.13317774433530122,0.1335674174274773,0.16344401482747137,0.8455350967274163,0.0
8.96896896896897,0.11743231036927808,-0.1833779231557994,0.8464366237157392,0.1415509700666406,0.031236400224305606,0.02884599871505933,0.13328352460042875,0.13345320141190764,0.16047180490360463,0.8480174255763487,0.0
8.98898898898899,0.1138860580513606,-0.17731261589587446,0.8492974411774259,0.14304087308432992,0.031672480378341465,0.02180400770179243,0.13323324851407517,0.13327316880603002,0.15749325982765247,0.8505237542356202,0.0
9.00900900900901,0.11046317787642429,-0.17114400874681518,0.8521845758397567,0.14435673311654004,0.03203682850352518,0.01821740625918653,0.13327325905992427,0.13306715820288162,0.15450849718747375,0.8530536869268817,0.0
9.02902902902903,0.10716526641292086,-0.16489557317517153,0.8550955155282506,0.14554698442469144,0.032208619969738624,0.008589573310671162,0.13294673570582757,0.13318235148492227,0.15151763481638703,0.855606824144433,0.0
9.04904904904905,0.10399357028610948,-0.15858480634056915,0.8580270852458088,0.14657848587791525,0.03268955389612208,0.024046696319173576,0.13288034131753215,0.13266530581419916,0.14852079078851746,0.8581827627183108,0.0
9.06906906906907,0.10094838778516202,-0.15225912504737274,0.8609706241655716,0.14717694598813758,0.03328554014040341,0.029799312214066623,0.13285512963918575,0.1322797492966621,0.14551808341413588,0.860781095877953,0.0
9.08908908908909,0.09803137181184796,-0.14585079866570322,0.8639199887011194,0.14746822677739393,0.033774386294072464,0.024442307683452104,0.13276889734002248,0.13195833671177246,0.14250963123498803,0.8634014133164327,0.0
9.10910910910911,0.09524459487196435,-0.1393388469941801,0.8668690658046933,0.1474538551786903,0.03407950408611649,0.015255889602202236,0.13263428783036094,0.13163566663135323,0.13949555301961478,0.8660433012552508,0.0
9.12912912912913,0.09258967903746977,-0.13274579172472917,0.8698110205558086,0.14709773755576644,0.03416117989697874,0.004083790543111863,0.13247219825005713,0.1313180185953755,0.13647596775866253,0.8687063425096762,0.0
9.14914914914915,0.09006752411946299,-0.12610774590033896,0.8727387093369996,0.14638443905954657,0.03398399439403208,-0.008859275147332918,0.13231463965211465,0.13104735357042754,0.13345099466018764,0.8713901165546235,0.0
9.16916916916917,0.08767812637082416,-0.11946988743194135,0.8756457809072092,0.14535357851048072,0.03363823371085969,-0.01728803415862014,0.13220571875592796,0.13078154626933639,0.13042075314494853,0.8740941995910597,0.0
9.18918918918919,0.08542051487984025,-0.11288057454919534,0.8785267104934601,0.1440464793125411,0.03315550279002548,-0.024136546041710453,0.13213670925921311,0.1305426141320177,0.12738536284169114,0.876818164612927,0.0
9.20920920920921,0.08329317089384464,-0.10636719929978038,0.8813769841172823,0.14251368119110883,0.03243530198537923,-0.036010040232312565,0.13211242355976835,0.1304006115704849,0.12434494358242719,0.8795615814745714,0.0
9.22922922922923,0.08129402140869128,-0.09995747425766785,0.884194202329494,0.14086091061058342,0.031580292263498844,-0.042750486094019366,0.13194887638230543,0.13011003077930952,0.1212996153977037,0.8823240169586669,0.0
9.24924924924925,0.07942003525860543,-0.09369930750429241,0.8869717326878567,0.13887651791813407,0.030515935496101692,-0.05321783836985726,0.13200319445211073,0.13005037669804653,0.1182494985118623,0.8851050348446281,0.0
9.26926926926927,0.07766778504806222,-0.08761251052715999,0.8897096024099215,0.1368934861032425,0.02933830601621457,-0.058881473994356406,0.13208801205235282,0.12998579262702875,0.11519471333829544,0.8879041959774918,0.0
9.28928928928929,0.07603317946020703,-0.08173027939275959,0.8924082393862133,0.1349318488145884,0.027881443295063035,-0.07284313605757646,0.13208309151781963,0.1299778412924968,0.11213538047469072,0.8907210583372667,0.0
9.30930930930931,0.07451154007251226,-0.07608196938473855,0.8950675898178241,0.1329675215805413,0.026323831267199872,-0.07788060139315868,0.1321812556183425,0.1299527453796105,0.10907162069827116,0.893555177108732,0.0
9.32932932932933,0.07309719545423296,-0.07071723091396521,0.8976888975739448,0.1310653878060319,0.0246541324578739,-0.0834849404662986,0.1321671170052891,0.12992166862936858,0.1060035549610274,0.8964061047516789,0.0
9.34934934934935,0.07178401783469722,-0.06565888097678735,0.9002716569514034,0.12913796887293283,0.022973498373405298,-0.08403170422343001,0.13249029848700344,0.13014118025943425,0.1029313043849407,0.8992733910715843,0.0
9.36936936936937,0.07056571706350905,-0.0609150385594089,0.9028240706345836,0.12762068415900762,0.021216895719063454,-0.08783013271709199,0.13270487716135881,0.13026763068562378,0.09985499025720375,0.9021565832906991,0.0
9.38938938938939,0.06943584823082631,-0.056493441634136984,0.9053513452788008,0.12636373221085956,0.019360287985249268,-0.09283038669070966,0.13294132747427714,0.13042466027345814,0.09677473402543013,0.9050552261195497,0.0
9.40940940940941,0.06838765733585674,-0.05240954474847884,0.9078594601007095,0.125405741095436,0.01740784997146529,-0.09762190068919879,0.13290372534198483,0.13027027824986567,0.09369065729286229,0.9079688618288305,0.0
9.42942942942943,0.06741383215425258,-0.04869125908020828,0.9103457183832637,0.12431291412771338,0.015297198628096616,-0.10553256716843373,0.1330014872999855,0.13040498910414441,0.09060288181356883,0.9108970303216872,0.0
9.44944944944945,0.06650675330110516,-0.045353942657371006,0.9128137035836387,0.12339926001874717,0.01318316434665535,-0.10570171407206326,0.1333054357105013,0.13056349326307623,0.08751152948763816,0.9138392692063706,0.0
9.46946946946947,0.06565831472702541,-0.04242192870398725,0.9152704007298724,0.12283485731168658,0.010911916030954682,-0.11356241578503345,0.13338059915265332,0.13071305998281904,0.08441672235636682,0.9167951138692534,0.0
9.48948948948949,0.06486027222351616,-0.03990212517546227,0.9177192565469289,0.12244279085282042,0.008592268572583325,-0.11598237291856787,0.13375948119932365,0.1310923084218958,0.08131858259744189,0.9197640975481975,0.0
9.50950950950951,0.06410386909007548,-0.03782015667203366,0.920171608983809,0.12261762184400939,0.006218851000621465,-0.11867087859809299,0.13403377440116893,0.13143540498451287,0.07821723252011549,0.9227457514062631,0.0
9.52952952952953,0.06338006737733418,-0.03619008563706527,0.922636692976821,0.1232541996506028,0.0038794189473338836,-0.11697160266437907,0.13438669640267598,0.13143644679017152,0.07511279456037856,0.9257396046057412,0.0
9.54954954954955,0.062679590256922,-0.03502385602060839,0.9251198214583215,0.12415642407502508,0.001254246902617332,-0.13125860223582758,0.13473773974477854,0.1320013460968099,0.07200539127612608,0.928745184382506,0.0
9.56956956956957,0.06199328874931471,-0.03431507538036497,0.9276346103642216,0.12573944529500494,-0.0015000231787922341,-0.1377135040704783,0.13498641193052785,0.1323819861638553,0.06889514534231901,0.9317620161206687,0.0
9.58958958958959,0.06131077089668011,-0.03412589263172974,0.9301904094596192,0.12778995476987834,-0.0042188650407391,-0.13594209309734326,0.1351297079526979,0.1325965176819389,0.0657821795461412,0.9347896234275258,0.0
9.60960960960961,0.0606211427259981,-0.03448140853410091,0.9327925185466224,0.13010545435016052,-0.006881925390983302,-0.13315301751221012,0.1354139470556109,0.13293888627355738,0.06266661678215227,0.9378275282087861,0.0
9.62962962962963,0.05991357776116482,-0.03537824824166399,0.9354501897840037,0.13288356186906605,-0.009430439704804214,-0.1274257156910455,0.135507728444372,0.13308100726582403,0.05954858004743477,0.940875250744069,0.0
9.64964964964965,0.05917751701881465,-0.036803037117508534,0.9381668591759563,0.13583346959763132,-0.01191386597965266,-0.12417131374242227,0.13565826173667864,0.13331056061070903,0.056428192436740715,0.9439323097626549,0.0
9.66966966966967,0.058402759695044465,-0.038737866188509225,0.9409480746761746,0.13906077501091066,-0.014250009969116621,-0.11680719947319806,0.13572609086169557,0.13338199046148155,0.053305577137630025,0.9469982225194863,0.0
9.68968968968969,0.05757947769912937,-0.04116409979575464,0.9437957936270785,0.14238594754520084,-0.016596373281343377,-0.11731816561133773,0.13552499233337897,0.1333425109441242,0.05018085742560749,0.9500725048713982,0.0
9.70970970970971,0.0566984407063452,-0.04405184963920861,0.9467063304335019,0.14552684032116736,-0.018875891379797158,-0.11397590492268887,0.1355941009280418,0.13353628245920682,0.047054156659256954,0.953154671353569,0.0
9.72972972972973,0.055750236532505486,-0.04741020869198574,0.9496834349385119,0.1488552252505016,-0.020978534572902285,-0.10513215965525646,0.13556534227268535,0.13357538764951538,0.043925598275371576,0.956244235256181,0.0
9.74974974974975,0.054725852844906234,-0.05121918437996267,0.9527270992068152,0.15218321341516333,-0.022986834661732115,-0.10041500444149157,0.1355748801244121,0.1336901378613743,0.040795305784078736,0.9593407087012792,0.0
9.76976976976977,0.0536169557594452,-0.055444854273051694,0.9558389970830883,0.1555948938136548,-0.024970853378320734,-0.09920093582943128,0.13538764346280374,0.13368908495967646,0.03766340276396652,0.9624436027198106,0.0
9.78978978978979,0.0524156291791741,-0.0600663290135552,0.9590161637328708,0.15885833248912748,-0.02683043641816398,-0.09297915199216217,0.1352279664209787,0.1337060579799693,0.03453001285720303,0.9655524273288404,0.0
9.80980980980981,0.05111406732517595,-0.06507809269990754,0.962256296052635,0.1620066159882089,-0.028508291150042223,-0.08389273659391216,0.13521359215314496,0.13370190599773785,0.03139525976465657,0.968666691608924,0.0
9.82982982982983,0.049704931614666124,-0.0704567855254911,0.9655589278027059,0.16513158750354662,-0.030103849074858652,-0.0797778962408213,0.13476539826058154,0.13347487855595228,0.02825926724101234,0.9717859037816295,0.0
9.84984984984985,0.048181852776625574,-0.07615394190202764,0.9689138748375548,0.16774735174244262,-0.03148694063164685,-0.06915457783940987,0.13469554572978237,0.13344914210508874,0.02512215908988483,0.9749095712871962,0.0
9.86986986986987,0.046538639845298664,-0.08216064656634554,0.9723195358732578,0.17028305178515357,-0.03281288575009862,-0.06629725592258909,0.1341447000873087,0.13323365779851523,0.021984059158932697,0.9780372008623139,0.0
9.88988988988989,0.04477018664760892,-0.08842265988448698,0.9757643943269889,0.17224292268655497,-0.033862492474806154,-0.052480336235376714,0.13417148665486714,0.13334987048364697,0.018845091334967267,0.9811682986180168,0.0
9.90990990990991,0.04287126877913411,-0.09494589342374064,0.9792503987345077,0.17430022037593812,-0.034738802079229636,-0.04381548022117418,0.13352618863933347,0.13295859576282246,0.015705379539064118,0.9843023701176716,0.0
9.92992992992993,0.04083829239950779,-0.10164881898131585,0.9827620626110759,0.17558319382840845,-0.03531838177473807,-0.02897898477542103,0.13339091866122138,0.13301290675597433,0.012565047721668906,0.9874389204550574,0.0
9.94994994994995,0.03866794177048604,-0.10851753145108778,0.9862980686446178,0.17680030167709473,-0.03563673354194586,-0.01591758836039042,0.13290218810876384,0.1327300875792164,0.00942421985770423,0.9905774543325162,0.0
9.96996996996997,0.03635843472481793,-0.11547535228340544,0.9898469134876438,0.17744224215129628,-0.03571779450915132,-0.0040530483602729366,0.13278832357514134,0.13262729409569815,0.006283019941676196,0.9937174761391657,0.0
9.98998998998999,0.033908710938733384,-0.12248618930422728,0.993405344992463,0.17792157524096172,-0.03569898968166708,0.0009402413742123621,0.13259340245938922,0.13243648339227024,0.0031415719827795636,0.9968584900291617,0.0
10.01001001001001,0.031318689685180215,-0.12950106267765846,0.9969676408891112,0.17811479483240714,-0.03564085144477867,0.002906911844420184,0.13224444397729015,0.13210470489576573,6.123233995736766e-17,0.9999999999999999,0.0
10.03003003003003,0.028588914367121986,-0.13648876590291142,1.0005237252468349,0.17780421788618972,-0.035739905388922376,-0.004952697207184665,0.13212300245668918,0.13140261598889763,-0.003141571982779441,1.003141509970838,0.0
10.05005005005005,0.02572009778368124,-0.14344082917203727,1.0040614134827852,0.17688441179751382,-0.03655830556937759,-0.04092000902276097,0.13152433745256426,0.13161790060045103,-0.006283019941676296,1.0062825238608344,0.0
10.07007007007007,0.022712141382094604,-0.15039782007933175,1.0075750157154497,0.17568011163322197,-0.03760992802079199,-0.05258112257071975,0.1309555019979295,0.13168995446677279,-0.009424219857704107,1.0094225456674837,0.0
10.09009009009009,0.01956214168875709,-0.15749998466687562,1.0110570618282761,0.17410230564132698,-0.038414030157426955,-0.040205106831748105,0.13059224178335926,0.13170061073279593,-0.012565047721668785,1.0125610795449425,0.0
10.11011011011011,0.016266292829242537,-0.16479244297572773,1.0145021800431053,0.17225591074145444,-0.03884190886061667,-0.021393935159486604,0.1304381603291927,0.1317527254762699,-0.015705379539063997,1.0156976298823281,0.0
10.13013013013013,0.01282167139422355,-0.1722310717509494,1.0179087421129445,0.17032810349196154,-0.03900605224820672,-0.008207169379502065,0.1299245275387836,0.13153813160302788,-0.018845091334967368,1.0188317013819832,0.0
10.15015015015015,0.009227092181055312,-0.17972896065841185,1.021265903447677,0.16785806673662113,-0.03878104290826526,0.011250466997072762,0.12961605864364162,0.13141131621637414,-0.021984059158932576,1.0219627991376858,0.0
10.17017017017017,0.005482222212160376,-0.18724349844474678,1.0245671955542615,0.1650646053292234,-0.03812474613665835,0.032814838580345736,0.12882119728130664,0.13080943958128693,-0.02512215908988471,1.0250904287128038,0.0
10.19019019019019,0.001588813925783836,-0.194670414318827,1.0277919754101579,0.16123899279482254,-0.037045475493414665,0.053963532162184,0.1286160339521041,0.13058424450709316,-0.028259267241012218,1.0282140962183703,0.0
10.21021021021021,-0.0024502911965023654,-0.20195525611431006,1.0309339690135513,0.15709968016967502,-0.035713514937219484,0.0665980278097589,0.1283508833199638,0.1304085414004833,-0.03139525976465689,1.0313333083910763,0.0
10.23023023023023,-0.006630677274616725,-0.209019303905718,1.033986805410203,0.15264181983258793,-0.03412598270098565,0.0793766118116919,0.12872425380326039,0.13076085092784134,-0.034530012857202905,1.0344475726711595,0.0
10.25025025025025,-0.010947572769928908,-0.21584477476560915,1.0369614142737065,0.1487304431751693,-0.03240903653517553,0.08584730829050599,0.1290658012446016,0.13121936421426583,-0.037663402763966396,1.0375563972801893,0.0
10.27027027027027,-0.01539521224421737,-0.22238197371442317,1.0398698545204303,0.14542201233619242,-0.030614885724994826,0.08970754050903525,0.12888218993653777,0.13122629670911506,-0.04079530578407862,1.0406592912987207,0.0
10.29029029029029,-0.01996682990799031,-0.22858088318864692,1.0427097302737203,0.14199378766449597,-0.028723987147327622,0.09454492888336072,0.12896946957221442,0.13146209719501842,-0.04392559827537145,1.043755764743819,0.0
10.31031031031031,-0.024655617525179547,-0.23443938085946187,1.045486043490601,0.1388156608440357,-0.026711856644693898,0.10060652513168583,0.12905077209120427,0.13164825933188185,-0.047054156659257274,1.0468453286464312,0.0
10.33033033033033,-0.029454372894671788,-0.239937768474612,1.0482029713989844,0.13584639541916713,-0.024547306665880893,0.1082274989406497,0.12928459734388895,0.13189830138668346,-0.050180857425607364,1.0499274951286017,0.0
10.35035035035035,-0.03435546458596968,-0.2450545845648944,1.0508678952219004,0.1332461911457998,-0.02233276292305273,0.11072718714140847,0.1294920161340212,0.13220536225248805,-0.0533055771376299,1.0530017774805136,0.0
10.37037037037037,-0.039350647122557925,-0.24975912682941218,1.0534886492198732,0.13103769989863756,-0.0201149961133119,0.11088834048704117,0.12981423021259847,0.13257567964663908,-0.0564281924367406,1.0560676902373451,0.0
10.39039039039039,-0.04443156654657664,-0.25404597120093575,1.0560756917925616,0.12935212863442005,-0.017860207905289138,0.1127394104011382,0.12997062379059782,0.1327921299009173,-0.059548580047434865,1.0591247492559313,0.0
10.41041041041041,-0.049589653360252846,-0.25790434068381046,1.0586347283928326,0.1279518300135555,-0.015650964809237344,0.11046215480258974,0.1302811544447787,0.1331700067579078,-0.06266661678215214,1.0621724717912138,0.0
10.43043043043043,-0.054816313176030224,-0.26133299078886907,1.061176122675598,0.12706971413827267,-0.01344042676481269,0.11052690222123254,0.1302115427734911,0.13321165046720165,-0.06578217954614109,1.065210376572474,0.0
10.45045045045045,-0.06010288286408001,-0.2643284844024893,1.0636996048218912,0.1261741073146601,-0.011217225332167397,0.11116007163226468,0.13004373775264919,0.1330930457748597,-0.06889514534231889,1.0682379838793312,0.0
10.47047047047047,-0.06544066436369612,-0.2668890749808057,1.0662010575860175,0.1250726382063185,-0.008978812896905062,0.1119206217631169,0.13009974058442655,0.13318903884861824,-0.07200539127612618,1.0712548156174941,0.0
10.49049049049049,-0.07082102259286502,-0.26901791145844495,1.0686828394657109,0.12408909398466805,-0.006687062895417544,0.11458750007437582,0.12969904624384807,0.13289781220649471,-0.07511279456037843,1.0742603953942587,0.0
10.51051051051051,-0.07623511605331644,-0.2707046730225714,1.0711347883581857,0.12259744462374253,-0.004298804534373555,0.11941291805219939,0.1299772097026055,0.13314233863051347,-0.07821723252011537,1.0772542485937369,0.0
10.53053053053053,-0.08167407448377575,-0.27194792152296576,1.0735647174791285,0.12149645604714553,-0.0018603729989086193,0.12192157677324673,0.13299865400620822,0.13646289992553534,-0.08131858259744176,1.0802359024518022,0.0
10.55055055055055,-0.08712899258207672,-0.27274590491504824,1.0760666327356045,0.1250957628238024,0.0008624146508638566,0.1361393824886238,0.13433999375306357,0.13761264579889423,-0.08441672235636692,1.0832048861307466,0.0
10.57057057057057,-0.09259021848155466,-0.2730612949738965,1.0786774690134098,0.13054181389026454,0.0037389225305796605,0.14382539398579017,0.13323659695402082,0.13630448067821357,-0.08751152948763805,1.0861607307936292,0.0
10.59059059059059,-0.09804683327650375,-0.27283073974745436,1.0813615049563325,0.13420179714614255,0.006641365057591871,0.1451221263506105,0.13268523267870366,0.13563645618672987,-0.09060288181356872,1.0891029696783128,0.0
10.61061061061061,-0.10348743981865896,-0.2720303271077607,1.084100649245337,0.13695721445021697,0.009515727776232517,0.14371813593203236,0.13244185817270374,0.13527305198259215,-0.09369065729286216,1.0920311381711694,0.0
10.63063063063063,-0.10890059337593776,-0.27065767786393985,1.0868858528829122,0.13926018187876016,0.012328955762705424,0.1406613993236455,0.13225906729210712,0.13498085964219328,-0.09677473402543023,1.0949447738804503,0.0
10.65065065065065,-0.11427491179839189,-0.2687159211227062,1.0897099873036205,0.1412067210354187,0.014884128165085879,0.12775862011902245,0.1321768737361787,0.13489018253753957,-0.09985499025720362,1.0978434167093007,0.0
10.67067067067067,-0.11959937798748836,-0.2662233094548237,1.092570370006016,0.14301913511978184,0.01735420210929375,0.12350369721039392,0.13209904851270063,0.1346973639637883,-0.1029313043849406,1.1007266089284156,0.0
10.69069069069069,-0.12486398124098347,-0.2632301626747554,1.095462854343189,0.14462421685865015,0.01972206495460834,0.1183931422657291,0.1322017518378811,0.1346642270840804,-0.10600355496102727,1.103593895248321,0.0
10.71071071071071,-0.13005897110264256,-0.25974949308295403,1.098388313408359,0.14627295325849632,0.02193500891162086,0.11064719785062589,0.13215662185249036,0.13452572561689694,-0.10907162069827148,1.1064448228912684,0.0
10.73073073073073,-0.1351750799128127,-0.2558054405085069,1.101343853729648,0.1477770160644596,0.02399441231132544,0.10297016998522925,0.13215884058764132,0.13440751332421239,-0.1121353804746906,1.1092789416627333,0.0
10.75075075075075,-0.14020362176914855,-0.2514270928167927,1.104327575206494,0.149186073842296,0.025835625908985166,0.09206067988298632,0.1320422994584401,0.13424290348829643,-0.11519471333829533,1.1120958040225082,0.0
10.77077077077077,-0.14513664125127596,-0.24665097410637044,1.1073351270861815,0.15037759398437855,0.02757522208212256,0.08697980865686952,0.1320610655094925,0.13409361094463798,-0.11824949851186219,1.114894965155372,0.0
10.79079079079079,-0.14996699941059072,-0.24151790796573783,1.110364395336104,0.1514634124961262,0.029228229556064196,0.08265037369708138,0.132056031113612,0.13393896302644853,-0.12129961539770358,1.117675983041333,0.0
10.81081081081081,-0.15468795686988318,-0.23604787296462382,1.1134128320334227,0.1524218348659398,0.030782128608171123,0.07769495260534673,0.13198966579548832,0.13368904437139822,-0.12434494358242751,1.120438418525429,0.0
10.83083083083083,-0.15929318661938657,-0.2302614874751692,1.1164755685084047,0.1531368237491038,0.03218740570115382,0.07026385464913475,0.13191616437472134,0.13349940664160628,-0.127385362841691,1.1231818353870728,0.0
10.85085085085085,-0.16377677232525034,-0.22417928529318826,1.1195485247624108,0.15364781270030967,0.033512905198333554,0.0662749748589868,0.1318847877287064,0.13327195133232908,-0.13042075314494841,1.1259058004089402,0.0
10.87087087087087,-0.1681333614889531,-0.21782945818513788,1.1226276942885993,0.15395847630942097,0.034699592150322776,0.05933434759946155,0.13179522022115384,0.13302080493334117,-0.13345099466018753,1.1286098834453764,0.0
10.89089089089089,-0.1723580184901685,-0.21123285006076842,1.125707861291404,0.1540083501402285,0.03582983089935271,0.056511937451496685,0.13180481947025785,0.13279651960960623,-0.1364759677586626,1.1312936574903238,0.0
10.91091091091091,-0.17644622484785688,-0.2044103178844198,1.1287856883963492,0.15389135524725753,0.036765948481533355,0.04680587910903213,0.1317127431008553,0.13257774831703376,-0.13949555301961464,1.1339566987447491,0.0
10.93093093093093,-0.1803938376157454,-0.19738063839442546,1.1318564171985928,0.1535364401121777,0.03766488460769021,0.044946806307842625,0.13160469462752175,0.13221494475275297,-0.1425096312349879,1.136598586683567,0.0
10.95095095095095,-0.18419748775425984,-0.19018250692572214,1.1349129438134116,0.1528263307409449,0.038402552522710715,0.036883395751024985,0.13156528082533073,0.13198488712092424,-0.14551808341413577,1.1392189041220468,0.0
10.97097097097097,-0.18785387764247918,-0.18281949441096645,1.13795114817897,0.15191021827791404,0.038962694104773744,0.028007079103151714,0.1313484948725502,0.1315831792775515,-0.14852079078851754,1.1418172372816893,0.0
10.99099099099099,-0.19136054029211355,-0.17533313248171872,1.1409617646621395,0.15053082415847888,0.03932618898982266,0.018174744252445724,0.13104826878515818,0.13117712825432024,-0.1515176348163869,1.1443931758555668,0.0
11.01101101101101,-0.19471583024178424,-0.1677644974835337,1.1439342534585102,0.14862443981853152,0.0396873407457812,0.018057587797927547,0.13088317225348936,0.13075596201984224,-0.15450849718747364,1.1469463130731183,0.0
11.03103103103103,-0.1979187363424361,-0.160145305032593,1.1468598806468446,0.14628135941671808,0.03996987409441822,0.01412666743185028,0.13011535764411095,0.1312430076846608,-0.15749325982765236,1.1494762457643797,0.0
11.05105105105105,-0.20096807787944254,-0.1524670768503222,1.1497344346725369,0.143727701284613,0.04129502467586841,0.06625752907251026,0.13065979191575625,0.13078543432128165,-0.16047180490360474,1.1519825744236514,0.0
11.07107107107107,-0.20386280465282425,-0.14473633866908592,1.1525591577766066,0.14123615520347813,0.04307066825736478,0.08878217907481857,0.13096796056302465,0.13032823595326407,-0.16344401482747126,1.1544649032725836,0.0
11.09109109109109,-0.20659794325569614,-0.13675693014359486,1.1553316354985732,0.13862388609832746,0.04482733131159922,0.0878331527117217,0.13096351348569482,0.12977396492677118,-0.16640977226149337,1.1569228403226752,0.0
11.11111111111111,-0.20916708996831787,-0.128457335631087,1.1580433083469843,0.13558364242055898,0.046365597340433815,0.07691330144172971,0.13083675522441582,0.12920227786073404,-0.16936896012264555,1.1593559974371723,0.0
11.13113113113113,-0.21156396044622403,-0.11984352389530767,1.1606835412541183,0.1320116453567038,0.04740050717190181,0.05174549157340046,0.13055758756487124,0.12865497234824663,-0.1723214615872586,1.1617639903923611,0.0
11.15115115115115,-0.21378329993967046,-0.11096697467232226,1.163239833217712,0.12781459817969085,0.04793797735567095,0.02687350918845738,0.13037909694385239,0.128235981900339,-0.17526716009562962,1.1641464389382392,0.0
11.17117117117117,-0.2158216035754099,-0.10191518178697112,1.165703156351864,0.12316615670759451,0.0478901495194945,-0.0023913918088233864,0.12992121276357338,0.1277168074815773,-0.1782059393566253,1.166502966858563,0.0
11.19119119119119,-0.21767755635173872,-0.09279763881644096,1.1680589542185815,0.11778989333587006,0.04731886296049686,-0.028564327949881375,0.12898043195871417,0.12681756640268574,-0.1811376833522728,1.168833202030256,0.0
11.21121121121121,-0.2193527538730772,-0.08375987606692462,1.1702800072313653,0.11105265063919068,0.04650381084064311,-0.04075260599268807,0.12894859856333143,0.12648803914830262,-0.18406227634233915,1.1711367764821723,0.0
11.23123123123123,-0.22084962020214136,-0.07484331645320816,1.1723610709137582,0.10405318411965082,0.04522849100800971,-0.06376599163167018,0.1284738148534645,0.12606443591520328,-0.18697960286890022,1.1734133264532012,0.0
11.25125125125125,-0.22217194244707403,-0.06611611224663372,1.1742889948567927,0.09639619715172275,0.04373420129926364,-0.0747144854373033,0.12832405027416824,0.1257171084285677,-0.18988954776090058,1.1756624924497123,0.0
11.27127127127127,-0.22332492226026607,-0.05764899065960176,1.1760566427644676,0.08838239538374343,0.04201199167200335,-0.08611048136301405,0.12924306828840676,0.12642537571862897,-0.19279199613869813,1.1778839193023212,0.0
11.29129129129129,-0.22431315384452344,-0.049411579212868754,1.1776883495902193,0.0815853412875871,0.0399638823412644,-0.10240546653694771,0.12939710803545768,0.12634367736022847,-0.19568683341860107,1.1800772562219766,0.0
11.31131131131131,-0.2251431894307267,-0.04150177931016345,1.1791854656958884,0.07485580528345588,0.037585791809520076,-0.11890452658721622,0.12989157067550763,0.12703856521422235,-0.1985739453173904,1.182242156855353,0.0
11.33133133133133,-0.2258221311351344,-0.03394708522038627,1.180565914988337,0.06902246462242911,0.03516089570516023,-0.12124480521799288,0.13063766867648527,0.12728494734015644,-0.20145321785683126,1.1843782793395434,0.0
11.35135135135135,-0.22635850069995767,-0.026818478241163124,1.181844741390231,0.06394132009471057,0.03235842986094243,-0.14012329221088973,0.1300146209266956,0.12726678090772886,-0.20432453736817446,1.1864852863560456,0.0
11.37137137137137,-0.22676190519486308,-0.02017022474527156,1.1830127882541706,0.058402343196968035,0.02969567557469068,-0.1331377143125872,0.13215432252588086,0.12857722795541457,-0.20718779049664182,1.1885628451840258,0.0
11.391391391391391,-0.22704141659685506,-0.01397557009959835,1.184121502681993,0.05543572139111297,0.02662541803422947,-0.15351287702306052,0.1319890696189459,0.1288016767693423,-0.21004286420590312,1.190610627752862,0.0
11.411411411411411,-0.2272073518413606,-0.008296762225277216,1.1851720803376014,0.05252888278042812,0.023604527142372902,-0.1510445445928289,0.1328908772825415,0.12922826637112958,-0.21288964578253633,1.1926283106939473,0.0
11.431431431431431,-0.22727108128969922,-0.0031864724169309907,1.1861845282054033,0.050622393390096866,0.020339363148232342,-0.1632581997070276,0.1330169540220048,0.12988269766896426,-0.21572802284047932,1.1946155753917558,0.0
11.451451451451451,-0.22724405284064822,0.0013514224525500614,1.187170700735509,0.04930862650528027,0.01724038731677301,-0.15494879157296695,0.1330581113877638,0.1294535919993889,-0.21855788332546633,1.1965721080341547,0.0
11.471471471471471,-0.2271391348773696,0.005245898163932037,1.1881251311332592,0.04772151988751523,0.014019186715985307,-0.161060030039385,0.13400749564318626,0.1305726127628517,-0.22137911551945086,1.198497599661959,0.0
11.491491491491491,-0.22696786167291116,0.008563660222921238,1.1890786843262813,0.04767765965110543,0.010842486885548576,-0.15883499152183667,0.1332893990461006,0.1298145204942221,-0.22419160804501603,1.2003917462177192,0.0
11.511511511511511,-0.22674315375581022,0.011235395855047112,1.1900096903349748,0.046550300434682744,0.0076560795620905535,-0.15932036617290107,0.13509758741778433,0.13188184517720386,-0.22699524986977335,1.2022542485937369,0.0
11.531531531531531,-0.22647676828820126,0.013319273380447536,1.1909757147105056,0.04830121877653779,0.004665721153850867,-0.14951792041198428,0.1377045225564076,0.1320628423892911,-0.22978993031074388,1.204084812679296,0.0
11.551551551551551,-0.22618100584267006,0.014788122276559408,1.1920181755112587,0.052123040037655485,-3.426069164398624e-05,-0.23499909227474264,0.13292753385436615,0.12847285200630398,-0.23257553903872916,1.205883149407107,0.0
11.571571571571571,-0.2258683793141956,0.01563132642372294,1.193013192469928,0.049750847933476866,-0.005529357489621484,-0.2747548398988749,0.13486724732921002,0.13123758983942416,-0.2353519660826663,1.2076489747989532,0.0
11.591591591591591,-0.22555705258212486,0.015566336603536209,1.1940305033102636,0.05086554201677907,-0.011248311075758397,-0.28594767930684556,0.13752434254813375,0.134336585516184,-0.2381191018339696,1.2093820100105355,0.0
11.611611611611611,-0.22526915401002146,0.014394928605170125,1.195155321886375,0.056240928805569246,-0.016849889423564444,-0.28007891739030233,0.13798900451022872,0.13527655006789846,-0.2408768370508575,1.2110819813755036,0.0
11.631631631631631,-0.22502791816916393,0.012061792042877093,1.196408262941987,0.06264705278059773,-0.022025410223903846,-0.2587760400169703,0.13969706381989921,0.13700384620718378,-0.24362506286266625,1.212748620448673,0.0
11.651651651651651,-0.2248568611391689,0.008552851499751431,1.1978398948222646,0.07158159401387865,-0.02679479970192629,-0.23846947390112208,0.1387052609770912,0.13625649115842217,-0.2463636707741459,1.214381664048413,0.0
11.671671671671671,-0.2247766122388862,0.00401244501413402,1.1994240461142227,0.07920756459790987,-0.03099426842166257,-0.20997343598681367,0.13908239466612957,0.13654999097843717,-0.24909255266974534,1.2159808542982087,0.0
11.691691691691691,-0.22480683080904526,-0.00151092850795264,1.2011701743672578,0.08730641265175265,-0.03475488027873618,-0.18803059285368048,0.13736448550993513,0.13509916670148792,-0.2518116008178804,1.2175459386673815,0.0
11.711711711711711,-0.22496312807137483,-0.007814863116478492,1.2030308625063586,0.0930344069550381,-0.038033425137179104,-0.1639272429221467,0.13773873916918983,0.1357314025671398,-0.2545207078751858,1.219076670010966,0.0
11.731731731731731,-0.22526119470061215,-0.014903331461865333,1.2050205135467287,0.09948255201850537,-0.04061751478031938,-0.12920448215701372,0.13765608963154444,0.13524187291358492,-0.2572197668907532,1.2205728066087382,0.0
11.751751751751751,-0.22571388843650617,-0.022634686794701268,1.2071301735831417,0.1054830018206507,-0.043046990489426326,-0.12147378545534775,0.13453198230180022,0.13262636072454367,-0.2599086713103548,1.2220341122033862,0.0
11.771771771771771,-0.22632816821607918,-0.030713988978650505,1.2092744706083252,0.1072148512591772,-0.044975274782807106,-0.09641421466903807,0.13573407171202787,0.13384714704397876,-0.2625873149806477,1.2234603560378159,0.0
11.791791791791791,-0.22711514210618636,-0.03934869450535906,1.2114888636998176,0.1107196545746213,-0.04648599762820724,-0.07553614227000621,0.13407207793645923,0.13246643072987507,-0.2652555921533669,1.2248513128915928,0.0
11.811811811811811,-0.22808041159288864,-0.048263474335113556,1.2137279824260119,0.11195593630972,-0.04750377220398102,-0.05088872878868978,0.1343250897776816,0.13271879853090002,-0.2679133974894984,1.226206763116505,0.0
11.831831831831831,-0.22923023322551314,-0.05749108163122513,1.2159990330972261,0.11355253356071597,-0.048144162316804094,-0.0320195056411537,0.13289580599637876,0.13179026794690019,-0.27056062606343784,1.2275264926712488,0.0
11.851851851851851,-0.23056689640302408,-0.06683315887554632,1.2182669353787263,0.11339511407501275,-0.04817692659084172,-0.0016382137018810736,0.13278433950052174,0.13132146920641782,-0.2731971733671345,1.2288102931552294,0.0
11.871871871871871,-0.2320924679372483,-0.0762785767112117,1.2205229826621553,0.11280236417145141,-0.04795034816315777,0.011328921384196741,0.13063709095679796,0.1297719927772455,-0.2758229353142149,1.2300579618414675,0.0
11.891891891891891,-0.2338043183212586,-0.08559251920051467,1.2227124660244515,0.10947416811480656,-0.047266268376579566,0.034203989328910785,0.12893740985627333,0.12888253862679827,-0.278437808244094,1.2312693017086145,0.0
11.911911911911911,-0.23569970225767342,-0.09476919682074154,1.22479711399163,0.1042323983589238,-0.04555375432661222,0.0856257024983672,0.12935863529778815,0.12987038840178344,-0.2810416889260653,1.2324441214720627,0.0
11.931931931931931,-0.23777689634979654,-0.10385970460615561,1.226797902785613,0.10003943969914779,-0.042593422019850384,0.14801661533809124,0.13138398793719266,0.12978728569460501,-0.2836344745633781,1.233582235614153,0.0
11.951951951951951,-0.24003059437078209,-0.11268490104927693,1.2287438817487681,0.09729894815775735,-0.04018146452040516,0.12059787497226193,0.12690596979066948,0.12690608193306,-0.28621606279729533,1.2346834644134685,0.0
11.971971971971971,-0.24244463455621842,-0.12070200927181758,1.230526628914408,0.08913735828198932,-0.03722031719126757,0.1480573664568799,0.13027890822809962,0.12861932227673709,-0.28878635171113387,1.235747633973216,0.0
11.991991991991991,-0.2450128538778391,-0.12841096608103408,1.2322218095103126,0.08475902979522848,-0.035341404631734206,0.09394562797666761,0.1266822752584225,0.1270611540895018,-0.29134523983428795,1.2367745762486861,0.0
12.012012012012011,-0.24772108197129689,-0.1354114046728885,1.2337535484418147,0.07658694657510934,-0.03286500607057302,0.12381992805806,0.1304658748051667,0.12959717953365463,-0.2938926261462365,1.2377641290737884,0.0
12.032032032032031,-0.25056543971711137,-0.1422178872907252,1.2352156675204302,0.07310595393077693,-0.03109515666717769,0.08849247016976644,0.12851691760780162,0.12592872957004803,-0.29642841008052956,1.2387161361866608,0.0
12.052052052052051,-0.2535336436874971,-0.14841019851928458,1.2365253161557423,0.06548243176560654,-0.03143934413916634,-0.017209373599431685,0.13037392373282017,0.12883508745098915,-0.2989524915287594,1.239630447254344,0.0
12.072072072072071,-0.25662108665885425,-0.15437214856785672,1.2377532419102848,0.06139628772711855,-0.033375432973866186,-0.09680444173499288,0.12925964308961782,0.12936565160140115,-0.30146477084451234,1.2405069178965213,0.0
12.092092092092091,-0.25982872743591534,-0.16038203885305588,1.2388907600857706,0.05687590877428903,-0.03580380282088213,-0.12141849235079683,0.12834864738880641,0.12999701858114432,-0.30396514884730275,1.2413454097083185,0.0
12.112112112112111,-0.26316377977602234,-0.16675261700534932,1.2399334899825185,0.052136494837392654,-0.03763972677753174,-0.09179619783248061,0.12665107585837843,0.12944172923345976,-0.30645352682648813,1.2421457902821578,0.0
12.132132132132131,-0.2666342943282879,-0.17352572761327642,1.240847755855089,0.04571329362852554,-0.03807346586997002,-0.021686954621914528,0.12636784377274904,0.12900298683569078,-0.3089298065451672,1.2429079332286685,0.0
12.152152152152151,-0.27024674661484804,-0.1806226143280088,1.241622613635455,0.03874288901829637,-0.03742799224397615,0.03227368129969341,0.1269405090604935,0.12922086874708721,-0.31139389024405634,1.2436317181966443,0.0
12.172172172172171,-0.2740031423810736,-0.18781978831127688,1.242269704540295,0.032354545242010875,-0.03617894045531128,0.06245258943324403,0.12681076208808245,0.12924697363377585,-0.3138456806453502,1.2443170308920484,0.0
12.192192192192191,-0.2779009247572492,-0.19488911880878,1.2427875866574152,0.025894105856001305,-0.03432588602823713,0.09265272135370754,0.12695604588042533,0.12948748643194147,-0.31628508095656216,1.2449637630960617,0.0
12.212212212212211,-0.2819354897013276,-0.2017282472039197,1.243182146094995,0.019727971878994475,-0.031974823440730715,0.11755312937531995,0.12674346436477144,0.12937831872184444,-0.318711994874345,1.2455718126821722,0.0
12.232232232232231,-0.2860995724015585,-0.20820413501154317,1.2434488671333077,0.013336051915637212,-0.02920065148886113,0.1387085975934792,0.1275858119606678,0.13004329894787423,-0.3211263265882922,1.2461410836323012,0.0
12.252252252252251,-0.2903849279207021,-0.21426777595717916,1.2436103648160826,0.008074884138745915,-0.02624845084490821,0.14761003219764593,0.12756872816117393,0.13033361905438992,-0.32352798078472217,1.246671486051967,0.0
12.272272272272271,-0.2947810308446344,-0.21980514619661773,1.2436710091832035,0.0030322183560484543,-0.023017150023304775,0.16156504108017172,0.127997705558973,0.1306313082915031,-0.32591686265043923,1.2471629361844785,0.0
12.292292292292291,-0.29927682807827366,-0.22478986168196147,1.2436418746422544,-0.0014567270474588959,-0.019756460834264397,0.16303445945201903,0.12877153488734516,0.1314535110934167,-0.32829287787647826,1.2476153564241628,0.0
12.312312312312311,-0.30386044794560374,-0.22918099336650513,1.2435469047948633,-0.004748492369560182,-0.016520616144448618,0.16179223449078906,0.12891282023500047,0.1316714899263899,-0.330655932661826,1.2480286753286194,0.0
12.332332332332332,-0.3085193939694956,-0.2329473011945955,1.2433916898582187,-0.007760746832233283,-0.013329493193959277,0.15955614752446687,0.1296001834309806,0.13226030185619936,-0.3330059337171257,1.248402827630002,0.0
12.352352352352352,-0.3132414043098534,-0.23610051701788953,1.243195360124679,-0.00981648667697957,-0.010463619448084448,0.1432936872937416,0.1298402278062336,0.13266407630437022,-0.33534278826835995,1.248737754245325,0.0
12.372372372372372,-0.31801420604613767,-0.23864008681421206,1.2429676375641578,-0.011386128026060984,-0.007843767936814494,0.13099257556349778,0.13008868279113106,0.13284985649942463,-0.337666404060512,1.2490334022857932,0.0
12.392392392392392,-0.32282669299115296,-0.24062434725076556,1.2427150875251525,-0.012627501950268544,-0.0055892427215362556,0.11272626076391172,0.1302366956274711,0.13310510912026016,-0.3399766893612096,1.2492897250651536,0.0
12.412412412412412,-0.3276686612651462,-0.24209841369966217,1.242443777542104,-0.01356549915241833,-0.0037235866966655964,0.09328280124353289,0.1300653518378666,0.13304360548873914,-0.34227355296434436,1.249506682107068,0.0
12.432432432432432,-0.3325312557020232,-0.2431297218438487,1.242150317153478,-0.014673019431297073,-0.002255075263594066,0.07342557165357655,0.12987645122729535,0.1330560042191552,-0.34455690419367413,1.2496842391515044,0.0
12.452452452452452,-0.33740722392013517,-0.24379841090559773,1.2418321253967994,-0.01590958783393383,-0.0009514967367866649,0.06517892634037002,0.12946446115306778,0.1327033467996152,-0.34682665290640236,1.2498223681601472,0.0
12.472472472472472,-0.3422907639409562,-0.24417700104105175,1.2414778912896547,-0.017711705357236783,0.00010077790243623608,0.052613731961145035,0.12927175318361986,0.1330006746101322,-0.3490827094967364,1.249921047320825,0.0
12.492492492492492,-0.34717682697299607,-0.24430315160199356,1.2410891728724376,-0.019435920860859768,0.0013251960393764798,0.061220906847012174,0.1281206861477027,0.13174690240770462,-0.35132498489942454,1.249980261050954,0.0
12.512512512512512,-0.35206131783881534,-0.2442245432909643,1.2406303446364912,-0.022941411797322425,0.002616210043500782,0.06455070020621512,0.1292946858271202,0.13300314193200072,-0.35355339059327373,1.25,0.0
12.532532532532532,-0.35693944621501833,-0.24390641881015104,1.2401374067330293,-0.024646895173096317,0.003971900116247758,0.06778450363734874,0.1260756511062095,0.13207554921320755,-0.3557678386046426,1.249980261050954,0.0
12.552552552552552,-0.3618063847110464,-0.24334692480140355,1.2395489179681582,-0.029424438243557366,0.007295033288453664,0.16615665861029533,0.12996165324050593,0.1346005373060012,-0.35796824151091555,1.249921047320825,0.0
12.572572572572572,-0.36665655338074127,-0.2425084334847412,1.238959838146753,-0.029453991070265664,0.011455219338997695,0.20800930252720137,0.1318509888857546,0.13573711103662728,-0.36015451244395347,1.2498223681601472,0.0
12.592592592592592,-0.37147664210756914,-0.2410044363413946,1.2384149209885726,-0.027245857909024444,0.015950798734276954,0.22477896976396286,0.13296550685733227,0.13633037673980003,-0.36232656509352335,1.2496842391515044,0.0
12.612612612612612,-0.376249861178293,-0.23866095353619407,1.2379393107194496,-0.023780513456152286,0.02034559148385832,0.2197396374790685,0.13359026531363669,0.13667372128049818,-0.36448431371070567,1.249506682107068,0.0
12.632632632632632,-0.3809580894791497,-0.2354114150428359,1.2375471020201483,-0.019610434965063126,0.024514313198283906,0.20843608572127922,0.1336933457533345,0.13660063226062846,-0.3666276731112801,1.2492897250651536,0.0
12.652652652652652,-0.3855837756844035,-0.23128431026268886,1.2372384197916781,-0.015434111423511865,0.02843898941391503,0.196233810781556,0.13370693873462627,0.13632804531504064,-0.368756558679087,1.2490334022857932,0.0
12.672672672672672,-0.3901103339731294,-0.22632791443629552,1.237009053846788,-0.011468297244515683,0.0319127004740912,0.17368555300880895,0.1342549501599697,0.13663614693674336,-0.37087088636936955,1.248737754245325,0.0
12.692692692692692,-0.3945217692938105,-0.2205717660340557,1.2368712665590023,-0.006889364389284441,0.03488909615562003,0.14881978407644167,0.13411203295741042,0.13641619518499093,-0.37297057271209105,1.248402827630002,0.0
12.712712712712712,-0.3988043194032778,-0.21412750547336504,1.2368192642207423,-0.002600116913003705,0.03730819638621784,0.12095501152988974,0.13340716166352912,0.13563778149556324,-0.3750555348152299,1.2480286753286194,0.0
12.732732732732732,-0.4029468793909293,-0.20712799938257584,1.2368306872516734,0.0005711515465582338,0.039232416042841486,0.09621098283118248,0.13197655947280892,0.13435953819620614,-0.3771256903680519,1.2476153564241628,0.0
12.752752752752752,-0.406941318221285,-0.19972194151778333,1.2368650845397693,0.0017198644047942363,0.040802667139837975,0.07851255484982415,0.1314300717818375,0.13355193292902282,-0.37918095764436077,1.2471629361844785,0.0
12.772772772772772,-0.41078089545421476,-0.19197886164648856,1.2369021203913955,0.0018517925813096967,0.041952177171568156,0.05747550158650898,0.13178286163425557,0.13378461479279966,-0.38122125550572394,1.246671486051967,0.0
12.792792792792792,-0.4144591474897765,-0.18391260177808819,1.236950214629301,0.0024047118952715786,0.042702985335904275,0.03754040821680557,0.1312535066388985,0.13313404835057643,-0.3832465034046751,1.2461410836323012,0.0
12.812812812812812,-0.4179723514311547,-0.17566019706890926,1.2369917152379122,0.0020750304305576883,0.043107535439391456,0.020227505174359586,0.13062587173118,0.13246852905896067,-0.3852566213878947,1.2455718126821722,0.0
12.832832832832834,-0.42131848129716726,-0.16730649330062836,1.237007357402184,0.0007821082135895407,0.043360521448526215,0.012649300456737428,0.12939186484034446,0.13129803923590372,-0.38725153009936686,1.2449637630960617,0.0
12.852852852852854,-0.42449754685277613,-0.15895327778044369,1.236961484408265,-0.002293649695945475,0.0436320625778575,0.013577056466564486,0.12991223966150972,0.1313830373768908,-0.3892311507835115,1.2443170308920484,0.0
12.872872872872874,-0.4275082193994315,-0.15053362733276957,1.236863014086157,-0.004923516105409221,0.043660259673586936,0.0014098547864717249,0.13016687440527214,0.13148354838396495,-0.39119540528829405,1.2436317181966443,0.0
12.892892892892894,-0.4303493306442162,-0.14205556223923557,1.2367171571403779,-0.007292847288956959,0.04358754705114377,-0.003635631122158597,0.13065157249699313,0.13146930515056157,-0.39314421606830957,1.2429079332286683,0.0
12.912912912912914,-0.4330204961686823,-0.13355827622330502,1.2365308718616697,-0.009314263935406426,0.04308402848042657,-0.025175928535859666,0.12973060642504947,0.13080613763906518,-0.3950775061878452,1.2421457902821578,0.0
12.932932932932934,-0.4355231230244782,-0.1251313427897932,1.2362807242084262,-0.01250738266217083,0.0426001615478242,-0.02419334663011862,0.1290346163127631,0.13003878170534472,-0.3969951993239175,1.2413454097083185,0.0
12.952952952952954,-0.43786013081641983,-0.11685038959708183,1.2359451392936813,-0.01677924573724289,0.04218442760726266,-0.020786697028077186,0.12974082845435125,0.13033692981051778,-0.39889721976928555,1.2405069178965213,0.0
12.972972972972974,-0.44003283582621033,-0.108635250489524,1.2355390625686518,-0.020303836251476026,0.041735868779255045,-0.02242794140038122,0.1306606420107117,0.13073667550601614,-0.4007834924354382,1.239630447254344,0.0
12.992992992992994,-0.4420420731236848,-0.10046186487372398,1.2350820935525482,-0.02284845080518335,0.04097943373576274,-0.037821752174615135,0.1332316432154831,0.13182073983983308,-0.40265394285556105,1.2387161361866608,0.0
13.013013013013014,-0.44388741028141876,-0.09226685788669599,1.2346284070768319,-0.022684323785819704,0.038943272329835854,-0.10180807029634373,0.13148497369485143,0.1303580907011817,-0.40450849718747367,1.2377641290737884,0.0
13.033033033033034,-0.4455737984268603,-0.08431940727207614,1.2341306204055804,-0.024889333562566854,0.03593926118170878,-0.15020055740635357,0.131145254042115,0.1350022340383175,-0.4063470822165468,1.2367745762486861,0.0
13.053053053053054,-0.44710674309534515,-0.07664723342424391,1.2336527699833852,-0.023892521109761637,0.03618301344838839,0.012187613333980274,0.12559119174092728,0.12614565664554991,-0.40816962535859197,1.235747633973216,0.0
13.073073073073074,-0.4485058180471966,-0.0699537475925724,1.2329819460854823,-0.03354119489515159,0.03719048750326219,0.05037370274368952,0.1280700347880627,0.12791562890233077,-0.409976054662726,1.2346834644134685,0.0
13.093093093093094,-0.4497679340360084,-0.06310579944058961,1.2321810201493133,-0.040046296808454576,0.038623352790489604,0.07164326436137129,0.12881083265647636,0.12820164319465877,-0.4117662988142137,1.233582235614153,0.0
13.113113113113114,-0.45088878621024775,-0.05604260871196724,1.2312650535494492,-0.04579832999320535,0.04030495482473464,0.08408010171225155,0.12984438970550044,0.12867158158409864,-0.4135402871372808,1.232444121472063,0.0
13.133133133133134,-0.45186209984240466,-0.04866568160784683,1.2302560969189065,-0.050447831527138755,0.04187219243828915,0.07836188067772576,0.13029301132080331,0.12832350410186086,-0.4152979495979064,1.2312693017086145,0.0
13.153153153153154,-0.4526814634927531,-0.040968182517423304,1.2291553844952667,-0.0550356211819867,0.04288603815376064,0.05069228577357476,0.13127695151928312,0.12807374982451747,-0.4170392168065855,1.2300579618414675,0.0
13.173173173173174,-0.45334047617903334,-0.03295063431400998,1.2279735369204665,-0.05909237874000877,0.042486386169669384,-0.019982599204562926,0.12485591273714312,0.12317679689603393,-0.41876402002107094,1.2288102931552294,0.0
13.193193193193194,-0.4538425349117019,-0.02510293663342797,1.2265428693780953,-0.07153337711856245,0.042128877149385326,-0.017875451014202442,0.12745280990472488,0.12527367812394508,-0.4204722911490845,1.227526492671249,0.0
13.213213213213214,-0.45418622162308525,-0.0171843355691663,1.224932919242088,-0.08049750680036648,0.04157328519914824,-0.027779597511854805,0.1275464902901662,0.12463285136171959,-0.42216396275100765,1.2262067631165048,0.0
13.233233233233234,-0.454373276229214,-0.009352730306436755,1.2231356444463628,-0.08986373978625281,0.040374495551576225,-0.05993948237860113,0.1301664597319681,0.12539119299440404,-0.4238389680425416,1.2248513128915928,0.0
13.253253253253254,-0.45440375764752916,-0.0015240709157593822,1.2212011376436132,-0.09672534013747919,0.03719442207963471,-0.15900367359707462,0.13151308433187683,0.12857378588202786,-0.4254972408973458,1.223460356037816,0.0
13.273273273273274,-0.45427954783284913,0.006210490734000795,1.2191966295848513,-0.10022540293809369,0.03362958860483049,-0.17824167374021152,0.12974314623141905,0.12546637230105448,-0.42713871584964763,1.2220341122033862,0.0
13.293293293293294,-0.4540156149187125,0.013196645706830377,1.2170503883003805,-0.10731206422353738,0.028694144872184524,-0.24677218663229794,0.13320738332056548,0.13088958751751664,-0.42876332809682627,1.2205728066087382,0.0
13.313313313313314,-0.45362108638446336,0.019726426712458483,1.2148944824941224,-0.1077952903129037,0.02415061045068229,-0.22717672107511167,0.13444554566910005,0.13153894932942203,-0.4303710135019719,1.2190766700109659,0.0
13.333333333333334,-0.4531144314928781,0.02533274457926094,1.2127574656185178,-0.10685084378023046,0.019455485190080012,-0.2347562630301138,0.13271766517990183,0.1302833752515523,-0.4319617085964176,1.2175459386673815,0.0
13.353353353353354,-0.4525147119469298,0.029985977297415155,1.2105956242424654,-0.1080920688026224,0.015209153423009531,-0.21231658835352393,0.13486385385956448,0.13326082555959795,-0.4335353505822449,1.215980854298209,0.0
13.373373373373374,-0.4518387667147428,0.03379726160935067,1.2084852485892585,-0.10551878266034266,0.012133866858999207,-0.15376432820051628,0.12885162912298384,0.12816280103922834,-0.4350918773347628,1.214381664048413,0.0
13.393393393393394,-0.45110598495742793,0.03663908786574358,1.206262053745808,-0.11115974217253186,0.011005830725778022,-0.05640180666105914,0.13304971836695212,0.1336788391085129,-0.4366312274049602,1.2127486204486728,0.0
13.413413413413414,-0.45032638670865927,0.03897991243843252,1.2040701021971267,-0.10959757743406318,0.013009233071161088,0.10017011726915324,0.14547293817749513,0.13957617126326183,-0.4381533400219318,1.2110819813755038,0.0
13.433433433433434,-0.44950145524995994,0.041246572934965205,1.2021808446611355,-0.09446287679956297,0.01294925103457365,-0.0029991018293718252,0.12638805770637462,0.12145734067171657,-0.43965815509527806,1.2093820100105355,0.0
13.453453453453454,-0.4486298948973151,0.043578017632243074,1.2000430601026002,-0.10688922792676099,0.011580468853222852,-0.06843910906753997,0.12831110590947678,0.1243760529928448,-0.4411456132174767,1.2076489747989532,0.0
13.473473473473474,-0.447711027401236,0.045943374803955564,1.1977284751516946,-0.11572924754528341,0.009764972555765892,-0.09077481487284783,0.13233364193099628,0.12764445032388202,-0.44261565566622757,1.205883149407107,0.0
13.493493493493494,-0.4467487370972552,0.04811451519903775,1.1953451592374562,-0.119165795711922,0.00692078413289287,-0.14220942114365084,0.13223346875021125,0.1290340315371475,-0.4440682244067723,1.2040848126792958,0.0
13.513513513513514,-0.44574983397733975,0.049945155995773094,1.1929122884172285,-0.12164354101138786,0.004244640938113488,-0.1338071597389691,0.13299611186257357,0.12920608120308644,-0.4455032620941839,1.2022542485937369,0.0
13.533533533533534,-0.44472531085421557,0.051226156156207514,1.1904438015037908,-0.12342434567188221,0.0014431026192724089,-0.14007691594205382,0.14135428575988346,0.13635033523266782,-0.4469207120756318,1.2003917462177194,0.0
13.553553553553554,-0.443684543280204,0.05203837870057752,1.1881694200614268,-0.11371907211820415,-0.0025639548794923377,-0.20035287493823717,0.1370782290755086,0.13340168055592833,-0.44832051839261794,1.198497599661959,0.0
13.573573573573574,-0.4426391695453374,0.052268686743332175,1.1859821442188874,-0.10936379212696622,-0.006816295851857281,-0.21261704861824712,0.1376485359382957,0.13459762259828106,-0.44970262578318543,1.196572108034155,0.0
13.593593593593594,-0.44160531290970223,0.05169283178175801,1.1839081315420128,-0.10370063384372796,-0.01081960243292988,-0.20016532905362985,0.13780939108499768,0.1347557537021426,-0.4510669796841014,1.1946155753917558,0.0
13.613613613613614,-0.4406001507156987,0.050258109700177904,1.1819520272038921,-0.09780521690603455,-0.014593396292273745,-0.18868969296719304,0.13629003924309172,0.13342200038729568,-0.4524135262330097,1.1926283106939475,0.0
13.633633633633634,-0.43963938659845003,0.04803820586243393,1.1800714229106113,-0.09403021466404216,-0.018002210272933295,-0.17044069903297737,0.13594081235835415,0.1335923522243484,-0.4537422122705585,1.1906106277528619,0.0
13.653653653653654,-0.43873801385597977,0.04506863712351213,1.1782634773466387,-0.09039727819862814,-0.02073903596649601,-0.1368412846781355,0.13657476278370315,0.13361205048027094,-0.4550529853424978,1.188562845184026,0.0
13.673673673673674,-0.4379098280843033,0.04140928858382502,1.176537650796482,-0.08629132750783446,-0.023273253442632653,-0.12671087380683188,0.13382291918020905,0.13129801224159485,-0.45634579370175143,1.1864852863560453,0.0
13.693693693693694,-0.43716413928482845,0.03728443997374336,1.1748186971085457,-0.08594768439681841,-0.02545457472908942,-0.10906606432283822,0.13487082885501023,0.13210153674259903,-0.45762058631045877,1.1843782793395436,0.0
13.713713713713714,-0.4365115462944146,0.032629649520692666,1.1731338184847213,-0.08424393119121636,-0.027460988941749497,-0.10032071063300357,0.13301883881899543,0.13055354085032522,-0.4588773128419906,1.1822421568553527,0.0
13.733733733733734,-0.43595933308370677,0.02761066053539168,1.1714324509030523,-0.08506837908345277,-0.029185987668715635,-0.08624993634830669,0.13370795954409748,0.13174152006763454,-0.4601159236829352,1.1800772562219768,0.0
13.753753753753754,-0.43551605149537526,0.0221640794165756,1.1697421855049415,-0.08451326990554495,-0.030332199894152086,-0.05731061127182223,0.1342541570464274,0.1323599734449576,-0.46133636993505733,1.1778839193023214,0.0
13.773773773773774,-0.4351889166439369,0.016356742571917514,1.1680800769168656,-0.0831054294037912,-0.031001429862602622,-0.03346149842252709,0.13320696901713447,0.13078536539829683,-0.462538603417229,1.1756624924497123,0.0
13.793793793793794,-0.4349811878103184,0.010386441680922336,1.1664071668719336,-0.08364550224659975,-0.03181691654443024,-0.04077433409138055,0.13162443798193754,0.12987783280767734,-0.46372257666733074,1.173413326453201,0.0
13.813813813813814,-0.4348943078087583,0.00434400007800456,1.1646865030110178,-0.0860331930457822,-0.032308390625616606,-0.024573704059317827,0.13332010553679027,0.13172103536700738,-0.46488824294412573,1.171136776482172,0.0
13.833833833833834,-0.4349330249467579,-0.0019358568999792098,1.1629703872908883,-0.08580578600648028,-0.03253382253717096,-0.01127159557771733,0.13110113714483615,0.12960974363500533,-0.4660355562291054,1.168833202030256,0.0
13.853853853853854,-0.43509716593608094,-0.008207049466152184,1.1611946393251562,-0.08878739828660692,-0.03247618421548963,0.0028819160840657977,0.1304910608040924,0.13053852556616768,-0.4671644712283059,1.1665029668585631,0.0
13.873873873873874,-0.4353876512166092,-0.014524264026414851,1.159363949955318,-0.09153446849190824,-0.031138180508858915,0.06690018533153663,0.13175165292768704,0.13090795581634992,-0.46827494337409614,1.1641464389382392,0.0
13.893893893893894,-0.4358049473032221,-0.020864804330645845,1.1575024621712495,-0.09307438920342855,-0.02944671315536456,0.08457336767471796,0.13052583338138884,0.13023787372903803,-0.4693669288269371,1.161763990392361,0.0
13.913913913913914,-0.43634295504875137,-0.026900387276463898,1.1555822677333636,-0.09600972189429566,-0.02700531915901161,0.12206969981764798,0.12919338314063972,0.12938602298938073,-0.4704403844771127,1.1593559974371723,0.0
13.933933933933934,-0.436994155652342,-0.03256003017953171,1.153571218569202,-0.100552458208077,-0.023508305129768033,0.17485070146217907,0.13290380584288125,0.13090559106746869,-0.47149526794643215,1.1569228403226752,0.0
13.953953953953954,-0.4377512112939654,-0.03785278208116971,1.1515470317211878,-0.10120934240070995,-0.020890551616536912,0.13088767566155668,0.1290574072048845,0.1279414877684962,-0.47253153758990246,1.1544649032725836,0.0
13.973973973973974,-0.43859796950306945,-0.042337910455202986,1.1494091838991942,-0.10689239109967272,-0.018709145481466224,0.10907030675353475,0.1290249393405157,0.12873719800318298,-0.4735491524973721,1.1519825744236514,0.0
13.993993993993994,-0.4395246624597294,-0.04633464783299548,1.147169201169626,-0.11199913647841585,-0.016390321778758942,0.11594118513536465,0.13179807796436713,0.13023870003353916,-0.47454807249514736,1.1494762457643797,0.0
14.014014014014014,-0.44052405840398223,-0.04996979721264309,1.1448905653836212,-0.11393178930023337,-0.015146808249499323,0.06217567646298093,0.12964138049293614,0.12901563123356372,-0.47552825814757677,1.1469463130731183,0.0
14.034034034034034,-0.4415862663611472,-0.05311039785824598,1.1425233706250537,-0.11835973792837753,-0.014386588437392692,0.038010990605331925,0.13216958328041187,0.1287726976274146,-0.4764896707586093,1.1443931758555672,0.0
14.054054054054054,-0.44270697450713387,-0.05603540729933491,1.140101543985513,-0.12109133197702991,-0.016459069397947085,-0.10362404802771899,0.1319451353404532,0.13052695909033873,-0.4774322723733215,1.141817237281689,0.0
14.074074074074074,-0.4438834976581676,-0.0588261575516868,1.1376477904194429,-0.12268767830351655,-0.01994085017801248,-0.1740890390032692,0.13123681437097018,0.13149340908374926,-0.47835602577941516,1.139218904122047,0.0
14.094094094094094,-0.44512385058366216,-0.0620176462747293,1.1351658092581502,-0.12409905806462979,-0.023724096114861492,-0.18916229684245034,0.13030502959351598,0.132214748952373,-0.479260894508688,1.1365985866835673,0.0
14.114114114114114,-0.4464414793465902,-0.06588143814640175,1.1326522367845673,-0.12567862367914795,-0.02657640301801797,-0.14261534515782356,0.13016254461158636,0.13244366662285265,-0.4801468428384715,1.1339566987447494,0.0
14.134134134134134,-0.44785101546716366,-0.07047680602867368,1.1301080319111965,-0.1272102436685381,-0.028437579744381946,-0.09305883631819806,0.12905699383828262,0.13171490477085768,-0.48101383579304297,1.1312936574903238,0.0
14.154154154154154,-0.4493627683782876,-0.07558764555619707,1.1275057501749486,-0.13011408681239628,-0.029138832401155914,-0.03506263283869775,0.1295662734936804,0.1317356887506901,-0.4818618391450048,1.1286098834453768,0.0
14.174174174174174,-0.4509840726847545,-0.08106521532334468,1.1248530434379054,-0.13263533685215664,-0.02923446548694379,-0.0047816542893935575,0.1291130551495655,0.13163769821601912,-0.482690819416637,1.1259058004089402,0.0
14.194194194194194,-0.45271734942808267,-0.08666383716640805,1.1221416709701106,-0.13556862338973935,-0.028556009577012514,0.03392279549656409,0.12864022467033517,0.1310617425860383,-0.4835007438812175,1.123181835387073,0.0
14.214214214214214,-0.4545624387284909,-0.09225446502041203,1.1193560910578884,-0.13927899561111676,-0.027345235004645536,0.06053872861834943,0.1283936337487663,0.13122656468169006,-0.4842915805643156,1.1204384185254286,0.0
14.234234234234235,-0.4565166100276879,-0.0977085649598511,1.1164951682203086,-0.14304614187899028,-0.025456784748226265,0.09442251282096377,0.12895087371664943,0.13196092339843837,-0.4850632982450529,1.1176759830413332,0.0
14.254254254254255,-0.4585757001055377,-0.10295450389249088,1.1135781602456323,-0.14585039873381792,-0.022812319723827416,0.13222325121994316,0.12879522408126534,0.1315265753277516,-0.48581586645733693,1.1148949651553721,0.0
14.274274274274275,-0.4607321239525595,-0.10782119235109139,1.1105965219519605,-0.14908191468359225,-0.01977121499993119,0.15205523619481168,0.12951911807904332,0.13187285072816443,-0.4865492554910633,1.112095804022508,0.0
14.294294294294295,-0.4629759918170653,-0.11219339322528833,1.1075663496925707,-0.15150861296948437,-0.01675002291226284,0.1510596043834178,0.13005709298076237,0.13242411524495395,-0.4872634363932886,1.1092789416627329,0.0
14.314314314314315,-0.4652957964502363,-0.11599023165854952,1.1045040279194183,-0.15311608865762374,-0.0138447400896187,0.14526414113220745,0.1303918485027723,0.13262835526338765,-0.4879583809693737,1.106444822891268,0.0
14.334334334334335,-0.46767992076149884,-0.11920621556312885,1.1014177551495978,-0.15431363849102397,-0.011163933188335957,0.13404034506413762,0.1304317120584672,0.133071982570709,-0.4886340617840967,1.103593895248321,0.0
14.354354354354355,-0.47011707649797657,-0.12185778682388661,1.0983148666946863,-0.1551444227455738,-0.008523478603581148,0.13202272923774047,0.13029311878767302,0.13262076331766237,-0.489290452162736,1.100726608928416,0.0
14.374374374374375,-0.47259665554860114,-0.12397895253122955,1.0951867559930997,-0.1564055350793321,-0.0062651907702843315,0.11291439166484116,0.13071859345236095,0.1333834271597915,-0.48992752619212343,1.0978434167093007,0.0
14.394394394394395,-0.47510851819668676,-0.12559313240428066,1.0920511256945589,-0.15678151492703676,-0.004124800224621731,0.10701952728313022,0.1306605890398304,0.13318547812565576,-0.4905452587216671,1.09494477388045,0.0
14.414414414414415,-0.4776437437536295,-0.12676127784713753,1.0889042493050303,-0.1573438194764246,-0.002337024125157813,0.08938880497319612,0.13069911143304835,0.13345611704926844,-0.49114362536434436,1.0920311381711696,0.0
14.434434434434435,-0.48019396005277826,-0.12751081495743885,1.0857507504165391,-0.15767494442455351,-0.0007613056070029335,0.07878592590774407,0.1308657867936972,0.13360344767969518,-0.4917226024976648,1.0891029696783128,0.0
14.454454454454455,-0.48275217109162666,-0.1279105519424192,1.0825953035613862,-0.15777234275764712,0.0005716665148203363,0.06664860609116359,0.12987642460955146,0.133349429728681,-0.4922821672646027,1.0861607307936292,0.0
14.474474474474475,-0.4853121965366415,-0.1280012722507411,1.0794194978626361,-0.15879028493750197,0.002272784623088459,0.08505590541340619,0.12875400725419478,0.13211816469701596,-0.49282229757449897,1.0832048861307468,0.0
14.494494494494495,-0.4878688011446347,-0.1278302303996601,1.076188464450173,-0.1615516706231619,0.004143249902255194,0.09352326395833688,0.1293379158392072,0.1324689020262387,-0.4933429721039341,1.0802359024518022,0.0
14.514514514514515,-0.4904153932725414,-0.12732960639533553,1.072916040544045,-0.16362119530639135,0.006033660276702644,0.09452051872237245,0.13062252921383646,0.13368062912425924,-0.49384417029756883,1.0772542485937369,0.0
14.534534534534535,-0.49294456011200666,-0.12645834197326203,1.0696391853750824,-0.1638427584481346,0.007883340814680537,0.09248402689889469,0.12881735395396465,0.13354796074972058,-0.494325872368957,1.074260395394259,0.0
14.554554554554555,-0.4954490755771388,-0.12522577325660567,1.0663291530062107,-0.16550161844358469,0.01104344947620779,0.15800543307636247,0.13043120988319226,0.13412852744665107,-0.49478805930132547,1.0712548156174941,0.0
14.574574574574575,-0.4979215171026515,-0.12362207627563311,1.06301840236426,-0.16553753209753602,0.014742415980220457,0.18494832520063337,0.13189594229610155,0.13513983373457986,-0.4952307128483256,1.0682379838793314,0.0
14.594594594594595,-0.5003490741572885,-0.12137785273185162,1.0597434960578862,-0.16374531531868464,0.018583468006431337,0.19205260131054416,0.1339566789477543,0.1362944475273934,-0.4956538155347533,1.0652103765724743,0.0
14.614614614614615,-0.5027164449763166,-0.11836854095140548,1.056551875069666,-0.15958104941100199,0.02191603008393212,0.1666281038750393,0.13439218116977378,0.13696467842967872,-0.4960573506572389,1.0621724717912138,0.0
14.634634634634635,-0.5050079810104796,-0.11457680170815047,1.0534596615635519,-0.15461067530571582,0.025000678130206965,0.15423240231374222,0.13407107657728184,0.1361053611999659,-0.49644130228490685,1.059124749255931,0.0
14.654654654654655,-0.5072106987175251,-0.11013588535227697,1.0504491007364165,-0.15052804135677036,0.027469896361970555,0.12346091158817901,0.1346668005502582,0.13665415919743212,-0.4968056552600042,1.0560676902373454,0.0
14.674674674674675,-0.5093118353468302,-0.10505683146525302,1.0475368535650493,-0.14561235856836188,0.029301403398987905,0.09157535185086782,0.13414393940662628,0.1360189528946503,-0.49715039519849946,1.0530017774805136,0.0
14.694694694694695,-0.5113019714819145,-0.09950680675421515,1.0447055096070033,-0.14156719790230038,0.030474393468833374,0.05864950349227331,0.13324177289897018,0.1351897780185527,-0.4974755084906501,1.0499274951286017,0.0
14.714714714714715,-0.5131746001860387,-0.09363143520620965,1.0419292223189258,-0.13881436440387437,0.03119231403971421,0.03589602854404192,0.13217572298730182,0.13419616431666875,-0.49778098230154,1.046845328646431,0.0
14.734734734734735,-0.5149260146324792,-0.08757072232202992,1.0391773529360457,-0.1375934691440089,0.03157082435696883,0.01892551586273062,0.13116083619552021,0.13329529846413815,-0.49806680457158625,1.043755764743819,0.0
14.754754754754755,-0.5165543065275302,-0.08141459475255079,1.0364214464036827,-0.13779532661814906,0.03178308915896643,0.010613240099881259,0.13076929339819127,0.1327868002401323,-0.49833296401701493,1.0406592912987211,0.0
14.774774774774775,-0.5180584973603705,-0.07520954164201088,1.0336481288955346,-0.13866587540740927,0.031906053533379726,0.006148218720663728,0.13146177904963804,0.13316668413058005,-0.49857945013030697,1.0375563972801893,0.0
14.794794794794795,-0.5194372946736023,-0.068939865661595,1.0308732530949092,-0.1387437900312706,0.031775474704305716,-0.006528941453700758,0.13106254177665813,0.1328863447958357,-0.4988062531806126,1.0344475726711593,0.0
14.814814814814815,-0.5206906041885807,-0.0626654757489166,1.02808674097548,-0.13932560597145963,0.03162278376095161,-0.007634547167705695,0.13042836729941792,0.13229112468958634,-0.4990133642141358,1.031333308391076,0.0
14.834834834834835,-0.5218195501831183,-0.05644729972688284,1.0252704047336179,-0.1408168120931027,0.03155311833609648,-0.0034832712427564387,0.1306859867922893,0.13237169231031332,-0.4992007750544875,1.0282140962183706,0.0
14.854854854854855,-0.522824630691021,-0.05025402539513515,1.0224292708793687,-0.14205669271245303,0.031552168987527586,-4.746742844652244e-05,0.13176979192946073,0.13308955723369092,-0.49936847830300873,1.025090428712804,0.0
14.874874874874875,-0.5237053811114755,-0.04403752102271959,1.0195900261097632,-0.1419622384802708,0.03153993197588319,-0.0006118505822213035,0.13198157706463204,0.13296932800715114,-0.49951646733906235,1.0219627991376858,0.0
14.894894894894895,-0.5244618028189846,-0.037821085375453034,1.0167540262510393,-0.1417999929361936,0.03133328038233941,-0.010332579677190366,0.1309778302395324,0.13207282142580698,-0.49964473632029466,1.018831701381983,0.0
14.914914914914915,-0.5250949110840647,-0.03165541325400433,1.0138931349170053,-0.14304456670169838,0.031176634952031403,-0.007832271515402351,0.1313896917500537,0.13203855995151367,-0.4997532801828658,1.0156976298823284,0.0
14.934934934934935,-0.5256053759136399,-0.0255232414787612,1.0110129687491378,-0.14400830839337803,0.030794273395588642,-0.01911807782214013,0.13377487882137143,0.13313858368476442,-0.49984209464164997,1.0125610795449427,0.0
14.954954954954955,-0.5259922858406053,-0.01934549634827165,1.0081651545130705,-0.1423907118033662,0.02932976633390327,-0.07322535308427144,0.13519476460090732,0.13334353046110467,-0.4999111761904045,1.0094225456674837,0.0
14.974974974974975,-0.526256460865877,-0.013208751263582499,1.0053737992310712,-0.1395677640999702,0.025909828297438812,-0.17099690182322586,0.13128870222326683,0.13154516713668443,-0.49996052210190806,1.0062825238608346,0.0
14.994994994994995,-0.5264063245468994,-0.007493184051122517,1.0025546043637623,-0.1409597433654378,0.022457650456749623,-0.17260889203446234,0.13302750165497407,0.13277262026746994,-0.49999013042806856,1.003141509970838,0.0
15.015015015015015,-0.5264540840128682,-0.002387973298437247,0.9997518674009065,-0.14013684814278965,0.018630575472081606,-0.19135374923340412,0.12941268589138177,0.13140496434159796,-0.5,1.0,0.0
15.035035035035035,-0.5264150945088759,0.0019494751996150372,0.9968921212798219,-0.1429873060542297,0.016434553948134742,-0.10980107619734693,0.12747842631043477,0.13177406182133336,-0.49999013042806856,0.9968584900291622,0.0
15.055055055055055,-0.5263046433698895,0.005522556949324913,0.9939524862161998,-0.146981753181103,0.01784830019311747,0.07068731224913126,0.12910995974197992,0.13105110351650845,-0.49996052210190806,0.9937174761391657,0.0
15.075075075075075,-0.5261309789785308,0.00868321956793688,0.9909465686341313,-0.15029587910342376,0.021057598645825,0.16046492263537088,0.1305289792537368,0.13105666680469216,-0.4999111761904045,0.9905774543325166,0.0
15.095095095095095,-0.5258883230753953,0.012132795156774394,0.9878953767048745,-0.15255959646284073,0.025019857170442753,0.1981129262308814,0.132122415190431,0.13165460288466393,-0.49984209464164997,0.9874389204550575,0.0
15.115115115115115,-0.5255636981533455,0.016231246102493664,0.9848311260779714,-0.15321253134515564,0.0292060059031891,0.20930743663731127,0.13285558226326433,0.13182901726910798,-0.4997532801828658,0.9843023701176719,0.0
15.135135135135135,-0.5251413367726294,0.02111806903580033,0.9817669015024355,-0.1532112287767962,0.033259419643713185,0.20267068702619884,0.13440344808299,0.13201502894264716,-0.4996447363202946,0.9811682986180168,0.0
15.155155155155155,-0.5246041890872161,0.026857384270670012,0.978727934095046,-0.15194837036947656,0.03629518232709815,0.15178813416924314,0.13139448259775977,0.12841771397843998,-0.49951646733906235,0.9780372008623144,0.0
15.175175175175175,-0.5239395525412722,0.033231827297190944,0.9756159075635983,-0.15560132657238476,0.037903430106337184,0.08041238896194852,0.13290179284271691,0.1295516697594601,-0.49936847830300873,0.9749095712871961,0.0
15.195195195195195,-0.523134404755045,0.040257389311359054,0.9724695197184084,-0.15731939225949287,0.03792416799435937,0.0010368944011085457,0.13424377817559358,0.13138123240382946,-0.4992007750544875,0.9717859037816297,0.0
15.215215215215215,-0.5221807748812319,0.047681493690653554,0.9693354907721593,-0.1567014473124571,0.036853716578146366,-0.05352257081064912,0.13306890541849486,0.1300441263547644,-0.4990133642141358,0.9686666916089237,0.0
15.235235235235235,-0.5210800540157924,0.055036043271975796,0.9661766298892436,-0.15794304414578678,0.03467368511256182,-0.10900157327922413,0.13292154832648487,0.13023135979846875,-0.4988062531806126,0.9655524273288405,0.0
15.255255255255255,-0.5198364497400294,0.06218021378814968,0.9629936834016019,-0.15914732438208512,0.031758676772193295,-0.14575041701841993,0.13252817589415256,0.1299805838347873,-0.49857945013030697,0.962443602719811,0.0
15.275275275275275,-0.5184588627656936,0.06887934871678604,0.9597774179964034,-0.16081327025992245,0.02835987980690632,-0.16993984826434008,0.13374702779330544,0.1315408746269153,-0.49833296401701493,0.9593407087012791,0.0
15.295295295295295,-0.5169573453082077,0.07507587287429877,0.9565693618827337,-0.16040280568348617,0.024799517327822436,-0.17801812395418287,0.13313816083501348,0.13090848150797332,-0.4980668045715862,0.9562442352561807,0.0
15.315315315315315,-0.5153458690771121,0.0805738115547809,0.9533515348857381,-0.16089134984977987,0.02123491699788916,-0.17823001649664982,0.132246180344929,0.13061716249215402,-0.49778098230154,0.9531546713535688,0.0
15.335335335335335,-0.5136387796075612,0.08535447347754228,0.9501067821760181,-0.16223763548600104,0.018119159613428776,-0.15578786922300256,0.134336800820474,0.13203179745214866,-0.4974755084906501,0.9500725048713984,0.0
15.355355355355355,-0.5118489111310064,0.08949342382774297,0.9468873412416865,-0.16097204671657736,0.015013664554737653,-0.15527475293453608,0.1326835147492935,0.1309951962154307,-0.49715039519849946,0.9469982225194866,0.0
15.375375375375375,-0.5099892865142472,0.09298123083795662,0.9436536103631825,-0.16168654392519782,0.012419798918751989,-0.12969328179926093,0.13514727449350497,0.13299306159490468,-0.4968056552600042,0.9439323097626547,0.0
15.395395395395395,-0.508071057467529,0.0959114523359126,0.9404718812014632,-0.15908645808596872,0.009984990487112048,-0.12174042158197185,0.1334273247949543,0.13122564250072058,-0.4964413022849068,0.9408752507440686,0.0
15.415415415415415,-0.5061052163563893,0.09829205555698692,0.9372906343510328,-0.15906234252152163,0.007751412434655156,-0.1116789026228163,0.1343909750415075,0.13199828619330536,-0.49605735065723894,0.9378275282087863,0.0
15.435435435435435,-0.5041011253155684,0.10020455204104346,0.9341356983426142,-0.15774680042092545,0.005691965919638037,-0.10297232575082486,0.13308846086743115,0.13195030480438402,-0.4956538155347533,0.9347896234275259,0.0
15.455455455455455,-0.5020677462955173,0.101668951002553,0.9309871446062664,-0.15742768681738867,0.004789522036061521,-0.04512219417879273,0.13017193008514116,0.12859415538918498,-0.4952307128483256,0.9317620161206687,0.0
15.475475475475475,-0.5000137426096857,0.10270018429158115,0.9277521004058036,-0.16175221002314083,0.004771844174474993,-0.0008838930792913896,0.13324340064232534,0.13061568101617627,-0.4947880593013255,0.9287451843825061,0.0
15.495495495495495,-0.4979422176507287,0.10357624794784863,0.924506034801841,-0.1623032801981257,0.004800879672670012,0.001451774909787996,0.13221374351895318,0.13120698114768972,-0.494325872368957,0.9257396046057411,0.0
15.515515515515515,-0.49585327953931224,0.10444690557082455,0.9212424540210185,-0.16317903904112838,0.006180191553503889,0.06896559404173172,0.13203977232236988,0.12966529679469926,-0.4938441702975689,0.9227457514062632,0.0
15.535535535535535,-0.49374691483271727,0.10531823532974983,0.9179359406946452,-0.1653256663186593,0.007768636836441134,0.07942226414690134,0.13923859506368075,0.13405221252208258,-0.4933429721039341,0.9197640975481979,0.0
15.555555555555555,-0.49161672370906284,0.10650955618272019,0.914758102752908,-0.15889189708686036,0.007324364916653149,-0.0222135959893585,0.13603269603478566,0.13198320945936146,-0.492822297574499,0.9167951138692534,0.0
15.575575575575575,-0.4894568784379786,0.10799226355421163,0.9116307510026465,-0.1563675875130764,0.005742940732817989,-0.07907120919171648,0.13456712000477933,0.13103748722754252,-0.4922821672646027,0.9138392692063709,0.0
15.595595595595595,-0.4872694186452319,0.10937298963733424,0.9085181767769642,-0.15562871128411,0.003457679919542377,-0.11426304066373964,0.13535246608200718,0.13228262839645963,-0.49172260249766486,0.9108970303216873,0.0
15.615615615615615,-0.48506037288435244,0.11045228804397134,0.9054505015291308,-0.15338376239167167,0.0007919012973254642,-0.13328893111080603,0.13506066366032396,0.13233234170408223,-0.49114362536434436,0.9079688618288306,0.0
15.635635635635635,-0.48283877197371416,0.11108004553191296,0.902424180458345,-0.1513160535392872,-0.0020623377451554023,-0.14271195212400603,0.13536100960951758,0.1329036532755186,-0.49054525872166704,0.9050552261195497,0.0
15.655655655655655,-0.4806151345603962,0.11118187066590066,0.8994521494434057,-0.1486015507469706,-0.0049493276556787265,-0.14434949552613222,0.13521851562394943,0.13309186422907573,-0.4899275261921235,0.9021565832906995,0.0
15.675675675675675,-0.4784007840585369,0.11071752509296168,0.8965350785656427,-0.14585354388814598,-0.007648260603339113,-0.13494664738298925,0.13575653791321204,0.1336797049069159,-0.48929045216273603,0.8992733910715842,0.0
15.695695695695695,-0.4762072320058212,0.10967760263578544,0.8936896068403649,-0.14227358626389014,-0.010206041707928298,-0.12788905522943408,0.13537577100624376,0.1334386207362093,-0.48863406178409674,0.896406104751679,0.0
15.715715715715715,-0.4740451657829386,0.10810331114413091,0.8909064540708234,-0.13915763847707588,-0.01254272938687579,-0.11683438394735451,0.13523525741856732,0.1334578919520058,-0.48795838096937366,0.8935551771087317,0.0
15.735735735735735,-0.4719247217590156,0.1060222011961488,0.8881837332347808,-0.13613604180212668,-0.014589427580473076,-0.10233490967985033,0.13572165178727386,0.1339231921228248,-0.48726343639328856,0.8907210583372668,0.0
15.755755755755755,-0.469855302652247,0.1034709553384311,0.88553543660491,-0.13241483149354252,-0.01649675858724093,-0.09536655033838538,0.13453620535189456,0.13312172655369137,-0.4865492554910633,0.8879041959774921,0.0
15.775775775775776,-0.4678446105872108,0.10053460325181236,0.8829320206673128,-0.13017079687986033,-0.018036893460050434,-0.07700674364047498,0.13476152019375243,0.13338572838831095,-0.485815866457337,0.885105034844628,0.0
15.795795795795796,-0.46590026114318717,0.0972174722011813,0.8803806160216462,-0.1275702322833314,-0.019296070389784127,-0.06295884648669142,0.13400627521805686,0.1328703692569925,-0.48506329824505284,0.8823240169586666,0.0
15.815815815815816,-0.4640279980039891,0.09361315695990488,0.8778622963274739,-0.12591598470861157,-0.020144382180817037,-0.04241558955166076,0.1346116012119821,0.13348061528767258,-0.48429158056431554,0.8795615814745711,0.0
15.835835835835836,-0.4622330485179015,0.08974747430438157,0.8753949737820994,-0.12336612726872627,-0.020747073342968273,-0.030134558107583816,0.13263305558158625,0.13210617876034883,-0.48350074388121755,0.8768181646129272,0.0
15.855855855855856,-0.4605177512848899,0.08576486165057674,0.8729289182156807,-0.12330277832093124,-0.020673784553316008,0.0036644394825827084,0.13239674769016818,0.13266525142472402,-0.482690819416637,0.87409419959106,0.0
15.875875875875876,-0.4588845041459459,0.08166235694720259,0.8704688619733839,-0.12300281211484011,-0.019400152962157927,0.06368157955786574,0.13407086236616209,0.13353396194984052,-0.48186183914500486,0.8713901165546234,0.0
15.895895895895896,-0.45733371551926955,0.07753943133381755,0.8680524744493636,-0.12081937620101502,-0.017711955587410837,0.08440986873730845,0.13070715274404793,0.13120762140957953,-0.4810138357930429,0.8687063425096759,0.0
15.915915915915916,-0.4558586413442616,0.07375370875039784,0.865595575633492,-0.12284494079357997,-0.014882872319573838,0.14145416339179567,0.13522455933676072,0.13348493329531957,-0.48014684283847153,0.8660433012552509,0.0
15.935935935935936,-0.45445442969568384,0.07021058242888789,0.8631989337784147,-0.11983209275386485,-0.012849490177799376,0.10166910708866142,0.13162758960037302,0.13072831083259062,-0.47926089450868803,0.8634014133164329,0.0
15.955955955955956,-0.45310836728550824,0.0673031205087811,0.8607686155539735,-0.12151591122205979,-0.011027268974527042,0.09111106016354725,0.13311935305653494,0.13138340167436918,-0.4783560257794152,0.8607810958779529,0.0
15.975975975975976,-0.45181287952330645,0.06477438811008861,0.8583365331678444,-0.12160411930645636,-0.010221051571739853,0.04031087013928377,0.13213571459450255,0.13145767994457994,-0.47743227237332153,0.858182762718311,0.0
15.995995995995996,-0.4505606166233771,0.06261314499646899,0.855889300680026,-0.12236162439092121,-0.009686962923574753,0.02670443240817158,0.1319359901479009,0.13162144413807997,-0.4764896707586094,0.855606824144433,0.0
16.016016016016017,-0.44934832937787583,0.06061436227506242,0.8534264188217936,-0.1231440929116203,-0.00929276981357618,0.019709655499837615,0.132317665400211,0.13271989272155524,-0.4755282581475768,0.8530536869268818,0.0
16.036036036036037,-0.4481740809904379,0.058712419371898625,0.8509698350823924,-0.12282918697005546,-0.008570599646931165,0.036108508332150534,0.13470600007001465,0.1324339867203774,-0.4745480724951474,0.8505237542356205,0.0
16.056056056056057,-0.4470365416359894,0.05687696772242373,0.8485507098964783,-0.12095625929570591,-0.009777272370618546,-0.06033363618447359,0.134039572862953,0.132758200098064,-0.47354915249737217,0.8480174255763486,0.0
16.076076076076077,-0.44593273749262746,0.055190207168095,0.8461639991428901,-0.11933553767940808,-0.01223844597843738,-0.12305868039105203,0.1335031658169369,0.1333743368813252,-0.4725315375899025,0.8455350967274166,0.0
16.096096096096097,-0.44486740026426586,0.05326686141807896,0.8438108401924886,-0.11765794752007432,-0.01511154915540745,-0.14365515884862282,0.13313101651420195,0.13385207168442304,-0.4714952679464322,0.8430771596773249,0.0
16.116116116116117,-0.4438501864042339,0.05086069300159714,0.8414926900442123,-0.11590750741381754,-0.017867064850103895,-0.1377757847349538,0.1324993076252729,0.13411360884798113,-0.47044038447711267,0.8406440025628273,0.0
16.136136136136138,-0.44289227322544317,0.047895658939535575,0.8392039099008841,-0.11443900716641049,-0.01995588956521902,-0.10444123575590433,0.13187829761501108,0.1337859010646829,-0.46936692882693704,0.8382360096076389,0.0
16.156156156156158,-0.44200429180110873,0.04439907121672316,0.8369302674694101,-0.11368212157369735,-0.02114188756558425,-0.05929990001842918,0.13158448221724386,0.1336486188788393,-0.4682749433740962,0.835853561061761,0.0
16.176176176176178,-0.44119418972322616,0.040505103894129035,0.8346652219262535,-0.11325227715783019,-0.021531568301381213,-0.019484036790038205,0.13133380410226644,0.13330805515194308,-0.467164471228306,0.833497033141437,0.0
16.196196196196198,-0.44046637247073805,0.03639086262440528,0.8323999203345958,-0.113265079582884,-0.021304954644666193,0.01133068283553618,0.13125620181603587,0.13323295149658324,-0.46603555622910553,0.8311667979697439,0.0
16.216216216216218,-0.43982230366738156,0.03220344016782369,0.830132068313015,-0.11339260107903733,-0.020481692556169204,0.04116310442460805,0.13140076722550512,0.133295420159263,-0.4648882429441258,0.828863223517828,0.0
16.236236236236238,-0.43926101903504117,0.028064231617019743,0.8278647513538444,-0.11336584795852893,-0.019351905470965637,0.056489354259907254,0.1314606684265583,0.13343625802475023,-0.46372257666733085,0.826586673546799,0.0
16.256256256256258,-0.43877931530324793,0.02408518658966087,0.8256010101916972,-0.11318705810736301,-0.017905851415327363,0.07230270278161013,0.1311869857518105,0.13325084316134791,-0.46253860341722897,0.8243375075502876,0.0
16.276276276276278,-0.4383726096428178,0.020335283021504693,0.8233341329550519,-0.11334386183226472,-0.016098694703837235,0.09035783557416889,0.13126752440076836,0.13332344391512777,-0.4613363699350574,0.8221160806976786,0.0
16.296296296296298,-0.4380352489404903,0.01686803511637607,0.8210664935396691,-0.11338197076914061,-0.013980341218753856,0.10591767425379482,0.1317335227808058,0.1335295563703547,-0.4601159236829351,0.8199227437780231,0.0
16.316316316316318,-0.43776022801602354,0.013751046223337674,0.8188081682879382,-0.11291626258654512,-0.011885955535652885,0.10471928415463759,0.13216644878244949,0.13389577970179375,-0.4588773128419905,0.8177578431446471,0.0
16.336336336336338,-0.43753938198069525,0.011042301766414108,0.8165711204878272,-0.11185239000554882,-0.009875285046724417,0.10053352444597549,0.1320956897700268,0.13393367185613975,-0.4576205863104588,0.8156217206604566,0.0
16.356356356356358,-0.43736434915357175,0.008751641356173758,0.8143549700221379,-0.11080752328446869,-0.008016809012966631,0.09292380168740094,0.13174135595376804,0.13379958726288993,-0.45634579370175155,0.8135147136439547,0.0
16.376376376376378,-0.43722715100375914,0.00685990749062954,0.8121525676361356,-0.1101201193001092,-0.006103446329355645,0.09566813418001864,0.13185074444449035,0.1338089452758432,-0.4550529853424979,0.8114371548159741,0.0
16.396396396396398,-0.43712046263720633,0.0053344183276415194,0.8099657378856093,-0.10934148752631408,-0.004255019977065934,0.09242131761391316,0.13185675409794212,0.13401141763342234,-0.45374221227055855,0.8093893722471381,0.0
16.416416416416418,-0.4370367023780464,0.004188012957995769,0.8077976225006914,-0.10840576924589443,-0.002419774621077697,0.09176226779879497,0.13238933999273103,0.13430973366096952,-0.45241352623300995,0.807371689306053,0.0
16.436436436436438,-0.4369686060315033,0.0034048173271565094,0.8056605687355951,-0.1068526882548135,-0.0008367353310635295,0.07915196450004922,0.13268420488568103,0.13478573837543362,-0.4510669796841013,0.805384424608244,0.0
16.456456456456458,-0.4369089317299151,0.0029837150794096387,0.8035660210475636,-0.10472738440157857,0.0006152915379480404,0.07260134344987643,0.1325094856408519,0.13458595432827178,-0.4497026257831855,0.8034278919658453,0.0
16.476476476476478,-0.4368513935351148,0.00287690974001321,0.8015084414553673,-0.10287897960981791,0.0019078186160718172,0.06462635390544547,0.13284237490684597,0.13482913703311744,-0.448320518392618,0.8015024003380413,0.0
16.496496496496498,-0.43679021452895767,0.003058950307857858,0.7994963649931252,-0.10060382311210612,0.0029334888949327574,0.05128351394226493,0.13270320177825373,0.13484393500948152,-0.44692071207563183,0.7996082537822808,0.0
16.516516516516518,-0.4367202718470193,0.0034971340969185837,0.7975279426032177,-0.0984211194953746,0.00381880885797781,0.044265998151432846,0.13244159628786834,0.13469644677049772,-0.445503262094184,0.7977457514062631,0.0
16.536536536536538,-0.43663754566110624,0.00413630929565082,0.7955971038229404,-0.0965419390138661,0.004702378815601175,0.04417849788031334,0.13118225188526514,0.1342287411543248,-0.4440682244067724,0.7959151873207042,0.0
16.556556556556558,-0.4365385971205202,0.004947427029303116,0.7936782510835179,-0.09594263697112534,0.0061714994348919285,0.07345603096364377,0.13194302372688368,0.13452560732813962,-0.4426156556662276,0.7941168505928932,0.0
16.576576576576578,-0.4364198927153875,0.005935220256633031,0.7917870381209013,-0.0945606481308285,0.007881473507285523,0.08549870361875571,0.13310056883909582,0.1352775626225291,-0.44114561321747675,0.7923510252010469,0.0
16.596596596596598,-0.43627541004441595,0.007224133548577803,0.78995172175924,-0.09176581808306536,0.009438452679111906,0.07784895859037266,0.13308685407454943,0.13535951739901309,-0.4396581550952781,0.7906179899894645,0.0
16.616616616616618,-0.43609838453181954,0.008851275629821659,0.7881732651589299,-0.0889228300155016,0.010987400720008747,0.0774474020438781,0.13308504520954867,0.13514947729076243,-0.4381533400219317,0.7889180186244961,0.0
16.636636636636638,-0.4358826892980424,0.010784761688855348,0.7864484763339487,-0.08623944124906231,0.01241957119298596,0.07160852364788667,0.1329915383516369,0.13509776584453526,-0.4366312274049601,0.787251379551327,0.0
16.656656656656658,-0.4356222371006261,0.013022609870817218,0.7847751411695569,-0.08366675821958716,0.013839123496614448,0.07097761518044617,0.13348444950482463,0.13525691170702003,-0.4350918773347629,0.785618335951587,0.0
16.676676676676678,-0.43531126561656086,0.015548574203261388,0.7831628524551204,-0.08061443572182758,0.015051370706178482,0.06061236047722787,0.1337133726167247,0.13546998860451565,-0.43353535058224496,0.7840191457017911,0.0
16.696696696696698,-0.43494405765510885,0.01836039807260089,0.7816180835103679,-0.07723844723762457,0.016084250023399284,0.05164396586007617,0.13310065321275188,0.1349571909386312,-0.4319617085964177,0.7824540613326186,0.0
16.716716716716718,-0.4345160908960029,0.02139833795529818,0.7801240920664829,-0.07469957219424793,0.017112076694458963,0.05139133355203561,0.13338082510489713,0.13496276983717045,-0.430371013501972,0.7809233299890341,0.0
16.736736736736738,-0.43402322467389953,0.024643311105169506,0.7786850470674945,-0.0719522499494173,0.017961239824087146,0.04245815648048351,0.13369567355934012,0.1351497885136439,-0.4287633280968264,0.7794271933912619,0.0
16.756756756756758,-0.43346126929819745,0.028097768785103977,0.7773083146750742,-0.0688366196210139,0.018566761434444395,0.030276080516965745,0.13343742564754604,0.134939137234439,-0.42713871584964747,0.7779658877966138,0.0
16.776776776776778,-0.43282704265358396,0.03171133223067566,0.7759868900468423,-0.06607123141159872,0.019081232245383883,0.025723540546111034,0.13282825400661227,0.1344323303032597,-0.4254972408973459,0.7765396439621841,0.0
16.796796796796798,-0.43211849838524846,0.03542721341677415,0.7747041990479444,-0.06413454994489526,0.01966928498069387,0.029402636764674396,0.13300376415377962,0.13436477121306997,-0.42383896804254145,0.7751486871084071,0.0
16.816816816816818,-0.43133363095376603,0.03924337157412237,0.7734618023198729,-0.06211983640357561,0.020230525472817628,0.028062024605407493,0.13351751431408937,0.13465968929342836,-0.4221639627510075,0.7737932368834951,0.0
16.836836836836838,-0.4304699653092595,0.043183282225325345,0.7722716326877739,-0.05950848160495179,0.020725073296087856,0.024727391162779944,0.13366680300265,0.1345607664559738,-0.42047229114908463,0.7724735073287511,0.0
16.856856856856858,-0.4295252879557418,0.04723386767588579,0.77113439167825,-0.056862050476189946,0.021001979874870222,0.013845328938440581,0.13388498926205766,0.13457114839317985,-0.41876402002107105,0.7711897068447707,0.0
16.876876876876878,-0.42849760311059004,0.051384242257586796,0.7700534245193309,-0.054048357945956034,0.02095465061705365,-0.00236646289144995,0.13515217680299974,0.1350511758752408,-0.4170392168065856,0.7699420381585325,0.0
16.896896896896898,-0.42738539276536786,0.05561051726110991,0.7690545871944016,-0.049941866246469,0.02014264612807592,-0.040600224449448226,0.13520710448871576,0.1351336445406446,-0.41529794959790645,0.7687306982913855,0.0
16.916916916916918,-0.4261887890010794,0.059830188214421653,0.7681399187323366,-0.04573342310325111,0.018567103111456658,-0.07877715083146503,0.13294312728358895,0.13374066621552577,-0.4135402871372812,0.7675558785279373,0.0
16.936936936936938,-0.424912256671192,0.06382661649437177,0.7672553198262411,-0.04422994530477544,0.01710672570047157,-0.07301887054969688,0.13311245001925137,0.13357713499009818,-0.41176629881421356,0.766417764385847,0.0
16.956956956956958,-0.4235620594231841,0.0675098624003939,0.7664009967335326,-0.04271615463542285,0.015557447877601386,-0.07746389114389114,0.13261107735932537,0.13327663811722448,-0.40997605466272613,0.7653165355865315,0.0
16.976976976976978,-0.42214424782433035,0.07089057994268662,0.7655651745552841,-0.041791108912426836,0.01419634396877814,-0.06805519544148235,0.13272728061354674,0.13327668816949548,-0.4081696253585921,0.7642523660267839,0.0
16.996996996996998,-0.42066495497461115,0.0739646424859608,0.7647496750200768,-0.04077497676036205,0.013016475193144457,-0.05899343878194109,0.13281681392092948,0.13325700989812533,-0.4063470822165469,0.7632254237513139,0.0
17.017017017017018,-0.419129659907183,0.07676475337140888,0.763955612707356,-0.03970311563604442,0.01212319011846453,-0.04466425373418906,0.13260798056886447,0.133020480731553,-0.4045084971874738,0.7622358709262116,0.0
17.037037037037038,-0.41754314064642406,0.07932596303794655,0.7631764534921941,-0.03895796075809756,0.011555879946028481,-0.028365508621930356,0.12912496431891055,0.13170479240020042,-0.40265394285556116,0.7612838638133393,0.0
17.057057057057058,-0.4159098400712237,0.0816650287600181,0.7623411548644723,-0.04176493138609238,0.013145595008777905,0.07948575313741212,0.13047024217770486,0.13162069864720966,-0.4007834924354383,0.760369552745656,0.0
17.077077077077078,-0.41423179403002336,0.08390230206001789,0.7614684257392988,-0.043636456258670214,0.015836568596567208,0.13454867938947876,0.13294208072721211,0.13306514463146069,-0.39889721976928566,0.7594930821034785,0.0
17.097097097097098,-0.4125021695343653,0.08648122478290204,0.7606162038997287,-0.04261109197850597,0.0189561845134878,0.15598079584611887,0.13400166501323324,0.13350053815736726,-0.39699519932391764,0.7586545902916816,0.0
17.117117117117118,-0.4107100810410228,0.08960442466712554,0.7598064807195521,-0.04048615900882703,0.022105628571153516,0.15747220288345107,0.13480762783342654,0.13374180710737807,-0.39507750618784504,0.7578542097178421,0.0
17.137137137137138,-0.40884296189522346,0.09335595728996636,0.7590545528952332,-0.037596391215951847,0.024962478553142122,0.14284249909967167,0.1353304916017703,0.1336092691812134,-0.3931442160683094,0.7570920667713315,0.0
17.157157157157158,-0.40688823634227334,0.09773627764750475,0.7583659443830043,-0.0344304256114452,0.027118257492036273,0.10778894694502346,0.13503164779002327,0.13313920880482424,-0.39119540528829416,0.7563682818033557,0.0
17.177177177177178,-0.4048348819588852,0.10266771916940795,0.7577289997064129,-0.03184723382956616,0.028541595734239214,0.07116691211053633,0.13474945264054222,0.13258889739665866,-0.38923115078351167,0.7556829691079516,0.0
17.197197197197198,-0.40267472155984285,0.1080080199521159,0.7571311669670711,-0.029891636967092076,0.029090681864850948,0.027454306531048224,0.13446314510862636,0.13247053284271965,-0.38725153009936697,0.7550362369039383,0.0
17.217217217217218,-0.4004023277690663,0.1136196895388262,0.7565662966013085,-0.02824351828812824,0.0289526096788066,-0.0069036093016861325,0.13421912500436803,0.13213182737362453,-0.3852566213878948,0.7544281873178279,0.0
17.237237237237238,-0.3980158604351895,0.1193233666938405,0.7560256967275749,-0.027029993686679122,0.02816657937816231,-0.039301515031611375,0.13431538395838974,0.1322656108518174,-0.38324650340467525,0.7538589163676988,0.0
17.25725725725726,-0.39551586018178575,0.12500001267018618,0.7555127897630894,-0.02564534822427335,0.026899938044168615,-0.0633320666990112,0.13423749276079913,0.13219849341835033,-0.3812212555057238,0.7533285139480329,0.0
17.27727727727728,-0.3929055455052747,0.13051573382555393,0.7550255169296561,-0.024363641671663834,0.025240589754003236,-0.08296741450752235,0.1341157205055354,0.13219750787725965,-0.3791809576443609,0.7528370638155215,0.0
17.2972972972973,-0.3901899635117065,0.1357790996784094,0.7545621978914613,-0.023165951909744437,0.023284947907069087,-0.09778209234588704,0.13408850707175005,0.13228316745451502,-0.3771256903680517,0.7523846435758372,0.0
17.31731731731732,-0.3873757380078724,0.14071127519170476,0.7541238688979414,-0.021916449675997478,0.021269709257007188,-0.10076193250219621,0.13407234429649756,0.13228302163538513,-0.37505553481522974,0.7519713246713805,0.0
17.33733733733734,-0.3844705790909839,0.14525794584442375,0.7537104756339896,-0.020669663197587784,0.019191319404339574,-0.10391949263239875,0.13414250641080155,0.13238750206351846,-0.37297057271209116,0.7515971723699979,0.0
17.35735735735736,-0.3814824615864957,0.14940587522441326,0.7533247819491176,-0.019284684243603287,0.01719231080916444,-0.09995042975768528,0.13423536031522867,0.13244271474465386,-0.3708708863693698,0.7512622457546749,0.0
17.37737737737738,-0.3784195894495128,0.15314360684914416,0.7529691470331391,-0.017781745798920397,0.015301400916806018,-0.09454549461675187,0.13434323935851206,0.1324969645637405,-0.368756558679087,0.7509665977142068,0.0
17.3973973973974,-0.37528986757976746,0.15648609348726863,0.7526461161049072,-0.016151546411594386,0.013547339865949954,-0.08770305254152651,0.13447416938390722,0.13254707626031256,-0.3666276731112802,0.7507102749348465,0.0
17.41741741741742,-0.37210073076710537,0.15945684063310492,0.7523584923919083,-0.01438118564994058,0.011867237949104971,-0.08400509584085347,0.13454849673873004,0.13259504204639075,-0.36448431371070544,0.750493317892932,0.0
17.43743743743744,-0.3688591058911632,0.16208124379710764,0.7521081875630109,-0.01251524144487186,0.010258697919854705,-0.08042700146098644,0.13461285235863812,0.13263088601794212,-0.3623265650935232,0.7503157608484956,0.0
17.45745745745746,-0.3655716582974683,0.16437237968474733,0.7518967704444892,-0.010570855926084595,0.008747958562478822,-0.07553696786712086,0.13462030162207064,0.13261220827803008,-0.3601545124439534,0.7501776318398526,0.0
17.47747747747748,-0.3622447938813616,0.16634322080533417,0.7517241451501172,-0.008631264718599563,0.007365995120642477,-0.06909817208998001,0.1347579443888571,0.1326836888889555,-0.3579682415109157,0.750078952679175,0.0
17.4974974974975,-0.3588844854786365,0.1680154201362564,0.7515934665241748,-0.006533931297121854,0.0060873014858824695,-0.06393468173597829,0.13484946735864048,0.13270563928370344,-0.3557678386046426,0.7500197389490459,0.0
17.51751751751752,-0.35549616675331425,0.16941593626611373,0.7515064597232317,-0.004350340047155883,0.004813515040774071,-0.0636893222531909,0.1347379849762166,0.13263534701037152,-0.35355339059327384,0.75,0.0
17.53753753753754,-0.3520849514116672,0.1705607670823547,0.751460465932803,-0.002299689521437015,0.0036193746343699553,-0.05970702031774442,0.13464354737863019,0.1323581466724209,-0.3513249848994248,0.7500197389490459,0.0
17.55755755755756,-0.3486558561565818,0.17145476275426919,0.7514500069698017,-0.0005229481500659953,0.0022784161982109742,-0.06704792180522619,0.13496715179066834,0.13278570057474115,-0.34908270949673637,0.750078952679175,0.0
17.57757757757758,-0.34521357534875835,0.17211404039117217,0.7514862309490574,0.0018111989627892255,0.0008899518230628216,-0.06942321875439358,0.13484202020483418,0.1327663419412646,-0.3468266529064027,0.7501776318398526,0.0
17.5975975975976,-0.34176343908376194,0.1725068132498208,0.7515670129660006,0.004039100847160808,-0.00045254983477710216,-0.06712508288865686,0.1349312627219252,0.13292692590539681,-0.34455690419367424,0.7503157608484956,0.0
17.61761761761762,-0.33831095096492786,0.17262440594170378,0.7516960628726131,0.006452495330627162,-0.001688581750116867,-0.061801595763284374,0.134974897594331,0.13294280026336364,-0.34227355296434414,0.7504933178929322,0.0
17.63763763763764,-0.3348613974839735,0.17247767404771927,0.7518742634521413,0.008910028976406591,-0.0028999533527344374,-0.060568580126765824,0.13509784755579007,0.1330859312964143,-0.33997668936120956,0.7507102749348465,0.0
17.65765765765766,-0.3314196717039188,0.17208628900273473,0.7521055513874322,0.011564396764548034,-0.004098531406476487,-0.059928902682532315,0.13467200589342285,0.13287198708121753,-0.33766640406051235,0.7509665977142068,0.0
17.67767767767768,-0.3279905192483293,0.17145762277947457,0.7523804373669913,0.013744298977958602,-0.005171983432928953,-0.053672601317551395,0.13534148204085156,0.1333783942972995,-0.33534278826835995,0.7512622457546749,0.0
17.6976976976977,-0.3245787408217711,0.17058892132791068,0.7527163251149566,0.016794387398259322,-0.0062811950181132226,-0.055460579253573124,0.13425080205487983,0.13281018984548731,-0.3330059337171259,0.7515971723699979,0.0
17.71771771771772,-0.3211884386996103,0.1695151061080396,0.7530886190858087,0.01861469854260827,-0.0070714066420847245,-0.039510581192331196,0.1349737529303439,0.1331911667915243,-0.33065593266182614,0.7519713246713805,0.0
17.73773773773774,-0.3178240642400026,0.16821872298038376,0.753513648311886,0.021251461303868284,-0.007873340221996643,-0.04009667898866123,0.1346006171775609,0.13316373703051065,-0.3282928778764786,0.7523846435758371,0.0
17.75775775775776,-0.31448861974103853,0.1667722249482016,0.7539854576784719,0.02359046832929525,-0.008547733545682638,-0.033719666176635514,0.13431753943166358,0.13293628719255596,-0.32591686265043923,0.7528370638155215,0.0
17.77777777777778,-0.3111852359188311,0.16516919111037057,0.7544964602776801,0.02555012996041271,-0.009035936510271826,-0.02441014822098906,0.13501316995483917,0.13351962641960174,-0.32352798078472217,0.753328513948033,0.0
17.7977977977978,-0.3079166780322191,0.16342789433060056,0.7550655811943168,0.028456045831833844,-0.009524028238044251,-0.024404586379260195,0.1340665464106255,0.13267709762092558,-0.321126326588292,0.7538589163676988,0.0
17.81781781781782,-0.304684554802549,0.16160616148350557,0.7556662984745367,0.03003586401099876,-0.01006456967745417,-0.027027071960185604,0.13410525309703114,0.13308088973932533,-0.3187119948743448,0.7544281873178278,0.0
17.83783783783784,-0.3014908296081193,0.15968625972148542,0.7563051494597124,0.031942549258784855,-0.010405154265247777,-0.01702922937838177,0.13420476384817417,0.13347503275451691,-0.3162850809565623,0.7550362369039383,0.0
17.85785785785786,-0.29833765800685635,0.15765858006314648,0.7569894262127064,0.03421383764969655,-0.010393195018233308,0.0005979623630441404,0.13351043813207325,0.13308119472494487,-0.3138456806453505,0.7556829691079515,0.0
17.87787787787788,-0.295226171082348,0.15557434622541833,0.7577029948385307,0.03567843129121524,-0.009862988975274786,0.026510302161293308,0.13396841493752884,0.13295898647606216,-0.31139389024405634,0.7563682818033557,0.0
17.8978978978979,-0.29215630119164343,0.15349349453522745,0.7584508299086884,0.0373917535078877,-0.00938324628386853,0.023987134584888443,0.13424612213845258,0.13326882289528136,-0.3089298065451674,0.7570920667713315,0.0
17.91791791791792,-0.2891259813291443,0.15151599312495792,0.7592416565848342,0.03954133380729309,-0.00900982907087207,0.018670860665670648,0.13394165305112415,0.13315233676211397,-0.3064535268264879,0.7578542097178423,0.0
17.93793793793794,-0.2861331579666695,0.14964116812374062,0.7600692570641047,0.04138002396352056,-0.008728980192503072,0.014042443935574453,0.13290804153896735,0.13291482289826842,-0.3039651488473025,0.7586545902916816,0.0
17.95795795795796,-0.2831761161479453,0.1478520909362096,0.7609148142123267,0.042277857411099254,-0.008002560146767227,0.036321002305034135,0.13368450266379178,0.13326003511263396,-0.30146477084451234,0.7594930821034785,0.0
17.97797797797798,-0.280253818407342,0.14611488703016623,0.7617949545887951,0.04400701882342404,-0.007287405720103716,0.03575772135266299,0.13347720892403764,0.13339713147062845,-0.2989524915287596,0.760369552745656,0.0
17.997997997998,-0.27736333120631734,0.14452436005123068,0.7627086622984839,0.04568538548443821,-0.006384784648422489,0.04513105360470512,0.13270214745711634,0.13239479907121743,-0.29642841008052956,0.7612838638133392,0.0
18.01801801801802,-0.27450153065736527,0.1430900274476028,0.763629627895588,0.046048279855206584,-0.005630042536392787,0.03773710562332311,0.13333070361015853,0.13297301568097522,-0.2938926261462367,0.7622358709262116,0.0
18.03803803803804,-0.2716649238788031,0.14183033892810906,0.7645757533639264,0.04730627341691693,-0.00515492362551801,0.02375594556676483,0.13598656179333646,0.1340600187720202,-0.2913452398342883,0.7632254237513139,0.0
18.05805805805806,-0.2688507485483757,0.14070876652136896,0.7656025055091483,0.05133760726110032,-0.006357416314257994,-0.060124634412195926,0.13479350266744333,0.13342616794458007,-0.28878635171113387,0.7642523660267838,0.0
18.07807807807808,-0.2660568844327637,0.13969320578059893,0.7666828296082174,0.05401620495345607,-0.00890836698983731,-0.127547533752662,0.13411943984342858,0.1341675003939704,-0.28621606279729567,0.7653165355865313,0.0
18.0980980980981,-0.26328806376558517,0.13844103335892696,0.7678176947237424,0.05674325577624594,-0.011753116969430082,-0.14223749895257734,0.1330566905080605,0.13459001548444627,-0.28363447456337826,0.766417764385847,0.0
18.11811811811812,-0.2605542392525595,0.1366912256512843,0.7689975388907041,0.05899220834808404,-0.013854347684090858,-0.10506153570619103,0.13389687926616115,0.13475159317351565,-0.2810416889260651,0.7675558785279373,0.0
18.13813813813814,-0.25786681829978647,0.13437104763865074,0.7702370855416645,0.06197733254801906,-0.015824254504372345,-0.09849534098724785,0.1335716857749544,0.1345482733242296,-0.278437808244094,0.7687306982913855,0.0
18.15815815815816,-0.255233988223269,0.1316415038258735,0.7715283985280268,0.06456564931811566,-0.01766482473618764,-0.09202851156424828,0.13283287135643793,0.13417847850777165,-0.27582293531421526,0.7699420381585323,0.0
18.17817817817818,-0.25266325539710105,0.12853664130839523,0.7728549399558535,0.06632707139133912,-0.01916770049831671,-0.07514378808071626,0.13215019157209382,0.13437832730716884,-0.27319717336713445,0.7711897068447706,0.0
18.1981981981982,-0.2501616487308805,0.12508033331102777,0.7742094359818088,0.06772480129776372,-0.01981370504653789,-0.03230022738707273,0.1315436515346108,0.13356834367403933,-0.270560626063438,0.7724735073287511,0.0
18.21821821821822,-0.24773466357354745,0.12134925786665136,0.7755707956451602,0.06806798316756667,-0.01982042184496315,-0.00033583989916063234,0.13124336845141887,0.13344779368752763,-0.26791339748949855,0.773793236883495,0.0
18.23823823823824,-0.24538466965212868,0.11749969607093844,0.7769327361562451,0.06809702555424854,-0.019110863622922847,0.03547791112181129,0.13220662533342376,0.13418561590133515,-0.2652555921533674,0.775148687108407,0.0
18.25825825825826,-0.2431121267301398,0.11362714609944416,0.7783204532149587,0.06938585293567961,-0.01796616301381138,0.05723503047292883,0.1314848461667005,0.13348003005548081,-0.2625873149806477,0.7765396439621841,0.0
18.27827827827828,-0.24091376688669836,0.10991799217207153,0.7797128590407559,0.06962029128986075,-0.016471553636216156,0.07473046889436696,0.13283947278583427,0.13428518128938788,-0.2599086713103547,0.7779658877966139,0.0
18.2982982982983,-0.238785627866486,0.10640695101061837,0.781142028475153,0.07145847171985353,-0.015135672431797151,0.06679406023303525,0.13209634766732212,0.13406639819472174,-0.257219766890753,0.7794271933912618,0.0
18.31831831831832,-0.23672149352822835,0.10320671691288232,0.7825938147997779,0.07258931623124118,-0.013643191319305853,0.0746240556334321,0.13186714789298892,0.13374958705157902,-0.2545207078751856,0.7809233299890341,0.0
18.33833833833834,-0.23471591917662837,0.10027871757999886,0.7840602131338992,0.07331991670606665,-0.01215036562576516,0.07464128468257335,0.13183932895557224,0.1338227532252933,-0.2518116008178805,0.7824540613326185,0.0
18.35835835835836,-0.23276306202005734,0.09764285782855221,0.7855419797322084,0.07408832991546031,-0.010548318926173219,0.08010233498171178,0.1335231965515669,0.1347214559141797,-0.2490925526697457,0.784019145701791,0.0
18.37837837837838,-0.23085744217931448,0.09528099203714305,0.7870774478422272,0.07677340550093784,-0.009573822943669225,0.04872479912448257,0.13207154839443733,0.13445746356689464,-0.24636367077414584,0.7856183359515869,0.0
18.3983983983984,-0.228992402921109,0.09325196291027323,0.7886412742359284,0.07819131968505971,-0.008314034125014242,0.06298944092819848,0.13255274232219247,0.13427618272327238,-0.24362506286266639,0.787251379551327,0.0
18.41841841841842,-0.22716411966644792,0.0914141627330536,0.790237940579562,0.0798333171816768,-0.007331722124442936,0.04911560002087845,0.13173711446525538,0.1341337868629197,-0.24087683705085727,0.7889180186244964,0.0
18.43843843843844,-0.2253674803117616,0.08983196773431582,0.7918532989596113,0.0807679190024659,-0.006113496782379786,0.060911267091981955,0.13247658856527206,0.13432913557423176,-0.23811910183396937,0.7906179899894648,0.0
18.45845845845846,-0.22359866755515623,0.08844063783026852,0.793501228498329,0.08239647693588682,-0.005174147564700432,0.0469674608699883,0.1318217853922142,0.1341852585351879,-0.23535196608266626,0.7923510252010468,0.0
18.47847847847848,-0.22185279837795435,0.08729345886009414,0.7951699294882033,0.083435049493711,-0.004101772305172894,0.05361876295961706,0.1328150288000719,0.13466638355572308,-0.23257553903872932,0.794116850592893,0.0
18.4984984984985,-0.22012626749114475,0.08632654434047944,0.7968812650244465,0.08556677681215527,-0.003335118010756054,0.03833271470213373,0.1312330930791941,0.13404565730873919,-0.22978993031074385,0.7959151873207041,0.0
18.51851851851852,-0.2184146485063315,0.08558094924066265,0.7986026230612997,0.08606790184266146,-0.00217529631964406,0.05799108453485537,0.13205315627176087,0.13401766675261947,-0.22699524986977349,0.7977457514062631,0.0
18.53853853853854,-0.21671496351241631,0.08498424969575885,0.8003457491465589,0.08715630426296132,-0.0013110357249981896,0.04321302971069351,0.13084243109765953,0.13449146047918883,-0.2241916080450164,0.7996082537822806,0.0
18.55855855855856,-0.21502264941279273,0.08461570498117992,0.8020997383992963,0.08769946263686877,0.0006512259877503946,0.0981130856149181,0.13066701136320027,0.1335223446905761,-0.22137911551945083,0.8015024003380411,0.0
18.57857857857858,-0.21333424963825057,0.08441998872710733,0.8038476406743142,0.08739511375089813,0.0030152302403935803,0.11820021260995198,0.13210842361748001,0.13454786640223287,-0.2185578833254667,0.8034278919658451,0.0
18.5985985985986,-0.21164207852925843,0.08460855544960733,0.8056260056674415,0.08891824965636064,0.005472481000924583,0.12286253800568472,0.13337176782028828,0.13533769047497096,-0.21572802284047948,0.8053844246082441,0.0
18.61861861861862,-0.2099367692667525,0.0852654631252961,0.8074652334278507,0.09196138802046343,0.007739163874388337,0.11333414365465125,0.13404504430333433,0.13581269904529014,-0.2128896457825361,0.8073716893060529,0.0
18.63863863863864,-0.2082084094299407,0.08641799184059053,0.8093822938178761,0.09585301950126797,0.009594408929439946,0.09276225273717295,0.13435857589417974,0.13592305523778705,-0.2100428642059031,0.809389372247138,0.0
18.65865865865866,-0.20644794233839547,0.08802335457726167,0.8113834066072555,0.10005563946897107,0.01095512629786983,0.06803586840996485,0.13374075971892388,0.1354760807893255,-0.2071877904966422,0.811437154815974,0.0
18.67867867867868,-0.20464810132977126,0.08999205043120984,0.8134527334638076,0.10346634282760943,0.011969997412422143,0.050743555720581764,0.13301674094586466,0.13487454540518937,-0.20432453736817444,0.8135147136439546,0.0
18.6986986986987,-0.20280372215709505,0.0922189586338108,0.8155705819655528,0.10589242508725746,0.012806975333732398,0.04184889606349981,0.13262227449490374,0.1344711068034439,-0.20145321785683143,0.8156217206604565,0.0
18.71871871871872,-0.20091097670486607,0.09463727261144823,0.817725085976075,0.10772520052611048,0.013545632077592237,0.03693283719638194,0.13260076307747382,0.13440714171992663,-0.1985739453173906,0.817757843144647,0.0
18.73873873873874,-0.19896660900124746,0.09721838518093023,0.8199149382526797,0.10949261383023844,0.014210016165480911,0.0332192044034334,0.13240839530133494,0.13417254283690497,-0.19568683341860166,0.819922743778023,0.0
18.75875875875876,-0.19696781396520838,0.09993975180195404,0.8221337754451611,0.11094185962407231,0.014811087866772607,0.030053585079207034,0.1325354970207881,0.13416041144959676,-0.19279199613869807,0.8221160806976788,0.0
18.77877877877878,-0.1949119735247165,0.10279202202459375,0.824383264233115,0.11247443939769541,0.015280657988538709,0.023478506108366055,0.1324022065000594,0.1341303708888559,-0.18988954776090056,0.8243375075502877,0.0
18.7987987987988,-0.19279680074633135,0.10575863891925799,0.8266609507028309,0.11388432348579124,0.015779835422421697,0.024958871719204086,0.13226206337619478,0.1338585236696166,-0.18697960286889997,0.8265866735467989,0.0
18.81881881881882,-0.19062063038898555,0.10880851786729015,0.8289607041098558,0.11498767035124528,0.016351684882808987,0.02859247304884087,0.1320721187810619,0.13358278704188536,-0.18406227634233893,0.8288632235178279,0.0
18.83883883883884,-0.18838165945900778,0.11194854649888783,0.8312755957694116,0.1157445829777906,0.01701363657718492,0.03309758475188312,0.13283564435129355,0.13406600888061648,-0.18113768335227295,0.8311667979697438,0.0
18.85885885885886,-0.18607739744516563,0.11521310069210759,0.8336240573884297,0.1174230809509067,0.01763738881120629,0.03118761173700431,0.13392911628516324,0.13449191326734317,-0.17820593935662565,0.8334970331414369,0.0
18.87887887887888,-0.1837049408356301,0.11862283047677573,0.8360285513244615,0.12022469680159141,0.017841130094602503,0.010187064208579233,0.13396384916762505,0.1346823059655965,-0.1752671600956296,0.8358535610617608,0.0
18.8988988988989,-0.18126177995857895,0.12215804385255766,0.8384923692801949,0.12319089778666825,0.01779395041789886,-0.0023589837947916633,0.1329869719659223,0.13363429815369596,-0.17232146158725878,0.8382360096076387,0.0
18.91891891891892,-0.1787477253361807,0.1257027311199136,0.8409855033496911,0.12465670347481018,0.017575740643930138,-0.010910488657085597,0.13321060859844314,0.1339647683946136,-0.1693689601226453,0.8406440025628279,0.0
18.93893893893894,-0.17616287245319173,0.12924264414944778,0.8435161645443683,0.1265330597338563,0.017359480472864067,-0.01081300851227272,0.13211814439111857,0.13306146820010178,-0.16640977226149312,0.843077159677325,0.0
18.95895895895896,-0.17350866956581648,0.1327101443687628,0.8460548058245291,0.12693206400803705,0.01740051416974199,0.0020516848829073148,0.13227177332405313,0.1329014206114267,-0.1634440148274712,0.8455350967274164,0.0
18.97897897897898,-0.1707860398689468,0.13613148484348317,0.8486013469529781,0.12732705642245024,0.01756401001594525,0.008174792347513334,0.13276804471916318,0.13308287960005907,-0.1604718049036049,0.8480174255763485,0.0
18.998998998999,-0.16799472309645466,0.13956583862460664,0.8511658240583467,0.12822385526843308,0.01772071335938932,0.007835167209112603,0.13224885580514237,0.1324756420302773,-0.15749325982765233,0.8505237542356203,0.0
19.01901901901902,-0.1651344645913718,0.14301292525414291,0.8537315406580127,0.12828582998330093,0.017957136417014345,0.01182115291878641,0.1337993815761872,0.1330116589461171,-0.1545084971874738,0.8530536869268817,0.0
19.03903903903904,-0.16220415894856338,0.14651528214042117,0.8563293928002677,0.12989260711274445,0.017554910124284354,-0.020111314590311888,0.13297265348105475,0.13438513322339685,-0.15151763481638728,0.8556068241444328,0.0
19.05905905905906,-0.1592027761206261,0.15006914139686317,0.8589674624526414,0.131903482618687,0.018356366188218266,0.04007280323486037,0.1325458556914229,0.13284322181200314,-0.14852079078851751,0.8581827627183108,0.0
19.07907907907908,-0.15613254117237704,0.1535117474124539,0.8616166163336132,0.13245769404858782,0.019668718928499036,0.06561763705542788,0.13306570665993117,0.1327133198159761,-0.14551808341413616,0.8607810958779528,0.0
19.0990990990991,-0.1529902708676449,0.15711351523660688,0.8642825739151702,0.13329787907785084,0.02109492935443505,0.07131052135058183,0.13301543095391707,0.1319684774202016,-0.14250963123498808,0.8634014133164327,0.0
19.11911911911912,-0.14977110378373606,0.16095835419544274,0.8669534597098569,0.13354428973433757,0.022202773672031703,0.055392215958454505,0.1334208875887635,0.1313385864498248,-0.1394955530196144,0.8660433012552511,0.0
19.13913913913914,-0.14646956882939488,0.16507674771705969,0.8696258353973253,0.1336187843734184,0.022259990891421264,0.0028608610925941816,0.1330024713249046,0.13143677521644048,-0.13647596775866258,0.8687063425096762,0.0
19.15915915915916,-0.143081505531105,0.16940316491449517,0.8722948639709396,0.13345142868071513,0.02181350164287311,-0.02232446225887676,0.1331433593581442,0.1315344753748905,-0.13345099466018792,0.8713901165546233,0.0
19.17917917917918,-0.1396066920207578,0.1737406755173595,0.8749640742120238,0.13346051205421006,0.020967161362230806,-0.042317013809099205,0.13340073915966583,0.13175111177410415,-0.1304207531449484,0.8740941995910598,0.0
19.1991991991992,-0.13604678441461782,0.17799538030699874,0.8776405254899036,0.1338225638939868,0.0197905832605147,-0.058828904799527675,0.13358956454834497,0.1317719177885885,-0.1273853628416912,0.876818164612927,0.0
19.21921921921922,-0.13240509233752787,0.18208460385449773,0.8803273938806646,0.1343434195380534,0.018238572947565264,-0.07760051528665228,0.1338302803329687,0.13201155523322441,-0.12434494358242767,0.879561581474571,0.0
19.23923923923924,-0.1286861561405324,0.18594680984977358,0.8830318885899885,0.13522473546619485,0.01640980031408363,-0.09143863123003901,0.13361704848463804,0.13192557625698256,-0.12129961539770419,0.8823240169586665,0.0
19.25925925925926,-0.12489624339569015,0.18949563724211171,0.8857496938204991,0.1358902615255313,0.014538095660193085,-0.09358523216061566,0.13359252683166176,0.131782854350998,-0.11824949851186214,0.8851050348446282,0.0
19.27927927927928,-0.12104262778542448,0.1926807805132837,0.8884784568530478,0.13643815162744063,0.012600884158614593,-0.09686057444519529,0.1335326132566341,0.131811476273024,-0.11519471333829528,0.8879041959774919,0.0
19.2992992992993,-0.11713274721627522,0.19549402845746322,0.8912178280183476,0.13696855826498958,0.0107991369971085,-0.09008735733528045,0.1334849551403722,0.13176709908791817,-0.11213538047469035,0.890721058337267,0.0
19.31931931931932,-0.11317428550613927,0.19792308550679724,0.8939665472702194,0.1374359625935882,0.009229716497451291,-0.07847102412998551,0.133594693117653,0.1317086258682224,-0.10907162069827121,0.8935551771087319,0.0
19.33933933933934,-0.10917439800054933,0.19999437527949665,0.8967254568794133,0.13794548045969285,0.007907449747021516,-0.06611333654375462,0.13325499275161595,0.13150696233199385,-0.10600355496102745,0.8964061047516788,0.0
19.35935935935936,-0.1051393156241334,0.20175411882079675,0.8994865987543417,0.13805709374641728,0.006928695333018705,-0.04893771960047462,0.13435132667544708,0.13238590954830098,-0.10293130438494098,0.899273391071584,0.0
19.37937937937938,-0.10107405015091132,0.2032632736611036,0.9022792798444706,0.13963405450645008,0.0062236185970655925,-0.03525383556655676,0.13307429086159228,0.13158869257043793,-0.0998549902572036,0.9021565832906993,0.0
19.3993993993994,-0.09698268629356106,0.2045681928675131,0.9050727999070941,0.13967600313117076,0.0061891090404486235,-0.0017254764833065997,0.13391928076333307,0.1317216707868758,-0.09677473402543041,0.9050552261195495,0.0
19.41941941941942,-0.09286795107529114,0.2057367609134962,0.907881665258223,0.14044326755644418,0.00635329041354542,0.008209070138985692,0.13301602800442472,0.13075660310527898,-0.09369065729286191,0.9079688618288309,0.0
19.43943943943944,-0.08873017360425027,0.2068888735520436,0.910678198449508,0.13982665956424944,0.006711295090885202,0.017900235485382637,0.13409161661125604,0.13107792635999327,-0.09060288181356846,0.9108970303216876,0.0
19.45945945945946,-0.08456856864710231,0.20808024785739773,0.9134830900303735,0.14024457904327442,0.006644471782631372,-0.003341163647204201,0.1337409607216081,0.1308348682389128,-0.087511529487638,0.9138392692063707,0.0
19.47947947947948,-0.08038185403766247,0.20933573047199175,0.9162875352488273,0.14022226092269224,0.0063598312936481785,-0.01423202254654369,0.13383971861862426,0.13083561610675226,-0.0844167223563671,0.9167951138692532,0.0
19.4994994994995,-0.07617030508640175,0.21057744756303567,0.9190930099808728,0.14027373660227754,0.005826410495601511,-0.02667103787275897,0.13441744262869965,0.13118658180103332,-0.08131858259744172,0.9197640975481977,0.0
19.51951951951952,-0.07193492884488957,0.21176881207560935,0.9219132795712893,0.14101347952082646,0.004831231969377687,-0.04975892416745882,0.13383043908159023,0.13094891746786802,-0.07821723252011556,0.922745751406263,0.0
19.53953953953954,-0.06767790967059727,0.21285095871461507,0.9247361397145292,0.14114300716199113,0.0036856540816531166,-0.05727889215722379,0.1348116031932669,0.1317247421925956,-0.07511279456037884,0.925739604605741,0.0
19.55955955955956,-0.06340303422048864,0.21374377250543133,0.9275876403732815,0.1425750329376155,0.0022475595467046743,-0.07190472445116806,0.1352823137611539,0.13232423669956148,-0.07200539127612615,0.9287451843825059,0.0
19.57957957957958,-0.05911474257148548,0.21441458245015793,0.9304836555929408,0.14480076098296424,0.0005820123677290098,-0.08327735661603333,0.1345090402152766,0.13178737675655292,-0.06889514534231929,0.9317620161206684,0.0
19.5995995995996,-0.05481876091282503,0.21479908293302266,0.9334047929512009,0.14605686791300673,-0.001148904117820425,-0.08654582194246395,0.1346560816267626,0.13194086372339098,-0.06578217954614127,0.9347896234275257,0.0
19.61961961961962,-0.05052167736103248,0.21485417758962727,0.9363555140157925,0.14753605322958077,-0.002897559345496812,-0.08743275907592035,0.13448857140215897,0.1319191093440887,-0.0626666167821519,0.9378275282087866,0.0
19.63963963963964,-0.046230286063406144,0.21456956488131695,0.9393330129306847,0.14887494574461196,-0.004611020885883289,-0.08567307477422074,0.1346588465378643,0.13213071031130177,-0.05954858004743483,0.9408752507440689,0.0
19.65965965965966,-0.04195147902297182,0.21394035202171624,0.9423429331323471,0.1504960100831192,-0.006296559086534607,-0.08427690788393272,0.13441777989040274,0.13201012360966552,-0.056428192436741,0.9439323097626545,0.0
19.67967967967968,-0.037691984722374665,0.21297471502985782,0.9453798914249386,0.15184791462957464,-0.007885957456157965,-0.07946991646370656,0.1345788619935608,0.13217920179503073,-0.053305577137629866,0.9469982225194864,0.0
19.6996996996997,-0.03345842652993661,0.21167790962190286,0.9484487426912859,0.15344256331736572,-0.00947621401050029,-0.07951282586442053,0.13418217532088106,0.131920760599053,-0.050180857425607545,0.9500725048713982,0.0
19.71971971971972,-0.02925698241219644,0.21007220588700834,0.9515397370933572,0.15454972010356605,-0.010999148953131135,-0.0761467454765502,0.13409708842854842,0.13195471989914853,-0.047054156659257454,0.9531546713535686,0.0
19.73973973973974,-0.025093869905847572,0.20815562531744342,0.9546520627963119,0.1556162851477366,-0.012434637423224643,-0.07177442207845793,0.1343842699716449,0.13219618692007384,-0.04392559827537208,0.9562442352561805,0.0
19.75975975975976,-0.02097511206924968,0.20593789182989458,0.9577934897045697,0.15707134541289097,-0.013933821652679843,-0.07495921030333395,0.13378101962228134,0.13178100735381235,-0.04079530578407858,0.9593407087012793,0.0
19.77977977977978,-0.016906166544539646,0.20344727623550163,0.9609488647095233,0.15776875024768577,-0.015384275663535455,-0.07252269965637695,0.13358193703922075,0.1319380100780696,-0.03766340276396636,0.9624436027198108,0.0
19.7997997997998,-0.012892872952588653,0.20066467959754966,0.96411748670563,0.15843109980533182,-0.01658715639941662,-0.06014403621367478,0.13436035675974994,0.13252415441739465,-0.03453001285720265,0.9655524273288407,0.0
19.81981981981982,-0.008941183248188118,0.19758448522002683,0.9673194854293795,0.16009993618747329,-0.017810079799913215,-0.061146169769211146,0.13358307639688488,0.1319651088801898,-0.03139525976465663,0.968666691608924,0.0
19.83983983983984,-0.005055466196350269,0.19428585259189243,0.9705349901583442,0.16077523644823494,-0.018982338309890344,-0.05861292558389865,0.133633292972007,0.13227609592529965,-0.028259267241012402,0.9717859037816294,0.0
19.85985985985986,-0.0012405586236339488,0.190745378635816,0.9737692684692316,0.16171391554437103,-0.020019620888585332,-0.05186412937241516,0.13325428170951203,0.1320703173123564,-0.02512215908988511,0.9749095712871959,0.0
19.87987987987988,0.0024991249036056084,0.18698417636197787,0.9770135734201311,0.16221524754497305,-0.02085101462348297,-0.04156968754369057,0.13279432298090815,0.13174995802005668,-0.021984059158932538,0.9780372008623142,0.0
19.8998998998999,0.006159865770662916,0.1830370433528654,0.9802562675543595,0.1621347067114206,-0.021599310581798474,-0.0374147990816527,0.13342076221192997,0.13284189640455352,-0.01884509133496755,0.9811682986180166,0.0
19.91991991991992,0.009737974605485646,0.1789054417411365,0.9835227362026401,0.1633234324140314,-0.02207640962150773,-0.023854953522598615,0.13248810760762625,0.13235129677903662,-0.015705379539063737,0.9843023701176721,0.0
19.93993993993994,0.013230984052094621,0.17465047233044872,0.9867918363883968,0.16345500928783682,-0.021979977195005846,0.004821619414073448,0.13165997657613773,0.13208171509221642,-0.012565047721668525,0.9874389204550579,0.0
19.95995995995996,0.016637481505245855,0.17032487265756174,0.9900472687879421,0.16277161997726255,-0.021050991017868535,0.04644930656582399,0.134108566703906,0.13323531328680027,-0.009424219857704069,0.9905774543325164,0.0
19.97997997997998,0.019956667076078544,0.16595927854163453,0.9933423945626474,0.16475628873526457,-0.020316742502049876,0.03671242313521122,0.1322406691330137,0.13173244330023198,-0.00628301994167648,0.9937174761391655,0.0
20.0,0.023193355895511136,0.16183444097162966,0.9966273666371235,0.16424860372380387,-0.019647217444936013,0.03347624983003194,0.12933620479480887,0.13099584030066214,-0.0031415719827794027,0.9968584900291619,0.0
