time,x,x_dot,z,z_dot,theta,theta_dot,u1,u2,x_ref,z_ref,theta_ref
0.0,0.15229926270091065,-0.009124493527220067,0.12804142162390358,0.006784251650220599,0.052285828552835104,-0.0055058953959275115,0.2966828864772779,0.2966828856766333,0.0,1.0,0.0
0.02002002002002002,0.15257619260165214,0.013846495037074098,0.13303569751477,0.24971379454332115,0.05217443877295244,-0.0055694889941323746,0.29668288667170073,0.2894535653718663,0.0031415719827794755,1.003141509970838,0.0
0.04004004004004004,0.15330705536288802,0.0365431380617942,0.14278160958830904,0.48729560367695196,0.04624994478978748,-0.2962246991582479,0.2966828865617964,0.29221731009619484,0.006283019941676304,1.0062825238608344,0.0
0.06006006006006006,0.15449306503582066,0.05930048364663208,0.15732009698982935,0.7269243700760148,0.036708922933918524,-0.4770510927934475,0.29668288438869733,0.29432551198400014,0.009424219857704088,1.0094225456674837,0.0
0.08008008008008008,0.15608410171084197,0.07955183375106493,0.17668490155579084,0.9682402282980741,0.025214842442123,-0.574704024589776,0.29668288650332963,0.29508947864141694,0.01256504772166874,1.0125610795449425,0.0
0.10010010010010009,0.15799719949134547,0.09565488902517495,0.20089079782492963,1.2102948134569398,0.012341739448366782,-0.643655149687811,0.29668288665699044,0.2965083688309913,0.015705379539064146,1.0156976298823284,0.0
0.12012012012012012,0.16013226629777388,0.10675334032142014,0.22996191918228953,1.4535560678679955,-0.0008274893982741717,-0.6584614423320478,0.29668288641833035,0.29668288652767194,0.01884509133496727,1.0188317013819832,0.0
0.14014014014014015,0.16237628000677948,0.1122006854502798,0.26390297510583743,1.6970527961773962,-0.014199978634746858,-0.6686244618236343,0.295741407973997,0.29668288655633673,0.021984059158932454,1.0219627991376858,0.0
0.16016016016016016,0.1646135622851307,0.11186411391756097,0.30270068423979163,1.93988545669771,-0.027089688507432506,-0.6444854936342825,0.2945468373499066,0.29668287959245526,0.025122159089884778,1.0250904287128038,0.0
0.18018018018018017,0.16672706685616093,0.10567522855151244,0.34633646908253496,2.1817892421371674,-0.0386181374372922,-0.576422446492985,0.2623990026071639,0.26579861860180076,0.028259267241012263,1.0282140962183703,0.0
0.20020020020020018,0.16862926127655267,0.09510972101958791,0.3938745327967697,2.3769031857117366,-0.047857757035861835,-0.46198097992848103,0.17849776546072865,0.18188848876333902,0.03139525976465669,1.031333308391076,0.0
0.22022022022022023,0.1703260214788793,0.08483801011633085,0.44282767139546886,2.447656929934959,-0.05491582416082405,-0.3529033562481112,0.12794016254086407,0.13081755861742292,0.0345300128572029,1.0344475726711595,0.0
0.24024024024024024,0.1718401519295021,0.07570652253114112,0.4916898685557896,2.4431098580160384,-0.06032146137639211,-0.27028186077840316,0.09725048681198578,0.09981795274336672,0.03766340276396636,1.0375563972801893,0.0
0.2602602602602603,0.17319488620841197,0.06773671394549259,0.5395471969735247,2.3928664208867527,-0.06448086901688549,-0.2079703820246686,0.07839171967749842,0.0808008435495148,0.04079530578407877,1.040659291298721,0.0
0.2802802802802803,0.1744083302496028,0.060672202059542435,0.5858386442911526,2.314572365881394,-0.06763507310170801,-0.1577102042411253,0.06763502038347219,0.069959826486297,0.04392559827537159,1.043755764743819,0.0
0.3003003003003003,0.1754913812803724,0.0541525515384787,0.6302442975531399,2.2202826630993666,-0.0700100667242505,-0.11874968112712411,0.060153654680411665,0.06247561765275337,0.047054156659257156,1.0468453286464312,0.0
0.3203203203203203,0.1764526181610877,0.04806184403576548,0.6725425270409898,2.1149114743924966,-0.07170267749496542,-0.08463053853574544,0.05668520151750092,0.059026036962292215,0.05018085742560745,1.0499274951286017,0.0
0.34034034034034033,0.17729494341521937,0.04211626270658378,0.7126307977171134,2.0044135338061775,-0.072825446493666,-0.05613844993503113,0.05632340295095417,0.05872710747802093,0.053305577137629956,1.0530017774805136,0.0
0.36036036036036034,0.1780161946587545,0.036062562176757317,0.7504991407491317,1.8934171516009153,-0.07344780634693612,-0.031117992663504953,0.05632353944939438,0.05880181933202099,0.05642819243674084,1.0560676902373454,0.0
0.38038038038038036,0.17861446868799769,0.029913701462158035,0.7861485238905465,1.782469157070739,-0.07371043887217014,-0.013131626261699607,0.056323541048258444,0.058946780892126474,0.059548580047434865,1.0591247492559313,0.0
0.40040040040040037,0.17908852724533791,0.023702927867011236,0.8195810113902755,1.6716243749864543,-0.07354106759809544,0.008468563703734302,0.05632355921414684,0.05902962825431096,0.06266661678215213,1.0621724717912138,0.0
0.42042042042042044,0.17943785220693453,0.017466248079831097,0.8507977945818116,1.560839159576807,-0.07297523707678673,0.02829152606543493,0.05632337882791055,0.059108919776577784,0.06578217954614125,1.0652103765724743,0.0
0.44044044044044045,0.17966269042958738,0.011241911132642918,0.8798000636054454,1.450113451181688,-0.07208943089035491,0.04429030932159267,0.05632338181723798,0.05921208011982355,0.06889514534231904,1.0682379838793312,0.0
0.46046046046046046,0.17976388830756757,0.005059893899009376,0.9065894135626327,1.339467497859362,-0.07085394734959724,0.061774177037883286,0.056323376592778626,0.059304297509271284,0.07200539127612608,1.0712548156174941,0.0
0.4804804804804805,0.1797428716123837,-0.0010508347591928835,0.9311673168868472,1.2288951662107228,-0.06927566887226054,0.07891392386683507,0.056323416215359766,0.059418969240357375,0.07511279456037853,1.0742603953942587,0.0
0.5005005005005005,0.1796017131220961,-0.007057924514379377,0.953535619874494,1.118415149382338,-0.0674656951602089,0.09049868560258179,0.056323509458687054,0.059603802701210636,0.07821723252011543,1.0772542485937369,0.0
0.5205205205205206,0.17934289626708833,-0.012940842750388969,0.9736972450687917,1.0080812597148905,-0.06528130231182004,0.10921964241944354,0.056323388924351105,0.0596975534265287,0.08131858259744179,1.0802359024518025,0.0
0.5405405405405406,0.1789694041728645,-0.018674604711190625,0.991653788794422,0.8978271862815141,-0.0626487254773361,0.13162884172419653,0.056323380591691015,0.05973343957074376,0.08441672235636695,1.0832048861307466,0.0
0.5605605605605606,0.1784849389378102,-0.024223261752714782,1.0074060304651107,0.7876120835344376,-0.05956248926832671,0.15431181045047024,0.059080363355694304,0.0625108012860273,0.08751152948763803,1.0861607307936292,0.0
0.5805805805805806,0.17788887804204828,-0.029803044788095607,1.0210360888521826,0.6815029193535903,-0.05603002231240963,0.17662334779585268,0.0705646099985356,0.07400301384423241,0.09060288181356867,1.0891029696783128,0.0
0.6006006006006006,0.1771664573987793,-0.03612103216344928,1.0328840918182491,0.5924001483033328,-0.05197661947744796,0.202670141748084,0.07979636768019832,0.08313688490587764,0.0936906572928623,1.0920311381711696,0.0
0.6206206206206206,0.17631002989960784,-0.042821374958573036,1.0432221328012448,0.5169020491497769,-0.047579687236365326,0.21984661205413128,0.08735842506855968,0.09067205141967333,0.09677473402543012,1.0949447738804503,0.0
0.6406406406406406,0.17531771024726595,-0.04961598261709488,1.0522741004482,0.4525983823477613,-0.04281314094204761,0.23832731471588672,0.09378481563032195,0.09701692401425858,0.09985499025720351,1.0978434167093005,0.0
0.6606606606606606,0.17419199363061552,-0.056285830832521214,1.0602295615670747,0.39777305594374285,-0.03758253582120022,0.26153025604236974,0.09940548588410737,0.102448783881709,0.10293130438494066,1.1007266089284156,0.0
0.6806806806806807,0.1729393717040221,-0.06263109632967084,1.0672527160505736,0.35115772417494173,-0.03213675069902455,0.27228925610878263,0.1041716802893471,0.10713609281633486,0.10600355496102731,1.103593895248321,0.0
0.7007007007007007,0.17157016708411577,-0.0684602309953169,1.0734841454993302,0.3115714724378329,-0.026462538519837594,0.2837106089593484,0.1084584338632188,0.11129440706949609,0.10907162069827128,1.1064448228912682,0.0
0.7207207207207207,0.1700973364291065,-0.0736415327504638,1.0790494915932132,0.27826730469414795,-0.020549063189317245,0.29567376652601746,0.11231788029548122,0.11497194075047595,0.11213538047469059,1.1092789416627333,0.0
0.7407407407407407,0.16853635360817992,-0.07804914104632875,1.084060915376418,0.25057118916023974,-0.014476015227218348,0.3036523981049446,0.1157634588494552,0.1182391660876118,0.11519471333829528,1.112095804022508,0.0
0.7607607607607607,0.16690500752938145,-0.08156730393992359,1.0886183128075277,0.22786987155548766,-0.008239832524184877,0.3118091351516735,0.11891533334069516,0.12116300616053904,0.11824949851186234,1.114894965155372,0.0
0.7807807807807807,0.16522300727336556,-0.0841000128007951,1.092812053722049,0.20968704572605562,-0.001950426168010266,0.3144703178087306,0.12170238063117916,0.12374582182687108,0.1212996153977037,1.1176759830413332,0.0
0.8008008008008007,0.16351183360389498,-0.08555868347352798,1.09672194086134,0.19549435696455433,0.004311883758354945,0.3131154963182605,0.12416170077494508,0.12601123777520618,0.1243449435824274,1.1204384185254288,0.0
0.8208208208208209,0.16179415126675478,-0.08588411685701082,1.1004180867073137,0.18480729229868711,0.010530652150630213,0.3109384196137635,0.1263439845266716,0.12797093281803434,0.12738536284169108,1.1231818353870728,0.0
0.8408408408408409,0.16009334001717407,-0.08504056247903596,1.1039618259339314,0.17718696133088496,0.016723364145399888,0.3096355997384837,0.12829366221336533,0.12964605803325832,0.13042075314494847,1.1259058004089402,0.0
0.8608608608608609,0.15843335799424646,-0.08299910114638068,1.1074066824688937,0.17224282674811733,0.022744201582359878,0.30104187184799974,0.12989581487420615,0.1310306715632078,0.13345099466018778,1.1286098834453766,0.0
0.8808808808808809,0.15683855102886138,-0.07974034826925468,1.1107965760485083,0.1694946789807303,0.02853540738400223,0.2895602900821172,0.13120533317360888,0.13213083887577443,0.1364759677586626,1.1312936574903238,0.0
0.9009009009009009,0.15533290548190656,-0.0752822773477411,1.1141667372319013,0.16850805916964634,0.034129457095707395,0.2797024855852581,0.132292921861328,0.13296008551559796,0.13949555301961464,1.1339566987447491,0.0
0.9209209209209209,0.15393976606480395,-0.06965697085513123,1.11754497280035,0.16891177842242636,0.03942675137157223,0.264864713793242,0.1330874309944002,0.13353551231494748,0.14250963123498805,1.1365985866835673,0.0
0.9409409409409409,0.15268168200721102,-0.06290420287964657,1.120950877621163,0.1702952410406501,0.0444979675794155,0.2535608103921636,0.1337112961959953,0.1338718284691941,0.1455180834141359,1.139218904122047,0.0
0.960960960960961,0.15158009148845136,-0.05507952593798342,1.124397896172428,0.1723509275632505,0.049181535355610054,0.23417838880972813,0.13403752652554102,0.1339961543202276,0.14852079078851746,1.141817237281689,0.0
0.980980980980981,0.15065528976896683,-0.046240085974226755,1.127891853420317,0.17469786239445814,0.053503503145602774,0.2160983894996351,0.13417419227929553,0.13390271257254494,0.15151763481638697,1.144393175855567,0.0
1.001001001001001,0.14992580070097777,-0.03647445339945311,1.13143251814747,0.17703323635765192,0.05746376773089572,0.1980132292646478,0.13413946417491474,0.13362708902516404,0.1545084971874737,1.1469463130731183,0.0
1.021021021021021,0.149408465936809,-0.025866738208437892,1.1350144182379387,0.1790950045234349,0.060988238014748786,0.17622351419265406,0.13391791795040464,0.13320646126806732,0.1574932598276524,1.1494762457643797,0.0
1.0410410410410411,0.14911833774007477,-0.01450640983671134,1.138627184504945,0.1806383133503148,0.06410840107640046,0.15600815308258356,0.1335771191942586,0.1326442152200385,0.16047180490360474,1.1519825744236514,0.0
1.0610610610610611,0.14906840994783568,-0.002496389611954735,1.1422566377950667,0.18147266450608643,0.06689798351331228,0.13947912184558844,0.13317495288520617,0.1319690338603216,0.16344401482747123,1.1544649032725836,0.0
1.0810810810810811,0.14926993558798984,0.01007628200770845,1.145886080972657,0.18147215887951104,0.06915393749194751,0.1127976989317642,0.13262248057875695,0.1312770539112224,0.16640977226149334,1.1569228403226752,0.0
1.1011011011011012,0.14973247581298793,0.02312701124990396,1.149496401699746,0.18051603635445035,0.07107664282916192,0.09613526686071922,0.13206828740410664,0.13046010349238749,0.1693689601226457,1.1593559974371725,0.0
1.1211211211211212,0.1504633340671995,0.036542912710578815,1.1530667357688456,0.17851670345497497,0.07266321297149975,0.07932850711689149,0.13150800856069736,0.12963872164432094,0.17232146158725853,1.1617639903923611,0.0
1.1411411411411412,0.15146850544068613,0.05025856867433096,1.1565761419223053,0.17547030767298355,0.07373192153149816,0.0534354279999219,0.1308870033549388,0.12888213506173,0.1752671600956295,1.1641464389382392,0.0
1.1611611611611612,0.15275256148549446,0.06420280224041691,1.1600038244764355,0.1713841277065093,0.07433146638932953,0.029977242891566475,0.13026754075695476,0.12811239264270802,0.17820593935662535,1.166502966858563,0.0
1.1811811811811812,0.15431803456689183,0.07827365406986866,1.1633289577515857,0.16625666375751783,0.07446441572744127,0.0066474669055883034,0.12968734608664287,0.12739742686579975,0.18113768335227282,1.168833202030256,0.0
1.2012012012012012,0.1561656889651941,0.09238271991511282,1.1665322374231795,0.16016398357968847,0.07424973589136594,-0.01073399180376738,0.12918770795513937,0.12670169405349896,0.18406227634233896,1.171136776482172,0.0
1.2212212212212212,0.15829468092702859,0.10644959809172531,1.1695959657303274,0.15318641535740232,0.07360488666508584,-0.03224246131400493,0.1287591812747686,0.12614556905150157,0.1869796028689002,1.1734133264532012,0.0
1.2412412412412412,0.16070302220794683,0.1204170640459121,1.1725056558917735,0.1454845080723066,0.0726451184209178,-0.04798841220840243,0.1284177115752653,0.12561928580071577,0.18988954776090053,1.1756624924497123,0.0
1.2612612612612613,0.16338732517182195,0.13421514819375582,1.1752486669791888,0.13715055437076593,0.07125802295667844,-0.06935477321196835,0.12816346883977967,0.12527078046779505,0.19279199613869827,1.1778839193023214,0.0
1.2812812812812813,0.16634324576006812,0.14779602941230838,1.1778163568427091,0.12838449317601736,0.06958433328743759,-0.08368448346204319,0.128000542775011,0.12494328937252269,0.1956868334186012,1.1800772562219768,0.0
1.3013013013013013,0.16956505236679184,0.16109033033618658,1.1802018528788474,0.11927480180691657,0.06754188509751786,-0.1021224094959864,0.12793974879886935,0.12479018430129371,0.1985739453173903,1.182242156855353,0.0
1.3213213213213213,0.17304621934816108,0.17405834906846218,1.1824024351871865,0.1100291154169497,0.06517261121410042,-0.11846369417087226,0.12796798944741203,0.1247228255158034,0.20145321785683132,1.1843782793395434,0.0
1.3413413413413413,0.17677902514845212,0.1866402900145523,1.1844180494679877,0.10078071404005816,0.06252540353763386,-0.13236038382332635,0.1280928828071472,0.12474311605246104,0.20432453736817452,1.1864852863560456,0.0
1.3613613613613613,0.18075474275022757,0.19878588008877288,1.1862514301536191,0.09166903428156953,0.05955955216093629,-0.1482925688348793,0.1283110106731371,0.12490705137205374,0.20718779049664207,1.188562845184026,0.0
1.3813813813813813,0.18496378474540953,0.21045209975909862,1.1879088590559763,0.08287144511786033,0.05633967464960001,-0.1609938755668135,0.1286088824058331,0.12513510428699426,0.21004286420590312,1.1906106277528619,0.0
1.4014014014014013,0.18939544685217294,0.22158310533817077,1.1893987925744889,0.07449667592562793,0.05295714734821882,-0.16912636506905956,0.12897577048538802,0.125395449199018,0.21288964578253636,1.1926283106939473,0.0
1.4214214214214214,0.19403819447671752,0.23213738122722874,1.1907312093392026,0.06662083823568332,0.04927060890350826,-0.18432692223552735,0.12942114878426023,0.1258510521326785,0.21572802284047946,1.1946155753917558,0.0
1.4414414414414414,0.198879917500272,0.24208615117772414,1.19192013476014,0.05944627104687345,0.04549494308490017,-0.18878329093040552,0.12989750489063615,0.12622507826666346,0.21855788332546644,1.1965721080341547,0.0
1.4614614614614614,0.20390732813448048,0.25137053171042356,1.1929788641123482,0.05293646761040457,0.04151585212896195,-0.19895454779691044,0.1304337604422665,0.1267557654983709,0.22137911551945075,1.198497599661959,0.0
1.4814814814814814,0.2091068156451704,0.2599743755344957,1.1939238661713925,0.04725010295221116,0.03737565600595227,-0.20700980615048464,0.1309992635183329,0.1273170513577878,0.22419160804501612,1.2003917462177192,0.0
1.5015015015015014,0.21446392956563182,0.26785569602307135,1.1947724791081005,0.0424306468353983,0.03306503871177231,-0.21553086470899677,0.13160347363071315,0.1279521789764103,0.22699524986977337,1.2022542485937369,0.0
1.5215215215215214,0.2199635325980492,0.27498015162086953,1.195543675480628,0.038559818626376044,0.028591263603429395,-0.2236887554171459,0.13223502859593786,0.12864164847115467,0.2297899303107439,1.204084812679296,0.0
1.5415415415415414,0.2255896911530653,0.28130792775080377,1.1962575989974988,0.035696175843546694,0.024037924561906097,-0.22766695207616497,0.1328692338163953,0.1293100794660412,0.23257553903872916,1.205883149407107,0.0
1.5615615615615615,0.23132568429757155,0.2867996572253133,1.1969340730326663,0.03382370175837466,0.019411987916848176,-0.231296832252896,0.13349405351671983,0.12999317830534365,0.23535196608266626,1.2076489747989532,0.0
1.5815815815815815,0.23715433609573847,0.2914325899083459,1.1975929338997147,0.03294304335242056,0.014673939174467283,-0.23690243711904482,0.13411255921632342,0.13072724760906046,0.23811910183396956,1.2093820100105355,0.0
1.6016016016016015,0.24305799570870423,0.2951829806482883,1.1982546082367749,0.03308371685301283,0.009886901213972078,-0.23935189802476006,0.13470890741717761,0.13143101045848907,0.24087683705085766,1.2110819813755038,0.0
1.6216216216216217,0.24901835976502598,0.2980182028160875,1.1989386716874446,0.03420317253349142,0.005135334920537551,-0.2375783146717263,0.13525171122091265,0.13205494255768044,0.24362506286266614,1.2127486204486728,0.0
1.6416416416416417,0.25501673432810507,0.29991872815395326,1.199662640162756,0.03619842376556821,0.00046686402978376757,-0.2334235445376892,0.13571800967046946,0.13259583512096798,0.24636367077414578,1.214381664048413,0.0
1.6616616616616617,0.26103440391647775,0.3008834794186339,1.2004415761470721,0.03894679921581395,-0.004112805726809483,-0.22898348782966252,0.13610617543710632,0.1330777493638138,0.24909255266974545,1.215980854298209,0.0
1.6816816816816818,0.26705287708708075,0.30092365853015013,1.2012884216938327,0.042342277338024564,-0.008665244474778079,-0.22762193739842973,0.1364373937597496,0.13356823191265593,0.2518116008178804,1.2175459386673815,0.0
1.7017017017017018,0.27305391237350213,0.30005176432106845,1.202215316752889,0.04634475295281496,-0.013227807832639707,-0.2281281678930815,0.13673210182219497,0.13407685443253764,0.25452070787518566,1.2190766700109659,0.0
1.7217217217217218,0.2790192365848515,0.29826621056746955,1.203234045727133,0.050936448712203215,-0.017719606775374975,-0.22458994713676347,0.1369721085464161,0.13450806706334353,0.2572197668907532,1.2205728066087382,0.0
1.7417417417417418,0.2849304166935648,0.2955590054356637,1.2043543513657888,0.05601528193278154,-0.021991218399672646,-0.21358058121488363,0.13710421068172388,0.13475562406201996,0.2599086713103547,1.2220341122033862,0.0
1.7617617617617618,0.29076932523582155,0.29194542711283766,1.2055815778337509,0.06136132339810179,-0.026031190455043103,-0.20199860276852302,0.13710346202820342,0.13487728042436303,0.26258731498064786,1.2234603560378159,0.0
1.7817817817817818,0.2965187980371055,0.2874736400641981,1.2069171743505753,0.06677982584122502,-0.029916043134794346,-0.19424263398756203,0.13700512423469968,0.13496722664027436,0.265255592153367,1.2248513128915928,0.0
1.8018018018018018,0.3021626407458739,0.28219213543841976,1.2083606258116208,0.07217257305227712,-0.033670250052469104,-0.1877103458837378,0.13684682988276214,0.13503282471711153,0.26791339748949833,1.226206763116505,0.0
1.8218218218218218,0.30768530521277526,0.27613322334506923,1.209910121741635,0.07747479650070883,-0.03724674579129408,-0.1788247869412486,0.136626808711445,0.1350247801165387,0.2705606260634379,1.2275264926712488,0.0
1.8418418418418419,0.31307181456036065,0.26932546737927016,1.2115618046288168,0.08258414435908408,-0.040527764055434796,-0.16405091320703596,0.13632048247137712,0.13486571798437053,0.27319717336713456,1.2288102931552294,0.0
1.8618618618618619,0.3183081283514909,0.2618156895565127,1.2133082743481864,0.08732348596847878,-0.043597224894866865,-0.1534730419716033,0.1359068631915787,0.13466264873803116,0.27582293531421515,1.2300579618414675,0.0
1.8818818818818819,0.3233815152584711,0.2536693453490094,1.2151398898035068,0.09158077276602342,-0.04644912844255403,-0.14259517738435767,0.13544204254950515,0.13441554841415276,0.278437808244094,1.2312693017086145,0.0
1.901901901901902,0.32828022229849085,0.24493535200098743,1.2170455966660874,0.09528534312902866,-0.049095410358719435,-0.13231409580827075,0.13492340767507396,0.13413246942063728,0.2810416889260653,1.2324441214720627,0.0
1.921921921921922,0.33299344339623366,0.23566105488713923,1.2190130173412936,0.09837103376031792,-0.051422240494876245,-0.11634150680784078,0.1343679942096415,0.13374427059741437,0.28363447456337826,1.233582235614153,0.0
1.941941941941942,0.33751142563245523,0.22589911181107852,1.221027685516612,0.10073340876592005,-0.05352260265887457,-0.10501810819991593,0.13373012115416225,0.13333637962261904,0.2862160627972954,1.2346834644134685,0.0
1.961961961961962,0.3418258314259131,0.21572028967289397,1.2230736645616103,0.10229895224990872,-0.05543895595169022,-0.09581766464078287,0.1330722858827417,0.13294277592490072,0.2887863517111338,1.235747633973216,0.0
1.981981981981982,0.34592927334005374,0.2051720957070326,1.2251349640541291,0.10306497462594491,-0.05714300762006133,-0.08520258341855548,0.13241213336903085,0.13253497839060088,0.291345239834288,1.2367745762486861,0.0
2.002002002002002,0.34981515652226647,0.19429415911063613,1.2271953755687617,0.1030205757316233,-0.058596654388264904,-0.07268233841017825,0.13173929098563922,0.13209268886526485,0.29389262614623657,1.2377641290737884,0.0
2.022022022022022,0.353477808440343,0.1831325959038252,1.2292380292862244,0.10213268587313076,-0.05976194131560896,-0.05826434636720375,0.13105494888576077,0.1316129376267264,0.2964284100805296,1.2387161361866608,0.0
2.042042042042042,0.3569126671903359,0.1717429374996431,1.2312453803594523,0.10036755366139799,-0.06071313173568169,-0.04755952100363618,0.1303385653184146,0.1311472317431288,0.2989524915287594,1.239630447254344,0.0
2.062062062062062,0.36011632064160987,0.1601826725636991,1.2331996794195454,0.09771495300465359,-0.06141282915202296,-0.03498487081706313,0.12965846625735442,0.130692328537419,0.30146477084451234,1.2405069178965213,0.0
2.0820820820820822,0.3630861788308041,0.14849290945970933,1.235083920771091,0.09421206757728183,-0.06184294498222454,-0.021505791510079572,0.12899907727736823,0.13024158367436361,0.3039651488473027,1.2413454097083185,0.0
2.1021021021021022,0.36582058097267994,0.1367201070937939,1.2368815242988151,0.08988017638620664,-0.061893546409192014,-0.002530071348373939,0.1284091918183445,0.12977842644675508,0.30645352682648824,1.2421457902821578,0.0
2.1221221221221223,0.3683189629966038,0.12491910119619437,1.2385768174545986,0.08476465778916933,-0.06175164260236961,0.0070951903411209955,0.1277689650604837,0.12937453480562902,0.30892980654516716,1.2429079332286685,0.0
2.1421421421421423,0.37058219273824144,0.11316148708188102,1.2401543494695622,0.07887660074817443,-0.06147837942304975,0.013663158965992569,0.12718793702561104,0.12906713604614892,0.3113938902440563,1.2436317181966443,0.0
2.1621621621621623,0.37261162099278694,0.101471412727276,1.2416010169513882,0.07233337409130991,-0.060853905296990495,0.031223706302963252,0.12677824251736575,0.12878126061693995,0.3138456806453503,1.2443170308920484,0.0
2.1821821821821823,0.37440901693897405,0.08986979730935524,1.2429065985074832,0.06527907780474333,-0.06002144326651745,0.041623101523651805,0.12632751330734315,0.12853247773257462,0.3162850809565622,1.2449637630960617,0.0
2.2022022022022023,0.3759773989750576,0.07841910180417748,1.2440608947031626,0.05771480978396561,-0.058888668146213984,0.05663875601517446,0.1260173423608488,0.1283520722140861,0.3187119948743449,1.2455718126821722,0.0
2.2222222222222223,0.3773204151298032,0.06715080773727947,1.2450568406742342,0.04979729855358324,-0.057532294130855234,0.06781870076793702,0.12573079896983833,0.12822903308452943,0.3211263265882922,1.2461410836323012,0.0
2.2422422422422423,0.3784427725387367,0.05611787044667551,1.2458886327014556,0.04158960136107345,-0.056035974856114334,0.07481596373704484,0.12548400379542698,0.12818871443277746,0.32352798078472217,1.246671486051967,0.0
2.2622622622622623,0.37934983756721685,0.04535325142400874,1.2465523211749434,0.03318442367438881,-0.05430124826531034,0.08673632954020018,0.12537854210990979,0.12821429963340705,0.3259168626504394,1.2471629361844785,0.0
2.2822822822822824,0.38004736589853044,0.03487641656568079,1.247047043741595,0.0247361283325765,-0.05240492745695375,0.09481604041782944,0.12528732271700205,0.12828859329733708,0.32829287787647826,1.2476153564241628,0.0
2.3023023023023024,0.38054195831018417,0.0247296205826867,1.247372909384591,0.01629328214980117,-0.05040744660667369,0.099874042514003,0.125232930367477,0.1284278101445976,0.33065593266182597,1.2480286753286194,0.0
2.3223223223223224,0.3808406772427283,0.014935946627207075,1.2475315529381446,0.007932177677674101,-0.0481894802812291,0.11089831627222907,0.12532408907599704,0.12862199533553226,0.3330059337171258,1.248402827630002,0.0
2.3423423423423424,0.380950884861016,0.005510380914386931,1.2475275820555716,-0.00019854412864633506,-0.0458581896848461,0.11656452981914989,0.12539691327751598,0.1288504205492265,0.33534278826835995,1.248737754245325,0.0
2.3623623623623624,0.38088070574226707,-0.0035089559374490657,1.2473658657072983,-0.008085817413661761,-0.04330195244563982,0.12781186196031435,0.1256229037760532,0.1291428539231618,0.3376664040605122,1.2490334022857932,0.0
2.3823823823823824,0.38063857925181876,-0.012106324522414691,1.247054488941476,-0.015568838291118953,-0.0405155326587212,0.13932098934593112,0.1259202703824994,0.12947917473491438,0.3399766893612096,1.2492897250651536,0.0
2.4024024024024024,0.38023376801299436,-0.020240561941219464,1.2466032608868307,-0.022561402732268213,-0.03754065994419784,0.14874363572616842,0.12627013063338083,0.12987021792248388,0.3422735529643443,1.249506682107068,0.0
2.4224224224224224,0.3796763631919053,-0.027870241054452998,1.246023590595841,-0.028983514549483252,-0.03434836490820544,0.15961475179961984,0.12672066889308323,0.13031717575114837,0.34455690419367424,1.2496842391515044,0.0
2.4424424424424425,0.3789772098411581,-0.03495766753735792,1.2453292054018825,-0.034719259697927184,-0.031094117983837457,0.16271234621839906,0.12711569184508567,0.13078532403696405,0.34682665290640247,1.2498223681601472,0.0
2.4624624624624625,0.37814803061998875,-0.041458961058468365,1.2445333223370836,-0.039794153239950336,-0.027750297698672988,0.16719101425822375,0.12757433056025472,0.13127973406394378,0.3490827094967363,1.249921047320825,0.0
2.4824824824824825,0.37720077712383715,-0.04736267480757953,1.2436504605898262,-0.04414308736286771,-0.02419893096892412,0.17756833648744352,0.1281627758828852,0.13180087581653,0.3513249848994246,1.249980261050954,0.0
2.5025025025025025,0.3761478659554099,-0.05264555842136244,1.2426974293884263,-0.04765156006999483,-0.020624147719853554,0.17873916245352786,0.1286536353517874,0.13231673970686245,0.35355339059327373,1.25,0.0
2.5225225225225225,0.37500262674896406,-0.05726196032229204,1.241689494012114,-0.050396768815614744,-0.01704616905909568,0.17889893303789367,0.1291437851699161,0.13282550694034442,0.35576783860464267,1.249980261050954,0.0
2.5425425425425425,0.37377854046453307,-0.06120431422154931,1.240641759806906,-0.05238671026039489,-0.01337277876479848,0.1836695147148603,0.1297093865250893,0.13332643297218405,0.35796824151091555,1.249921047320825,0.0
2.5625625625625625,0.3724892349793013,-0.06446527426158834,1.2395702864167557,-0.05357366950751419,-0.009685472446567926,0.1843653159115276,0.13022806453543997,0.13380756516447195,0.36015451244395347,1.2498223681601472,0.0
2.5825825825825826,0.37114878194342676,-0.06702265179372767,1.2384901022287673,-0.05400920939942312,-0.005908571824695615,0.18884503109361545,0.1308166262443489,0.13428331967910642,0.3623265650935233,1.2496842391515044,0.0
2.6026026026026026,0.36977147542436667,-0.06886532595300432,1.2374171404366734,-0.05364808960469128,-0.0021880371114118683,0.18602673566418734,0.1312953153295466,0.13471824565820348,0.3644843137107058,1.249506682107068,0.0
2.6226226226226226,0.3683720145587635,-0.06997304328015952,1.2363650514975002,-0.052604446958654474,0.001572097641102004,0.1880067376256936,0.1318288181617706,0.13512202417754304,0.36662767311128,1.2492897250651533,0.0
2.6426426426426426,0.3669649921584196,-0.07035112001719487,1.235347780385366,-0.05086355560670237,0.00536354877336059,0.18957255661292927,0.13235473986236604,0.13549466407717486,0.36875655867908697,1.2490334022857932,0.0
2.6626626626626626,0.36556526921451166,-0.06998614719539827,1.2343786436872455,-0.04845683490602504,0.009138761985617515,0.18876066061284624,0.1328364047434384,0.13582631817641053,0.3708708863693696,1.248737754245325,0.0
2.6826826826826826,0.36418794155956513,-0.0688663827473255,1.2334696382266181,-0.04545027303136491,0.012812327799637237,0.1836782907009861,0.133215537409782,0.13608751781097506,0.37297057271209105,1.248402827630002,0.0
2.7027027027027026,0.36284808250407197,-0.06699295277465818,1.2326301410565292,-0.04197485850444099,0.016384603753516157,0.17861379769394603,0.133532851276749,0.13626655718237735,0.3750555348152298,1.2480286753286194,0.0
2.7227227227227226,0.3615604309008586,-0.06438258016066804,1.2318673440968224,-0.03813984798533797,0.01977228033012187,0.16938382883028563,0.1337248577541735,0.1363573251427625,0.3771256903680519,1.2476153564241628,0.0
2.7427427427427427,0.3603392375289378,-0.06105966859603858,1.231185227599624,-0.03410582485992568,0.0231210949255714,0.16744072977247634,0.13395635282487917,0.13637430307226273,0.37918095764436094,1.2471629361844785,0.0
2.7627627627627627,0.3591980956784475,-0.05705709252451645,1.2305872268901357,-0.029900035474411793,0.026336836874596484,0.1607870974512544,0.1341007638334374,0.13634385911141866,0.38122125550572394,1.246671486051967,0.0
2.7827827827827827,0.35815039277717414,-0.05238514506366981,1.230074742304227,-0.025624229295433662,0.02942344868262859,0.15433059040160507,0.13419205152110264,0.13624042365935182,0.3832465034046749,1.2461410836323012,0.0
2.8028028028028027,0.3572089244638107,-0.04707341566817351,1.229647275358335,-0.02137334729460549,0.032415327403156696,0.14959393602640567,0.1342586297253833,0.13607115054995464,0.3852566213878946,1.2455718126821722,0.0
2.8228228228228227,0.35638599298552204,-0.041146573914433215,1.2293029605777106,-0.017215739031219673,0.03515856091410453,0.13716167554739117,0.13417783673513212,0.13584031051072507,0.3872515300993669,1.2449637630960617,0.0
2.8428428428428427,0.355693348947776,-0.03463220188730327,1.229036813181045,-0.013307369833286474,0.037714164622260425,0.127780185407795,0.13404509923067034,0.13550904347701545,0.38923115078351167,1.2443170308920484,0.0
2.8628628628628627,0.3551416780953259,-0.02758354262250553,1.228841592579067,-0.009761030098899046,0.04001851601598264,0.1152175696861108,0.13382113286604835,0.13511954163813095,0.39119540528829405,1.2436317181966443,0.0
2.8828828828828827,0.35474075166325425,-0.020046321603580348,1.2287078450464979,-0.00668737662845545,0.04214048127751241,0.10609826307648923,0.13357775817159043,0.1346592377938072,0.39314421606830946,1.2429079332286685,0.0
2.9029029029029028,0.35449925195407633,-0.012074985458896166,1.2286247973112452,-0.004152386762637335,0.04408420198322725,0.09718603528574117,0.13331380301739865,0.13416673284969152,0.39507750618784515,1.2421457902821578,0.0
2.9229229229229228,0.35442506347106445,-0.0037094241505944495,1.2285809062033546,-0.002194555394529962,0.04582969025524747,0.0872744136010114,0.13301591706589436,0.13364585217723468,0.39699519932391764,1.2413454097083185,0.0
2.942942942942943,0.3545252746814418,0.005010560518865937,1.2285637216690213,-0.000859226716663116,0.04736952209372022,0.07699159192363784,0.132686572241104,0.1330929945935538,0.3988972197692855,1.2405069178965216,0.0
2.962962962962963,0.35480610533514784,0.014041532685303091,1.2285598778640492,-0.00019219024860592324,0.04869109092299514,0.06607844146374486,0.13232797519751974,0.13251558793792,0.40078349243543826,1.239630447254344,0.0
2.982982982982983,0.35527288265297846,0.023338865891530024,1.2285552411881857,-0.0002318337931722232,0.04979144250672893,0.05501757918669012,0.1319491758322305,0.1319182700322204,0.40265394285556094,1.2387161361866608,0.0
3.003003003003003,0.3559300175066827,0.03285674268521114,1.228535118826992,-0.0010061180596877242,0.05064887840762217,0.042871795044661605,0.13155071609777508,0.1313158381773365,0.4045084971874737,1.2377641290737884,0.0
3.023023023023023,0.35678100584638983,0.04254941698535617,1.2284844894112672,-0.0025314707862427476,0.05124775883844192,0.02994402154098779,0.13113951437238447,0.13071411403056998,0.406347082216547,1.2367745762486861,0.0
3.043043043043043,0.3578283398168579,0.05236669852340364,1.2283881982544693,-0.004814557839896744,0.05163242458290687,0.019233287223248526,0.13074815825729097,0.13010743365171382,0.40816962535859197,1.235747633973216,0.0
3.063063063063063,0.35907352276556886,0.062259147435547564,1.2282313607284252,-0.007841876302205994,0.05177151375626294,0.0069544586678034846,0.1303714261497506,0.12953996895629985,0.4099760546627262,1.2346834644134685,0.0
3.083083083083083,0.3605172059931058,0.0721841613768493,1.2279999309390843,-0.011571489467039365,0.05177620151329859,0.0002343878517828508,0.13004961525157135,0.128958699567832,0.4117662988142137,1.233582235614153,0.0
3.103103103103103,0.3621591588341434,0.08209764205187971,1.2276805201673848,-0.01597053858497769,0.0516121273894939,-0.008203706190234559,0.12976795927359308,0.12844015261643435,0.4135402871372809,1.2324441214720627,0.0
3.123123123123123,0.3639987060034201,0.09197735846383455,1.2272612885107927,-0.02096158282960453,0.05127835444682371,-0.016688647133510058,0.12951416630930557,0.12795288153539727,0.4152979495979063,1.2312693017086145,0.0
3.143143143143143,0.366034625482405,0.1017959739492447,1.2267313042926424,-0.02649921090751165,0.05065605437467961,-0.03111500360720411,0.12926649365225404,0.12755643189093785,0.41703921680658557,1.2300579618414675,0.0
3.163163163163163,0.3682650509080856,0.1115212712840292,1.2260811029705245,-0.03251006610589687,0.04987613548100161,-0.038995944683900316,0.12906409909048425,0.12713088286854818,0.4187640200210709,1.2288102931552294,0.0
3.183183183183183,0.3706870818175094,0.12110154547119047,1.2253015142334158,-0.03897943685543454,0.048912599080406995,-0.04817682002973055,0.12891722104703623,0.1267840940718502,0.4204722911490845,1.227526492671249,0.0
3.203203203203203,0.3732973177679219,0.13051179752062358,1.224385382326759,-0.04580659533284578,0.04779226051581545,-0.05601692822957766,0.1288161572794928,0.1264736013141674,0.42216396275100754,1.2262067631165048,0.0
3.2232232232232234,0.3760917577100399,0.13972199710589803,1.223326797626891,-0.052929234993409346,0.04648185397458654,-0.06552032706144524,0.1287603251165146,0.126238648140611,0.4238389680425416,1.2248513128915928,0.0
3.2432432432432434,0.37906592749682455,0.14870848933923325,1.22212166192089,-0.060256785300045544,0.04492177973197514,-0.07800371213056984,0.12874501958962853,0.12609630968595684,0.4254972408973459,1.2234603560378159,0.0
3.2632632632632634,0.382214677385122,0.15743749441487265,1.2207678755259634,-0.06768931974632013,0.04323569139342051,-0.08430441692773176,0.12878510499318155,0.1259430181794208,0.4271387158496476,1.2220341122033862,0.0
3.2832832832832834,0.38553205174107863,0.16586871779783158,1.2192640320941064,-0.07519217159285572,0.04125849586868814,-0.09885977623661851,0.1288836888354344,0.12596986419571166,0.42876332809682616,1.2205728066087382,0.0
3.3033033033033035,0.38901168053418567,0.1739814396553528,1.2176122684855817,-0.08258818042623495,0.03915057918930765,-0.1053958339690243,0.1290294023376024,0.1259588078007911,0.4303710135019718,1.2190766700109659,0.0
3.3233233233233235,0.3926461456035068,0.18172325346605808,1.2158148932083777,-0.08986876386019822,0.03688215218763864,-0.11342135008345047,0.12923995887693743,0.12604569532727314,0.4319617085964177,1.2175459386673815,0.0
3.3433433433433435,0.39642763158230476,0.18907429893989836,1.213876629521859,-0.09691318432593486,0.034424532849303115,-0.12288096691677619,0.1294955068348943,0.12621384998559715,0.433535350582245,1.215980854298209,0.0
3.3633633633633635,0.40034775371599685,0.1960061066846055,1.2118040763048443,-0.1036276608507305,0.03180517331071509,-0.13096797692940104,0.12979784299719116,0.12643062637549227,0.43509187733476284,1.214381664048413,0.0
3.3833833833833835,0.4043974206519604,0.20248334679817648,1.2096052514254345,-0.10994124397049089,0.029072471610215724,-0.13663508502496863,0.1301423039173991,0.126676502544796,0.43663122740496,1.212748620448673,0.0
3.4034034034034035,0.4085669510129486,0.2084765180494109,1.207289225396894,-0.11580130142701929,0.02619400151893426,-0.14392350456407288,0.1305250474813708,0.12700042882955428,0.4381533400219318,1.2110819813755038,0.0
3.4234234234234235,0.41284628747438434,0.2139668230717864,1.2048667794068986,-0.12112229949977227,0.02304618450565931,-0.15739085066374797,0.13095688220276966,0.1274797388789911,0.4396581550952781,1.2093820100105355,0.0
3.4434434434434436,0.4172247314917377,0.21892220086766914,1.202351710693128,-0.12575343568852368,0.019834678323331197,-0.16057530911640594,0.13141317518107348,0.1278768635838822,0.44114561321747664,1.2076489747989532,0.0
3.4634634634634636,0.42169050031680805,0.22328844125351519,1.199756955814789,-0.1297377439169593,0.016566162627038132,-0.16342578481465328,0.13188748829683145,0.12830641431651996,0.44261565566622757,1.205883149407107,0.0
3.4834834834834836,0.4262314947622904,0.22704972227411552,1.1970961671922855,-0.13303943112516872,0.013270899972937665,-0.16476313270502302,0.13235330716157706,0.12872678289371278,0.44406822440677224,1.204084812679296,0.0
3.5035035035035036,0.43083535756130004,0.23019313995048235,1.1943827010254726,-0.13567330834064079,0.009854554127690594,-0.1708172922623533,0.13282779549353138,0.12923895289981355,0.4455032620941839,1.2022542485937369,0.0
3.5235235235235236,0.4354895383651411,0.23270904019205338,1.1916313633261457,-0.13756688496634562,0.006341333218575773,-0.17566104545574118,0.13331028431101397,0.12977023608202035,0.4469207120756319,1.2003917462177192,0.0
3.5435435435435436,0.4401809107649509,0.23456861999049006,1.188857325572411,-0.13870188768673028,0.0027901786899669247,-0.17755772643044246,0.13378846566947858,0.13028402532935812,0.44832051839261794,1.198497599661959,0.0
3.5635635635635636,0.44489588685568715,0.23574880453681252,1.1860753942113904,-0.13909656805103832,-0.0008025809176312845,-0.17963798037991047,0.1342501367972089,0.13080780626455493,0.4497026257831855,1.1965721080341547,0.0
3.5835835835835836,0.4496206190966055,0.2362366120459183,1.1833002319068366,-0.13875811522769135,-0.004403662313908556,-0.18005406981386363,0.1346850814038041,0.13130756053765497,0.4510669796841014,1.1946155753917558,0.0
3.6036036036036037,0.4543410462462291,0.236021357481182,1.1805457000655972,-0.13772659206196672,-0.008099659750343708,-0.18479987182175744,0.13510498624643616,0.13187566056509284,0.4524135262330098,1.1926283106939473,0.0
3.6236236236236237,0.45904291286597876,0.2350933309874818,1.1778263987153073,-0.13596506751449544,-0.011776942823670792,-0.18386415366635428,0.1354952012160137,0.13236838052256394,0.4537422122705585,1.1906106277528619,0.0
3.6436436436436437,0.46371153302437357,0.2334310079197396,1.175155316554055,-0.133554108062616,-0.015446693652024456,-0.18348754141768303,0.13583622218255895,0.13284367705358785,0.45505298534249783,1.188562845184026,0.0
3.6636636636636637,0.4683321734908313,0.23103202332288483,1.172544401311121,-0.1305457621466947,-0.019009917322040472,-0.17816118350080082,0.13611027524093014,0.13321000420638698,0.4563457937017514,1.1864852863560456,0.0
3.6836836836836837,0.47289014716232464,0.22789868357466736,1.170002940144193,-0.1270730583464003,-0.02254603512745077,-0.17680589027051496,0.1363166934673742,0.1335815101572803,0.45762058631045877,1.1843782793395434,0.0
3.7037037037037037,0.4773710839546253,0.22404683961503308,1.1675392484231546,-0.12318458605191891,-0.025945128170817528,-0.16995465216833786,0.13646027537223632,0.13383980067238427,0.45887731284199057,1.182242156855353,0.0
3.7237237237237237,0.48176075831356374,0.2194837179469214,1.1651589845389658,-0.11901319420944131,-0.029221078961147944,-0.1637975395165211,0.13652126674593162,0.13404116825027532,0.4601159236829352,1.1800772562219768,0.0
3.7437437437437437,0.4860455188174657,0.21423802519509977,1.1628657039969508,-0.11466402710075353,-0.03239394214178278,-0.15864315903174184,0.1365154978875541,0.13420689221672846,0.4613363699350574,1.1778839193023214,0.0
3.7637637637637638,0.4902122178899428,0.20833495362385357,1.1606614133403828,-0.11021453282840467,-0.03543773794809731,-0.15218979031572627,0.1364513411257057,0.13431504596013502,0.462538603417229,1.1756624924497123,0.0
3.7837837837837838,0.49424818804380105,0.20179850769291346,1.1585463720584384,-0.10575206409721938,-0.03838174468340768,-0.14720033676551858,0.13632478146780538,0.13439730207517742,0.4637225766673307,1.1734133264532012,0.0
3.803803803803804,0.49814129931031953,0.19465556332592476,1.1565195101903076,-0.10134309340653813,-0.0411727899037741,-0.13955226101832108,0.13614442534054547,0.13440782076545546,0.46488824294412573,1.171136776482172,0.0
3.823823823823824,0.501879900260279,0.186930047497974,1.1545778777654745,-0.09708162124165387,-0.043775998843898524,-0.1301604470062212,0.13589293120464505,0.13433705192120432,0.46603555622910553,1.168833202030256,0.0
3.843843843843844,0.5054530678000829,0.1786583769901959,1.152716259692231,-0.09308090366218458,-0.04617982379246663,-0.12019124742840533,0.13556967642720422,0.1341968913717988,0.467164471228306,1.166502966858563,0.0
3.863863863863864,0.5088507798173334,0.16988560086252633,1.1509273546130911,-0.089445253956988,-0.048439633464875356,-0.1129904836204357,0.13518310243686812,0.13403980174061886,0.4682749433740962,1.1641464389382392,0.0
3.883883883883884,0.5120638642184686,0.16065422005675897,1.1492026848824155,-0.08623348653378698,-0.0504922140861072,-0.10262903106159409,0.13476553770580588,0.13382046694958805,0.46936692882693704,1.1617639903923611,0.0
3.903903903903904,0.5150838273779473,0.15099815797393487,1.147532399765367,-0.0835142558524277,-0.052297318324664034,-0.09025521192784158,0.1342971470494034,0.1335287743514515,0.4704403844771127,1.1593559974371725,0.0
3.923923923923924,0.5179031604034335,0.14096665127430943,1.1459048492808848,-0.08137752422411272,-0.05389234983384309,-0.07975157545895277,0.13377494798302314,0.1332105138849886,0.4714952679464322,1.1569228403226752,0.0
3.943943943943944,0.5205154110130168,0.1306125304791615,1.1443072312584197,-0.07988090112325116,-0.05522508933264717,-0.06663697494020368,0.13323997338491725,0.13284712011337171,0.4725315375899024,1.1544649032725836,0.0
3.963963963963964,0.5229150787155262,0.11998338512546942,1.1427259210475393,-0.07906551054401674,-0.05634154495153996,-0.05582278094463898,0.1326698255208879,0.13247783019463205,0.4735491524973721,1.1519825744236514,0.0
3.983983983983984,0.525097812411772,0.10913668481229044,1.1411467357761182,-0.0789592635710533,-0.05736071037764466,-0.05095827130523538,0.1320765650053055,0.13216699271514876,0.4745480724951473,1.1494762457643797,0.0
4.004004004004004,0.5270600061003896,0.09810968443088146,1.1395560581385336,-0.07953388187923734,-0.05809770643757998,-0.03684980299676628,0.13155678795409576,0.13181237705870488,0.47552825814757677,1.1469463130731183,0.0
4.024024024024024,0.5287985379751609,0.08692659373856149,1.1379407287743815,-0.08076646820760441,-0.058681901922253754,-0.02920977423368764,0.13097430182586214,0.13147641707570865,0.47648967075860943,1.144393175855567,0.0
4.044044044044044,0.5303113662515556,0.07564141381973646,1.136286998118545,-0.08268653279182467,-0.059001466214816084,-0.015978214628117035,0.13045640288333515,0.13113107147241893,0.4774322723733215,1.141817237281689,0.0
4.064064064064064,0.5315970045935678,0.0642819171006133,1.1345819668223045,-0.08525156481202313,-0.058986522501647265,0.0007471856584407542,0.12996433197968496,0.13075599094400786,0.4783560257794153,1.139218904122047,0.0
4.084084084084084,0.5326551040736984,0.0529049740065282,1.132812737722808,-0.0884614549748226,-0.05882724420039742,0.007963915062492971,0.12942093337211952,0.13044393543352925,0.4792608945086879,1.1365985866835673,0.0
4.104104104104104,0.5334865353277606,0.04157156270310595,1.130966662870473,-0.09230374261674666,-0.058481744362857385,0.017274991877001905,0.12896364043363376,0.13018807760949785,0.4801468428384715,1.1339566987447491,0.0
4.124124124124124,0.5340925842170923,0.030302444466586163,1.129033231445412,-0.09667157125306482,-0.05790249556963118,0.02896243966130887,0.12856696405574966,0.1299547612314153,0.48101383579304297,1.1312936574903238,0.0
4.1441441441441444,0.5344752070788004,0.01913114308540271,1.127003203936366,-0.10150137545229088,-0.05714617307011791,0.037816124975663626,0.12818633519916484,0.129765307674713,0.48186183914500486,1.1286098834453766,0.0
4.1641641641641645,0.5346372436697253,0.008101829546247432,1.1248682778579484,-0.1067463039208841,-0.056354332673208385,0.03959201984547741,0.12779352368146432,0.12965255301164388,0.48269081941663694,1.1259058004089402,0.0
4.1841841841841845,0.5345820073266034,-0.0027618171560933203,1.1226211417376362,-0.11235680601561243,-0.0553006950822981,0.052681879545513566,0.12757390836749002,0.12956216271594512,0.4835007438812175,1.123181835387073,0.0
4.2042042042042045,0.5343128848501688,-0.013456123821731152,1.120257381489528,-0.11818801240540164,-0.0541238471329527,0.05884239746727005,0.12730452544849846,0.12950033669635952,0.48429158056431554,1.1204384185254288,0.0
4.2242242242242245,0.5338342119849525,-0.023933643260815752,1.1177723217769087,-0.1242529856309654,-0.05277787842355762,0.06729843546975427,0.1271245469320362,0.12949057593986946,0.4850632982450529,1.1176759830413332,0.0
4.2442442442442445,0.5331506758306717,-0.03417680771404487,1.115163400606858,-0.1304460585025309,-0.051261914317422205,0.07579820530676987,0.12699190837605684,0.12951668105802486,0.48581586645733693,1.114894965155372,0.0
4.2642642642642645,0.5322675145509553,-0.04415806398581665,1.112429315280438,-0.13670426632100063,-0.04954222702893978,0.08598436442412118,0.12693610314390674,0.12958449115241075,0.48654925549106326,1.1120958040225082,0.0
4.2842842842842845,0.5311905211688142,-0.053849669107057116,1.1095705429578249,-0.14293861613066175,-0.04762075341828633,0.09607368053267243,0.1269402208771705,0.12969724655710516,0.48726343639328856,1.1092789416627333,0.0
4.3043043043043046,0.529926176991122,-0.06321720888460859,1.1065891422234795,-0.14907003671726612,-0.04549128697259539,0.10647332228454745,0.12701753350284814,0.12986126469191775,0.48795838096937366,1.1064448228912682,0.0
4.324324324324325,0.5284816684853072,-0.07222542529073778,1.103489039067866,-0.1550051577806754,-0.04320664936028827,0.11423188061535532,0.12712963472989514,0.1300761950542346,0.48863406178409674,1.103593895248321,0.0
4.344344344344345,0.5268648392402309,-0.08084146225381528,1.1002754505411538,-0.1606794263356112,-0.04061218554673165,0.12972319067783197,0.12741959742256256,0.13034630820957582,0.48929045216273603,1.1007266089284156,0.0
4.364364364364365,0.5250841134935341,-0.08903628733483594,1.0969570522735246,-0.16591991338146145,-0.03789962107424579,0.13562822362429233,0.12765237066059873,0.13065822139694278,0.48992752619212343,1.0978434167093005,0.0
4.384384384384385,0.5231490917655999,-0.09675108639670987,1.0935423221406684,-0.17073650664281037,-0.035060778177529596,0.14194214483580977,0.12796016418560782,0.1310215028767169,0.49054525872166704,1.0949447738804503,0.0
4.404404404404405,0.5210697899970245,-0.10396508842877154,1.0900416022465684,-0.17503599470499343,-0.03208664473233159,0.14870667225990036,0.12832074999595577,0.13141098109125826,0.49114362536434436,1.0920311381711694,0.0
4.424424424424425,0.5188567538828764,-0.1106518057073998,1.0864663950748965,-0.17876035858359973,-0.029052839606863577,0.1516902562734007,0.128670598949257,0.13181879886222272,0.49172260249766486,1.0891029696783128,0.0
4.444444444444445,0.5165210432192415,-0.11678553318174337,1.0828283036887838,-0.18190456930564056,-0.025867882167215257,0.15924787198241563,0.12912332254887743,0.13224908520246986,0.49228216726460267,1.0861607307936292,0.0
4.464464464464465,0.5140740383882331,-0.12235024155042062,1.0791407620439168,-0.18437708224334748,-0.022663122018731677,0.1602380074241794,0.12951529021982586,0.1326815957613113,0.492822297574499,1.0832048861307468,0.0
4.484484484484485,0.5115277813209299,-0.12731285336516057,1.0754163191649746,-0.18622214394711076,-0.01945964053224547,0.16017407432431022,0.12990580517612,0.13310972193386644,0.493342972103934,1.0802359024518022,0.0
4.504504504504505,0.5088943869261969,-0.13166971973664723,1.0716674019951413,-0.18744585849166864,-0.016104218593635967,0.16777109693047473,0.13042137330649065,0.1335411308865998,0.4938441702975689,1.0772542485937369,0.0
4.524524524524525,0.506186096716073,-0.13541451050619668,1.0679083000464213,-0.1879550974360029,-0.012727751852823268,0.16882333704063493,0.13087474429613338,0.13396940604647498,0.49432587236895703,1.0742603953942587,0.0
4.544544544544545,0.5034158031727093,-0.1385146771681836,1.0641523063638987,-0.18779968412613304,-0.00930731121984963,0.1710220316486818,0.1313554486438884,0.13438808730864635,0.49478805930132547,1.071254815617494,0.0
4.564564564564565,0.5005966080022628,-0.14095975852232284,1.0604129350753375,-0.18696856442805956,-0.005934673615122962,0.16863188023633344,0.13176621974765645,0.13477529487115053,0.4952307128483256,1.0682379838793312,0.0
4.584584584584585,0.497741813185661,-0.14273974083008814,1.056702155934686,-0.1855389570325729,-0.002511114930596355,0.17117793422633035,0.13223540998445021,0.13513549304532332,0.4956538155347533,1.0652103765724743,0.0
4.604604604604605,0.4948646642657629,-0.1438574459949059,1.0530323574547025,-0.18348992399918182,0.0008821568218341924,0.16966358762152736,0.1326473030281914,0.13546732423540978,0.49605735065723894,1.0621724717912135,0.0
4.624624624624625,0.49197868928063665,-0.14429874925631236,1.049414615003446,-0.18088712256282272,0.004199521485062743,0.1658682331614275,0.13300212890058,0.135752578056525,0.49644130228490685,1.0591247492559313,0.0
4.644644644644645,0.4890973781366798,-0.14406555719784325,1.045858422217146,-0.17780963931499552,0.007386768000836773,0.15936232578870146,0.13327503148968203,0.1359754038114495,0.4968056552600042,1.0560676902373454,0.0
4.664664664664665,0.4862339173312277,-0.1431730402726039,1.0423710895946519,-0.17436663112471387,0.010517733422917602,0.15654827110404165,0.1335548392929803,0.1361410855352102,0.49715039519849946,1.0530017774805136,0.0
4.684684684684685,0.4834010349561007,-0.1416441187563522,1.0389591431495113,-0.17059732225702845,0.013576925411366243,0.15295959942243165,0.13380530400354365,0.13626853759608984,0.4974755084906501,1.049927495128602,0.0
4.704704704704705,0.4806112469027826,-0.1394894026659032,1.0356280693500945,-0.16655368997084022,0.016577624968365734,0.15003497784997458,0.13404224853913774,0.13635492122150383,0.49778098230154,1.0468453286464312,0.0
4.724724724724725,0.47787681675626503,-0.13672150732587843,1.0323825103446889,-0.16227795027028927,0.019487116599033332,0.14547458153337997,0.1342337503651719,0.1363984767884597,0.49806680457158625,1.0437557647438191,0.0
4.744744744744745,0.4752097884361908,-0.13335141600370928,1.0292257667577864,-0.1578371793451177,0.022258613186575613,0.13857482937711407,0.13435477009827362,0.13638644030325275,0.49833296401701493,1.040659291298721,0.0
4.764764764764765,0.472621798129756,-0.12939951532174027,1.0261592425094104,-0.15332621241880356,0.02490768784612592,0.13245373297751534,0.13443575795355495,0.13631041932323823,0.49857945013030697,1.0375563972801893,0.0
4.784784784784785,0.47012387101134634,-0.12489635592048377,1.0231827791500627,-0.14882316796737904,0.027492960447330364,0.12926363006022176,0.13452047547337354,0.13618367512111135,0.4988062531806126,1.0344475726711595,0.0
4.804804804804805,0.46772656531432794,-0.11986528485091978,1.020295503693934,-0.14436377280642906,0.029946261993752037,0.12266507732108374,0.13454416067299013,0.1360238951103627,0.4990133642141358,1.031333308391076,0.0
4.824824824824825,0.4654401106890584,-0.11432273126347654,1.017495129068176,-0.14001873128790232,0.032281230081483606,0.11674840438657816,0.13452989604995644,0.13580381748351986,0.4992007750544875,1.0282140962183703,0.0
4.844844844844845,0.4632741926301966,-0.10829590294309047,1.014777902706806,-0.1358613180684996,0.03441596802564614,0.10673689720812701,0.13442809511828102,0.1355386473933217,0.49936847830300873,1.0250904287128038,0.0
4.864864864864865,0.46123796220737967,-0.1018115211408459,1.01213809992395,-0.13199013914280625,0.036262861081118376,0.09234465277361094,0.1342114381159854,0.13521245061508916,0.49951646733906235,1.0219627991376858,0.0
4.884884884884885,0.45933959102924793,-0.09491855890658817,1.0095673985296048,-0.12853506971726203,0.037902894063337286,0.08200164911094587,0.133969736860555,0.13480785946934368,0.4996447363202946,1.0188317013819832,0.0
4.904904904904905,0.457586016268477,-0.08767873803854548,1.0070559696550279,-0.12557144372884427,0.039369728016611275,0.07334169766369897,0.13372936874374808,0.1343784639002998,0.4997532801828658,1.0156976298823284,0.0
4.924924924924925,0.4559833137579751,-0.0801351255250957,1.0045936558901498,-0.12311568824390351,0.0406581742954612,0.06442231394249612,0.13348167665571148,0.13394053139560128,0.49984209464164997,1.0125610795449425,0.0
4.944944944944945,0.4545368604264076,-0.0723226665783721,1.0021700826569158,-0.12117866166170482,0.04170522028440415,0.05235229944714737,0.133194816586965,0.1335030687610929,0.4999111761904045,1.0094225456674837,0.0
4.964964964964965,0.4532512278297679,-0.06428162983198611,0.9997743239168871,-0.11978793700143235,0.04257114793707653,0.04329638263362,0.13291344030081648,0.13303263840046683,0.49996052210190806,1.0062825238608344,0.0
4.984984984984985,0.45213001703408595,-0.056060539784097765,0.9973950811596394,-0.11896213786238961,0.043236879875837825,0.03328659693806402,0.13263333573218544,0.13257558198515054,0.49999013042806856,1.003141509970838,0.0
5.005005005005005,0.4511761140067541,-0.04769515136659265,0.9950212996557103,-0.11868907519645619,0.04367299617462081,0.021805814939150382,0.13234314726569757,0.13213024607416649,0.5,1.0,0.0
5.025025025025025,0.4503915635854933,-0.039227521063039096,0.9926419807428076,-0.11896594564513402,0.043942798409502416,0.013490111744079885,0.13207856809675358,0.13167259547134733,0.49999013042806856,0.9968584900291618,0.0
5.045045045045045,0.4497775506619058,-0.030700646179376262,0.9902463606923197,-0.11978100252439487,0.043997328533195594,0.002726506184658386,0.13182326431054198,0.13125897325951075,0.49996052210190806,0.9937174761391656,0.0
5.065065065065065,0.4493345941001618,-0.02214782808719759,0.9878244928869775,-0.12109339026711467,0.043898777069953,-0.00492757316212954,0.13159870557857212,0.13084008840200012,0.4999111761904045,0.9905774543325163,0.0
5.085085085085085,0.4490624172366361,-0.01360884317628532,0.9853668447119752,-0.12288240875011139,0.04362377828254403,-0.013749939370448945,0.13140035757714277,0.13046584280931497,0.49984209464164997,0.9874389204550577,0.0
5.105105105105105,0.448960192967444,-0.005111213459605151,0.982864958305612,-0.12509432031815726,0.0431674436505429,-0.022816731600056168,0.13122244485647902,0.13012075720665106,0.4997532801828658,0.9843023701176715,0.0
5.125125125125125,0.44902642052781083,0.003311378018341306,0.9803111395880328,-0.12769093587896038,0.042578526293143924,-0.02944586786994892,0.13108214538577856,0.12978694562039048,0.4996447363202946,0.9811682986180168,0.0
5.145145145145145,0.4492589723865246,0.011627592935689294,0.9776984478828631,-0.13063458525848853,0.041812331076762854,-0.038309760819053844,0.1309681960939186,0.12951391497382878,0.49951646733906235,0.9780372008623143,0.0
5.165165165165165,0.449655275921261,0.01981517673681875,0.9750212528992271,-0.13385974918179447,0.0408424033766645,-0.04849638500491775,0.13087288010856654,0.12928614765669977,0.49936847830300873,0.9749095712871964,0.0
5.185185185185185,0.4502120949530913,0.027840951591516484,0.9722748971252123,-0.13731778870074254,0.03971433739752183,-0.05640329895713342,0.13081447522074532,0.12907622656369142,0.4992007750544875,0.9717859037816297,0.0
5.205205205205205,0.4509254845325518,0.03566947897302773,0.9694555631263981,-0.1409666999407069,0.03839290848973091,-0.06607144538954537,0.13079220334262304,0.1289360173763267,0.4990133642141358,0.9686666916089239,0.0
5.225225225225225,0.4517909274723158,0.0432721469881986,0.9665610205683335,-0.1447271279032309,0.036933274321552266,-0.07298170840893176,0.13081040770411514,0.12881239363938526,0.4988062531806126,0.9655524273288405,0.0
5.245245245245245,0.4528032594497549,0.05061659887195584,0.9635899073560382,-0.148555660614762,0.03526199271282079,-0.08356408043657419,0.130864708386768,0.12878540313475356,0.49857945013030697,0.9624436027198108,0.0
5.265265265265265,0.45395680196343846,0.057677125684176475,0.9605428392046121,-0.1523534075713013,0.03346454138525332,-0.08987256637837285,0.13095837219443737,0.12875731379151417,0.49833296401701493,0.9593407087012791,0.0
5.285285285285285,0.4552451297801751,0.06441639083683175,0.9574210190001229,-0.15609101022446054,0.03150313256982458,-0.09807044077143746,0.13109516022428688,0.12881034240714298,0.49806680457158625,0.956244235256181,0.0
5.305305305305305,0.45666132696081124,0.0708098590318055,0.9542274948742415,-0.15967620629407017,0.029486828042592093,-0.10081522636162464,0.13126873741434364,0.12884239287543703,0.49778098230154,0.9531546713535689,0.0
5.325325325325325,0.458197942036396,0.07683075377923783,0.9509655569359423,-0.1630968969149627,0.02729483197140544,-0.10959980355933226,0.1314744315316881,0.12899780710997524,0.4974755084906501,0.9500725048713982,0.0
5.345345345345345,0.4598473269579498,0.08246924607768652,0.9476407895169482,-0.16623837094970512,0.024953441998037663,-0.11706949866838878,0.13170250706009778,0.1291775712805129,0.49715039519849946,0.9469982225194864,0.0
5.365365365365365,0.46160112005690757,0.08768965494789069,0.9442594725501062,-0.1690658483420983,0.022548088290089013,-0.12026768539743261,0.1319641701276686,0.12935180367708102,0.4968056552600042,0.9439323097626547,0.0
5.385385385385385,0.46345044431907556,0.09246621310840054,0.94082829811156,-0.17155872192731098,0.019987305564960194,-0.12803913625644125,0.13225137882072444,0.12962761006258106,0.49644130228490685,0.9408752507440689,0.0
5.405405405405405,0.4653861373106821,0.09678464958032906,0.9373558261905305,-0.17362359605147554,0.017329623754637147,-0.13288409051615208,0.13255564557721616,0.12990284802969554,0.4960573506572389,0.9378275282087862,0.0
5.425425425425425,0.4673983903786175,0.10061265339677058,0.933850851606798,-0.17524872918662313,0.014630204417589703,-0.1349709668523721,0.13287810966490776,0.13017749848898796,0.4956538155347533,0.9347896234275258,0.0
5.445445445445445,0.46947701445903145,0.1039312040206964,0.9303224119750196,-0.17642198158892233,0.011861681784314813,-0.1384261316637445,0.1332076077652189,0.1304935313011406,0.4952307128483256,0.9317620161206687,0.0
5.465465465465465,0.4716115986920928,0.1067292116530676,0.9267802377935218,-0.1771087090748932,0.009063073576372958,-0.1399304103970928,0.13353721694559706,0.1308019073396875,0.4947880593013255,0.9287451843825061,0.0
5.485485485485485,0.47379141266016433,0.10899069840357589,0.9232339232907307,-0.17731572513955401,0.006258818481504683,-0.1402127547434137,0.1338629505066616,0.13110638035947536,0.494325872368957,0.9257396046057412,0.0
5.505505505505505,0.4760056306009447,0.11071089703901932,0.9196929191396818,-0.17705020755244727,0.0033367612409845432,-0.14610286202600697,0.13418657236935203,0.13150116114221855,0.4938441702975689,0.9227457514062631,0.0
5.525525525525525,0.47824327087956203,0.11188201393086795,0.9161679524650945,-0.1762483337293603,0.00041774658293864563,-0.1459507329022949,0.13450609135701108,0.13183500755504907,0.493342972103934,0.9197640975481977,0.0
5.545545545545545,0.4804928905281369,0.11248098242874122,0.9126687578822968,-0.174959729139886,-0.0025412129898166754,-0.147947978637766,0.13481521127863372,0.1322049656622425,0.492822297574499,0.9167951138692534,0.0
5.565565565565565,0.48274298599221527,0.11250477320391868,0.9092054174275248,-0.17316702273859988,-0.00551714378275626,-0.14879653964697925,0.13510692169214708,0.13256343894994618,0.49228216726460267,0.9138392692063707,0.0
5.585585585585585,0.4849818359678888,0.11194249878367583,0.905787550992999,-0.17089332172628785,-0.008479183302194604,-0.14810197597191715,0.13537675560291718,0.1328994481693313,0.49172260249766486,0.9108970303216873,0.0
5.605605605605605,0.4871975900261111,0.11078770291111707,0.9024240863476528,-0.16817323226731043,-0.011382099526278406,-0.14514581120419015,0.13561360050163768,0.13319028990097176,0.4911436253643443,0.9079688618288304,0.0
5.625625625625625,0.48937846961937853,0.10904397966336904,0.8991227584048903,-0.16506639713812385,-0.014294628228764426,-0.14562643512430104,0.1358148810468829,0.1335083493495654,0.49054525872166704,0.9050552261195497,0.0
5.645645645645645,0.49151280696617644,0.10671686733989466,0.895891145793649,-0.16158063056206154,-0.017094752687374638,-0.14000622293051057,0.13598403536960363,0.1337323704177203,0.48992752619212343,0.9021565832906995,0.0
5.665665665665665,0.49358895197085034,0.10380725023369392,0.8927349235500727,-0.15781111217882038,-0.019837390532122242,-0.13713189223737995,0.1361038563429003,0.13395675731167442,0.48929045216273603,0.8992733910715844,0.0
5.685685685685685,0.49559564610588924,0.10033470675194456,0.8896590147084527,-0.15379544208099794,-0.022472972665699534,-0.1317791066788645,0.1361840518750814,0.13412426489408652,0.48863406178409674,0.896406104751679,0.0
5.7057057057057055,0.4975218695064123,0.09631117002615334,0.8866668856056483,-0.14960645514021442,-0.024979230878435645,-0.12531291063680575,0.1362177226019783,0.13424254574851927,0.4879583809693737,0.8935551771087318,0.0
5.7257257257257255,0.49935712392976694,0.09176272116773157,0.8837605635449405,-0.1453161030353943,-0.027472884807512494,-0.12468269645384293,0.1362051575131983,0.134405343058406,0.4872634363932886,0.8907210583372669,0.0
5.7457457457457455,0.5010913187906486,0.08670974304408126,0.8809420352565308,-0.14092641442048404,-0.029826190801527826,-0.11766529970076657,0.13617568447642991,0.13448384550618145,0.4865492554910633,0.887904195977492,0.0
5.7657657657657655,0.5027144987991362,0.08115900042438005,0.8782117646717451,-0.13651352923928423,-0.03205701417693804,-0.11154116877051094,0.1360934908421186,0.13453156670343105,0.485815866457337,0.8851050348446281,0.0
5.7857857857857855,0.5042172835468958,0.0751392373879794,0.8755689710087244,-0.1321396831510337,-0.03412816473699452,-0.10355752800282404,0.1359702459525657,0.1345236303627588,0.4850632982450529,0.8823240169586668,0.0
5.8058058058058055,0.5055908631907319,0.0686789821918067,0.8730114351443641,-0.12787679321801743,-0.03606567695108934,-0.09687561070474081,0.1358004259982061,0.13449420260795616,0.4842915805643156,0.8795615814745712,0.0
5.8258258258258255,0.5068270919459289,0.06181143775984957,0.8705359323693744,-0.12377513874948437,-0.03784301166646961,-0.08886673576901258,0.1356003603140139,0.13442514933659852,0.4835007438812175,0.876818164612927,0.0
5.8458458458458455,0.507918429632993,0.054566884353206224,0.8681382060852385,-0.11988631420679664,-0.03947594048655064,-0.08164644100405238,0.13536448678346963,0.134337089657709,0.48269081941663694,0.8740941995910598,0.0
5.865865865865866,0.5088580012842131,0.04697858256100341,0.8658131980314066,-0.11625040269159924,-0.04093060614705954,-0.07273328302544492,0.1351075149527431,0.13421135922917715,0.48186183914500486,0.8713901165546234,0.0
5.885885885885886,0.5096395872558638,0.039079298582536545,0.8635549907911216,-0.11291036201424501,-0.04223196423746874,-0.06506790452045967,0.13481906934766424,0.13407431734959271,0.48101383579304297,0.8687063425096762,0.0
5.905905905905906,0.5102577210297242,0.030906688693022356,0.8613570528492627,-0.10989689709294913,-0.043385803322221354,-0.05769195423763086,0.13451400733621588,0.13392892336717407,0.48014684283847153,0.8660433012552509,0.0
5.925925925925926,0.5107075864395559,0.02249327049158753,0.8592125012346565,-0.10722758073030501,-0.04440200346469958,-0.05081000712391194,0.1341950062634221,0.13378035268758853,0.479260894508688,0.8634014133164327,0.0
5.945945945945946,0.5109849158031887,0.013866468181636655,0.8571142190979588,-0.1049141068348838,-0.04517292869731273,-0.03854626163065731,0.13389015806776125,0.13357637203963166,0.4783560257794152,0.860781095877953,0.0
5.965965965965966,0.5110861432103425,0.005061370357688538,0.8550544986386011,-0.10298602296788593,-0.04583405649178766,-0.03305638972374542,0.1335321964671763,0.1334062013896457,0.47743227237332153,0.858182762718311,0.0
5.985985985985986,0.5110086461707594,-0.003874851979155403,0.8530253868872384,-0.10145558756813385,-0.046361168473567985,-0.026355599089016808,0.1331952364280293,0.13324478092562617,0.4764896707586094,0.855606824144433,0.0
6.006006006006006,0.5107502412176879,-0.012920247653572331,0.8510193892541095,-0.10029988165644634,-0.04676254627977533,-0.020068890310366638,0.1328587519767354,0.1330911342818301,0.4755282581475768,0.8530536869268818,0.0
6.026026026026026,0.5103092398357185,-0.02205006909846887,0.8490291564609396,-0.0995116396584967,-0.04697977296842779,-0.010861334432624077,0.13254543702058533,0.13292235400690644,0.4745480724951473,0.8505237542356203,0.0
6.046046046046046,0.5096844593469188,-0.031239024439988466,0.8470474805561181,-0.09908379524107523,-0.04700065616283568,-0.0010441597203950086,0.13223736849709783,0.1327464449083302,0.4735491524973721,0.8480174255763486,0.0
6.066066066066066,0.508875457346918,-0.04045010000004037,0.8450671593834668,-0.0990160586325697,-0.0468405264254404,0.008006486869764412,0.13193569647481868,0.13258121926706992,0.4725315375899024,0.8455350967274163,0.0
6.086086086086086,0.5078825721913371,-0.04964425777904142,0.8430812797283178,-0.09929398275744516,-0.04654495312527024,0.014778665008508187,0.1316385645954409,0.13244554289274788,0.47149526794643226,0.8430771596773249,0.0
6.106106106106106,0.5067067885101265,-0.05878918406053373,0.841083466081711,-0.09989068233033693,-0.0460774962078465,0.02337284587118685,0.13138406483902584,0.13232421791094573,0.4704403844771127,0.8406440025628275,0.0
6.126126126126126,0.5053496145020026,-0.06785870040619969,0.8390682106750823,-0.10076277033143723,-0.0454829901790403,0.029725301440309534,0.13113524125817683,0.13223181781879534,0.46936692882693704,0.8382360096076389,0.0
6.146146146146146,0.5038131364075874,-0.0768239047207556,0.8370305482542665,-0.1018831210407907,-0.044681881909292336,0.0400554134873982,0.130953678851903,0.13214767161608898,0.46827494337409614,0.8358535610617609,0.0
6.166166166166166,0.5020999498448299,-0.08565932813787461,0.8349666526213372,-0.10319478164646612,-0.043755173902310734,0.046335400349080014,0.1307638128654159,0.13209819863071087,0.46716447122830607,0.8334970331414371,0.0
6.186186186186186,0.5002133823698424,-0.09432837374937697,0.8328731222775039,-0.10467651719166564,-0.04266868632710353,0.0543243787603604,0.13063062940998563,0.1320751904564339,0.46603555622910553,0.8311667979697439,0.0
6.206206206206206,0.4981572041676869,-0.10280891010777284,0.8307478050127365,-0.10626586323836684,-0.04143426263116253,0.06172118479704984,0.13052687666609633,0.13207896493753188,0.4648882429441257,0.8288632235178278,0.0
6.226226226226226,0.4959357746412897,-0.11107147631985959,0.8285894036823012,-0.10792006652176372,-0.04007806929396467,0.06780966685989274,0.13044890348880545,0.13211545213617393,0.4637225766673307,0.8265866735467988,0.0
6.246246246246246,0.49355398668501094,-0.11908939781393618,0.8263975060981199,-0.10959487920906087,-0.03861622499323787,0.07309221503634011,0.13040034601524814,0.1321824738567148,0.462538603417229,0.8243375075502878,0.0
6.266266266266266,0.4910171757093041,-0.12684054878534287,0.8241726005295873,-0.11124527842663046,-0.037073147224193075,0.07715388845223982,0.13037284347572073,0.13227766118415743,0.46133636993505744,0.8221160806976787,0.0
6.286286286286286,0.488331034334989,-0.1343070687157566,0.8219159126661357,-0.11283439317257979,-0.035424935472287096,0.08241058759529817,0.13039019121833903,0.13239291359044453,0.4601159236829352,0.8199227437780232,0.0
6.306306306306306,0.48550147053898796,-0.14147818980005128,0.8196296327811206,-0.11431399425075907,-0.033558931029469025,0.09330022214090368,0.13050688144943318,0.13251921129194455,0.4588773128419906,0.8177578431446472,0.0
6.326326326326326,0.4825348596634721,-0.1483305437757925,0.817317590982798,-0.11560208991612601,-0.031606541187071464,0.09761949211987728,0.1305915665130553,0.1326813641476665,0.45762058631045877,0.8156217206604565,0.0
6.346346346346346,0.4794384080180317,-0.15482258227201967,0.8149836928191775,-0.11669490818102385,-0.02959938823343434,0.10035764768185676,0.13069512192815289,0.13287145117490837,0.45634579370175143,0.8135147136439544,0.0
6.366366366366366,0.4762196448222356,-0.16093815978980452,0.8126325344490123,-0.11755791850825736,-0.02755125906424508,0.10240645845946268,0.13081329023923915,0.1330746419423384,0.45505298534249783,0.811437154815974,0.0
6.386386386386386,0.4728862753211657,-0.16666847505349355,0.8102691144695797,-0.11817099897162904,-0.025408828708889646,0.10712151776777194,0.13098529900365818,0.1332846410752318,0.45374221227055844,0.809389372247138,0.0
6.406406406406406,0.46944616822344937,-0.17200535488581833,0.8078993188824983,-0.11848977935406976,-0.023169255536288784,0.11197865863004317,0.13118766261569353,0.1335071898273851,0.45241352623300973,0.8073716893060527,0.0
6.426426426426427,0.4659075619545053,-0.1769303134472035,0.8055296627384767,-0.11848280720108119,-0.02083224918479755,0.1168503175745617,0.13142181042433684,0.13374410771364326,0.4510669796841015,0.8053844246082442,0.0
6.446446446446447,0.46227913359244294,-0.1814214181031164,0.8031673362074905,-0.11811632654931302,-0.018482210525082223,0.11750193298576635,0.13162827756295886,0.13399267663412195,0.4497026257831855,0.8034278919658452,0.0
6.466466466466467,0.4585699246203351,-0.18546044860539423,0.8008192810667939,-0.11740275703482948,-0.01608542989250082,0.1198390316290702,0.13186680423136254,0.1342377619645314,0.448320518392618,0.8015024003380412,0.0
6.486486486486487,0.45478903938078075,-0.18904426197771798,0.7984928424872836,-0.11632192897551773,-0.013617128712682279,0.12341505899092695,0.13213663045309978,0.13448110905243213,0.44692071207563194,0.7996082537822808,0.0
6.506506506506507,0.45094579455156003,-0.19216224146103614,0.7961957853562424,-0.11485285655206125,-0.011080210346883902,0.12684591828991892,0.13242598568368563,0.13472693614663148,0.44550326209418395,0.7977457514062631,0.0
6.526526526526527,0.4470498837587977,-0.19479553963811777,0.793936182353175,-0.11298015015336693,-0.008585899056977589,0.12471556449531564,0.13265588979181742,0.13496966625631338,0.4440682244067723,0.795915187320704,0.0
6.546546546546547,0.4431112182302972,-0.19693327642502367,0.7917211590223955,-0.11075116653897474,-0.0060403602765650485,0.12727693902062695,0.1329375607903272,0.13518835813326588,0.4426156556662276,0.7941168505928932,0.0
6.566566566566567,0.439139634789791,-0.19857917202531006,0.7895582251164499,-0.10814669529727887,-0.003506433078628582,0.12669635989682337,0.1331879670894946,0.13539897453226046,0.44114561321747664,0.7923510252010468,0.0
6.586586586586587,0.4351451989273649,-0.19972179312130559,0.7874542844225264,-0.10519703469617768,-0.0010042039811886663,0.12511145487199576,0.1334181713231837,0.13558781087851499,0.4396581550952781,0.7906179899894645,0.0
6.606606606606607,0.4311379418565683,-0.2003628535398305,0.7854155930394074,-0.10193456915594985,0.0014829284994626055,0.12435662403256359,0.13364725016325973,0.1357498547974895,0.43815334002193174,0.7889180186244962,0.0
6.626626626626627,0.4271278283377415,-0.2005056759413396,0.7834479678655816,-0.09838125869129266,0.003908082470379727,0.12125769854585612,0.13383792390364313,0.13588961471758643,0.43663122740496013,0.7872513795513271,0.0
6.646646646646647,0.42312479729610947,-0.2001515520816016,0.7815563018331703,-0.09458330162056706,0.006226808031442263,0.11593627805312678,0.13397709883458234,0.13599589776602655,0.43509187733476273,0.7856183359515869,0.0
6.666666666666667,0.41913846743386446,-0.19931649311225078,0.7797442052072743,-0.09060483129480013,0.008547088757187052,0.11601403628723961,0.1341581355611471,0.13606107143895052,0.43353535058224507,0.7840191457017912,0.0
6.686686686686687,0.4151781067085025,-0.19801803626809591,0.7780152784835069,-0.08644633618836517,0.010822996679650847,0.11379539612318978,0.13431719982559814,0.13611786103213083,0.4319617085964177,0.7824540613326185,0.0
6.706706706706707,0.41125299887298294,-0.19625539177597923,0.7763726507657934,-0.08213138588567451,0.013024173086634783,0.11005882034919666,0.13444322198745812,0.13614799865084182,0.4303710135019718,0.7809233299890341,0.0
6.726726726726727,0.40737224948916473,-0.1940374691909104,0.7748185470871363,-0.0777051839328553,0.015133029997752843,0.10544284555590298,0.13453455432684364,0.13614337796453033,0.4287633280968261,0.7794271933912617,0.0
6.746746746746747,0.40354462555629694,-0.19138119664338907,0.7733541467446414,-0.0732200171247398,0.017184934634516844,0.1025952318382,0.1346227623359452,0.13610078665859696,0.4271387158496476,0.7779658877966138,0.0
6.766766766766767,0.3997785810924913,-0.18830222319028075,0.771980006410681,-0.0687070166980206,0.019095650862255783,0.0955358113869469,0.1346476752630974,0.13603928983205507,0.425497240897346,0.7765396439621841,0.0
6.786786786786787,0.3960822658450939,-0.18481576236987105,0.770695451205221,-0.06422776027299817,0.020901841431055963,0.09030952844000878,0.13465511408312453,0.13592896210625735,0.4238389680425417,0.7751486871084073,0.0
6.806806806806807,0.39246327473930975,-0.18094955528920667,0.769498818137161,-0.05983165340299607,0.02256634180505256,0.08322501869982987,0.13462312903949472,0.13579587565175347,0.4221639627510076,0.7737932368834952,0.0
6.826826826826827,0.3889287689657255,-0.17672528867921306,0.7683875174479358,-0.0555650344612628,0.02404960812314599,0.07416331590467162,0.13454035926155938,0.13563388145664945,0.4204722911490846,0.7724735073287511,0.0
6.846846846846847,0.3854852182152645,-0.1721775375230488,0.7673577790091055,-0.051486921941511055,0.02546065924095838,0.07055255589061968,0.1344857839219454,0.13542406859736822,0.4187640200210709,0.7711897068447706,0.0
6.866866866866867,0.3821383746126069,-0.16734218013287988,0.766405548726697,-0.047611514120424615,0.026808236226219046,0.06737884926303278,0.1344469409421884,0.1352143454396887,0.4170392168065856,0.7699420381585325,0.0
6.886886886886887,0.3788937841661499,-0.16222952232285276,0.7655270056708109,-0.04392715279430599,0.02795787894699403,0.05748213603874976,0.13434007597862918,0.1350185825331314,0.41529794959790634,0.7687306982913855,0.0
6.906906906906907,0.37575658582788374,-0.1568599169133061,0.7647175273965859,-0.040473913711246874,0.029020370842376696,0.053124594769133116,0.13424683780973268,0.13476200553951898,0.41354028713728086,0.7675558785279372,0.0
6.926926926926927,0.37273115804802015,-0.15127138899317966,0.763971807874334,-0.03728597611259571,0.02995803925445839,0.04688342060408433,0.13414462449742404,0.13451533524071574,0.4117662988142138,0.766417764385847,0.0
6.946946946946947,0.3698215271322533,-0.1454815457883429,0.7632845600172189,-0.03436239285575675,0.0307388920573854,0.03904264014635077,0.134016870610367,0.13426175872301083,0.40997605466272613,0.7653165355865315,0.0
6.966966966966967,0.36703116769355754,-0.13951797193478768,0.7626500269813292,-0.031726651794482294,0.031390166005603695,0.03256369741091425,0.13388687311731703,0.13398736211334905,0.408169625358592,0.7642523660267839,0.0
6.986986986986987,0.36436293685129684,-0.13341154211303388,0.7620621264011512,-0.029395029008897434,0.031886069627662224,0.02479518110292668,0.13374698397119789,0.1337193561688132,0.40634708221654703,0.763225423751314,0.0
7.007007007007007,0.36181916666333525,-0.1271885093980783,0.7615147380873545,-0.027369415689838767,0.03221485992309112,0.01643951477144468,0.13359724467647402,0.1334510858041204,0.4045084971874737,0.7622358709262116,0.0
7.027027027027027,0.3594015158897463,-0.12088253867944794,0.7610016102935783,-0.025656389688812897,0.0324401768093002,0.011265844310453707,0.13347027349082333,0.13316552596209966,0.402653942855561,0.7612838638133392,0.0
7.047047047047047,0.357111058521183,-0.11452286842816256,0.760516592936469,-0.024250867855465902,0.03247810657990781,0.0018964885303801322,0.13333214564969617,0.1329252350783698,0.40078349243543826,0.760369552745656,0.0
7.067067067067067,0.3549484105954774,-0.1081323962852829,0.7600540539946227,-0.02312694709231564,0.032381381008440555,-0.004836278573362057,0.13320585407775973,0.13266754002529071,0.3988972197692855,0.7594930821034784,0.0
7.087087087087087,0.35291346259267414,-0.10174740014016173,0.7596083029217733,-0.022287553642470807,0.032153718067208674,-0.011383147061594472,0.13309921591538493,0.13243045840421733,0.39699519932391764,0.7586545902916815,0.0
7.107107107107107,0.3510055711599277,-0.09539457163732151,0.7591742625956509,-0.02170201630611666,0.03183371710834138,-0.016000047943364272,0.13301896501324426,0.13219746005007998,0.39507750618784515,0.7578542097178422,0.0
7.127127127127127,0.3492236510846355,-0.08909600376460923,0.7587473235782366,-0.021346950870712686,0.03135882955570797,-0.023744377631670262,0.13294319516098788,0.13201331882127793,0.3931442160683095,0.7570920667713316,0.0
7.147147147147147,0.34756621135287974,-0.08287198658778858,0.7583236775055425,-0.02118230363470407,0.030805636286029243,-0.027659663483936517,0.13289288322024134,0.13180993057304696,0.391195405288294,0.7563682818033557,0.0
7.167167167167167,0.34603121438255935,-0.07674984851602071,0.7578996265919028,-0.021202545681984153,0.030134083432256622,-0.03357764268863146,0.13285939215186984,0.1316528843535283,0.3892311507835117,0.7556829691079516,0.0
7.187187187187187,0.34461631790841063,-0.07074482370743512,0.7574724168196669,-0.02136048861179257,0.029372086978323837,-0.03809982269663895,0.13284291144310634,0.13149995401867612,0.3872515300993669,0.7550362369039383,0.0
7.207207207207207,0.3433187687219643,-0.06487745932231495,0.7570396197075496,-0.021639855605863224,0.02847894109153044,-0.044657294339669924,0.13283774083579938,0.13139079767878864,0.3852566213878946,0.7544281873178278,0.0
7.227227227227227,0.34213546842008313,-0.05916501509406055,0.7565996310273304,-0.021999434010958618,0.02746707331190526,-0.0505933889812588,0.13284682123809985,0.1312962482255289,0.3832465034046749,0.7538589163676986,0.0
7.247247247247247,0.3410628252528376,-0.05363215836227645,0.7561512862000537,-0.022417241363835015,0.02634189772681491,-0.05625877925451807,0.13287604910405243,0.13122693732186974,0.3812212555057239,0.753328513948033,0.0
7.267267267267267,0.3400968433595493,-0.04829909466441419,0.7556941023764109,-0.022859191182141768,0.025055165921328438,-0.06433659027432326,0.13291751023407503,0.13121209999684644,0.379180957644361,0.7528370638155215,0.0
7.287287287287287,0.3392330656773727,-0.04318888410882986,0.7552285922764096,-0.023275505000063413,0.023658263620644014,-0.06984511503422129,0.1329818077806089,0.13119934685995868,0.377125690368052,0.7523846435758372,0.0
7.307307307307307,0.33846642818817924,-0.03833187445967334,0.7547556486596771,-0.02364718083662256,0.022161297503030277,-0.07484830588068704,0.1330721109481341,0.13121697224564008,0.37505553481522985,0.7519713246713806,0.0
7.327327327327327,0.337791456505353,-0.03374858414131006,0.7542770031698769,-0.02393227449001227,0.02057319069002282,-0.07940534065037277,0.13318193218193927,0.13125947410630504,0.3729705727120911,0.7515971723699979,0.0
7.347347347347347,0.33720227076313103,-0.029459287111098565,0.7537950461586443,-0.024097850561628827,0.018941320644338882,-0.08159350228419716,0.13331233994597788,0.13130186099911656,0.3708708863693696,0.7512622457546749,0.0
7.367367367367367,0.33669265925522357,-0.025480575395373767,0.7533124699344186,-0.024128811211287085,0.017258487158534768,-0.0841416742902056,0.13345645233824383,0.13137146724917026,0.36875655867908697,0.7509665977142068,0.0
7.387387387387387,0.3362562917266275,-0.02181837642980267,0.7528325665156894,-0.02399517093645669,0.01545566043739153,-0.09014133605716189,0.13360425409527285,0.13150183959324693,0.36662767311128,0.7507102749348465,0.0
7.407407407407407,0.33588661136892106,-0.018484017885322578,0.7523595758825972,-0.02364953165461274,0.013556562760100015,-0.09495488386457587,0.1337629571938305,0.13164337874969342,0.3644843137107057,0.750493317892932,0.0
7.4274274274274275,0.335576542926125,-0.015503422139804688,0.7518980613499725,-0.02307572663123258,0.011639838906450027,-0.09583619268249931,0.1339389713775886,0.13176408929814926,0.36232656509352346,0.7503157608484956,0.0
7.4474474474474475,0.3353186413797471,-0.012895077318894627,0.7514525267513196,-0.02227672993264865,0.00971567981914675,-0.09620795436516393,0.13412079851206912,0.13189370127976593,0.36015451244395336,0.7501776318398526,0.0
7.4674674674674675,0.3351054432378884,-0.010659907092936053,0.7510276807362964,-0.021242300751153916,0.007702035765913909,-0.10068220266164189,0.13429724766162893,0.13208388986696964,0.35796824151091566,0.750078952679175,0.0
7.4874874874874875,0.3349294209556532,-0.008801114111759373,0.7506290356868897,-0.01993225247034171,0.005605645947885293,-0.1048194909014308,0.1344759336234397,0.13228902721953212,0.3557678386046427,0.7500197389490459,0.0
7.5075075075075075,0.3347826347200799,-0.007339311778665175,0.750262346910855,-0.0183344388017324,0.0035007611213946194,-0.1052442413245336,0.13466167913525323,0.13246818034810207,0.3535533905932738,0.75,0.0
7.5275275275275275,0.3346568511680913,-0.006289177599429835,0.7499330753562717,-0.016463577729166234,0.0013505309740509909,-0.10751150736718144,0.13484173842144745,0.13267943195633866,0.3513249848994246,0.7500197389490459,0.0
7.5475475475475475,0.33454375106306705,-0.005655005251211184,0.7496470561142744,-0.01430096209986411,-0.0008069841529200365,-0.10787575634855134,0.13501473345905501,0.13287387836382702,0.3490827094967363,0.750078952679175,0.0
7.5675675675675675,0.3344348239983557,-0.005446353235567726,0.7494097534280898,-0.011865134309228961,-0.002961311435766668,-0.10771636414233157,0.13517723549594168,0.13306449735398476,0.34682665290640247,0.7501776318398528,0.0
7.587587587587588,0.33432151748926425,-0.005665325454574336,0.7492264010457168,-0.00916761911865014,-0.005111180932249442,-0.10749347482413864,0.1353245160046423,0.1332525950671074,0.3445569041936742,0.7503157608484956,0.0
7.607607607607608,0.3341952411097453,-0.0063138189759480365,0.74910195138108,-0.006222483231838964,-0.007203348396919704,-0.10460837323351319,0.1354565543264463,0.13340291099914953,0.34227355296434425,0.750493317892932,0.0
7.627627627627628,0.3340474639644339,-0.007388857265569471,0.7490405528789319,-0.0030699251074079513,-0.009287870635601858,-0.10422611193410768,0.13556431342546635,0.13357313370755677,0.33997668936120967,0.7507102749348465,0.0
7.647647647647648,0.33386987478419444,-0.008879459011973916,0.7490462723713109,0.000285974618953788,-0.011389387708925499,-0.105075853666182,0.13565417568571492,0.13375667685831216,0.3376664040605121,0.7509665977142069,0.0
7.667667667667668,0.33365412344043477,-0.010787567187983712,0.7491230916018501,0.0038409615269551062,-0.013431005260470317,-0.10208087757724084,0.1357333060668982,0.13389359796393108,0.33534278826836006,0.7512622457546749,0.0
7.687687687687688,0.33339184051867476,-0.013114146088000505,0.7492741244096922,0.0075516403921079495,-0.015444801052202795,-0.10068978958662399,0.13578475337114934,0.13403568723974651,0.33300593371712583,0.7515971723699979,0.0
7.707707707707708,0.33307484476980925,-0.01584978744327519,0.7495021365399855,0.011400606514669108,-0.017375032843524325,-0.0965115895660766,0.1358154618626207,0.1341325549577639,0.3306559326618259,0.7519713246713805,0.0
7.727727727727728,0.33269515441680847,-0.01898451765003967,0.7498089015666752,0.015338251334484524,-0.019307663476206566,-0.09663153163411196,0.13581135310434225,0.13426271373468673,0.3282928778764782,0.7523846435758372,0.0
7.747747747747748,0.33224498652675366,-0.022508394502739514,0.7501961599458994,0.019362918961205115,-0.02108832764006246,-0.08903320819279449,0.1358003781145451,0.13429662806297524,0.32591686265043934,0.7528370638155215,0.0
7.767767767767768,0.33171669244609436,-0.02641470403296616,0.7506641096372405,0.02339748456705561,-0.022809521944078818,-0.08605971520081795,0.13574236372676565,0.13435051160100875,0.3235279807847223,0.753328513948033,0.0
7.787787787787788,0.3311031572739562,-0.030676758606909278,0.751212545551261,0.02742179570102444,-0.024391900079539446,-0.07911890677303182,0.13566946079167824,0.13434612103513757,0.32112632658829227,0.7538589163676986,0.0
7.807807807807808,0.3303976306847475,-0.03527632946043523,0.7518401717436431,0.03138130961910511,-0.025937716118588503,-0.07729080195245243,0.13555561999816484,0.1343749484897993,0.31871199487434493,0.7544281873178278,0.0
7.827827827827828,0.32959386523637185,-0.040188272418781,0.7525455797564289,0.03527040063928449,-0.027404353938475984,-0.07333189099437384,0.13543443440463568,0.13437953636080152,0.31628508095656227,0.7550362369039383,0.0
7.847847847847848,0.32868577109254216,-0.0454047071914854,0.7533268872527679,0.039065374816946864,-0.028755662081393078,-0.06756540714585506,0.13529758801861877,0.1343523610334305,0.3138456806453503,0.7556829691079516,0.0
7.867867867867868,0.32766763651733133,-0.050906728760541184,0.7541815088531001,0.04273108001660969,-0.030022193637414964,-0.063326577801094,0.13513117504011904,0.13432196484296155,0.3113938902440563,0.7563682818033557,0.0
7.887887887887888,0.3265342225059491,-0.056670700569110354,0.7551063785091617,0.04624348280308066,-0.031200738060405655,-0.05892722114953442,0.13494807260580446,0.13428020181196676,0.30892980654516716,0.7570920667713315,0.0
7.907907907907908,0.3252806545082914,-0.06267839988288469,0.7560980178168742,0.049581965385625426,-0.032292560930271295,-0.05459114349328209,0.13474792557919424,0.1342291792607376,0.3064535268264882,0.7578542097178422,0.0
7.927927927927928,0.32390243770086186,-0.068910840371478,0.7571525636835517,0.05272729333387314,-0.03330528071540076,-0.05063598925647282,0.13453043882546759,0.13417272132162966,0.3039651488473028,0.7586545902916815,0.0
7.947947947947948,0.3223954250172691,-0.0753506341796384,0.7582658216868048,0.05566290016265423,-0.03421226165087355,-0.04534904677364029,0.13430470959151078,0.13409676360629028,0.3014647708445123,0.7594930821034785,0.0
7.967967967967968,0.32075577966224,-0.08198226775145548,0.7594331926663714,0.05836854897833524,-0.03495691402024135,-0.0372326184683893,0.13407686582324643,0.1339843449747613,0.2989524915287595,0.760369552745656,0.0
7.987987987987988,0.31898016577348426,-0.08878069443778706,0.7606495169216562,0.06081621276423427,-0.035587141360648694,-0.03151136702036772,0.13382075152806291,0.13387549167272486,0.29642841008052967,0.7612838638133392,0.0
8.008008008008009,0.3170658683015985,-0.09571487359428892,0.7619092885746714,0.06298858265076303,-0.03606028231226495,-0.02365704758081265,0.13357331654422774,0.13374836418225952,0.2938926261462366,0.7622358709262116,0.0
8.028028028028029,0.3150107010659121,-0.10275836178431957,0.7632068739245292,0.06487926749288798,-0.036447753234422675,-0.01937354610788608,0.13330072550328168,0.13364290890670136,0.29134523983428806,0.7632254237513139,0.0
8.048048048048049,0.31281308185437884,-0.10988096057666277,0.764536608814313,0.06648674448918837,-0.03674613831186013,-0.01491925387187295,0.13303517081536814,0.1335453031527848,0.2887863517111338,0.7642523660267839,0.0
8.068068068068069,0.31047168484199744,-0.11706985061907038,0.7658930611212525,0.06782261534698183,-0.036835342873267354,-0.004460228070361241,0.13281416928663506,0.1334125366294472,0.2862160627972954,0.7653165355865315,0.0
8.088088088088089,0.30798562157142645,-0.1243031635285507,0.7672709502580807,0.0688944568414087,-0.03678786843943809,0.0023737216914639222,0.13256920241513914,0.13329707364315416,0.2836344745633782,0.766417764385847,0.0
8.108108108108109,0.3053548020409502,-0.13154097652381036,0.7686649272041308,0.06969884730250518,-0.03659683106607707,0.00955186866805118,0.1323433290699253,0.1331925618672901,0.2810416889260654,0.767555878527937,0.0
8.128128128128129,0.30257965318243385,-0.1387574429258201,0.7700701075585478,0.07025901772084596,-0.03625495390443609,0.017093858082048448,0.1321375608442026,0.1330982990246775,0.2784378082440939,0.7687306982913855,0.0
8.148148148148149,0.2996611751814896,-0.1459239000472121,0.7714820769615491,0.07059847015006976,-0.03580252708825882,0.022621340808863095,0.1319352468608672,0.13302859386316124,0.275822935314215,0.7699420381585325,0.0
8.168168168168169,0.2966009373942811,-0.1530118893604231,0.772896857071049,0.0707390054749937,-0.03525488312912742,0.02738219795657061,0.13174840775002583,0.13298082183803794,0.2731971733671346,0.7711897068447706,0.0
8.188188188188189,0.2934009206379667,-0.1600008378157213,0.7743110383653665,0.07070906471587352,-0.034623837018782515,0.03155230551724491,0.13157624360000605,0.13295230467338426,0.27056062606343795,0.7724735073287511,0.0
8.208208208208209,0.29006340462453856,-0.1668758006714063,0.775721725928366,0.07053437814997099,-0.033838624746523674,0.039260613612942044,0.13145699858280704,0.13292516468493237,0.2679133974894985,0.773793236883495,0.0
8.228228228228229,0.286590970977726,-0.1736216823406268,0.7771268387816785,0.07025564266562662,-0.03287968993350515,0.047946740650925905,0.1313720915407133,0.1329091661853442,0.265255592153367,0.7751486871084072,0.0
8.248248248248249,0.28298683838778965,-0.18020662949681665,0.7785249881416988,0.069907468001012,-0.0318352278450059,0.05222310442496257,0.13127452968849654,0.13292816935914087,0.2625873149806478,0.7765396439621841,0.0
8.268268268268269,0.2792548601367991,-0.18659891254952782,0.7799151360287901,0.06950739435457005,-0.03070805817684729,0.05635848340793045,0.13120273670268,0.13296844481973696,0.2599086713103549,0.7779658877966138,0.0
8.288288288288289,0.2753991287277105,-0.1927865704544326,0.7812969480120989,0.06909059916543615,-0.02939816215788699,0.06549480094801513,0.1312091053545432,0.1330115583492353,0.2572197668907533,0.7794271933912617,0.0
8.308308308308309,0.2714241273918964,-0.1987500667907026,0.7826712947428643,0.06871733653826918,-0.028023805956487045,0.06871781006999718,0.1311855261675568,0.1330893634252469,0.25452070787518555,0.7809233299890341,0.0
8.328328328328329,0.2673350028115743,-0.20445622901610527,0.7840391332925125,0.06839192748240634,-0.026574502449791444,0.07246517533477982,0.13119339740316388,0.13318385480663109,0.25181160081788045,0.7824540613326185,0.0
8.348348348348349,0.2631371577134804,-0.20989225490469476,0.7854021340172818,0.06815003623846272,-0.025084160646649718,0.07451709015708682,0.1312025551969382,0.1332935840372121,0.24909255266974545,0.7840191457017911,0.0
8.368368368368369,0.2588362469534501,-0.21504553800151538,0.7867622125285796,0.06800392556489081,-0.023516347904187163,0.07839063712312747,0.13125010747631546,0.1334096498470808,0.246363670774146,0.7856183359515868,0.0
8.388388388388389,0.25443809358517455,-0.21990766841377618,0.78812194285809,0.06798651647552088,-0.021888741103905703,0.08138034001407274,0.1313088754793828,0.1335381723930115,0.24362506286266614,0.7872513795513271,0.0
8.408408408408409,0.2499488161809194,-0.22446387021275666,0.7894842482775701,0.06811527097400542,-0.02020681281364889,0.08409641451284078,0.13138428409034855,0.13367688971678837,0.2408768370508576,0.7889180186244963,0.0
8.428428428428429,0.24537475713926066,-0.22870295208293698,0.7908524452331515,0.06840984777906653,-0.018464471506314653,0.08711706536671197,0.1314818533400301,0.13382308568242907,0.2381191018339697,0.7906179899894645,0.0
8.448448448448449,0.24072247172090114,-0.2326142709179763,0.792230283327024,0.06889190469363023,-0.016664085607615297,0.09001929493496738,0.13159751299580835,0.13397721130905388,0.2353519660826664,0.7923510252010468,0.0
8.468468468468469,0.23599872895339152,-0.23618713837548075,0.7936218911024518,0.06958038877138827,-0.014771825167822723,0.09461302198962862,0.13175470092116154,0.13413729889861517,0.23257553903872907,0.7941168505928932,0.0
8.488488488488489,0.23121054607807043,-0.23940914376605504,0.7950320926951661,0.07051007963570814,-0.012808676997902581,0.09815740849600715,0.131925249083476,0.13430900895676381,0.229789930310744,0.795915187320704,0.0
8.508508508508509,0.2263653065459787,-0.24226197660458723,0.7964660751990383,0.07169912519361563,-0.010785237800046192,0.10117195989281945,0.13210933913488876,0.13448614226719632,0.22699524986977343,0.7977457514062631,0.0
8.528528528528529,0.22147066137107604,-0.24473225874513296,0.797929296407794,0.07316106043778035,-0.008675418560824594,0.1054909619610799,0.1323272944911084,0.13466379772578785,0.22419160804501614,0.7996082537822808,0.0
8.548548548548549,0.21653454152384732,-0.2468059923614366,0.7994277111570635,0.07492073746347593,-0.006519469001435247,0.1077974779694675,0.1325403219314913,0.13484552972337466,0.22137911551945078,0.8015024003380411,0.0
8.568568568568569,0.21156520535586576,-0.24846680839907773,0.800967248715257,0.07697687790968162,-0.004290739283050665,0.11143648591922904,0.13278018131328462,0.13501959123225693,0.21855788332546644,0.8034278919658453,0.0
8.588588588588589,0.20657117476688658,-0.24970152944895904,0.8025541059972298,0.07934286409863625,-0.002078990727775894,0.11058742776373857,0.1329739933291229,0.13518979673016657,0.21572802284047943,0.8053844246082442,0.0
8.608608608608609,0.20156126323086218,-0.25049557680121953,0.8041937235985493,0.08198088006597783,0.00010186332701136316,0.10904270273936283,0.1331438443526154,0.13533292682029574,0.21288964578253644,0.8073716893060526,0.0
8.62862862862863,0.1965442809549064,-0.2508491137977895,0.8058907662512413,0.08485213263460123,0.0021754789844640556,0.1036807828726346,0.1332462180850081,0.13544903805952485,0.21004286420590304,0.8093893722471381,0.0
8.64864864864865,0.19152883628179784,-0.2507722336554273,0.8076484793446819,0.0878856546720261,0.004251787970869163,0.10381544932025544,0.13338797954320156,0.13552347020656186,0.20718779049664193,0.8114371548159741,0.0
8.66866866866867,0.18652317333078938,-0.2502831475504227,0.8094700563404961,0.0910788497907079,0.006299914760418552,0.10240633947746951,0.13351850730259987,0.1355930023297627,0.20432453736817457,0.8135147136439544,0.0
8.68868868868869,0.18153556677444788,-0.2493803278170747,0.811358434479678,0.09441890695910077,0.008282190662084132,0.09911379508327897,0.13361872881257636,0.13564547326545753,0.20145321785683137,0.8156217206604565,0.0
8.70870870870871,0.17657412616975127,-0.24807203023482985,0.8133158327476335,0.09786991339777695,0.010266122402471258,0.09919658701935616,0.13374592333386168,0.13566883003073726,0.19857394531739012,0.8177578431446473,0.0
8.72872872872873,0.17164669540665806,-0.2463715381546609,0.8153444238038517,0.10142955281090979,0.012293142641922128,0.10135101197254362,0.13390898678106233,0.1356840673896671,0.19568683341860119,0.8199227437780233,0.0
8.74874874874875,0.1667611906610822,-0.24427523727879272,0.8174467755659787,0.10511758810634592,0.014287059265320102,0.09969583116989866,0.13403845198070857,0.13569848822272187,0.19279199613869824,0.8221160806976787,0.0
8.76876876876877,0.16192567021983345,-0.24177602206243756,0.8196249282014985,0.10890763177598824,0.01625182158184112,0.09823811582605085,0.1341504035683359,0.13567895345906714,0.1898895477609007,0.8243375075502876,0.0
8.78878878878879,0.15714808960468368,-0.23887903075748906,0.8218801448178068,0.11276083081541863,0.01812798891118798,0.09380836646734315,0.13421023040671137,0.13563377731296006,0.18697960286890034,0.8265866735467986,0.0
8.80880880880881,0.15243623634242057,-0.23559266311315563,0.8242125225107721,0.11661888464827,0.019937582468794648,0.09047967788033315,0.13424912458624771,0.13554320608530387,0.18406227634233888,0.8288632235178279,0.0
8.82882882882883,0.1477975275718923,-0.23193543852641302,0.8266211668966342,0.12043221929310623,0.02168202913159682,0.08722233314010862,0.1342707165823941,0.13542332254137093,0.1811376833522729,0.8311667979697439,0.0
8.84884884884885,0.1432391444099814,-0.2279191580955445,0.8291044844415912,0.12416587724784847,0.023278966538710907,0.07984687035570469,0.134228197629812,0.13528480269421775,0.1782059393566254,0.8334970331414371,0.0
8.86886886886887,0.13876792424783058,-0.2235610081075404,0.8316596486884048,0.12775821234067908,0.024764836122580364,0.07429347919347283,0.13416478167300006,0.13509652348993959,0.17526716009562973,0.8358535610617607,0.0
8.88888888888889,0.13439008322102852,-0.2188920513401025,0.8342827885014782,0.1311569906536691,0.026151777631831793,0.0693470754625716,0.13409296001143933,0.13488519571551916,0.17232146158725853,0.8382360096076389,0.0
8.90890890890891,0.13011136389582184,-0.21393596626033373,0.8369695679912896,0.13433897449057475,0.02745274101002143,0.06504816890948183,0.13401807783288786,0.13465508326671025,0.16936896012264566,0.8406440025628277,0.0
8.92892892892893,0.1259371262345299,-0.2087118830645966,0.8397153295769475,0.13728807928289335,0.02861687081291796,0.05820649014482643,0.1339116665304408,0.13442070991095395,0.16640977226149348,0.8430771596773248,0.0
8.94894894894895,0.12187232476026678,-0.20324007371315636,0.8425148877262042,0.13997790746283229,0.029674601645480574,0.05288654162813053,0.13379832220715726,0.13415565267643367,0.16344401482747137,0.8455350967274163,0.0
8.96896896896897,0.11792131035334893,-0.19755072034589274,0.8453625090640078,0.14238106689017904,0.030689151131741036,0.050727474313023144,0.13371048392291268,0.13386800828591025,0.16047180490360463,0.8480174255763487,0.0
8.98898898898899,0.11408808720004761,-0.19166115766506647,0.8482525109715039,0.1445000953748046,0.03154495973176366,0.04279043000113135,0.13358304562805987,0.133610191834387,0.15749325982765247,0.8505237542356202,0.0
9.00900900900901,0.11037641648126448,-0.1855835359391564,0.8511790672913859,0.14632781599410144,0.03227361036776833,0.0364325318002334,0.1334402976897635,0.13331571408770282,0.15450849718747375,0.8530536869268817,0.0
9.02902902902903,0.10678939194839826,-0.17935122664331113,0.8541355984319895,0.14782655703017752,0.032897598838375106,0.031199423530338725,0.1333039798466442,0.13301071733051717,0.15151763481638703,0.855606824144433,0.0
9.04904904904905,0.10332959623233873,-0.17298978580297691,0.857115477934001,0.1489939751005738,0.03342119021354483,0.026179568758486142,0.13317304115400228,0.13270542977501415,0.14852079078851746,0.8581827627183108,0.0
9.06906906906907,0.0999991929405581,-0.1665201645890313,0.8601121664752641,0.14983442706315628,0.03384489657548765,0.021185318097140686,0.13304557621844026,0.1324007044921275,0.14551808341413588,0.860781095877953,0.0
9.08908908908909,0.09679997805751453,-0.15996074415217865,0.8631191964380494,0.15035149813925947,0.0341130088956587,0.01340561600855242,0.13290305507692066,0.1321169266702103,0.14250963123498803,0.8634014133164327,0.0
9.10910910910911,0.09373331502031411,-0.1533331518600213,0.8661301998687695,0.1505501715360092,0.03426052098677186,0.007375604555658356,0.13276527629193732,0.1318171866355939,0.13949555301961478,0.8660433012552508,0.0
9.12912912912913,0.09079995213569403,-0.14666814423100372,0.8691386630164825,0.15042315738564907,0.03429775298057728,0.0018615996902710697,0.13264249450912124,0.1315265645907909,0.13647596775866253,0.8687063425096762,0.0
9.14914914914915,0.0880001948671418,-0.13998786342761121,0.8721384452108579,0.1499891097187719,0.034197647813014195,-0.00500525837815467,0.13252473629079412,0.1312604651198295,0.13345099466018764,0.8713901165546235,0.0
9.16916916916917,0.08533394073990819,-0.13331270636168083,0.8751238580218742,0.14927064055081238,0.03393344503797418,-0.013210138752000541,0.1324086965748358,0.13101833202488675,0.13042075314494853,0.8740941995910597,0.0
9.18918918918919,0.08280051942958097,-0.12667106551636073,0.8780896116833604,0.1482876830743086,0.03357243983641229,-0.018050260078095175,0.132318474412141,0.13076317805657486,0.12738536284169114,0.876818164612927,0.0
9.20920920920921,0.08039866806533319,-0.12009256821238892,0.8810306275751252,0.14705079458823586,0.03308568994565452,-0.024337494537887687,0.13224881392666737,0.13055081784246622,0.12434494358242719,0.8795615814745714,0.0
9.22922922922923,0.07812675803792722,-0.11359550137029817,0.8839427774491321,0.14560749370034573,0.0325023630333469,-0.029166345615380763,0.1321992053249314,0.13034419048494952,0.1212996153977037,0.8823240169586669,0.0
9.24924924924925,0.07598276508936234,-0.10719964742824402,0.886822330444073,0.1439776497470478,0.0317089595670794,-0.039670173313375544,0.13215392640240928,0.13022333984538254,0.1182494985118623,0.8851050348446281,0.0
9.26926926926927,0.07396429976724081,-0.10092326610607705,0.8896669010731341,0.1422285314530537,0.030720703553538842,-0.04941280067702711,0.1321216481290675,0.1301193841572636,0.11519471333829544,0.8879041959774918,0.0
9.28928928928929,0.07206814439107113,-0.09480776880848354,0.8924745710673068,0.1403834997086358,0.02960686258061979,-0.055692048645953035,0.13212790792233037,0.1300211247199456,0.11213538047469072,0.8907210583372667,0.0
9.30930930930931,0.07029035575363655,-0.08888943187172897,0.8952440979395841,0.1384763436138688,0.028398270477957392,-0.060429605133119534,0.1321709383347618,0.12994860952211343,0.10907162069827116,0.893555177108732,0.0
9.32932932932933,0.06862653637545141,-0.08319096890925709,0.8979751755328366,0.13655387966261956,0.02711223590946757,-0.0643017284244915,0.1322406068877586,0.12989937253679656,0.1060035549610274,0.8964061047516789,0.0
9.34934934934935,0.06707198140081104,-0.0777277487320183,0.9006682425126483,0.1346533489905857,0.025697192145938918,-0.07075218817643267,0.13232718513434888,0.12991010855137272,0.1029313043849407,0.8992733910715843,0.0
9.36936936936937,0.06562169973099805,-0.07251408349064985,0.9033248786445846,0.13283180659681126,0.024163214217696655,-0.07669889641211337,0.13243157468902986,0.12994477345356506,0.09985499025720375,0.9021565832906991,0.0
9.38938938938939,0.06427021305253548,-0.0675743339231281,0.9059472884560029,0.13112049057091968,0.022522107200637874,-0.08205535085293894,0.1325592533334715,0.13000792307714829,0.09677473402543013,0.9050552261195497,0.0
9.40940940940941,0.06301158368191788,-0.06293146853088018,0.9085384468419881,0.12955791929926025,0.02080665419730394,-0.08577265016669655,0.13270780505737453,0.13008294301439702,0.09369065729286229,0.9079688618288305,0.0
9.42942942942943,0.061839512470519616,-0.058603560569913234,0.9111018141346613,0.12816836463365883,0.018949222815461002,-0.09287156909214712,0.13287196343452606,0.13023149926565938,0.09060288181356883,0.9108970303216872,0.0
9.44944944944945,0.0607473957741633,-0.054605834817815974,0.9136421668168518,0.127017634109529,0.016983275650292104,-0.09829735825844453,0.13305176023262621,0.13039118889593332,0.08751152948763816,0.9138392692063706,0.0
9.46946946946947,0.05972805140455591,-0.05096721848036974,0.916164677319973,0.12612552515605743,0.014966976588136574,-0.1008149531077767,0.13324926355284433,0.1305456503841053,0.08441672235636682,0.9167951138692534,0.0
9.48948948948949,0.05877386516321262,-0.047709312067164424,0.9186746970297603,0.1255009854893667,0.012926714377819771,-0.10201311051584015,0.1334534717060561,0.13070190457130146,0.08131858259744189,0.9197640975481975,0.0
9.50950950950951,0.05787703789945276,-0.04484136318799296,0.9211776914070362,0.12514971886379206,0.010830406598460535,-0.10481538896796186,0.1336569626491054,0.13089114836966187,0.07821723252011549,0.9227457514062631,0.0
9.52952952952953,0.057029654180542205,-0.04236918594552788,0.9236795896115595,0.1250949102261633,0.008684992142569124,-0.10727072279457049,0.13386004586605246,0.13109038531265868,0.07511279456037856,0.9257396046057412,0.0
9.54954954954955,0.05622360226262612,-0.04030259589580441,0.9261864491833652,0.12534297859028706,0.006423727287565148,-0.11306324275019883,0.1340667046791999,0.13135433757453155,0.07200539127612608,0.928745184382506,0.0
9.56956956956957,0.05545049345868173,-0.03865544019721962,0.9287053240452896,0.12594374309621895,0.004149014043810945,-0.1137356621877102,0.13427573554932906,0.1315725676106778,0.06889514534231901,0.9317620161206687,0.0
9.58958958958959,0.054701489439722535,-0.03745020094795971,0.9312426110281101,0.1268643491410239,0.0018518346385181298,-0.11485897026464074,0.13447781283228633,0.13180459717201776,0.0657821795461412,0.9347896234275258,0.0
9.60960960960961,0.05396768365872668,-0.03669028904979262,0.9338047886490434,0.12810888104666235,-0.00048395353937685874,-0.11678940889474941,0.13466619845390151,0.13205015687985044,0.06266661678215227,0.9378275282087861,0.0
9.62962962962963,0.0532400340365445,-0.03638248110910872,0.936398312907159,0.1296762129057836,-0.002821551343375804,-0.11687989019994727,0.13484172549414547,0.1322758119996501,0.05954858004743477,0.940875250744069,0.0
9.64964964964965,0.052509352689973,-0.036534067328575136,0.9390291335536134,0.13154103232271663,-0.0051954362508518865,-0.11869424537380414,0.13500013831174848,0.13252386837691996,0.056428192436740715,0.9439323097626549,0.0
9.66966966966967,0.051766408824205315,-0.03714719328838415,0.9417032570413971,0.1337061743891882,-0.007594781170093717,-0.11996724596209142,0.13514266020952045,0.13276808343174684,0.053305577137630025,0.9469982225194863,0.0
9.68968968968969,0.05100178040485438,-0.03823142096754645,0.9444263750158665,0.136155898723469,-0.009961933258190217,-0.1183576044048252,0.13526439953984623,0.13297128018363766,0.05018085742560749,0.9500725048713982,0.0
9.70970970970971,0.05020593797020119,-0.0397921217326595,0.9472032403051454,0.1388432644639475,-0.012280812393062565,-0.11594395674361721,0.13535290599603678,0.13314535404444375,0.047054156659256954,0.953154671353569,0.0
9.72972972972973,0.049369495175779335,-0.041822139721092805,0.9500376602203748,0.14172099576147396,-0.014584802808136427,-0.11519952075369311,0.13540590895817448,0.13332095769645708,0.043925598275371576,0.956244235256181,0.0
9.74974974974975,0.04848324601547379,-0.04431245801527724,0.9529329186902353,0.1447629234930263,-0.016878483390794684,-0.1146840291329129,0.1354310789550343,0.13348903803750362,0.040795305784078736,0.9593407087012792,0.0
9.76976976976977,0.047538012463106426,-0.0472616776183682,0.9558917551694314,0.14794182395980068,-0.01910747739284549,-0.11144970010254004,0.13542859427848042,0.13361010019088132,0.03766340276396652,0.9624436027198106,0.0
9.78978978978979,0.04652470349878033,-0.05066544821630491,0.9589157823608766,0.1512013595722606,-0.02130715164300709,-0.10998371250808017,0.13538514067279125,0.13372818503560324,0.03453001285720303,0.9655524273288404,0.0
9.80980980980981,0.0454344632678152,-0.05451201154825645,0.9620059458655816,0.1545081752352519,-0.023432463387303225,-0.1062655872148068,0.13531026658269527,0.13380078312475552,0.03139525976465657,0.968666691608924,0.0
9.82982982982983,0.04425856410575134,-0.058794958103193046,0.965162034770611,0.15780444525147,-0.02543444424996437,-0.10009904313305738,0.135196334701898,0.13381389354408385,0.02825926724101234,0.9717859037816295,0.0
9.84984984984985,0.042988632235068956,-0.06349659353411918,0.9683823663054388,0.16101657674139022,-0.0273231734058567,-0.09443645779461644,0.13503435871650424,0.13379480065881638,0.02512215908988483,0.9749095712871962,0.0
9.86986986986987,0.04161684616748231,-0.06858930337933218,0.9716640639113606,0.16408488029608662,-0.02914177929500396,-0.09093029445736271,0.13483060356424026,0.13377284065252287,0.021984059158932697,0.9780372008623139,0.0
9.88988988988989,0.04013584416731761,-0.07405010000823513,0.9750035865057869,0.1669761297213138,-0.03086574274988112,-0.08619817274385813,0.13460305832554917,0.1337228895999018,0.018845091334967267,0.9811682986180168,0.0
9.90990990990991,0.03853858564037304,-0.07986292634722836,0.9783966204925356,0.16965169933743662,-0.03248802104726122,-0.08111391486900521,0.1343450516670452,0.13364802380025956,0.015705379539064118,0.9843023701176716,0.0
9.92992992992993,0.036818415931516836,-0.08600848544281005,0.9818380311888286,0.17207053481465243,-0.03394075397681063,-0.07263664647746987,0.1340665665798362,0.13351568590170543,0.012565047721668906,0.9874389204550574,0.0
9.94994994994995,0.034969178585601425,-0.09246186729577069,0.985321531547038,0.17417501791047274,-0.03526257018589121,-0.06609081045402944,0.1337452064808288,0.13337023458077793,0.00942421985770423,0.9905774543325162,0.0
9.96996996996997,0.03298543621815274,-0.09918711837243437,0.9888400185823588,0.1759243517660385,-0.03646968298562398,-0.06035563998663823,0.1334001698212278,0.13321796450853557,0.006283019941676196,0.9937174761391657,0.0
9.98998998998999,0.03086228624893786,-0.1061574984607439,0.9923859484102494,0.17729649139452788,-0.03753097266795417,-0.05306448411650864,0.13304692351893163,0.13304268379899825,0.0031415719827795636,0.9968584900291617,0.0
10.01001001001001,0.028595348459136798,-0.11334688949005299,0.9959513252354019,0.1782688412576225,-0.03849286331428559,-0.0480945323165711,0.13266560477374328,0.13287441849452,6.123233995736766e-17,0.9999999999999999,0.0
10.03003003003003,0.026180830475490253,-0.12072589918232719,0.9995278580434446,0.1788266404021354,-0.03934384057631476,-0.042548863101458674,0.13228040170508035,0.1327009261703273,-0.003141571982779441,1.003141509970838,0.0
10.05005005005005,0.02361526696435806,-0.12827817555660964,1.003107132194114,0.17896370753348043,-0.03990975276793696,-0.028295609581110326,0.13193808367443463,0.13245637824117748,-0.006283019941676296,1.0062825238608344,0.0
10.07007007007007,0.02089579105312273,-0.13597379556176667,1.0066803301258378,0.17865989658618694,-0.040362622867099504,-0.022643504958127527,0.13152525815996946,0.13224869187312252,-0.009424219857704107,1.0094225456674837,0.0
10.09009009009009,0.018020609911998532,-0.14375905705620978,1.0102381785742283,0.17789242241952474,-0.040646774134231636,-0.01420756335660685,0.1311497706455607,0.13204300367330352,-0.012565047721668785,1.0125610795449425,0.0
10.11011011011011,0.014988360219340878,-0.15161248463288268,1.0137720035309243,0.17669124783480347,-0.040739909722014966,-0.004656779389166062,0.1307923130788902,0.131837498064304,-0.015705379539063997,1.0156976298823281,0.0
10.13013013013013,0.011798390990569995,-0.15949846143854418,1.0172734268245802,0.17507116468279416,-0.04075133735938579,-0.0005713818685416693,0.13040788987464064,0.13167419127065816,-0.018845091334967368,1.0188317013819832,0.0
10.15015015015015,0.008450739964059251,-0.16738255132553717,1.0207343259276722,0.1730449551545972,-0.04064276380962322,0.005428677488129375,0.1300630589958999,0.1315269499411099,-0.021984059158932576,1.0219627991376858,0.0
10.17017017017017,0.004945685010954276,-0.1752527476552488,1.024147415126449,0.17065445993883954,-0.04030878508475742,0.016698936243289015,0.1297817707924165,0.13137023112437696,-0.02512215908988471,1.0250904287128038,0.0
10.19019019019019,0.0012840290061204582,-0.18308280024169088,1.0275062279058904,0.1679406389720753,-0.03988755181112193,0.02106166368177508,0.12945869022266063,0.1312553126585469,-0.028259267241012218,1.0282140962183703,0.0
10.21021021021021,-0.002532630238274819,-0.19083296221976384,1.0308043329481826,0.16490525211461246,-0.0393060765017126,0.02907376547046659,0.12920322102515677,0.13115773816406925,-0.03139525976465689,1.0313333083910763,0.0
10.23023023023023,-0.006502366331052211,-0.19848680463886959,1.0340365693581777,0.16161182049974754,-0.03862532996986158,0.03403732659254992,0.12894287414552602,0.1310896965218751,-0.034530012857202905,1.0344475726711595,0.0
10.25025025025025,-0.010622750235341254,-0.2060191952144522,1.0371981646655482,0.15807976536852897,-0.03768958528835048,0.046787234075555593,0.12879861496182585,0.13102835757082018,-0.037663402763966396,1.0375563972801893,0.0
10.27027027027027,-0.014890949277454872,-0.21340995210568095,1.0402861774040983,0.1544006369275137,-0.03662617059254064,0.053170734790491246,0.12862619831165897,0.13100879474365754,-0.04079530578407862,1.0406592912987207,0.0
10.29029029029029,-0.019303242659394322,-0.22061466909697247,1.0432979028611884,0.15058627285449988,-0.035346422835482776,0.06398738785289344,0.12855274064574607,0.13101972880165222,-0.04392559827537145,1.043755764743819,0.0
10.31031031031031,-0.023855433995374584,-0.22760956679901312,1.0462325673366837,0.14673322377476933,-0.033938477166024904,0.07039728347289373,0.12847633897398902,0.13107142372177227,-0.047054156659257274,1.0468453286464312,0.0
10.33033033033033,-0.028542541317633313,-0.23435536611293656,1.049089982094142,0.14287073787290794,-0.03240780312184714,0.07653370220888786,0.12844259954509626,0.13115893339516882,-0.050180857425607364,1.0499274951286017,0.0
10.35035035035035,-0.033359091916588195,-0.2408275299477442,1.0518711307796174,0.13905743427377165,-0.030843257033313823,0.07822730442666614,0.12838945083784842,0.1312764740475865,-0.0533055771376299,1.0530017774805136,0.0
10.37037037037037,-0.03829926683137601,-0.24700874573939052,1.054577162097861,0.13530156591218784,-0.02904542560539023,0.08989157139617969,0.12849411269471256,0.13141074403246855,-0.0564281924367406,1.0560676902373451,0.0
10.39039039039039,-0.04335709053286571,-0.25289118507448527,1.0572118044077627,0.13173211549508332,-0.0271363852848236,0.09545201602833153,0.12857473156826635,0.131582092790676,-0.059548580047434865,1.0591247492559313,0.0
10.41041041041041,-0.04852572657002831,-0.2584318018581299,1.0597789962457385,0.1283595918987827,-0.025101129303042122,0.10176279908907365,0.12871089186104925,0.13178497641642592,-0.06266661678215214,1.0621724717912138,0.0
10.43043043043043,-0.05379795480701103,-0.263611411849136,1.0622839652947602,0.1252484524510904,-0.022894983038295527,0.11030731323733026,0.12892061404922422,0.13201448994726675,-0.06578217954614109,1.065210376572474,0.0
10.45045045045045,-0.05916607668235803,-0.26840609376734986,1.0647334218260573,0.12247282656486067,-0.02052822874764519,0.11833771453251678,0.12917720815082812,0.1322764855908429,-0.06889514534231889,1.0682379838793312,0.0
10.47047047047047,-0.06462168226484338,-0.272780279124268,1.0671352512803742,0.12009147271584293,-0.018125005415818084,0.12016116659135506,0.12939118564333216,0.1325586584660078,-0.07200539127612618,1.0712548156174941,0.0
10.49049049049049,-0.07015576053830443,-0.27670391367305186,1.0694970015072043,0.11808751134149842,-0.015629477873085555,0.12477637713662654,0.12965974292043095,0.13284385210592523,-0.07511279456037843,1.0742603953942587,0.0
10.51051051051051,-0.07575913357455517,-0.2801686518125372,1.0718270551105484,0.11650268016720446,-0.01303802193824748,0.12957279674190358,0.12995797370851583,0.13313721228136166,-0.07821723252011537,1.0772542485937369,0.0
10.53053053053053,-0.08142224721412816,-0.2831556819786491,1.0741343391156983,0.11536420025749862,-0.010334156363943612,0.1351932787151935,0.13029986361579438,0.13344247062746364,-0.08131858259744176,1.0802359024518022,0.0
10.55055055055055,-0.08713507554956164,-0.28564141677167404,1.0764285848657222,0.11471228750119597,-0.007658504576633348,0.13378258936551335,0.13056412385537253,0.1337433250111022,-0.08441672235636692,1.0832048861307466,0.0
10.57057057057057,-0.09288719352999034,-0.287605899021435,1.0787182874403851,0.1144851287331404,-0.0048782222446004985,0.13901411660164242,0.130916777358035,0.13402878024231843,-0.08751152948763805,1.0861607307936292,0.0
10.59059059059059,-0.09866819539859499,-0.28905009343023297,1.0810129942780582,0.11473534188365196,-0.0020556347400421007,0.14112937522791982,0.1312530845410308,0.13431600122824625,-0.09060288181356872,1.0891029696783128,0.0
10.61061061061061,-0.10446720594522449,-0.2899505273314746,1.083322011128988,0.1154508425464934,0.0007490421049519545,0.14023384224970276,0.1315488194176968,0.13458351463365245,-0.09369065729286216,1.0920311381711694,0.0
10.63063063063063,-0.11027316913584463,-0.29029815953100735,1.0856537208949195,0.11658548829656977,0.003574416405616161,0.1412687150332103,0.13185811025873642,0.13482153893733156,-0.09677473402543023,1.0949447738804503,0.0
10.65065065065065,-0.1160750635893802,-0.2900947226767785,1.0880162391702417,0.11812591376611502,0.006447675425721644,0.14366295100527418,0.13219157817400362,0.1350446535302208,-0.09985499025720362,1.0978434167093007,0.0
10.67067067067067,-0.12186171316075414,-0.28933247856869704,1.0904177874387568,0.12007741342575419,0.009308665517236138,0.1430495045757248,0.13248892070796014,0.1352494836368228,-0.1029313043849406,1.1007266089284156,0.0
10.69069069069069,-0.12762171948455073,-0.28800031618982974,1.092865748138149,0.12239803496960099,0.012130563838853674,0.1410949160808767,0.13274707592080384,0.13541418990657214,-0.10600355496102727,1.103593895248321,0.0
10.71071071071071,-0.13334375125727504,-0.2861015886362165,1.0953662962102273,0.1250274036039195,0.014991129985350777,0.14302830732485525,0.13303959053647268,0.13554206485027512,-0.10907162069827148,1.1064448228912684,0.0
10.73073073073073,-0.13901653707205586,-0.28363929073904126,1.0979255390179503,0.1279621403861495,0.01778388990612121,0.13963799603852128,0.1332591256451276,0.13564540128047603,-0.1121353804746906,1.1092789416627333,0.0
10.75075075075075,-0.1446286463022642,-0.280605461510418,1.1005481049589982,0.1311282970523927,0.020458022450396983,0.13370662721378862,0.13339583877736405,0.13568445376008242,-0.11519471333829533,1.1120958040225082,0.0
10.77077077077077,-0.15016900094710015,-0.277017732241796,1.103236415242052,0.13441551415268407,0.023126934762039184,0.13344561558210982,0.13356149723646368,0.13566218753294804,-0.11824949851186219,1.114894965155372,0.0
10.79079079079079,-0.15562694079424372,-0.27289699235717857,1.1059923899332254,0.13779873455866976,0.025723859880470292,0.1298462559215555,0.13368202852459887,0.13561898114096452,-0.12129961539770358,1.117675983041333,0.0
10.81081081081081,-0.16099188881482843,-0.26824740102923533,1.1088169423186904,0.14122761927325314,0.028309420517294775,0.1292780318412246,0.1338093527639882,0.13552456758863798,-0.12434494358242751,1.120438418525429,0.0
10.83083083083083,-0.16625352900400983,-0.2630820094590709,1.1117103067612508,0.14466822212801791,0.030818252173414096,0.12544158280596598,0.13388387818708222,0.1354005576054379,-0.127385362841691,1.1231818353870728,0.0
10.85085085085085,-0.17140159724596948,-0.2574034120979828,1.1146714717606938,0.14805824997214914,0.03314798060781087,0.1164864217198383,0.13384618556723815,0.13521826479017943,-0.13042075314494841,1.1259058004089402,0.0
10.87087087087087,-0.1764262699838254,-0.2512336368927961,1.117696883967781,0.15127061035435568,0.03535200244911539,0.11020109206522688,0.13376699170703418,0.13495024493233354,-0.13345099466018753,1.1286098834453764,0.0
10.89089089089089,-0.18131850144117337,-0.2446115728673977,1.1207811053368872,0.1542110684553088,0.037417378365494046,0.1032687958189318,0.13364785636871668,0.13463989052441988,-0.1364759677586626,1.1312936574903238,0.0
10.91091091091091,-0.1860698151138831,-0.23756568363548675,1.1239174765750046,0.15681856190587318,0.039334385142400945,0.09585033884534555,0.13348801784320727,0.1342859313779221,-0.13949555301961464,1.1339566987447491,0.0
10.93093093093093,-0.19067235145122033,-0.2301268168668617,1.127098092572607,0.15903079988012736,0.041073797308279106,0.08697060829390799,0.1332796854915582,0.13389532438363178,-0.1425096312349879,1.136598586683567,0.0
10.95095095095095,-0.195118983808237,-0.22233161785083394,1.130313795248072,0.16078513377324816,0.04275622166290974,0.08412121773153163,0.13310159217254236,0.1334473559557064,-0.14551808341413577,1.1392189041220468,0.0
10.97097097097097,-0.1994032687965573,-0.21421424941601375,1.13355504071058,0.1620622731254023,0.04428418644393401,0.07639823905121385,0.1328891856090077,0.13301749023046633,-0.14852079078851754,1.1418172372816893,0.0
10.99099099099099,-0.20351898645543293,-0.205785882943782,1.136812044122708,0.1628501706063984,0.045506921241437064,0.06113673987515258,0.1325685931244446,0.13257668069269518,-0.1515176348163869,1.1443931758555668,0.0
11.01101101101101,-0.20746075916085646,-0.19708863527117615,1.140073274639134,0.1630615258212999,0.046626374723415444,0.055972674098918394,0.1322752885017355,0.13203262969271495,-0.15450849718747364,1.1469463130731183,0.0
11.03103103103103,-0.2112244170382146,-0.18818289386790704,1.1433261242732655,0.1626424817065725,0.04758224819680616,0.04779367366953571,0.13199159280421033,0.13153170874685344,-0.15749325982765236,1.1494762457643797,0.0
11.05105105105105,-0.21480619970642606,-0.1790891334105737,1.1465587798501353,0.16163277884349242,0.04836974118509395,0.03937464941439018,0.13169892607623312,0.13102301296674537,-0.16047180490360474,1.1519825744236514,0.0
11.07107107107107,-0.21820298850463815,-0.16983943991060432,1.149759207051843,0.16002136008537995,0.048914532686345456,0.02723957506257562,0.13138090559717083,0.13053881192389957,-0.16344401482747126,1.1544649032725836,0.0
11.09109109109109,-0.2214123561331398,-0.1604683814250836,1.1529153880223855,0.1578090485271238,0.04921665931413371,0.01510633138941196,0.13105296757101925,0.1300509390108287,-0.16640977226149337,1.1569228403226752,0.0
11.11111111111111,-0.22443287676602497,-0.1510260316442581,1.1560151483431613,0.15498801603879492,0.049359862491307374,0.007160158858683673,0.1307626017559084,0.12955117963746696,-0.16936896012264555,1.1593559974371723,0.0
11.13113113113113,-0.2272640767569996,-0.14155999954873183,1.159046739310659,0.1515795483748771,0.04944089478684998,0.004051614777130435,0.13053817467945633,0.1290534501263347,-0.1723214615872586,1.1617639903923611,0.0
11.15115115115115,-0.2299059690934146,-0.13209461682074883,1.1619994481300837,0.14763544097124354,0.04932555517292633,-0.0057669806961818185,0.1303268854269232,0.12865514521143134,-0.17526716009562962,1.1641464389382392,0.0
11.17117117117117,-0.2323587438415209,-0.12263873740531406,1.1648642394236284,0.1432395646772363,0.048990012079607397,-0.016777154665947154,0.13011298236572597,0.12827683259814693,-0.1782059393566253,1.166502966858563,0.0
11.19119119119119,-0.23462334889629277,-0.11323025273859369,1.1676323721414288,0.13840663589002178,0.04847020126024066,-0.025990540968337875,0.12992916827772993,0.1279136395385176,-0.1811376833522728,1.168833202030256,0.0
11.21121121121121,-0.23670155069652266,-0.10391009001149407,1.1702958153122867,0.13317215854289766,0.04782087614454918,-0.032466255784573544,0.12979310605361366,0.12756875129531628,-0.18406227634233915,1.1711367764821723,0.0
11.23123123123123,-0.23859573103881931,-0.0947090171148326,1.1728475488335552,0.1275866760634333,0.046998673639205214,-0.04111012526719853,0.12969455496558094,0.12729531566258473,-0.18697960286890022,1.1734133264532012,0.0
11.25125125125125,-0.24030871027296474,-0.08564896170727197,1.1752821872400567,0.1217319203250789,0.04605731769179629,-0.047067797370446036,0.12963207758312983,0.12703026481962018,-0.18988954776090058,1.1756624924497123,0.0
11.27127127127127,-0.24184389208109403,-0.07675909040646452,1.1775950319727846,0.11564223663638944,0.04494931691666356,-0.05540003875663599,0.12960820416531144,0.12684168184699313,-0.19279199613869813,1.1778839193023212,0.0
11.29129129129129,-0.2432050177595095,-0.06805628392077423,1.1797831053504204,0.1094036688817942,0.04359399991406635,-0.06776585012986021,0.12961227293045557,0.12674636420988575,-0.19568683341860107,1.1800772562219766,0.0
11.31131131131131,-0.24439638914219095,-0.05956856913407216,1.1818452483870103,0.10310715182949177,0.04199712048433181,-0.07984397148672753,0.12965620258775268,0.12670530501006166,-0.1985739453173904,1.182242156855353,0.0
11.33133133133133,-0.2454232166020791,-0.05134137299440827,1.183781731375436,0.0968241494212857,0.04025360378992373,-0.0871758347204042,0.12975580472253928,0.12667481786435647,-0.20145321785683126,1.1843782793395434,0.0
11.35135135135135,-0.2462915656670059,-0.04341745324634063,1.1855938368086842,0.09060527166241746,0.0383753429222536,-0.09391304338350627,0.12990941783765347,0.12670367773486485,-0.20432453736817446,1.1864852863560456,0.0
11.37137137137137,-0.2470079715314806,-0.03582029322373379,1.187284538120351,0.08453506558333541,0.03632558084623159,-0.10248810380110124,0.13010301161968252,0.1268113715060511,-0.20718779049664182,1.1885628451840258,0.0
11.391391391391391,-0.24757943845658556,-0.028573346255247642,1.1888585761976584,0.0787019038653708,0.034131720191181075,-0.10969303275252512,0.13033269831426827,0.1269545886761647,-0.21004286420590312,1.190610627752862,0.0
11.411411411411411,-0.24801357252236325,-0.0217067032888842,1.1903217632263148,0.07315935143281665,0.03175191460531635,-0.11899027929323533,0.13060524138294263,0.12718656832466171,-0.21288964578253633,1.1926283106939473,0.0
11.431431431431431,-0.24831850496543809,-0.01524662215374235,1.1916818637937159,0.06800502837005329,0.029223920018727,-0.1263997293294688,0.13091183285323715,0.12744921767045458,-0.21572802284047932,1.1946155753917558,0.0
11.451451451451451,-0.24850309945315416,-0.009229724385803259,1.1929476061939486,0.063287120011635,0.026624751772311085,-0.12995841232079527,0.13124606400913713,0.12770782461926264,-0.21855788332546633,1.1965721080341547,0.0
11.471471471471471,-0.24857678752346277,-0.0036844035154309255,1.1941280644213221,0.059022911368677745,0.023934944038146375,-0.13449038670823568,0.1316007596089916,0.1280162817130009,-0.22137911551945086,1.198497599661959,0.0
11.491491491491491,-0.2485492725259435,0.0013757498759638031,1.195233337884698,0.05526367316878799,0.02111435496637596,-0.14102945358852026,0.13197202863515128,0.128387708949493,-0.22419160804501603,1.2003917462177192,0.0
11.511511511511511,-0.24843066852657747,0.005930199968302068,1.1962746878443762,0.05206749798391138,0.0182468378734358,-0.14337585464700806,0.1323497970507279,0.12873182671697983,-0.22699524986977335,1.2022542485937369,0.0
11.531531531531531,-0.248231591842264,0.009953834215673453,1.1972630515632998,0.049418185946179014,0.015227988841835722,-0.15094245158000366,0.13274796648166054,0.12918587991954594,-0.22978993031074388,1.204084812679296,0.0
11.551551551551551,-0.24796293541880193,0.013432821173104396,1.1982112707274792,0.04741095820896685,0.012183889430977604,-0.15220497054290558,0.13314011145576402,0.1295757418468054,-0.23257553903872916,1.205883149407107,0.0
11.571571571571571,-0.247636206648733,0.016336438503446755,1.1991311253447787,0.045992730864976614,0.009047482371054412,-0.15682035299615968,0.13353608399728698,0.13003443872140116,-0.2353519660826663,1.2076489747989532,0.0
11.591591591591591,-0.247263093305114,0.018655667180949673,1.20003543862597,0.045215664059566625,0.005860097971997497,-0.1593692199528456,0.1339198753246839,0.1304787090424519,-0.2381191018339696,1.2093820100105355,0.0
11.611611611611611,-0.24685567779213563,0.020370775648918413,1.2009366076554842,0.04505845147570564,0.00255001382128641,-0.16550420753555417,0.13430380920407425,0.13099613297016902,-0.2408768370508575,1.2110819813755036,0.0
11.631631631631631,-0.2464263662009105,0.021465579561256897,1.2018480787129688,0.04557355287423736,-0.000774791222834948,-0.16624025220606778,0.1346669228541215,0.13144994771766866,-0.24362506286266625,1.212748620448673,0.0
11.651651651651651,-0.24598806815731566,0.021914902179741284,1.202782009108978,0.046696519800462806,-0.004200259198788368,-0.17127339879767084,0.1350108601667254,0.13196723199539465,-0.2463636707741459,1.214381664048413,0.0
11.671671671671671,-0.24555391676720248,0.0217075695056598,1.2037511693128162,0.048458010191912745,-0.007550345859363073,-0.16750433302873508,0.13530712658287694,0.13234812733262988,-0.24909255266974534,1.2159808542982087,0.0
11.691691691691691,-0.24513746016376095,0.020822830172076864,1.2047655575597396,0.05071941234617244,-0.010853926829818363,-0.16517904852276424,0.1355386965013432,0.13270248181676475,-0.2518116008178804,1.2175459386673815,0.0
11.711711711711711,-0.24475199145001772,0.019273435687162235,1.2058337759169606,0.053410917861053654,-0.01414126346332121,-0.16436683167514243,0.13571360050324327,0.13304239087731637,-0.2545207078751858,1.219076670010966,0.0
11.731731731731731,-0.24441072215283466,0.017063464859152652,1.2069633299892877,0.05647770361635676,-0.01727584923248516,-0.15672928845819747,0.13582482778816368,0.13324896938510958,-0.2572197668907532,1.2205728066087382,0.0
11.751751751751751,-0.24412669778544469,0.014201218369498605,1.2081587639662164,0.05977169884643763,-0.020432511844191027,-0.15783313058529289,0.13587069270087332,0.13352340567946352,-0.2599086713103548,1.2220341122033862,0.0
11.771771771771771,-0.2439124928949103,0.010710244526719273,1.2094246260672465,0.06329310505150788,-0.023429198207007215,-0.14983431814080947,0.13587180463662415,0.13365587676150045,-0.2625873149806477,1.2234603560378159,0.0
11.791791791791791,-0.24378065878006,0.00659170574251498,1.2107626573702193,0.06690156514863793,-0.02635742537895236,-0.14641135859725712,0.1357951102709662,0.1337861161688756,-0.2652555921533669,1.2248513128915928,0.0
11.811811811811811,-0.2437431667163677,0.0018746031846155631,1.21217338851872,0.07053655742504344,-0.02907343501462032,-0.13580048178339818,0.13565986156351093,0.13377947173136684,-0.2679133974894984,1.226206763116505,0.0
11.831831831831831,-0.24381157643750165,-0.0034204860566977224,1.2136544270315424,0.07405192564111927,-0.031649849773561896,-0.12882073794707855,0.13543916414117688,0.13374509522200628,-0.27056062606343784,1.2275264926712488,0.0
11.851851851851851,-0.2439965564603927,-0.009249001144553098,1.215201695194893,0.07736340816753277,-0.034073574756097603,-0.12118624912678455,0.13516668327732925,0.1336632753767586,-0.2731971733671345,1.2288102931552294,0.0
11.871871871871871,-0.244308182719329,-0.015581312946815366,1.2168096348347242,0.0803969819915578,-0.036255197835530384,-0.10908115397163977,0.13484528690803232,0.13348268146842493,-0.2758229353142149,1.2300579618414675,0.0
11.891891891891891,-0.24475571634365187,-0.022376681216143637,1.2184704962215287,0.08304306934023234,-0.03839272713526339,-0.10687646498665176,0.1344479121101229,0.13336522415662586,-0.278437808244094,1.2312693017086145,0.0
11.911911911911911,-0.24534751983771003,-0.029590174702907347,1.2201763523265645,0.08529280525178864,-0.04032676365500095,-0.09670182598687796,0.1340592250013156,0.1331661484591352,-0.2810416889260653,1.2324441214720627,0.0
11.931931931931931,-0.24609162397594153,-0.03720520691157462,1.2219181855034593,0.08709165884474536,-0.042162871138173,-0.09180537415860243,0.1336018396572556,0.13297595212011207,-0.2836344745633781,1.233582235614153,0.0
11.951951951951951,-0.24699524145945648,-0.04518087417574772,1.2236861084635946,0.08839614800676013,-0.04380687001807822,-0.0821999439952609,0.13313653209467127,0.13272672284359974,-0.28621606279729533,1.2346834644134685,0.0
11.971971971971971,-0.24806511622257155,-0.053493738155753374,1.2254692458884138,0.08915687124095462,-0.04521480147052789,-0.07039657262248304,0.13263247628345579,0.13241352307537502,-0.28878635171113387,1.235747633973216,0.0
11.991991991991991,-0.24930708928611445,-0.062098653177145684,1.2272552236516443,0.08929888816152623,-0.04646481651717881,-0.06250075233254586,0.13207476276300717,0.13210031185680923,-0.29134523983428795,1.2367745762486861,0.0
12.012012012012011,-0.2507260533775813,-0.07094820457334236,1.229030906359026,0.08878413536907924,-0.04747207310604165,-0.05036282944314184,0.1315296346901197,0.13174715555702546,-0.2938926261462365,1.2377641290737884,0.0
12.032032032032031,-0.2523261671754303,-0.08000568989245012,1.2307827762785932,0.0875934959783687,-0.04834398222745,-0.043595456070417024,0.13093687775195326,0.13141719575955577,-0.29642841008052956,1.2387161361866608,0.0
12.052052052052051,-0.25411063522256594,-0.08922340235678197,1.2324969944759854,0.08571090986960309,-0.04903920175575802,-0.03476097641540132,0.13036951557050608,0.13108958096768394,-0.2989524915287594,1.239630447254344,0.0
12.072072072072071,-0.2560821442973967,-0.09857545374153703,1.2341601552319341,0.0831580377974333,-0.0495028187759338,-0.023180851008788347,0.12982086872876228,0.13074421312542087,-0.30146477084451234,1.2405069178965213,0.0
12.092092092092091,-0.25824266489344044,-0.10802602980218891,1.2357588987366326,0.0799371752349269,-0.049739234319290525,-0.011820777167835651,0.1292751301338176,0.13040022550954036,-0.30396514884730275,1.2413454097083185,0.0
12.112112112112111,-0.26059322871376056,-0.11752819101600602,1.2372799718651613,0.07605365642642967,-0.0498345045016452,-0.004763509117734521,0.12871754754367987,0.13009757851353268,-0.30645352682648813,1.2421457902821578,0.0
12.132132132132131,-0.2631340379226133,-0.12704046044263614,1.238710601124867,0.07153146298529095,-0.04975883833175663,0.003783308494429174,0.12820863544348618,0.12982374286261064,-0.3089298065451672,1.2429079332286685,0.0
12.152152152152151,-0.265864847756015,-0.13654049167008447,1.2400391864699754,0.06642926725541887,-0.049401582100653096,0.017862811555177473,0.12777768706034542,0.12954969783929607,-0.31139389024405634,1.2436317181966443,0.0
12.172172172172171,-0.2687847342077444,-0.14599432258647074,1.2412553108785507,0.060806220428764976,-0.04891483006696341,0.02433760168448331,0.12730589282051066,0.12932536731199445,-0.3138456806453502,1.2443170308920484,0.0
12.192192192192191,-0.2718918013749497,-0.1553533583602653,1.2423487414712358,0.05467152963425114,-0.048164963134583315,0.037493346619004865,0.12695982663429725,0.1291338140719178,-0.31628508095656216,1.2449637630960617,0.0
12.212212212212211,-0.2751837709663986,-0.16459847957244597,1.2433116139780898,0.04814362534269649,-0.04712656151278847,0.051920081089741985,0.12667319099836355,0.12897046836010828,-0.318711994874345,1.2455718126821722,0.0
12.232232232232231,-0.2786574107864931,-0.17368199100472456,1.2441374077806513,0.0412896901280793,-0.045869016124132925,0.06287726943277727,0.12641712416790096,0.1288672699243652,-0.3211263265882922,1.2461410836323012,0.0
12.252252252252251,-0.28230843114943355,-0.18255101814702326,1.2448209936478782,0.034179293361344884,-0.04453662814590166,0.06661939891156338,0.12615120991329695,0.12883874638700588,-0.32352798078472217,1.246671486051967,0.0
12.272272272272271,-0.286131887560856,-0.19117282057112195,1.2453582351913683,0.026862077174500378,-0.0429251502229992,0.08057389614512381,0.12607416948237007,0.12885683233558567,-0.32591686265043923,1.2471629361844785,0.0
12.292292292292291,-0.2901226355512412,-0.199537399519258,1.245748487317842,0.019512606323679012,-0.041145326307233006,0.08899119578830879,0.12598693778680695,0.12891918112901316,-0.32829287787647826,1.2476153564241628,0.0
12.312312312312311,-0.294274537425029,-0.2075950936893929,1.2459916477995374,0.012158024084772958,-0.03917793267773608,0.09836968147484584,0.1259888553019209,0.1290439998926952,-0.330655932661826,1.2480286753286194,0.0
12.332332332332332,-0.2985809036028012,-0.21531830888860856,1.2460898750702443,0.004911363535344356,-0.03704869305870588,0.10646198095150954,0.12603928595658986,0.12921818054398068,-0.3330059337171257,1.248402827630002,0.0
12.352352352352352,-0.30303437728242494,-0.2226736839811856,1.24604679260592,-0.0021541232162185023,-0.03480249325819029,0.11230999002578011,0.12612210077966574,0.12943931465130584,-0.33534278826835995,1.248737754245325,0.0
12.372372372372372,-0.3076270578237066,-0.22963402706408093,1.2458672070744816,-0.008979276571917695,-0.03237993365147555,0.12112798033573688,0.12630315093983888,0.12970439363398803,-0.337666404060512,1.2490334022857932,0.0
12.392392392392392,-0.3123506114152328,-0.23617767957631006,1.2455580292514918,-0.015458891149484642,-0.0298694915439959,0.12552210537398212,0.12647717733314595,0.13000280598816885,-0.3399766893612096,1.2492897250651536,0.0
12.412412412412412,-0.3171960642994765,-0.2422726442121846,1.245126563140406,-0.021573305554284723,-0.027212998066711333,0.1328246738642281,0.12674360495200881,0.13033970212711385,-0.34227355296434436,1.249506682107068,0.0
12.432432432432432,-0.32215410040770603,-0.24790180541147755,1.2445820397326424,-0.027226170388188982,-0.024470081479185366,0.137145829376298,0.12701392454601526,0.13070083092023085,-0.34455690419367413,1.2496842391515044,0.0
12.452452452452452,-0.32721488385820824,-0.25303917252511093,1.243934099086012,-0.03239703233152622,-0.021511463205299165,0.1479309136943102,0.1274323063692431,0.1311047437419948,-0.34682665290640236,1.2498223681601472,0.0
12.472472472472472,-0.33236817700279997,-0.25766465722958687,1.2431951902902596,-0.03694543978761567,-0.018507480752295264,0.15019912265019475,0.12778069084228086,0.13152596510604989,-0.3490827094967364,1.249921047320825,0.0
12.492492492492492,-0.3376028514954968,-0.26173372463484046,1.2423769727846634,-0.0409108752798137,-0.015504969874003223,0.15012554391460164,0.1281150038899747,0.13194845087592103,-0.35132498489942454,1.249980261050954,0.0
12.512512512512512,-0.34290760918072966,-0.26523788426164435,1.2414908873780306,-0.04430427033164024,-0.012354560004707662,0.15752049346477748,0.1285772351985565,0.13238230299060114,-0.35355339059327373,1.25,0.0
12.532532532532532,-0.3482710951831819,-0.2681743001226113,1.2405504045039506,-0.047024143704003235,-0.009063293049080446,0.16456334778136034,0.1290868413182637,0.1328407139751465,-0.3557678386046426,1.249980261050954,0.0
12.552552552552552,-0.3536813312617449,-0.27051180392814916,1.239570033716855,-0.04901853935478657,-0.005614669059600159,0.17243119947401384,0.1296650492560968,0.133327673412076,-0.35796824151091555,1.249921047320825,0.0
12.572572572572572,-0.35912567805370615,-0.27221733959806393,1.238565691391975,-0.050217116243996766,-0.002107314831331454,0.1753677114134346,0.13020729023946034,0.1338141119788463,-0.36015451244395347,1.2498223681601472,0.0
12.592592592592592,-0.3645907803173895,-0.27325511318416845,1.2375527155953432,-0.0506487898315892,0.0014052593461777103,0.17562870887545753,0.13070840150032512,0.13427040822363623,-0.36232656509352335,1.2496842391515044,0.0
12.612612612612612,-0.37006300956395716,-0.2736114623283814,1.2365453430782438,-0.05036862585496975,0.00503341923601155,0.1814079944916912,0.13128985655603542,0.1347085100096088,-0.36448431371070567,1.249506682107068,0.0
12.632632632632632,-0.37552854886607173,-0.2732769651057297,1.2355586832118857,-0.04933299331790263,0.00864871468876747,0.18076477263779514,0.13178740311575307,0.13511793706202235,-0.3666276731112801,1.2492897250651536,0.0
12.652652652652652,-0.3809730754179048,-0.27222632759165394,1.2346061264436055,-0.047627838414011796,0.01228362380142885,0.18174545563306796,0.13228396918510735,0.13548049034035226,-0.368756558679087,1.2490334022857932,0.0
12.672672672672672,-0.38638219737253865,-0.2704560977316905,1.2337003021962365,-0.04529121236844518,0.015864690295015957,0.1790533246793541,0.13270191217187524,0.1357874569317877,-0.37087088636936955,1.248737754245325,0.0
12.692692692692692,-0.3917414460528188,-0.26796243401400693,1.2328517981492395,-0.04242520234985047,0.019499418091534288,0.18173638982591533,0.13316812184274482,0.13604676072380772,-0.37297057271209105,1.248402827630002,0.0
12.712712712712712,-0.39703646328847797,-0.2647508617829582,1.2320711608303292,-0.03903186594551579,0.02315482402566337,0.18277029670645284,0.13361237721792232,0.13627494510377386,-0.3750555348152299,1.2480286753286194,0.0
12.732732732732732,-0.40225255247329494,-0.2608044592408486,1.2313680940993108,-0.03515333655091732,0.026640479312638524,0.17428276434875659,0.1338765139687556,0.13642411472890292,-0.3771256903680519,1.2476153564241628,0.0
12.752752752752752,-0.4073749758001175,-0.25612116634112725,1.230748407689054,-0.030984320512837026,0.02990407325378226,0.1631796970571853,0.13398922216918377,0.13644323540857287,-0.37918095764436077,1.2471629361844785,0.0
12.772772772772772,-0.41238977692419126,-0.2507400562036883,1.2302137064380387,-0.026735062550764646,0.03298934582107783,0.15426362836477664,0.1340333187130338,0.13635392912376745,-0.38122125550572394,1.246671486051967,0.0
12.792792792792792,-0.4172839906910635,-0.24471068834360968,1.2297629512531187,-0.022537759245994826,0.03599187338325626,0.15012637810891874,0.13409320048092147,0.13620232456909054,-0.3832465034046751,1.2461410836323012,0.0
12.812812812812812,-0.42204538611376513,-0.2380697711350826,1.2293943954384567,-0.018427790733099636,0.03892548706900867,0.14668068428761877,0.13415353864846066,0.13602185122325275,-0.3852566213878947,1.2455718126821722,0.0
12.832832832832834,-0.42666205957029074,-0.23083367282628006,1.2291058457592354,-0.014427483961060607,0.04171290263729247,0.13937077841418774,0.1341402979157768,0.13579994705700899,-0.38725153009936686,1.2449637630960617,0.0
12.852852852852854,-0.4311224486124895,-0.22301945210993812,1.2288933814864658,-0.010623213638483231,0.04427248486367398,0.12797911131907255,0.13401083842925712,0.1355034352371806,-0.3892311507835115,1.2443170308920484,0.0
12.872872872872874,-0.43541576629929896,-0.21466588434047196,1.2287502480995156,-0.007156669347507764,0.04667949363755807,0.12035043869420174,0.1338515457674732,0.13511845560165853,-0.39119540528829405,1.2436317181966443,0.0
12.892892892892894,-0.43953225031869214,-0.20582420096966011,1.2286679509600325,-0.004114856974156708,0.04896986158871172,0.11451839755767997,0.1336870124962347,0.13469142762783196,-0.39314421606830957,1.2429079332286683,0.0
12.912912912912914,-0.44346278826968455,-0.1965268975496208,1.228637299720415,-0.0015325619808748757,0.05107594386865643,0.10530411399723283,0.1334621851320177,0.13423608593513087,-0.3950775061878452,1.2421457902821578,0.0
12.932932932932934,-0.4471988072201331,-0.1868009475224293,1.2286477945347403,0.0005247407162648761,0.05288408985400558,0.0904072992674535,0.1331206079497287,0.13373362013235768,-0.3969951993239175,1.2413454097083185,0.0
12.952952952952954,-0.45073268877503225,-0.17669407774495682,1.2286865297266967,0.0019367595978242065,0.05446764219219313,0.07917761690937447,0.13274411357486685,0.13314831106129302,-0.39889721976928555,1.2405069178965213,0.0
12.972972972972974,-0.4540581322747956,-0.1662721749881674,1.228738904874611,0.0026187573957126395,0.05586049487297916,0.06964263403929698,0.13237030754118753,0.13254033160730178,-0.4007834924354382,1.239630447254344,0.0
12.992992992992994,-0.4571697710543171,-0.15558193897607717,1.2287900619174468,0.002557852141791802,0.057042014208455595,0.05907596677381796,0.1319858378328488,0.13193207868426882,-0.40265394285556105,1.2387161361866608,0.0
13.013013013013014,-0.46006303414520755,-0.14466315454452267,1.2288250153976084,0.0017476740080749112,0.057989555474111706,0.047377063282801064,0.1315836823844726,0.1313205938853835,-0.40450849718747367,1.2377641290737884,0.0
13.033033033033034,-0.4627342565866875,-0.13356112207399773,1.2288285122021856,0.00017484022886273248,0.058751705345833495,0.038107493586083965,0.13119632417226443,0.13069276228629487,-0.4063470822165468,1.2367745762486861,0.0
13.053053053053054,-0.46518069874312024,-0.1223221078216371,1.2287853256146448,-0.0021593293770352778,0.059309451577021596,0.02788731155940092,0.1308211420545312,0.13008933745885704,-0.40816962535859197,1.235747633973216,0.0
13.073073073073074,-0.46740034084513904,-0.11098210510094096,1.2286808102637237,-0.005225767546059789,0.05967197505354524,0.01812617382617758,0.13046071163790504,0.12949626234082173,-0.409976054662726,1.2346834644134685,0.0
13.093093093093094,-0.46939193685805725,-0.0995798006459099,1.2285007377902306,-0.009003623674650126,0.05981609486600061,0.007205990622763225,0.13011386595543598,0.12893476513917232,-0.4117662988142137,1.233582235614153,0.0
13.113113113113114,-0.47115493376727097,-0.08814984546068573,1.2282315922044784,-0.013457279287606422,0.05966038600443459,-0.007785443078305887,0.12976370717727745,0.12843060862464198,-0.4135402871372808,1.232444121472063,0.0
13.133133133133134,-0.4726896244474283,-0.07673453400786526,1.2278607065945757,-0.01854428049513686,0.05929083973206816,-0.018477313618326864,0.1294497910230069,0.12791736422424027,-0.4152979495979064,1.2312693017086145,0.0
13.153153153153154,-0.47399742868977746,-0.06539021211745749,1.2273758840912978,-0.02424112516389504,0.05877173406474995,-0.02595528336591589,0.1292049239215696,0.1274372203573638,-0.4170392168065855,1.2300579618414675,0.0
13.173173173173174,-0.4750804595318869,-0.05415154210547146,1.226766486418312,-0.030469883649291478,0.05808021673324353,-0.034575866575324785,0.12901247903047264,0.12702874678548223,-0.41876402002107094,1.2288102931552294,0.0
13.193193193193194,-0.47594124477517946,-0.04303926216463022,1.2260237428926564,-0.03713717628278901,0.05712478135960556,-0.04777176868190311,0.12884731211743924,0.1267162863518135,-0.4204722911490845,1.227526492671249,0.0
13.213213213213214,-0.47658287037520924,-0.03208128000149009,1.2251407426529954,-0.04415001198305113,0.05592067659733214,-0.06020523811367595,0.1287194772317409,0.12644595259625452,-0.42216396275100765,1.2262067631165048,0.0
13.233233233233234,-0.47700936281734996,-0.021324622107036086,1.2241118047826822,-0.05144689351565669,0.05453786264286118,-0.06914069772355122,0.12865607630239403,0.1262080180109977,-0.4238389680425416,1.2248513128915928,0.0
13.253253253253254,-0.4772255854273821,-0.010811130501605166,1.2229327291728238,-0.05895378049292031,0.052998917638162016,-0.07694725023496192,0.12865896578843114,0.12603238353628507,-0.4254972408973458,1.223460356037816,0.0
13.273273273273274,-0.4772369733386085,-0.0005693955613188095,1.2216012486587926,-0.06657402570156208,0.05135365623538725,-0.08226307013874055,0.12871823402285332,0.1258900086786691,-0.42713871584964763,1.2220341122033862,0.0
13.293293293293294,-0.47704944395647997,0.009376469106425202,1.220116445829547,-0.07424014146227813,0.0495653902254897,-0.08941330049488051,0.1288264447969245,0.12582933819191752,-0.42876332809682627,1.2205728066087382,0.0
13.313313313313314,-0.4766691826792904,0.0190130638594768,1.218479347710162,-0.08185490596924778,0.04755318074989775,-0.1006104737795983,0.1289743692452428,0.1258752994028306,-0.4303710135019719,1.2190766700109659,0.0
13.333333333333334,-0.4761028185550149,0.028318206213774847,1.2166931634364906,-0.08930921368357982,0.04531101987520548,-0.11210804373461423,0.12916847142986992,0.12599132003157718,-0.4319617085964176,1.2175459386673815,0.0
13.353353353353354,-0.475357752124479,0.03725332152679452,1.2147628509963937,-0.0965156220048452,0.042845172223438456,-0.12329238258835082,0.12942132107356671,0.12618389267910543,-0.4335353505822449,1.215980854298209,0.0
13.373373373373374,-0.4744421923039351,0.04577799102719692,1.212695395868546,-0.10337275639238203,0.04020039717039016,-0.13223875265241342,0.12972959657869196,0.12642490613632165,-0.4350918773347628,1.214381664048413,0.0
13.393393393393394,-0.4733651226363147,0.05385348338101817,1.2104993396465373,-0.10980281110043912,0.03732727728857585,-0.14365599409071408,0.13009464089861195,0.1267781771775826,-0.4366312274049602,1.2127486204486728,0.0
13.413413413413414,-0.4721362029386911,0.06144598488118017,1.208185732069742,-0.11568037883977178,0.03435104026300118,-0.14881185127873015,0.1304940923043733,0.12710817413911749,-0.4381533400219318,1.2110819813755038,0.0
13.433433433433434,-0.47076600762944315,0.06850976546239662,1.2057657959797594,-0.12099680449912928,0.03133288003745053,-0.1509080112775296,0.13092097003418537,0.12744309418867233,-0.43965815509527806,1.2093820100105355,0.0
13.453453453453454,-0.4692655059304486,0.07502508494972916,1.2032512175963395,-0.12572891917099613,0.02820743167826353,-0.15627241795934654,0.13136490557996794,0.12785545817856522,-0.4411456132174767,1.2076489747989532,0.0
13.473473473473474,-0.46764586819389625,0.08098188682761673,1.2006550559455684,-0.12980808253855125,0.024994100047034486,-0.16066658156144722,0.13181808504487688,0.1282860907795229,-0.44261565566622757,1.205883149407107,0.0
13.493493493493494,-0.4659187643664247,0.08635519137357649,1.1979907565991648,-0.13321496732018825,0.02176598038966408,-0.16140598286851532,0.13227281837155316,0.12869029886643682,-0.4440682244067723,1.2040848126792958,0.0
13.513513513513514,-0.4640962426721412,0.09112608471417506,1.1952713699786042,-0.13596933102803038,0.018449595424792298,-0.16581924824358357,0.13273365631963713,0.12916829388950787,-0.4455032620941839,1.2022542485937369,0.0
13.533533533533534,-0.46219046057773777,0.095289104720172,1.1925110931891416,-0.13801383947312387,0.015013859342812737,-0.1717868040989727,0.13320321903680882,0.12970103355122486,-0.4469207120756318,1.2003917462177194,0.0
13.553553553553554,-0.4602139919176762,0.09882343300307989,1.1897250313506007,-0.1393030919270405,0.011463246492690964,-0.17753064250608344,0.13368477538183784,0.13027144510612548,-0.44832051839261794,1.198497599661959,0.0
13.573573573573574,-0.4581799935877559,0.10169991649601581,1.1869289913057302,-0.13980200224352213,0.007887760120547474,-0.17877431860716955,0.13415470420450487,0.13079867824386818,-0.44970262578318543,1.196572108034155,0.0
13.593593593593594,-0.4561021485879067,0.10389224999246054,1.1841379286594411,-0.13955313231445282,0.004255981840616313,-0.18158891399655364,0.13460432629352984,0.13135144733492995,-0.4510669796841014,1.1946155753917558,0.0
13.613613613613614,-0.45399437089279565,0.10538888475555314,1.1813668289793464,-0.13855498400473248,0.0006377344678446254,-0.1809123686385808,0.1350169662589282,0.1318475007165324,-0.4524135262330097,1.1926283106939475,0.0
13.633633633633634,-0.45187092518541877,0.10617228536884371,1.178629241152143,-0.13687939136016355,-0.0028773654753320626,-0.17575499715883178,0.13536853332574228,0.13224426836405934,-0.4537422122705585,1.1906106277528619,0.0
13.653653653653654,-0.4497460927075444,0.10624162389371733,1.1759362866178293,-0.1346477267156919,-0.00629689457149567,-0.17097645480817894,0.13564932705900545,0.13259205954981118,-0.4550529853424978,1.188562845184026,0.0
13.673673673673674,-0.44763376616653877,0.10561632705028107,1.173297262101193,-0.13195122583181368,-0.009732292192428256,-0.1717698810466289,0.13588636539173593,0.13299012561644868,-0.45634579370175143,1.1864852863560453,0.0
13.693693693693694,-0.44554755590729006,0.10431051296243662,1.1707215140353848,-0.1287874032904135,-0.01314567336373713,-0.1706690585654451,0.1360953428700062,0.13336117035855355,-0.45762058631045877,1.1843782793395436,0.0
13.713713713713714,-0.4435012277129541,0.10231640971680017,1.1682175252614893,-0.12519943869477415,-0.016416601847710155,-0.16354642419865412,0.13624565471542388,0.13361537733278203,-0.4588773128419906,1.1822421568553527,0.0
13.733733733733734,-0.44150843567707465,0.09963960179397133,1.1657911322685288,-0.12131964964801854,-0.019579207504277905,-0.1581302828283913,0.13631624879684687,0.13382841865443867,-0.4601159236829352,1.1800772562219768,0.0
13.753753753753754,-0.4395822667350868,0.09630844709939083,1.163446343210744,-0.11723945288923553,-0.022653608597476418,-0.15372005465993135,0.1363266446899269,0.13401289748818337,-0.46133636993505733,1.1778839193023214,0.0
13.773773773773774,-0.4377354064374073,0.09234301488397623,1.1611858167770772,-0.11302632168333981,-0.025563322327241098,-0.14548568648824062,0.1362780684691979,0.1341050678278003,-0.462538603417229,1.1756624924497123,0.0
13.793793793793794,-0.4359800871888483,0.08776596242795252,1.1590099386522434,-0.1087939062416915,-0.028406914878630774,-0.14217962756949168,0.13615979512784845,0.13420799929412228,-0.46372257666733074,1.173413326453201,0.0
13.813813813813814,-0.4343278803506827,0.0826103419082795,1.1569182006576808,-0.10458689972813716,-0.031178019892898597,-0.13855525071339983,0.1360048581361262,0.13429057032781377,-0.46488824294412573,1.171136776482172,0.0
13.833833833833834,-0.4327901298270164,0.07688752618331277,1.1549092238182188,-0.10044884197310532,-0.03371492512621103,-0.12684526166563165,0.13579879377187135,0.13423095674765056,-0.4660355562291054,1.168833202030256,0.0
13.853853853853854,-0.431377724496131,0.07062026654427182,1.1529787435326249,-0.09652401427969905,-0.0360815488543964,-0.11833118640927881,0.13549391156489254,0.13412265133847193,-0.4671644712283059,1.1665029668585631,0.0
13.873873873873874,-0.4301005264386316,0.06385990287496746,1.1511203127486604,-0.09292153919822069,-0.03828972421701312,-0.11040876813084557,0.1351352944940991,0.1339793147096226,-0.46827494337409614,1.1641464389382392,0.0
13.893893893893894,-0.42896764158690737,0.05664424258621184,1.1493261701275208,-0.0897071310569791,-0.04033154336101904,-0.10209095720030549,0.13473237718361206,0.13379686034779914,-0.4693669288269371,1.161763990392361,0.0
13.913913913913914,-0.42798752560007447,0.04900579934164511,1.1475873225555984,-0.08694237859612616,-0.04205453848274537,-0.08614975608632544,0.13429974735551634,0.13348946115468502,-0.4704403844771127,1.1593559974371723,0.0
13.933933933933934,-0.42716775380855665,0.040988589575890765,1.1458924963258632,-0.08474131148676164,-0.04357953377544387,-0.07624976463493348,0.13377875697193997,0.13317196661116068,-0.47149526794643215,1.1569228403226752,0.0
13.953953953953954,-0.4265145393827404,0.032660721290812586,1.1442289989250987,-0.08317487003823062,-0.04495344764255746,-0.06869569335568719,0.13324256540095308,0.13287532463717253,-0.47253153758990246,1.1544649032725836,0.0
13.973973973973974,-0.42603329048596933,0.02406244483855335,1.142584245638495,-0.08223766433018422,-0.04616182213973334,-0.060418724858801696,0.13270880604529214,0.13257794381126184,-0.4735491524973721,1.1519825744236514,0.0
13.993993993993994,-0.42572881482111,0.015223783242964369,1.1409456960201705,-0.08192748091622196,-0.04712704192910551,-0.04826098946861555,0.1321822354145288,0.13223949870760257,-0.47454807249514736,1.1494762457643797,0.0
14.014014014014014,-0.4256051650438003,0.006182488865485718,1.1393003323897408,-0.0822681815214849,-0.047919547187916134,-0.03962526294053918,0.13161740574670863,0.13190831949555862,-0.47552825814757677,1.1469463130731183,0.0
14.034034034034034,-0.42566546080607387,-0.003014788113678911,1.1376347189756886,-0.08328067070261722,-0.04842292318760582,-0.025168799984493683,0.1310967325149811,0.1315437640152128,-0.4764896707586093,1.1443931758555672,0.0
14.054054054054054,-0.4259120702582794,-0.012330472610274501,1.1359356093508979,-0.0849554812395367,-0.04871895431327373,-0.014801556283405796,0.13054248566313553,0.13119264543445525,-0.4774322723733215,1.141817237281689,0.0
14.074074074074074,-0.4263462545434763,-0.021709214259846107,1.134189512103416,-0.08730486237409099,-0.04874562530460801,-0.001333549566727009,0.13004190384122785,0.1308493050271179,-0.47835602577941516,1.139218904122047,0.0
14.094094094094094,-0.4269683989981286,-0.031107222732616447,1.1323838837848168,-0.09028141592996322,-0.04870993092968937,0.0017847187459125776,0.12948752690791385,0.13058327073301004,-0.479260894508688,1.1365985866835673,0.0
14.114114114114114,-0.4277779491514588,-0.04047750766650856,1.1305065795703262,-0.09386521072452693,-0.04852266116784989,0.009363488091948813,0.1290309736543658,0.13036000871727255,-0.4801468428384715,1.1339566987447494,0.0
14.134134134134134,-0.4287742156553556,-0.04981332519484083,1.1285475467669035,-0.09795164017112995,-0.04813029462840145,0.019618326972386763,0.12861774260910191,0.13014156252433848,-0.48101383579304297,1.1312936574903238,0.0
14.154154154154154,-0.42995597510349265,-0.059087972406852714,1.1264974731804895,-0.10250367932070309,-0.047485875509333995,0.03222095595332596,0.12825354761938357,0.1299327833740803,-0.4818618391450048,1.1286098834453768,0.0
14.174174174174174,-0.43132118860147084,-0.06826067489891056,1.1243479527961404,-0.10747601921745793,-0.04674167691672692,0.037209929630291405,0.12785364150440595,0.12977940744769123,-0.482690819416637,1.1259058004089402,0.0
14.194194194194194,-0.43286700483477103,-0.07729081166500985,1.1220909158794983,-0.11285184583210833,-0.0456984365883799,0.052162016417270654,0.12761796770253453,0.12965320704493147,-0.4835007438812175,1.123181835387073,0.0
14.214214214214214,-0.43459026243491317,-0.08616288000710634,1.1197211409612564,-0.11848874591209764,-0.04442530953660374,0.06365635258870611,0.12738293228332973,0.12955598676198143,-0.4842915805643156,1.1204384185254286,0.0
14.234234234234235,-0.4364867129651924,-0.094822526513964,1.1172338945897995,-0.12436231857284331,-0.0429204930083329,0.07524082641341714,0.12722374323665075,0.1295185313956798,-0.4850632982450529,1.1176759830413332,0.0
14.254254254254255,-0.4385513216731994,-0.10323043540034876,1.1146264846920932,-0.1303704948853117,-0.041221435349445605,0.08495288294421227,0.12711366073183122,0.12953905913538588,-0.48581586645733693,1.1148949651553721,0.0
14.274274274274275,-0.44077824423135403,-0.1113461279077314,1.1118978356440063,-0.1364324524043502,-0.03936847610024756,0.09264796245972054,0.12705159733748847,0.12961993787303233,-0.4865492554910633,1.112095804022508,0.0
14.294294294294295,-0.44316099727685154,-0.1191376522748752,1.1090484976638773,-0.1424668990064547,-0.0373293154223184,0.10195803389624306,0.1270768950414122,0.1297529035769316,-0.4872634363932886,1.1092789416627329,0.0
14.314314314314315,-0.4456925752672967,-0.12657889952225773,1.106081097417604,-0.14837001231366378,-0.03513620979800135,0.10965528121560217,0.12714364078292545,0.1299319897224622,-0.4879583809693737,1.106444822891268,0.0
14.334334334334335,-0.4483653171195427,-0.13363709261229756,1.102999571789302,-0.15407628141510446,-0.03278769262584008,0.11742585860777474,0.12727535808726537,0.13015889853801293,-0.4886340617840967,1.103593895248321,0.0
14.354354354354355,-0.45117098468409034,-0.14028337822738265,1.0998095330473008,-0.1595019371000548,-0.030367261089852493,0.12102157679905114,0.12740626693152748,0.13042420483679285,-0.489290452162736,1.100726608928416,0.0
14.374374374374375,-0.4541008350443135,-0.14649251801115729,1.0965171520249741,-0.1646190511163322,-0.02772622829483294,0.13205163975060985,0.12769249305985714,0.13073117440200885,-0.48992752619212343,1.0978434167093007,0.0
14.394394394394395,-0.4571458109009628,-0.15224879283246645,1.0931315046511083,-0.16928236869329064,-0.025017782450195696,0.13542229223145338,0.12792386145422768,0.1310619973397534,-0.4905452587216671,1.09494477388045,0.0
14.414414414414415,-0.4602960501698061,-0.15751196344216623,1.0896612101408385,-0.17351472551349262,-0.022125668658949847,0.14460568956184383,0.12829231032975955,0.13143569691838553,-0.49114362536434436,1.0920311381711696,0.0
14.434434434434435,-0.46354137586061633,-0.16226628454051098,1.0861175338672961,-0.17718381367712108,-0.019172384014546517,0.14766423221967961,0.12861807635210995,0.13182442004288958,-0.4917226024976648,1.0891029696783128,0.0
14.454454454454455,-0.4668708943469737,-0.16647592431786798,1.0825113205538555,-0.1803106656720342,-0.016104953769729095,0.15337151224034856,0.12902235805107914,0.13223811086392814,-0.4922821672646027,1.0861607307936292,0.0
14.474474474474475,-0.4702734532771454,-0.17012794650858643,1.0788549213631393,-0.18281995953580266,-0.012891281012612447,0.16068363785527764,0.12948830208153456,0.1326682521053963,-0.49282229757449897,1.0832048861307468,0.0
14.494494494494495,-0.4737373814975932,-0.17319641102238933,1.0751618193162729,-0.18465510234331803,-0.009581416239371383,0.16549323866147161,0.12996161358343847,0.13311261915764971,-0.4933429721039341,1.0802359024518022,0.0
14.514514514514515,-0.47725035099574,-0.17564847490733976,1.0714457894698737,-0.18580149231995907,-0.0062384912804174415,0.16714624794709346,0.13041508961449813,0.13355540719821202,-0.49384417029756883,1.0772542485937369,0.0
14.534534534534535,-0.48079960938302035,-0.177462919364018,1.0677202541448485,-0.18627676625125705,-0.0028223192659711975,0.17080860072169363,0.13090922373653377,0.13399009578982876,-0.494325872368957,1.074260395394259,0.0
14.554554554554555,-0.4843721656163414,-0.1786278116660522,1.0639990768163385,-0.18605886642549846,0.0006193514191877006,0.17208353425731843,0.13137969890729176,0.1344080770517512,-0.49478805930132547,1.0712548156174941,0.0
14.574574574574575,-0.487954660846681,-0.17912476151697926,1.0602954804862779,-0.1851798165030309,0.0040743705107324744,0.17275095457661235,0.13184156195367103,0.13480279433275308,-0.4952307128483256,1.0682379838793314,0.0
14.594594594594595,-0.49153355855298597,-0.17894488531524902,1.0566221701583587,-0.18366551639596349,0.007544919749611537,0.1735274619433354,0.13229940367801615,0.13516886131096337,-0.4956538155347533,1.0652103765724743,0.0
14.614614614614615,-0.49509516085395594,-0.17808011504849855,1.0529913197554652,-0.18154252014467678,0.010965982288264384,0.17105312693204233,0.13269812452750837,0.1354961985423021,-0.4960573506572389,1.0621724717912138,0.0
14.634634634634635,-0.49862564481930405,-0.17652419826740517,1.0494136054935486,-0.17888571309583698,0.014308843611567156,0.16714306616456498,0.13304440739072385,0.1357712001864688,-0.49644130228490685,1.059124749255931,0.0
14.654654654654655,-0.5021113752509467,-0.1742865215821364,1.045898105229095,-0.17577501322267836,0.017641489212408372,0.1666322800415234,0.13340853861166327,0.13599960868079783,-0.4968056552600042,1.0560676902373454,0.0
14.674674674674675,-0.5055388974115154,-0.17137610802843414,1.0424534281949542,-0.17223385170703778,0.020827559865752694,0.1593035326667237,0.1336541288858796,0.13617937507873748,-0.49715039519849946,1.0530017774805136,0.0
14.694694694694695,-0.5088948535080848,-0.16779780482847426,1.039085662508563,-0.1683882843195645,0.023928317933952246,0.15503790340953977,0.1338882607626507,0.1362929133307166,-0.4974755084906501,1.0499274951286017,0.0
14.714714714714715,-0.5121664532501814,-0.163579987104828,1.0357997127575407,-0.16429748755110957,0.02695637346322963,0.15140277646349365,0.13410223752662967,0.13635974736341155,-0.49778098230154,1.046845328646431,0.0
14.734734734734735,-0.5153412214250607,-0.15873840874396472,1.0325994601936652,-0.16001262819376924,0.029865380505510183,0.14545035211372298,0.13425775792096659,0.1363811251082221,-0.49806680457158625,1.043755764743819,0.0
14.754754754754755,-0.5184069866898962,-0.15328826324177455,1.0294872159207946,-0.15561221364352784,0.03261034949230761,0.1372484493396445,0.13433745424436558,0.13634250940171916,-0.49833296401701493,1.0406592912987211,0.0
14.774774774774775,-0.521352136324982,-0.14725748175429068,1.0264632569419394,-0.15119794894276475,0.035229918609086336,0.13097845583879392,0.13439120595545792,0.13624036597072964,-0.49857945013030697,1.0375563972801893,0.0
14.794794794794795,-0.5241657387066775,-0.14068011908477662,1.023526522928262,-0.1468367006838677,0.03769780215804435,0.12339417744784793,0.13439520670878594,0.13609276237194068,-0.4988062531806126,1.0344475726711593,0.0
14.814814814814815,-0.5268374260172302,-0.13358436552763214,1.0206745315627814,-0.14259956827402623,0.040003957406886316,0.11530776244213883,0.1343528397547331,0.13589460152901434,-0.4990133642141358,1.031333308391076,0.0
14.834834834834835,-0.5293575352494875,-0.126005461612864,1.0179033614776365,-0.1385585042572454,0.042196270861246346,0.10961567271813946,0.1343039456149349,0.13564734070036918,-0.4992007750544875,1.0282140962183706,0.0
14.854854854854855,-0.5317170273015245,-0.11797460260185144,1.0152082700792542,-0.13475456991912074,0.04414234978195136,0.09730394603548827,0.1341539530211999,0.1353767071277363,-0.49936847830300873,1.025090428712804,0.0
14.874874874874875,-0.5339075092827803,-0.10952409906279044,1.0125826711649306,-0.13127994571617765,0.04595379427884449,0.09057222484499532,0.1340083154236125,0.13503253152973899,-0.49951646733906235,1.0219627991376858,0.0
14.894894894894895,-0.5359216143973663,-0.10070525572929706,1.0100189799563792,-0.12818456042756565,0.04762410889118524,0.08351573061747875,0.13385192737853552,0.13467240017915424,-0.49964473632029466,1.018831701381983,0.0
14.914914914914915,-0.5377525404485145,-0.09154630255740785,1.00750922725394,-0.1254876351219526,0.04910764613590567,0.0741768622365667,0.13365498155835595,0.13429461373800422,-0.4997532801828658,1.0156976298823284,0.0
14.934934934934935,-0.5393941396211519,-0.08207995863186988,1.0050445973724416,-0.12323149407492874,0.05042564740481905,0.06590006344631702,0.13344054422106033,0.1338808891728661,-0.49984209464164997,1.0125610795449427,0.0
14.954954954954955,-0.540841014293366,-0.07234373361070301,1.0026155107088084,-0.12145433318166146,0.051474143680405496,0.05242481378007452,0.13316100523441282,0.13346849000045802,-0.4999111761904045,1.0094225456674837,0.0
14.974974974974975,-0.5420885129146067,-0.06237493106203424,1.0002114696974438,-0.12020205056823262,0.052235360599429966,0.038060845952078634,0.13283550538870267,0.13302725866666912,-0.49996052210190806,1.0062825238608346,0.0
14.994994994994995,-0.543133261828474,-0.05223744569336663,0.9978209194785661,-0.1195275109438856,0.05296166531461275,0.03631523576010075,0.13260405416680693,0.13251557469174738,-0.49999013042806856,1.003141509970838,0.0
15.015015015015015,-0.5439728726771156,-0.041980542432081096,0.9954327102563938,-0.11941046110861712,0.05348898462120392,0.026365965330628686,0.13236425178429634,0.13209608169545864,-0.5,1.0,0.0
15.035035035035035,-0.5446050542808443,-0.031609080186435656,0.9930369384082718,-0.11978859240609802,0.05375167702623733,0.013134620252851406,0.1320863873227084,0.13168572176148102,-0.49999013042806856,0.9968584900291622,0.0
15.055055055055055,-0.5450284315739842,-0.021168864656996397,0.9906233126877364,-0.12068128602677186,0.05391754044220093,0.008293170799479107,0.13186056085122316,0.1312218279551866,-0.49996052210190806,0.9937174761391657,0.0
15.075075075075075,-0.5452425412732516,-0.010705484963367746,0.98818157475767,-0.12208689650332166,0.05382003008817553,-0.004875517699847691,0.1316232999390046,0.13085662472589984,-0.4999111761904045,0.9905774543325166,0.0
15.095095095095095,-0.5452473007684463,-0.00023797475973808858,0.9857027774088845,-0.12393986743927901,0.053512277491919676,-0.015387629811240564,0.13139682053234056,0.1304769833267807,-0.49984209464164997,0.9874389204550575,0.0
15.115115115115115,-0.5450436449001762,0.010182793413502823,0.9831779744918129,-0.12624014585358,0.05300982921250804,-0.025122413968888365,0.13120431411706512,0.1301288624858863,-0.4997532801828658,0.9843023701176719,0.0
15.135135135135135,-0.5446332538125318,0.020519554382222728,0.980599232223118,-0.12893711343474445,0.0522996489182226,-0.035509014712425846,0.13104150570134065,0.12982749347278846,-0.4996447363202946,0.9811682986180168,0.0
15.155155155155155,-0.5440185432090656,0.030735530173310044,0.9779597871184866,-0.13197225523156425,0.05147497177262168,-0.04123385727803197,0.13093194945586023,0.12952631655683478,-0.49951646733906235,0.9780372008623144,0.0
15.175175175175175,-0.5432026009379437,0.040797113556096665,0.975253707014388,-0.13530400520493313,0.05043471214409666,-0.0520129814240535,0.13084922149449385,0.12932490465373253,-0.49936847830300873,0.9749095712871961,0.0
15.195195195195195,-0.5421889011886056,0.05068498746690114,0.9724769530452291,-0.13883769845794164,0.04923140936721851,-0.060165138841511076,0.13080055276017238,0.12913508419146008,-0.4992007750544875,0.9717859037816297,0.0
15.215215215215215,-0.5409817340821702,0.060358355321773416,0.9696262007509792,-0.1425376147124983,0.047950931623851015,-0.064023887165755,0.13080706320633065,0.12895231289987555,-0.4990133642141358,0.9686666916089237,0.0
15.235235235235235,-0.5395858528237663,0.06979406292019896,0.9666990728444199,-0.14635639532796368,0.04643192198821545,-0.0759504817789195,0.13083474534325953,0.12890511134034704,-0.4988062531806126,0.9655524273288405,0.0
15.255255255255255,-0.5380062634510139,0.0789794686376182,0.9636955198271613,-0.1501776508629329,0.04474186660179655,-0.08450276931782574,0.130893181803458,0.12886134752099218,-0.49857945013030697,0.962443602719811,0.0
15.275275275275275,-0.5362488924453006,0.08786855028566518,0.9606160345757562,-0.15397426257025643,0.04297675472529336,-0.08825559382175588,0.1310047203535241,0.1288199602212079,-0.49833296401701493,0.9593407087012791,0.0
15.295295295295295,-0.5343202459627293,0.09643232412856288,0.9574619517085574,-0.15770414335993582,0.041112483223393045,-0.09321357509130197,0.13115220278763562,0.12883903284797138,-0.4980668045715862,0.9562442352561807,0.0
15.315315315315315,-0.532227044076321,0.10466009432041093,0.9542360343301682,-0.16129586891945807,0.03911155012809856,-0.10004665476067996,0.1313231765212983,0.12891815040177554,-0.49778098230154,0.9531546713535688,0.0
15.335335335335335,-0.5299763544252973,0.11253448255118506,0.9509422861848721,-0.16468740726480838,0.03697863647120766,-0.10664568284014996,0.13152199066314946,0.12903704592128468,-0.4974755084906501,0.9500725048713984,0.0
15.355355355355355,-0.5275757533472776,0.1200300539009857,0.9475857198420766,-0.16782831713977497,0.03473923838878226,-0.11196990411650319,0.13175123508229403,0.12918500096494634,-0.49715039519849946,0.9469982225194866,0.0
15.375375375375375,-0.5250333395059245,0.1271206920676584,0.9441722327840156,-0.17067435290304936,0.03246401873430619,-0.11376098271864203,0.13200618086991303,0.12932560436268592,-0.4968056552600042,0.9439323097626547,0.0
15.395395395395395,-0.5223575252179185,0.13379071440029805,0.9407079918233212,-0.1732120480347204,0.029989638820999375,-0.12371899565977656,0.1322799931289385,0.1296071462997459,-0.4964413022849068,0.9408752507440686,0.0
15.415415415415415,-0.5195568686556256,0.14003282811464204,0.9372015160253175,-0.1753237899001835,0.027354146214848697,-0.13177463030155873,0.13257935848166782,0.12991339485553563,-0.49605735065723894,0.9378275282087863,0.0
15.435435435435435,-0.5166407432525159,0.14580627015548436,0.9336620731461641,-0.1769721439576727,0.02464066883772134,-0.13567386884997207,0.1329070878411331,0.13021485897333088,-0.4956538155347533,0.9347896234275259,0.0
15.455455455455455,-0.5136191684728789,0.1510787389818486,0.9300992748972893,-0.17813991244374286,0.021874042316414998,-0.13833132605849455,0.13324541373306226,0.13052838565479402,-0.4952307128483256,0.9317620161206687,0.0
15.475475475475475,-0.5105024957571621,0.15583363578584133,0.9265230503765804,-0.1788112260354408,0.019054280750546455,-0.1409880782861726,0.13358400962964687,0.13085975295138597,-0.4947880593013255,0.9287451843825061,0.0
15.495495495495495,-0.507301308129232,0.16005938139650547,0.9229435740100447,-0.17897381832679024,0.016152670248848845,-0.1450805250771987,0.13392261217588813,0.13122940804067054,-0.494325872368957,0.9257396046057411,0.0
15.515515515515515,-0.5040264670573249,0.16374205359535357,0.9193715626491635,-0.17860056804405858,0.013215791079173178,-0.14684395847567866,0.13425963497674032,0.13158770676671808,-0.4938441702975689,0.9227457514062632,0.0
15.535535535535535,-0.5006892253969158,0.1668620830204519,0.9158175166445386,-0.17770230023124986,0.010293180765327077,-0.14613051568378108,0.13458339304381078,0.13191820531767232,-0.4933429721039341,0.9197640975481979,0.0
15.555555555555555,-0.4973009996702923,0.16941128633117702,0.9122912976843125,-0.17631094801130492,0.007344873879445756,-0.14741534428513464,0.13488662385630157,0.13227181634988347,-0.492822297574499,0.9167951138692534,0.0
15.575575575575575,-0.4938732051624011,0.17138972539455974,0.9088027718747456,-0.1744262904783441,0.004363089280817044,-0.14908922992211374,0.1351751139872811,0.13263634661194046,-0.4922821672646027,0.9138392692063709,0.0
15.595595595595595,-0.4904174548833152,0.1727875139542938,0.9053617162399262,-0.17205278174096844,0.0014278011647152308,-0.1467644057953918,0.13544304138463653,0.13294727217496702,-0.49172260249766486,0.9108970303216873,0.0
15.615615615615615,-0.486945498909396,0.17359779869596012,0.9019767755525188,-0.16924703437037197,-0.0015091218084298701,-0.14684614864720041,0.13567719505551046,0.13327344109334477,-0.49114362536434436,0.9079688618288306,0.0
15.635635635635635,-0.48346899841367363,0.17382502478611758,0.8986562846725851,-0.1660245439966841,-0.0043781789779935585,-0.1434528584677922,0.13588193992794145,0.1335430723183458,-0.49054525872166704,0.9050552261195497,0.0
15.655655655655655,-0.47999965719543825,0.17346706091176917,0.8954072709103491,-0.1624506881118003,-0.007150105455454572,-0.1385963238623387,0.13604147063138042,0.13376260915194518,-0.4899275261921235,0.9021565832906995,0.0
15.675675675675675,-0.4765488958410074,0.17253806772154137,0.8922353163173468,-0.1585977296501159,-0.009880261369487603,-0.13650779569064408,0.1361553640409967,0.13398754486683434,-0.48929045216273603,0.8992733910715842,0.0
15.695695695695695,-0.4731277999107843,0.17105479651115654,0.8891453765916337,-0.1544969862856529,-0.012537703375574366,-0.13287210029305957,0.13623952973333017,0.13417921426138318,-0.48863406178409674,0.896406104751679,0.0
15.715715715715715,-0.4697472716409525,0.16902641349159145,0.8861414449403037,-0.15019658256650462,-0.015152677484441726,-0.13074870543184597,0.1362854614050039,0.1343687570827681,-0.48795838096937366,0.8935551771087317,0.0
15.735735735735735,-0.46641801794076004,0.16646268500962302,0.8832268902690436,-0.1457277335630048,-0.017585945172342157,-0.12166338438327244,0.13629880079738005,0.13444817556324215,-0.48726343639328856,0.8907210583372668,0.0
15.755755755755755,-0.46315047520472313,0.16337713680184593,0.8804029414453238,-0.14119744118598584,-0.019907238954716334,-0.11606468910675476,0.1362420686282596,0.13451175329037882,-0.4865492554910633,0.8879041959774921,0.0
15.775775775775776,-0.45995433791081786,0.15980686469526492,0.8776695401118628,-0.13667006667305134,-0.022137454845608025,-0.11151079453244908,0.13614953199722185,0.13456557929228896,-0.485815866457337,0.885105034844628,0.0
15.795795795795796,-0.4568388851335462,0.1557726388635832,0.8750259383503833,-0.13218008807397164,-0.024196193640821335,-0.10293693974836664,0.13603085929338582,0.13455113836020413,-0.48506329824505284,0.8823240169586666,0.0
15.815815815815816,-0.4538129322851515,0.151297642419735,0.8724699765699134,-0.127798089023498,-0.026145226236146703,-0.09745162975382514,0.13585748272665418,0.13453042863897446,-0.48429158056431554,0.8795615814745711,0.0
15.835835835835836,-0.4508846001119015,0.1464166086625011,0.869998589087837,-0.12356937410381916,-0.027967454615873466,-0.09111141897377141,0.13566179537848708,0.13448629581687538,-0.48350074388121755,0.8768181646129272,0.0
15.855855855855856,-0.44806152287880247,0.1411538616549529,0.8676080277317153,-0.11952806780608441,-0.029675390203103082,-0.08539677934880922,0.13543454241420289,0.13442787911263607,-0.482690819416637,0.87409419959106,0.0
15.875875875875876,-0.44535078801731715,0.1355367430742654,0.8652938647179544,-0.11570815068804384,-0.03127818940850685,-0.0801399602574332,0.13518134508467458,0.13435909371203147,-0.48186183914500486,0.8713901165546234,0.0
15.895895895895896,-0.44275900912653593,0.1295889445390605,0.8630511352592951,-0.11213647293296465,-0.03274805219253193,-0.07349313918843464,0.1349090213900227,0.13426172686686524,-0.4810138357930429,0.8687063425096759,0.0
15.915915915915916,-0.44029237524775805,0.12333169393889307,0.8608741701078151,-0.1088482575740008,-0.03400863242461739,-0.06302901159139819,0.13461924468020872,0.13410141372793463,-0.48014684283847153,0.8660433012552509,0.0
15.935935935935936,-0.43795646501055807,0.11679551185999938,0.8587561172314956,-0.10590264381597597,-0.035060191987120654,-0.05257797811224023,0.1342901490266525,0.1339016467655586,-0.47926089450868803,0.8634014133164329,0.0
15.955955955955956,-0.43575594434696074,0.11002603317986756,0.8566889786833864,-0.10335692740545784,-0.03593875231942767,-0.04392801660239061,0.13393384680855408,0.1336978751759192,-0.4783560257794152,0.8607810958779529,0.0
15.975975975975976,-0.4336946216440105,0.103066135147511,0.854664317914398,-0.10123303844941937,-0.03664958466897442,-0.035541617464352165,0.13357525633055603,0.13349581967864504,-0.47743227237332153,0.858182762718311,0.0
15.995995995995996,-0.4317756083409477,0.09595066515314132,0.852673710788081,-0.09953035631585103,-0.03718589903943001,-0.02681571850977998,0.13322053073112494,0.1332928709986888,-0.4764896707586094,0.855606824144433,0.0
16.016016016016017,-0.4300013121484586,0.08871480962445324,0.8507087989568494,-0.09824559156158029,-0.037591596793676345,-0.020284887699321155,0.1328576567816459,0.13311015763124776,-0.4755282581475768,0.8530536869268818,0.0
16.036036036036037,-0.4283734782209493,0.08139169637546693,0.8487614270757916,-0.09736859405288739,-0.0378383204174096,-0.012336181173689417,0.13251942075989506,0.13293377846753887,-0.4745480724951474,0.8505237542356205,0.0
16.056056056056057,-0.4268933758442093,0.07400511883700098,0.8468239168483,-0.09687551137457877,-0.03786462187410416,-0.0013150728217870122,0.13220938600467644,0.1327415543795419,-0.47354915249737217,0.8480174255763486,0.0
16.076076076076077,-0.4255615873156248,0.0665894264292227,0.8448887961434622,-0.09675603524189075,-0.037748795466522114,0.005791320391987602,0.13187813980614108,0.13257338229762405,-0.4725315375899025,0.8455350967274166,0.0
16.096096096096097,-0.4243778825361774,0.05918523897237134,0.8429486675684387,-0.09700642875117904,-0.037446383730607415,0.015120586808544684,0.1315952341552636,0.13242023393285324,-0.4714952679464322,0.8430771596773249,0.0
16.116116116116117,-0.4233415224532191,0.051818004147916194,0.8409970928179097,-0.09757873752644748,-0.0369206705922098,0.0262856569325975,0.13134785817892505,0.13226994121299918,-0.47044038447711267,0.8406440025628273,0.0
16.136136136136138,-0.42245101728464607,0.044525258428650315,0.8390282290951188,-0.09844318613954436,-0.0362344477938253,0.03431113993182097,0.13110139376925914,0.13215150506950496,-0.46936692882693704,0.8382360096076389,0.0
16.156156156156158,-0.4217040299811631,0.03734936517415067,0.837036750475645,-0.09957393097368743,-0.03542274018316724,0.04058538054534432,0.13088271691294273,0.13207666937135754,-0.4682749433740962,0.835853561061761,0.0
16.176176176176178,-0.4210976506230322,0.03031896790654114,0.8350184093502064,-0.10091705627192757,-0.03449450986625351,0.04641151585793074,0.13069946391991782,0.1320371216415535,-0.467164471228306,0.833497033141437,0.0
16.196196196196198,-0.42062851360156817,0.023456851073202112,0.8329700203096603,-0.1024194520273063,-0.033475412705458354,0.05095485805175696,0.13053806832240566,0.1320305171236244,-0.46603555622910553,0.8311667979697439,0.0
16.216216216216218,-0.42029291860780477,0.016779749688170083,0.8308892222250973,-0.10403990422814852,-0.032245065402280386,0.061517365170610454,0.13047115884552896,0.13203112074361106,-0.4648882429441258,0.828863223517828,0.0
16.236236236236238,-0.42008679522213804,0.010306169283335236,0.8287751680348044,-0.10570270951464597,-0.030868211759705083,0.06884268214014724,0.13039815700820345,0.1320537314620079,-0.46372257666733085,0.826586673546799,0.0
16.256256256256258,-0.42000524150548924,0.004077685832441775,0.826627268790672,-0.10739496220662041,-0.029418568212856225,0.07248217735343546,0.1303316037054351,0.13212094514750977,-0.46253860341722897,0.8243375075502876,0.0
16.276276276276278,-0.42004287231177767,-0.0018815403144209998,0.8244457031803032,-0.10907828051844319,-0.02784113970741525,0.0788714252825968,0.13033500854560823,0.13221344717134823,-0.4613363699350574,0.8221160806976786,0.0
16.296296296296298,-0.4201940410591946,-0.007558437370848088,0.8222320613083132,-0.1106820935994997,-0.026147787632690024,0.08466760374630616,0.13036211040889323,0.13232517370773267,-0.4601159236829351,0.8199227437780231,0.0
16.316316316316318,-0.4204526190014691,-0.012928897113724176,0.819988574731318,-0.1121743288497571,-0.024351035637702124,0.08983759975887791,0.1304186085222567,0.13246216053787332,-0.4588773128419905,0.8177578431446471,0.0
16.336336336336338,-0.42081203634455994,-0.01797086715454352,0.8177182867837872,-0.1135143973765382,-0.022472918152358936,0.093905874276019,0.13049625283833846,0.13262259074230934,-0.4576205863104588,0.8156217206604566,0.0
16.356356356356358,-0.4212653603166818,-0.02266619860609553,0.8154249001140579,-0.11466933348646664,-0.020479772148573043,0.09965730019747004,0.13062629763784972,0.13280047736162695,-0.45634579370175155,0.8135147136439547,0.0
16.376376376376378,-0.42180536136738744,-0.02700005253527993,0.8131131469007643,-0.11558766066467846,-0.018349415499037854,0.10651783248419579,0.13080244770368812,0.1329935340772663,-0.4550529853424979,0.8114371548159741,0.0
16.396396396396398,-0.42242433246663746,-0.030948554962500704,0.8107886627676295,-0.11622420665674014,-0.016130187418407667,0.11096140403814946,0.13098481484744653,0.13320698331688308,-0.45374221227055855,0.8093893722471381,0.0
16.416416416416418,-0.4231139895689741,-0.0344828551168316,0.8084574723022955,-0.1165595232667038,-0.01389814972132106,0.11160188486010504,0.1311494889408244,0.13343859359731605,-0.45241352623300995,0.807371689306053,0.0
16.436436436436438,-0.4238657518192055,-0.03758811251157025,0.8061255953573003,-0.11659384724975982,-0.011580472864315943,0.11588384285509648,0.13137930755200075,0.13367471990914606,-0.4510669796841013,0.805384424608244,0.0
16.456456456456458,-0.4246709439067258,-0.04025960437601495,0.8038000655106298,-0.11627649233352559,-0.009202894286372477,0.1188789289010074,0.13161167469083623,0.13391330373334545,-0.4497026257831855,0.8034278919658453,0.0
16.476476476476478,-0.4255205298298039,-0.04247929615390373,0.8014879752815693,-0.11560451145302367,-0.006781134987230008,0.1210879649598662,0.13185482255258904,0.1341568643449822,-0.448320518392618,0.8015024003380413,0.0
16.496496496496498,-0.4264051935390183,-0.04423318546072196,0.7991966320490909,-0.11456716162392624,-0.004356414013784726,0.12123604867381378,0.13208426597874456,0.13439867419080143,-0.44692071207563183,0.7996082537822808,0.0
16.516516516516518,-0.4273154148813129,-0.045511067114730165,0.796933093457144,-0.11317692959733948,-0.0019503538216703849,0.1203030096059481,0.1323035742276866,0.13463152576208937,-0.445503262094184,0.7977457514062631,0.0
16.536536536536538,-0.42824168858277195,-0.04631368507295099,0.794704111413219,-0.11144910219625544,0.0005114857413560846,0.12309197815008553,0.13257278620787888,0.1348508607342875,-0.4440682244067724,0.7959151873207042,0.0
16.556556556556558,-0.42917445991712494,-0.046638566717649384,0.792516953640538,-0.10935788863404902,0.002911645373922639,0.12000798162543161,0.13277251469182474,0.135061910894605,-0.4426156556662276,0.7941168505928932,0.0
16.576576576576578,-0.4301040248870333,-0.046478248495418435,0.7903777127647675,-0.10696204378852199,0.005344617562005249,0.12164860939934112,0.13302806745408596,0.1352538921520557,-0.44114561321747675,0.7923510252010469,0.0
16.596596596596598,-0.4310208217161583,-0.04583984145624822,0.7882930025911111,-0.10423550868282329,0.007735663001758889,0.11955227198070847,0.1332369754287691,0.13543189999748706,-0.4396581550952781,0.7906179899894645,0.0
16.616616616616618,-0.43191520138171574,-0.04471898327787106,0.7862685152051626,-0.10122436929742601,0.010143150923523468,0.12037439607871826,0.13347807571338166,0.1355892568429396,-0.4381533400219317,0.7889180186244961,0.0
16.636636636636638,-0.4327776064247875,-0.04312025215359026,0.7843100912566421,-0.09792119742602785,0.012512179033030854,0.11845140546289218,0.1336830356307401,0.13572985719820538,-0.4366312274049601,0.787251379551327,0.0
16.656656656656658,-0.43359837951884017,-0.04103865470263248,0.7824227641061178,-0.0943663575262156,0.014781798629419462,0.11348097980345506,0.13383494342417682,0.13584506179610326,-0.4350918773347629,0.785618335951587,0.0
16.676676676676678,-0.43436808774505503,-0.03848541131074391,0.7806103835579425,-0.09061902740875907,0.01703470461199887,0.11264529910888788,0.13401474025437174,0.13592214455125465,-0.43353535058224496,0.7840191457017911,0.0
16.696696696696698,-0.4350776307086575,-0.03547714818012507,0.7788766310766483,-0.08668762406471309,0.01922670832460996,0.10960018560565216,0.13416023713542347,0.13597898022331298,-0.4319617085964177,0.7824540613326186,0.0
16.716716716716718,-0.43571797915330296,-0.032017422232271296,0.7772243604270406,-0.08261353248038482,0.021335737217544674,0.10545144461618933,0.13427556337001625,0.13600800667335763,-0.430371013501972,0.7809233299890341,0.0
16.736736736736738,-0.4362803377123138,-0.02811792795054009,0.7756555507286151,-0.07844048492127036,0.02332125711477352,0.09927599482428857,0.13434251631845068,0.13600541093011073,-0.4287633280968264,0.7794271933912619,0.0
16.756756756756758,-0.4367563094786402,-0.02379858831632168,0.7741709839417826,-0.07422833934162584,0.025230410071038295,0.09545764776844502,0.13440954074190803,0.1359630924984937,-0.42713871584964747,0.7779658877966138,0.0
16.776776776776778,-0.43713801847819944,-0.01908544997796302,0.7727708484332665,-0.07000677542580878,0.027102174925984015,0.09358824269379887,0.13448730487349012,0.13589366406311829,-0.4254972408973459,0.7765396439621841,0.0
16.796796796796798,-0.4374178647802049,-0.013992315100272847,0.7714550820328419,-0.06578832002123289,0.02889277131702741,0.08952981948885763,0.13453488895621377,0.13580976500412126,-0.42383896804254145,0.7751486871084071,0.0
16.816816816816818,-0.4375883787679522,-0.008525699387364926,0.7702229507758319,-0.06160656285049836,0.030515224557367885,0.08112266194257418,0.13451257954439266,0.13570489111314768,-0.4221639627510075,0.7737932368834951,0.0
16.836836836836838,-0.43764257111284116,-0.0027096172444470174,0.769072370493139,-0.05752901413464646,0.032090994427704335,0.07878849343016585,0.1345218698680024,0.13554523789019932,-0.42047229114908463,0.7724735073287511,0.0
16.856856856856858,-0.43757405982948383,0.003425564167865767,0.7680009217230447,-0.053572438504715506,0.033549047656867614,0.07290266135816127,0.13449083523463617,0.13538121908930867,-0.41876402002107105,0.7711897068447707,0.0
16.876876876876878,-0.43737669964053044,0.009868009447670597,0.7670055189500716,-0.04977013864865295,0.03487844712435221,0.0664699732598275,0.13443255292909023,0.13519087872373448,-0.4170392168065856,0.7699420381585325,0.0
16.896896896896898,-0.4370448157167459,0.016594196189226987,0.7660822896597509,-0.04616146451603582,0.03601595439069176,0.056875363187016366,0.13432135795380257,0.13498573149825382,-0.41529794959790645,0.7687306982913855,0.0
16.916916916916918,-0.4365733693405719,0.023572318808700147,0.7652263685055223,-0.042796057711430226,0.03704239618021284,0.051322089329879084,0.1342221828922968,0.1347380584974476,-0.4135402871372812,0.7675558785279373,0.0
16.936936936936938,-0.43595804616093253,0.030766158981966756,0.7644324594917136,-0.039695450690435355,0.03789300117663421,0.04253024965796633,0.13409069472875734,0.13449736053384814,-0.41176629881421356,0.766417764385847,0.0
16.956956956956958,-0.4351950624193137,0.03814918708094189,0.7636949031627405,-0.03687781644865321,0.03862736021531914,0.03671795175416171,0.13397163083752783,0.134229319558854,-0.40997605466272613,0.7653165355865315,0.0
16.976976976976978,-0.4342813525659026,0.04568549267055524,0.7630078419639741,-0.034353059938316416,0.03927317961319766,0.03229096969747881,0.13386825044091025,0.13395489778705139,-0.4081696253585921,0.7642523660267839,0.0
16.996996996996998,-0.433214270553039,0.05335410064318061,0.76236557139059,-0.032113528669205034,0.03977266776327677,0.024974407291932364,0.13374723011292916,0.13369754043582466,-0.4063470822165469,0.7632254237513139,0.0
17.017017017017018,-0.43199151527920676,0.06113776369161342,0.7617623903868727,-0.03015905018586687,0.04007473612397233,0.015103417808053885,0.13359996929656945,0.13344939483422202,-0.4045084971874738,0.7622358709262116,0.0
17.037037037037038,-0.4306114611495851,0.06900270648108199,0.7611923675152675,-0.028501143580255243,0.04027359983438363,0.009943185281473473,0.13348050410415446,0.13317030752639944,-0.40265394285556116,0.7612838638133393,0.0
17.057057057057058,-0.42907322703304185,0.07691170582716315,0.760649555335988,-0.02714060896397865,0.040353746220509225,0.004007319057740288,0.13337088376865844,0.13291056133349002,-0.4007834924354383,0.760369552745656,0.0
17.077077077077078,-0.4273763241353865,0.08484514488276809,0.7601284546376307,-0.02605503491786509,0.040306234276460746,-0.002375597456786416,0.13326680286409986,0.1326632882046009,-0.39889721976928566,0.7594930821034785,0.0
17.097097097097098,-0.4255207124737677,0.09278058308093985,0.7596238516703097,-0.02523014836604905,0.04011300559473817,-0.009661434342148806,0.13316570845390577,0.13243364166159963,-0.39699519932391764,0.7586545902916816,0.0
17.117117117117118,-0.42350686294522755,0.10069247642700904,0.759130858094688,-0.024649678781079442,0.03979760555624896,-0.015770002176883235,0.13308045374932093,0.1322083831766754,-0.39507750618784504,0.7578542097178421,0.0
17.137137137137138,-0.421335783076647,0.10855399342902705,0.7586449079796663,-0.02429750575108695,0.03934047126645333,-0.022856714732932663,0.13300476588346263,0.13200964239413937,-0.3931442160683094,0.7570920667713315,0.0
17.157157157157158,-0.4190088870437789,0.11634480164340263,0.7581619884497516,-0.02414597649573571,0.03866302371574859,-0.0338723777642907,0.13292314671271097,0.13186470972293823,-0.39119540528829416,0.7563682818033557,0.0
17.177177177177178,-0.41652823013400186,0.1240328454888524,0.757678816777167,-0.02415858362922827,0.03790420191188298,-0.03794109040048296,0.1328861059119619,0.1316831288245896,-0.38923115078351167,0.7556829691079516,0.0
17.197197197197198,-0.4138966358807684,0.13157971266167193,0.7571922601624496,-0.02432783073587279,0.03701054753036542,-0.04468271925412434,0.13286621249169955,0.13155863571880866,-0.38725153009936697,0.7550362369039383,0.0
17.217217217217218,-0.4111172512467841,0.13896923169921419,0.7567002949190552,-0.02459826216971847,0.036034893466838476,-0.04878270331706592,0.13287360469015566,0.13143394982491377,-0.3852566213878948,0.7544281873178279,0.0
17.237237237237238,-0.4081936706976356,0.14617902745742378,0.7562013156529332,-0.024948963306098842,0.034917383174001636,-0.055875514737663494,0.13289182797173285,0.13136614018479295,-0.38324650340467525,0.7538589163676988,0.0
17.25725725725726,-0.4051297956204292,0.1531937538603205,0.7556947277263317,-0.02532939633007696,0.03367184533245183,-0.06227689212087384,0.13292948617367875,0.13131926449007503,-0.3812212555057238,0.7533285139480329,0.0
17.27727727727728,-0.4019300521674462,0.15998717264915097,0.7551805498417891,-0.025708894227132045,0.03230156792420381,-0.06851387039619673,0.1329889893828337,0.13130288122864694,-0.3791809576443609,0.7528370638155215,0.0
17.2972972972973,-0.3985993402493748,0.16653559590356792,0.754659587639911,-0.026048110093902586,0.03081533304580669,-0.07431174383739549,0.13307024268601406,0.13131394491732526,-0.3771256903680517,0.7523846435758372,0.0
17.31731731731732,-0.3951430249409495,0.17281576542126525,0.7541333850156309,-0.02631013121401002,0.029224443463781398,-0.07954447894654647,0.13317257631318782,0.13135040856308963,-0.37505553481522974,0.7519713246713805,0.0
17.33733733733734,-0.39156694076847526,0.1788042086237118,0.7536041809289762,-0.026460204332735382,0.027590908006372688,-0.08167677263698066,0.13329886193828863,0.1313805852211503,-0.37297057271209116,0.7515971723699979,0.0
17.35735735735736,-0.38787733574524835,0.18448025116134426,0.7530744794799479,-0.026485072451417326,0.025959050308236354,-0.08159288458832044,0.13344064875136225,0.13140385930279705,-0.3708708863693698,0.7512622457546749,0.0
17.37737737737738,-0.3840805612467537,0.18983872492473203,0.7525469070219419,-0.026378622900298694,0.024256275842734973,-0.08513872286881871,0.13358102862546065,0.1314801734204545,-0.368756558679087,0.7509665977142068,0.0
17.3973973973974,-0.3801829594354181,0.19488009056678166,0.7520248441688838,-0.02610314265290466,0.022466511282762315,-0.08948822750424255,0.1337293208392561,0.13158673844812943,-0.3666276731112802,0.7507102749348465,0.0
17.41741741741742,-0.37619110715069254,0.19959261423627767,0.751512233337929,-0.02563054154773812,0.020532081618508044,-0.09672148263360249,0.13388814537225888,0.1317568496061544,-0.36448431371070544,0.750493317892932,0.0
17.43743743743744,-0.3721119886034692,0.2039559273611653,0.7510141107498957,-0.024906129401671997,0.01854898129403153,-0.09915501556331827,0.13407032701060248,0.13190408686243044,-0.3623265650935232,0.7503157608484956,0.0
17.45745745745746,-0.3679531553392488,0.20794166321102084,0.7505355193156938,-0.023929571710093307,0.016546946173929343,-0.1001017552685358,0.13425832625482712,0.13204945879419144,-0.3601545124439534,0.7501776318398526,0.0
17.47747747747748,-0.36372232728176035,0.2115414028744233,0.7500815497005263,-0.022698480758376497,0.014489174686334904,-0.1028885735759871,0.13444129828752627,0.13222600658671424,-0.3579682415109157,0.750078952679175,0.0
17.4974974974975,-0.3594273085945758,0.21475093435922726,0.7496576659926413,-0.02119418539425431,0.012362085298155566,-0.10635446854980926,0.1346256353854715,0.13242795763878418,-0.3557678386046426,0.7500197389490459,0.0
17.51751751751752,-0.3550761524573142,0.21755780686307852,0.7492697165275568,-0.019397473254226003,0.01018977822693169,-0.10861535266027629,0.13481380372844948,0.13263397017949694,-0.35355339059327384,0.75,0.0
17.53753753753754,-0.3506772168806178,0.2199467788348211,0.7489236535559792,-0.017303148578881527,0.008007969411089227,-0.10909043986477665,0.13499889292965145,0.13282809937141218,-0.3513249848994248,0.7500197389490459,0.0
17.55755755755756,-0.3462390471583547,0.2219084861131554,0.7486251918874436,-0.014923083426780111,0.005817307851482852,-0.1095330770440185,0.135171487086965,0.13302275469521704,-0.34908270949673637,0.750078952679175,0.0
17.57757757757758,-0.3417702413705519,0.22344028939014016,0.7483798508484016,-0.012267051952095664,0.0036131146634080483,-0.11020965847773952,0.13533118215277773,0.13322172922885225,-0.3468266529064027,0.7501776318398526,0.0
17.5975975975976,-0.3372794613590329,0.22453900057594922,0.7481930041400713,-0.009342335416519298,0.0014102637599504408,-0.11014254427748804,0.13547901221392494,0.13341362025146786,-0.34455690419367424,0.7503157608484956,0.0
17.61761761761762,-0.33277546491823784,0.22519982203975508,0.7480697259845438,-0.00616390777637293,-0.0007469524550328281,-0.1078608099051392,0.13561106208145832,0.1335736712909217,-0.34227355296434414,0.7504933178929322,0.0
17.63763763763764,-0.3282669469189352,0.22542589996513132,0.7480143658390972,-0.0027680072723303946,-0.0029435508198621414,-0.10982991747051309,0.13571529823409004,0.13377528849003179,-0.33997668936120956,0.7507102749348465,0.0
17.65765765765766,-0.3237625251294599,0.2252210894737651,0.748031457716429,0.000854593866591695,-0.00508504457976949,-0.10707468731805335,0.13581664776042615,0.13392774997405937,-0.33766640406051235,0.7509665977142068,0.0
17.67767767767768,-0.3192709504742076,0.22457873276261522,0.7481247455808842,0.004664393222759645,-0.007173704502238685,-0.1044329955597129,0.1358856934558997,0.13406062648467307,-0.33534278826835995,0.7512622457546749,0.0
17.6976976976977,-0.31480075151313963,0.2235099480533981,0.7482971864801758,0.008622044964582968,-0.009222399433394073,-0.10243474612610856,0.13592655486759686,0.13418571574698404,-0.3330059337171259,0.7515971723699979,0.0
17.71771771771772,-0.3103603057694829,0.2220222871828349,0.7485511876813611,0.012700060059262844,-0.01115320364259551,-0.09654021017716966,0.13594851883838852,0.13425115213760905,-0.33065593266182614,0.7519713246713805,0.0
17.73773773773774,-0.3059577778890267,0.22012639402280973,0.7488879767411603,0.01683945298995881,-0.012996087254624443,-0.09214418048187968,0.13592830405357859,0.13430118706954364,-0.3282928778764786,0.7523846435758371,0.0
17.75775775775776,-0.30160081010581713,0.21784838916048035,0.7493079166726521,0.020996996574591975,-0.014825946570810591,-0.09149296586461596,0.13587915169695042,0.13438212165022445,-0.32591686265043923,0.7528370638155215,0.0
17.77777777777778,-0.29729674265415706,0.21520337258300265,0.7498113892017046,0.02517362645262968,-0.01660032475412304,-0.08871890940408171,0.1358281095349894,0.13444665977513706,-0.32352798078472217,0.753328513948033,0.0
17.7977977977978,-0.29305284817342364,0.2121947240366707,0.7503984923304968,0.029355156439606216,-0.0183070907389305,-0.08533829966715023,0.13575410437305316,0.13449119171215898,-0.321126326588292,0.7538589163676988,0.0
17.81781781781782,-0.2888761615254589,0.20883433239823632,0.7510686778457558,0.033509275762950486,-0.01993985799232947,-0.08163836328717801,0.13565478583048235,0.1345163109941996,-0.3187119948743448,0.7544281873178278,0.0
17.83783783783784,-0.28477342180337506,0.20513698610419157,0.7518207274236122,0.03760247889281988,-0.021503860508976146,-0.07820012663950074,0.13552908976235817,0.13452823824554028,-0.3162850809565623,0.7550362369039383,0.0
17.85785785785786,-0.2807510746678973,0.20111735677388987,0.7526528309669195,0.041605177165363126,-0.02296739700334664,-0.07317682571273629,0.13538472036769494,0.13450961765194908,-0.3138456806453505,0.7556829691079515,0.0
17.87787787787788,-0.27681532597015335,0.19678743488719677,0.7535624447130519,0.04548068730661847,-0.024226291428666207,-0.06294472244115512,0.13522681838283787,0.13441304271234802,-0.31139389024405634,0.7563682818033557,0.0
17.8978978978979,-0.2729718404359434,0.19217427671049753,0.7545456695188486,0.04916124028983415,-0.025374413978049223,-0.05740612881986633,0.13500900864003051,0.13431858660377138,-0.3089298065451674,0.7570920667713315,0.0
17.91791791791792,-0.26922548394439805,0.18731782457726737,0.7555977619268144,0.05260462039829097,-0.02638414622400558,-0.05048661381719063,0.13479251329779748,0.13421112316653586,-0.3064535268264879,0.7578542097178423,0.0
17.93793793793794,-0.26558058745044627,0.18224482469758851,0.7567138104925121,0.05580242828488348,-0.02735225168717675,-0.04840527484494521,0.13454297854888644,0.13413857118953829,-0.3039651488473025,0.7586545902916816,0.0
17.95795795795796,-0.26204099177672907,0.17697978368586056,0.7578889410942307,0.058756530085929605,-0.028218081318242,-0.04329148340536187,0.13431689762469104,0.13405718813110243,-0.30146477084451234,0.7594930821034785,0.0
17.97797797797798,-0.25861034490472606,0.17153234360015146,0.7591184968893142,0.06147778975417752,-0.02898151192748163,-0.03817153248376411,0.1340762492039741,0.1339651162935092,-0.2989524915287596,0.760369552745656,0.0
17.997997997998,-0.25529187874180265,0.16592330814617046,0.7603974550139636,0.06394790623247172,-0.029625884132501244,-0.03221861245139376,0.13383133952646448,0.13386085063335493,-0.29642841008052956,0.7612838638133392,0.0
18.01801801801802,-0.25208840242821406,0.16017381567942915,0.7617205579820283,0.0661551484032346,-0.03014287910603861,-0.025849751071585526,0.13357991024214871,0.1337458787509755,-0.2938926261462367,0.7622358709262116,0.0
18.03803803803804,-0.249002207625333,0.15430974014405258,0.763082305136357,0.06808735771643672,-0.03057285801550819,-0.02149894809190385,0.13331167471620123,0.13364184494783343,-0.2913452398342883,0.7632254237513139,0.0
18.05805805805806,-0.24603513704342217,0.14835352909554236,0.7644771227019577,0.06974087828003218,-0.030839960456791563,-0.013355124935942462,0.13307359772674937,0.13351893881473267,-0.28878635171113387,0.7642523660267838,0.0
18.07807807807808,-0.24318864236774318,0.14232473378394922,0.7658996136639196,0.07112454809809456,-0.030976914449780006,-0.0068477028196978155,0.13281755975449178,0.13339636772430236,-0.28621606279729567,0.7653165355865313,0.0
18.0980980980981,-0.24046349648285711,0.13625729424430372,0.7673441392783203,0.07222628072003724,-0.031037764827687688,-0.00304252243035773,0.1325532502927459,0.1333001732271656,-0.28363447456337826,0.766417764385847,0.0
18.11811811811812,-0.23786001402725576,0.13017412278006718,0.7688053446159122,0.0730602668795959,-0.03097728040871303,0.0030242169782415543,0.1323229445635975,0.1332085613942207,-0.2810416889260651,0.7675558785279373,0.0
18.13813813813814,-0.23537824265702328,0.12408856851162382,0.7702784553944285,0.07365553892581708,-0.030750492361490758,0.01133939788169602,0.13211681455849564,0.13310759464606758,-0.278437808244094,0.7687306982913855,0.0
18.15815815815816,-0.2330177106894865,0.11802659837683821,0.7717589315915379,0.0740238098554656,-0.030412393878498773,0.016904919063910274,0.13189804324600898,0.13302416310514226,-0.27582293531421526,0.7699420381585323,0.0
18.17817817817818,-0.23077735443183023,0.11201781288281401,0.7732423257431171,0.07416970757896629,-0.029908652270824863,0.025187074600317348,0.13172798818753947,0.13294852185107456,-0.27319717336713445,0.7711897068447706,0.0
18.1981981981982,-0.228655655285787,0.10608495730216165,0.7747250401609469,0.07413572089148594,-0.029286801793446605,0.031092517274827848,0.13155401710766979,0.13289224269689323,-0.270560626063438,0.7724735073287511,0.0
18.21821821821822,-0.22665050308642984,0.10025760996785714,0.7762037248211137,0.07393423300834086,-0.02850486461738614,0.03909685129419809,0.13143011586522269,0.13285107717615857,-0.26791339748949855,0.773793236883495,0.0
18.23823823823824,-0.22475931228891355,0.09455953987581411,0.7776760074352415,0.07361413070638757,-0.027616300714146842,0.04442818661320971,0.13130482819688055,0.13283431373517968,-0.2652555921533674,0.775148687108407,0.0
18.25825825825826,-0.22297888440396524,0.08902139424741506,0.779139872849562,0.07319327071602766,-0.02665366201748661,0.048131925106472115,0.13119575890277982,0.1328486489049131,-0.2625873149806477,0.7765396439621841,0.0
18.27827827827828,-0.2213056802090533,0.08366020974559638,0.7805940156873571,0.07270714188975405,-0.025557556255698215,0.054805277071520365,0.131144926251667,0.13287519967079486,-0.2599086713103547,0.7779658877966139,0.0
18.2982982982983,-0.21973583835400562,0.0784920927523842,0.7820381785121258,0.0722081412384312,-0.024400066625934722,0.05787446904009736,0.13107806441074016,0.1329237832351777,-0.257219766890753,0.7794271933912618,0.0
18.31831831831832,-0.21826502838826037,0.07354049828726227,0.7834722025332004,0.07170120105373112,-0.02314810566882957,0.062598033861694,0.13105860091523847,0.13299104443089266,-0.2545207078751856,0.7809233299890341,0.0
18.33833833833834,-0.21688866562688286,0.0688181380688752,0.7848969087235598,0.071235309517968,-0.021850074991401305,0.06490151820660923,0.13103272680383482,0.1330753601695834,-0.2518116008178805,0.7824540613326185,0.0
18.35835835835836,-0.21560186044933785,0.0643402588772504,0.7863132790750358,0.0708185175738021,-0.020441086911165075,0.07044938659709733,0.13106770366800782,0.1331698414589057,-0.2490925526697457,0.784019145701791,0.0
18.37837837837838,-0.2143995426929189,0.06011588782094876,0.7877233452873288,0.07050331061465014,-0.01892865337706973,0.07562165747894638,0.13112011197485154,0.13327440828369733,-0.24636367077414584,0.7856183359515869,0.0
18.3983983983984,-0.21327619609058154,0.0561673301168667,0.789129549055093,0.07031018838821078,-0.017348877575094755,0.07898876901055439,0.13117923925442063,0.13339752857815565,-0.24362506286266639,0.787251379551327,0.0
18.41841841841842,-0.21222590147555534,0.05251473075131078,0.7905347064666448,0.07025787057758848,-0.015725484458452673,0.08116963284935888,0.13124771303754876,0.13353540221587734,-0.24087683705085727,0.7889180186244964,0.0
18.43843843843844,-0.21124250350823218,0.049169898366158,0.7919419863726282,0.07036399529917238,-0.014032284398730357,0.08465997812298749,0.13135049058656761,0.13368004978841985,-0.23811910183396937,0.7906179899894648,0.0
18.45845845845846,-0.2103196842192199,0.04614096445061322,0.7933551591823738,0.07065864048727422,-0.01225171128036806,0.08902862923339264,0.13148341802602245,0.13383030130898615,-0.23535196608266626,0.7923510252010468,0.0
18.47847847847848,-0.20945085143157768,0.0434416393821101,0.7947785186394298,0.07116797285280327,-0.010378642748147881,0.09365339820500429,0.1316434162840515,0.1339892392914144,-0.23257553903872932,0.794116850592893,0.0
18.4984984984985,-0.20862905082542163,0.04109003030780326,0.7962168813437356,0.07191813521528742,-0.008438805238082417,0.09699184550455096,0.13181147164824863,0.13415750541278,-0.22978993031074385,0.7959151873207041,0.0
18.51851851851852,-0.20784691800117802,0.039106641212179896,0.7976753129700103,0.07292158131373196,-0.006505176540935826,0.09668140340217452,0.1319504105008485,0.13433139625048582,-0.22699524986977349,0.7977457514062631,0.0
18.53853853853854,-0.20709688783135374,0.037501508491213316,0.7991585197808164,0.07416034054030607,-0.004493360370213322,0.10059077584098546,0.13215048374705649,0.1344987182505687,-0.2241916080450164,0.7996082537822806,0.0
18.55855855855856,-0.20637137729953325,0.03627552659102435,0.8006720015483076,0.07567408837455933,-0.002418524154879348,0.10374177707699399,0.13235526727643204,0.13466351682172123,-0.22137911551945083,0.8015024003380411,0.0
18.57857857857858,-0.20566246449901548,0.035445640025888146,0.8022212772110305,0.07746378313614485,-0.00031491686392887933,0.10518033013009849,0.13255373336343865,0.1348282053082565,-0.2185578833254667,0.8034278919658451,0.0
18.5985985985986,-0.20496196353744195,0.03502504807867675,0.8038117551849583,0.07952389869638779,0.0018004605579878547,0.10576883624351321,0.13274718209997347,0.13498420636567382,-0.21572802284047948,0.8053844246082441,0.0
18.61861861861862,-0.2042615173340701,0.035022310168592384,0.8054486238909522,0.08184343529969512,0.0038539407203486966,0.10267397312672409,0.1328906677949432,0.1351261471585718,-0.2128896457825361,0.8073716893060529,0.0
18.63863863863864,-0.20355279663697254,0.035436034854878916,0.8071361056288529,0.08437408689503281,0.0059473421722765155,0.10467003782150756,0.13308741812690786,0.13524270955914086,-0.2100428642059031,0.809389372247138,0.0
18.65865865865866,-0.20282764655826507,0.03625750393537384,0.8088788189805981,0.08713566758726327,0.008038619412217798,0.10456382779523475,0.13326140716143822,0.1353476144951821,-0.2071877904966422,0.811437154815974,0.0
18.67867867867868,-0.2020777352455515,0.03749556563567881,0.8106808548514554,0.09010179354286318,0.010091296999400815,0.10263384608876651,0.13341010090537084,0.13543745808356034,-0.20432453736817444,0.8135147136439546,0.0
18.6986986986987,-0.20129471480823047,0.039151021866051905,0.812545688816121,0.09324169823327955,0.012058125806895784,0.09834140839104617,0.13351467513809911,0.13550335806986677,-0.20145321785683143,0.8156217206604565,0.0
18.71871871871872,-0.20047044863375055,0.041213308723995916,0.8144757721764024,0.0965041680140695,0.014004843392878545,0.09733584897240735,0.13363955818535947,0.13553610795204238,-0.1985739453173906,0.817757843144647,0.0
18.73873873873874,-0.19959711947569872,0.043666457902590806,0.816473353252813,0.09987905382052772,0.01593109372593573,0.09631248834373371,0.1337589235829632,0.13554967009241592,-0.19568683341860166,0.819922743778023,0.0
18.75875875875876,-0.19866699377910887,0.04650628482949293,0.8185402999842661,0.10334733657265448,0.017837367602385357,0.09531366787473863,0.13387420934548716,0.13554468378585913,-0.19279199613869807,0.8221160806976788,0.0
18.77877877877878,-0.1976724343129289,0.04972797330899794,0.8206781311975656,0.10689156066497506,0.019739341226351168,0.09509865793275911,0.13399263082996107,0.13551756675467616,-0.18988954776090056,0.8243375075502877,0.0
18.7987987987988,-0.19660583133810877,0.0533301487410071,0.8228880708719161,0.11049698371752437,0.021551884396204014,0.09062713819499144,0.1340530343826686,0.13547465919679963,-0.18697960286889997,0.8265866735467989,0.0
18.81881881881882,-0.195459646307056,0.05730925155263852,0.8251702354808923,0.11410823044881252,0.023282968187495166,0.08655417249230007,0.13409090604262958,0.13539454371652704,-0.18406227634233893,0.8288632235178279,0.0
18.83883883883884,-0.1942267016539162,0.061647232656990944,0.8275238499196865,0.1176807219397089,0.024906273045946437,0.08116522930160608,0.13409073233933422,0.1352847067545178,-0.18113768335227295,0.8311667979697438,0.0
18.85885885885886,-0.19290021648528616,0.0663242584315024,0.8299471299212212,0.12116400007673592,0.02647533053989615,0.07845286472123926,0.13409685180271697,0.13513724540050345,-0.17820593935662565,0.8334970331414369,0.0
18.87887887887888,-0.191473831933648,0.07131922758190745,0.8324378261019098,0.12453480903442453,0.027968854161696793,0.07467617491617491,0.13408220050854372,0.1349721651741914,-0.1752671600956296,0.8358535610617608,0.0
18.8988988988989,-0.18994143171067654,0.07662001114857325,0.8349931159347517,0.12776449164209613,0.0293754984565846,0.07033221249650715,0.1340471157671854,0.1347848873685016,-0.17232146158725878,0.8382360096076387,0.0
18.91891891891892,-0.18829720714848344,0.08221122810965473,0.8376095444055695,0.13082142354089138,0.030651862435943398,0.06381820073949737,0.1339732162629379,0.13458013516422393,-0.1693689601226453,0.8406440025628279,0.0
18.93893893893894,-0.18653572800937634,0.0880739569553543,0.8402828245105398,0.13366400524851663,0.03176927854691222,0.055870811407727275,0.13386251813614478,0.13435384073709739,-0.16640977226149312,0.843077159677325,0.0
18.95895895895896,-0.18465217882986765,0.09417745897543486,0.8430078137176414,0.1362494603550825,0.03280718411799956,0.05189528854958926,0.13376861003671872,0.1340886228551155,-0.1634440148274712,0.8455350967274164,0.0
18.97897897897898,-0.18264237012261372,0.10049043536269635,0.8457790557644738,0.13856210234161612,0.03375625017347312,0.047453316936088084,0.13367022488259667,0.1338180496106176,-0.1604718049036049,0.8480174255763485,0.0
18.998998998999,-0.1805024171954978,0.1069976463557963,0.8485909545747831,0.14059494051546703,0.03456331150927099,0.04035308513808537,0.13354429144817473,0.13355017327878208,-0.15749325982765233,0.8505237542356203,0.0
19.01901901901902,-0.17822881643608235,0.1136800379707735,0.8514375540999665,0.14232997625917215,0.035209458327712065,0.03230736346998199,0.13339821655460002,0.1332738502719122,-0.1545084971874738,0.8530536869268817,0.0
19.03903903903904,-0.17581868354005573,0.12050664480133172,0.8543124912565941,0.14374685783138166,0.035739533865747984,0.026503803672521704,0.13326140994327265,0.13297724521251633,-0.15151763481638728,0.8556068241444328,0.0
19.05905905905906,-0.17326977329399046,0.1274455123032636,0.8572092600670072,0.14483844052065234,0.03615736123198433,0.020891399339636785,0.133129818684898,0.13268146193669092,-0.14852079078851751,0.8581827627183108,0.0
19.07907907907908,-0.17058033222506702,0.13447205344617158,0.8601214589402333,0.14560994366130472,0.03651341876625672,0.017802912064584373,0.13302025326245256,0.13237172640717726,-0.14551808341413616,0.8607810958779528,0.0
19.0990990990991,-0.16774899752030192,0.14156673523825558,0.8630428209277309,0.1460680993748777,0.036743068127016075,0.011482507787491263,0.13289918157117905,0.13208953442857652,-0.14250963123498808,0.8634014133164327,0.0
19.11911911911912,-0.16477465452795192,0.14871714961750027,0.865967324872686,0.1462251972477549,0.036829044690576976,0.004298872428390059,0.13277282616598016,0.13181451365675634,-0.1394955530196144,0.8660433012552511,0.0
19.13913913913914,-0.16165669693908827,0.1558978794431824,0.8688889954531106,0.1460835290212276,0.036781403303405735,-0.0023820204664278723,0.13265378147415757,0.13154278789132723,-0.13647596775866258,0.8687063425096762,0.0
19.15915915915916,-0.15839507684309315,0.16308100479975599,0.8718020350009866,0.1456519773938018,0.03660702892944858,-0.008718664981725927,0.13254665018837966,0.13128114390519655,-0.13345099466018792,0.8713901165546233,0.0
19.17917917917918,-0.15499025807520372,0.17024093839447121,0.8747009907281175,0.14494778635654446,0.036313660948418515,-0.014668340283202026,0.1324543312414053,0.13103214004196914,-0.1304207531449484,0.8740941995910598,0.0
19.1991991991992,-0.151443177489157,0.17735402930233618,0.8775808343836279,0.14399218277552037,0.035898200982865745,-0.02077293418745857,0.13237626869405725,0.13080277274015215,-0.1273853628416912,0.876818164612927,0.0
19.21921921921922,-0.1477551726259083,0.18440024316243545,0.8804370561894713,0.1428110902921696,0.03528999971178416,-0.030409993885452513,0.13230052702761885,0.1306282875342713,-0.12434494358242767,0.879561581474571,0.0
19.23923923923924,-0.1439280876953684,0.19135424652699437,0.8832660099343559,0.1414476872442272,0.034570385211515016,-0.03598064940780901,0.13225731842546373,0.13044188876893756,-0.12129961539770419,0.8823240169586665,0.0
19.25925925925926,-0.13996445232966614,0.19818176828511344,0.8860643804443836,0.1399185255013846,0.033700360054711234,-0.04350117594333396,0.13223249973066276,0.13030604568249157,-0.11824949851186214,0.8851050348446282,0.0
19.27927927927928,-0.13586720495247212,0.20486236885970055,0.8888298867640476,0.13827531598320025,0.032693072746022046,-0.05036427684903068,0.13223141043118158,0.1301946164907362,-0.11519471333829528,0.8879041959774919,0.0
19.2992992992993,-0.13163980879768086,0.21136980773956285,0.8915609783782924,0.13655458071224075,0.03150770804744795,-0.05926813928264903,0.13225047052999264,0.1301408801235045,-0.11213538047469035,0.890721058337267,0.0
19.31931931931932,-0.12728630701678317,0.2176750890448838,0.8942572718069282,0.13481467143178746,0.030283771124511735,-0.061196742883142016,0.13231023714270423,0.1300467061077074,-0.10907162069827121,0.8935551771087319,0.0
19.33933933933934,-0.1228113234485316,0.22374917841257874,0.8969184054403501,0.133056681671096,0.0289071139964301,-0.06883274509061593,0.13237983079434254,0.13004409742447587,-0.10600355496102745,0.8964061047516788,0.0
19.35935935935936,-0.11821963107434791,0.2295846187091846,0.8995455181337341,0.13135563466919964,0.027408211753476335,-0.07494499229863437,0.1324732173290037,0.13005840290014448,-0.10293130438494098,0.899273391071584,0.0
19.37937937937938,-0.11351659201794949,0.23515195281992127,0.9021403630196279,0.12974224429469144,0.025830377130427958,-0.07889160221488659,0.13259287754267604,0.1300819457853836,-0.0998549902572036,0.9021565832906993,0.0
19.3993993993994,-0.10870799137575764,0.24043003210959268,0.9047052249453772,0.12824309628746614,0.024129553314662634,-0.08504105227301838,0.13272756594398522,0.1301607160327067,-0.09677473402543041,0.9050552261195495,0.0
19.41941941941942,-0.10379992988495902,0.245403074539931,0.9072434286172708,0.12691018359468015,0.022344009336730163,-0.08927705025507628,0.1328832863647484,0.1302490268612143,-0.09369065729286191,0.9079688618288309,0.0
19.43943943943944,-0.09879895125861554,0.25004893131717376,0.909758753696803,0.12576625397661084,0.02044096579478461,-0.0951520178447179,0.13305415685060795,0.13038752424222402,-0.09060288181356846,0.9108970303216876,0.0
19.45945945945946,-0.09371195072574634,0.25435002664346007,0.9122559439751331,0.1248595139165023,0.018468507169644592,-0.09862276083447723,0.13324297039245495,0.13052745828157425,-0.087511529487638,0.9138392692063707,0.0
19.47947947947948,-0.088546243389549,0.2582853668098667,0.9147400276260191,0.12420418254430288,0.01637401913170207,-0.10472421985908245,0.13344174746941673,0.1307269069322708,-0.0844167223563671,0.9167951138692532,0.0
19.4994994994995,-0.08330945112363256,0.2618396132958225,0.917217053206822,0.12385127904014354,0.014206866475900618,-0.10835743861798372,0.1336560132711514,0.13092702726223332,-0.08131858259744172,0.9197640975481977,0.0
19.51951951951952,-0.07800971476367541,0.26498681799785717,0.919693301721193,0.1238124257185515,0.012042105415969073,-0.10823784602294229,0.13387264674969637,0.13109412507380505,-0.07821723252011556,0.922745751406263,0.0
19.53953953953954,-0.0726554316596368,0.2677141552019305,0.9221745873621117,0.12406428204593165,0.009818407929894966,-0.11118465398340206,0.13407769937949007,0.1313023958523914,-0.07511279456037884,0.925739604605741,0.0
19.55955955955956,-0.06725499907795619,0.27002162908402993,0.9246671444933154,0.12462785656018664,0.007498191283796159,-0.11601059819646091,0.13428618424983746,0.1315563767468717,-0.07200539127612615,0.9287451843825059,0.0
19.57957957957958,-0.06181710761202502,0.27189457329655864,0.9271779196582197,0.1255387582452123,0.00515180770336411,-0.11731893054526531,0.13450123059029323,0.13178925504109074,-0.06889514534231929,0.9317620161206684,0.0
19.5995995995996,-0.05635078816156637,0.2733159725229323,0.9297136276789992,0.1267854010389763,0.0026975866469137926,-0.12271078961347737,0.1347080642890109,0.13208579538105006,-0.06578217954614127,0.9347896234275257,0.0
19.61961961961962,-0.05086526666352649,0.2742760749019942,0.9322817843649647,0.1284078342982706,0.00022725697751483484,-0.12351620497702774,0.13491758337732487,0.13234574829095005,-0.0626666167821519,0.9378275282087866,0.0
19.63963963963964,-0.045370245889816925,0.27475103868547823,0.9348893828674631,0.13037992512492386,-0.002174727356912208,-0.12009892215364888,0.13509911320331508,0.13253675715654248,-0.05954858004743483,0.9408752507440689,0.0
19.65965965965966,-0.039875405497937985,0.274742019593947,0.9375419565451364,0.13262868388366164,-0.004675501967376091,-0.1250384195369701,0.13524333773833644,0.13281583284700363,-0.056428192436741,0.9439323097626545,0.0
19.67967967967968,-0.03439027486297699,0.2742565317480499,0.940245767183934,0.13519053193988162,-0.007176163003707559,-0.1250327238673618,0.1353927501513468,0.1330572337237305,-0.053305577137629866,0.9469982225194864,0.0
19.6996996996997,-0.028924756862805392,0.2732759000085797,0.9430065704889142,0.13804016524901136,-0.009697766109274265,-0.1260798099030465,0.13551211035801247,0.13330070295757201,-0.050180857425607545,0.9500725048713982,0.0
19.71971971971972,-0.02348881935668716,0.2717968753059115,0.9458296825935769,0.14115560523313353,-0.012164176940392806,-0.12332017809522974,0.13560491375711217,0.13348557119079338,-0.047054156659257454,0.9531546713535686,0.0
19.73973973973974,-0.018092516346907506,0.26981515048898264,0.9487191321862021,0.1444724796312602,-0.014546528817064941,-0.11911721151924114,0.13564873277986914,0.133615922162598,-0.04392559827537208,0.9562442352561805,0.0
19.75975975975976,-0.012745670384196118,0.26734229813556937,0.9516773918449213,0.14791298293596175,-0.016844455981413715,-0.11489595626940655,0.1356434105105784,0.13370890941736946,-0.04079530578407858,0.9593407087012793,0.0
19.77977977977978,-0.007457793767062777,0.26439383085666707,0.9547056331999955,0.1514120677537062,-0.018990760279107524,-0.10731479226219583,0.1355976221714116,0.13372715109822392,-0.03766340276396636,0.9624436027198108,0.0
19.7997997997998,-0.0022379152506501352,0.2609939258206321,0.9578033042365096,0.15488355182570762,-0.021173403455776278,-0.10913171521688105,0.1354943983078143,0.13382301319773063,-0.03453001285720265,0.9655524273288407,0.0
19.81981981981982,0.002905405789472867,0.2571660520061501,0.9609701424158201,0.1583419089655238,-0.023229974699757624,-0.10282809680690125,0.13540874458352425,0.13384650239296747,-0.03139525976465663,0.968666691608924,0.0
19.83983983983984,0.007963558219552826,0.252907621503998,0.9642050520504131,0.16174548172964667,-0.02520925994933653,-0.0989637747239127,0.13526427533561977,0.13385285537665648,-0.028259267241012402,0.9717859037816294,0.0
19.85985985985986,0.01292848337199425,0.2482462576220712,0.9675058053384249,0.16503766440058937,-0.027163360992703976,-0.09770454187043896,0.135089434504328,0.13387670410945254,-0.02512215908988511,0.9749095712871959,0.0
19.87987987987988,0.01779234323104614,0.24319299295259444,0.9708699748940821,0.16820847778285905,-0.028919044331783692,-0.08778363328944998,0.13491408498590457,0.13379748641125613,-0.021984059158932538,0.9780372008623142,0.0
19.8998998998999,0.02254752627107028,0.23775915200120704,0.9742935867913679,0.17118059486429207,-0.030525979519847042,-0.08034620175318519,0.13466367280048663,0.1336789421765395,-0.01884509133496755,0.9811682986180166,0.0
19.91991991991992,0.027187301563797728,0.2319887646363724,0.9777709812555362,0.1738697232084137,-0.032058036604345176,-0.07660227256010026,0.1343761926619248,0.13357893381676425,-0.015705379539063737,0.9843023701176721,0.0
19.93993993993994,0.031705558685008566,0.225912856060542,0.9812962304603193,0.17626246023915781,-0.03355024380141781,-0.07460975471124431,0.13407822189866558,0.13350287539592975,-0.012565047721668525,0.9874389204550579,0.0
19.95995995995996,0.0360964446005956,0.21954429577935164,0.9848636057123629,0.17836876260217446,-0.03491366463523776,-0.06817041346965216,0.13378781102801096,0.13338666722879858,-0.009424219857704069,0.9905774543325164,0.0
19.97997997997998,0.04035431879265821,0.21289370960313048,0.9884668923130552,0.1801643300346152,-0.03613878371708441,-0.06125530338385024,0.13346160965219334,0.1332338066616755,-0.00628301994167648,0.9937174761391655,0.0
20.0,0.04447414076116371,0.20599109842527508,0.9920988125805378,0.18159601337412828,-0.03728562287738881,-0.057341286207925724,0.1330967377014948,0.1330875859890721,-0.0031415719827794027,0.9968584900291619,0.0
