time,x,x_dot,z,z_dot,theta,theta_dot,u1,u2,x_ref,z_ref,theta_ref
0.0,0.27395604855596334,-0.0012224312049589538,1.3020370878759355,0.003947360581187278,-0.24349359126741027,0.009512447032735119,0.056323375519613486,0.05632337494041905,0,1,0
0.02002002002002002,0.2735292613266357,-0.02133936146638151,1.2998156477342706,-0.11107200708325095,-0.2433282880220854,0.008265162266240498,0.056323391982049505,0.05893958099712703,0,1,0
0.04004004004004004,0.27269087170643064,-0.041919481010253765,1.2953314357585497,-0.2242105987860426,-0.24129739248011706,0.10154477709842172,0.05632337507752003,0.05888182945489801,0,1,0
0.06006006006006006,0.27144138504710863,-0.0624743329661015,1.2885836893698022,-0.33738731943737665,-0.23750927617674397,0.1894058151686513,0.056323374905699046,0.05845020590540049,0,1,0
0.08008008008008008,0.26978579877163555,-0.08277931377365494,1.2795670311132885,-0.45083291282568755,-0.2325672854912206,0.24709953427617365,0.056323414127319484,0.058618872903557294,0,1,0
0.10010010010010009,0.26772984831573765,-0.10279752279489558,1.2682854175040121,-0.5640806804638222,-0.226495747159693,0.30357691657637687,0.05632353721122312,0.0586774790484505,0,1,0
0.12012012012012012,0.26528157721342077,-0.12241355511584326,1.2547416549734012,-0.6771881265305484,-0.2193883858109681,0.3553680674362466,0.07474034292591919,0.07723477022786339,0,1,0
0.14014014014014015,0.2623281431290659,-0.1476717042177452,1.2394718711583617,-0.7634891907519791,-0.21134890734474435,0.40197392331118725,0.11153444134588149,0.11431994901115283,0,1,0
0.16016016016016016,0.25864698763842603,-0.18405777453199237,1.223547877381182,-0.7961996888589776,-0.2022181514934166,0.45653779256638816,0.13232030605437878,0.13535116492055088,0,1,0
0.18018018018018017,0.2541345142244856,-0.22562367069702344,1.207581149797884,-0.7983363791649122,-0.19198735627120686,0.5115397611104918,0.14257628822192686,0.14576418408515462,0,1,0
0.20020020020020018,0.24876471764138922,-0.26848982915481806,1.1918790903530867,-0.7851029722398569,-0.18064812936818467,0.5669613451511087,0.14673762191688264,0.14997360219706554,0,1,0
0.22022022022022023,0.2425568854477007,-0.3103916096844252,1.1765719900011014,-0.7653550175992727,-0.16835821563870668,0.6144956864738981,0.14755785958285184,0.15082642105740385,0,1,0
0.24024024024024024,0.2355555919401702,-0.35006467537652547,1.1616934645833414,-0.7439262708879995,-0.15517573755225667,0.6591239043225011,0.1471265680837178,0.15034884330960216,0,1,0
0.2602602602602603,0.22781664192578596,-0.38694750071921125,1.1472396719933464,-0.7226896294997537,-0.14121983459400733,0.6977951479124671,0.14628100104043584,0.14942038964042803,0,1,0
0.2802802802802803,0.21940152305115238,-0.4207559437316795,1.1331940032056618,-0.7022834393842294,-0.1267309696688847,0.7244432462561313,0.1459833386937673,0.14909884083126299,0,1,0
0.3003003003003003,0.21037202392627238,-0.45147495624399986,1.119556403280737,-0.6818799962462425,-0.11177088585497566,0.7480041906954509,0.14605112962600222,0.14907492535741826,0,1,0
0.3203203203203203,0.20079088777334284,-0.4790568076464769,1.1063359774894532,-0.6610212895641877,-0.0965056257345345,0.7632630060220581,0.14650156479004647,0.1494417553287873,0,1,0
0.34034034034034033,0.19072174353034066,-0.5034572121501092,1.0935525394560672,-0.6391719016692976,-0.08105285570147416,0.7726385016530176,0.14757945242865592,0.15042242995388114,0,1,0
0.36036036036036034,0.18022826976421175,-0.5246736883064463,1.0812434016190526,-0.6154568918507333,-0.06557544246748787,0.7738706616993137,0.1489656656398878,0.15172780705455396,0,1,0
0.38038038038038036,0.16937518956839046,-0.542654009791065,1.0694543571241604,-0.5894522247446106,-0.0501114246514678,0.7732008908010037,0.15046190703500156,0.15308415224732605,0,1,0
0.40040040040040037,0.15822855451125475,-0.5573317528567845,1.0582326259337025,-0.5610865595228954,-0.0348706154909264,0.7620404580270701,0.15239535884282895,0.1549320955947336,0,1,0
0.42042042042042044,0.14685500346624789,-0.5686775522503436,1.0476381786211886,-0.5297223656256951,-0.019939124455993606,0.7465745517466392,0.15398972814724685,0.15642354073943943,0,1,0
0.44044044044044045,0.13532226078266774,-0.5766371341790075,1.0377196507601918,-0.49592639304984076,-0.005355805063627972,0.7291659696182817,0.15580737037973216,0.15810137081897238,0,1,0
0.46046046046046046,0.12369798195365136,-0.5812139414508187,1.028530698352876,-0.459447620365796,0.008691747736280758,0.7023776399954365,0.15739866004817424,0.15961581341060668,0,1,0
0.4804804804804805,0.1120497559283378,-0.5824113012656787,1.0201181893047508,-0.42062545240625726,0.022120078665122604,0.6714165464420923,0.15816088284916527,0.16030048516222625,0,1,0
0.5005005005005005,0.10044372930915389,-0.5803013309591953,1.012503448238398,-0.3807370533176328,0.03491340614552485,0.6396663740201125,0.15954080791753208,0.1615636696031235,0,1,0
0.5205205205205206,0.08894413815335687,-0.5749795577898509,1.0057246467698782,-0.3389400734259976,0.04694936370808017,0.6017978781277655,0.15988088447844886,0.1618110032614875,0,1,0
0.5405405405405406,0.07761207992189934,-0.566602911572877,0.999788746710936,-0.2967950029471076,0.05824790544574122,0.564927086883052,0.16014270627590688,0.1619444136104002,0,1,0
0.5605605605605606,0.0665051260882032,-0.5553476916848064,0.9946992497036482,-0.25447485036439,0.06875058669491106,0.5251340624584933,0.15995292842890174,0.16162058796452128,0,1,0
0.5805805805805806,0.05567667248900321,-0.5414226799599999,0.9904457252938067,-0.2126762204920763,0.07835998973329998,0.4804701519194445,0.15919571841986238,0.16079046539590702,0,1,0
0.6006006006006006,0.04517506021441243,-0.5250806137295391,0.9870015379414881,-0.17220936761592795,0.08698471162843234,0.4312360947566177,0.15786856892779016,0.15943704241662923,0,1,0
0.6206206206206206,0.03504258028232322,-0.5066239966044607,0.9843237496380688,-0.13388941517096725,0.09467002513088205,0.3842656751224869,0.1566746886387955,0.1581785425604157,0,1,0
0.6406406406406406,0.02531643939748269,-0.4863070442420265,0.982372818205046,-0.09754657165114376,0.10144934070165422,0.33896577853860693,0.15505082388678737,0.15648709349745857,0,1,0
0.6606606606606606,0.016027660303648203,-0.46443895469172425,0.9810965963113788,-0.06381109468335705,0.10733841127081509,0.2944535284580436,0.15327942372391343,0.15461404248396227,0,1,0
0.6806806806806807,0.00720189321713092,-0.4412883543258641,0.98043830641289,-0.03291449492444201,0.11229727956931368,0.2479434149249298,0.15156214932775902,0.15284183689835243,0,1,0
0.7007007007007007,-0.0011397400819326137,-0.41708166495317667,0.980343750866113,-0.004727777338847019,0.11638911986090647,0.20459201457964088,0.14931539029243587,0.15050623630372223,0,1,0
0.7207207207207207,-0.008982654695332703,-0.39214573067000447,0.9807430195459979,0.01996343399424155,0.11961078342120833,0.16108317801509345,0.14730402804319057,0.1484381110802158,0,1,0
0.7407407407407407,-0.01631580956933516,-0.36665774370012283,0.9815740108138198,0.041549563391097104,0.12191058140101277,0.11498989899021966,0.14492916299156555,0.14604190121639649,0,1,0
0.7607607607607607,-0.02313369864188423,-0.3408944536274536,0.9827648853549245,0.059543727055232296,0.12341528314101938,0.0752350870003308,0.14248168453734783,0.1435318128766065,0,1,0
0.7807807807807807,-0.029435448178563785,-0.3150874768339777,0.9842415485625987,0.073833160383713,0.12414127429309565,0.03629955760381572,0.14017163457173684,0.14118217181537124,0,1,0
0.8008008008008007,-0.03522331734826678,-0.28939345848514975,0.9859347129265772,0.08465821819892654,0.12422337188158061,0.00410487942424901,0.13798381398163828,0.13889335112514337,0,1,0
0.8208208208208209,-0.040502572718699136,-0.2639627685216179,0.987778194607466,0.0921740840444398,0.1236876122813998,-0.026787980009042138,0.13592573533315103,0.13672542390374726,0,1,0
0.8408408408408409,-0.0452806903094378,-0.23890587953693332,0.9897098268405183,0.09658161165261714,0.1225442879806393,-0.05716621503802377,0.1342218094493935,0.1349326758653634,0,1,0
0.8608608608608609,-0.049566278123389214,-0.21427939069757068,0.991678470361621,0.09843217605513367,0.12085258457474972,-0.0845851702944776,0.13272999745297373,0.13335663424546368,0,1,0
0.8808808808808809,-0.05336950181111086,-0.19016118438608207,0.9936395761877282,0.09805529130536154,0.11870644196013634,-0.10730713073066964,0.13127879404721596,0.13177735247018227,0,1,0
0.9009009009009009,-0.05670244043380762,-0.16664693113483797,0.9955493852774181,0.09549045448449488,0.11609165039796455,-0.1307395781085892,0.13007286563051138,0.13049371154270198,0,1,0
0.9209209209209209,-0.059577847223280606,-0.14377033947364928,0.9973722740936708,0.09114444081263348,0.1131007571297308,-0.1495446634116872,0.12902747386299826,0.12933360286564768,0,1,0
0.9409409409409409,-0.06200962028587238,-0.12158865312958872,0.9990769707620418,0.08523483341855172,0.10981221588477735,-0.16442706224767487,0.12827725921280003,0.12843983438203221,0,1,0
0.960960960960961,-0.06401192576264629,-0.10011527383869513,1.0006405845958497,0.07818069169039461,0.10619626663447847,-0.18079746251494352,0.12775030698817044,0.12781383913532526,0,1,0
0.980980980980981,-0.06559916851411908,-0.07936213757363944,1.0020475288791069,0.07034721416285523,0.1023727610544394,-0.19117527900195339,0.12733107967730822,0.12723800926399825,0,1,0
1.001001001001001,-0.06678659047607023,-0.05937109809755754,1.0032846208264776,0.06185459736853488,0.09834878050746537,-0.20119902734870335,0.12719145500060186,0.1269577682573168,0,1,0
1.021021021021021,-0.06758922790841672,-0.04013187161732412,1.0043471738236724,0.053127649859737905,0.09412582054082172,-0.21114799833218298,0.12753588151076398,0.12928696846716353,0,1,0
1.0410410410410411,-0.06801835364008925,-0.021456286583626367,1.0052761237619925,0.04644749691600713,0.09146084693837402,-0.1332486801223856,0.12330571491317939,0.12375381938732112,0,1,0
1.0610610610610611,-0.06810361065820984,-0.00426285090602976,1.0059290130944551,0.032644466623134506,0.08941918264112982,-0.10208321486220952,0.12616459622776557,0.12582742569511962,0,1,0
1.0810810810810811,-0.06784811538980659,0.012774763420162313,1.0063795141142609,0.02252505099028034,0.08752468512607046,-0.09472487575296694,0.12785353296940333,0.12699464849223516,0,1,0
1.1011011011011012,-0.06725571979335665,0.02961977982249734,1.0066704596357232,0.01454727607312016,0.08543728971194667,-0.104369770706191,0.1287267104055651,0.12755932283694393,0,1,0
1.1211211211211212,-0.06633179977484305,0.0461960009256802,1.0068237016184372,0.007662099135697688,0.08313007069854682,-0.115360950669991,0.12906021095408338,0.12761165768255112,0,1,0
1.1411411411411412,-0.06508386376904216,0.06239680029004451,1.0068456198423335,0.001095911194812246,0.08057304173296145,-0.12785144827926942,0.129104028343685,0.1274067321137089,0,1,0
1.1611611611611612,-0.06352087014780458,0.078149681061879,1.0067345743331688,-0.005552275458232028,0.07760222947343852,-0.1485406129761469,0.1290044629157174,0.12718720991829355,0,1,0
1.1811811811811812,-0.061652997246408665,0.09339364506979587,1.006486647676374,-0.012396332839732852,0.07434150233198668,-0.16303635707259137,0.12887266793744354,0.12688397204456456,0,1,0
1.2012012012012012,-0.05949200295321583,0.10804971465964201,1.0060963051613712,-0.019517125750149716,0.07068832554519207,-0.18265883933973068,0.12881600654039807,0.12675096368662442,0,1,0
1.2212212212212212,-0.05705046186931375,0.12207705419510403,1.0055616823452445,-0.026731140806333716,0.06667175077162005,-0.20082873867860135,0.12885794122692001,0.12673296042308363,0,1,0
1.2412412412412412,-0.05434223123152576,0.13541153188939928,1.0048841349983024,-0.03387736734709724,0.062411981632579085,-0.2129884569520477,0.12902172842341553,0.12679225555831422,0,1,0
1.2612612612612613,-0.05138230410220173,0.14799635646620155,1.004068004426654,-0.04080652858242559,0.05790239451790637,-0.22547935573363517,0.1293193050902094,0.12701868393043203,0,1,0
1.2812812812812813,-0.048186390500666754,0.15979568007674874,1.003122079782179,-0.047296232223744405,0.05324749997675992,-0.23274472705732327,0.12976151077135198,0.1273523672572824,0,1,0
1.3013013013013013,-0.04477097932220477,0.17077055892309903,1.002058866059483,-0.053160686134802564,0.048473949012395455,-0.23867754821822332,0.13024703607008514,0.12773794332319205,0,1,0
1.3213213213213213,-0.04115313904873946,0.18089201367326563,1.0008922350608684,-0.05833154993072509,0.043599943203044216,-0.24370029046756206,0.13079328647384098,0.12819843155303712,0,1,0
1.3413413413413413,-0.037350408402272973,0.19013653232332456,0.999638011441662,-0.0627111809603226,0.0386328511054284,-0.24835460488079067,0.13141073331813083,0.12875246259234585,0,1,0
1.3613613613613613,-0.033380748142122066,0.19848301300754542,0.9983143945751968,-0.06618084332326259,0.03358866066286582,-0.2522095221281292,0.13207913552003567,0.12937894451740362,0,1,0
1.3813813813813813,-0.029262556829562233,0.20590956562799154,0.9969413405469414,-0.06865270141276894,0.02845264237520238,-0.2568009143831715,0.13278348456962488,0.130077518942371,0,1,0
1.4014014014014013,-0.025014699565134302,0.21239286322139653,0.9955403270787829,-0.07005067340792367,0.023289243170395782,-0.2581699602403298,0.13349020733903633,0.1307663960036862,0,1,0
1.4214214214214214,-0.020656609147330272,0.2179045208902014,0.9941326416952824,-0.07038426917502662,0.018138330784880738,-0.25754561927575215,0.13420025734645005,0.13146100937242192,0,1,0
1.4414414414414414,-0.016208033124108963,0.2224288011610655,0.9927396114839461,-0.06965151056681562,0.013031773680372345,-0.2553278552254195,0.13490469369471256,0.13215550405547824,0,1,0
1.4614614614614614,-0.01168888944218352,0.2259571840962722,0.9913823778308289,-0.06786168265585771,0.008007595904442775,-0.2512088887964786,0.13555593207625968,0.13279640972735393,0,1,0
1.4814814814814814,-0.007119129776707984,0.2284879832737768,0.9900803968499001,-0.06509904904644019,0.003053999670744312,-0.24767981168492306,0.13613565106037648,0.13339928659531972,0,1,0
1.5015015015015014,-0.0025185908855929343,0.23002694455575246,0.9888513980348558,-0.06144994075221959,-0.001805647155821612,-0.24298234132829627,0.13667180140553292,0.13396831382638472,0,1,0
1.5215215215215214,0.002092956849183399,0.23057738673881664,0.9877118637103945,-0.05697671622306384,-0.006470733093197842,-0.23325429686881155,0.13429722482414289,0.1298082794895578,0,1,0
1.5415415415415414,0.006696240725199769,0.2301641938008185,0.9865649971455493,-0.05734332824225744,-0.012443081890557527,-0.29861743986798417,0.12832961399015808,0.12491199484519326,0,1,0
1.5615615615615615,0.011274046267608636,0.22889027712044335,0.9852497795761382,-0.06576087847055627,-0.018862335030745792,-0.32096265700941334,0.13473672862220126,0.13188061666680256,0,1,0
1.5815815815815815,0.015801537112652198,0.22637454225217807,0.983964142826509,-0.06428183748146238,-0.025348599063854553,-0.324313201655438,0.13870132483429048,0.13626619295353884,0,1,0
1.6016016016016015,0.02025103782931173,0.22247503583297665,0.9828313742873996,-0.056638426955468855,-0.03158695108575449,-0.3119176010949965,0.1413246500219908,0.13915019658265929,0,1,0
1.6216216216216217,0.024594086287380412,0.21715242290343403,0.9819324537729782,-0.04494602572107104,-0.037412589065355425,-0.29128189898004686,0.14273661175091068,0.14074906481303656,0,1,0
1.6416416416416417,0.028803362418680922,0.21046380656502553,0.9813112260950515,-0.031061383896337544,-0.04267716554811739,-0.2632288241380977,0.14336225455023874,0.14147251498709712,0,1,0
1.6616616616616617,0.032853733487955866,0.20251855346374706,0.9809868199121634,-0.016220309144406045,-0.04743001271051011,-0.23764235811963633,0.14317409562844813,0.1414187207094264,0,1,0
1.6816816816816818,0.03672316426583956,0.19347153889418484,0.9809547646250756,-0.0016027643543925895,-0.051581965411786744,-0.20759763506383172,0.1426445503211155,0.14095880238952085,0,1,0
1.7017017017017018,0.040392394489038044,0.1834615111599241,0.9811995154800746,0.012237542749948621,-0.05519712074620114,-0.18075776672071941,0.14169528974884313,0.14011371587871277,0,1,0
1.7217217217217218,0.04384538714136706,0.17264963261645094,0.9816936616573576,0.024707308864155203,-0.05822112830000979,-0.15120037769043226,0.14054056551269672,0.13902545964384153,0,1,0
1.7417417417417418,0.04706897768018325,0.16117952694080914,0.9824032189942659,0.035477866845409906,-0.06073959876795694,-0.12592352339735732,0.13929361106776703,0.1378862027903339,0,1,0
1.7617617617617618,0.05005278106575939,0.149190169278807,0.9832921862329013,0.044448361931772366,-0.06278332626123015,-0.10218637466366104,0.1381506421269936,0.13685436917545507,0,1,0
1.7817817817817818,0.05278845518092309,0.13678370575818505,0.9843277887220182,0.05178012445584737,-0.0643104505232516,-0.07635621310107221,0.13706939295120596,0.13584826039190073,0,1,0
1.8018018018018018,0.055269710947072476,0.12406278830746931,0.9854786496402045,0.05754304590931303,-0.06541349927949593,-0.055152437812217875,0.13602720299082152,0.13492435245723483,0,1,0
1.8218218218218218,0.05749225703389933,0.11112730434134296,0.9867153097168837,0.06183300383395836,-0.06599394553654075,-0.029022312852240106,0.13504242460659474,0.13397712276208984,0,1,0
1.8418418418418419,0.05945364362585737,0.09806932959790204,0.9880089208338179,0.06468055584670943,-0.06620584100242184,-0.010594773294054043,0.1341328166696918,0.1331889795562955,0,1,0
1.8618618618618619,0.06115327953361695,0.08498179538797865,0.9893342339864468,0.06626565763144698,-0.0660618945363943,0.0071973233013760025,0.13319708851745066,0.13236714489356707,0,1,0
1.8818818818818819,0.0625921446372003,0.07194325517916753,0.9906652128223258,0.0665489417939466,-0.06565002756981031,0.020593348329199845,0.13241074341207434,0.13173815074745573,0,1,0
1.901901901901902,0.06377223881884574,0.05900470908227233,0.991980972515942,0.06578798468080757,-0.06493981111544048,0.035510822718491354,0.13166689317552388,0.1311204628326053,0,1,0
1.921921921921922,0.06469656271811008,0.046216194963217196,0.9932614916514192,0.06402595677386322,-0.06396139229258802,0.04892094114262319,0.13103026087735054,0.13061397198380945,0,1,0
1.941941941941942,0.06536903782254608,0.033623755221799355,0.9944900511784196,0.06142797635002071,-0.06273121436862904,0.06150889619794872,0.13044382673180752,0.13015666769627904,0,1,0
1.961961961961962,0.06579454301807877,0.021275259776634574,0.995651464187587,0.05807065045837117,-0.061348274467831414,0.06914699503988105,0.12992907655760536,0.12981967171784095,0,1,0
1.981981981981982,0.0659786534579724,0.009205521994680974,0.9967334376935673,0.054098675299014055,-0.059754833381722904,0.07967205430542529,0.12956247233601265,0.12958406205201106,0,1,0
2.002002002002002,0.06592731979890944,-0.002566682953148056,0.9977273967398663,0.04969795231495566,-0.05802295993442661,0.08659367236481487,0.12927693792633618,0.12946350128763282,0,1,0
2.022022022022022,0.06564706024038958,-0.014012977925993271,0.9986277060402732,0.045015465020344564,-0.05612171966889611,0.09506201327652371,0.12953972622345072,0.12920459774003062,0,1,0
2.042042042042042,0.06514461943832055,-0.025122040103451627,0.9994348137638149,0.04035538617708658,-0.05470128952755245,0.07102150706718373,0.12826380139057506,0.1284964185121592,0,1,0
2.062062062062062,0.06442896143953751,-0.03578289993915177,1.0001197877679526,0.03424870020688373,-0.053383208048665184,0.06590407394436383,0.12858097892926165,0.12916016338236022,0,1,0
2.0820820820820822,0.06350472753541492,-0.04621169520612985,1.0006974377413824,0.028882498671494398,-0.05196951371605795,0.07068471663036124,0.12873457520603618,0.12953911445869554,0,1,0
2.1021021021021022,0.06237661933025322,-0.05640541025808467,1.001175913894745,0.023923807668130216,-0.05046729565844951,0.07511090288042153,0.1287296122638784,0.12975896434015854,0,1,0
2.1221221221221223,0.06104996577523931,-0.06633267775069572,1.0015586802446113,0.019138317493315134,-0.04887584163909056,0.07957270096794822,0.12864943069340154,0.12989728217288174,0,1,0
2.1421421421421423,0.059530517543284894,-0.07597241159772063,1.0018468914868488,0.01441056211187502,-0.047115243294583754,0.0880299172253402,0.1285688487543877,0.1299734133913439,0,1,0
2.1621621621621623,0.05782441966642167,-0.08530489384316128,1.002040784426067,0.00969464696090722,-0.045163832659807855,0.09757053173879486,0.12848277818166828,0.13001597789884398,0,1,0
2.1821821821821823,0.05593854344505546,-0.09429381106831071,1.0021400387788797,0.004962717640628322,-0.04312212234310146,0.10208551583532004,0.12837595850604974,0.1300890753272032,0,1,0
2.2022022022022023,0.05388042972467686,-0.10290568601892974,1.0021445001509053,0.00022306860128287753,-0.04094891839472966,0.1086601974185901,0.1283665183383945,0.13022196976314077,0,1,0
2.2222222222222223,0.05165788840735235,-0.11112706586622545,1.0020563407889207,-0.004407968099227194,-0.03868193454014633,0.11334919272916627,0.12835911675057607,0.13036906002774462,0,1,0
2.2422422422422423,0.049279193294775814,-0.11893475562882702,1.001877978280031,-0.008918125444484871,-0.03627564812483913,0.12031432076536004,0.1284068937060018,0.13052727304090186,0,1,0
2.2622622622622623,0.04675298154792215,-0.1263105873426831,1.0016128079242088,-0.013258517791108307,-0.03378190837080592,0.12468698770166063,0.1284942568068003,0.13074293803673462,0,1,0
2.2822822822822824,0.044088360792613863,-0.13323103776541448,1.0012656619461562,-0.017357298902633916,-0.031187015511890633,0.12974464294576454,0.12861928053972266,0.13097276580074704,0,1,0
2.3023023023023024,0.04129477119243252,-0.1396794800090671,1.0008421298192955,-0.021176606343033012,-0.028495879149033104,0.1345568181428765,0.12882393455148472,0.1312687848246697,0,1,0
2.3223223223223224,0.038381995105935346,-0.1456388043248587,1.0003499494353287,-0.024609019198338987,-0.025710807586410263,0.13925357813114195,0.12895222337012738,0.13147220450441788,0,1,0
2.3423423423423424,0.035360334949033116,-0.15108300784511153,0.9997943423956811,-0.027780351982381758,-0.022920290333435397,0.13952586264874314,0.12918199833723018,0.13182005546449554,0,1,0
2.3623623623623624,0.032240342717505005,-0.15599961157640552,0.9991841544881922,-0.030509395374447256,-0.020088031196293914,0.14161295685707426,0.12937248047277045,0.13209053741147098,0,1,0
2.3823823823823824,0.029032693298251377,-0.16038247096268146,0.9985264753575619,-0.03288395653151794,-0.017234531795065792,0.1426749700614062,0.12968868771042916,0.1324856706105869,0,1,0
2.4024024024024024,0.025748126291956847,-0.16422835031472646,0.9978320771546623,-0.03471991014497986,-0.01426248152794777,0.1486025133559009,0.13006575147136124,0.13285905067193218,0,1,0
2.4224224224224224,0.02239757124509635,-0.16752775234302472,0.9971122827288436,-0.03598972129093468,-0.011250142895115856,0.15061693164159565,0.13040983644086573,0.13322907880063575,0,1,0
2.4424424424424425,0.01899252363840923,-0.17025238033435608,0.9963778527651821,-0.036721498183074616,-0.008311956690621295,0.1469093102247281,0.13069285003969464,0.13359723281157174,0,1,0
2.4624624624624625,0.015544635209047641,-0.17239442146807937,0.9956385836607206,-0.03696345522307913,-0.005369925863928265,0.1471015413346514,0.1310210223421821,0.13394581601348698,0,1,0
2.4824824824824825,0.01206527933540975,-0.1739677936818946,0.9949046135979068,-0.03669850314068699,-0.0023158837056723087,0.1527021079127979,0.1314374485471189,0.13429063549059644,0,1,0
2.5025025025025025,0.008565994512829836,-0.1749642411289957,0.9941872991316207,-0.03586572331430391,0.0006974757077166051,0.15066797066944565,0.13177486475026196,0.13463456267706986,0,1,0
2.5225225225225225,0.005058805245103301,-0.17535946338632677,0.9934967804136088,-0.03452593590059979,0.003628933298966787,0.14657287956250908,0.13019767128870635,0.13347816771056745,0,1,0
2.5425425425425425,0.001555528375884293,-0.1751638434609504,0.9927925694713564,-0.03521054711262046,0.0069088339694293845,0.16399503352312989,0.1301792302959582,0.13316263054351668,0,1,0
2.5625625625625625,-0.0019323780342097325,-0.17439532050470127,0.9920696937416409,-0.03614378648577786,0.010253497585821584,0.16723318081960997,0.13187194744199596,0.13471688062769183,0,1,0
2.5825825825825826,-0.005391823067164467,-0.17297225164773675,0.9913761878739665,-0.03467529338371728,0.013625224445817161,0.16858634299977865,0.13300779059417353,0.13570345915249418,0,1,0
2.6026026026026026,-0.008809262722064068,-0.17087198274498008,0.990743380146997,-0.03164038634847755,0.016882340210546163,0.1628557882364502,0.13376975514192374,0.1363876287013334,0,1,0
2.6226226226226226,-0.012171036285468322,-0.1680886781702127,0.990192532528357,-0.027542380931997495,0.02006486273452646,0.15912612619901484,0.134269945303946,0.13676971070035213,0,1,0
2.6426426426426426,-0.015463904217109137,-0.16464339658204077,0.9897365150127281,-0.022800875781448886,0.023109395219874023,0.1522266242673782,0.1345721261755993,0.13697642632368462,0,1,0
2.6626626626626626,-0.018674948102166754,-0.16055219425288092,0.9893826292272299,-0.017694289274913597,0.025959201052280213,0.14249029162030932,0.13476567290342578,0.1370952567167373,0,1,0
2.6826826826826826,-0.02179183638880869,-0.15584441433209667,0.9891352373673844,-0.012369592992271911,0.028594386089041857,0.13175925183808235,0.13481171349103385,0.1370709874214297,0,1,0
2.7027027027027026,-0.024803157494360295,-0.1505660552775803,0.9889943802909953,-0.007042853819457854,0.031094896286658194,0.12502550988081668,0.1349640351031896,0.13708992042441165,0,1,0
2.7227227227227226,-0.02769829724363653,-0.14475698746381185,0.9889623045798652,-0.001603785556502372,0.033485239179135345,0.11951714462385808,0.13496990198817513,0.13693263740247794,0,1,0
2.7427427427427427,-0.03046730157298384,-0.13845021646736538,0.9890364673829366,0.00370814015356822,0.03573000124402722,0.11223810324459357,0.13486837990294506,0.13668213681556393,0,1,0
2.7627627627627627,-0.03310073722524822,-0.1316717826132192,0.9892113456142755,0.008743911566946531,0.03774014000698271,0.10050693814777442,0.1346958079604373,0.13640927432762456,0,1,0
2.7827827827827827,-0.035589890518856346,-0.12445766468040616,0.9894800319915659,0.013434318864521788,0.039579711245729954,0.09197856193736244,0.13452412288585783,0.13609207489440786,0,1,0
2.8028028028028027,-0.03792702278703032,-0.11685661340869864,0.9898349924261963,0.01774802173152075,0.041238887418730365,0.08295880865002035,0.13435387812690916,0.13577353850095086,0,1,0
2.8228228228228227,-0.040105081791217606,-0.10890295020936411,0.9902687063381196,0.021685695596161007,0.042657313466629175,0.07092130239494013,0.13413544832218796,0.13544285286593197,0,1,0
2.8428428428428427,-0.042117829019902714,-0.10063736143425528,0.9907727773621174,0.025203551199890695,0.043860161353315406,0.06014239433431203,0.13386278829186835,0.13504260974152077,0,1,0
2.8628628628628627,-0.043960132200596816,-0.09211515903470513,0.9913370080714702,0.02821153546763847,0.04494051507696023,0.054017686182241294,0.13359486114563093,0.13458229282250397,0,1,0
2.8828828828828827,-0.0456277056217219,-0.08337867105625409,0.9919504128145594,0.030670237154459982,0.04579861956299797,0.04290522430188764,0.13348919542786067,0.13434572089362398,0,1,0
2.9029029029029028,-0.047116555741271805,-0.07444250597749508,0.9926077360088882,0.032866159716439476,0.046456699706548164,0.03290400717750884,0.13319982855879925,0.1339089246166489,0,1,0
2.9229229229229228,-0.04842386165906625,-0.06536529588972216,0.9932980765368766,0.03451702639942333,0.04696461229099981,0.025395629222582365,0.13294442815232643,0.13347364634292047,0,1,0
2.942942942942943,-0.04954757403698252,-0.05618561889581325,0.9940110930816158,0.035650827236961065,0.04732515023721512,0.018026897310765466,0.13268223405303814,0.13302621331505424,0,1,0
2.962962962962963,-0.050486277460255906,-0.04693517116366931,0.9947361906339284,0.03625487761562413,0.04756902909310508,0.012193942794497844,0.13236439362460017,0.13250814882360104,0,1,0
2.982982982982983,-0.051239218639023795,-0.037647058938394456,0.9954609323978071,0.036237088193938095,0.0476864126593711,0.005869178313300735,0.13213278553369548,0.1320798623755767,0,1,0
3.003003003003003,-0.05180595783629261,-0.028336959863440862,0.9961755078272996,0.03572877147462547,0.047618280677304066,-0.00340659910335034,0.13188368399276956,0.13167593404937317,0,1,0
3.023023023023023,-0.052186584360994465,-0.019031326235092565,0.9968702315284326,0.03473618505665164,0.04740798530737725,-0.010514768496340702,0.13121383844198745,0.1310053029596358,0,1,0
3.043043043043043,-0.05238234861114916,-0.009788212507734796,0.9975252797708339,0.03275241212007093,0.047130629692484924,-0.013867780744617276,0.13109129929312274,0.13064829557228563,0,1,0
3.063063063063063,-0.052394509038597194,-0.0006080213724016653,0.9981335949442931,0.03041575867295678,0.04680215548543797,-0.016423710352346927,0.13115290566083818,0.13046389053235227,0,1,0
3.083083083083083,-0.05222428330095384,0.008511286882167728,0.9986934106476801,0.027990785169350205,0.04633694792691132,-0.023260377926332,0.1311276555019349,0.13024862301484866,0,1,0
3.103103103103103,-0.051873162897748994,0.01755602016024228,0.9992012273289828,0.02539083406513325,0.045685491098993364,-0.032572841395897584,0.13109495346357347,0.13006413146956555,0,1,0
3.123123123123123,-0.051343190122951576,0.02649863873987076,0.9996539146191038,0.022634364506052537,0.04490738515007059,-0.038905297446138694,0.13103519615200532,0.12981915506188055,0,1,0
3.143143143143143,-0.050637153966845566,0.03530180780530062,1.0000470785853763,0.019658198313624958,0.043980041173221684,-0.046367198842445084,0.13099031638567515,0.12961048285956245,0,1,0
3.163163163163163,-0.04975830378099354,0.04394250929260138,1.0003771028490374,0.016501213183045847,0.042920886987409396,-0.05295770929061519,0.13091087062607362,0.1293622629650593,0,1,0
3.183183183183183,-0.04871049154288289,0.05239061190553212,1.0006392968650766,0.01310970080195601,0.041714538973377735,-0.06031740070158323,0.1308574337346646,0.12915806606863134,0,1,0
3.203203203203203,-0.04749802838815553,0.060623157736367964,1.00083002474721,0.009536394106669357,0.040370415495438995,-0.06720617389693723,0.13084222950798982,0.12899408795410702,0,1,0
3.2232232232232234,-0.04612571796175766,0.06861552131989337,1.00094683084113,0.005840304696008448,0.03886653509936203,-0.07519401980384768,0.1308276428320719,0.1288585571867951,0,1,0
3.2432432432432434,-0.04459891653157783,0.07634007150899152,1.0009877052952039,0.002043722703693994,0.037293086992620204,-0.07867240533709137,0.13089272052977416,0.12875381853981363,0,1,0
3.2632632632632634,-0.04292347446647092,0.08377210325534559,1.0009522901454926,-0.0017707574855689457,0.03560374853181917,-0.08446692304005217,0.13098345833972833,0.12871212398141857,0,1,0
3.2832832832832834,-0.04110543364673012,0.09090204098704004,1.0008415418739194,-0.005537413578655299,0.033732879902538114,-0.09354343146405265,0.13108719760374477,0.12874116364710567,0,1,0
3.3033033033033035,-0.039151264673984304,0.09770844863729068,1.0006576631717563,-0.009193935108151752,0.031708321715205386,-0.10122790936663678,0.13120471635038225,0.12878169165260184,0,1,0
3.3233233233233235,-0.037068143701379425,0.10415604863024384,1.0004032437559347,-0.012720970791083789,0.029579899851642166,-0.10642109317816045,0.13139739959260144,0.12888134267674234,0,1,0
3.3433433433433435,-0.03486381750317633,0.11021630991015455,1.0000828674335793,-0.016018816117772245,0.02744706042372414,-0.10664197139590179,0.1315287163352166,0.12886304190550982,0,1,0
3.3633633633633635,-0.03254643337568775,0.11586920637442898,0.9996984592445048,-0.01922040945372446,0.025176958205557206,-0.11350511090834665,0.13182098193146,0.12910531891291344,0,1,0
3.3833833833833835,-0.03012408355485339,0.12111749104171818,0.9992581699259142,-0.022014465929532753,0.022893008129303425,-0.11419750381268877,0.13206761650085755,0.12923742982639647,0,1,0
3.4034034034034035,-0.027605426487401226,0.12593285337260807,0.9987678396114986,-0.024516515720780976,0.020555618325514072,-0.11686949018946804,0.1323177532346231,0.1294121508892015,0,1,0
3.4234234234234235,-0.024999149151158293,0.1303138668121466,0.9982339733286361,-0.026693314143125514,0.018087998023232042,-0.12338101511410135,0.13276883965860292,0.12984149675161583,0,1,0
3.4434434434434436,-0.022314056580405035,0.13425462853766285,0.9976698086389395,-0.028208234484830123,0.015494857319219396,-0.12965703520063232,0.13296078328023112,0.13004144889619473,0,1,0
3.4634634634634636,-0.019559668822274924,0.1377193879065056,0.9970813359401074,-0.029423634941602928,0.01283237289218675,-0.13312422135163224,0.13324865246056447,0.13032015773077746,0,1,0
3.4834834834834836,-0.016745984753378365,0.1406842034448279,0.9964771176209353,-0.030210915958603587,0.01014308484314063,-0.13446440245230584,0.1335380838871007,0.13059065829126246,0,1,0
3.5035035035035036,-0.013883303090311548,0.1431340831533409,0.9958655955308594,-0.030576104503791238,0.007429553995823574,-0.13567654236585291,0.13384146544777886,0.13089040329843799,0,1,0
3.5235235235235236,-0.010982043997548355,0.14506295463815966,0.995255825304019,-0.03048851134202002,0.004664886309231676,-0.13823338432959487,0.1347046124255997,0.13174534302999613,0,1,0
3.5435435435435436,-0.008052657100729835,0.14646934484092597,0.9946733528801532,-0.029123621193288585,0.0018349624533558295,-0.14149619279379227,0.13476964754280538,0.1318677685057373,0,1,0
3.5635635635635636,-0.0051060010814656335,0.14733280096321008,0.9941210214175245,-0.027616573131438813,-0.0010951236539322787,-0.14650430536440542,0.1348803744455801,0.1320838548970636,0,1,0
3.5835835835835836,-0.0021532658057910534,0.147636763783729,0.9936037089163304,-0.025865625059698576,-0.004003794006853233,-0.14543351764604764,0.13505314597070878,0.1323060588393909,0,1,0
3.6036036036036037,0.0007939770018769747,0.1473621403834014,0.9931272711483028,-0.023821888401381858,-0.006897219993117316,-0.14467129931320427,0.1352563835236839,0.13257536797189828,0,1,0
3.6236236236236237,0.0037242031853529384,0.14651130917379818,0.9926986793769846,-0.021429588565909055,-0.009770947382451798,-0.14368636946672414,0.13538943612919313,0.13279755054725986,0,1,0
3.6436436436436437,0.006625892151773973,0.14508444832105175,0.9923231336449829,-0.01877728660008478,-0.012547506539591361,-0.13882795785697802,0.1355847493941252,0.13304544128830126,0,1,0
3.6636636636636637,0.009487634703336585,0.14308712757813058,0.9920071044690189,-0.01580145879820235,-0.015323983308757613,-0.13882383845831253,0.13567992328539027,0.1332750151827444,0,1,0
3.6836836836836837,0.01229832818863405,0.1405346742648732,0.991755279243038,-0.012591261299043262,-0.01800673092434663,-0.13413738077945075,0.13579046324747118,0.1334801399278511,0,1,0
3.7037037037037037,0.01504685846141671,0.13742651363913302,0.991572179767152,-0.009154973794299614,-0.02055761726123031,-0.12754431684418407,0.13581756867635733,0.1335870583835258,0,1,0
3.7237237237237237,0.01772255172151939,0.13378466300513397,0.9914596129141424,-0.0056283426504741395,-0.023032606763357742,-0.12374947510637165,0.13584708796270173,0.13373913254169667,0,1,0
3.7437437437437437,0.020315218200035366,0.12963332392579893,0.9914200720883287,-0.001977041290682237,-0.025419305947468815,-0.11933495920555347,0.1357829222842341,0.1338089191450664,0,1,0
3.7637637637637638,0.022815036389880118,0.12499090949223766,0.9914534251176749,0.0016676514673084702,-0.0277307888527972,-0.11557414526641908,0.13573206106040162,0.13390755571768564,0,1,0
3.7837837837837838,0.025212481245751723,0.11987224279358022,0.9915601486484622,0.0053361765393654,-0.029890442513152756,-0.10798268301777775,0.13554958145813573,0.13384258563094803,0,1,0
3.803803803803804,0.02749851166536454,0.11430152098064084,0.9917363328146513,0.008809208309456062,-0.03197156541658458,-0.10405614517159094,0.13544752306337796,0.13391771381005196,0,1,0
3.823823823823824,0.02966460443518311,0.1083046384909284,0.9919813305391864,0.012249886226752844,-0.03398602648396269,-0.10072305336890598,0.13529104806753112,0.1339587197800535,0,1,0
3.843843843843844,0.03170253897686506,0.10189672708409758,0.9922931752055185,0.015592233316608035,-0.03582466218667321,-0.09193178513552548,0.1351713773962409,0.13396980066417372,0,1,0
3.863863863863864,0.03360442879891099,0.09509449110229645,0.9926699940535223,0.01884094240018885,-0.03755457785596026,-0.08649578346435233,0.13471961062478113,0.13371859747820847,0,1,0
3.883883883883884,0.03536333236870018,0.0879451784894593,0.9931011235513827,0.02155647489301702,-0.03903815522848524,-0.07417886862624912,0.1343515970721857,0.13347331226675058,0,1,0
3.903903903903904,0.036972791464815226,0.08047295480575234,0.9935772318432782,0.02380541459477189,-0.04032164155049005,-0.06417431610024063,0.13395115599563456,0.1332398232557744,0,1,0
3.923923923923924,0.03842738777318647,0.07272981541856209,0.9940887091511392,0.025573865393053775,-0.041457557807252514,-0.056795812838123655,0.13358388102364774,0.13306850549397645,0,1,0
3.943943943943944,0.03972241453083966,0.06475133788265987,0.9946273812667509,0.026933605780580717,-0.042381033565734916,-0.04617378792411957,0.1333815751816009,0.13301183068712139,0,1,0
3.963963963963964,0.040853684703968385,0.05656350865643601,0.9951892313024586,0.02809250178538985,-0.04323903415127804,-0.04290002927715735,0.13295826962317236,0.13283465115489523,0,1,0
3.983983983983984,0.041817997817959786,0.04821565569957012,0.9957652184383262,0.02879935679338246,-0.04395723643215539,-0.03591011404386651,0.13262033202427612,0.13270125188759707,0,1,0
4.004004004004004,0.04261233202392642,0.039716710298331716,0.9963482218418711,0.029150170177247012,-0.04447124707574647,-0.02570053217955365,0.13236295061908437,0.13261050765861457,0,1,0
4.024024024024024,0.04323414528637603,0.031090663122480523,0.996932966038288,0.02923720982084183,-0.044746978723600755,-0.013786582392714951,0.1314661860931453,0.1315603451700054,0,1,0
4.044044044044044,0.04368283040276697,0.022434255819547104,0.9974905469964291,0.027879047907061416,-0.045149983604634375,-0.0201502440516809,0.1309664010835109,0.1314281623970511,0,1,0
4.064064064064064,0.043957764958775486,0.01374672780042574,0.9980115636883325,0.02605083459517178,-0.04544814936333153,-0.014908287934857524,0.13092528181095422,0.13161195124822145,0,1,0
4.084084084084084,0.0440573973055756,0.004981617340005556,0.9984980571903109,0.024324675098921455,-0.045671057085184395,-0.011145386092643858,0.13069333223657414,0.13162836020141291,0,1,0
4.104104104104104,0.04398076170473537,-0.0038317800420114706,0.9989467850899642,0.02243639498265928,-0.045712096228903945,-0.002051957185977093,0.1304720758832577,0.13159018415500662,0,1,0
4.124124124124124,0.04372725072290961,-0.012675549091287796,0.9993538684985788,0.020354170430732475,-0.0455839371939272,0.0064079517488370725,0.13020968211113715,0.13151777117293878,0,1,0
4.1441441441441444,0.04329700075137561,-0.021512498576700123,0.9997143452199622,0.01802383606917242,-0.04526767959136623,0.015812880128048434,0.12993070742937146,0.13141484651247237,0,1,0
4.1641641641641645,0.0426908320066591,-0.03030843723582534,1.0000225860391552,0.015412040959651745,-0.04475002447727965,0.025882755704329137,0.12963849636632718,0.13128414750643352,0,1,0
4.1841841841841845,0.041910333038318814,-0.03902494841701435,1.0002723876439954,0.012490080242015447,-0.04405984757362794,0.03450884518258521,0.12932697205433943,0.13114318778266787,0,1,0
4.2042042042042045,0.04095783551710437,-0.04762487606072203,1.0004571433108307,0.0092377833417687,-0.04312427778149588,0.04677848960660303,0.12909217432515702,0.13102135419975466,0,1,0
4.2242242242242245,0.039836336089036445,-0.056074971403396144,1.0005716929635802,0.005727482637471398,-0.0420524665167164,0.05359056323897365,0.1288032109284684,0.1309035397580662,0,1,0
4.2442442442442445,0.03854974040428085,-0.06432978423777955,1.0006101729771284,0.0019240006774134044,-0.0407926089543434,0.0629928781186501,0.12866140075128424,0.13088970115317777,0,1,0
4.2642642642642645,0.03710231811650567,-0.0723711143887592,1.0005704550550987,-0.001985896101487929,-0.039343988431027495,0.0724310261657959,0.12864908912234313,0.1309982342418615,0,1,0
4.2842842842842845,0.035498951318357376,-0.08016833990741476,1.000454164124923,-0.005814546508788201,-0.03780278753578803,0.07706004476197294,0.12848652535811972,0.13100048298543526,0,1,0
4.3043043043043046,0.03374532042984455,-0.08768154442564131,1.0002591502001767,-0.009750696237307278,-0.03607393807145133,0.08644247321683474,0.12845931714770464,0.1310602719362741,0,1,0
4.324324324324325,0.03184734422424256,-0.0948988102800996,0.9999861240952026,-0.013651305248709384,-0.03411962338087393,0.09771573452887031,0.12853602808753914,0.1311854245878852,0,1,0
4.344344344344345,0.029811594376911808,-0.10178749236653767,0.9996383199083111,-0.01739020934457596,-0.03197213600273949,0.10737436890672183,0.12861845216844836,0.13132442988689746,0,1,0
4.364364364364365,0.027645563809064796,-0.10830152839235054,0.9992192800273347,-0.02095199404881528,-0.029758651109986062,0.11067424463767184,0.1287659456246841,0.13158290666967304,0,1,0
4.384384384384385,0.025357360564735358,-0.11441016221647189,0.9987352889916219,-0.024199551785639525,-0.027456630808249484,0.11510101508682871,0.12892707223226565,0.13183454333670266,0,1,0
4.404404404404405,0.022955325379287683,-0.12010175927238373,0.9981927225752248,-0.02712832081985111,-0.024972000817212497,0.12423149955184938,0.12920801577164084,0.1321250342371955,0,1,0
4.424424424424425,0.02044814315482154,-0.12535911122330712,0.9976002976561801,-0.02962124595224059,-0.02234974254742159,0.13111291348954482,0.12939946359146273,0.13232659517592843,0,1,0
4.444444444444445,0.017845312316597126,-0.13014154191122063,0.9969640869106916,-0.031810537274422665,-0.019633598724482646,0.1358071911469475,0.12975988756470114,0.13271112890846518,0,1,0
4.464464464464465,0.015156756859599522,-0.13442777284988014,0.9962953645448025,-0.033436118294458105,-0.016814153272374684,0.14097227260539852,0.13012531850426337,0.13307699130403722,0,1,0
4.484484484484485,0.012392824750966057,-0.13819660543167325,0.995605184135383,-0.034509020470971874,-0.013892195615923957,0.1460978828225363,0.13050256570899066,0.1334319078480242,0,1,0
4.504504504504505,0.009564316422192092,-0.14142541643869824,0.9949045913588471,-0.0350296388267926,-0.010866337710709151,0.15129289526074022,0.1309094270075491,0.1337953511611291,0,1,0
4.524524524524525,0.006682530161674501,-0.14408931302587952,0.9942051724413001,-0.03497094587735154,-0.007832876796665852,0.1516730457021649,0.13137585952820352,0.1344820760930759,0,1,0
4.544544544544545,0.0037591235092453534,-0.14617033262145737,0.9935241570775716,-0.03405076818642985,-0.004571833993153027,0.16305214017564135,0.13125091726805435,0.13419066322034492,0,1,0
4.564564564564565,0.0008061068960636551,-0.1476508306590849,0.9928554889373115,-0.03343340701300667,-0.0012434762141715647,0.16641788894907308,0.13197331356107272,0.13480186556653853,0,1,0
4.584584584584585,-0.0021637874424234593,-0.14849471692435573,0.9922190043690456,-0.031824228413292875,0.002066947811629058,0.16552120129003117,0.13248636494548358,0.13524113125633133,0,1,0
4.604604604604605,-0.005137467504773844,-0.14868400311751925,0.9916288500114062,-0.029507717881971384,0.005387622468103469,0.16603373282372058,0.1329724270708917,0.1356170767630843,0,1,0
4.624624624624625,-0.008101787541576325,-0.148216001840124,0.9910977909143639,-0.026552954852117193,0.00865257509902149,0.16324763154590108,0.13343951209986546,0.1359862980469416,0,1,0
4.644644644644645,-0.011043502326476835,-0.14708573924502558,0.9906381673716235,-0.022981177137022055,0.011851072193579965,0.1599248547279236,0.13380265022453258,0.1362628339759286,0,1,0
4.664664664664665,-0.013949475590350565,-0.14529866319368645,0.9902593641956933,-0.018940158796511144,0.014871702518126799,0.15103151622734165,0.13390815890515714,0.13633543208227136,0,1,0
4.684684684684685,-0.016806968267578812,-0.1428746338614124,0.9899638886291776,-0.014773778325785601,0.017858199938526838,0.14932487102000203,0.13404277788342103,0.136323712265536,0,1,0
4.704704704704705,-0.019603841140769965,-0.13984364365955765,0.9897533996190293,-0.010524450507414056,0.020656275279159194,0.1399037670316176,0.1342535043530268,0.13646658306437218,0,1,0
4.724724724724725,-0.02232811512397908,-0.13621369916045578,0.9896329390559182,-0.006023028155553621,0.023355343720749946,0.1349534220795376,0.1342748141105885,0.13636319953982365,0,1,0
4.744744744744745,-0.02496864614779192,-0.13202655119064205,0.9896010751973754,-0.0015931929271426372,0.025952993094980083,0.1298824687115066,0.13444866596338828,0.13640369987773385,0,1,0
4.764764764764765,-0.027514571833581178,-0.1272962842894628,0.9896607446424951,0.0029834722559863884,0.028401656525173142,0.122433171509653,0.13444244256826374,0.13627045238253774,0,1,0
4.784784784784785,-0.029955621660665146,-0.1220524913541984,0.9898096248975443,0.007444012752460383,0.030783011664580848,0.11906775697038535,0.13433501487199795,0.1359889083549034,0,1,0
4.804804804804805,-0.032282197396665366,-0.11632878680001102,0.9900416888800921,0.011603199127389559,0.033062545373879614,0.1139766854649386,0.1343274184423451,0.13580765496405464,0,1,0
4.824824824824825,-0.034484885524937,-0.11013440641358178,0.9903538579641447,0.015608454202623743,0.0351640911609526,0.10507728935364898,0.13425516446265615,0.1355910652822043,0,1,0
4.844844844844845,-0.0365547758548622,-0.10349451649625976,0.9907415641506854,0.019385309327035066,0.03709857653515259,0.09672426870999967,0.13404314631236602,0.1352260965957069,0,1,0
4.864864864864865,-0.03848383878268675,-0.09645314639122757,0.9911959782270132,0.022720703816394433,0.03886999758510583,0.08857105249766237,0.13391090908644845,0.13493455720487113,0,1,0
4.884884884884885,-0.04026465511846856,-0.08904081678909051,0.9917105475761204,0.025728467455359567,0.040464933648915034,0.07974680319046028,0.1335646523771628,0.13443549457180434,0,1,0
4.904904904904905,-0.041890742845054355,-0.08130438632928969,0.9922724904785304,0.028097145120495628,0.04191673281506927,0.07258995830771128,0.13330422472555123,0.13399876539818636,0,1,0
4.924924924924925,-0.04335626235914731,-0.07327597570464782,0.9928712360116739,0.029937276657179303,0.043218001688176286,0.06506344365535043,0.13299228458789186,0.13350725366834365,0,1,0
4.944944944944945,-0.044656023942871485,-0.06498807918620869,0.993494654893338,0.031170944083201074,0.04433151508114304,0.0556756696483379,0.13302358141297554,0.13336575559507668,0,1,0
4.964964964964965,-0.045785016776155436,-0.0564496416641975,0.9941408974091226,0.03231212578922822,0.04521749468637976,0.04429898026183614,0.1328502295252128,0.13304647270706899,0,1,0
4.984984984984985,-0.04673930631212922,-0.04771447679868907,0.9948024801301755,0.03307913605264502,0.04601251524703318,0.0397510280326718,0.13281909517729126,0.13276012451117933,0,1,0
5.005005005005005,-0.04751564933418321,-0.03881715110269938,0.9954745482054675,0.033603403764603454,0.04657121698850399,0.02793508707354004,0.13247867067411276,0.13226895993665966,0,1,0
5.025025025025025,-0.04811164039975688,-0.02979955327868335,0.9961446522011013,0.0335051997816845,0.04706594583981139,0.02473644256537004,0.1322464933649129,0.13219056954196298,0,1,0
5.045045045045045,-0.04852530694697818,-0.020683327361065065,0.9968080946980061,0.033172124845241804,0.04762407856581465,0.027906636300162827,0.1317465318889279,0.13132110574037395,0,1,0
5.065065065065065,-0.0487557664979281,-0.011522977547495965,0.9974445196729721,0.031821248748299384,0.0481404621911231,0.02581918126542265,0.13188323101903263,0.13114284858813008,0,1,0
5.085085085085085,-0.048800911225626915,-0.0022572363849406984,0.9980532092027959,0.030434476491189626,0.04843187219469349,0.014570500178519468,0.13181668763079196,0.1308758093627217,0,1,0
5.105105105105105,-0.04865908512714816,0.007091304923937976,0.9986291307371538,0.028796076717888856,0.04856152517757838,0.006482649144243433,0.13165802519631042,0.13047910687956968,0,1,0
5.125125125125125,-0.04832964671336537,0.016471920689139198,0.9991640115556162,0.02674404092312112,0.04851835952193662,-0.0021582827820874253,0.13146163605571942,0.13005364453652823,0,1,0
5.145145145145145,-0.04781258525071334,0.025853073132601802,0.9996486254952142,0.02423069697989671,0.04820620521600432,-0.015607715296615412,0.13123496835812054,0.12966462677868307,0,1,0
5.165165165165165,-0.04710857571098718,0.035200476986307995,1.000073870138181,0.02126223214833966,0.04762198467210948,-0.02921102719474227,0.1309693200201963,0.12925441505433297,0,1,0
5.185185185185185,-0.04621936795811452,0.04446038764363279,1.0004298027025098,0.017796628216437724,0.04677053417674645,-0.04257252476815058,0.13074183085113988,0.12889457432122292,0,1,0
5.205205205205205,-0.04514767817918943,0.053584488946254435,1.0007078397431726,0.013901852033141251,0.04564726102812203,-0.05616365743122176,0.1305729986414972,0.12861340418578376,0,1,0
5.225225225225225,-0.04389717240554449,0.06252528868224709,1.0009014763629744,0.00968183099009308,0.044322645545271155,-0.06623077414254368,0.13047861613226752,0.1283763032797013,0,1,0
5.245245245245245,-0.04247241198795913,0.07123802087926806,1.0010060060465669,0.005226484179621975,0.042738221592930524,-0.07922119761703103,0.13042618101752412,0.1282361012291252,0,1,0
5.265265265265265,-0.0408786950041443,0.0796858491907416,1.0010188061480922,0.0006400050762717397,0.041011213698572545,-0.08635039471789896,0.13046344510496277,0.12812658404791108,0,1,0
5.285285285285285,-0.03912221169584763,0.08782416541483368,1.000939071443203,-0.003986735244460853,0.03917613975224282,-0.09175369731648651,0.1307128935529555,0.1281983799237705,0,1,0
5.305305305305305,-0.037209370069050215,0.09564208133987062,1.000771834071847,-0.008361868567797706,0.03707689215657666,-0.10496237978330789,0.13104137902642113,0.1284764035741769,0,1,0
5.325325325325325,-0.03514693038652287,0.10312198412636728,1.000526354597174,-0.012273973733647872,0.03482529703974976,-0.1125797558413446,0.13109836352618826,0.12843769169940664,0,1,0
5.345345345345345,-0.032942960831483424,0.11019847775197217,1.000203211182963,-0.016157170710552844,0.032369592315381265,-0.12278523621842477,0.13132257727847185,0.12863600286461271,0,1,0
5.365365365365365,-0.030605957654224487,0.11685015886294688,0.9998089708357258,-0.019712017361862486,0.02980891960256886,-0.1280336356406206,0.13159636759685672,0.1288348663137526,0,1,0
5.385385385385385,-0.028145183649231895,0.12303870024962968,0.9993509498534692,-0.022901049112831747,0.027154360888803086,-0.13272793568828845,0.13181430041048595,0.12898073619284597,0,1,0
5.405405405405405,-0.025570383639610023,0.12874000048109363,0.9988348426140253,-0.02580536197219155,0.02440616798159438,-0.13740964536043526,0.13194390138105702,0.12904426324520074,0,1,0
5.425425425425425,-0.022891734773575912,0.1339324433017056,0.9982638012932687,-0.028552066037831645,0.021515678891212017,-0.1445244545191185,0.1323497655512168,0.12942195785560298,0,1,0
5.445445445445445,-0.020119576080186045,0.13860793466949325,0.9976497046194575,-0.030704833690563052,0.018459084729271852,-0.15282970809700802,0.13258703003653596,0.12970816425926482,0,1,0
5.465465465465465,-0.017264997925400774,0.14272890773926356,0.9970005632820922,-0.032457066868261455,0.015371488214547148,-0.15437982573623515,0.13306442509098015,0.13016056942411897,0,1,0
5.485485485485485,-0.014339586177860263,0.1462705873770256,0.9963303871363492,-0.03350880728714877,0.012164162013074735,-0.16036631007362076,0.1334899063310429,0.1306406423673507,0,1,0
5.505505505505505,-0.011355228466298686,0.14921788557807888,0.9956527938732704,-0.033879663153941524,0.008985141338086276,-0.15895103374942296,0.13388610148559218,0.1310178755040757,0,1,0
5.525525525525525,-0.008324352024974902,0.15154382206618913,0.994979413628406,-0.03366901224322171,0.005851084326418887,-0.15670285058336944,0.13303067438520116,0.13010047460965238,0,1,0
5.545545545545545,-0.005259656762646217,0.15323476311643427,0.9942841152711523,-0.03476491786268638,0.0026888594443062433,-0.1581112441056322,0.13423997315493486,0.13136138447280138,0,1,0
5.565565565565565,-0.0021731271586890233,0.15432648019785966,0.9936035844870027,-0.03402653920748012,-0.0004970696193829362,-0.15929645318445898,0.1348125805159312,0.13199575570903854,0,1,0
5.585585585585585,0.0009228595277633728,0.1547993343226198,0.9929557555060837,-0.03239144904594703,-0.0036921469324181265,-0.15975386565175953,0.13521311666215674,0.13249129740398505,0,1,0
5.605605605605605,0.0040156994653811635,0.1546419968808895,0.9923539173547081,-0.030091907568777256,-0.006813841520485125,-0.15608472940334991,0.135756642348724,0.133072535815464,0,1,0
5.625625625625625,0.007092692525144954,0.1538496529881895,0.9918147065490133,-0.026960540284740073,-0.009896522366871325,-0.15413404231930988,0.13593887814108477,0.13334934824085165,0,1,0
5.645645645645645,0.010141383522483106,0.15243454986690763,0.9913448583372517,-0.023492410588077127,-0.012910874640665577,-0.15071761368971265,0.1360933159744724,0.13359755116800673,0,1,0
5.665665665665665,0.013149448232716332,0.15040323551166127,0.9909502347230127,-0.019731180711954337,-0.01584521010134923,-0.14671677303418248,0.13625258457185674,0.1338642069896726,0,1,0
5.685685685685685,0.01610476938038366,0.14776605738336646,0.9906370078331866,-0.015661344491301014,-0.01862783624169536,-0.13913130701730655,0.13629028985920438,0.13395819303379328,0,1,0
5.7057057057057055,0.018995627989257267,0.14454293044368038,0.9904069595784302,-0.011502412737824055,-0.021315900805951592,-0.13440322821281148,0.13633726532059534,0.13410443881094336,0,1,0
5.7257257257257255,0.021810908255762426,0.14076401332525784,0.9902627599807886,-0.007209979882080345,-0.02397676591689946,-0.13304325554739352,0.13638291494313082,0.1343077069311303,0,1,0
5.7457457457457455,0.02453977283570221,0.1364432289969892,0.9902078807931463,-0.002743959382117754,-0.02650169994548864,-0.12624670142945887,0.13626872891991482,0.13433129839528513,0,1,0
5.7657657657657655,0.02717167041393045,0.13159487891141197,0.9902407386284962,0.0016428917674958902,-0.02894186078882831,-0.12200804216698344,0.13619576642853135,0.13440268049932977,0,1,0
5.7857857857857855,0.02969651192052176,0.12624207532956558,0.990361054633021,0.006015800226245198,-0.031237606361189097,-0.11478727861803963,0.135855397601436,0.13420725331142294,0,1,0
5.8058058058058055,0.03210478420084843,0.12041361401633352,0.9905606232648391,0.009978431590899105,-0.03334090537991612,-0.10516495093635136,0.13596267928920355,0.13440574285489562,0,1,0
5.8258258258258255,0.0343872667053088,0.1141241252230182,0.990843695922321,0.014153632874099868,-0.03537312619729915,-0.10161104086915111,0.13545384064174443,0.13407291311483974,0,1,0
5.8458458458458455,0.03653599083526979,0.10743620649804947,0.9911975383947823,0.017692123623061932,-0.03726193308796386,-0.0944403445332353,0.13513342736629166,0.13390724493775308,0,1,0
5.865865865865866,0.038543160040369076,0.10035846025496441,0.9916146752405742,0.02085684228959514,-0.03899513984727147,-0.08666033796538095,0.13519381476572861,0.13410615792744426,0,1,0
5.885885885885886,0.040401174069599234,0.09290070146150783,0.9920986719282469,0.024199834383632837,-0.04058819253535984,-0.07965263440441821,0.13478023730415192,0.13383886355001232,0,1,0
5.905905905905906,0.04210360812066267,0.08512170255317156,0.9926391855465764,0.027025680916478525,-0.04209917672375214,-0.07554920941961432,0.13426668863874325,0.13354471716236405,0,1,0
5.925925925925926,0.04364466715377841,0.07705295165578721,0.993224007900385,0.02924111769043001,-0.04345553555266716,-0.06781794144575182,0.13396138643126937,0.13340036936344177,0,1,0
5.945945945945946,0.0450187275280984,0.06870301871599935,0.9938462356279358,0.0311113863775426,-0.0446924644990518,-0.06184644731923135,0.13329302873696297,0.13293289090845625,0,1,0
5.965965965965966,0.04622121553520539,0.060124400355349376,0.9944888276647204,0.03212960183922785,-0.045769260605903285,-0.05383980534257467,0.13293992587497402,0.132781407391445,0,1,0
5.985985985985986,0.04724766463619441,0.051322455049451,0.9951441011735617,0.03276367544206572,-0.04666492139167343,-0.04478303928850705,0.13251663709477537,0.1325250885493465,0,1,0
6.006006006006006,0.048094363331141414,0.04233493474735029,0.9958018067721407,0.03288527992894893,-0.047365498332075186,-0.03502884702008721,0.13219196740643877,0.13238913531182714,0,1,0
6.026026026026026,0.04875822250532844,0.033192958709351364,0.9964549653650473,0.032657929645329715,-0.04792279868791302,-0.027865017791892474,0.1314795216134374,0.13146688528274786,0,1,0
6.046046046046046,0.049237726371360944,0.023975193301625113,0.9970792573381437,0.031214598654821058,-0.048659544558377024,-0.036837293523200185,0.1308140307568172,0.13125294188736364,0,1,0
6.066066066066066,0.049531407658560477,0.014684064359976698,0.9976615655991099,0.029115413048306216,-0.04936286254417961,-0.03516589929012906,0.13101207802120177,0.1317721838921029,0,1,0
6.086086086086086,0.04963596776147706,0.005228005145828999,0.9982123659994444,0.027540020016726195,-0.049920928351417294,-0.027903290361884176,0.13089913812114606,0.13192111276322652,0,1,0
6.106106106106106,0.04954871775843162,-0.004362500152271864,0.9987320569163998,0.025984545847770244,-0.05026346912418649,-0.01712703863845985,0.13063374302035677,0.13186825066242122,0,1,0
6.126126126126126,0.04926776931100398,-0.014047422371382049,0.9992158214795207,0.024188228156044517,-0.05031055409568931,-0.002354248575140822,0.13030587141535896,0.1317228260274283,0,1,0
6.146146146146146,0.048792230133772846,-0.023776958861556695,0.9996565900475803,0.022038428402979773,-0.05008203348745127,0.011426030411901728,0.12989830411919392,0.13148269461638387,0,1,0
6.166166166166166,0.04812243308653249,-0.0334898523620178,1.0000447700379345,0.019408999517708983,-0.04950767868441841,0.028717740151643106,0.1294813253083531,0.13116947142709737,0,1,0
6.186186186186186,0.04725989603801738,-0.04312685242575572,1.0003696016071992,0.01624157846324331,-0.04868330026145109,0.04121892114836662,0.12905347067888018,0.1308988757469243,0,1,0
6.206206206206206,0.04620744136811023,-0.05262273349535718,1.0006208604143403,0.012562940357056537,-0.0476671063406904,0.05080969603803355,0.12870628850021196,0.1307270576794274,0,1,0
6.226226226226226,0.04496867351951176,-0.06193839242992367,1.0007910224824281,0.008508103404394538,-0.046433552028946126,0.06167771558721471,0.1284313633484634,0.1305994899899818,0,1,0
6.246246246246246,0.04354782129739544,-0.07104261110581583,1.0008743198125314,0.004164866505165659,-0.044948977203222384,0.07422874128618659,0.1282717805862084,0.13053963645836777,0,1,0
6.266266266266266,0.04194977273287195,-0.07990242822617481,1.000867727643228,-0.0003296084651708371,-0.04315035313136353,0.08993120359294296,0.12820479537564072,0.1305313413224364,0,1,0
6.286286286286286,0.040180371005237296,-0.08847008638173247,1.0007703918308448,-0.00486679061915797,-0.04119684301463143,0.09767550583660517,0.1281629160479108,0.1306227890527659,0,1,0
6.306306306306306,0.038246499884896326,-0.09669355601704835,1.0005833496343712,-0.009352109823678033,-0.03903523766434529,0.1080802675143071,0.12812499164788335,0.13068262165247038,0,1,0
6.326326326326326,0.036155697315038746,-0.1045401284928791,1.00030724110936,-0.013805426250551922,-0.036719153781237954,0.1158041941553666,0.12824137566776372,0.13088662780068316,0,1,0
6.346346346346346,0.0339161099619882,-0.11197936765252745,0.9999471415534856,-0.018004977793723828,-0.03427553358090605,0.12218101001659495,0.12812977986066676,0.13086603683057477,0,1,0
6.366366366366366,0.03153671041729612,-0.11896997723460416,0.9995014306607737,-0.022285544635599647,-0.03166130354245631,0.13071150192248693,0.12843304416298157,0.13125915814724046,0,1,0
6.386386386386386,0.029026582893392754,-0.1255063761951682,0.9989807519526525,-0.026033935406063163,-0.028933903161557493,0.13637001904494087,0.12857680690539433,0.13144775320267818,0,1,0
6.406406406406406,0.026395643158698162,-0.13154698673472964,0.9983903583071461,-0.029519682275318253,-0.026093723201311217,0.1420089980123135,0.12897290968175149,0.13190188906860215,0,1,0
6.426426426426427,0.023654038320378743,-0.13708024191597099,0.9977431588541217,-0.032359972651217095,-0.02311192076931898,0.14909012159961182,0.12915709212158127,0.13208932106978633,0,1,0
6.446446446446447,0.0208125896491222,-0.14207243356282717,0.9970449590928975,-0.03490998806121011,-0.01996966860040934,0.1571126084454823,0.12967659580387764,0.13257274600060392,0,1,0
6.466466466466467,0.017882508801737224,-0.1465040423692488,0.9963108971576348,-0.036703096763132714,-0.016728919532998557,0.16203745337053932,0.13018775028557591,0.1330823204663842,0,1,0
6.486486486486487,0.01487574410914554,-0.1503382346295842,0.9955563548974564,-0.037727113008919164,-0.013475629742529619,0.1626644895234467,0.13069476204350444,0.13358223470818656,0,1,0
6.506506506506507,0.01180467270717971,-0.15355357009829151,0.9947964795671086,-0.0379937665173891,-0.010192468952085056,0.16415803952222818,0.13141643485889912,0.13427844055919008,0,1,0
6.526526526526527,0.008681738145687963,-0.15614672807458735,0.9940524672244933,-0.037200617130768776,-0.006880295329209609,0.1656086811437724,0.12952753543905526,0.132908574730751,0,1,0
6.546546546546547,0.005520398052662246,-0.15806700465128584,0.9932761953042986,-0.03881359600973286,-0.0032050715513291797,0.1837611888940215,0.12946471352816813,0.13255261607893495,0,1,0
6.566566566566567,0.002333569650070699,-0.15934142012957736,0.9924615697231058,-0.040731279059636825,0.0006053648563837577,0.19052182038564686,0.13133753346245794,0.1342555553828253,0,1,0
6.586586586586587,-0.00086468265312798,-0.15991261515993394,0.9916616363596334,-0.03999666817362226,0.004478029004687302,0.1936332074151772,0.1326289862896736,0.13538498039017793,0,1,0
6.606606606606607,-0.004059364004728611,-0.15973406758003156,0.990912279552765,-0.03746784034342361,0.008323014711868422,0.19224928535905605,0.13360658948573964,0.13622675652531932,0,1,0
6.626626626626627,-0.007235009501691637,-0.15878227484815127,0.9902404137172462,-0.03359329177593752,0.012095360475754888,0.18861728819432336,0.1343769012461409,0.13686262448964248,0,1,0
6.646646646646647,-0.010376107100837985,-0.1570548799573174,0.989666772045579,-0.02868208358336601,0.015749078593776517,0.18268590590108147,0.13482191639848426,0.13720643791510276,0,1,0
6.666666666666667,-0.013467375304199466,-0.1545634101680741,0.9892028852774489,-0.023194338406501175,0.019238224558707256,0.17445729824653705,0.13506893198865494,0.13733639327373032,0,1,0
6.686686686686687,-0.016494038474793766,-0.151333158529715,0.9888541324817741,-0.017437639783742836,0.022537933154311574,0.16498542978021577,0.13535815969009354,0.13750707684221364,0,1,0
6.706706706706707,-0.019441923586326598,-0.14739425557664165,0.9886270795840398,-0.011352644886711574,0.0256242598609375,0.15431633533129607,0.1353268673955556,0.1373907931315391,0,1,0
6.726726726726727,-0.022297764496549185,-0.1427920455111293,0.988519262224699,-0.005390867967043783,0.028468878838835057,0.14223094889487764,0.1352245946987491,0.13719558511268204,0,1,0
6.746746746746747,-0.025049262651431047,-0.13757490774409306,0.9885259744771074,0.0003356126204197797,0.03110150474792136,0.1316312954543153,0.13511416605370408,0.1369668616207944,0,1,0
6.766766766766767,-0.027685140159065386,-0.13179387538171697,0.988641883431813,0.0057954477352806935,0.033533015987740146,0.12157556199093975,0.13495281082879776,0.13668446372805132,0,1,0
6.786786786786787,-0.030195066688663015,-0.12549632647988151,0.9888601021241518,0.010910934616938851,0.03580403371286217,0.11355088625610148,0.13485415815911594,0.1364040242353285,0,1,0
6.806806806806807,-0.03256948641667667,-0.11872098640068246,0.9891747013612053,0.01572996185267796,0.037837054366369194,0.10165103267535071,0.1347670950496357,0.1361881089041735,0,1,0
6.826826826826827,-0.034799527978857596,-0.1115020781090464,0.989580879114736,0.02030888767653373,0.03969807757179884,0.0930511602714828,0.13451656040762364,0.13577695160019893,0,1,0
6.846846846846847,-0.036877468437664235,-0.1038970229403318,0.9900685391382729,0.024383001176840925,0.041375553546244094,0.0838737987222624,0.13432014115033167,0.13540047263678226,0,1,0
6.866866866866867,-0.038796246124409337,-0.0959388843372549,0.9906289119070036,0.028018638436537034,0.04281663694823896,0.07205417009974356,0.13394148615583074,0.1348910913670121,0,1,0
6.886886886886887,-0.04054976973506114,-0.08767618053259028,0.9912485809454736,0.030983451923498218,0.04403450651310724,0.06089347824341369,0.1338507145511866,0.13459996093698212,0,1,0
6.906906906906907,-0.04213260361332758,-0.07914169391332189,0.9919216520957267,0.033653557512655516,0.04497626024639426,0.04708768666435137,0.1335161310227459,0.13411325558103254,0,1,0
6.926926926926927,-0.04354052613364016,-0.07039612601562874,0.9926357596427876,0.03570537735304337,0.04567594969279589,0.03498447232008132,0.13318007325224424,0.13362774639267408,0,1,0
6.946946946946947,-0.0447704367012025,-0.061495528378117406,0.9933785784071464,0.03714093821793912,0.04617125929201654,0.02476547996103319,0.13282522201597502,0.1330995572095565,0,1,0
6.966966966966967,-0.045820245480883696,-0.05249043898405983,0.994136914638612,0.03791681157327822,0.04646805503850409,0.014839787324376852,0.13268455356599146,0.13278487038109113,0,1,0
6.986986986986987,-0.04668838496170656,-0.04340697404114316,0.9949039399414682,0.03835126514281356,0.04656178930363198,0.004686713256395221,0.13227844265061778,0.1322071704253567,0,1,0
7.007007007007007,-0.0473744247881972,-0.034301991324532,0.9956650410248922,0.038055054171201225,0.04642746367667956,-0.00671628134762094,0.1322560088461803,0.1320241290881624,0,1,0
7.027027027027027,-0.04787824723118102,-0.02519112214919072,0.9964171600340781,0.037605950459298605,0.04614281988362935,-0.01423218965251142,0.13048035798320046,0.13128742602038065,0,1,0
7.047047047047047,-0.04820215729110058,-0.016195502995977915,0.9971231414613215,0.035299071362169095,0.046639423966365924,0.024830204136828925,0.13017445904351527,0.13017039716844764,0,1,0
7.067067067067067,-0.04834829246685273,-0.007306758787607861,0.9977619784067888,0.03194184727336448,0.04738857286315931,0.03745744483967075,0.13086562293336412,0.13033167167011692,0,1,0
7.087087087087087,-0.04831419521747047,0.0017048624691130537,0.9983461970297886,0.02921093114998523,0.0480522703610187,0.03318487489296815,0.13117974787847372,0.13030566637528768,0,1,0
7.107107107107107,-0.048096915267737364,0.010863997486655194,0.998879924739097,0.026686385465422475,0.0486428369835732,0.029528331127724926,0.13131213718128565,0.13007553867390306,0,1,0
7.127127127127127,-0.047693982455189604,0.020146640627387864,0.9993615925838473,0.024083392237509684,0.048925359166325864,0.01412610913763401,0.13123516374640254,0.12978428011840243,0,1,0
7.147147147147147,-0.04710347577542618,0.029525333988171056,0.9997856412042417,0.021202431019724334,0.04891758430702393,-0.00038874296509663203,0.1310342918594181,0.12937172713523018,0,1,0
7.167167167167167,-0.04632480099525993,0.038933739008312505,1.0001429404234061,0.017864960958220797,0.04855180792390338,-0.01828881915602824,0.13080566314511474,0.12898945856560584,0,1,0
7.187187187187187,-0.04535844560531617,0.04831776949718791,1.0004244522042363,0.014075589041502943,0.04773437594210454,-0.040871599089941424,0.13055606886240112,0.12867123856846166,0,1,0
7.207207207207207,-0.04420635296951492,0.057604631790062574,1.000621842978018,0.009869538689091347,0.04665950105375457,-0.0537437444174981,0.13046286687568345,0.1284098267434201,0,1,0
7.227227227227227,-0.04287196314588149,0.06671949118167134,1.0007300162667028,0.005408664434241491,0.04529658155847498,-0.06814597476398004,0.13030558712187426,0.12812494476524197,0,1,0
7.247247247247247,-0.0413597503191982,0.07561064133416434,1.000742623143505,0.0006303438401085984,0.04364198375599566,-0.08272989012396632,0.13030321765607883,0.12802535888849073,0,1,0
7.267267267267267,-0.03967507247569691,0.08423389217506469,1.0006583945404883,-0.004211430150834589,0.041766625902690195,-0.09376789266527301,0.13037735170215287,0.1279827490251392,0,1,0
7.287287287287287,-0.03782430540248161,0.09253835366076495,1.0004780785376721,-0.0090158001408062,0.03971231598837971,-0.10271549571552414,0.1302713689858595,0.12775592057321603,0,1,0
7.307307307307307,-0.035814830721273415,0.1004737340604098,1.0001970553391129,-0.014051159927961222,0.0373902768371479,-0.11610195756159046,0.13021048098973398,0.12769436001170703,0,1,0
7.327327327327327,-0.0336546227353095,0.10801039929819568,0.9998138321551576,-0.019161159197763927,0.03490738627767335,-0.12414452797372777,0.1301760132236022,0.12759571214747625,0,1,0
7.347347347347347,-0.03135269222044042,0.11509652574345422,0.9993267802259964,-0.024352596458063203,0.03234960180586881,-0.12788922359022697,0.13122028393015528,0.12844609728568596,0,1,0
7.367367367367367,-0.02891755968536523,0.12175662675375948,0.9987642941073726,-0.028124305931193572,0.02960817756149719,-0.1370712122185811,0.13061756910721745,0.1278093993771401,0,1,0
7.387387387387387,-0.02635965326687915,0.12789532092430386,0.9981083525633667,-0.032797077200293914,0.026655261072372694,-0.14764582445622484,0.1313996857746835,0.1286003146207783,0,1,0
7.407407407407407,-0.023688808457330623,0.13354224047742633,0.9973825746486543,-0.03628889573562023,0.02356344995169534,-0.15459055603386748,0.13247956403615735,0.1296532657875258,0,1,0
7.4274274274274275,-0.02091557806850753,0.13866151944115468,0.9966188665452566,-0.03818540516989027,0.02035826172425469,-0.16025941137203245,0.13257726304391731,0.12979249286646324,0,1,0
7.4474474474474475,-0.01805192405723168,0.1431827005637925,0.99582103874839,-0.03989138984332506,0.01715114593697128,-0.1603557893641708,0.13354322016335163,0.13069869393281516,0,1,0
7.4674674674674675,-0.01510977039673339,0.1471076830249146,0.995017094763248,-0.04019719925710531,0.01395619547146194,-0.15974752327546676,0.13385615799389142,0.1309512456942374,0,1,0
7.4874874874874875,-0.012101548134836475,0.15041111309484573,0.9942156464304124,-0.04007241664177795,0.010765586474130147,-0.15953044986658985,0.13409202505180334,0.13116947985226532,0,1,0
7.5075075075075075,-0.009039671081821812,0.1530938526507331,0.9934236154622667,-0.03960154840728401,0.00751577605220354,-0.16249052109633022,0.13445393782009496,0.13156354599577896,0,1,0
7.5275275275275275,-0.005936584896383651,0.15515430927190807,0.9926523558798581,-0.03856297912042772,0.0042857254295837754,-0.16150253113098822,0.1349003159636977,0.13114567931947438,0,1,0
7.5475475475475475,-0.002805069829833038,0.15657575332753065,0.9919024071309778,-0.03749743744401914,0.00033717523750699367,-0.19742750960383915,0.1342563176653207,0.13107336330040312,0,1,0
7.5675675675675675,0.0003421089788008861,0.1573589404316962,0.9911632323710697,-0.036958737995404466,-0.003895498415924258,-0.2116336826715626,0.1356277081023288,0.13277774664374578,0,1,0
7.587587587587588,0.003489442368442148,0.1573666694820631,0.9904804344924795,-0.03413989392951529,-0.008140751286065409,-0.21226264350705745,0.13650499470360014,0.1338543249252401,0,1,0
7.607607607607608,0.006620031378973115,0.15652945052654837,0.9898829294774825,-0.02987525074985197,-0.012325654101478107,-0.20924514077063502,0.13712155976140572,0.13461907123821734,0,1,0
7.627627627627628,0.00971668304005549,0.15483258305411873,0.9893910781909995,-0.024592564324151134,-0.01628889592348863,-0.1981620911005262,0.1373331154022349,0.1349629019055657,0,1,0
7.647647647647648,0.012762473703443205,0.15228953316938573,0.98901293555231,-0.018907131934478454,-0.019972317320460998,-0.18417106984861858,0.13773082918714483,0.13543884066103215,0,1,0
7.667667667667668,0.01574124083948983,0.14893835680233125,0.9887612141114065,-0.012586072045171683,-0.02337982201950806,-0.17037523495235316,0.13764762916348167,0.13538083114790245,0,1,0
7.687687687687688,0.018638170388452193,0.1448464774481182,0.9886335520406957,-0.006383103535539752,-0.02658400370904928,-0.1602090844770609,0.13725358656711398,0.13515453971974392,0,1,0
7.707707707707708,0.021439757089966573,0.14007933507571893,0.9886204629825389,-0.0006544529078386339,-0.02956446705108312,-0.14902316710169167,0.13735995260990888,0.13539370297966302,0,1,0
7.727727727727728,0.02413299374394133,0.13466183269873794,0.9887267410725198,0.005313904499045491,-0.03232151410395712,-0.1378523526436999,0.1370054436375831,0.13517434796243,0,1,0
7.747747747747748,0.02670615079340891,0.12865785247337888,0.9889435502712554,0.010840459936776795,-0.03485708783557633,-0.12677868658096064,0.13665098238090195,0.1349759335482563,0,1,0
7.767767767767768,0.029148421909320425,0.12211355579557574,0.9892623601609538,0.015940494484923788,-0.037123943685248274,-0.11334279248359641,0.13638910608101984,0.1348709170303293,0,1,0
7.787787787787788,0.03144983341461556,0.11507057526475672,0.9896773959333843,0.020751788621524648,-0.03906198871311021,-0.096902251393097,0.13577764322167316,0.13429468160272628,0,1,0
7.807807807807808,0.03360200820807681,0.10760873967306236,0.990170746388593,0.02466752276043335,-0.04078300722507077,-0.08605092559802772,0.1352740379159676,0.1339369182479253,0,1,0
7.827827827827828,0.035597750554213256,0.0997871173068223,0.9907293649326182,0.027930927201256533,-0.04227379756708351,-0.07453951710063673,0.1347974116625563,0.13360012531960458,0,1,0
7.847847847847848,0.03743073787203579,0.0916493658911266,0.9913409369777183,0.03057860225500423,-0.04350693777713867,-0.06165701050275836,0.1344667977408324,0.13348518281492047,0,1,0
7.867867867867868,0.03909533391226586,0.08322980201150376,0.9919986214851279,0.03288422537047667,-0.044323383917980845,-0.04082230704210843,0.1347920150936388,0.13372123516866954,0,1,0
7.887887887887888,0.04058643560108061,0.07455508444073738,0.9927105158029748,0.035594715892347716,-0.04507915128458323,-0.03778836833011964,0.13329041613690354,0.13241298468797413,0,1,0
7.907907907907908,0.04190265784435287,0.06581111216361288,0.9934348908334175,0.03621875152213737,-0.04564783690073808,-0.028434280807742476,0.13269994895704082,0.13195507281259647,0,1,0
7.927927927927928,0.043041838511445225,0.05695903335461788,0.994156097872978,0.036060351978020974,-0.04613339889044327,-0.024278099485259393,0.132284203721324,0.13176731435601527,0,1,0
7.947947947947948,0.0440022106214381,0.048018605499644,0.994865104326876,0.035450322694900435,-0.0464535176809735,-0.01600593952651143,0.13204985794931245,0.13194219071107813,0,1,0
7.967967967967968,0.044782004041609855,0.03898967100858759,0.995560942967403,0.03479193202635216,-0.04644674091169652,0.0003388384638494876,0.13202457802602494,0.13207427162845478,0,1,0
7.987987987987988,0.045379944125734296,0.02989700420622221,0.9962451363867403,0.03420967096686067,-0.04608187191874105,0.01824344964777297,0.13207708800618403,0.13235739060406956,0,1,0
8.008008008008009,0.045795898413834656,0.020797714405018083,0.9969226527344928,0.03387581738762446,-0.045312381435339714,0.03847452417006664,0.13171126483288043,0.1321023713391342,0,1,0
8.028028028028029,0.046031816023125026,0.011795880464518606,0.9975843702152101,0.03308587403586519,-0.04423707477875209,0.05376533282938195,0.13151556771787046,0.13064168380457367,0,1,0
8.048048048048049,0.04609186780454854,0.0030025890711758256,0.9982059123681102,0.03107710764500824,-0.04397378448043633,0.013164514915787448,0.13068109466098388,0.13067250727022656,0,1,0
8.068068068068069,0.045980880735130895,-0.0055493534708821145,0.9987755718505584,0.028482974122410104,-0.044077458148132985,-0.005183683384833264,0.130197870034974,0.13071151824247357,0,1,0
8.088088088088089,0.04570021726399063,-0.014033173557013409,0.9992868190293207,0.02556235893811307,-0.04423589520871121,-0.007921853028911026,0.12973248721627628,0.13053486572792855,0,1,0
8.108108108108109,0.04524997185612865,-0.022512270393098978,0.9997301338712509,0.0221657420965096,-0.04436423104236501,-0.006416791682690033,0.129459701226365,0.13063165078136038,0,1,0
8.128128128128129,0.044629696874182646,-0.031013749097300147,1.0001028845390634,0.018637533390623576,-0.04425840579304093,0.00529126246620438,0.1290844600997554,0.13058866455304075,0,1,0
8.148148148148149,0.04383927955240093,-0.0395208660890856,1.0003988592689357,0.01479873649361241,-0.04385822336498553,0.020009121402769572,0.12859708707645204,0.13038593513253896,0,1,0
8.168168168168169,0.04287960780514857,-0.04798358736261804,1.0006078623661987,0.010450154863150542,-0.04299192753747635,0.04331479137545888,0.12865122330766146,0.13058316620729446,0,1,0
8.188188188188189,0.04175211587599401,-0.056374596457727855,1.0007336818357901,0.006290973479577599,-0.041667963341619554,0.066198209792839,0.12840853998316068,0.13036787400188748,0,1,0
8.208208208208209,0.04046051212178877,-0.06458018771026211,1.000769683554864,0.0018000859536964403,-0.04004379969989283,0.08120818208633636,0.12818967643004844,0.13018895365852962,0,1,0
8.228228228228229,0.03901014916863363,-0.07251814765775706,1.0007101943343002,-0.0029744610281889697,-0.038156965609746935,0.09434170450729522,0.1282898393850805,0.13037684203019015,0,1,0
8.248248248248249,0.03740712697138994,-0.0801511098621846,1.0005597321115405,-0.00752311113798058,-0.036050985770206365,0.1052989919770285,0.12854060662567646,0.13073471941450593,0,1,0
8.268268268268269,0.03565834151450765,-0.0874392728441146,1.0003275899252606,-0.011607109313994916,-0.03366880942424019,0.11910881729830818,0.12908311936529476,0.1314105911393177,0,1,0
8.288288288288289,0.03377129160175778,-0.09435249563749365,1.0000321062640432,-0.014774183060878163,-0.031030049366853735,0.1319380028693231,0.12870835429029198,0.13095630884437554,0,1,0
8.308308308308309,0.03175566502411534,-0.1007813288821221,0.999661326314969,-0.018538997453712472,-0.02836508935173778,0.1332480007557977,0.1292191539141155,0.1315720336435154,0,1,0
8.328328328328329,0.02962115665110106,-0.10672541865071374,0.9992322596164614,-0.021453334925376225,-0.02571843571815589,0.13233268167909462,0.1298845164206398,0.1323254807765169,0,1,0
8.348348348348349,0.027377474812724557,-0.11218409191882527,0.9987662228443746,-0.023301838604342325,-0.023043360936272683,0.13375373909416008,0.12959293096630933,0.13203538514622606,0,1,0
8.368368368368369,0.02503519743330876,-0.11711386897078996,0.9982548793379917,-0.025567175319141443,-0.0204897736602116,0.12767936380305409,0.13014597407418746,0.13281084410248423,0,1,0
8.388388388388389,0.02260424244574539,-0.12154774937816851,0.9977181581529874,-0.026836059250220267,-0.01789019600503349,0.12997888275890546,0.13004475393349688,0.13281462903536162,0,1,0
8.408408408408409,0.020094636334402644,-0.1254803055671373,0.9971548326222576,-0.028166276536492278,-0.015258347426688563,0.13159242891724648,0.12998920270251427,0.1327657687506736,0,1,0
8.428428428428429,0.017516554574996755,-0.12890408797029437,0.9965635504102406,-0.029564110600851477,-0.012638337733931705,0.13100048463784275,0.13047659448700077,0.13325223418613966,0,1,0
8.448448448448449,0.014879961811911195,-0.131829638154278,0.9959589071459198,-0.030232163216038162,-0.009916723089605705,0.13608073221630013,0.13095473551313405,0.13366091515460282,0,1,0
8.468468468468469,0.012194984919877716,-0.1342488446016739,0.9953541826629352,-0.030236224149233278,-0.0072578263548402815,0.13294483673827118,0.13148065424398134,0.13420610188886875,0,1,0
8.488488488488489,0.00947215381879768,-0.13614155505400186,0.9947653647316032,-0.02944089656660264,-0.004680584005364554,0.1288621174737864,0.13160548085763787,0.13443449274049957,0,1,0
8.508508508508509,0.006721878678761539,-0.13751375700180704,0.9941977759360089,-0.02837943977971496,-0.002067912452497215,0.13063357764336697,0.13153348145790994,0.13431747568547325,0,1,0
8.528528528528529,0.003954371087958898,-0.13837537954013204,0.9936486766964893,-0.02745496197597931,0.00046703376382513606,0.12674731081611756,0.13238742033626175,0.13661521420525943,0,1,0
8.548548548548549,0.0011798346901648578,-0.138726819889702,0.9931647931514714,-0.024194177250893314,0.004061081159154097,0.17970236976644804,0.13209883760999538,0.13560224256625766,0,1,0
8.568568568568569,-0.0015916107077354317,-0.13857226989501448,0.992726851102464,-0.02189710245037341,0.00808510543340997,0.20120121371279365,0.13298655278857902,0.13601080369396895,0,1,0
8.588588588588589,-0.004345688248943184,-0.1377038770603876,0.9923540222131937,-0.01864144446351331,0.01226188191806024,0.20883882423251343,0.13384228054951222,0.13651943414045023,0,1,0
8.608608608608609,-0.0070661823417380535,-0.13602470463974348,0.992066421147777,-0.014380053270835136,0.01628366937802843,0.20108937299840932,0.13434992504669105,0.13684384281481995,0,1,0
8.62862862862863,-0.00973627388937265,-0.13350457738172983,0.9918762034989116,-0.0095108824432685,0.020120603373993896,0.19184669979827346,0.13461476798725963,0.13694412022191677,0,1,0
8.64864864864865,-0.012339798500416315,-0.13017623055218325,0.991788547124328,-0.00438281872917932,0.023795070372189805,0.18372334990979527,0.13462170913058438,0.13677784742013016,0,1,0
8.66866866866867,-0.014861380574738835,-0.126079103716126,0.9918008110739656,0.0006131974818777411,0.027189129460738475,0.16970295442743358,0.13460265364352628,0.13660770690232169,0,1,0
8.68868868868869,-0.017286326310696515,-0.1212472867978839,0.9919098688574809,0.005452889175769001,0.030201007446197872,0.15059389927296976,0.13460631091169992,0.13650655826322428,0,1,0
8.70870870870871,-0.019601086778533387,-0.11573802339184364,0.9921139290916899,0.010203011710449742,0.032831702159385856,0.13153473565939933,0.13426863038197137,0.1361310331873618,0,1,0
8.72872872872873,-0.021793952967199107,-0.10964330943328596,0.9924020835045729,0.01440772064415156,0.03517322816996522,0.11707630052896821,0.1338964737145502,0.13561104987749617,0,1,0
8.74874874874875,-0.023854836589672065,-0.10304418112364788,0.992760790254856,0.01793533751415371,0.03712781724478554,0.09772945374101638,0.1335341229545503,0.1352137247782056,0,1,0
8.76876876876877,-0.025774841801841766,-0.09600026060848497,0.9931784840179907,0.020884688156735044,0.03876640786549544,0.08192953103549483,0.13306513943081763,0.13461734460490893,0,1,0
8.78878878878879,-0.02754678774499544,-0.08859729715768372,0.9936391112396042,0.023031361080677576,0.04000610174711911,0.061984694081183817,0.13274803012870684,0.13413645125050783,0,1,0
8.80880880880881,-0.029164698195154035,-0.08089552250792964,0.9941306120153827,0.024575038788922622,0.0408281912249084,0.041104473889464824,0.13272211986636884,0.13404821652831705,0,1,0
8.82882882882883,-0.030623811224286895,-0.07295565145664297,0.9946511036575515,0.026024582108440504,0.04131280437554298,0.02423065753172874,0.1324446885898726,0.13367346454445742,0,1,0
8.84884884884885,-0.03192133681504477,-0.06487627953789384,0.9951908009632298,0.026984865283912692,0.04150024885674309,0.00937222406000572,0.13194910840064933,0.1331309157180653,0,1,0
8.86886886886887,-0.03305610773771593,-0.056738546133557985,0.9957342589195174,0.027172897814382445,0.041556746332364086,0.0028248737810496055,0.1317903214220235,0.13275265985334306,0,1,0
8.88888888888889,-0.03402775137746793,-0.04858218198759984,0.9962734977152441,0.026961939786334384,0.04136908373971289,-0.009383129632560286,0.13166482483291828,0.13251082558138516,0,1,0
8.90890890890891,-0.034836349871738545,-0.040429924713530824,0.9968030709173691,0.026478660106250187,0.04099213546782824,-0.01884741359423181,0.1317192397591553,0.13238225865990347,0,1,0
8.92892892892893,-0.03548275739151125,-0.032320375988635325,0.9973219113617366,0.02594202221838035,0.04042306627159397,-0.02845345981171371,0.13143597948924604,0.1319915413798154,0,1,0
8.94894894894895,-0.035968924323437505,-0.02430834659631289,0.9978201033018252,0.024909597004430472,0.03970555256761153,-0.0358756851991219,0.1316867291322562,0.13186274681836205,0,1,0
8.96896896896897,-0.036297088304257305,-0.016408199040990088,0.9982995423848331,0.023971954150394083,0.03871198167687782,-0.04967854453668569,0.1314503361362534,0.13159020571989663,0,1,0
8.98898898898899,-0.0364703950613286,-0.008665337853564698,0.9987528069985608,0.02266323068638719,0.03750410249261532,-0.060393959213124765,0.1309387247917463,0.1310849943688666,0,1,0
9.00900900900901,-0.036493402613927195,-0.0011503776299296971,0.9991649961605857,0.02060945810124391,0.03629132757301787,-0.060638745979872004,0.13099017695816742,0.13079640947766316,0,1,0
9.02902902902903,-0.03637097451919483,0.006121404736618044,0.999532777901053,0.01838908702336344,0.03489108938706253,-0.07001190929776763,0.12988382955041874,0.1313658073849266,0,1,0
9.04904904904905,-0.03610818973168295,0.013139239375594264,0.9998483761605388,0.01577991297429001,0.034817461544953104,-0.0036813921054710957,0.13027776265640056,0.13072151386814193,0,1,0
9.06906906906907,-0.03571069396465486,0.019874788351404712,1.0001082769967928,0.012995041812702987,0.03543336626978352,0.030795236241520516,0.1309257247879379,0.13061045689665243,0,1,0
9.08908908908909,-0.035178534056877056,0.026607995388890245,1.0003204396603675,0.010608133178730212,0.03620729411881972,0.03869639245181002,0.13125837535749313,0.13042006175267062,0,1,0
9.10910910910911,-0.03450931665892735,0.033460869897485444,1.0004868865104644,0.008322342504836842,0.0368486639141567,0.03206848976684976,0.13139147869332052,0.1301564678490782,0,1,0
9.12912912912913,-0.03370017866350402,0.04045689977116629,1.0006055781717837,0.005934583065972263,0.037166179888568115,0.015875798720570284,0.1314758351181262,0.12993008331591838,0,1,0
9.14914914914915,-0.03274876598276614,0.04757063403689413,1.0006743211945148,0.0034371511365593275,0.03701149593074165,-0.007734197891322878,0.13087954537866436,0.12925970701195397,0,1,0
9.16916916916917,-0.03165465317178473,0.05470564054907054,1.0006743176195334,-1.7874907326390424e-07,0.036530101517490504,-0.02406972066255736,0.12988242888264448,0.128052494774609,0,1,0
9.18918918918919,-0.03041973572630205,0.06174587227413412,1.0005729551947558,-0.0050681212388777284,0.03573025011548861,-0.039992570100094466,0.13073312488637645,0.12877057090709979,0,1,0
9.20920920920921,-0.029045022095143674,0.0687356815579188,1.0003935271094189,-0.008971404266847609,0.034542335673129365,-0.059395722117962735,0.1305882611753233,0.12831158799962974,0,1,0
9.22922922922923,-0.02753401868757399,0.07555017037848413,1.0001272042745966,-0.013316141741119301,0.032934443672370035,-0.08039460003796636,0.13053957078797296,0.1282839534113658,0,1,0
9.24924924924925,-0.025891331622221778,0.08213435326761064,0.9997730166832928,-0.017709379565188213,0.030949223268155072,-0.09926102021074817,0.1312400968277815,0.1288815265819064,0,1,0
9.26926926926927,-0.024122596625376285,0.08843674984227459,0.9993503929751651,-0.021131185406382647,0.028710406168004233,-0.11194085500754193,0.13205237465396358,0.1296477181559677,0,1,0
9.28928928928929,-0.022234706850176925,0.09439448875996793,0.9988829510080538,-0.02337209835556674,0.026123247924985892,-0.12935791215091683,0.13246880250220944,0.1300234657393955,0,1,0
9.30930930930931,-0.020236104157768078,0.0999301346204424,0.9983826807614622,-0.025013512329582956,0.023352199849631817,-0.1385524037677041,0.13326710507026482,0.1306909418108333,0,1,0
9.32932932932933,-0.018136326253475093,0.10498889521464927,0.9978715658680404,-0.025555744671092697,0.020383794668642534,-0.14842025904946404,0.1331992346480186,0.13077873573574222,0,1,0
9.34934934934935,-0.015946262508129822,0.10950318726726349,0.9973501694446906,-0.02606982116748889,0.017463673953595417,-0.1460060357523558,0.13334017159986838,0.13077619869333929,0,1,0
9.36936936936937,-0.013677484496588366,0.11343890057707283,0.9968207952752363,-0.026468708472714583,0.014490163820754227,-0.14867550664205956,0.1334237954638288,0.1310332278623018,0,1,0
9.38938938938939,-0.011341351740484866,0.116806637805175,0.9962887055103999,-0.026604488241814453,0.011646586299514015,-0.14217887606201052,0.13409104034487077,0.1315684531466764,0,1,0
9.40940940940941,-0.008949290300022441,0.1196030720231212,0.9957718987737415,-0.025840336832922875,0.00889504908935965,-0.1375768605077181,0.13361852162731988,0.13111197144026873,0,1,0
9.42942942942943,-0.006512665655544557,0.12183123222389419,0.9952567592793801,-0.025756974718070803,0.006275506268066542,-0.1309771410646554,0.1340745922547173,0.13165736259394212,0,1,0
9.44944944944945,-0.004042204923026399,0.1235230366259079,0.9947582337451611,-0.024926276710944644,0.003989428748219214,-0.11430387599236648,0.13470069462960393,0.13199548002998499,0,1,0
9.46946946946947,-0.0015481062146260457,0.12470493542001766,0.9942906848504276,-0.02337744473667859,0.0017583247959129477,-0.11155519761531327,0.1339422368755865,0.13119127108170256,0,1,0
9.48948948948949,0.000960480996470774,0.125429360554841,0.9938310085199663,-0.02298381652306271,-0.00040785610130938347,-0.10830904486111655,0.13454198596944253,0.13190565036107574,0,1,0
9.50950950950951,0.0034748337718263217,0.1257176387677774,0.9933986984775307,-0.021615502121777794,-0.0024306348914160617,-0.10113893950533387,0.13425594092648527,0.1315613055325732,0,1,0
9.52952952952953,0.005986389899680564,0.12557780639271215,0.9929844213884309,-0.020713854454991652,-0.004328316080799742,-0.09488405946918402,0.13749124859504186,0.13303953851771994,0,1,0
9.54954954954955,0.008487038548938312,0.1250324324628874,0.9926579959729178,-0.01632127077565304,-0.007554736083338875,-0.1613210001269566,0.136246931629167,0.13233635246842718,0,1,0
9.56956956956957,0.010969310221581596,0.12411358363216417,0.992390544901685,-0.013372553561642957,-0.011699203251906149,-0.20722335842836356,0.13501129554638708,0.1319208316507703,0,1,0
9.58958958958959,0.013420522164192603,0.12256059713055031,0.9921575310124713,-0.011650694460682573,-0.016049139822364646,-0.21749682852292512,0.13618334773161633,0.13348294805642907,0,1,0
9.60960960960961,0.01582383544145421,0.12016566386308042,0.9919992999558895,-0.00791155282908664,-0.02033832972549292,-0.21445949515641388,0.13670876799532733,0.13434055077841214,0,1,0
9.62962962962963,0.018161541100222826,0.11688528293843081,0.9919360972218842,-0.003160136700264802,-0.024294539376702482,-0.19781048256047778,0.13705363606452295,0.13479341621238328,0,1,0
9.64964964964965,0.02041623037744694,0.1127344638612056,0.9919794252992418,0.0021664038678733564,-0.027931294760746347,-0.18183776920219338,0.1369163349964342,0.13492323237067141,0,1,0
9.66966966966967,0.02257196958043016,0.10778696014916107,0.9921288177929987,0.0074696246878471475,-0.03102090669638334,-0.15448059678184953,0.13702267171121843,0.13503542427058443,0,1,0
9.68968968968969,0.024614118850831482,0.10210746352006608,0.9923871284917364,0.012915534936886547,-0.03373380761862361,-0.1356450461120136,0.13633988498768473,0.1343697734317947,0,1,0
9.70970970970971,0.026530882348880604,0.09583817490245605,0.9927340231514397,0.017344732985165312,-0.036116633128679396,-0.11914127550278894,0.13562127084504333,0.13380794632464482,0,1,0
9.72972972972973,0.028312022867275646,0.08905702591975215,0.9931501908563843,0.02080838524723496,-0.038038350627686596,-0.09608587495036085,0.13535012920479514,0.13373010332651022,0,1,0
9.74974974974975,0.029948299577075607,0.081813835489998,0.9936301327239075,0.023997093376160065,-0.03949260150384775,-0.07271254380805708,0.13503750732640543,0.13342860628351894,0,1,0
9.76976976976977,0.03143248993308359,0.07420951780039924,0.9941644733033431,0.026717028971780965,-0.04063612389969312,-0.05717611979226825,0.13416354286925936,0.13269264877736286,0,1,0
9.78978978978979,0.03275978518893095,0.06636476279236794,0.9947291563344118,0.028234151553436188,-0.041413607166065416,-0.038874163318615096,0.1338753866268496,0.1324369423114847,0,1,0
9.80980980980981,0.03392604356406143,0.058312918756524355,0.9953159501676011,0.029339691659461146,-0.041890485523717526,-0.02384391788260496,0.1332675033371058,0.1319501899001122,0,1,0
9.82982982982983,0.03492893212059045,0.05014442782645079,0.995908526075623,0.029628795401090455,-0.04208519425396832,-0.009735436512541332,0.13246625077815982,0.13123447372889377,0,1,0
9.84984984984985,0.035767547404885615,0.04193076421475828,0.9964843521412645,0.028791303282077952,-0.04198131450006488,0.0051939876951732165,0.13163734861195783,0.13062300706496216,0,1,0
9.86986986986987,0.03644213152741638,0.03372920612653811,0.9970220765322411,0.0268862195488267,-0.04160464035222832,0.018833707391827978,0.13152662965317258,0.13034698950718934,0,1,0
9.88988988988989,0.03695335635655992,0.02556124145717706,0.9975159918267612,0.024695764726007922,-0.04114096949742472,0.023183542740179575,0.1313020028311348,0.13045951357692667,0,1,0
9.90990990990991,0.037302845705798955,0.017474467461951686,0.9979644997367897,0.022425395501426016,-0.04050218489404788,0.03193923016884198,0.13102651546220204,0.13091109870572382,0,1,0
9.92992992992993,0.03749233264567998,0.009474346994050994,0.9983702812813651,0.020289077228769988,-0.0391905812962417,0.06558017989030908,0.13178418562906713,0.13167340470828018,0,1,0
9.94994994994995,0.03752348233793819,0.0015574846129105275,0.9987559373208461,0.019282801974049413,-0.037395013272736054,0.08977840117528225,0.13184684193144147,0.13172890478824215,0,1,0
9.96996996996997,0.03740144167439071,-0.006102033177373746,0.9991234209071689,0.018374179316138748,-0.035314087357252104,0.10404629577419776,0.13117696699539919,0.13103034742178837,0,1,0
9.98998998998999,0.037134052164380545,-0.01336947550050838,0.9994527415620585,0.016466032744483647,-0.03311962427008306,0.10972315435845251,0.13099949517908901,0.13095401696504835,0,1,0
10.01001001001001,0.03672955842745221,-0.020224686846416776,0.9997404354021491,0.01438469200452867,-0.030795671358586955,0.1161976455748045,0.13089741777659744,0.13086011433654815,0,1,0
10.03003003003003,0.03619667754345959,-0.026644044199630883,0.9999838919544201,0.012172827613549906,-0.028547088304852794,0.11242915268670811,0.13060237949522027,0.130283062763667,0,1,0
10.05005005005005,0.03554486526937672,-0.032590613704143866,1.0001704854493843,0.009329674748204978,-0.02669691787971405,0.09250852125693713,0.13076095535593776,0.13083864233468595,0,1,0
10.07007007007007,0.03478259146026745,-0.03811369045546337,1.0003110494840768,0.007028201734630498,-0.025091476901876186,0.080272048891893,0.13067478379217762,0.13101912245234631,0,1,0
10.09009009009009,0.03391700240844136,-0.04327945259130472,1.000407178760742,0.004806463833264342,-0.023548155207521047,0.07716608471775717,0.13081598218521145,0.1313083082309617,0,1,0
10.11011011011011,0.03295424706988519,-0.04813776692780865,1.0004654084870337,0.002911486314582309,-0.022116067577829194,0.07160438148459267,0.13083761826544818,0.1315630062546514,0,1,0
10.13013013013013,0.03190036140967765,-0.05269428301037697,1.0004899771060696,0.001228430951798576,-0.02088068514937204,0.061769121422858106,0.1307328452123545,0.13172145788372028,0,1,0
10.15015015015015,0.030760950140086552,-0.05697056347955486,1.0004818067596164,-0.0004085173226638203,-0.019740713006225038,0.05699860715734984,0.13066481361486595,0.1319550674373837,0,1,0
10.17017017017017,0.02954081524357549,-0.06100674482555305,1.0004434531776485,-0.0019176790983991326,-0.0185530056584355,0.059385367389476834,0.13049721658796748,0.131942526334742,0,1,0
10.19019019019019,0.02824452443022641,-0.06481454066745412,1.0003723382439336,-0.0035557466857454832,-0.01734917899973253,0.060191332935148265,0.13058618862388852,0.1318938178168054,0,1,0
10.21021021021021,0.02687675955755192,-0.0683882436337245,1.0002691467633673,-0.005159574028312691,-0.01638586204681976,0.04816584764563834,0.13078801735218262,0.13265039279237656,0,1,0
10.23023023023023,0.025441987250021083,-0.071738615376542,1.0001481592005346,-0.006049378141636353,-0.015281837164914998,0.05520124409523778,0.13040885923167894,0.13228606955311334,0,1,0
10.25025025025025,0.023944199822764547,-0.07488937136282686,0.9999984259079636,-0.007486664628549566,-0.014126821611987377,0.05775077764638128,0.13060579449244084,0.13274786445246795,0,1,0
10.27027027027027,0.02238761496466223,-0.07782924290511592,0.9998297727406462,-0.0084326583658691,-0.012845134682968277,0.0640843464509552,0.13024966120627027,0.13233268554110206,0,1,0
10.29029029029029,0.020776963905532585,-0.0805325529564822,0.9996308402516377,-0.009946624450423725,-0.011607081994075927,0.06190263444461748,0.13050424732885144,0.13272833496530537,0,1,0
10.31031031031031,0.019117152852006804,-0.08299055267628902,0.9994113280031585,-0.010975612423962135,-0.01038525087395465,0.06109155600606384,0.13065073006177905,0.1329861025498302,0,1,0
10.33033033033033,0.017412963680551757,-0.08520945857275229,0.9991772835126084,-0.011702224527504874,-0.009135829301240303,0.062471078635717325,0.13077257430382716,0.13324333840343006,0,1,0
10.35035035035035,0.015669164532567736,-0.08718995739920105,0.998934374952778,-0.012145427991515275,-0.007855304245957278,0.06402625276415122,0.13051980372230054,0.13297857913350525,0,1,0
10.37037037037037,0.013890771989832471,-0.08891962713676325,0.9986749832329456,-0.012969585991625626,-0.0066680944398652105,0.059360490304603414,0.1306230781863341,0.13330406520979338,0,1,0
10.39039039039039,0.012082734379936169,-0.09040188049481507,0.998405502631922,-0.013474030051178145,-0.0053952118339476085,0.0636441302958801,0.13046093779325937,0.13336554783758178,0,1,0
10.41041041041041,0.010249765061313256,-0.09164846593114567,0.9981244756654212,-0.014051348325041901,-0.003975639061713096,0.07097863861172564,0.13029387838323123,0.1330421927914373,0,1,0
10.43043043043043,0.008396878968241355,-0.09264430465359501,0.9978246670478074,-0.014990430880692471,-0.0025351739981490633,0.07202325317820162,0.13086864128920922,0.13370792669268236,0,1,0
10.45045045045045,0.006529576345794116,-0.09336513112236196,0.9975244803127851,-0.01500933675111603,-0.0010681727893668165,0.07335006043911235,0.13116726355402628,0.133955854576617,0,1,0
10.47047047047047,0.004653497936570515,-0.09380392046118005,0.9972320308539664,-0.014622472940931814,0.0003562861667111362,0.07122294780389762,0.13136713277971251,0.13418049617311026,0,1,0
10.49049049049049,0.0027743932708896796,-0.09395523328404178,0.9969536180982416,-0.013920637786242975,0.0017697572741152243,0.0706735553702044,0.13152765090580695,0.13409875600523394,0,1,0
10.51051051051051,0.000897885453793602,-0.09382539085480388,0.9966904111210613,-0.01316034885901691,0.0029428937847282583,0.05865682553065171,0.13178012941582354,0.1346495121351382,0,1,0
10.53053053053053,-0.0009704354902643623,-0.09341604720289821,0.9964543037633893,-0.011805367883598004,0.004102106955894119,0.0579606585582931,0.13012509636074876,0.13460360079169173,0,1,0
10.55055055055055,-0.0028260134903842,-0.09277890000599189,0.9962200860471312,-0.011710885812904309,0.00653572375470569,0.12168083994057852,0.13167830343023498,0.1352419406475028,0,1,0
10.57057057057057,-0.0046641827676088335,-0.09190846386123167,0.9960202090465745,-0.009993850027832218,0.009538713549724213,0.15014948975092615,0.1324937038201513,0.13549759196484149,0,1,0
10.59059059059059,-0.0064752365186326755,-0.09055268755119211,0.9958704886695657,-0.00748601885043922,0.012702522200612855,0.15819043254443207,0.13297594193616333,0.1356393808903029,0,1,0
10.61061061061061,-0.008247186104358682,-0.08859747928630034,0.9957800735171553,-0.004520757620522151,0.015796897721766383,0.1547187760576763,0.13305939112968096,0.13554851176284968,0,1,0
10.63063063063063,-0.0099674763835094,-0.08601451395753595,0.9957487136639255,-0.0015679926614875208,0.0187459831953494,0.14745427367915112,0.13301502590139583,0.13530052453351707,0,1,0
10.65065065065065,-0.011623814001785374,-0.0828168809137986,0.9957719030423187,0.0011594689196569767,0.02129219778985225,0.12731072972514232,0.13327585947530748,0.1354335613741718,0,1,0
10.67067067067067,-0.013204457123560234,-0.07903215608874305,0.9958552732857475,0.004168512171442505,0.023503285068579634,0.11055436393636889,0.13324342498379635,0.1353112464569839,0,1,0
10.69069069069069,-0.014699358765205704,-0.07474508208227348,0.9959963294266329,0.007052807044268274,0.025380819367802402,0.09387671496113878,0.1328465472753558,0.13482840519031586,0,1,0
10.71071071071071,-0.016100059639642745,-0.07003504372185214,0.996181845174289,0.009275787382808277,0.0269118810633462,0.07655308477718917,0.13249059170260286,0.13437169322746564,0,1,0
10.73073073073073,-0.0173994606381943,-0.06497004992757777,0.9963996029230021,0.010887887435658885,0.0280896485660401,0.05888837513469558,0.1324410792249309,0.13402882274764194,0,1,0
10.75075075075075,-0.01859168469412602,-0.05961120279658591,0.9966436334490588,0.01220152630283636,0.028712692454772655,0.0311521944366276,0.13247597675713027,0.13407143809135613,0,1,0
10.77077077077077,-0.019672127194130543,-0.054022125000226115,0.9969149567903491,0.013566167064515076,0.028931582260636864,0.010944490293210096,0.1320258644910449,0.1336788346014777,0,1,0
10.79079079079079,-0.020638759610257632,-0.04833162080635454,0.997201023548744,0.014303337919738873,0.028931003174411104,-2.8954311287710324e-05,0.131735307486644,0.13323628029239906,0,1,0
10.81081081081081,-0.02149108708390903,-0.04261637368256989,0.9974909525304758,0.014496449086590259,0.028689370913492045,-0.012081613045953045,0.1316077310176543,0.13301221244371697,0,1,0
10.83083083083083,-0.02222930996252272,-0.036911143930684426,0.9977795364359057,0.014429195271491582,0.028220217340256135,-0.023457678661795427,0.13155996080869922,0.1329091429244454,0,1,0
10.85085085085085,-0.022854516273833277,-0.03126031556552783,0.9980645688092296,0.014251618666193398,0.02762717603176172,-0.029652065424720726,0.1314419190926834,0.13271740374970664,0,1,0
10.87087087087087,-0.023368719966269998,-0.025710184621836094,0.9983415144289836,0.013847280987700454,0.026941461104482596,-0.034285746363956815,0.1313630324673914,0.13244330418175393,0,1,0
10.89089089089089,-0.0237744847734196,-0.02028824035748019,0.9986052106639587,0.013184811748754301,0.02619784501672001,-0.03718080438812912,0.13160170934798407,0.1324102163393312,0,1,0
10.91091091091091,-0.02407443167102748,-0.014997344880393905,0.9988587752836386,0.012678230983998593,0.02522504912727828,-0.04863979447208649,0.13169003397069604,0.13237640743995932,0,1,0
10.93093093093093,-0.0242715668636829,-0.009856759632771,0.9991030929198822,0.012215881812176256,0.024156098036158927,-0.053447554555967766,0.13129504581671236,0.13184288822058304,0,1,0
10.95095095095095,-0.024370079142516776,-0.0049256139416937175,0.9993245101225601,0.011070860133895773,0.022952127405226248,-0.060198531546633585,0.13112350961284217,0.13158806557228744,0,1,0
10.97097097097097,-0.024374349991412234,-0.0002135424447728511,0.9995168151854985,0.009615253146919389,0.02166790351956515,-0.06421119428305486,0.1315041228024673,0.13156738631973658,0,1,0
10.99099099099099,-0.024289000936729914,0.004267452734115999,0.9996854494204156,0.008431711745855885,0.020096658637925244,-0.07856224408199555,0.1314734215395551,0.13161506400504888,0,1,0
11.01101101101101,-0.02411915759992891,0.008492166840050192,0.9998307759249085,0.007266325224645555,0.01854635154467545,-0.0775153546624898,0.1315192722230644,0.13151937990366797,0,1,0
11.03103103103103,-0.02387101598334276,0.012407080829307523,0.9999521844509732,0.006070426303232844,0.017016364149779317,-0.07649936974480656,0.1317615463977707,0.13450322606344847,0,1,0
11.05105105105105,-0.023549782970170536,0.016061650658611284,1.0000975778748986,0.007269671196272752,0.017802218079876555,0.03929269650486199,0.1305335845379391,0.13106063515303826,0,1,0
11.07107107107107,-0.023162764569093778,0.019350920053837976,1.000197880149669,0.0050151137385155194,0.01931414207627109,0.07559619981972646,0.13180952097356016,0.13141912417164492,0,1,0
11.09109109109109,-0.022706548518764042,0.022810802516486716,1.0002772481306825,0.003968399050679567,0.020941402410862692,0.08136301672958045,0.13179171246632426,0.13088442120733784,0,1,0
11.11111111111111,-0.022175505272576005,0.0265521623094018,1.000327388576267,0.002507022279220734,0.022477664560296637,0.07681310747169703,0.1315197457072215,0.12948503449128884,0,1,0
11.13113113113113,-0.021563853133642168,0.030582606946691918,1.0003234186732162,-0.00019849515254022907,0.023080855127802984,0.030159528375317456,0.13018515268825068,0.12872712599049188,0,1,0
11.15115115115115,-0.02086644758303157,0.03487027753052985,1.0002342172785084,-0.004460069735390952,0.02340071030485148,0.015992758852424523,0.13157421282168866,0.12924206653829984,0,1,0
11.17117117117117,-0.020080370140945644,0.039303872104296256,1.0000879315971922,-0.007314284065806894,0.022825807601088544,-0.02874513518814676,0.13212342521888987,0.12971472536646197,0,1,0
11.19119119119119,-0.019204079264673646,0.043814543813599845,0.9998996675967019,-0.009413200024515386,0.021387830710597237,-0.07189884452456512,0.1339233209042794,0.13150586791697408,0,1,0
11.21121121121121,-0.018238698509010106,0.04826903778317699,0.9997226635250739,-0.008850203581403305,0.019288412637338857,-0.10497090366291892,0.13291153353933585,0.1308162990734371,0,1,0
11.23123123123123,-0.017190428412082043,0.052413504846403225,0.9995318448634343,-0.009540933081979647,0.0168011868713498,-0.12436128829945287,0.13380054842998804,0.13160925349360889,0,1,0
11.25125125125125,-0.01606707669503754,0.056167585852225005,0.9993522918542853,-0.0089776504574469,0.014017590895583772,-0.1391797987883015,0.13325552836697158,0.1313704877092322,0,1,0
11.27127127127127,-0.014878681203478593,0.05941977457794736,0.9991725709585394,-0.008986044787294466,0.01130686359894356,-0.13553636483201068,0.13323047569614457,0.13162269563160983,0,1,0
11.29129129129129,-0.01363613613914867,0.06212725321649615,0.9989962152609564,-0.008817784879148463,0.008948150585523831,-0.11793565067098634,0.13213585858056773,0.1307684024611302,0,1,0
11.31131131131131,-0.012350483375311723,0.06428263819184735,0.9987944885367289,-0.010086336211373621,0.007287662474465299,-0.08302440555292667,0.13305088642648288,0.13133427661522482,0,1,0
11.33133133133133,-0.011030765856894529,0.0659858759208597,0.9985894222351946,-0.010253315076713634,0.006147481379489662,-0.05700905474878182,0.1333626235959429,0.13186240240866742,0,1,0
11.35135135135135,-0.009683425681225523,0.06736700878345026,0.9983935112370972,-0.009795549904870584,0.005756484669357686,-0.01954983550659884,0.13285505350792282,0.13071555161385495,0,1,0
11.37137137137137,-0.008313107035770562,0.06851593227274806,0.9981822761615123,-0.010561753779239938,0.005628950581535986,-0.006376704391085055,0.1342226831376783,0.1313536905036766,0,1,0
11.391391391391391,-0.006921215496771181,0.06959457694996904,0.9979854406923866,-0.009841773456285112,0.005276953416914721,-0.017599858231063262,0.133507099889143,0.13035989913790638,0,1,0
11.411411411411411,-0.005508457915672253,0.07063787905494644,0.9977776840190237,-0.010387833668146558,0.004597876850305298,-0.03395382833047107,0.13279203544642515,0.13012289388291862,0,1,0
11.431431431431431,-0.004076321557968301,0.0716068178851976,0.9975449091048025,-0.011638745711054749,0.004044622089879374,-0.027662738021296217,0.13448870485901698,0.13125679872897544,0,1,0
11.451451451451451,-0.002627252264622824,0.07245346466727383,0.997329062999475,-0.01079230526637737,0.003154241728709589,-0.04451901805848929,0.13310006397979,0.13050678194968665,0,1,0
11.471471471471471,-0.0011635936877361446,0.07318292884433397,0.9970984715573246,-0.011529572107520201,0.0025090389576167852,-0.032260138554640154,0.13427083618441846,0.13126651151211238,0,1,0
11.491491491491491,0.00031125464904452273,0.07374241683903336,0.9968817471781387,-0.010836218959292005,0.001803809082618029,-0.035261493749937804,0.13415829410927763,0.1315512439664276,0,1,0
11.511511511511511,0.00179477166483233,0.07417585078939036,0.9966814480095993,-0.010014958426966262,0.00133536220065295,-0.02342234409825393,0.13420359424552092,0.1310443839930389,0,1,0
11.531531531531531,0.003284170559615235,0.07446994473914526,0.9964907421257474,-0.009535294192599533,0.0006583871720860741,-0.0338487514283438,0.1353984659143817,0.13048097798646682,0,1,0
11.551551551551551,0.0047776087289351735,0.07467190846599694,0.9963189874543963,-0.00858773356755687,-0.001606717869554861,-0.11325525208204675,0.13494360654083196,0.13088649344805575,0,1,0
11.571571571571571,0.006272435458682575,0.07474133648737008,0.9961654556330262,-0.00767659106850837,-0.004803446429250583,-0.15983642798478612,0.1350161079647523,0.1316855440064529,0,1,0
11.591591591591591,0.007759749100323706,0.07436568208205652,0.9960430542964038,-0.006120066831116164,-0.008426959621305248,-0.18117565960273316,0.1353039882240117,0.13248994599051991,0,1,0
11.611611611611611,0.009226847615011385,0.073354925734384,0.995967924734636,-0.0037564780883891226,-0.01207646906080258,-0.1824754719748667,0.13549527416765975,0.133069886170135,0,1,0
11.631631631631631,0.010659291549132482,0.07162219670605481,0.9959513970172873,-0.0008263858674381346,-0.015502942228858667,-0.17132365840280436,0.13563024250673142,0.13340517638394694,0,1,0
11.651651651651651,0.012042493563909141,0.06916010073883297,0.9960002885727937,0.0024445777753183576,-0.018577819781426155,-0.1537438776283741,0.13543650326359655,0.1333510334461639,0,1,0
11.671671671671671,0.01336287004159193,0.06601882388413947,0.9961107391948887,0.005522531104752683,-0.02121828060006534,-0.13202304093195946,0.1352322988100929,0.13324829253746542,0,1,0
11.691691691691691,0.014608292140810554,0.06227110496093122,0.9962779936925923,0.008362724885178007,-0.023398978568292615,-0.10903489841136411,0.1349472980840516,0.13310232215738627,0,1,0
11.711711711711711,0.01576847012954021,0.058008899436482866,0.996495459782407,0.010873304490734908,-0.025152701259141035,-0.08768613454242066,0.13467242880913108,0.13289414515402165,0,1,0
11.731731731731731,0.016834912758978023,0.05332213147189052,0.9967557900103489,0.013016511397097202,-0.026423649258760826,-0.06354739998098932,0.1341912976725804,0.13239044415172163,0,1,0
11.751751751751751,0.017801131217487307,0.04831092292546413,0.9970442301447137,0.014422006718240524,-0.027409819903373784,-0.049308532230648,0.13373296019750147,0.13219583822520564,0,1,0
11.771771771771771,0.018662390785616278,0.0430629784064485,0.9973509808991092,0.015337537719779111,-0.027952548402985132,-0.027136424980567234,0.13338627067188724,0.13199689699508757,0,1,0
11.791791791791791,0.01941507302060106,0.037634111749239085,0.9976678573269359,0.01584382139133332,-0.02801739832864308,-0.0032424962828975328,0.13306270565738146,0.13166044475840852,0,1,0
11.811811811811811,0.020057383786345927,0.03211553828724335,0.9979850261562371,0.015858441465058392,-0.027740304953879438,0.01385466873818237,0.1324560138247954,0.13100298889666803,0,1,0
11.831831831831831,0.020589644049989253,0.026613013182166342,0.9982837595065989,0.014936667518091574,-0.02725871311268059,0.02407959205994209,0.1320857538657752,0.1308146599122003,0,1,0
11.851851851851851,0.021013238416367926,0.021179718318933644,0.9985558153178097,0.0136027905605405,-0.026569081386898383,0.034481586289110244,0.1318516441684842,0.13074434857202769,0,1,0
11.871871871871871,0.02133019256061971,0.015847707212589268,0.99879673689871,0.012046079045015647,-0.025593478475369122,0.04878014557646336,0.13167046048582298,0.1311022228839566,0,1,0
11.891891891891891,0.021543238955958482,0.01065231976693854,0.9990092131624787,0.010623813188436717,-0.02413172391570407,0.07308772798325258,0.13191440227928003,0.13142489949590538,0,1,0
11.911911911911911,0.021655993079543027,0.005637706179227233,0.9992017347509835,0.009626079425240276,-0.022185429949819344,0.0973146982942362,0.13205898476849748,0.13156900228532625,0,1,0
11.931931931931931,0.021674152550021884,0.000907973523942794,0.9993787190091884,0.008849212910244524,-0.019947132765214214,0.11191485923025644,0.1320151858531077,0.13107076675548318,0,1,0
11.951951951951951,0.0216055417433975,-0.003430540331219303,0.9995323137961674,0.007679739348946664,-0.017870523406292402,0.10383046794609051,0.13201315410057052,0.13105614074556726,0,1,0
11.971971971971971,0.021458963959798922,-0.00732888917992886,0.9996624561462539,0.0065071175043258985,-0.016112852852862024,0.08788352767151919,0.13191229750948283,0.13112973105981074,0,1,0
11.991991991991991,0.021242646483268412,-0.010815873826525508,0.9997688952032109,0.005321952847846533,-0.014781852112077302,0.06655003703923613,0.1318173582463766,0.13145757879188613,0,1,0
12.012012012012011,0.020963361770809853,-0.013964235622927857,0.9998551973939157,0.004315109535240832,-0.013499825281163601,0.06410134154568504,0.13194802031347386,0.13164854035173473,0,1,0
12.032032032032031,0.020626358916963086,-0.016850142692338414,0.9999262071823971,0.003550489424069934,-0.012466779069066982,0.05165231060483087,0.1320954497413778,0.1307467826401905,0,1,0
12.052052052052051,0.020236808149768182,-0.01947753835974517,0.9999708211466837,0.002230698214327625,-0.012547871538012227,-0.004054623447262221,0.13245341366903626,0.13150034107366684,0,1,0
12.072072072072071,0.01979865953811587,-0.021907430582615555,1.0000055572307553,0.0017368042035805816,-0.013683225149211728,-0.0567676805599749,0.1318734446950206,0.13222243111708262,0,1,0
12.092092092092091,0.019311660025248763,-0.024349975643355438,1.0000325168001387,0.0013479784691629109,-0.015005630447659535,-0.06612026492239043,0.1313920954015661,0.1322725237863122,0,1,0
12.112112112112111,0.018771517512349793,-0.02700712564494849,1.0000452532069133,0.0006368203387291387,-0.016209920312707387,-0.06021449325239244,0.13118428251286882,0.13253365755099678,0,1,0
12.132132132132131,0.01817309844629169,-0.029920953302905114,1.0000444822074033,-3.854997550142814e-05,-0.017004401405681116,-0.039724054648686766,0.13059036530511234,0.1320459338845006,0,1,0
12.152152152152151,0.017512040783102114,-0.03305288315947885,1.0000141081647678,-0.0015187021317787778,-0.017463657290911625,-0.02296279426152541,0.1306555356669388,0.1324937351609003,0,1,0
12.172172172172171,0.016785204309283878,-0.036341823690911886,0.9999616782255768,-0.0026214969595476333,-0.01743552399659367,0.001406664715897895,0.13011605719454047,0.13211495615131888,0,1,0
12.192192192192191,0.015991088036771347,-0.03970581362562659,0.9998735597951752,-0.004405921520081273,-0.016890897581942062,0.0272313207325804,0.12989386496900898,0.1319728674337113,0,1,0
12.212212212212211,0.015129971108364627,-0.04305584642033597,0.9997443588461877,-0.006460047449376659,-0.015911716821832126,0.04895903800549671,0.13042302256771376,0.13256548454572994,0,1,0
12.232232232232231,0.014203750942970673,-0.04631100826969766,0.9995907281546295,-0.007681534577914968,-0.01457342716992353,0.06691448259542995,0.13065817750987568,0.1326646160793048,0,1,0
12.252252252252251,0.013216206118694104,-0.04937724121382847,0.9994176820541869,-0.008652305022126758,-0.01306729816612653,0.07530645018985005,0.13084559717871963,0.13299666289299328,0,1,0
12.272272272272271,0.012172504948991202,-0.05218505848514506,0.9992329951022997,-0.009234347594362254,-0.011393600379877005,0.0836848893124762,0.13097873172118685,0.13304215976924008,0,1,0
12.292292292292291,0.011078559690607573,-0.05469726291918143,0.9990393948239292,-0.009680013918523661,-0.009738325263916358,0.08276375579803232,0.1315092605146166,0.133526228603508,0,1,0
12.312312312312311,0.009940783901442533,-0.05688878945825197,0.9988519913845002,-0.009370171971448949,-0.008213009680032912,0.0762657791941722,0.13114428387964566,0.13331751578064116,0,1,0
12.332332332332332,0.008765793281619255,-0.058749530991163944,0.9986623547546236,-0.009481831493827825,-0.006757696201460502,0.07276567392862056,0.1310658719031279,0.13329471137690727,0,1,0
12.352352352352352,0.0075596602439316285,-0.06030665188438131,0.9984690391218307,-0.009665781639643089,-0.005489771287461706,0.06339624569993985,0.13157550649100808,0.13362649540317267,0,1,0
12.372372372372372,0.0063280218073471315,-0.06158192182922487,0.998284552326063,-0.009224339788390696,-0.0045930143278369185,0.044837847981239375,0.1316378255220273,0.13403088192255985,0,1,0
12.392392392392392,0.00507585053969177,-0.06260856338276806,0.998115838925073,-0.00843567004949307,-0.00384931791467188,0.03718482065825186,0.13090064492736736,0.13359712093055048,0,1,0
12.412412412412412,0.0038068013959002226,-0.06345245718957739,0.9979455696125188,-0.008513465627714293,-0.003103833030882852,0.037274244189451425,0.13035047900073865,0.13324635415791067,0,1,0
12.432432432432432,0.0025238802619897715,-0.06414605669552255,0.9977604096373154,-0.009257998760171728,-0.002274371486750571,0.041473077206614015,0.1307927847287599,0.13329733205072677,0,1,0
12.452452452452452,0.001229946224167495,-0.06469670189111382,0.9975676769908162,-0.009636632324961822,-0.001616940587385776,0.03287154496823979,0.13157355190034686,0.13417019304188518,0,1,0
12.472472472472472,-7.175505099599601e-05,-0.06508506375817455,0.9973918785313906,-0.008789922971280966,-0.0011655143368222182,0.022571312528177886,0.13108835431054378,0.13388034389097075,0,1,0
12.492492492492492,-0.001378629517145391,-0.06534372330746975,0.9972215371359897,-0.00851706977004035,-0.0007388216692360908,0.021334633379306377,0.13025457676967475,0.13326065918392915,0,1,0
12.512512512512512,-0.002688869885613176,-0.06551201842338925,0.9970351225105291,-0.00932073127303496,-0.00018469816044492542,0.027706175439558275,0.13087203294954958,0.13364565041215015,0,1,0
12.532532532532532,-0.0040007926136399466,-0.06559613640133853,0.996847487309768,-0.00938176003805146,0.00025605133258119417,0.02203747465130598,0.1313320156939423,0.13574893930758977,0,1,0
12.552552552552552,-0.0053122618519121,-0.0655734619136077,0.9966966069304294,-0.00754401896693232,0.0019535420125992788,0.08487453400090424,0.1320767019986805,0.13559500585845521,0,1,0
12.572572572572572,-0.006621513473268877,-0.06546258106783884,0.9965912332041655,-0.00526868631319062,0.004154718298859096,0.11005881431299079,0.13252146799181336,0.1355322123597368,0,1,0
12.592592592592592,-0.00792184652938019,-0.06501665280556565,0.9965370175351098,-0.002710783452786966,0.00653356178035069,0.11894217407457969,0.1324820050030216,0.13522724606073805,0,1,0
12.612612612612612,-0.009204532486769564,-0.06413429786946861,0.9965288306143625,-0.0004093460373675315,0.00886137701785756,0.11639076187534345,0.13239583144576936,0.13494793755703477,0,1,0
12.632632632632632,-0.010460213586142153,-0.06278405496862952,0.9965612075886366,0.0016188487137076338,0.011063184750267598,0.11009038662050191,0.13235283570608802,0.1347569514901697,0,1,0
12.652652652652652,-0.011679752321967145,-0.06097693679124962,0.9966306112295784,0.003470182047088013,0.013118850286493339,0.102783276811287,0.13227860129817484,0.13455505197846473,0,1,0
12.672672672672672,-0.012854490391422616,-0.05873690347277358,0.9967328641152096,0.005112644281555301,0.01494331980695473,0.09122347602306981,0.1320555886920229,0.13427485881551118,0,1,0
12.692692692692692,-0.013976460775587275,-0.05609851920823292,0.9968604137347303,0.0063774809760381735,0.01660755552897379,0.08321178610095276,0.13198080959308736,0.1340271525462193,0,1,0
12.712712712712712,-0.015038537458046265,-0.05310383412294955,0.9970083820583946,0.007398416183211906,0.017974078224984032,0.06832613480051221,0.13192634932990122,0.13392916062734792,0,1,0
12.732732732732732,-0.016034251033342096,-0.04978567876479155,0.9971744073876305,0.008301266461796401,0.019105431892845897,0.05656768339309334,0.13167122559353722,0.13362599888512688,0,1,0
12.752752752752752,-0.016958376757626778,-0.04620628621423408,0.9973501271046953,0.00878598585323628,0.01997823477230187,0.043640143972798764,0.1317307834137817,0.13357316853275222,0,1,0
12.772772772772772,-0.017806526504790195,-0.04240748735817085,0.9975355584235829,0.009271565944378155,0.020616905333807382,0.03193352807527565,0.13177607803212815,0.1335169932767109,0,1,0
12.792792792792792,-0.018575323205712584,-0.03843983504611941,0.9977304731480398,0.009745736222846309,0.0210352665116718,0.02091805889322114,0.13173132376848823,0.133327236644896,0,1,0
12.812812812812812,-0.019262391519033514,-0.03435341566604659,0.9979313468345544,0.010043684325732088,0.021237580892933938,0.010115719063106711,0.13154302756086714,0.1330388830805998,0,1,0
12.832832832832834,-0.019866331853540184,-0.030197016725333474,0.9981310853562624,0.009986926085397268,0.02132506979235414,0.004374444971010082,0.1316477840708616,0.13298527822965941,0,1,0
12.852852852852854,-0.020386385293637396,-0.026002672004860568,0.9983304295843091,0.009967211402333809,0.021267064846696028,-0.0029002472829054507,0.13188963425081499,0.1330203099040745,0,1,0
12.872872872872874,-0.02082215764512203,-0.02178861757423173,0.998533473240499,0.010152182809497999,0.02096755713768317,-0.014975385450643022,0.1318491527079615,0.1329034853302091,0,1,0
12.892892892892894,-0.02117403741391828,-0.017593988439812646,0.9987378912384361,0.010220899896858862,0.02057967732169197,-0.019393990799560237,0.13172143336323477,0.13255140293069134,0,1,0
12.912912912912914,-0.021443377095968098,-0.013466984102490864,0.9989366017722522,0.009935526690802806,0.019979564119533284,-0.030005660107934425,0.13199404420218724,0.1327926678736657,0,1,0
12.932932932932934,-0.021631640651527933,-0.009413177777991829,0.9991372477491461,0.010032298844695479,0.01933912759764624,-0.03202182609435183,0.13200136272550028,0.13258692027767865,0,1,0
12.952952952952954,-0.021741284638354213,-0.005482199341313957,0.9993369378029278,0.009984502689080358,0.018572963773552952,-0.038308191204664166,0.13183904043527722,0.13213791924537618,0,1,0
12.972972972972974,-0.021775088625852913,-0.0016901993749350382,0.9995266663349714,0.009486426602183167,0.01763377463117734,-0.04695945711878099,0.1313700115038784,0.1319088664143773,0,1,0
12.992992992992994,-0.02173629954001662,0.0019394542918146755,0.9996961499713577,0.008474181819313871,0.01682739578738621,-0.04031894218955651,0.1317461104872448,0.13173614966279368,0,1,0
13.013013013013014,-0.02162861822913417,0.005384065544122444,0.9998484676270938,0.00761588278680545,0.015890823130045,-0.04682863286706032,0.13170736269784178,0.1314807817903278,0,1,0
13.033033033033034,-0.02145530072770185,0.008665875071615863,0.9999793168832088,0.006542462805750991,0.014719256977708747,-0.058578307616812805,0.13196802614309802,0.1351106529928045,0,1,0
13.053053053053054,-0.02121917846145497,0.011806113312344088,1.0001463877500478,0.008353543341944032,0.016193211016754867,0.07369770195230572,0.1305414390316013,0.13074633363036342,0,1,0
13.073073073073074,-0.020926215602391156,0.014648142953190743,1.0002639692587008,0.0058790754326435634,0.01809063231352436,0.09487106483847457,0.13157109461546573,0.13081060115518175,0,1,0
13.093093093093094,-0.020570541118138715,0.017783724212622018,1.0003481773695364,0.004210405541778335,0.01982497122254388,0.08671694545097612,0.13171131260929783,0.13011253522271418,0,1,0
13.113113113113114,-0.020145008973199905,0.021276607246940478,1.0003906225963297,0.002122261339667161,0.020877884243893877,0.05264565106749947,0.1303594729451968,0.1285618194097409,0,1,0
13.133133133133134,-0.019643782735540547,0.025061311882967858,1.0003481850404632,-0.0021218777933259434,0.02116207015751659,0.014209295681135707,0.13106010908266935,0.129191048139495,0,1,0
13.153153153153154,-0.019062496978828607,0.0290642878355971,1.0002404799195284,-0.005385256046740941,0.02078219030182763,-0.018993992784448112,0.1323990182871963,0.13043306330002316,0,1,0
13.173173173173174,-0.01839930105249792,0.03315979631653436,1.000105711558826,-0.006738418035116553,0.0197646103381897,-0.050878998181896444,0.13297222409589052,0.13114172734766882,0,1,0
13.193193193193194,-0.01765537944790851,0.03719608022947039,0.9999628975412836,-0.007140700877125522,0.018410982142564546,-0.06768140978125785,0.1328193481663664,0.1309176265193944,0,1,0
13.213213213213214,-0.016834891539781613,0.04102439540634486,0.9998065348315969,-0.007818135484339385,0.01679575058416228,-0.0807615779201132,0.13284548978600466,0.13106698633418412,0,1,0
13.233233233233234,-0.01594313858903373,0.04458764753739414,0.9996393239579779,-0.008360543680948395,0.015135251979910391,-0.08302493021259477,0.1330186162533475,0.13108546974576585,0,1,0
13.253253253253254,-0.014986452350097249,0.04783431194682406,0.9994642143489257,-0.00875548045261016,0.013431148933182256,-0.0852051523364068,0.13341787947138373,0.13151617357099277,0,1,0
13.273273273273274,-0.0139711983291965,0.05076270104503738,0.9992936041269049,-0.008530511101039997,0.011815257011006549,-0.08079459610878528,0.1334227995726267,0.13136108442294767,0,1,0
13.293293293293294,-0.012904131389308775,0.05335334699438624,0.9991253642961343,-0.00841199153852959,0.010230887629352913,-0.07921846908268176,0.1335631538734854,0.1312459243601619,0,1,0
13.313313313313314,-0.011791670073326854,0.05562306579909606,0.9989599480910752,-0.008270810252955224,0.008636669517566966,-0.07971090558929746,0.13314059174165419,0.13124426641635853,0,1,0
13.333333333333334,-0.010640064707495771,0.05758026829155417,0.9987911396127837,-0.008440423914580447,0.007312710030731093,-0.06619797434179356,0.1334986231208465,0.13130806296023567,0,1,0
13.353353353353354,-0.009455602077795555,0.05922313148501081,0.9986252468367782,-0.008294638800271328,0.006209746591946439,-0.055148171939232604,0.13289849399888393,0.13069837249490635,0,1,0
13.373373373373374,-0.008243633411905628,0.06059843329449634,0.9984443884090399,-0.009042921386914291,0.005370553070740077,-0.04195967606031813,0.13462356545191956,0.13195885319524953,0,1,0
13.393393393393394,-0.007008212258999339,0.06177105764531444,0.9982928230009708,-0.007578270403460442,0.00446368179794608,-0.045343563639699734,0.1331187977979124,0.13060433008743202,0,1,0
13.413413413413414,-0.005752938127843343,0.06276370655779982,0.9981282105504194,-0.008230622527566168,0.0037202666425072257,-0.03717075777194254,0.13327447886204813,0.1303820306370657,0,1,0
13.433433433433434,-0.004481371735781397,0.06357831960309726,0.9979495815501987,-0.008931450011032897,0.0028629746809760662,-0.04286459807655787,0.13322503475456807,0.13072354600374272,0,1,0
13.453453453453454,-0.0031963946834396417,0.06424885261708778,0.9977612748342088,-0.009415335799495961,0.0021924902491658243,-0.033524221590511986,0.13370556068758432,0.1307574885901102,0,1,0
13.473473473473474,-0.0019013677917906412,0.06475134458245002,0.9975709231615721,-0.009517583631834277,0.0014095328619984897,-0.039147869358366644,0.13383737168102633,0.1316522577612855,0,1,0
13.493493493493494,-0.000598896135955444,0.06512358279175987,0.997393741730957,-0.008859071530758704,0.0011461452805224478,-0.013169379073801987,0.13453036365801002,0.13151856988547453,0,1,0
13.513513513513514,0.0007079479679072979,0.06534220519313709,0.9972380220670498,-0.007785983195355849,0.0007492142381721086,-0.01984655211751683,0.132858071738405,0.13009305202447768,0,1,0
13.533533533533534,0.0020179935539742,0.06550227930334511,0.9970578720483303,-0.009007500935977578,0.0005701114006182786,-0.00895514187769136,0.13608871844928683,0.131806308547847,0,1,0
13.553553553553554,0.0033297940781346876,0.06559002620802437,0.9969265361304915,-0.006566795891937245,-0.0006917641231781873,-0.06309377618982315,0.13487247316794906,0.1310716203118212,0,1,0
13.573573573573574,0.004642664283458963,0.06564351026621379,0.9968151120683604,-0.005571203106555918,-0.0027323139123486017,-0.10202748945852058,0.13480473223628472,0.13151430292873617,0,1,0
13.593593593593594,0.005951629184554141,0.0654482450547589,0.996729154249832,-0.004297890926417248,-0.005144479210939943,-0.12060826492956689,0.1346635847179767,0.13177777651026282,0,1,0
13.613613613613614,0.00724863845508013,0.06485046352629942,0.9966704611226315,-0.0029346563600250236,-0.007615395230753404,-0.12354580099067283,0.1348155685605904,0.13221712293262272,0,1,0
13.633633633633634,0.008524129382695695,0.06377454638077822,0.9966477555199043,-0.0011352801363603213,-0.00992255070746882,-0.11535777383577075,0.13487029241079482,0.13234492151030958,0,1,0
13.653653653653654,0.00976835241516664,0.062211151623547296,0.9966636790354929,0.0007961757794349936,-0.012095725585356865,-0.10865874389440222,0.13469909463343088,0.13221159646222405,0,1,0
13.673673673673674,0.01097220782060372,0.06019277027185396,0.9967136403523976,0.0024980658452361266,-0.014082653036625226,-0.09934637256341793,0.13438185786604326,0.13226019704368655,0,1,0
13.693693693693694,0.012127237482173737,0.057751483078500906,0.9967935653641812,0.003996250589176564,-0.015756755649773677,-0.08370513065742242,0.13480009507490848,0.1325101583929169,0,1,0
13.713713713713714,0.013225444542307861,0.054910353006706165,0.9969132495948081,0.005984211531343043,-0.01723468696293073,-0.07389656565785281,0.13410808336867347,0.13206066133755237,0,1,0
13.733733733733734,0.014260525393311234,0.051754042550168605,0.997055684993152,0.007121769917192864,-0.018435432920751144,-0.06003729789102061,0.13416294434436693,0.13217215188181683,0,1,0
13.753753753753754,0.015226654093190484,0.04830643499396251,0.9972232395301315,0.008377726848975763,-0.019397208210423622,-0.048088764483624445,0.1339380835854522,0.1318771688782303,0,1,0
13.773773773773774,0.016119304950458727,0.04463254286341204,0.9974081286310778,0.009244455047313973,-0.020309224058748552,-0.045600792416246594,0.13359905439358422,0.1318994307191009,0,1,0
13.793793793793794,0.016934870293458987,0.04077826715001308,0.9976055886883551,0.009873002863868267,-0.021051605083213507,-0.037119051223247955,0.13344960436947942,0.13185377403129772,0,1,0
13.813813813813814,0.017669852144023217,0.036749092528211486,0.997812658614638,0.010353496314140485,-0.021598458468499546,-0.02734266926430192,0.13345822206447888,0.13219769003458642,0,1,0
13.833833833833834,0.01832130054197958,0.03257241989781827,0.9980344996356989,0.01109205105304907,-0.021829846260629646,-0.011569389606505002,0.13310252580460646,0.13161510504517462,0,1,0
13.853853853853854,0.018887393761552716,0.028304660978656693,0.9982571686380208,0.01113345011609568,-0.02198434252628429,-0.007724813282731878,0.1324199367645681,0.1316238895575812,0,1,0
13.873873873873874,0.019367545858283042,0.02400760483651635,0.9984706660078866,0.010674868493288924,-0.021707614184788327,0.013836417074797736,0.13224815093781056,0.13142093213533532,0,1,0
13.893893893893894,0.019761369488638672,0.019691181517781587,0.9986694280964719,0.009938104429263878,-0.021206961478805905,0.02503263529912118,0.13191602618834006,0.1319428021187368,0,1,0
13.913913913913914,0.02006990515642493,0.015426783389312984,0.998856288894716,0.009343039912206839,-0.019839110406100917,0.06839255363524906,0.13278498544441286,0.13254477239155416,0,1,0
13.933933933933934,0.020294681996413617,0.011238841999434254,0.9990530770411699,0.009839407322691899,-0.01788418819275081,0.09774611066750502,0.13206043841455614,0.13136750490193702,0,1,0
13.953953953953954,0.020441715766138766,0.007351688486257479,0.999231733390216,0.008932817452307595,-0.015860658942323184,0.10117646252138088,0.1321279028687035,0.1308491311129188,0,1,0
13.973973973973974,0.02051887173764242,0.0038577985751827373,0.9993857227654057,0.007699468759489193,-0.014464126017036292,0.0698266462643444,0.13185410543135273,0.1309049371730774,0,1,0
13.993993993993994,0.020534123254124386,0.0007625758240983119,0.9995119490798388,0.006311315721651616,-0.013507298160387487,0.04784139283243982,0.13174172768189396,0.1313581915896152,0,1,0
14.014014014014014,0.020492920975682557,-0.002060113922091533,0.9996155442544262,0.005179758729373353,-0.0127072734085822,0.04000123759026422,0.1320497536114739,0.13186747897835166,0,1,0
14.034034034034034,0.02039890048410435,-0.004701024578910319,0.999708667688103,0.004656171683838275,-0.01203795888108804,0.03346572637470745,0.13216576914977357,0.13062259495165923,0,1,0
14.054054054054054,0.020255462142078497,-0.0071719171012927935,0.9997746377519722,0.003298503193462991,-0.012703977414082333,-0.03330092664971493,0.13210561250018585,0.1313665750634464,0,1,0
14.074074074074074,0.020065162231798727,-0.009514995513988421,0.9998236166690789,0.0024489458553383064,-0.014202168632736182,-0.07490956093269271,0.132020886556142,0.13281360101566544,0,1,0
14.094094094094094,0.01982525090098722,-0.011995566540575197,0.9998757528736265,0.0026068102273810226,-0.015511537992419106,-0.06546846798414677,0.13179030911432904,0.13249334903314483,0,1,0
14.114114114114114,0.01953000811416996,-0.01476213934086306,0.9999228076763657,0.0023527401369581096,-0.016784171230378196,-0.06363166189795473,0.13148413989367955,0.13260427786688117,0,1,0
14.134134134134134,0.019174461782143964,-0.017777316601299758,0.9999618128128758,0.0019502568255083395,-0.017896750969229994,-0.055628986942590414,0.13099561172797922,0.13238820936888465,0,1,0
14.154154154154154,0.018753870388107465,-0.021029569701824898,0.9999822508864207,0.0010219036772476239,-0.01875036099340709,-0.04268050120885533,0.1304197456568286,0.13224653041670137,0,1,0
14.174174174174174,0.018264159774953843,-0.02448553065768105,0.9999734180269315,-0.0004416429744603593,-0.019144660274810318,-0.019714964070162364,0.13029423748974203,0.13238160338582297,0,1,0
14.194194194194194,0.017702060711575256,-0.028104953168929362,0.9999353950483721,-0.0019011489279665708,-0.018976404807015068,0.008412773389761697,0.1300556163551318,0.13216808095265759,0,1,0
14.214214214214214,0.01706624227401122,-0.03179092187820179,0.9998614556834534,-0.0036969682459368565,-0.01837007349955206,0.030316565373149376,0.13041169249154264,0.1326915247696519,0,1,0
14.234234234234235,0.016357197479477437,-0.03545223972668908,0.9997646399693533,-0.004840785705008623,-0.017358949074177916,0.050556221268706486,0.13043926471401154,0.1327962696005599,0,1,0
14.254254254254255,0.015577284589563173,-0.038995644495713244,0.9996469519572455,-0.005884400605385555,-0.01594152220649541,0.0708713433841241,0.13061271317096976,0.13299636180594057,0,1,0
14.274274274274275,0.014730415613083388,-0.04234344882398927,0.9995139951881401,-0.006647838455270196,-0.01422263570736699,0.08594432495641936,0.13087137652857836,0.13327482128707335,0,1,0
14.294294294294295,0.013822054113392213,-0.0454180749845588,0.9993738181895306,-0.00700884993047156,-0.012293558092213282,0.09645388075768405,0.13080766343882472,0.1329333498079101,0,1,0
14.314314314314315,0.012859063525281373,-0.04814952940554201,0.9992205202796083,-0.007664895496118009,-0.010477153330501459,0.0908202380855893,0.13122107490204632,0.13343197233743012,0,1,0
14.334334334334335,0.011848819077968073,-0.050512222365664945,0.9990677119811823,-0.0076404149213013,-0.00871375995128372,0.08816966896088506,0.13111580809971293,0.1333998401080712,0,1,0
14.354354354354355,0.010798531402767465,-0.05251438376003042,0.9989134389464764,-0.007713651735291773,-0.0070756766389731,0.08190416561552906,0.13118806435471134,0.1334218021375139,0,1,0
14.374374374374375,0.009715144478107651,-0.05416934623299072,0.9987591632553777,-0.0077137845549375425,-0.005691766379342757,0.06919551298151477,0.1314711667386528,0.1338362745977563,0,1,0
14.394394394394395,0.008605012128794462,-0.0555066174656595,0.9986152697869319,-0.007194673422289638,-0.004467446595407895,0.06121598919674072,0.13130538456048216,0.13394620450827385,0,1,0
14.414414414414415,0.007473639732925751,-0.05656861979343551,0.9984809658371231,-0.006715197490444202,-0.003300000703764068,0.05837229458218862,0.13035297650979594,0.13307466839854767,0,1,0
14.434434434434435,0.006325983845744342,-0.05738279435907045,0.998329254719282,-0.007585555892051058,-0.0021720974707194677,0.05639516165222712,0.13121745543845048,0.13369474455226665,0,1,0
14.454454454454455,0.005166538575292881,-0.057972263522573036,0.9981821474169148,-0.0073553651183607995,-0.0012993487777850474,0.04363743464671795,0.13152459555970902,0.1342841257421908,0,1,0
14.474474474474475,0.003999694206856059,-0.0583422184218411,0.9980529378072645,-0.006460480482519146,-0.00044129766273928505,0.04290255575228485,0.1309738634805578,0.13353004773819466,0,1,0
14.494494494494495,0.0028289697181921904,-0.05853622443319343,0.997922301352234,-0.006531822751520077,0.0001298314926254913,0.02855645776823538,0.13125102643004385,0.1339313169145091,0,1,0
14.514514514514515,0.0016577087563984048,-0.058563048089689276,0.9978002918234743,-0.006100476437988615,0.0005410639881669715,0.02056162477707041,0.13047251530519244,0.13326624387053904,0,1,0
14.534534534534535,0.00048815709333970914,-0.05847758315293478,0.9976655231384614,-0.006738434250646049,0.00087420508197597,0.01665705469044619,0.1311207521620013,0.13520482220900343,0,1,0
14.554554554554555,-0.000678060445784865,-0.05831087695622871,0.9975563179406717,-0.00546025988948472,0.002167024618685734,0.06464097683548431,0.13185553081263798,0.13529680080197404,0,1,0
14.574574574574575,-0.0018396417797581254,-0.058079066698663015,0.9974849235507501,-0.00356971949607686,0.003949888470408773,0.08914319258614788,0.1319503188700855,0.13497707693385794,0,1,0
14.594594594594595,-0.00299145713728165,-0.05759076787617623,0.997447999813558,-0.0018461868596047577,0.005852369403342102,0.09512404664666238,0.13209013814554815,0.13481479103424507,0,1,0
14.614614614614615,-0.004126490233232765,-0.05675165479755576,0.9974451923298179,-0.00014037418701036853,0.007695705614390714,0.09216681055242654,0.13213641342348986,0.1346964501224583,0,1,0
14.634634634634635,-0.005237256925105094,-0.05553833459361645,0.9974753966092752,0.0015102139728652901,0.009410166283301135,0.0857230334455169,0.13201797975489862,0.13445754355349349,0,1,0
14.654654654654655,-0.0063165389788501294,-0.05396410268725177,0.9975332695182062,0.002893645446550305,0.010952617667601696,0.07712256921502399,0.1319485008463482,0.13425295763902637,0,1,0
14.674674674674675,-0.007357610893595215,-0.05205359573725428,0.9976146931284576,0.004071180512571691,0.012223252888190725,0.06353176102944744,0.1315811256679082,0.13393789763695108,0,1,0
14.694694694694695,-0.008354531842008385,-0.04984604742065854,0.9977094959632292,0.004740141738581706,0.013323647132519541,0.05501971221643694,0.13162748930228782,0.13378159848905438,0,1,0
14.714714714714715,-0.009302392975547483,-0.047393056676954926,0.9978159915525119,0.0053247794641337115,0.014224431099047787,0.04503919832640877,0.13136942597950302,0.13361807560111472,0,1,0
14.734734734734735,-0.010196977181940379,-0.04472921031964482,0.9979278794631946,0.00559439553413628,0.015051174280989605,0.041337159097087225,0.13149113795523426,0.13345275921018757,0,1,0
14.754754754754755,-0.011034796053033145,-0.04189094355463827,0.9980444650624672,0.005829279963629434,0.015647778606505205,0.02983021627577688,0.1316222314072893,0.13356256503263245,0,1,0
14.774774774774775,-0.011812633996588587,-0.0388918971777721,0.9981692693255992,0.006240213156600643,0.016156414305653642,0.02543178495741892,0.1315120163557228,0.13333721628834197,0,1,0
14.794794794794795,-0.012528265991535687,-0.035781599747355036,0.9982972855701291,0.006400812226490467,0.016563260326932696,0.020342301063949773,0.13158230341710392,0.13326903094608505,0,1,0
14.814814814814815,-0.013179762437025766,-0.03257482227450391,0.9984285131936196,0.0065613811745270974,0.01688513876081177,0.016093921693951314,0.13197273616620767,0.13328502445016518,0,1,0
14.834834834834835,-0.01376546276025025,-0.029285016161224295,0.9985689463849612,0.00702165956708216,0.016890261705351597,0.0002561472269891549,0.1318052830434917,0.13318642460315466,0,1,0
14.854854854854855,-0.014284231235269295,-0.02593842375095222,0.9987146230270888,0.007283832106379843,0.016753781078850363,-0.006824031325063022,0.13154630238025422,0.13278901110462807,0,1,0
14.874874874874875,-0.014736318087802569,-0.022604342626663686,0.9988558198094806,0.007059839119588483,0.016569118273199897,-0.009233140282524976,0.13196664803998054,0.13301559530816842,0,1,0
14.894894894894895,-0.015122137588946266,-0.019290975057184846,0.9990021285236302,0.0073154357074827255,0.016259020898989132,-0.015504868710539204,0.13159297543767778,0.13269316046362228,0,1,0
14.914914914914915,-0.015442664926407928,-0.01602636687308306,0.9991432499599161,0.007056071814293918,0.01601750595526648,-0.012075747186133145,0.13159129998535202,0.13246795054155902,0,1,0
14.934934934934935,-0.015699209050850427,-0.012827206222124913,0.9992758432258878,0.006629663298584503,0.015743336090207904,-0.01370849325292878,0.1324161724592739,0.13259839196245024,0,1,0
14.954954954954955,-0.015892574935525122,-0.009668294233734703,0.9994140745513317,0.006911566272193501,0.015048485772891107,-0.034742515865839554,0.13220654511863053,0.13275905156574644,0,1,0
14.974974974974975,-0.016023900209523195,-0.006566263699903685,0.9995572356716262,0.007158056014725288,0.014325313537351789,-0.036158611776965256,0.13191845982423714,0.13192355313391116,0,1,0
14.994994994994995,-0.016096284181601913,-0.0036191986039359907,0.9996887247785367,0.006574455345517787,0.01337017894574918,-0.047756729580129394,0.13261188552485215,0.1315435879973528,0,1,0
15.015015015015015,-0.01611252074523122,-0.0008118281814652839,0.9998132267699619,0.006225099571258184,0.011389902270362956,-0.09901383376930953,0.1310367025072051,0.1314257876197845,0,1,0
15.035035035035035,-0.01607679046288935,0.0017865141170934984,0.9999057144111345,0.004624382058632107,0.00975813773295668,-0.08158822687031209,0.13038946122716502,0.1337799972944371,0,1,0
15.055055055055055,-0.01599657549928088,0.004010748180423462,0.9999915698059605,0.004292769741297958,0.011012589870796322,0.06272260689198467,0.13059077472642697,0.13165135373820863,0,1,0
15.075075075075075,-0.015878576681282203,0.005899940899933822,1.000042308801554,0.002536949779672889,0.013359617521525412,0.1173513825364572,0.13198130438589306,0.13188413421023026,0,1,0
15.095095095095095,-0.01571770232384703,0.008043717871758636,1.0000819283650813,0.001980978176363259,0.015962757923318197,0.1301570200896421,0.13244319706989874,0.13123182848838058,0,1,0
15.115115115115115,-0.015504956834629168,0.010637274460893081,1.0001074960120258,0.0012783823472257423,0.018202322401671647,0.11197822391767634,0.13091153578970274,0.12952746691322464,0,1,0
15.135135135135135,-0.015230986468504813,0.01369851830621775,1.000070927691906,-0.0018284160059847524,0.020033824296090526,0.09157509472094795,0.1319030442503646,0.12962800701581143,0,1,0
15.155155155155155,-0.014886966150713932,0.017201015889544043,0.9999882516182258,-0.004133803684007634,0.020955018351254056,0.0460597027581813,0.13317738258012451,0.13062568831875915,0,1,0
15.175175175175175,-0.014465160364621655,0.02109028930461382,0.9998929849289208,-0.00476333446524959,0.020809467638107208,-0.007277535657337381,0.13379722578833234,0.131195532992938,0,1,0
15.195195195195195,-0.013961675682309434,0.025174234115611004,0.9998026749811694,-0.004515497387567033,0.01970233554123056,-0.05535660484382633,0.1333200837159096,0.13085109736842504,0,1,0
15.215215215215215,-0.013377395187048733,0.029214024763035085,0.999705164820147,-0.004875508051117659,0.017852558834876762,-0.0924888353176837,0.13332507582509967,0.13105626409203552,0,1,0
15.235235235235235,-0.012716651229594422,0.03303719787271553,0.9996036550670505,-0.005075487654828335,0.015539028069990577,-0.11567653824430227,0.13336245005363315,0.13111950400319733,0,1,0
15.255255255255255,-0.011986720730973276,0.036496524931057275,0.9994997721012782,-0.005194148288617686,0.012897344201927405,-0.13208419340315125,0.13387591137957938,0.13188385204455796,0,1,0
15.275275275275275,-0.011196449609118463,0.03951355609274067,0.9994125954867408,-0.004358830726871702,0.01027521578998906,-0.13110642059690958,0.1330383095814846,0.13127871958695683,0,1,0
15.295295295295295,-0.01035654257192041,0.04199535185990261,0.9993209010355999,-0.004584722557041556,0.007914979207016731,-0.11801182914860801,0.1330279457838841,0.13132697105397922,0,1,0
15.315315315315315,-0.009477359298495708,0.04395916367123505,0.9992253689793734,-0.004776602811326298,0.006052991101982849,-0.09309940525168497,0.13317814391829247,0.13165983985199786,0,1,0
15.335335335335335,-0.008568074647279246,0.04546423256082309,0.9991332397109217,-0.004606463422583334,0.004812716743372742,-0.06201371793049566,0.13406545840927947,0.1323939647974037,0,1,0
15.355355355355355,-0.007635907630887375,0.04660835081959354,0.9990685851366623,-0.003232728712968964,0.004185186055962274,-0.03137653437051299,0.1331484443266973,0.13215168859452744,0,1,0
15.375375375375375,-0.006685844707960454,0.04750314614634604,0.9990142573839459,-0.002716387635819387,0.004725155424946203,0.026998468449207655,0.13245177890653476,0.13025243891788116,0,1,0
15.395395395395395,-0.005720527799521723,0.04826584542193655,0.9989318098844565,-0.004122374974468147,0.005498509465422393,0.0386677020238215,0.13302136383826438,0.13031551113181017,0,1,0
15.415415415415415,-0.004737858813360993,0.049133449308036474,0.9988306058694411,-0.005060200750773003,0.006191746804865951,0.034661866972190994,0.13336464864284522,0.13011147134624898,0,1,0
15.435435435435435,-0.0037348825849454143,0.05014881142077896,0.9987126927741661,-0.005895654763750901,0.006507831456489812,0.0158042325812071,0.13288055601536553,0.12989333634859343,0,1,0
15.455455455455455,-0.0027089500098691536,0.05129662875381303,0.9985676516093055,-0.007252058243026627,0.006644594514887142,0.006838152919881855,0.13318428004561167,0.129921829164161,0,1,0
15.475475475475475,-0.0016588467195115552,0.05250516451787992,0.9984003961883195,-0.008362771049299805,0.006474232164005277,-0.008518117544076671,0.1328724687245417,0.1298558677481616,0,1,0
15.495495495495495,-0.0005840820617573079,0.05373823288771236,0.9982053264959622,-0.00975348461787152,0.0062031159676011445,-0.01355580982018869,0.13384036391281048,0.13031603319164167,0,1,0
15.515515515515515,0.0005148098227533871,0.05494459422553475,0.9980036028921381,-0.010086180191203812,0.005440067455877817,-0.03815242558614691,0.133796138503243,0.13027165763299903,0,1,0
15.535535535535535,0.0016367819755930323,0.05609860764198226,0.997793919520413,-0.010484168586255869,0.004141852359281835,-0.06491075482977807,0.13466147136640078,0.130649291045892,0,1,0
15.555555555555555,0.002778940879364645,0.057107945188580624,0.9975947078016407,-0.009960585938609762,0.0019343990359441013,-0.11037266616686378,0.13560818944769382,0.13219197975846778,0,1,0
15.575575575575575,0.003936340423874289,0.057869977225482185,0.9974428719667411,-0.00759179174498433,-0.0007131909757814528,-0.13237950058625295,0.1352302495026723,0.13227895681248025,0,1,0
15.595595595595595,0.005100200439008142,0.05819300075669267,0.9973341280699007,-0.005437194842018564,-0.003402397070420891,-0.13446030473194526,0.13511241933306561,0.13235173302124795,0,1,0
15.615615615615615,0.006260050021675349,0.057992479133360336,0.9972678150520625,-0.003315650891910845,-0.006021914278807193,-0.13097586041928636,0.13490827279788473,0.13238140170470766,0,1,0
15.635635635635635,0.007405284658785058,0.05726173185548545,0.9972413261437143,-0.0013244454174132355,-0.008466511029576707,-0.12222983753844464,0.1349037799589898,0.13242165386472113,0,1,0
15.655655655655655,0.0085255596470211,0.05601374941180213,0.9972551422245052,0.0006908040395423747,-0.010760564167992466,-0.11470265692075461,0.13459177693998742,0.1323865240267552,0,1,0
15.675675675675675,0.009611258812780236,0.0542849582879568,0.9973040506353716,0.002445420543323884,-0.0127240010179902,-0.09817184249985059,0.1346659674586782,0.13245692871782824,0,1,0
15.695695695695695,0.01065333264360667,0.05210369154132165,0.9973901061763154,0.004302777047186113,-0.014449442804718146,-0.08627208933635849,0.1343152384731805,0.13228084705638146,0,1,0
15.715715715715715,0.011644126054163548,0.04953967052784394,0.9975054136408248,0.005765373225467786,-0.01582610852828698,-0.06883328617839969,0.13429964309687736,0.13213819418733364,0,1,0
15.735735735735735,0.012576889881411668,0.04663819136240603,0.9976475362678534,0.007106131351433414,-0.017015223716756237,-0.05945575942341741,0.13379548209899747,0.13185651429110914,0,1,0
15.755755755755755,0.013446450003435233,0.043478006101178274,0.9978047511723099,0.007860745222824815,-0.017982883996130707,-0.04838301396867463,0.13374369283699075,0.13185995370095338,0,1,0
15.775775775775776,0.01424818308500588,0.04008665407853234,0.9979762653207483,0.008575707421922419,-0.018768740886247772,-0.03929284450580048,0.13350095906862566,0.13185453628466973,0,1,0
15.795795795795796,0.014978414432732245,0.03651156738631821,0.9981583363674575,0.009103552335461163,-0.01931012713995487,-0.02706931268529785,0.1333243734838703,0.1315114721072719,0,1,0
15.815815815815816,0.015634233861817448,0.03279097145426017,0.9983432103871572,0.009243700984982771,-0.01980570985193736,-0.02477913559906317,0.13323989518453894,0.1316938154981741,0,1,0
15.835835835835836,0.016213587334908203,0.02896767365453782,0.9985322965230451,0.009454306794393208,-0.020229860928689388,-0.021207553837535243,0.13260259181690776,0.1318613435989588,0,1,0
15.855855855855856,0.016714697356406658,0.025055501074922777,0.9987185984661551,0.009315097155496378,-0.019995152122087478,0.011735440330165905,0.132843667798432,0.13131823179380162,0,1,0
15.875875875875876,0.017136057613139133,0.021068012836623674,0.9988976092635924,0.00895053987186646,-0.01985323528035569,0.007095842086665473,0.13217956768877043,0.13132302522826053,0,1,0
15.895895895895896,0.017478864350783472,0.01714033688221692,0.9990595818343463,0.008098628537693138,-0.019427930439280754,0.021265242053828286,0.13223229167183864,0.13128785535048784,0,1,0
15.915915915915916,0.017743726772340474,0.013243121077850122,0.9992047872253935,0.007260269552359699,-0.018905904519784144,0.026101295974916748,0.1322817524626947,0.13151692803044346,0,1,0
15.935935935935936,0.017932310100663044,0.009429166416128437,0.9993373836887515,0.006629823167896569,-0.018307749107692745,0.029907770604662,0.13199143489978313,0.13179339780565086,0,1,0
15.955955955955956,0.018046709693557535,0.005719979644724553,0.9994572052095579,0.005991076040325038,-0.017279603006517825,0.051407305058842834,0.1324039031715384,0.1324624639651782,0,1,0
15.975975975975976,0.01808905013334954,0.0021170219896000765,0.9995803153267994,0.0061555058620689235,-0.01577179433873505,0.07539043338924095,0.1321753820961606,0.13169336299589712,0,1,0
15.995995995995996,0.018063681801084586,-0.0012684166132475743,0.9996920084438898,0.005584655854521163,-0.014334822639185042,0.07184858497760757,0.1319725030489716,0.13166384499051137,0,1,0
16.016016016016017,0.017976648056534504,-0.004351687227504026,0.9997889394723095,0.004846551420984148,-0.013014261633310466,0.06602805029384169,0.13200476737113523,0.13186859231266465,0,1,0
16.036036036036037,0.01783357427732233,-0.007153688960608794,0.9998747038171295,0.00428821724099698,-0.011795382874437415,0.060943937943769975,0.13237542760938245,0.13076453257696605,0,1,0
16.056056056056057,0.01763983530301581,-0.009686948715325982,0.9999385078117418,0.003190199730614658,-0.011995915647192424,-0.010026638637626074,0.13208736524759454,0.131094300867109,0,1,0
16.076076076076077,0.017400247523130914,-0.011979388994244748,0.9999810282205057,0.0021260204382005715,-0.013261230613797312,-0.06326574833011522,0.13185780155297674,0.13231215411096287,0,1,0
16.096096096096097,0.017113902575779747,-0.014317247367558362,1.0000168960159423,0.0017933897718300851,-0.014528076840628557,-0.0633423113414299,0.13163332170576678,0.13227919885344405,0,1,0
16.116116116116117,0.016775992398140965,-0.016895508881939067,1.000042235145305,0.0012669564681357405,-0.015822493075420347,-0.06472081173945565,0.1314171252660998,0.13275065176261344,0,1,0
16.136136136136138,0.01638161214807722,-0.019719012503187194,1.0000607579669774,0.0009261410836168048,-0.01679254522686976,-0.04850260757233691,0.13048177510325465,0.13212929738005458,0,1,0
16.156156156156158,0.015926061601641065,-0.02277752732180782,1.0000493282058214,-0.000571488057802941,-0.01718729666808904,-0.019737572060831685,0.13027477243096722,0.13215116672791427,0,1,0
16.176176176176178,0.015405757913629338,-0.026015184400586353,1.000005141990425,-0.002209310769816035,-0.017102562799895842,0.004236693409789768,0.13014060419156726,0.13204803666317272,0,1,0
16.196196196196198,0.014819295615616344,-0.0293231149006497,0.999924658236223,-0.004024187710100688,-0.01664577227299583,0.022839526345126693,0.13043452968284025,0.1325923901782214,0,1,0
16.216216216216218,0.01416680651480024,-0.03262445504080526,0.9998202997178747,-0.005217925917418861,-0.01564563102796142,0.050007062251841226,0.13069237818718568,0.1326353635487472,0,1,0
16.236236236236238,0.013450138020099072,-0.03583342473505837,0.9996965524724826,-0.006187362269606815,-0.014547472395541926,0.0549079316210892,0.1309330099513206,0.13319331543001894,0,1,0
16.256256256256258,0.012673042752832053,-0.038854763363350975,0.9995653089138717,-0.0065621779305396295,-0.013167672585021082,0.06898999052614867,0.1306200668975162,0.13292621168407243,0,1,0
16.276276276276278,0.01183996066579087,-0.0416541043520591,0.9994180415339551,-0.007363368995835195,-0.01150475524255481,0.08314586712341114,0.13105996290570213,0.1328895101907206,0,1,0
16.296296296296298,0.01095622952578458,-0.044186557000314486,0.999260797719135,-0.007862190741004377,-0.009996937474510607,0.07539088840229953,0.13143866979606908,0.1335516070355717,0,1,0
16.316316316316318,0.010028256738994965,-0.04639863933948079,0.9991090759791138,-0.007586087001062973,-0.00857659572873774,0.07101708728872254,0.13101857685163357,0.1332051009715994,0,1,0
16.336336336336338,0.009062081448011633,-0.04830876454916666,0.9989515834959807,-0.007874624156657056,-0.007197284532740861,0.06896555979991212,0.13121606513972234,0.13330778126834703,0,1,0
16.356356356356358,0.008063326318211265,-0.04993775649001834,0.998792818680194,-0.007938240789336479,-0.00612958039983809,0.053385206645195526,0.13142812586916847,0.13357275642116287,0,1,0
16.376376376376378,0.007037328801467661,-0.0512998758371802,0.9986398911781437,-0.007646375102513251,-0.005298360911949523,0.04156097439447395,0.13135331748005372,0.1339650145587983,0,1,0
16.396396396396398,0.005988279876549334,-0.05245244624591634,0.9984975317918953,-0.0071179693124206024,-0.004383904003032987,0.045722845445860055,0.13084853282260275,0.13321292790390343,0,1,0
16.416416416416418,0.004919615668923021,-0.05343321038131566,0.9983471391358028,-0.00751963280462787,-0.003719132550394485,0.03323857263194667,0.13141261285070902,0.13392564717900496,0,1,0
16.436436436436438,0.0038348667002005414,-0.054237448436123964,0.9982076458918128,-0.006974662199498474,-0.0032543419729679232,0.023239528871338306,0.13096616195903044,0.1337493706676349,0,1,0
16.456456456456458,0.002736698745259919,-0.05490839774703111,0.9980698371198694,-0.006890438597169656,-0.0028083334001216247,0.02230042864231428,0.13058341708607188,0.1332420512416596,0,1,0
16.476476476476478,0.0016269859633209682,-0.05548563909694754,0.9979205331075592,-0.007465200615510127,-0.0024967860980459645,0.015577365103773114,0.13106682235504422,0.13364261857541157,0,1,0
16.496496496496498,0.0005074608461777339,-0.05597625585716171,0.9977728349779795,-0.00738490647898714,-0.0024357505425116814,0.0030517777766968616,0.13095102930637448,0.13368222398742113,0,1,0
16.516516516516518,-0.0006206511587382878,-0.05640560024580108,0.9976256172697356,-0.0073608854121933786,-0.0025022265527351703,-0.0033238005111974134,0.13049377822310473,0.13350806170247403,0,1,0
16.536536536536538,-0.0017571157685338803,-0.05682323048977962,0.9974695263286062,-0.007804547056473044,-0.00241593323417627,0.004314665927918256,0.13101676843506274,0.1353046954677087,0,1,0
16.556556556556558,-0.0029022461322602586,-0.05725651818631891,0.9973389262047433,-0.0065300061931454646,-0.0012207676334027452,0.05975828003864704,0.13178186053666105,0.13538479510878035,0,1,0
16.576576576576578,-0.004055746379620719,-0.057675012368023054,0.9972463390579992,-0.004629357337206,0.0005631766530247164,0.08919721432134474,0.13187157769958516,0.13507186416284353,0,1,0
16.596596596596598,-0.005212833706407342,-0.05785436633933113,0.9971884666216705,-0.0028936218164373256,0.0025211358068114044,0.09789795768930976,0.1316889639479028,0.13472378018767894,0,1,0
16.616616616616618,-0.006366499578694367,-0.05768329361435123,0.9971574490281085,-0.0015508796780961318,0.004601707133042363,0.10402856631152944,0.13183677967927182,0.13458691366032896,0,1,0
16.636636636636638,-0.007509051161750877,-0.057127579152825486,0.9971534365697876,-0.0002006229160452014,0.006645189155086038,0.10217410110217331,0.13189571915981227,0.1345080219941043,0,1,0
16.656656656656658,-0.008632321894913683,-0.056163536658140306,0.9971761044153908,0.0011333922801589377,0.008626090753785795,0.09904507993498705,0.1321307815272756,0.13447844204380152,0,1,0
16.676676676676678,-0.009728272022663268,-0.05479750638747923,0.9972284513284877,0.0026173456548426966,0.010419960146522014,0.08969346963682058,0.1319893576509122,0.13427960925865073,0,1,0
16.696696696696698,-0.010789145837175952,-0.05304369072563417,0.9973053769157827,0.003846279364752019,0.01202822572596597,0.08041327897221727,0.13202454786858575,0.1340556744713315,0,1,0
16.716716716716718,-0.01180795700968781,-0.05094055862559295,0.9974040177262593,0.0049320405238294064,0.013359865537370917,0.06658199057027678,0.13202222190019755,0.1339447692279949,0,1,0
16.736736736736738,-0.0127784151712319,-0.04852290807720449,0.9975226252262986,0.005930375001965287,0.014383079845488663,0.051160715405923776,0.13182482426259823,0.1337414388511089,0,1,0
16.756756756756758,-0.013695376114318154,-0.04584804715431276,0.9976551966305633,0.00662857021323517,0.015137254839476966,0.03770874969945693,0.1317026271054242,0.1335520739070009,0,1,0
16.776776776776778,-0.014554955694126084,-0.042978978990396495,0.997797060841782,0.007093210560930982,0.015712199273880303,0.028747221720209208,0.13163952236822687,0.1334183540629484,0,1,0
16.796796796796798,-0.01535428850974995,-0.03996664078119325,0.9979452585314607,0.007409884483935573,0.01615475201703319,0.022127637157682414,0.1316285272093442,0.13336607317334043,0,1,0
16.816816816816818,-0.016091193493869144,-0.03684524920595971,0.9980988175696179,0.007677951907862211,0.016550243987278977,0.01977459851231713,0.13135345761924916,0.1330917496192833,0,1,0
16.836836836836838,-0.016764154380458387,-0.03364804432946221,0.9982495721790503,0.007537730471618467,0.017071189288092887,0.026047265040707226,0.13144085179506598,0.13285535823282357,0,1,0
16.856856856856858,-0.017371689446366582,-0.030376753295409793,0.998395289960194,0.007285889057183199,0.017517973297718432,0.022339200481265326,0.1318525219871938,0.13302831373657978,0,1,0
16.876876876876878,-0.017911650555145278,-0.026998055438934795,0.9985445964842352,0.007465326202061347,0.017774897723230498,0.012846221275562064,0.13204819033381365,0.13305997288639415,0,1,0
16.896896896896898,-0.01838235235662657,-0.02353509007406462,0.9987008287289423,0.007811612235351513,0.017954453619758396,0.008977794826320365,0.13211970905678352,0.1326648319375107,0,1,0
16.916916916916918,-0.018782856458676115,-0.02002520510247726,0.9988591752426319,0.007917325684482742,0.017654886732554984,-0.014978344360282015,0.13220266352034615,0.13277015493386765,0,1,0
16.936936936936938,-0.01911253077241158,-0.016483715686773266,0.9990224122891216,0.00816185232448306,0.01712940004120329,-0.026274334567735744,0.1322092872030788,0.13271021079159817,0,1,0
16.956956956956958,-0.019372606653417293,-0.013003794050285605,0.9991897709951995,0.008367935303895246,0.016404854866524213,-0.03622725873414917,0.13211831727206347,0.1325323477360802,0,1,0
16.976976976976978,-0.01956529279025571,-0.009634306841920862,0.9993573051018988,0.008376705334969082,0.015562689162624294,-0.04210828519523517,0.13098092822379614,0.13184583118814594,0,1,0
16.996996996996998,-0.019693930779781342,-0.00643189947628166,0.9994980450505704,0.007036997433579507,0.01507527703142422,-0.024370606560304018,0.13225063803431827,0.13223521597546428,0,1,0
17.017017017017018,-0.01976154734663616,-0.0033808283427410116,0.9996366194551993,0.006928720231449202,0.014489826111845109,-0.029272545979281334,0.13265287801843495,0.13119746416786754,0,1,0
17.037037037037038,-0.019770235754234505,-0.0004344203799171659,0.9997636436511611,0.00635120979808688,0.012734777469227916,-0.08775243213114844,0.1309446616948471,0.13299273314301532,0,1,0
17.057057057057058,-0.01972233156061037,0.0023952096812067092,0.9998804410001113,0.005839867447511573,0.012740227429649711,0.00027249802069388707,0.12992314409971278,0.1313857531353371,0,1,0
17.077077077077078,-0.019625252320649104,0.0048539619980633554,0.9999481673667509,0.003386318331975793,0.014153024385636846,0.07063984779887619,0.1316578027970864,0.13194579923038888,0,1,0
17.097097097097098,-0.01947864564181846,0.007330333941532256,1.0000008153499684,0.0026323991608838233,0.016229820540884943,0.10383980776191479,0.1325341416291084,0.1317918906170299,0,1,0
17.117117117117118,-0.019276912032384373,0.010086680471704216,1.0000490123608226,0.0024098505427015264,0.018279105425989737,0.10246424425482192,0.13266014009702942,0.13115780260296475,0,1,0
17.137137137137138,-0.019012130553785183,0.013239073929959547,1.000085108596956,0.0018048118066748512,0.019863665441482683,0.07922800077439233,0.13237810386917734,0.12992916262124127,0,1,0
17.157157157157158,-0.0186767815289384,0.016767451242339144,1.000086589216966,7.403100049439902e-05,0.02037960221508631,0.025796838680206567,0.13289728337930223,0.13087778699572272,0,1,0
17.177177177177178,-0.018264349138195163,0.020621619537161927,1.0000750777459193,-0.0005755735523337202,0.020310545658865642,-0.003452827810709845,0.13213089695512154,0.13031350435260813,0,1,0
17.197197197197198,-0.017773269537585287,0.02455398003049382,1.0000308240958407,-0.0022126825039302596,0.019914962868183037,-0.019779139533480893,0.13261066383843187,0.1305639903582847,0,1,0
17.217217217217218,-0.01720362803313246,0.02848207522264136,0.9999646500589002,-0.00330870184702183,0.019079930572892576,-0.04175161476348131,0.1337064416855988,0.13127410894349398,0,1,0
17.237237237237238,-0.016556513118803656,0.03235574571644028,0.9999033353695337,-0.003065734468326741,0.017649666348921317,-0.07151321119703297,0.1328331811904134,0.1303261029580072,0,1,0
17.25725725725726,-0.01583581167018364,0.03603507243100077,0.9998199671224653,-0.004168412353419208,0.015746883778673382,-0.09513912851030554,0.1335712121584161,0.13114658704093585,0,1,0
17.27727727727728,-0.015046746314421431,0.03945326778811038,0.9997377332317412,-0.004111694536207916,0.013543381830340229,-0.11017509741396421,0.13320254709790716,0.13097043777003056,0,1,0
17.2972972972973,-0.014196905731050197,0.04249202916856168,0.9996486879751448,-0.00445226282981936,0.011193809784043633,-0.11747860231153011,0.1333138423054435,0.1312494890214804,0,1,0
17.31731731731732,-0.01329493558714224,0.045098507195397826,0.9995587400248076,-0.004497397516862598,0.009027181908508531,-0.10833139377281796,0.13332708945539026,0.13128559567044013,0,1,0
17.33733733733734,-0.012350025336561559,0.047245512529034084,0.999468734402351,-0.0045002811228324335,0.007040990941339418,-0.09930954835387529,0.13342486199031886,0.13165441201456182,0,1,0
17.35735735735736,-0.01137068541730641,0.04896699596275739,0.9993856691268785,-0.004153263773619988,0.005605502661265123,-0.07177441399849821,0.13322456507476074,0.13099304613368934,0,1,0
17.37737737737738,-0.010364846443739808,0.050291948678330124,0.9992968418050112,-0.004441366093368192,0.004430751104335545,-0.05873757784055392,0.13391548242375031,0.1315656217897915,0,1,0
17.3973973973974,-0.009338072203872566,0.05133871199336208,0.9992210060875282,-0.003791785874151272,0.003517941441507345,-0.04564048313475894,0.13346208576647303,0.1308948841093457,0,1,0
17.41741741741742,-0.008295058481752287,0.052150686106013935,0.9991415314813165,-0.003973730310587174,0.002696300591772533,-0.04108204247936046,0.13341243854141321,0.13134784828034451,0,1,0
17.43743743743744,-0.007239372464477903,0.05278430086371919,0.9990644072232298,-0.003856212904337121,0.0023933901491733863,-0.015145522121955059,0.13328619444051049,0.1309340416562309,0,1,0
17.45745745745746,-0.00617429268173492,0.05325398913714916,0.9989816426044302,-0.0041382309399747574,0.00244486770306018,0.002573877702960921,0.1330759145700005,0.13090466933367753,0,1,0
17.47747747747748,-0.005101049433360784,0.0536621624187068,0.9988896902496587,-0.004597617738580112,0.0030648273249716104,0.030997981104729514,0.13344845407944583,0.1305897456501101,0,1,0
17.4974974974975,-0.0040194585044814055,0.05407954644396892,0.998789403237137,-0.005014350626080511,0.0037400568490549633,0.033761476213873425,0.13357817772169775,0.13038943115072477,0,1,0
17.51751751751752,-0.0029270687776640353,0.05461948634086851,0.998679729100579,-0.0054837068279041425,0.0041499482832942905,0.02049457172214763,0.13291831713624205,0.12938734816644668,0,1,0
17.53753753753754,-0.0018213607488460253,0.055285401440900495,0.9985360376415867,-0.007184572949613128,0.004076267612376516,-0.003684033535307763,0.13365447934144786,0.12889190432505243,0,1,0
17.55755755755756,-0.0007006714868983144,0.05603446309738555,0.9983618887436839,-0.008707444895137757,0.00242689541612816,-0.08246860980146434,0.13467746789391155,0.13109616565292517,0,1,0
17.57757757757758,0.00043489615279069865,0.05677838198445065,0.998205094297754,-0.007839722296498146,0.0001679547548918666,-0.11294703305077924,0.13505444547612092,0.13197122345837273,0,1,0
17.5975975975976,0.00157888695388611,0.05719954005477056,0.9980842240380183,-0.006043512986782983,-0.0022907948514917825,-0.12293748030828397,0.1348838753884687,0.132017476196119,0,1,0
17.61761761761762,0.002722362149538594,0.05717375978262421,0.9979974478200615,-0.004338810897840013,-0.004771852196670913,-0.12405286724839161,0.1346625671777414,0.13207899919230479,0,1,0
17.63763763763764,0.003855646358166995,0.056664210431420045,0.9979423881424746,-0.0027529838793422497,-0.007128669799184288,-0.1178408801156458,0.13461635190095075,0.13242598119957893,0,1,0
17.65765765765766,0.0049689335075414655,0.05566435746872353,0.9979234661352983,-0.000946100358814811,-0.009084510473723249,-0.09779203371767085,0.13492026430653975,0.13247910599113633,0,1,0
17.67767767767768,0.0060529018263882715,0.054198415942340275,0.9979459156241917,0.0011224744446701373,-0.010916584199762625,-0.09160368629360167,0.13429967533849416,0.13192421524632014,0,1,0
17.6976976976977,0.007099983128233728,0.05235406509227282,0.9979922600042499,0.00231721900291428,-0.012613407273315594,-0.08484115367036794,0.1340722337485282,0.13190770235810917,0,1,0
17.71771771771772,0.008103035446714816,0.05015261592405435,0.9980588130896207,0.003327654268543697,-0.014090872758562351,-0.07387327425631528,0.13404657861685199,0.13220428129322395,0,1,0
17.73773773773774,0.009055362230019888,0.047616339165253554,0.9981495095852926,0.004534824783591296,-0.015167758969597775,-0.05384431054716098,0.13426385823635748,0.13209507275130009,0,1,0
17.75775775775776,0.009951208671166,0.044792322057305635,0.9982658725740482,0.005818149437779898,-0.016288023248247692,-0.056013213929426195,0.1335841746272077,0.1317797365407145,0,1,0
17.77777777777778,0.010786540169597285,0.04176657492156418,0.9983931005527465,0.006361398934917567,-0.017142317636433185,-0.04271471940786348,0.13345274806640964,0.1318090321230142,0,1,0
17.7977977977978,0.0115570445448153,0.03852521876090077,0.9985296114059855,0.006825542661947863,-0.017730363144084896,-0.029402275382928514,0.13317519308036357,0.13166652080395952,0,1,0
17.81781781781782,0.012259565631957117,0.03512605435709089,0.998669126729878,0.006975766194620825,-0.018124736950258156,-0.019718690310832003,0.13302297675719246,0.13181107141800835,0,1,0
17.83783783783784,0.012891826344137845,0.03161303560903645,0.9988114927483568,0.007118300923939067,-0.018141359488605895,-0.0008311269214356029,0.13355379331853104,0.13188911255209643,0,1,0
17.85785785785786,0.013452173715623602,0.028017368574287826,0.9989657003558458,0.0077103803744456405,-0.018253167767982522,-0.0055904139747900514,0.13209151216245443,0.1312368982651191,0,1,0
17.87787787787788,0.013941162390804009,0.024449433759020388,0.9991004276633418,0.006736365374806729,-0.017911596686387938,0.017078554071832647,0.13264333570292355,0.13136399911525962,0,1,0
17.8978978978979,0.014358244787852486,0.020854119852423858,0.9992257231975509,0.006264776710452721,-0.01759521678059578,0.015818995279780364,0.13250359644102988,0.1316010497410262,0,1,0
17.91791791791792,0.014704787100520512,0.01732711563340134,0.9993430525330692,0.005866466775917044,-0.017110914342532778,0.024215121891387588,0.13240852917153328,0.13178874694108472,0,1,0
17.93793793793794,0.014982096667511425,0.01386547834954562,0.9994538097283081,0.005537859761943744,-0.016413136937044253,0.03488887026071809,0.1319440745080935,0.1320851053172563,0,1,0
17.95795795795796,0.015192179149055858,0.010504124077221663,0.9995555377248567,0.005086399827428326,-0.015023764394986133,0.0694686270871857,0.13243057241148587,0.13225488942663952,0,1,0
17.97797797797798,0.01533768051998562,0.007275068546488069,0.99965800365753,0.005123296633661248,-0.013343664583500746,0.08400499055656208,0.13199089074312392,0.1313903097343775,0,1,0
17.997997997998,0.015424391009304494,0.004335524465943679,0.9997419729485694,0.004198464551967038,-0.011813962958606268,0.07648508122510604,0.13214552720160813,0.1315973632951983,0,1,0
18.01801801801802,0.015458898693480399,0.001725384208795254,0.9998128964720077,0.0035461761719120647,-0.010594336131361402,0.06098134134068675,0.13210584228061073,0.13163152952225043,0,1,0
18.03803803803804,0.01544724326319764,-0.0005827715141379607,0.9998707676567797,0.0028935592386057475,-0.009745613411038424,0.04243613599262724,0.13205811484971475,0.12935000562940513,0,1,0
18.05805805805806,0.015394652266350185,-0.002629549842372797,0.9998811344029859,0.0005183373103069813,-0.011241724208516393,-0.07480553989867991,0.1333625544018808,0.1322653199995639,0,1,0
18.07807807807808,0.01530388309449007,-0.00453845859300576,0.9999065420415344,0.001270381927424095,-0.013948118807983852,-0.1353197299999508,0.1319979594204499,0.13262360022759756,0,1,0
18.0980980980981,0.015169268405091656,-0.006730734469920704,0.9999320213670083,0.0012739662736933198,-0.01658731941795024,-0.1319600305275052,0.13125926363696844,0.13326060076084142,0,1,0
18.11811811811812,0.014980321689998927,-0.009447335754636476,0.9999559323019803,0.0011955467486010952,-0.018254645506883133,-0.08336630447943108,0.13031286252786442,0.1322915712238272,0,1,0
18.13813813813814,0.01472721853075332,-0.012655157962280344,0.9999497440991139,-0.00030941014332418475,-0.019057372437443057,-0.04013634656470425,0.13061095393156527,0.132482272330765,0,1,0
18.15815815815816,0.014403407479537,-0.01619055256081598,0.9999205839247793,-0.0014580087167282419,-0.019209406834180282,-0.0076017198778135855,0.13050212923418122,0.13267397429473057,0,1,0
18.17817817817818,0.014005794552286045,-0.019880646362547764,0.9998696210003922,-0.002548146219352788,-0.018581455241236285,0.03139757960137231,0.13043253904359847,0.1326990563364304,0,1,0
18.1981981981982,0.013533924260465222,-0.02359351459104121,0.999796184726656,-0.003671813686811131,-0.017337817197330182,0.06218190214391941,0.13035744372598276,0.13260604490906366,0,1,0
18.21821821821822,0.012990325986131318,-0.02717991371669523,0.9996978313147586,-0.004917670594867017,-0.01556145025994025,0.08881834681213209,0.13105023059044596,0.1331057189709259,0,1,0
18.23823823823824,0.012379581088302744,-0.030537244891428665,0.9995923112054803,-0.005276005463917769,-0.013490602562642558,0.10354238480128125,0.1313766136824443,0.13306189029601606,0,1,0
18.25825825825826,0.011708641195982507,-0.033546994616011884,0.9994839242306502,-0.005419348741504247,-0.011548603356981185,0.09709996021313037,0.13169800715558722,0.13343769967876312,0,1,0
18.27827827827828,0.010985542927602282,-0.03615491341901125,0.9993831162236868,-0.0050404003481745495,-0.009815214328870931,0.08666945132871581,0.13153878679634048,0.13332385143276573,0,1,0
18.2982982982983,0.010218004892586442,-0.038376901750791996,0.9992859374911769,-0.004858936625494061,-0.008339630068510356,0.07377921293391607,0.13140556699096767,0.13344846720633458,0,1,0
18.31831831831832,0.009412897113567641,-0.040255388950940024,0.9991923332251146,-0.004680213303113962,-0.007045563060150678,0.06470335032575175,0.13150960633579217,0.13331755949529533,0,1,0
18.33833833833834,0.008576067857202312,-0.04184146281826646,0.9991019579455964,-0.004518763975906071,-0.006227446172860406,0.040905844264063074,0.13143453721519444,0.13365091073077745,0,1,0
18.35835835835836,0.007712546670450197,-0.043176059337605766,0.9990186770150259,-0.004164046528527416,-0.005518981580661266,0.03542322950059118,0.13083218808598338,0.13326863519114168,0,1,0
18.37837837837838,0.006825707091671048,-0.04434197893895744,0.9989279250063982,-0.004537600431389488,-0.004878566366060799,0.03202076061100201,0.1311294843296296,0.13322082416247888,0,1,0
18.3983983983984,0.005918323134567473,-0.045369197855178754,0.998833414220791,-0.0047255392803610225,-0.0046254841691927935,0.012654109715069611,0.1314926704339584,0.1341366099019299,0,1,0
18.41841841841842,0.004992829824341605,-0.04627466551129341,0.9987541052025063,-0.003965450914231756,-0.0043549036910703305,0.013529023767494465,0.13039390085129413,0.13321618419764902,0,1,0
18.43843843843844,0.0040503757893806626,-0.04712270174804712,0.9986600890000135,-0.0047008101246399005,-0.003951589186400531,0.020165725084256965,0.1306436341384323,0.13341255239216315,0,1,0
18.45845845845846,0.003092038745275629,-0.04791685220525167,0.9985579792062791,-0.005105489686719727,-0.0035539470266527573,0.019882107827568732,0.13064338481121984,0.1333321469637779,0,1,0
18.47847847847848,0.0021193966833779033,-0.04863210309488628,0.9984465874980943,-0.005569585409239358,-0.0032172854929408026,0.016833076515567636,0.13015823204834376,0.1333202372182281,0,1,0
18.4984984984985,0.00113404737619729,-0.04926746535903066,0.9983185558687762,-0.006401581465907886,-0.0025946011284868624,0.031134218041909772,0.1304401018014825,0.1332719409339625,0,1,0
18.51851851851852,0.00013733690016448532,-0.04983552380164023,0.9981773490971877,-0.00706033857942539,-0.0020327160220803032,0.02809425512962082,0.13080603189934403,0.1338538166294253,0,1,0
18.53853853853854,-0.0008683343823247599,-0.05028356412446226,0.9980370157727306,-0.0070166662228526265,-0.001366386519226233,0.03331647494223761,0.13081867824003954,0.13464580990970879,0,1,0
18.55855855855856,-0.001880820028624225,-0.050624282314973255,0.9979094815549295,-0.006376710890052191,9.0571333112256e-05,0.07284789240623393,0.13192935404810194,0.13510803703271476,0,1,0
18.57857857857858,-0.0028974942906994207,-0.050833713103759774,0.9978180531414106,-0.004571420675946259,0.0017483897243206203,0.08289091934134814,0.13205383413000019,0.13512663678435055,0,1,0
18.5985985985986,-0.003912611361011295,-0.05075585351559375,0.9977648539102114,-0.0026599615599570336,0.003557731687689276,0.09046709794217361,0.13180315203315643,0.13467653084438722,0,1,0
18.61861861861862,-0.004919691160538901,-0.050353989976380284,0.9977394957985403,-0.0012679055835596164,0.005481930789640128,0.09620995486567288,0.13204964009851217,0.13452942398109094,0,1,0
18.63863863863864,-0.005911548078337096,-0.049592845889909774,0.9977434321603614,0.00019681809106015797,0.007134213731493701,0.08261414685669764,0.132053155858865,0.1344850749968935,0,1,0
18.65865865865866,-0.0068806399068562785,-0.04845459142595909,0.9977760237207663,0.0016295780202471002,0.008579562184655373,0.07226742241926357,0.1320102103530981,0.13419914234753053,0,1,0
18.67867867867868,-0.007820487574603144,-0.046992383387343226,0.9978323571786893,0.00281667289614951,0.009643591244019815,0.05320145272796359,0.13170549623172959,0.1340127305179977,0,1,0
18.6986986986987,-0.008725500872679069,-0.045250664903796256,0.9979051120763025,0.0036377448806604994,0.010512072662403008,0.043424070678449486,0.13183037355459407,0.1338727343525447,0,1,0
18.71871871871872,-0.009591551421801856,-0.04330252745613935,0.997994026276729,0.004445710021320722,0.011084404295216926,0.028616581401076008,0.13150840674041234,0.13372570644829193,0,1,0
18.73873873873874,-0.010415333219989205,-0.04118908990936743,0.9980921176420299,0.004904568265046011,0.011576251285764793,0.02459234928973622,0.13139606345484758,0.13351331997208288,0,1,0
18.75875875875876,-0.011194681675823905,-0.03896742279173506,0.9981945513725572,0.005121686526368362,0.011966818680710195,0.019528369512802055,0.13130724887804254,0.1333206305057882,0,1,0
18.77877877877878,-0.011927744656830547,-0.03665314905033207,0.998297135447043,0.005129203724290032,0.01223011557298978,0.01316484438387518,0.13113683040883561,0.13319352415734484,0,1,0
18.7987987987988,-0.012613095673155694,-0.03426755081625731,0.9983954443819912,0.004915446747408695,0.012500427257973087,0.013515584024465713,0.13168143521026932,0.13320297067164313,0,1,0
18.81881881881882,-0.013249698789190686,-0.03183015580174958,0.9984976732570524,0.005111443753061198,0.012533243457160474,0.0016408097416617182,0.13171231833989777,0.1335605580277277,0,1,0
18.83883883883884,-0.013836477315044006,-0.029338926292666042,0.998609563624588,0.005594518376780297,0.012697480278213795,0.00821184084253801,0.13124264475071087,0.1330355889886334,0,1,0
18.85885885885886,-0.014373548765037351,-0.026853572499667216,0.9987163795813228,0.005340797836737167,0.013067756416110455,0.01851380669330536,0.13117898815223678,0.13265319080556956,0,1,0
18.87887887887888,-0.014860450562719738,-0.024345089884119327,0.9988115053291441,0.004756287391065779,0.013574800668185638,0.0253522124120032,0.13176276818408694,0.13288409719438546,0,1,0
18.8988988988989,-0.015295607036744735,-0.021757823701249835,0.9989069906218275,0.00477426463416938,0.013992452393422361,0.02088258608071241,0.13221552423525995,0.13327964638605835,0,1,0
18.91891891891892,-0.01567694590029414,-0.019066943177470208,0.9990153753050206,0.005419234159652436,0.01444071679779236,0.022413220048602314,0.13190154102646032,0.13242377890616855,0,1,0
18.93893893893894,-0.016003122292691453,-0.01630881961986572,0.9991193073118424,0.005196600341091675,0.01459238805842553,0.0075835628736115514,0.13224846468886167,0.13297896251180016,0,1,0
18.95895895895896,-0.016272253082354898,-0.013456539483172311,0.9992321248463365,0.005640876724705968,0.014739343625112668,0.007347778188293085,0.13254766059472795,0.13273029545462678,0,1,0
18.97897897897898,-0.01648380352475905,-0.010577522120207681,0.9993545677532856,0.006122145347453884,0.014582125464204239,-0.007860908179139432,0.13234370338707624,0.13213284365511538,0,1,0
18.998998998999,-0.016637446740264714,-0.007682160775283118,0.999474756126395,0.006009418655473257,0.013951608341335742,-0.03152585626481759,0.13302234936486282,0.13213637398063172,0,1,0
19.01901901901902,-0.016733747392623566,-0.004815032617942555,0.9996028042375303,0.0064024055567655416,0.012492879751346128,-0.07293642960883379,0.13086160380848577,0.1313926052927757,0,1,0
19.03903903903904,-0.016775839206679598,-0.0021045907028015747,0.9996957217693742,0.004645876592192919,0.011449033205882836,-0.05219232737099239,0.1308009007368571,0.13302380438532121,0,1,0
19.05905905905906,-0.016769148319350953,0.0003345443664322643,0.9997768484491271,0.004056333987643372,0.012269545863579099,0.04102563279923702,0.13104011495458567,0.1319675805219383,0,1,0
19.07907907907908,-0.01671801307558922,0.002556762188086606,0.9998341300624077,0.0028640806640330974,0.014149787738036672,0.0940120936511476,0.1320883480477492,0.13199821994755095,0,1,0
19.0990990990991,-0.016619113915207467,0.004944958019087686,0.999883510788756,0.002469036317416311,0.016417181717909516,0.11336969893657185,0.1331807585755096,0.13131701948081953,0,1,0
19.11911911911912,-0.016465082352565122,0.007701578132117249,0.9999309848484318,0.0023737029837886123,0.0177942429505538,0.06885306158971083,0.13155923405788822,0.1301272745813339,0,1,0
19.13913913913914,-0.016247774863143133,0.010865374471099509,0.9999347736334296,0.0001894392498940924,0.01873531480011342,0.047053592449380885,0.1333089950408504,0.13135500614951842,0,1,0
19.15915915915916,-0.01596114725709724,0.014331380302294552,0.9999388898442392,0.00020581054047917957,0.018974258012227907,0.011947160590515496,0.13282090845945696,0.13081373326455759,0,1,0
19.17917917917918,-0.015601876854853017,0.017963520112211223,0.9999280189959184,-0.0005435424160363668,0.018624550453450146,-0.017485377941273604,0.13303565820147584,0.1310952538490697,0,1,0
19.1991991991992,-0.015168950049854003,0.021646340249950723,0.9999094943229407,-0.000926233648886715,0.017853300098949917,-0.038562517714940014,0.13333911899347103,0.13103814196045366,0,1,0
19.21921921921922,-0.014663717979301629,0.025261603527618703,0.9998869905296764,-0.0011251896632154164,0.01647023033377938,-0.06915348823630418,0.13273043026481568,0.130546703793061,0,1,0
19.23923923923924,-0.01408954853758895,0.02870847208563402,0.9998442671294812,-0.002136170009763789,0.014678413709410974,-0.08959083118425039,0.13316005835554542,0.1312947090541092,0,1,0
19.25925925925926,-0.013451623525743087,0.03189625059229309,0.9997988607510828,-0.0022703189199149315,0.012877889850956344,-0.09002619287636597,0.13301948774833064,0.13111505289097047,0,1,0
19.27927927927928,-0.012757071570072751,0.03472759778351681,0.9997461371334917,-0.0026361808795550283,0.011114024990493378,-0.08819324296394966,0.1335563586261377,0.13130222814953735,0,1,0
19.2992992992993,-0.012012872972732352,0.03720992986701998,0.9996969190693842,-0.002460903205373562,0.009248630160121443,-0.09326974144577789,0.13311466135195313,0.13104948327230426,0,1,0
19.31931931931932,-0.011226114796867163,0.03933790879325944,0.9996410021855017,-0.0027958441941252896,0.007533261599735142,-0.08576842793181769,0.13336731971024024,0.13144215632264558,0,1,0
19.33933933933934,-0.010404092324535692,0.04110112361657357,0.9995880208636528,-0.002649066092442754,0.006241345107464291,-0.06459582450972243,0.133110731085246,0.1311287852626008,0,1,0
19.35935935935936,-0.009553587225655543,0.04252525494400742,0.9995295879629278,-0.00292164503625162,0.005305624568640721,-0.04678602681900025,0.13341471425857548,0.13111319932548451,0,1,0
19.37937937937938,-0.008679687030020172,0.043695009781768546,0.9994700107833182,-0.0029788589804776527,0.004580021110002894,-0.03628017278903488,0.1333242997255137,0.13097620873782276,0,1,0
19.3993993993994,-0.007786080773029256,0.0446803128495458,0.9994059415787884,-0.0032034602264905338,0.0040352415043762,-0.027238980115284302,0.13356961933337835,0.13122633816881507,0,1,0
19.41941941941942,-0.00687562864300229,0.04552260650134826,0.9993447343012319,-0.003060363877822158,0.0037765656115848634,-0.012933794447290524,0.13378892433356374,0.13097657881307828,0,1,0
19.43943943943944,-0.0059504915532371085,0.046256854488259086,0.9992859469844644,-0.0029393658383789186,0.0034710006776812485,-0.015278246473052471,0.13292402952160817,0.13014903592576083,0,1,0
19.45945945945946,-0.005011766642927452,0.04693624551548285,0.9992045106191861,-0.0040718182639099335,0.003124812202469319,-0.01730942350495665,0.1333798642582869,0.13061245716327455,0,1,0
19.47947947947948,-0.004060662708766253,0.04755519670805994,0.9991140480458237,-0.004523128668119342,0.0028694815851995326,-0.012766530569735562,0.13395634386635022,0.1312547756511616,0,1,0
19.4994994994995,-0.003098500451035099,0.04810811288655768,0.9990326199093452,-0.00407140682392386,0.002802151192333963,-0.0033665193059435033,0.13297674411603155,0.13043764522748663,0,1,0
19.51951951951952,-0.0021263379203703653,0.04860812653323669,0.9989336111011918,-0.004950440407671363,0.0030111176043408137,0.010448320987374993,0.13367298102907116,0.13093368463806324,0,1,0
19.53953953953954,-0.0011444026428412562,0.04909676387645545,0.9988346856499334,-0.004946272562921104,0.0033634857780379594,0.01761840912930769,0.13444487389653836,0.1298567498830844,0,1,0
19.55955955955956,-0.00015189778282452744,0.049625243000836435,0.9987313220558314,-0.005168179705098872,0.0023967648365481146,-0.048336046561037016,0.13392347374094085,0.13033053003809603,0,1,0
19.57957957957958,0.0008525789798676637,0.05022383813460956,0.9986228104436521,-0.005425580608964581,0.0008587533614819355,-0.07690057316484974,0.1345697303235072,0.1312616443145344,0,1,0
19.5995995995996,0.0018653178733924216,0.05063694467623789,0.9985325301033565,-0.004514017014777458,-0.0010591069985360084,-0.09589301732811593,0.13417250117923532,0.131237652710162,0,1,0
19.61961961961962,0.0028802365738507772,0.05074593502291777,0.9984542505891414,-0.00391397571075397,-0.003020085312108053,-0.09804891491048659,0.13437803856794642,0.13155449137047714,0,1,0
19.63963963963964,0.0038898248858535846,0.05047941560014037,0.9983957100454877,-0.002927027182685707,-0.005010478434667984,-0.09951965525140835,0.13432386429859686,0.1316961371731246,0,1,0
19.65965965965966,0.0048863790992378624,0.04982771066921391,0.9983581885834869,-0.0018760731000372038,-0.00692369433287963,-0.09566079391112768,0.13432653639473477,0.13183605120295522,0,1,0
19.67967967967968,0.005862063595905856,0.048784224833399656,0.9983437670668514,-0.0007210758317764533,-0.008686824221066095,-0.08815649327032803,0.1341908280979631,0.1319479731773777,0,1,0
19.6996996996997,0.006809397139406032,0.04736667717500883,0.9983520480978714,0.00041405155099910043,-0.01021786524494377,-0.07655204989890342,0.1344996523606654,0.13218711119572174,0,1,0
19.71971971971972,0.007721384355649729,0.045599360812184846,0.9983910950707785,0.0019523486453553846,-0.011623755116720827,-0.0702944921159937,0.13392303184823184,0.131774119446618,0,1,0
19.73973973973974,0.008592170566469824,0.043539310541004725,0.9984461906518057,0.0027547790513642264,-0.012858740605273254,-0.0617492727561572,0.13399099425681593,0.1318282612650576,0,1,0
19.75975975975976,0.009416266565795509,0.04120479996628423,0.9985190832361228,0.0036446292158558206,-0.014059762709764875,-0.060051103330765916,0.1335987769408296,0.1318681579058064,0,1,0
19.77977977977978,0.01018889997687369,0.03863167055390913,0.9986044941562254,0.004270546005132912,-0.014926436086662323,-0.04333366670933908,0.13381717980364632,0.13195609662978924,0,1,0
19.7997997997998,0.010905333338883317,0.035821668100481326,0.9987068977852206,0.005120181449756735,-0.015658025673758284,-0.036579476947373034,0.13334778144091858,0.1315393878110841,0,1,0
19.81981981981982,0.011562414499035976,0.032854058007632934,0.9988131186165429,0.005311041566116482,-0.016335429140922595,-0.0338701706520876,0.13331558286087636,0.1316708705252837,0,1,0
19.83983983983984,0.012157308083234088,0.02974467920990566,0.9989245834442194,0.005573241383826572,-0.016939772984776016,-0.030217189163389217,0.13309652203847197,0.13183596940818765,0,1,0
19.85985985985986,0.01268743699135857,0.026506445406224065,0.999040450400166,0.005793347797328461,-0.01729611767274277,-0.01781723103088316,0.13283436233129045,0.13172301987228655,0,1,0
19.87987987987988,0.013150561881786205,0.02315624452138178,0.99915512364474,0.0057336622287015955,-0.017358552302168765,-0.0031217277415742997,0.13291537744122192,0.1317905367435561,0,1,0
19.8998998998999,0.01354537473268283,0.01974064254483125,0.9992707794156858,0.005782788547286847,-0.017381452517004813,-0.0011450066309434135,0.13259548320768616,0.1317160653910056,0,1,0
19.91991991991992,0.013871831252054545,0.016322825968585742,0.9993815718974545,0.005539624088433877,-0.017359354179003028,0.0011049213959702202,0.1319143143694246,0.13231082962988236,0,1,0
19.93993993993994,0.014129892372490942,0.01290305602181983,0.9994862196573494,0.005232387994745291,-0.016326050790454176,0.051665174253685955,0.1317978262404039,0.13198939911655785,0,1,0
19.95995995995996,0.01431985708434609,0.009498235592757382,0.9995782374913715,0.004600891701105447,-0.014637956324097801,0.08440472848747216,0.13253912631452258,0.13227846464871038,0,1,0
19.97997997997998,0.014445510020582704,0.006282646811830749,0.9996729560498204,0.0047359279224436,-0.012649675530216422,0.09941404525845289,0.13231555839389303,0.13144040903525053,0,1,0
20.0,0.014513788816415341,0.003413939791631859,0.9997547517908293,0.004089787050444977,-0.011017477092821236,0.08160992788227855,0.13168480175722108,0.13125180650969295,0,1,0
