time,x,x_dot,z,z_dot,theta,theta_dot,u1,u2,x_ref,z_ref,theta_ref
0.0,0.27395604855596334,-0.0012224312049589538,1.3020370878759355,0.003947360581187278,-0.24349359126741027,0.009512447032735119,0.05632337492751251,0.05809496365973006,0,1,0
0.02002002002002002,0.2735229336173995,-0.021655746928192394,1.29984111927672,-0.10979842996077245,-0.2419110175366155,0.07912868653973681,0.05632339333056915,0.05834742988263723,0,1,0
0.04004004004004004,0.2726803313120594,-0.042130115267004824,1.2953738650315518,-0.2233627122584095,-0.23893657993408798,0.1487218801263806,0.05632337491100032,0.058387487805080435,0,1,0
0.06006006006006006,0.2714307344649594,-0.06247984235499736,1.2886365471778807,-0.33686589268356076,-0.2346004074577183,0.21680862381848254,0.05632338637748584,0.058186633791720295,0,1,0
0.08008008008008008,0.2697798611426625,-0.08254366611484434,1.2796274784172266,-0.4504534380327095,-0.2293212512170368,0.2639578120340758,0.056323405241377356,0.058429045573575575,0,1,0
0.10010010010010009,0.26773409338774384,-0.10228838774593278,1.2683518773905715,-0.5637800513327508,-0.22306443652317365,0.31284073469315654,0.0563235284389596,0.05856172822012408,0,1,0
0.12012012012012012,0.26530177832529006,-0.12161575312268905,1.254813723255851,-0.6769077067360341,-0.21586443719469814,0.3599999664237762,0.07293655350603148,0.07533150781732482,0,1,0
0.14014014014014015,0.26238398066390256,-0.14588988306937523,1.2394977111838499,-0.7658006036000486,-0.20781195947778597,0.4026238858456092,0.1105751901026609,0.11328132647711486,0,1,0
0.16016016016016016,0.25875631424935636,-0.18138332072730914,1.2235011237909705,-0.7998293696439726,-0.19873172328776972,0.4540118095008086,0.13206157386309367,0.13502144348812053,0,1,0
0.18018018018018017,0.25431284743273924,-0.2221733408308556,1.2074561903824452,-0.802246670426261,-0.18860818505029844,0.506176911873566,0.14292039744598065,0.14605338791079617,0,1,0
0.20020020020020018,0.2490247998422344,-0.26440237952524165,1.1916880885762715,-0.7884050903086888,-0.17741998522498484,0.5594099912656815,0.14745848660345917,0.1506511719669438,0,1,0
0.22022022022022023,0.2429094180144544,-0.3057690913890011,1.1763381056408564,-0.7674991467707513,-0.1653154654522815,0.6052259886351665,0.14849565150610647,0.15173260178085793,0,1,0
0.24024024024024024,0.236009795421857,-0.3449811296298701,1.1614461281167892,-0.744598876203364,-0.15234332019262342,0.6486072629829045,0.1481252785748653,0.15132592850435894,0,1,0
0.2602602602602603,0.2283809227110021,-0.3814436355427435,1.1470099822394062,-0.7218072938691488,-0.13861465762576733,0.6864331283428053,0.14736198214110502,0.15048520316866215,0,1,0
0.2802802802802803,0.2200833186778958,-0.41488020165531536,1.1330152818946644,-0.6997350172370873,-0.12436556195349248,0.7124547836137416,0.14669309272990788,0.14978632223858376,0,1,0
0.3003003003003003,0.21117975174122885,-0.44517834683334734,1.1194507399415101,-0.6782270976577154,-0.10966273637111783,0.7351412791187333,0.14661903026329598,0.14962697948210146,0,1,0
0.3203203203203203,0.20173275034941823,-0.47235006959053105,1.1063211309249699,-0.6564804508270116,-0.09466720161271804,0.74977673791999,0.14702093497103552,0.14995189953382904,0,1,0
0.34034034034034033,0.19180525789609856,-0.4963746226659831,1.0936446913630309,-0.6338219780969471,-0.07949149824882248,0.758785168194776,0.14793927621940467,0.15077576863686876,0,1,0
0.36036036036036034,0.1814605165207153,-0.5172370687691638,1.0814538446921396,-0.609542333544569,-0.06429651908181135,0.7597489583505567,0.14918348138662535,0.15194444116119685,0,1,0
0.38038038038038036,0.17076259063327368,-0.5348962943720814,1.0697900650592742,-0.5831889816432657,-0.049116303598278205,0.7590107741766559,0.15079456335399083,0.1534192995951839,0,1,0
0.40040040040040037,0.15977621338167874,-0.5493188625797472,1.0587038448790007,-0.5543110090136768,-0.03415802355308872,0.7479140022594746,0.15239838765127028,0.15494361305806126,0,1,0
0.42042042042042044,0.1485674347719844,-0.560438930484717,1.0482453485146643,-0.522924818216819,-0.01950330410704581,0.7327359723021457,0.15404733603016146,0.1564965365715031,0,1,0
0.44044044044044045,0.13720267350081536,-0.5682380635584511,1.0384648184242522,-0.48902650452060936,-0.0051857693890457425,0.7158767359000031,0.15567174946682974,0.15797790292346145,0,1,0
0.46046046046046046,0.1257484773283628,-0.5727098086226271,1.029410066132815,-0.45273761457186107,0.00860402479389375,0.6894897091469745,0.15698938972755852,0.15921568365927852,0,1,0
0.4804804804804805,0.11427119470575131,-0.5738641311305746,1.021119770458721,-0.4145147837046975,0.021779869471689153,0.6587922338897698,0.15803843915676363,0.16019045231771645,0,1,0
0.5005005005005005,0.10283566799989437,-0.5717763352928472,1.013623802376112,-0.37479840413045074,0.03432834037513696,0.6274235451723903,0.15884068142190796,0.16087973991038948,0,1,0
0.5205205205205206,0.09150451218617789,-0.5665577906858236,1.0069433097395246,-0.3340246318293615,0.0461297742384001,0.5900716931631561,0.15924139743926125,0.16120542161786827,0,1,0
0.5405405405405406,0.08033746958016574,-0.5583521303006075,1.001087380432305,-0.2927964653609826,0.057218154589267885,0.5544190175433905,0.15938624814276925,0.1612173896569693,0,1,0
0.5605605605605606,0.06939061134522494,-0.5473429117470402,0.9960560819851823,-0.25156492235614275,0.06753131790649079,0.5156581658611445,0.15917666493989063,0.16088353200239178,0,1,0
0.5805805805805806,0.058716073626468204,-0.5337268859378366,0.99183865634655,-0.21087128193161309,0.07697953177672795,0.47241069351185827,0.1585638390615391,0.16018311065208976,0,1,0
0.6006006006006006,0.048361371791691726,-0.5177350917388239,0.988412644137888,-0.17130061043309952,0.08545950629730122,0.42399872602866273,0.15750981709973802,0.15909905630745513,0,1,0
0.6206206206206206,0.03836853877245095,-0.49964165096203883,0.9857432430178762,-0.13347005600058695,0.09301354901562127,0.37770213591600166,0.1561645383721996,0.15769301846079894,0,1,0
0.6406406406406406,0.02877369786464204,-0.47974204539044546,0.9837866145197118,-0.0978314249082182,0.09967825392232055,0.33323524533496474,0.15459249882613207,0.15603538190694233,0,1,0
0.6606606606606606,0.019607354922605204,-0.45831714710184174,0.9824919882067464,-0.06473131564826837,0.10545507057716039,0.2888408327419921,0.1528094258518385,0.15416919406225005,0,1,0
0.6806806806806807,0.010894637465111903,-0.4356358728746651,0.9818026189325829,-0.0344684637081779,0.1103189633464228,0.24319463846312073,0.15081905115126845,0.15212210249648794,0,1,0
0.7007007007007007,0.002655327397929834,-0.4119655033591034,0.9816563347603973,-0.0073142086092801845,0.11433188832186694,0.20064624877220724,0.1487193518396727,0.14993943971649978,0,1,0
0.7207207207207207,-0.005095893524722167,-0.38756104613260006,0.9819877284306074,0.016569683510506937,0.11749558956376621,0.15818506209496355,0.1465325950935467,0.14768599813255226,0,1,0
0.7407407407407407,-0.012348883251601297,-0.36264948634395644,0.9827294584946364,0.037086503201451355,0.11975055988246816,0.11274851593509672,0.1442399602155375,0.145390973038478,0,1,0
0.7607607607607607,-0.019097988473132453,-0.33745526107655777,0.9838124333543634,0.054148742986347226,0.12123906984116992,0.07442549793508767,0.14198986512159592,0.14307394417211075,0,1,0
0.7807807807807807,-0.025341720748882603,-0.31218661378750756,0.9851683314011958,0.06779490234161614,0.12197430424803007,0.03676172034300577,0.13981524152970412,0.1408508164063941,0,1,0
0.8008008008008007,-0.031081808039033515,-0.2870043645075456,0.9867317233816588,0.07816959902315593,0.12208430764841433,0.0055001700192153224,0.13779065291438522,0.13872126912046098,0,1,0
0.8208208208208209,-0.036322761339863056,-0.2620476650414769,0.9884411529324627,0.08547147754019681,0.12159222944268289,-0.02460391028657346,0.13592886500151766,0.13676401625988838,0,1,0
0.8408408408408409,-0.041071076417456685,-0.23741575387968133,0.9902404079336038,0.08996275005705465,0.12052011954786647,-0.05360549474082096,0.13422231934237364,0.13497431134275012,0,1,0
0.8608608608608609,-0.04533507851339661,-0.21320010479699614,0.992078316113235,0.0918954089815609,0.11893193218181902,-0.07940936830237258,0.13269492848336248,0.13334921918837236,0,1,0
0.8808808808808809,-0.049124712618571036,-0.18948170525872116,0.9939090291292001,0.09153565079825435,0.11691104343574525,-0.10104443730368871,0.13137595314746073,0.1319030967491431,0,1,0
0.9009009009009009,-0.05245110113452335,-0.16631942579761558,0.9956926196020303,0.08917952364150793,0.11444413869719922,-0.1233452369272993,0.1302457404533734,0.13067852307997135,0,1,0
0.9209209209209209,-0.05532622234807127,-0.14375606067739577,0.9973953672927072,0.08513738453384267,0.111610579170983,-0.1416779763108123,0.12930245983849556,0.12961438150168153,0,1,0
0.9409409409409409,-0.05776303373057226,-0.12184056912504967,0.9989888277919395,0.07967302496162049,0.10848399332785759,-0.15632929215626917,0.1285625701697939,0.12872731969511914,0,1,0
0.960960960960961,-0.05977506411300729,-0.10060151912175148,1.000450273961509,0.07307230847847525,0.10503177938311482,-0.17261069723713868,0.12799446548891708,0.12805432059783167,0,1,0
0.980980980980981,-0.06137625330300832,-0.08005945950005162,1.0017627360223103,0.0656231030400567,0.10136911666628787,-0.1831331358413471,0.12758788292301523,0.12748948894714823,0,1,0
1.001001001001001,-0.06258119952441014,-0.06024731107009142,1.0029132973354697,0.05752806565797013,0.09750175593224872,-0.19336803670195807,0.12734488573136443,0.12710200342380157,0,1,0
1.021021021021021,-0.06340467426138716,-0.04117373684885026,1.0038940912198948,0.04903969422124804,0.09342806371956869,-0.2036846106340018,0.1272260693877506,0.12685877143573782,0,1,0
1.0410410410410411,-0.06386179331251392,-0.02285595255633826,1.0047012266865736,0.040356773333932824,0.08921759398917815,-0.2105234865195271,0.1272216526028759,0.12670359237968487,0,1,0
1.0610610610610611,-0.06396809717229801,-0.005315192989204933,1.0053338113257637,0.031629231959508765,0.08485735530358679,-0.21801193427956764,0.12732448701661278,0.1266814690770393,0,1,0
1.0810810810810811,-0.06373933076815598,0.01143832020710146,1.005794480569751,0.02303346219935694,0.0803993631237563,-0.22289960899152517,0.1275107265925729,0.12672705812912102,0,1,0
1.1011011011011012,-0.06319158842036089,0.027387117389754453,1.0060880828486907,0.014680113946981183,0.07580836355680941,-0.2295499783473439,0.12777410855251006,0.12689072443890045,0,1,0
1.1211211211211212,-0.062341208862381675,0.04251897789896071,1.006222310197177,0.006711367424315422,0.07122433545713702,-0.22920140498361913,0.1280966125146304,0.1270397798975739,0,1,0
1.1411411411411412,-0.06120503150142284,0.056808868047941864,1.0062054800754199,-0.000841506087851095,0.06670333674998236,-0.22604993535773527,0.12849070420004094,0.12723367610359446,0,1,0
1.1611611611611612,-0.059799734341936216,0.07026485797433137,1.0060475539772937,-0.007896304906305655,0.06212017487920837,-0.22915809353869782,0.12892286125886013,0.1275584389054809,0,1,0
1.1811811811811812,-0.05814177034738776,0.0828981997274228,1.005760900857887,-0.014332655970335145,0.057608573429377224,-0.22558007249155632,0.12935905184362223,0.12781494898558693,0,1,0
1.2012012012012012,-0.05624789903474988,0.09469356563189407,1.005356884092959,-0.020200838246397627,0.05305933667528505,-0.22746183770460973,0.12982836157011357,0.12818772970561476,0,1,0
1.2212212212212212,-0.054134607128067,0.10566459533414388,1.0048489868022903,-0.025394864533433866,0.048485286220471394,-0.22870252274068306,0.13029459592194892,0.12856738437085058,0,1,0
1.2412412412412412,-0.051818679725061975,0.11579637015025122,1.0042506847647341,-0.02991510187781242,0.04398522504844787,-0.22500305860117562,0.1307682784722791,0.12890588780900494,0,1,0
1.2612612612612613,-0.049317092710726616,0.12507935071676796,1.003574886461576,-0.03378991515790365,0.039528043737489776,-0.22285906554790483,0.13125160663838295,0.12928694353647163,0,1,0
1.2812812812812813,-0.046646660343853244,0.1335216183436685,1.0028351853263682,-0.03698505676039391,0.035193485811778995,-0.21672789628553837,0.13171947781435794,0.12961307769402924,0,1,0
1.3013013013013013,-0.04382416620565455,0.14112470690993478,1.0020440533828945,-0.0395565971736865,0.03098194385452878,-0.2105770978625111,0.13217626098487364,0.1299367805209448,0,1,0
1.3213213213213213,-0.0408660251530974,0.14790705262785703,1.0012136730554915,-0.04151901637015264,0.026885601711032374,-0.2048171071748206,0.1326100205517939,0.1302520404862504,0,1,0
1.3413413413413413,-0.037788279069236444,0.1538873041930479,1.000355676624392,-0.042899821554978956,0.022886301103432052,-0.1999650303800155,0.13302204405393644,0.130568083622532,0,1,0
1.3613613613613613,-0.034606619396336566,0.15908298364499404,0.999481307856307,-0.04371843840424993,0.01897481123400659,-0.19557449347127331,0.13341377380385763,0.13088206780496658,0,1,0
1.3813813813813813,-0.031336430633850866,0.16350943812428495,0.9986014076485907,-0.04399501038581009,0.015108687133904068,-0.19330620500512574,0.13379129624389036,0.13122399050919237,0,1,0
1.4014014014014013,-0.027992860003618173,0.1671785315116346,0.9977269530656733,-0.04372272914587318,0.011329655880125883,-0.1889515626889094,0.1341507138851096,0.13153636670349342,0,1,0
1.4214214214214214,-0.024590963685744358,0.17009481589369085,0.9968681541368019,-0.042939946443569015,0.007655482127792723,-0.18370868761665776,0.13448905264564517,0.13182971866272758,0,1,0
1.4414414414414414,-0.021145533689502696,0.1722714998120831,0.9960345652672737,-0.04167944347640329,0.004095732086464731,-0.17798750206639963,0.13479903469504362,0.1321013354448569,0,1,0
1.4614614614614614,-0.017671025361100216,0.17372541642012393,0.9952349400887426,-0.03998125892655952,0.0006671117701332028,-0.17143101581657635,0.13507694538357287,0.13234200128619814,0,1,0
1.4814814814814814,-0.01418148230401717,0.17447715285415227,0.9944770438538209,-0.03789481174608536,-0.002662426314904352,-0.16647690425187775,0.13532504060161507,0.13258614075659378,0,1,0
1.5015015015015014,-0.010690487089559497,0.1745497607228836,0.9937682012743491,-0.035442128973590864,-0.005889919835786954,-0.16137467604413008,0.13554644409287003,0.13281561869966874,0,1,0
1.5215215215215214,-0.007211313059762863,0.17395870148983172,0.993115078867455,-0.03265612034470439,-0.008933015698593312,-0.15215479314031785,0.1357319741678552,0.13296660562984478,0,1,0
1.5415415415415414,-0.0037567839680002846,0.1727264545881289,0.9925226071135838,-0.029623587693560934,-0.011892048137489538,-0.1479516219448113,0.13588061596696896,0.13315664777247452,0,1,0
1.5615615615615615,-0.0003390611315245845,0.170886141823785,0.9919957135728907,-0.026344677034648423,-0.014729291921345042,-0.1418621891927752,0.13600530845447284,0.13331208180523776,0,1,0
1.5815815815815815,0.003030047688642994,0.16845544100837892,0.9915384251720873,-0.02286442004016868,-0.017488091424843418,-0.13793997517491874,0.1361039881205026,0.13348328799235729,0,1,0
1.6016016016016015,0.006339174318030081,0.16545633146935437,0.9911545891103468,-0.019191803087027632,-0.02013056249974938,-0.1321235537452981,0.13617837112069944,0.13361993329197183,0,1,0
1.6216216216216217,0.009577268928169683,0.1619047305069801,0.9908471537716526,-0.01537176693471447,-0.02264930724279579,-0.12593723715232022,0.13621770414791348,0.13372899687784182,0,1,0
1.6416416416416417,0.012733726727466638,0.15782288996484775,0.9906181185267875,-0.011451762243254221,-0.024988410417350684,-0.1169551587277454,0.1362162917194067,0.13377071502992047,0,1,0
1.6616616616616617,0.015798530198622717,0.15324017355780395,0.9904678649003134,-0.007512681323709128,-0.027241278414295005,-0.11264339984721608,0.13616906298267634,0.13383750751305923,0,1,0
1.6816816816816818,0.018762328124061034,0.1481898962719158,0.9903964598077993,-0.0035702546257000266,-0.029334827861578417,-0.10467747236417002,0.13610193487099256,0.13384826423572718,0,1,0
1.7017017017017018,0.02161619792136943,0.1426934898654198,0.9904028331152902,0.00031866537454245964,-0.03132777894532029,-0.0996475541870939,0.13599344726715026,0.13386557086977646,0,1,0
1.7217217217217218,0.024351825475354246,0.1367813776992408,0.9904853977603497,0.0041282322529747634,-0.03314921677028102,-0.09107189124803676,0.1358633846101147,0.13382472425506386,0,1,0
1.7417417417417418,0.02696139991587517,0.13047872202604627,0.9906413813642823,0.007799180196626711,-0.03486858151038081,-0.0859682370049892,0.13568868517790558,0.13379256540595422,0,1,0
1.7617617617617618,0.02943781164190778,0.12382058630163055,0.9908674864739003,0.011305255480902984,-0.03649075105628532,-0.08110847729522544,0.13549706195660463,0.13375773068228908,0,1,0
1.7817817817817818,0.03177434290905677,0.1168265633574495,0.9911601267955723,0.014632016083600787,-0.03793879525280511,-0.07240220982598926,0.13528881633239873,0.13366432613098095,0,1,0
1.8018018018018018,0.03396477137237176,0.10952142316574962,0.9915146055869309,0.017723939567932515,-0.03927572545957842,-0.06684651033866601,0.135032719332555,0.13357025402981426,0,1,0
1.8218218218218218,0.03600352688448693,0.1019377756057583,0.991925524221391,0.020545931723001454,-0.040369139712663295,-0.05467071265424452,0.1347731287454254,0.13339035536294166,0,1,0
1.8418418418418419,0.0378856466817525,0.09410598986327842,0.9923861714266853,0.02303236026471486,-0.04134153366233378,-0.0486196974835236,0.1344493703957412,0.1332268004367402,0,1,0
1.8618618618618619,0.039607140171079996,0.0860746744663749,0.9928891606894827,0.02514946313987188,-0.04217614975548402,-0.04173080465751191,0.13413060462075546,0.13306239918848986,0,1,0
1.8818818818818819,0.041164544926368035,0.07787023776440209,0.9934271825975158,0.02690109540165378,-0.04293010604138751,-0.0376978142951744,0.13379426127219132,0.1329229841203845,0,1,0
1.901901901901902,0.04255490786805408,0.06951814708430243,0.9939930572248882,0.028293731368617524,-0.043542328331943644,-0.03061111452780657,0.1334738852675613,0.13276533917601965,0,1,0
1.921921921921922,0.0437756255600769,0.06103588460114085,0.9945795825703914,0.029326267275161834,-0.04401461016722232,-0.023614091763934468,0.13313665082832687,0.1325940457055016,0,1,0
1.941941941941942,0.04482467682350525,0.05245256317141754,0.9951791276544455,0.029977254202708137,-0.0443354099600298,-0.016039989640374466,0.13279435143009025,0.13241112523398982,0,1,0
1.961961961961962,0.04570065240753745,0.043798779201609794,0.9957838376083871,0.030235497697078603,-0.04458003663804301,-0.01223133390066003,0.13242827961158485,0.13225540072181874,0,1,0
1.981981981981982,0.04640267996356257,0.03510137780125605,0.9963859340517872,0.030104822170006998,-0.044664901827417496,-0.0042432594687242114,0.13209921979676686,0.13208448386578328,0,1,0
2.002002002002002,0.046930223473746174,0.026377175509180083,0.9969779746503858,0.029602029929932838,-0.044640437392958913,0.001223221722928572,0.13174702624182946,0.13192227998590605,0,1,0
2.022022022022022,0.04728334396079438,0.017656024352410142,0.9975523314853025,0.02871784174583715,-0.04445566872023234,0.009238433636328699,0.13142431691092696,0.13175541512884298,0,1,0
2.042042042042042,0.04746258145906465,0.008961874913513636,0.9981017630968683,0.02747158057828399,-0.04421850024479235,0.011858423772000276,0.1310683006285386,0.13162456219128899,0,1,0
2.062062062062062,0.04746901540967618,0.00032169753057645356,0.9986190958160525,0.025866635959208004,-0.043824379978186806,0.019706013330276977,0.1307779836756858,0.13149176937198856,0,1,0
2.0820820820820822,0.047303885996281755,-0.008256470669721105,0.9990981083867566,0.023950628535206235,-0.04322641371533513,0.029898313142583233,0.13050964407319288,0.1313435014639642,0,1,0
2.1021021021021022,0.0469690904552253,-0.01673977705282291,0.9995327021620419,0.02172968876426456,-0.042515581512875315,0.03554161012299069,0.1302200273174967,0.13122559967784347,0,1,0
2.1221221221221223,0.0464672998133049,-0.02508953209601992,0.9999169464034524,0.01921221207052314,-0.041733331292968134,0.03911251099535969,0.12994926676462337,0.13115069855737516,0,1,0
2.1421421421421423,0.045801531418525616,-0.033288419738964216,1.0002458428229908,0.016444820976916873,-0.0408177124256204,0.045780943367386424,0.12973789310394981,0.1310914783628024,0,1,0
2.1621621621621623,0.04497502924666268,-0.041325108593146725,1.0005155135382815,0.013483535764541124,-0.039750572717671184,0.05335698539746062,0.12955779560808475,0.13104392168536813,0,1,0
2.1821821821821823,0.04399157115724222,-0.04917290447102316,1.0007227346986467,0.010361058018259234,-0.03862906101009158,0.05607558537898065,0.12935971482337716,0.13103490756750474,0,1,0
2.2022022022022023,0.04285544881016082,-0.05680611735406997,1.0008646065799223,0.007093594063781778,-0.03740464063327656,0.06122101884075121,0.12922370039853662,0.13105218637146396,0,1,0
2.2222222222222223,0.041571131696628995,-0.06421585567659127,1.0009395409576556,0.003746718886661825,-0.03610623432013592,0.06492031565703152,0.1290968542000892,0.13109105086112544,0,1,0
2.2422422422422423,0.040143426899466365,-0.07138523985813132,1.0009464147561864,0.0003436899265399423,-0.03467948313223975,0.07133755939480826,0.12903123919890616,0.1311483441361737,0,1,0
2.2622622622622623,0.03857741306554074,-0.07830069169628137,1.0008852886862782,-0.0030563034954095305,-0.033166399004400327,0.0756542063919715,0.12897138693589696,0.13122903904696562,0,1,0
2.2822822822822824,0.03687862173795793,-0.08493956637914034,1.0007566659421385,-0.006431137206990203,-0.031543748357382106,0.08113253235091057,0.12896103830719238,0.13133483966493892,0,1,0
2.3023023023023024,0.03505288160315429,-0.09128700674018186,1.0005621576729289,-0.009725413460476937,-0.029807689298855886,0.086802952926311,0.12898695819716782,0.13146290181563844,0,1,0
2.3223223223223224,0.03310641421661701,-0.0973233693268642,1.0003042463800367,-0.012895564644605714,-0.02795229541465134,0.09276969421022724,0.12905465135144764,0.13161595954039215,0,1,0
2.3423423423423424,0.031045895066462673,-0.1030259575077168,0.9999864064465978,-0.01589199667194748,-0.02605829804938216,0.09469986826345926,0.12910805876426149,0.1317955339193614,0,1,0
2.3623623623623624,0.028878420576955593,-0.10837372447535397,0.9996122950066563,-0.018705571997076814,-0.02408341742069534,0.098744031434341,0.12921807928285015,0.1319941634345028,0,1,0
2.3823823823823824,0.02661123419484133,-0.11335931910571312,0.9991866807759215,-0.021280711536737044,-0.022041792990472424,0.10208122151114558,0.12934533034138368,0.1322066926818647,0,1,0
2.4024024024024024,0.024251837704943335,-0.11796982449489979,0.9987147876587407,-0.02359465585904115,-0.0198315108602718,0.11051410651003157,0.12957408568084577,0.1324383080857089,0,1,0
2.4224224224224224,0.021808029562982795,-0.12219040709802689,0.9982036167372503,-0.02555854607451472,-0.01752613870492082,0.1152686077675487,0.12979799418716945,0.1326930137643521,0,1,0
2.4424424424424425,0.019288317981415712,-0.12598557907835412,0.9976604368121071,-0.027158996257160357,-0.015236842790226105,0.11446479573473575,0.12997812997292127,0.1329623352536029,0,1,0
2.4624624624624625,0.01670154547836427,-0.12933862515257208,0.9970920729334156,-0.028418193934577722,-0.012882826436583788,0.11770081768211589,0.13022243707518966,0.13323098955632937,0,1,0
2.4824824824824825,0.014056465892556649,-0.13225397929038102,0.9965062697268405,-0.0292901603287525,-0.010353040533443601,0.1264892951570093,0.130569746044175,0.13350963193998475,0,1,0
2.5025025025025025,0.011362197188420244,-0.13471343520682022,0.995912428950303,-0.029692038826877973,-0.007798315153582784,0.12773626899304083,0.130855999466935,0.1338032016306113,0,1,0
2.5225225225225225,0.008628572101540924,-0.13668125434396597,0.995319255098457,-0.029658692592299554,-0.005259597368142963,0.12693588927199095,0.1311222125414351,0.1340885496641817,0,1,0
2.5425425425425425,0.0058654952113779,-0.1381538445081512,0.9947350101061676,-0.029212249614470467,-0.0026279353128433208,0.13158310276498209,0.1314635418434393,0.13436050913081224,0,1,0
2.5625625625625625,0.003082918128739168,-0.1391288541319366,0.9941688447314919,-0.028308268733786515,-5.19484966077253e-06,0.1311370231591274,0.13175207346931306,0.13462595350547013,0,1,0
2.5825825825825826,0.0002911457311371877,-0.139588619880099,0.9936290068703884,-0.02699189305517619,0.0026630127053386852,0.1334103777499729,0.13207719136458712,0.13487463552160875,0,1,0
2.6026026026026026,-0.0024994593424431835,-0.13953025367901856,0.9931240108890269,-0.025249799068069644,0.005292872975723595,0.13149301351924547,0.1323464146368472,0.1351034415167717,0,1,0
2.6226226226226226,-0.005278377873795741,-0.1389459265676279,0.9926612209495259,-0.023139496975050494,0.007954254597511546,0.13306908108939755,0.13265067892539245,0.1353041919992315,0,1,0
2.6426426426426426,-0.008035165911951567,-0.13783940190779131,0.9922480771970166,-0.02065718762546573,0.010595317117318637,0.13205312599035443,0.13292027772999387,0.1354842056866678,0,1,0
2.6626626626626626,-0.010759215588814168,-0.13620248384313005,0.9918911703698894,-0.017845341356359942,0.013163981939892325,0.12843324112868454,0.1331361494535262,0.13562834053925338,0,1,0
2.6826826826826826,-0.013439989530491839,-0.13403869708388352,0.9915957361988066,-0.014771708554141592,0.015642843376364613,0.12394307182361429,0.1333062306052588,0.1357246059020985,0,1,0
2.7027027027027026,-0.016067279998366418,-0.13136452339372895,0.9913655987182509,-0.011506874027785541,0.01810948040613919,0.12333185148872909,0.1335001732835441,0.13577883373992955,0,1,0
2.7227227227227226,-0.01863121930616038,-0.12819696538969808,0.991204291779979,-0.008065346913595645,0.020583828257595704,0.12371739257282528,0.1337072839878802,0.13581333222067904,0,1,0
2.7427427427427427,-0.02112195367271355,-0.12453671832765846,0.9911152281355032,-0.004453182223789577,0.023023355209196,0.1219763475800151,0.13388416460393032,0.1358254919272241,0,1,0
2.7627627627627627,-0.023529563356464202,-0.12038048418753251,0.9911010166594546,-0.0007105738024326064,0.025326771368163994,0.11517080794839969,0.13396790407130546,0.13579576734684995,0,1,0
2.7827827827827827,-0.025844360427974826,-0.11573985357553114,0.991162244844188,0.0030614092366687295,0.027548192032283977,0.11107103320599922,0.13403119506295108,0.1356985577845978,0,1,0
2.8028028028028027,-0.02805721077683028,-0.11064251744277268,0.991298187829278,0.006797149254499507,0.02966630580925503,0.10590568884855277,0.13405432131812062,0.13556175647040894,0,1,0
2.8228228228228227,-0.030159317903362213,-0.10510535632659665,0.9915069275262032,0.010436984846254356,0.03161185340404943,0.0972773797397202,0.1340008373239755,0.1353838994719282,0,1,0
2.8428428428428427,-0.03214238704152287,-0.09915345690803291,0.9917847961731049,0.0138934323450862,0.033400770512351186,0.08944585541508744,0.13390689491274146,0.13514886457828118,0,1,0
2.8628628628628627,-0.03399891388963142,-0.09282634240542766,0.992126684608566,0.017094421773058824,0.03511582190593779,0.08575256967933091,0.13383139465362737,0.1348691731020462,0,1,0
2.8828828828828827,-0.035721975941613145,-0.08615310259908608,0.9925271019176805,0.020020865455720672,0.036648094428305945,0.07661362611840758,0.13369392143483252,0.1345895383650285,0,1,0
2.9029029029029028,-0.037305033651450666,-0.0791528854918761,0.9929796386907928,0.022626838655613313,0.03801110053731427,0.068150305450416,0.133523381586818,0.13426444540582846,0,1,0
2.9229229229229228,-0.038742357813769085,-0.0718662081159211,0.993476738671363,0.02485499902851,0.0392492440617511,0.0619071762218414,0.13335476990471234,0.13390746187554992,0,1,0
2.942942942942943,-0.0400289175850343,-0.06432798856326105,0.9940104190806995,0.026684020466828103,0.04035868902857235,0.05547224834106301,0.13318137759538043,0.13354209002303355,0,1,0
2.962962962962963,-0.04116022100136212,-0.0565651708163911,0.9945725150429062,0.028104798110332334,0.04136486154356076,0.050308625749420965,0.13301345814031493,0.13315949429789534,0,1,0
2.982982982982983,-0.04213229519373036,-0.048603709618411754,0.9951547029672355,0.029109396216466056,0.04224640321680223,0.04407708366207365,0.13283647844170005,0.13277562993249925,0,1,0
3.003003003003003,-0.04294157073161547,-0.04046377689425537,0.9957485190802987,0.029690805653159152,0.042936133124408825,0.03448649538032923,0.1326232218021228,0.13239691575555423,0,1,0
3.023023023023023,-0.04358503926244945,-0.03217342654169918,0.9963450562933197,0.029826860651052618,0.04346884450154987,0.026635568857052885,0.1324048256377325,0.13199110889772497,0,1,0
3.043043043043043,-0.04406043151847128,-0.02376961280109125,0.9969349603729557,0.029495203981802387,0.043770298110617355,0.015072680453374765,0.13216282288373996,0.13161238936072062,0,1,0
3.063063063063063,-0.04436616819189435,-0.015286833671153785,0.9975089540009908,0.028699681401755255,0.043934509813354165,0.008210585136839879,0.13194517879706755,0.13120097238701967,0,1,0
3.083083083083083,-0.04450153784032064,-0.006768482421314335,0.998057675311939,0.0274360655474068,0.04391757573315604,-0.0008467040099058541,0.13174028943947202,0.13083286518136683,0,1,0
3.103103103103103,-0.04446632683506158,0.0017605502629527096,0.9985726155951323,0.02574701415966447,0.04369134980045381,-0.011311296635111665,0.13153931432187818,0.13049296519961714,0,1,0
3.123123123123123,-0.044261046589435665,0.010264012281295769,0.9990457725050251,0.023657845494638757,0.043325613763603846,-0.01828680184249809,0.1313730992053433,0.13014876045181875,0,1,0
3.143143143143143,-0.04388696971736884,0.01870384360334102,0.9994696299389427,0.021192871695877098,0.04280350030318438,-0.026105673020973826,0.13123722733031512,0.12985038088608317,0,1,0
3.163163163163163,-0.043345867335172365,0.02705511910982386,0.9998378222116872,0.01840961363721908,0.042143404689808595,-0.033004780668789216,0.13113071626285183,0.12957510661123742,0,1,0
3.183183183183183,-0.042640060956439775,0.03529031893662948,1.0001447853673828,0.01534815778478842,0.04132992472574798,-0.04067399820303078,0.1310511881131255,0.12934308492126018,0,1,0
3.203203203203203,-0.04177235946186259,0.04338507472885909,1.0003860162042157,0.012061541841644392,0.040371076572577255,-0.04794240765853625,0.13100005270391907,0.1291419943170076,0,1,0
3.2232232232232234,-0.040746102820483264,0.05131283206896623,1.0005579121696158,0.008594798270000384,0.039243952329693244,-0.0563562121442,0.13097625508177593,0.12899226210118273,0,1,0
3.2432432432432434,-0.039565183828879566,0.05904594958018495,1.0006580554611406,0.005007164576240005,0.038034748694196756,-0.06046018177482384,0.1309923395302471,0.1288350116959979,0,1,0
3.2632632632632634,-0.038234068434756734,0.06655576970614167,1.00068452909988,0.001323681936967715,0.03669438782469473,-0.06701804347510192,0.13103918556395108,0.12874735671408302,0,1,0
3.2832832832832834,-0.03675745164197886,0.0738308396388937,1.0006369087512776,-0.002381017430117736,0.035155662731758026,-0.07693625464683554,0.13110523621170894,0.12873501273146049,0,1,0
3.3033033033033035,-0.03514050477046971,0.08084734357545745,1.0005161822392534,-0.006036325601213257,0.033443543108192086,-0.08560598117829643,0.1312036803854218,0.12875501369490128,0,1,0
3.3233233233233235,-0.033389143518977135,0.0875680625746288,1.0003243159712214,-0.00959331340160463,0.03160678572917908,-0.09183786895065059,0.1313426535166665,0.12879869902636132,0,1,0
3.3433433433433435,-0.031509957669669575,0.09395929246537807,1.0000642406050853,-0.01300376830680994,0.029743133143458386,-0.09318262928603481,0.1315167260897487,0.12882454684717892,0,1,0
3.3633633633633635,-0.029509922159176312,0.10000177552466323,0.9997391466425153,-0.016254698128498928,0.027720975644417598,-0.10110787495203911,0.13171111716665604,0.12896733747252973,0,1,0
3.3833833833833835,-0.027396158139451645,0.10568820098623341,0.9993542476136427,-0.019244951443630056,0.025662563694206973,-0.10292059751053148,0.1319242907078178,0.12906391358461142,0,1,0
3.4034034034034035,-0.02517637206027536,0.1109893039588143,0.9989143549876747,-0.021994631298401922,0.023526771156896456,-0.10678962686552528,0.1321585026303243,0.12921915783027588,0,1,0
3.4234234234234235,-0.022858363887370454,0.1159004086452453,0.9984254489959311,-0.02444529958718,0.021234075058125832,-0.11463480493853145,0.1324080172330734,0.12945797783526816,0,1,0
3.4434434434434436,-0.020450243364358852,0.12040602615058017,0.997894965608983,-0.02652416934740423,0.018798125564926556,-0.12179747465996413,0.13268270629144638,0.12973424923078852,0,1,0
3.4634634634634636,-0.01796075597768892,0.12447436933349657,0.9973312644099871,-0.028185059949795976,0.01627004477691942,-0.1264040394003566,0.13298049851481236,0.13002067722154229,0,1,0
3.4834834834834836,-0.01539923390590459,0.12807610358921664,0.996743188526613,-0.02940379416870558,0.013690678903653913,-0.12896829366327545,0.13328761611739395,0.13030777510680228,0,1,0
3.5035035035035036,-0.01277539254932933,0.13119206782876291,0.9961397126914102,-0.030173791760138943,0.011061760425761591,-0.1314459238946162,0.13359373444563738,0.13060979936244282,0,1,0
3.5235235235235236,-0.010099168415066887,0.13381120671312213,0.9955299964671889,-0.03048581121106502,0.0083560420768275,-0.13528591744670454,0.13389799536631564,0.13094661197608445,0,1,0
3.5435435435435436,-0.007380742377033303,0.13592130190167923,0.9949236640056002,-0.03031662307943331,0.005592010150040659,-0.13820159633934198,0.13420091690814506,0.1312907125179329,0,1,0
3.5635635635635636,-0.004630608628562496,0.13750668742354036,0.9943304035545402,-0.029663022552997766,0.002721714288557465,-0.14351479307415968,0.13450300573214993,0.13168779494354965,0,1,0
3.5835835835835836,-0.001859600589029689,0.13855040197664034,0.9937606488622434,-0.028487734614841102,-0.00014164342521318633,-0.1431678856885326,0.13479529566137954,0.1320236207645798,0,1,0
3.6036036036036037,0.0009210112090368076,0.13903058990332484,0.9932237523649909,-0.02684482486261801,-0.0030090776626276795,-0.1433717118707246,0.13505911348317828,0.1323564053104982,0,1,0
3.6236236236236237,0.0036999317554529568,0.13894602732080746,0.9927285672175329,-0.024759257372902174,-0.005873957210077572,-0.1432439773724945,0.13529259693770768,0.13267394375047517,0,1,0
3.6436436436436437,0.00646577284874672,0.1382920546646882,0.9922832387742392,-0.022266422164683816,-0.008663017220582098,-0.13945300052522633,0.13549006152964357,0.13292483061987267,0,1,0
3.6636636636636637,0.009207194655614755,0.13707109034340176,0.9918943586502524,-0.01944400619933695,-0.011472814609214057,-0.14048986943159786,0.13564645514940485,0.13321502926703951,0,1,0
3.6836836836836837,0.011913056326009527,0.13529308351973857,0.9915684621668439,-0.016294824170427186,-0.01421032611952949,-0.13687557551577165,0.13577653736159717,0.13343760862426218,0,1,0
3.7037037037037037,0.014572126050670497,0.1329534862330485,0.9913106609198838,-0.012890062348003736,-0.016839233319458365,-0.13144535999644386,0.13585686945706002,0.13360070961134604,0,1,0
3.7237237237237237,0.017173497774102153,0.1300685861715828,0.9911244207586709,-0.009312008060648712,-0.019413253533792592,-0.12870101071671092,0.1358855226402066,0.13376141687889004,0,1,0
3.7437437437437437,0.019706675706289742,0.12665889660937943,0.9910123837072241,-0.0056018525723420115,-0.0219125032105467,-0.1249624838377055,0.1358807965068843,0.13389186113350834,0,1,0
3.7637637637637638,0.022161405613844005,0.12273649537771311,0.9909762255303098,-0.001807908845713249,-0.02434916224696606,-0.12183295182096814,0.13583681108949258,0.13400658890828065,0,1,0
3.7837837837837838,0.024527700596833457,0.11831474914947261,0.991016787633154,0.0020281051422122707,-0.026639340664164627,-0.11450892085992882,0.13575660328726896,0.13404379177218348,0,1,0
3.803803803803804,0.0267959253719522,0.11341123875593717,0.9911332077975122,0.005821008217912206,-0.0288564318257474,-0.11085455807913835,0.1356168714753713,0.134080980688575,0,1,0
3.823823823823824,0.02895704989045714,0.10805622592524708,0.9913237340608301,0.009526313165891578,-0.03101251083079337,-0.10780395025229812,0.1354471771205194,0.1341114163231013,0,1,0
3.843843843843844,0.031002304334794034,0.10226272221684471,0.9915860584184529,0.013116217881144332,-0.032996333286606776,-0.09919112279067016,0.13525324591145013,0.13405706249686974,0,1,0
3.863863863863864,0.03292328633053701,0.09604909978714864,0.9919162466385256,0.01650941100363689,-0.03486788327371259,-0.09357749935529103,0.13499400743639847,0.13398481694222572,0,1,0
3.883883883883884,0.03471225906245169,0.08944863659573409,0.9923091372473177,0.019644530439605325,-0.036500431739427616,-0.08162742328575132,0.1347170745936504,0.13381863206518502,0,1,0
3.903903903903904,0.03636207343664339,0.082490718709585,0.9927579165148454,0.022438963376380495,-0.037949735055410244,-0.07246516579913131,0.13437587373181137,0.13362568889315057,0,1,0
3.923923923923924,0.037866624919316805,0.0752275741336706,0.9932544447554176,0.02482641202861192,-0.03928314076981042,-0.06667028572000845,0.13400322626524477,0.13345024885386636,0,1,0
3.943943943943944,0.0392205193888722,0.06769472347776968,0.9937903938454599,0.026797454502113155,-0.04043471166218672,-0.057578544618815876,0.13363954214378773,0.13324614110947525,0,1,0
3.963963963963964,0.04041894534888013,0.05992129800039666,0.9943571545709188,0.02833803627294724,-0.04154003654326621,-0.05526624405397404,0.13322742875799345,0.13308779042263877,0,1,0
3.983983983983984,0.041457758869514014,0.051940676031694166,0.9949461010843654,0.02944732567233091,-0.042518578552519413,-0.048927100462660175,0.1328460185801686,0.13291699709503896,0,1,0
4.004004004004004,0.042332994132889434,0.043761763168771006,0.9955488809561263,0.030138993588041327,-0.04330099673017183,-0.03912090888262036,0.1324629446357665,0.13270209933138377,0,1,0
4.024024024024024,0.043041230028209976,0.035411794766027155,0.9961564814719907,0.0303800257932191,-0.043851890097683505,-0.027544668375583586,0.13206908035727424,0.1324507193408681,0,1,0
4.044044044044044,0.04357993586184011,0.02693529168150686,0.9967592205695254,0.030136954876733454,-0.044299915016319046,-0.022401245931777287,0.1316278959948089,0.13223428560107636,0,1,0
4.064064064064064,0.04394741407967771,0.01837391089188005,0.9973472710790505,0.029402525476256044,-0.044527204223398766,-0.011364460353985624,0.13125029549404527,0.1320048173956882,0,1,0
4.084084084084084,0.04414242208623883,0.009750400328055806,0.9979115710457608,0.02821499833551278,-0.044624637859676325,-0.004871681813877939,0.1308397681075973,0.1317978458415682,0,1,0
4.104104104104104,0.044164529211782044,0.0011053562771605931,0.9984429420473365,0.026568550078785363,-0.04452143054676707,0.005160365645462124,0.13048481491792518,0.13159788873035813,0,1,0
4.124124124124124,0.044013805927508955,-0.007536164213654635,0.9989331544809873,0.024510621682537627,-0.04425268680978643,0.01343718684903213,0.130131675890865,0.13141671865755766,0,1,0
4.1441441441441444,0.04369107375849073,-0.016136608450911062,0.9993743183556812,0.022058193734696824,-0.04381392020693474,0.02193833014258411,0.1298126264717667,0.1312613369454212,0,1,0
4.1641641641641645,0.043197749928927096,-0.024666191478181998,0.9997594581492216,0.01925698967701942,-0.04320176369936606,0.03060782537843454,0.12952763207788986,0.1311310616722461,0,1,0
4.1841841841841845,0.0425358811127607,-0.033093440808319594,1.0000825023248088,0.01615220877935771,-0.04245056169155503,0.03756010039055109,0.1292622311274341,0.1310357769930064,0,1,0
4.2042042042042045,0.041708092569736815,-0.04138942715119419,1.0003382151935527,0.012785643437194997,-0.041487873500590945,0.04813440954820504,0.12907479144184375,0.13096278042362924,0,1,0
4.2242242242242245,0.04071754551066618,-0.049527352953531764,1.0005228659389014,0.00923253726743339,-0.040421729308186424,0.053307209620225546,0.1288685696867392,0.1309313271651278,0,1,0
4.2442442442442445,0.039568135403796584,-0.057470505343479736,1.000633092083657,0.005511307237781616,-0.03919752305306664,0.06121031275598901,0.1287413113532866,0.13093590634901273,0,1,0
4.2642642642642645,0.03826408837297212,-0.06520235154122325,1.0006672456533008,0.0017076784821933328,-0.03781155457073342,0.06929842411666153,0.12865518408003257,0.1309679501387551,0,1,0
4.2842842842842845,0.03681024166808263,-0.07269233524447452,1.000624713464655,-0.002126609432279865,-0.03636228161071552,0.07246364800089458,0.12855593687172207,0.1310414031084293,0,1,0
4.3043043043043046,0.03521195576114401,-0.07991429534693112,1.0005053188635296,-0.005969730056277248,-0.034748463751830244,0.08069089294426403,0.1285598836438548,0.13114336598434362,0,1,0
4.324324324324325,0.03347476017596113,-0.08685977925914412,1.0003108365099749,-0.009724117677738255,-0.032923614804211916,0.09124244738091651,0.12863372730061964,0.1312686093959595,0,1,0
4.344344344344345,0.03160479471344724,-0.09349827312569463,1.0000444347816233,-0.013320086417578708,-0.030917829670541477,0.10028925668352225,0.12874617697586618,0.13143285915762717,0,1,0
4.364364364364365,0.029609036613340054,-0.09978790500535918,0.9997104484082763,-0.016699318667351828,-0.028862335437560928,0.10277471164902717,0.12882849254381265,0.13163723986410758,0,1,0
4.384384384384385,0.02749511677946874,-0.10569599169356567,0.9993133694592248,-0.019853947452575616,-0.026725940225614454,0.10681976059732355,0.1289674692258374,0.13186709589864648,0,1,0
4.404404404404405,0.025270794917411025,-0.11121609310288569,0.9988588968891736,-0.02272362850255548,-0.02441445060457431,0.11557448105200739,0.12920168123684556,0.1321144047101019,0,1,0
4.424424424424425,0.0229441606363514,-0.11633171405298127,0.9983543912170945,-0.02522528360395991,-0.021970233274180836,0.12221086651967339,0.1294551556241732,0.1323875652557316,0,1,0
4.444444444444445,0.020523996748529776,-0.12100819439108126,0.9978078809089155,-0.027325515408948425,-0.01942960604714938,0.12703136135157267,0.12972926443591729,0.13268575341936933,0,1,0
4.464464464464465,0.018019601811287478,-0.12521974686211484,0.9972280622703568,-0.028990931927935084,-0.0167833888237902,0.13231086116795895,0.13004378809725187,0.13299912873784317,0,1,0
4.484484484484485,0.015440671375753546,-0.12894652177669655,0.9966244401915765,-0.030181103939011984,-0.014033838642917741,0.13747750904362294,0.13038883846597207,0.1333235497037654,0,1,0
4.504504504504505,0.012797340213757502,-0.13216655809980216,0.996007118075857,-0.030866105785978506,-0.011178384569672408,0.14277270366226671,0.13076684978340694,0.1336569692541008,0,1,0
4.524524524524525,0.010100234125567526,-0.1348553044094988,0.995386800115853,-0.031015898000196152,-0.008314520136824814,0.1431932216423797,0.13109830105531994,0.13398680415201084,0,1,0
4.544544544544545,0.007360406663565526,-0.1369913731001,0.9947734235388901,-0.03066882884814783,-0.005399925561824217,0.14572972875002974,0.1314619458710295,0.1343028850227845,0,1,0
4.564564564564565,0.004589035438701313,-0.13856856124321068,0.9941771676229627,-0.029812795796367666,-0.002499931112964504,0.14499972244298576,0.1317827893840641,0.13459952596778682,0,1,0
4.584584584584585,0.001797545153723221,-0.1395745142489046,0.9936072588420606,-0.028495439045103776,0.00036964417643410796,0.14347876446993058,0.13208155275005443,0.1348681487535381,0,1,0
4.604604604604605,-0.0010026855585499699,-0.14001153561365953,0.9930721480957093,-0.026755537317561202,0.003271867661229812,0.1451111742397852,0.13241427861662758,0.13511126874267024,0,1,0
4.624624624624625,-0.0038003158131789594,-0.13988151273144947,0.9925803785209489,-0.0245884787380217,0.006157083568088733,0.1442607953429461,0.1327160076810352,0.13533540964712842,0,1,0
4.644644644644645,-0.0065838523763033525,-0.13917682815621965,0.9921397197990539,-0.022032936094748903,0.009030791697497549,0.1436854064704408,0.13301141165427424,0.13553076484562157,0,1,0
4.664664664664665,-0.00934177047841058,-0.13789590510536134,0.9917573882822293,-0.01911657584123225,0.01177071756503699,0.13699629337697194,0.13320273603479024,0.13568616967878994,0,1,0
4.684684684684685,-0.012062679914584042,-0.1360454718086731,0.9914384336712422,-0.015947730549355173,0.014518451177693986,0.13738668063284984,0.13344918434906386,0.13578958092211238,0,1,0
4.704704704704705,-0.014735585865509857,-0.13364529754629073,0.9911879251935745,-0.012525423883385577,0.01712233494147788,0.13019418818919448,0.13358713649510498,0.1358667880590179,0,1,0
4.724724724724725,-0.01734955811559316,-0.13069861250416512,0.9910089059984698,-0.008950959755235213,0.019677761280209767,0.12777131693659466,0.13374310697699174,0.13588721746649923,0,1,0
4.744744744744745,-0.01989420963771739,-0.12723257610621141,0.9909038245968619,-0.005254070080394239,0.022173885160725233,0.12480619402577314,0.13388068353410604,0.13587936539503967,0,1,0
4.764764764764765,-0.02235932758096711,-0.12325589716248599,0.9908744146492039,-0.001470497382898606,0.02455368667992231,0.11899007595985449,0.13396123744163208,0.13583724746050274,0,1,0
4.784784784784785,-0.024735021973922734,-0.11878471964778127,0.9909210367045181,0.002331102765710098,0.026902704245073104,0.11745087825753954,0.134061902172936,0.13574477850566324,0,1,0
4.804804804804805,-0.02701183534239878,-0.11384066842380233,0.9910435899266862,0.006127661108402857,0.029171486705923483,0.11343912304251881,0.13412524101721615,0.13563015950622914,0,1,0
4.824824824824825,-0.02918043493263494,-0.10842997951180786,0.9912410733404713,0.009874170689255307,0.031280648305463274,0.10545807997698915,0.13410770715931042,0.13547447461444562,0,1,0
4.844844844844845,-0.03123189865244562,-0.102573185990534,0.991510667657565,0.013479715854687163,0.03324633564760715,0.09828436710719426,0.13404695077131862,0.13525665012354196,0,1,0
4.864864864864865,-0.033158002221571795,-0.0963051784563088,0.9918479931996108,0.01686627710229177,0.035069496587048464,0.0911580469720657,0.1339521844760233,0.1349956612210878,0,1,0
4.884884884884885,-0.034951142357230736,-0.08965700678294722,0.9922475294502181,0.01997681253036601,0.03673138055729402,0.08309419851227741,0.13381831262448982,0.13470051842119585,0,1,0
4.904904904904905,-0.03660436354270679,-0.0826610592738028,0.9927026764622435,0.022757350601269124,0.03825876369092913,0.07636915668175583,0.13367042200393864,0.13436732970794496,0,1,0
4.924924924924925,-0.03811139078632207,-0.07535136218076391,0.9932060746525657,0.025169909516110985,0.03963720394499403,0.06892201270324527,0.13350084774589202,0.1340151736691062,0,1,0
4.944944944944945,-0.039466514669034,-0.0677561941355965,0.9937497729803871,0.027184916391071103,0.04082717189628297,0.0594983975644469,0.13329379757833018,0.13364730231872832,0,1,0
4.964964964964965,-0.04066466539805946,-0.05990753645127307,0.9943250480594673,0.028763753954010814,0.04179854175478207,0.0485684929249555,0.1330490297037914,0.13326110805590496,0,1,0
4.984984984984985,-0.04170165466032695,-0.051849463113374405,0.9949223708126341,0.029866137658339075,0.042691574756566,0.044651650089195596,0.13284836874618414,0.1328254449072147,0,1,0
5.005005005005005,-0.04257407800728133,-0.04362116734771895,0.9955321641684326,0.030489667789923965,0.04337710359840848,0.03427644209212424,0.13261911573839433,0.13244123582503917,0,1,0
5.025025025025025,-0.043278964206935305,-0.03524430998269887,0.9961451996375837,0.030651773457559282,0.04402413022409364,0.03235133128425743,0.13243789702696038,0.13199259005735556,0,1,0
5.045045045045045,-0.043814030668700814,-0.026753323088275417,0.9967520388614166,0.030341961191641894,0.044423054335676004,0.019946205579118925,0.13221239223889145,0.1316327415436977,0,1,0
5.065065065065065,-0.04417722577265389,-0.018159755197653865,0.997343907607867,0.02959343732251798,0.04465683290173214,0.011688928302806418,0.1319862540538403,0.1312233473772669,0,1,0
5.085085085085085,-0.04436744547608751,-0.00951098517168077,0.997911330935106,0.028371166361953856,0.04464758133447841,-0.00046257836268692384,0.13175284014788674,0.13086202542374398,0,1,0
5.105105105105105,-0.04438428848012747,-0.000842150201998253,0.9984454661365131,0.02670676007035751,0.04451653954387747,-0.006552089530046586,0.13155774511046261,0.130466017002063,0,1,0
5.125125125125125,-0.04422827455339804,0.0078006963364716485,0.9989375664572541,0.02460501603705143,0.04428228960699638,-0.011712496844054341,0.13140564115539435,0.13010132075855146,0,1,0
5.145145145145145,-0.04390029757296093,0.016398849021855656,0.999380005853766,0.022121969825594834,0.04386179362777475,-0.021024798961082076,0.13126073743544767,0.12980064189714288,0,1,0
5.165165165165165,-0.043401621948781846,0.024933781208954023,0.9997662298541785,0.019311200020630196,0.043257163815308725,-0.030231490623301955,0.1311295085758363,0.12951999425132127,0,1,0
5.185185185185185,-0.04273420220813536,0.03337098703232423,1.00009021410413,0.016199212497564813,0.042469276742478045,-0.03939435364153329,0.13102525491795744,0.12927452548085444,0,1,0
5.205205205205205,-0.04190064724081267,0.041677748366134595,1.000346884046089,0.012833497097953681,0.041486379227869595,-0.049144875730422054,0.13095025572519953,0.12907626438867936,0,1,0
5.225225225225225,-0.04090424736830299,0.04981999362548391,1.0005323252222755,0.009272058809332597,0.040370128773006414,-0.05581252274316003,0.13091744335663555,0.12889031922558186,0,1,0
5.245245245245245,-0.03974894875204278,0.05776493081301029,1.0006434584654775,0.005556662160100004,0.039053695885691346,-0.06582164436575304,0.13091713270053296,0.12879079486934625,0,1,0
5.265265265265265,-0.03843920095395415,0.0654873899044314,1.0006789817407336,0.0017761637628044852,0.03764508897109634,-0.07043034572975018,0.13095830467961875,0.1286740989430129,0,1,0
5.285285285285285,-0.03698018736768734,0.07295067931334076,1.000637978116176,-0.002050181227876702,0.0361699413215631,-0.07375738247666226,0.13104191915974173,0.12858972729224113,0,1,0
5.305305305305305,-0.035377315332818356,0.08014360174344898,1.0005206441113148,-0.005866700243064727,0.03447995053238596,-0.084499539458858,0.1311440411340019,0.12863114861823305,0,1,0
5.325325325325325,-0.033636257090005166,0.08705291214065934,1.0003293142683458,-0.00956649214845012,0.03267880012109948,-0.09005752056432345,0.1312760781124535,0.12865105724173073,0,1,0
5.345345345345345,-0.03176344803686656,0.0936404526569305,1.0000664679996853,-0.013142313433025028,0.03070167988864318,-0.09885601162281478,0.13144540192613152,0.12876471611151036,0,1,0
5.365365365365365,-0.02976574556719057,0.0998851234837994,0.9997365282597911,-0.016496986994711058,0.028624020772868512,-0.10388295578873327,0.13164465930174665,0.12887570662120718,0,1,0
5.385385385385385,-0.027650663742275424,0.1057540912457572,0.9993443306415446,-0.01960988091232589,0.026446358808715327,-0.10888309820765966,0.13187348104033944,0.1290299193732958,0,1,0
5.405405405405405,-0.025426086023135827,0.1112288859569798,0.9988957852325447,-0.022427270449991515,0.024167047704342134,-0.11396555521865939,0.13212258799324858,0.12922073578543758,0,1,0
5.425425425425425,-0.02310025681398374,0.11629146045760437,0.9983976388761687,-0.024907317818801112,0.02174379928129241,-0.12116242115248625,0.13239308929074065,0.12947834153008578,0,1,0
5.445445445445445,-0.020681809141447457,0.12092238362681416,0.997857936401813,-0.02698512371778721,0.019165182551019434,-0.12893083651364884,0.13268770963490714,0.12978921117430905,0,1,0
5.465465465465465,-0.018179997237157502,0.1250905952144978,0.9972858617001054,-0.028603735085379882,0.016540328505582978,-0.1312427022718227,0.13300005270665272,0.13006695076581276,0,1,0
5.485485485485485,-0.015604643562890055,0.12876768371337236,0.9966903602152969,-0.029775074240425352,0.0137729752660505,-0.13836766197662415,0.13332380796206594,0.13043824885858926,0,1,0
5.505505505505505,-0.012965861074047659,0.13193912444211983,0.9960819102461346,-0.030422498458118598,0.011005722327702895,-0.13836264691738015,0.13364732044902689,0.1307371732631591,0,1,0
5.525525525525525,-0.010274352588169031,0.13457542429393135,0.995469896098016,-0.030600707405930707,0.00825090172369196,-0.13774103020054673,0.13395728357681716,0.13102892829595533,0,1,0
5.545545545545545,-0.007540846510287176,0.1366753038940928,0.99486336585634,-0.030326512083792237,0.005470527901517254,-0.13901869110873527,0.13424786448891396,0.13134203867252628,0,1,0
5.565565565565565,-0.004776064842587628,0.13823908338497737,0.9942713669165967,-0.029599946987166195,0.0026459854532813695,-0.14122712241179422,0.13452826016292072,0.13167619628291086,0,1,0
5.585585585585585,-0.0019908799828713243,0.13925924298581518,0.9937030786901655,-0.02841441132155864,-0.00021439048544850842,-0.14301879693649389,0.13480032110490028,0.13201722755071466,0,1,0
5.605605605605605,0.0008035886799265739,0.1397234331398949,0.9931676291989854,-0.026772474559007844,-0.0030487111137214016,-0.1417160314136447,0.13505380630394911,0.1323184690682641,0,1,0
5.625625625625625,0.0035960657611512257,0.1396238540612326,0.9926732503630283,-0.024718941797852487,-0.005883211519171816,-0.14172502027252068,0.13527833308862725,0.13262569563546517,0,1,0
5.645645645645645,0.0063753239262451964,0.13896290825469854,0.9922278016558028,-0.022272435361275458,-0.008698018315741865,-0.14074033982850226,0.13547567116821274,0.13291185416652015,0,1,0
5.665665665665665,0.009130103754745409,0.13773899142501067,0.9918383956242774,-0.019470301576268365,-0.011485401455450536,-0.13936915698543362,0.13564123247833387,0.13317959466650983,0,1,0
5.685685685685685,0.011849164734048404,0.1359530489651498,0.9915113697159946,-0.016351295414142417,-0.014177835560026107,-0.13462170522877864,0.13576753229045124,0.1333802799274332,0,1,0
5.7057057057057055,0.014521404094494076,0.13361196802228356,0.9912514558102404,-0.0129956952877117,-0.01681810266793259,-0.13201335539532405,0.135844489655757,0.13357422488438447,0,1,0
5.7257257257257255,0.017136106685501237,0.1307351295503581,0.9910625291182381,-0.009446334600115215,-0.01945957476612073,-0.1320736049094072,0.13588876316845405,0.13378905594075252,0,1,0
5.7457457457457455,0.01968267984268439,0.12732865785915765,0.9909482643671902,-0.005713237552394763,-0.021983264588171347,-0.12618449110253072,0.1359070620172909,0.13391782034275612,0,1,0
5.7657657657657655,0.022150614083807856,0.12339671205617328,0.9909106484457239,-0.001880796073319405,-0.024462407734623156,-0.12395715732259048,0.1358663833416209,0.1340498879116884,0,1,0
5.7857857857857855,0.024529822868476655,0.11896043923343994,0.9909508259091745,0.0020088731725323825,-0.02681479488437641,-0.11761935748766254,0.13579221978412195,0.1341101342027441,0,1,0
5.8058058058058055,0.026810436079718048,0.1140306605620696,0.9910683604387301,0.005876726477781247,-0.02900098847190674,-0.1093096793765165,0.13566146762324058,0.1340978001647052,0,1,0
5.8258258258258255,0.028983209385836615,0.10863866530592846,0.9912608918669653,0.009626571411755689,-0.031120813573564856,-0.1059912550829058,0.13546928130666278,0.13409994253951849,0,1,0
5.8458458458458455,0.031039526881518183,0.10281587478407832,0.991525362113054,0.013223512304431575,-0.033087428023987814,-0.09833072252114779,0.13526064814656572,0.13404123500065562,0,1,0
5.865865865865866,0.032971108477088736,0.09657907977852749,0.9918575580414671,0.01660979642065658,-0.03489265088530313,-0.09026114306576544,0.1350036560396506,0.13393617574320923,0,1,0
5.885885885885886,0.034770355813217094,0.08996236680641785,0.9922518670146471,0.019715448658998335,-0.036541330903170105,-0.0824340008933488,0.13470620012582143,0.13380032060324898,0,1,0
5.905905905905906,0.03643039623182474,0.08300202093038221,0.9927016290894384,0.022488103739567507,-0.038079418044390405,-0.07690435706101498,0.13437283631435618,0.13366597623756493,0,1,0
5.925925925925926,0.0379449828359645,0.07572933020698813,0.9931996856904972,0.02490283005293946,-0.039450744636576614,-0.06856632960931035,0.13403265168167466,0.1334954229416448,0,1,0
5.945945945945946,0.03930838609553708,0.06817016297862902,0.9937382479889992,0.026928114925099205,-0.04068362460794419,-0.06164399856837909,0.13365802571929788,0.1333136414447086,0,1,0
5.965965965965966,0.04051556291172676,0.060358840809484074,0.9943088686864385,0.028531034871963408,-0.041743817612069335,-0.05300965020625728,0.13327614427399193,0.13310657147554397,0,1,0
5.985985985985986,0.041562069164451175,0.05232531263622084,0.9949026344728417,0.02968828932015783,-0.04263177446981427,-0.044397842887247074,0.1328757672619868,0.13288308495386694,0,1,0
6.006006006006006,0.042444172589230035,0.04410517123894293,0.9955101385893795,0.030375205826891346,-0.04332560018748989,-0.0346912858837804,0.1324723413594159,0.13264247005596233,0,1,0
6.026026026026026,0.04315889255612028,0.035735998344512326,0.996121700913812,0.030578116221622917,-0.043897776447096915,-0.02860881298035136,0.13204373803605507,0.13242429140392767,0,1,0
6.046046046046046,0.0437040020954935,0.027255476968661013,0.996727631398051,0.03029652421194986,-0.04433478987929411,-0.021850671609859533,0.13163379484428886,0.13221863654387545,0,1,0
6.066066066066066,0.04407773884451086,0.018686837450868028,0.9973187211184802,0.02955448602146017,-0.04462151888185608,-0.014336450128099386,0.1312353393925255,0.13201543732683538,0,1,0
6.086086086086086,0.0442788665902444,0.010056387286676943,0.9978859900938225,0.028363448767118174,-0.04474684287892952,-0.0062661998536709465,0.1308484498846212,0.1318154884575656,0,1,0
6.106106106106106,0.04430672818443572,0.0013930797095657518,0.9984207033547463,0.02673566304618928,-0.0447003937276144,0.0023224575657560826,0.13047776599872732,0.13162214198906605,0,1,0
6.126126126126126,0.04416125683134932,-0.007273567654320228,0.9989144914760082,0.02468940606309418,-0.04443037826242117,0.01350077325966096,0.1301468209422473,0.13142885013093356,0,1,0
6.146146146146146,0.04384306562763737,-0.015909560185597263,0.9993596038063748,0.02225561651833221,-0.04399243886091377,0.021896970075370323,0.1298143959368016,0.13126229086668606,0,1,0
6.166166166166166,0.04335356108936421,-0.024475226913658263,0.9997487018976897,0.0194549045657459,-0.04331758797666958,0.03374254421220813,0.12955401752778958,0.13111428303864245,0,1,0
6.186186186186186,0.04269479402940409,-0.03293835299800602,1.0000758163007668,0.016355720153852168,-0.04249469221393524,0.041144788136717424,0.12928701714009863,0.13100692484459744,0,1,0
6.206206206206206,0.04186970343312167,-0.04125452981412111,1.0003355198985817,0.012985179890749508,-0.041580001578280665,0.045734531782728606,0.12904220007308578,0.13095271137775116,0,1,0
6.226226226226226,0.04088170712819746,-0.04939981524621059,1.0005235227188614,0.009400141013979908,-0.04053575763980384,0.0522121969238417,0.12885879927961494,0.13093046156506857,0,1,0
6.246246246246246,0.039734495344738746,-0.057360589172936,1.0006369287809533,0.0056703031046036025,-0.03931726773939957,0.060924495020213326,0.1287346087593732,0.1309293476971198,0,1,0
6.266266266266266,0.03843216755236471,-0.06511638961870152,1.000674048214257,0.0018559716651879643,-0.0378428656136531,0.07372010628732358,0.12870031835442222,0.13095010556373096,0,1,0
6.286286286286286,0.03697952205846107,-0.07263227469518221,1.0006348677925234,-0.001959021086685651,-0.03627465318079153,0.07841062164307795,0.12862367036311084,0.13101856228012246,0,1,0
6.306306306306306,0.03538225855655147,-0.07986317509548002,1.0005194850046166,-0.005769139395341244,-0.03455009067406633,0.08622812533626047,0.1286410827075062,0.13112969736726354,0,1,0
6.326326326326326,0.03364640453018736,-0.08679270131820575,1.0003300264991433,-0.009472925273672519,-0.03272613935348413,0.09119756602910975,0.1286646577685057,0.1312708864967829,0,1,0
6.346346346346346,0.03177855897380532,-0.09339227781910173,1.000069166749653,-0.013042987474512597,-0.030805913530109207,0.0960112911687463,0.1287292191170363,0.1314437331583802,0,1,0
6.366366366366366,0.029785642466513027,-0.09964582536461454,0.9997406572530214,-0.016425474831584994,-0.028732715986900796,0.10365987716042066,0.1288687513053832,0.13164055357556906,0,1,0
6.386386386386386,0.027674966694099423,-0.10553378862068026,0.9993497137183156,-0.01954717673529171,-0.026590308558639707,0.10712037141305424,0.12899481040346714,0.1318630060809838,0,1,0
6.406406406406406,0.025454400471308744,-0.11102831113953394,0.9989017353070623,-0.022398920562664838,-0.02433812539347021,0.11260915825847483,0.12918511631720675,0.13210953291564068,0,1,0
6.426426426426427,0.02313205783229514,-0.11611713195068026,0.998403420321022,-0.024915749302011903,-0.02194909410788391,0.1194515642793155,0.12943026355744133,0.13237543744842764,0,1,0
6.446446446446447,0.020716462280245887,-0.1207797776024627,0.9978625596352738,-0.0270430342874086,-0.019390699574899112,0.1279197266492398,0.12974419206998414,0.13266740880693118,0,1,0
6.466466466466467,0.01821669843294121,-0.12498819236523384,0.9972883418139652,-0.02871089106543213,-0.016713970276698305,0.13383646491004011,0.13007209008950663,0.13298349931304768,0,1,0
6.486486486486487,0.01564257006457863,-0.12870641841812902,0.9966905112015835,-0.02989153061908435,-0.014013484696653328,0.13502427900224884,0.13036678700595875,0.13330896030602352,0,1,0
6.506506506506507,0.013004342379280814,-0.1319113842648908,0.9960784423427209,-0.030603442943127862,-0.011241961493012575,0.13857616018203758,0.13070636287432583,0.13363126943070483,0,1,0
6.526526526526527,0.010312416383018535,-0.1345962998131139,0.9954621020425931,-0.030817015006387977,-0.008394014556163546,0.14239734684245137,0.13106708004797749,0.13395043368074797,0,1,0
6.546546546546547,0.007577574805766207,-0.13674207886261638,0.9948516990346635,-0.0305201503964789,-0.005584481295307756,0.14047666304278963,0.13135931665415987,0.1342577208102345,0,1,0
6.566566566566567,0.004810921589904255,-0.1383326607930976,0.9942562246178468,-0.02977372084083436,-0.0027950304394024662,0.13947254279526453,0.13165096885897454,0.13453829240918874,0,1,0
6.586586586586587,0.002023432950055935,-0.139374431992416,0.9936842333200285,-0.02859956489091521,2.7988682038577373e-05,0.14115095607205214,0.13197409619137307,0.13479782750850502,0,1,0
6.606606606606607,-0.0007739348256434633,-0.1398683887849699,0.9931444032320382,-0.026991504399514286,0.002872973339032606,0.1422492328497014,0.13229842068704464,0.13504575186689627,0,1,0
6.626626626626627,-0.003570056893378937,-0.13980610338677368,0.9926452275507032,-0.02495878406675377,0.0057421706319715285,0.14345986464694613,0.1326296075083674,0.13527828689296614,0,1,0
6.646646646646647,-0.006353672742112187,-0.1391807924366625,0.992195041332323,-0.022509310919009644,0.00861799327146712,0.1437911319747796,0.13294948794392866,0.13548975209776018,0,1,0
6.666666666666667,-0.009113367125860227,-0.13798471918740202,0.9918016671805244,-0.019668707589924662,0.011448548475322664,0.14152776019277705,0.13322272225591072,0.13566902858990124,0,1,0
6.686686686686687,-0.011837681320016946,-0.13621570970783592,0.9914717265937371,-0.016497029339365865,0.014227482335637061,0.13894669301572002,0.13346442081719417,0.1358036734685722,0,1,0
6.706706706706707,-0.014515313120305113,-0.13388159001440833,0.9912106815342576,-0.013052252973971694,0.016940189305428496,0.13563534848957137,0.13366856675954714,0.13589351995170995,0,1,0
6.726726726726727,-0.017135136446908325,-0.13099116633016053,0.9910227446914257,-0.009396842141594752,0.019535065222538152,0.129743795855483,0.13380565200690306,0.13593551125917822,0,1,0
6.746746746746747,-0.019686328925902503,-0.12755962394970882,0.9909103998542084,-0.005617241860867072,0.02204051359783578,0.12527241876488135,0.13391921278726007,0.13592252185231807,0,1,0
6.766766766766767,-0.022158548978875033,-0.12361100264862651,0.9908749475790813,-0.0017726137563524738,0.024461277999241,0.12103822007026098,0.13400940586940513,0.13586874843041563,0,1,0
6.786786786786787,-0.024541843157324564,-0.11916470892247646,0.9909167190917533,0.002088575633597589,0.026820208797912592,0.11794653993357937,0.13409203004196968,0.13577730338900432,0,1,0
6.806806806806807,-0.026826574384158666,-0.11423656134170514,0.9910353587339483,0.005931982109755017,0.02904639410039539,0.1113092651241404,0.13411119440248295,0.13565476712452956,0,1,0
6.826826826826827,-0.029003444550682808,-0.1088435083262071,0.9912290938255002,0.009686754577590705,0.03119616644763589,0.10748861736202482,0.13412434808380688,0.13547730412929496,0,1,0
6.846846846846847,-0.031063692361820067,-0.10301239055686297,0.9914952426903002,0.013307443240000749,0.033234457569399294,0.10191455608817021,0.13409891966721055,0.13527067562609565,0,1,0
6.866866866866867,-0.03299889061462855,-0.0967599126404243,0.9918301105265109,0.016743391810537824,0.03510790890284296,0.0936725666721831,0.13400977590797242,0.1350254997140755,0,1,0
6.886886886886887,-0.03480113594303665,-0.0901122664204051,0.992228485187055,0.01991873302720442,0.036809848814457716,0.08509699558073745,0.1338729518736397,0.13473069135182436,0,1,0
6.906906906906907,-0.03646324662513323,-0.08310553410482857,0.9926837209508121,0.022761788187857762,0.03832160132640906,0.07558762559756736,0.13369194069428852,0.13439933016005284,0,1,0
6.926926926926927,-0.03797881556443047,-0.07577844696486188,0.9931879887771066,0.02521339131472103,0.03967894806597413,0.0678673369782534,0.1335000455752708,0.13402988253293432,0,1,0
6.946946946946947,-0.03934224375797299,-0.06817140967712602,0.9937327530813389,0.02723821521161727,0.04089733276577481,0.060919234990034384,0.13330617396782032,0.13364314302056152,0,1,0
6.966966966966967,-0.04054857245904891,-0.06031643505379611,0.9943092092304701,0.02882280745655832,0.041967161501612636,0.05349143679189118,0.13310292142982308,0.1332483284563774,0,1,0
6.986986986986987,-0.041593419769739036,-0.052242365534506494,0.9949083103050806,0.02995505373052739,0.04286995176070339,0.045139512954537525,0.1328837969928162,0.1328465204769201,0,1,0
7.007007007007007,-0.04247301239853986,-0.0439796314400411,0.9955206905504995,0.03061901227094332,0.04357187795576278,0.03509630975296966,0.13264155134595987,0.13244328760040333,0,1,0
7.027027027027027,-0.04318431677829979,-0.03556521898799683,0.996136645395171,0.030797742233573764,0.04415037373091678,0.028924788757699788,0.13242054595341607,0.1320107243735056,0,1,0
7.047047047047047,-0.043725052878757754,-0.027036805022898205,0.996746382425372,0.030486851510050355,0.04453656759648048,0.01930969327818497,0.13219144048132375,0.13161406327665018,0,1,0
7.067067067067067,-0.04409342824655392,-0.018418768389808375,0.9973405406904676,0.029707913254786406,0.04471655739559099,0.008999489955525065,0.13195478652931603,0.13122277895206133,0,1,0
7.087087087087087,-0.04428839377177976,-0.00974827626129204,0.9979097597185287,0.02846095140305502,0.04465250630189399,-0.003202554684850256,0.13171361092485412,0.1308585041842299,0,1,0
7.107107107107107,-0.04430979696344938,-0.0010701595834809157,0.9984450475335668,0.026764390751906345,0.0445302302693379,-0.006113801627803852,0.13153702087682742,0.1304421425751232,0,1,0
7.127127127127127,-0.044158307275753116,0.00757448438481345,0.9989376395522883,0.024629600936074848,0.044212989210135535,-0.015862052960118767,0.131374576406053,0.13012919747640986,0,1,0
7.147147147147147,-0.04383481030888818,0.016174848343246652,0.9993805211027508,0.022144077523122297,0.04376948562276557,-0.022175179368498603,0.13123553881528155,0.1298006323942877,0,1,0
7.167167167167167,-0.04334089259183009,0.024695885852904578,0.9997668260239757,0.019315246061249083,0.043149713385457644,-0.0309886118653964,0.13111821937625126,0.12953115980083887,0,1,0
7.187187187187187,-0.04267853330197605,0.03311796449270177,1.0000909049775086,0.01620394767664693,0.04226122514687766,-0.04442441192899889,0.13100455439492728,0.12933668779434118,0,1,0
7.207207207207207,-0.041850449298610225,0.041404200168291536,1.0003483011962746,0.012869810938296616,0.04128844808186347,-0.048638853250709865,0.1309439102371785,0.12908672180697683,0,1,0
7.227227227227227,-0.040860312433538715,0.049506843253575517,1.0005345634565002,0.009313113011273445,0.04018393727467943,-0.05522554035920219,0.1309280347416904,0.1289173882651375,0,1,0
7.247247247247247,-0.03971203106210163,0.05741406857185425,1.0006471067619547,0.005627165272730146,0.03892346047191395,-0.0630238401382732,0.13093558907396774,0.1287962267401843,0,1,0
7.267267267267267,-0.03840999818558755,0.06510164382570387,1.0006844225594032,0.0018657898724270955,0.037552866772237486,-0.0685296849838237,0.13097768494006304,0.1286895793971254,0,1,0
7.287287287287287,-0.03695916751445291,0.0725415335567322,1.0006457470468173,-0.001933775629294488,0.03608856224324282,-0.07321522644973331,0.13105458149279386,0.12861511781099633,0,1,0
7.307307307307307,-0.0353648106631721,0.07971784256404066,1.000531317836504,-0.005721460515658382,0.034417606486938784,-0.08354778781520186,0.13115295618795283,0.12864735776873423,0,1,0
7.327327327327327,-0.0336325430540716,0.08661338045502473,1.0003432760689923,-0.009402088375588168,0.03259483368668304,-0.09113864001278653,0.13128188731335236,0.12869132217604048,0,1,0
7.347347347347347,-0.031768775455080875,0.09318837994953627,1.000084408319904,-0.01294338745441081,0.030690006245635254,-0.09524137205238926,0.13145085014696176,0.12874325571541204,0,1,0
7.367367367367367,-0.029780442161638422,0.09941666467212257,0.9997582205704312,-0.016309387473642977,0.02865635281648679,-0.10168267145742327,0.13164735026375063,0.12886575443923967,0,1,0
7.387387387387387,-0.027674737320881042,0.1052852420378691,0.9993696688024217,-0.019427588400472373,0.026434487604577506,-0.11109326059546432,0.13186823565116376,0.12906925032879796,0,1,0
7.407407407407407,-0.025459360876865643,0.11076882220076986,0.9989252704289858,-0.02221991867179573,0.02407668672245412,-0.11789004410616924,0.1321203113263273,0.12929055599974368,0,1,0
7.4274274274274275,-0.023142738617603298,0.11583111296311721,0.9984322726188469,-0.024649890506943634,0.02160606042312839,-0.12353131496628643,0.13240077730675365,0.12954410896231758,0,1,0
7.4474474474474475,-0.02073384990419186,0.12044443567057189,0.9978988150595892,-0.026672877962883913,0.019080033674875135,-0.12630133741266286,0.13269665111072237,0.12979302157990133,0,1,0
7.4674674674674675,-0.018242138696672936,0.12458556037594612,0.9973331857539184,-0.028281465283544124,0.016523658747987502,-0.12781874634438195,0.1329972032579113,0.1300451473307923,0,1,0
7.4874874874874875,-0.015677291856131412,0.12824234202707627,0.9967437708491635,-0.029470745237739182,0.013939325708460196,-0.129216651976365,0.13329474886238474,0.13030720401831178,0,1,0
7.5075075075075075,-0.013049108012992767,0.13140919215693228,0.9961390369504491,-0.03023669493571754,0.011249582275438064,-0.1344871716511064,0.1335942663354755,0.13063949785419252,0,1,0
7.5275275275275275,-0.01036757663272612,0.13407656901333234,0.995528497031895,-0.030526995927703103,0.008534468105956157,-0.13575570847409538,0.13389644340203155,0.13094228857422746,0,1,0
7.5475475475475475,-0.007643101719947308,0.1362237456389406,0.9949212456181046,-0.030362570689523066,0.0057478540528776,-0.13933070265392788,0.13419663002380144,0.13129188789961435,0,1,0
7.5675675675675675,-0.004886242337631429,0.13784296911579394,0.9943270141934867,-0.029711571230892315,0.0029065605327054014,-0.1420646760086099,0.13449242031766162,0.13164771633348563,0,1,0
7.587587587587588,-0.0021079064992167228,0.1389167919207353,0.9937555344772756,-0.028573985810551962,6.411995588287111e-05,-0.14212202884112654,0.13477530922618966,0.13197572464336288,0,1,0
7.607607607607608,0.0006807739759856755,0.1394340237601199,0.9932159052366412,-0.026981462031719364,-0.0028299012661768216,-0.14470106110298467,0.13503804371152417,0.13233656901454827,0,1,0
7.627627627627628,0.003468543657378043,0.13938848406961837,0.9927173813615836,-0.024926193752878884,-0.005653971848027175,-0.14120352909251768,0.1352750365391868,0.1326117110693481,0,1,0
7.647647647647648,0.00624394196341875,0.13876991530203536,0.9922675341523781,-0.022492360460275217,-0.008425402411553724,-0.1385715281763274,0.13546681938568947,0.1328675062746137,0,1,0
7.667667667667668,0.008995758059385668,0.13759080479834587,0.9918729467460864,-0.019729370314584944,-0.011159838567804569,-0.1367218078125422,0.135619924542915,0.1331112017365473,0,1,0
7.687687687687688,0.011712973715439744,0.1358607828027038,0.9915394199038411,-0.016676342112265555,-0.013878147650679887,-0.135915454143766,0.13574287726949255,0.1333564208455641,0,1,0
7.707707707707708,0.014384701796858766,0.13358640407095107,0.9912723010794773,-0.013355941218192297,-0.016597074324910227,-0.1359463337115171,0.1358399194068511,0.13360678432376458,0,1,0
7.727727727727728,0.017000090631853638,0.13076944174974353,0.9910766008629318,-0.009785010827271116,-0.01930127483592074,-0.13521002555052558,0.1359098753381733,0.13384103700205333,0,1,0
7.747747747747748,0.01954827109044829,0.1274090229297327,0.9909566600539715,-0.005997040448011306,-0.021970187816193868,-0.1334456490136563,0.13594262337932145,0.13404477062165693,0,1,0
7.767767767767768,0.022018411353574917,0.12350701315633135,0.9909157874689661,-0.002043629250272334,-0.02454535015136844,-0.12875811675872897,0.13592853903133933,0.13418105401512975,0,1,0
7.787787787787788,0.024399833320804448,0.11907109836147646,0.9909555727533431,0.001989264218850542,-0.026972557392482714,-0.1213603620557136,0.13585331126496022,0.13423376549227817,0,1,0
7.807807807807808,0.026682316809277594,0.11412417442365734,0.9910754427872356,0.005993501694625624,-0.029290191357369332,-0.11588169824433071,0.13571042338369166,0.1342551705635086,0,1,0
7.827827827827828,0.028856256171687904,0.10869696812051549,0.9912733483377385,0.009895277525148124,-0.031470914422138445,-0.10903615323845553,0.1355239667679066,0.1342269654510491,0,1,0
7.847847847847848,0.030912523437109266,0.10281336327106813,0.9915458498699304,0.013625076609596862,-0.03347309054421815,-0.10010880610398465,0.1352921005054689,0.13413478821950017,0,1,0
7.867867867867868,0.032842566288656436,0.0965021425773586,0.9918878843955335,0.017101726280155837,-0.03519888077278708,-0.08628951142844654,0.13501823548795824,0.13393947242624357,0,1,0
7.887887887887888,0.034638779078771754,0.08981063950576579,0.9922922455203611,0.02021805624137512,-0.03687048013557675,-0.08357996813948326,0.1346622980643451,0.1338111620325095,0,1,0
7.907907907907908,0.03629455692820238,0.08278889247153151,0.9927515275809866,0.022964103031275888,-0.03833433524737807,-0.07319275559006592,0.13434052790400772,0.1336259802820447,0,1,0
7.927927927927928,0.0378036423578212,0.07545427148094098,0.993257985755022,0.02532290870176892,-0.039691270485459035,-0.0678467619040483,0.13396434744657268,0.13345637379995298,0,1,0
7.947947947947948,0.03916059049089395,0.06784740665363768,0.993803321782244,0.027266801361097926,-0.040876152646707124,-0.05924410806240406,0.13359801005623848,0.13326056503752387,0,1,0
7.967967967967968,0.040360446688326265,0.05999280987161579,0.9943790044553258,0.02878413365409416,-0.041918402098311644,-0.05211247258022626,0.1332037181157462,0.13305938106441187,0,1,0
7.987987987987988,0.04139894033851545,0.05192468250945906,0.9949760306245486,0.02985130846114192,-0.04275816171936116,-0.04198798105247529,0.13281623374690804,0.1328281435642842,0,1,0
8.008008008008009,0.042272419705905395,0.04367396836949756,0.9955850719441718,0.03045206598115787,-0.04340824384618072,-0.03250410634097812,0.13241034046524994,0.13258550044838627,0,1,0
8.028028028028029,0.042978091153728935,0.03528357239117706,0.9961963893692434,0.030565871253579152,-0.04392525747082115,-0.025850681232021583,0.13198948308755787,0.1323647718051695,0,1,0
8.048048048048049,0.04351387239168937,0.026789061898021674,0.9968003769551672,0.030199379296190786,-0.044254792697424584,-0.016476761330171556,0.13160042141405132,0.13214055103001457,0,1,0
8.068068068068069,0.04387826786421833,0.01821977362644784,0.9973878694108722,0.02937462278525196,-0.04451181127375505,-0.012850928816523229,0.13117699165253827,0.13195701708138857,0,1,0
8.088088088088089,0.04407044375965616,0.009608794771891511,0.9979498267341329,0.02809786616303332,-0.044609844464071895,-0.004901659515842614,0.130811103220486,0.1317771511993533,0,1,0
8.108108108108109,0.044089834600259795,0.0009695420301816578,0.9984781272297883,0.026415024782769664,-0.04454602229157845,0.0031911086246719685,0.13045027697303985,0.1315978682379781,0,1,0
8.128128128128129,0.04393646359557211,-0.007668550234384243,0.9989647602519062,0.024331651105891316,-0.04426664476491708,0.013968876333068706,0.13012852815622572,0.13141733212048368,0,1,0
8.148148148148149,0.0436110161029157,-0.016272374632820413,0.9994023029654243,0.02187713567590814,-0.04386419602843993,0.020122436823857035,0.1297862536919596,0.13127015463643346,0,1,0
8.168168168168169,0.04311492331754778,-0.024804639268395996,0.9997835593885466,0.019062821156114382,-0.043238630304867104,0.03127828617864237,0.1295288591084868,0.13113686663254775,0,1,0
8.188188188188189,0.04245005759306532,-0.033243286224123106,1.0001028157627168,0.015962818708504085,-0.0424136479827823,0.04124911610423932,0.1292885602062632,0.13102486482189543,0,1,0
8.208208208208209,0.041619150872053916,-0.041545336050570265,1.0003549628726118,0.012607355494759179,-0.04146608994695624,0.04737790179130281,0.1290551076068161,0.13096068384761206,0,1,0
8.228228228228229,0.04062560471652012,-0.049677307776689994,1.0005357315088612,0.009038431812472202,-0.040330266876493756,0.05679115352312399,0.12890471953121424,0.1309284591830459,0,1,0
8.248248248248249,0.03947323709767958,-0.05761838094202679,1.0006425716618443,0.005342007649151278,-0.03902565365296445,0.06523066117646575,0.12878507737389533,0.13092749488589264,0,1,0
8.268268268268269,0.03816650356858489,-0.06533667645473448,1.000673876787965,0.0015652563060336742,-0.037486320169151724,0.07696667419063583,0.12875532323067038,0.13095897451003977,0,1,0
8.288288288288289,0.036710484446919475,-0.07280095608327093,1.0006298715465156,-0.002200262072471271,-0.03579001191803015,0.08481541255607893,0.1287344390566345,0.13103300642071455,0,1,0
8.308308308308309,0.035111155374768305,-0.07996645360755862,1.00051156928431,-0.005915113110282674,-0.034028069145921894,0.08809713860541299,0.12871530738063539,0.13115656922684843,0,1,0
8.328328328328329,0.033375051659336054,-0.08680518577161249,1.000320755261916,-0.009540701119702021,-0.03221533993155187,0.09063646071850007,0.12872685853112523,0.1313127429777379,0,1,0
8.348348348348349,0.03150888077036923,-0.09330854444834111,1.0000601496080286,-0.013030282694369805,-0.0302603463046974,0.097749681342724,0.12882626343017028,0.13148655042447507,0,1,0
8.368368368368369,0.029519570843698877,-0.09946549633351766,0.9997340290735,-0.01630602672643012,-0.028255259797621186,0.10025432535381086,0.12890091591674555,0.13168234029933198,0,1,0
8.388388388388389,0.02741454236698179,-0.10525142383585445,0.9993466338540328,-0.01936976097335915,-0.02611402770033206,0.10706160486445643,0.12906792891757243,0.13190199571207203,0,1,0
8.408408408408409,0.02520142218131724,-0.1106560092832275,0.9989039165252911,-0.02213586643708645,-0.02389273314355927,0.11106472783863892,0.12923341232537325,0.13214055547793857,0,1,0
8.428428428428429,0.02288835576832864,-0.11565332064942999,0.9984120858908719,-0.024591531720955122,-0.021582730829510458,0.11550011570244131,0.129440343999322,0.13240022410069288,0,1,0
8.448448448448449,0.020483717882651083,-0.12023189428387777,0.9978782676142143,-0.026690913832882638,-0.019027660305344304,0.1277535262083075,0.1297944254485334,0.13268373600123876,0,1,0
8.468468468468469,0.017996320419470198,-0.12436987315904426,0.9973121090529077,-0.02830792806532886,-0.016393095507445995,0.13172823989491533,0.13009213648573242,0.132993371774607,0,1,0
8.488488488488489,0.015435944290700797,-0.12801880643847008,0.9967228080382509,-0.029465050732842443,-0.0137040048377775,0.13445453348342476,0.13040481436839313,0.13331622318449707,0,1,0
8.508508508508509,0.01281268478154186,-0.13116297545794678,0.9961199604013292,-0.030142381846082672,-0.010917952008931019,0.13930264144232415,0.1307635378826999,0.1336378742196411,0,1,0
8.528528528528529,0.01013694968641179,-0.1337867547565035,0.9955138029159857,-0.030307874267175773,-0.008141808476775198,0.1388071766077911,0.1310646992328725,0.1339524492309503,0,1,0
8.548548548548549,0.007419561880236281,-0.13586939030877543,0.9949135914065915,-0.030010575469707795,-0.00538295751100793,0.13794254828836333,0.13135545559675252,0.13424677848487868,0,1,0
8.568568568568569,0.004671376421095242,-0.13740927295705196,0.9943280973915826,-0.02927470075044756,-0.002687964003515616,0.13474967537461566,0.131599996466512,0.13451179357434703,0,1,0
8.588588588588589,0.0019031532092458016,-0.138411160592472,0.9937649431483031,-0.028157712163970925,6.617378341806987e-05,0.13770688934668432,0.1319197820566032,0.13475613149591573,0,1,0
8.608608608608609,-0.0008744894215467836,-0.13888213153962925,0.9932325289074874,-0.026620712040788693,0.002789423880356156,0.13616250484690431,0.13219002823877252,0.134990311775263,0,1,0
8.62862862862863,-0.003650730726370393,-0.13881206524118048,0.9927383419174723,-0.024709349500752945,0.005570358545703223,0.13904673326735334,0.13252006717560746,0.1352078583501805,0,1,0
8.64864864864865,-0.006414849154368371,-0.13820592139989887,0.9922904791340689,-0.02239313917017133,0.00847382182584121,0.14517316400689945,0.13291755196579905,0.13542437417239944,0,1,0
8.66866866866867,-0.009155774695680827,-0.1370462770656228,0.9918979906169222,-0.019624425857335377,0.011376412660278603,0.14512954172186954,0.1332548494059208,0.13563498212252112,0,1,0
8.68868868868869,-0.01186190631906016,-0.13530658116896666,0.9915689121394909,-0.01645392387156397,0.014196692560682024,0.1410139950201709,0.1335101033694982,0.13579806611147946,0,1,0
8.70870870870871,-0.014521655932728438,-0.1329874806834139,0.9913093261415407,-0.012979299897514784,0.01694661469080948,0.1374961065063732,0.13372501332560077,0.13589738758723427,0,1,0
8.72872872872873,-0.017123770276582365,-0.13010571719269642,0.9911237435613716,-0.009279129008455147,0.019656786703791264,0.1355086006490887,0.1339259061695681,0.13594544397108457,0,1,0
8.74874874874875,-0.019657214858693504,-0.12667222910555692,0.9910156809692797,-0.00540312960459007,0.022226254211270446,0.12847337537395925,0.13403312789824803,0.13595028716363733,0,1,0
8.76876876876877,-0.0221111753380168,-0.12269802396616468,0.9909865999682234,-0.001454050052816726,0.02467268416007758,0.12232149744035664,0.13409693607429363,0.13588909558142476,0,1,0
8.78878878878879,-0.024475386164154078,-0.118210541306864,0.9910363241077661,0.00248620697713651,0.02691579904717935,0.1121557443550886,0.13406750484191943,0.1357781270538323,0,1,0
8.80880880880881,-0.026740175139373303,-0.1132394487609612,0.991162544587544,0.006311023988899913,0.029003071223305026,0.10436360880628376,0.13401120902391775,0.13560339062840734,0,1,0
8.82882882882883,-0.02889673822544176,-0.10782815430342287,0.9913616086676135,0.009953204003471066,0.03096990752118059,0.09834181489377825,0.13395041926069465,0.13539234831149688,0,1,0
8.84884884884885,-0.030936920275701923,-0.10200910251300807,0.9916292578275154,0.013382457995099425,0.03281432933344326,0.09222109061313254,0.13387638715716182,0.13515960728157003,0,1,0
8.86886886886887,-0.03285312389907472,-0.09581018116863986,0.9919607141549492,0.01657281637168942,0.03461278480145425,0.08992277340055016,0.13383353401801107,0.13489638222572115,0,1,0
8.88888888888889,-0.03463818303890835,-0.08925295699168159,0.9923512111890203,0.019524851703551324,0.03625132953185383,0.08192723651997881,0.13373193359618674,0.13463721163738882,0,1,0
8.90890890890891,-0.03628520402745357,-0.08235104942726082,0.9927951660326256,0.022197742180269847,0.03775141920183346,0.07500448349898134,0.133602990031296,0.13433043019863702,0,1,0
8.92892892892893,-0.03778798523343023,-0.07513906029883287,0.9932858969646139,0.024536546599412287,0.03911382948677622,0.06812051424713769,0.1334537766333204,0.13399616978582207,0,1,0
8.94894894894895,-0.03914091423209849,-0.06764644993341305,0.9938160262414721,0.026506463842915013,0.04031965929696844,0.06029149050961087,0.13327777899034998,0.13364206107716636,0,1,0
8.96896896896897,-0.040338995562494755,-0.05990406651981328,0.9943774990276486,0.028073639308823235,0.04140171609676178,0.054102839989666994,0.13309874909845015,0.13325873844764044,0,1,0
8.98898898898899,-0.041377847705299405,-0.05194260714023257,0.9949618016142799,0.029215129331568338,0.042286841960872124,0.04425629320551761,0.13288243692211665,0.13288248030021726,0,1,0
9.00900900900901,-0.04225367388170368,-0.04379130882021371,0.9955599882846943,0.029909333520718104,0.04305055395934892,0.03818559992383957,0.1326762894399812,0.1324658867239866,0,1,0
9.02902902902903,-0.04296342863939619,-0.03548773788462517,0.9961626957094258,0.030135371236577304,0.04361361151625255,0.028152877845181383,0.13244789523109496,0.1320770411172052,0,1,0
9.04904904904905,-0.04350459836894839,-0.027058486477610263,0.9967606601050274,0.02989821978007798,0.044020539565288744,0.02034640245180962,0.13222402864524507,0.1316654947563614,0,1,0
9.06906906906907,-0.0438754893365507,-0.01854454838011549,0.9973443813130015,0.02918606039870557,0.04431413904349246,0.014679973910186151,0.132026603281206,0.13125173645861968,0,1,0
9.08908908908909,-0.04407494985834028,-0.00997302608947922,0.9979047438469986,0.028018126699851233,0.044396948749148575,0.00414048528280583,0.131816760373574,0.13088996013961968,0,1,0
9.10910910910911,-0.04410227726733935,-0.0013663704499531117,0.9984332370253017,0.026424658915158387,0.044275111447778265,-0.006091865068515374,0.13160703781014496,0.1305308103440249,0,1,0
9.12912912912913,-0.043957588919439024,0.007234417395016211,0.9989214271230852,0.02440950488917394,0.0439550835540629,-0.016001394685768548,0.13141600557222757,0.13019338759407395,0,1,0
9.14914914914915,-0.04364175593021403,0.01579164946124973,0.9993615138208907,0.02200433489027506,0.043420076186736246,-0.026750368366332336,0.13124555265664858,0.12989615154934378,0,1,0
9.16916916916917,-0.04315642795044301,0.024266398988550722,0.9997466297851731,0.019255798214126315,0.042773436847191725,-0.032331966977225554,0.1311244790876409,0.1295886229390408,0,1,0
9.18918918918919,-0.04250403980838267,0.032619407103017486,1.0000705217351848,0.0161945975005881,0.04204254103252888,-0.036544790733142915,0.13105189915173038,0.12931442573832722,0,1,0
9.20920920920921,-0.04168732542397395,0.04083571922043587,1.0003281645355167,0.012882140016591182,0.04110305297319334,-0.0469744029667771,0.13099023596645273,0.12913791409863506,0,1,0
9.22922922922923,-0.040709363653202,0.04889808853859766,1.0005161523119346,0.009399388820899704,0.040082976210202556,-0.051003838149539085,0.13096467775804882,0.1289232876598236,0,1,0
9.24924924924925,-0.03957393170688548,0.056771597315825706,1.000631080251877,0.005746396997121812,0.03885750640525178,-0.06127349024753875,0.1309647161644492,0.128823081606771,0,1,0
9.26926926926927,-0.038285120455968324,0.06444056254585781,1.0006716249670824,0.002027235760271285,0.03755338777874187,-0.06520593132549524,0.1309990702368687,0.12868567695227792,0,1,0
9.28928928928929,-0.036847672338837796,0.0718724058565264,1.0006364470467688,-0.001758896015684287,0.03597601812716497,-0.07886848257884455,0.1310579340979394,0.12871123707096713,0,1,0
9.30930930930931,-0.03526665655860582,0.07905078901159875,1.0005269879717436,-0.0054729537512618566,0.034296777545006756,-0.08396202910791144,0.13115297549637564,0.1286789723675571,0,1,0
9.32932932932933,-0.03354815378395953,0.08592513873231439,1.0003444002914907,-0.009129384012646001,0.03250590537009201,-0.08954360874573687,0.13129310919438042,0.1287088612196522,0,1,0
9.34934934934935,-0.03169860108523545,0.09247763493620408,1.0000914284524272,-0.012648591953173947,0.030637231436216175,-0.09343369669379166,0.1314595811021343,0.12875433599088243,0,1,0
9.36936936936937,-0.02972479814390663,0.09869014706644101,0.99977144111376,-0.01599936693335607,0.028607636337130232,-0.10147975495429723,0.13164977674128053,0.12889082951439768,0,1,0
9.38938938938939,-0.027633820640414933,0.10454887517458486,0.9993895032404122,-0.01909689366739015,0.026419311795462783,-0.10941622708337265,0.13186601114766103,0.12907039647305596,0,1,0
9.40940940940941,-0.025433367180974865,0.11002267297200345,0.9989517081838736,-0.02188975282693155,0.024111170152451927,-0.11540708215054236,0.13211375792983662,0.12927468680910717,0,1,0
9.42942942942943,-0.02313173181118857,0.11508176848931476,0.9984649831730645,-0.024336250540454074,0.021675829441083032,-0.12176703556844477,0.13238702829056992,0.1295276561491223,0,1,0
9.44944944944945,-0.02073773013038987,0.11970008403993507,0.997937347884774,-0.026381764414529246,0.01922754868238719,-0.12241403793479229,0.13267437366299487,0.12973665326341904,0,1,0
9.46946946946947,-0.018260625455410923,0.12385523374894723,0.9973763701303207,-0.028048887722665738,0.016655330312737453,-0.12861091848248704,0.13297101138829484,0.13004269593802478,0,1,0
9.48948948948949,-0.01570978681353638,0.12754193209372705,0.9967911715006187,-0.029259931485098048,0.014013188896521964,-0.13210707081077452,0.13327476631420726,0.13034095177407545,0,1,0
9.50950950950951,-0.013095080346270764,0.13073532336328086,0.9961908492476536,-0.030016112648257553,0.011283178739567185,-0.13650050784773898,0.13358724794215587,0.13067900674950586,0,1,0
9.52952952952953,-0.01042670375716867,0.13341882945510464,0.9955851982273549,-0.03028255101493204,0.008513796464535935,-0.13846911375156232,0.13389913808845577,0.13100484745608953,0,1,0
9.54954954954955,-0.007715213068585768,0.1355745344291451,0.9949838008847455,-0.030069867130472466,0.005667460976705841,-0.1423167743915047,0.1342068165186365,0.13137093562419797,0,1,0
9.56956956956957,-0.00497137998877192,0.1371916539906924,0.9943967461648785,-0.02935273599335152,0.0027680088256882784,-0.14497260755087818,0.13450820645203468,0.13173736280856913,0,1,0
9.58958958958959,-0.0022063768480756383,0.13825015703481408,0.9938340069020936,-0.028136963139247073,-7.664575109337416e-05,-0.14223272883908264,0.13478845012118917,0.1320307082525976,0,1,0
9.60960960960961,0.0005684071188034219,0.138739198343953,0.9933041289164524,-0.026493899282057837,-0.0029026859651379434,-0.14130201070222848,0.13503223490920974,0.13232640151485986,0,1,0
9.62962962962963,0.003341723167459605,0.13866580243280915,0.992815119606941,-0.024450465475568225,-0.005662917656225343,-0.13801158455436993,0.13524197411499123,0.13257314253682437,0,1,0
9.64964964964965,0.006102410267650314,0.13803435500953545,0.9923737249404369,-0.022069733325209645,-0.008428705051990445,-0.1382893697882552,0.13541938269304757,0.13285041873339182,0,1,0
9.66966966966967,0.008839471527012793,0.13685306296812397,0.9919866339763709,-0.019354548203300237,-0.01110718948449255,-0.1339242216251052,0.13557110829949348,0.13305856487292325,0,1,0
9.68968968968969,0.011541961718602386,0.1351245095794796,0.9916591005099452,-0.016376673321281874,-0.013829481892890145,-0.13611462041987962,0.13568758027405767,0.13333443375791654,0,1,0
9.70970970970971,0.014199189030203445,0.132861365580053,0.9913968325194545,-0.01311339952453118,-0.01652952406432313,-0.1350021085716493,0.13579162079798235,0.13357691300154248,0,1,0
9.72972972972973,0.016800231008802416,0.13005209892994848,0.9912048278656838,-0.00960023268853754,-0.019092137608465107,-0.1281306772070987,0.13585566392011839,0.13371973965632247,0,1,0
9.74974974974975,0.019334341166918758,0.12670550790581714,0.9910859873159542,-0.0059420274864786515,-0.02160345430011463,-0.1255658345824761,0.13585513338103344,0.13386731636050972,0,1,0
9.76976976976977,0.021791332088266148,0.12284954606736952,0.991042306662634,-0.002184032666006732,-0.02411126285800581,-0.12539042789455937,0.1358221843361866,0.1340324771201708,0,1,0
9.78978978978979,0.02416115778426005,0.118491284799695,0.9910755399659624,0.0016616651664218551,-0.02651292405991986,-0.12008306009570219,0.13576530868999637,0.1341245394694631,0,1,0
9.80980980980981,0.026433830571501782,0.11363363936208666,0.9911859792148319,0.005521962443474488,-0.028781167650057185,-0.11341217950686605,0.1356500973041533,0.13415256238368264,0,1,0
9.82982982982983,0.02859984557829636,0.10830075033972901,0.9913720901430642,0.009305546411615573,-0.030916959529304434,-0.10678959396236296,0.135477789201731,0.13413464777664738,0,1,0
9.84984984984985,0.030650248518897638,0.10252014703006387,0.9916308051779484,0.012935751744213854,-0.03284910075260354,-0.09660706116495599,0.1352627125131478,0.13403513299233,0,1,0
9.86986986986987,0.03257676068148011,0.09632560812912377,0.9919572113306862,0.016320307636883004,-0.03468431724267458,-0.09176082450355134,0.13498269670902036,0.13394727266550518,0,1,0
9.88988988988989,0.03437188467309874,0.08975619958093158,0.9923456157971292,0.019420223322151736,-0.03632239880912427,-0.08190407832248495,0.13469739460270086,0.13379695218395013,0,1,0
9.90990990990991,0.03602863135020793,0.08283733385545937,0.9927893219432273,0.02218530730490882,-0.037836129389599085,-0.07568652902374048,0.1343595273157425,0.13364651583103151,0,1,0
9.92992992992993,0.0375407955536686,0.07560821017303342,0.9932808691288041,0.02457735927883635,-0.039159083999779666,-0.06614773050902889,0.13401868391714783,0.1334554517620981,0,1,0
9.94994994994995,0.03890276946260561,0.0680986954468506,0.9938121600800792,0.02656454756375386,-0.040362953752429494,-0.06019348763249115,0.13363645989788223,0.13327365185314166,0,1,0
9.96996996996997,0.04010974202671837,0.060348628205637876,0.9943746435261542,0.028124172303748914,-0.041479241803422544,-0.05581440254965301,0.13324453153250387,0.1331103776229618,0,1,0
9.98998998998999,0.04115736587699966,0.05238119251406467,0.9949599117153153,0.02926340945805126,-0.042473117472811364,-0.049693783469440235,0.13285697577033442,0.13293637870727756,0,1,0
10.01001001001001,0.042041618551589735,0.04421263372950375,0.995559472272941,0.029978027881285358,-0.04323834416017858,-0.03826133436836066,0.13248103190001045,0.13270677816714468,0,1,0
10.03003003003003,0.042759080515081795,0.03587309817460284,0.9961641980330188,0.030236288003891238,-0.043868310676116275,-0.03149832579688476,0.1320534327950373,0.13248517038461,0,1,0
10.05005005005005,0.04330721442280082,0.027406695385951307,0.9967643513049148,0.03000766359480114,-0.04429530100627018,-0.021349516507695218,0.13165677538196247,0.13225063309270443,0,1,0
10.07007007007007,0.043684048769481336,0.018841717334025974,0.9973504825575867,0.029306562633597915,-0.044553039042458,-0.012886901809390805,0.13124718551058978,0.13202211594313684,0,1,0
10.09009009009009,0.04388835025878842,0.010215074465354386,0.997913074059085,0.02812957507491294,-0.04452742346323177,0.0012807789613114157,0.13089614196514643,0.1317718672843162,0,1,0
10.11011011011011,0.04391959818115593,0.0015623961183751818,0.9984431819735946,0.02650539572548138,-0.04430506281544596,0.011118032389290305,0.13052234475704955,0.13154498479991122,0,1,0
10.13013013013013,0.04377842914940969,-0.007058451587312116,0.9989319206014929,0.024436931394917077,-0.0440400345817486,0.013251411684868715,0.13012649616941951,0.13139374411945215,0,1,0
10.15015015015015,0.04346612122744233,-0.01561539609836775,0.9993712312025232,0.021965530051515365,-0.043646127613599,0.019695348407479975,0.1298141087008012,0.131271468887419,0,1,0
10.17017017017017,0.04298403461477914,-0.024104330633159386,0.999754725915433,0.019174735645488855,-0.04306970697061319,0.02882103214928975,0.12954513506003668,0.1311528168864402,0,1,0
10.19019019019019,0.042334022713042575,-0.032500595086828364,1.0000767343852357,0.016100423490129155,-0.04234648386220099,0.03616115542061069,0.1292852873744106,0.13105909867876178,0,1,0
10.21021021021021,0.041518611175770284,-0.0407705768636147,1.0003321199513995,0.012769278308190773,-0.041490444197540464,0.04280198323302551,0.12905582185268558,0.1309985648858353,0,1,0
10.23023023023023,0.040540801284414216,-0.04889049456780325,1.0005167092746856,0.009229466164302211,-0.04042948734772806,0.053047842490620827,0.12890177591485644,0.13095771619528565,0,1,0
10.25025025025025,0.03940406068204548,-0.056837030118436674,1.0006277557198826,0.005552322259846107,-0.03917509047479993,0.06271984364640643,0.12878129240974912,0.1309446653766987,0,1,0
10.27027027027027,0.038112621080583296,-0.06457198007310921,1.0006634498690343,0.001784707457585378,-0.03777797877638594,0.06985558492069956,0.12868343954964212,0.1309747794661426,0,1,0
10.29029029029029,0.03667140858195783,-0.07206062493127308,1.0006229810160687,-0.0020234426482794534,-0.03625927514728424,0.07593518145508393,0.12862332330184104,0.1310458082875055,0,1,0
10.31031031031031,0.035085831989087976,-0.07927882964349289,1.0005067174503788,-0.005813178284501828,-0.034599858115910945,0.08297085156866578,0.1286190138683226,0.13114897066454176,0,1,0
10.33033033033033,0.033361700249784035,-0.08620658696519691,1.0003163389247782,-0.009518926280026863,-0.03275920205522425,0.09203280303433437,0.12868498240202592,0.13128143551508964,0,1,0
10.35035035035035,0.03150534839480234,-0.09281759274908483,1.0000550096438927,-0.013066464044272513,-0.03078911114123105,0.09850454569966013,0.12876849243969068,0.131448828885379,0,1,0
10.37037037037037,0.02952379952392669,-0.0990774435437825,0.9997266834105519,-0.016416311667040506,-0.028737400542110398,0.1025855299560327,0.1288685067355527,0.13165024085742952,0,1,0
10.39039039039039,0.027424506819278133,-0.10496463523242791,0.999336064961679,-0.019530922443645987,-0.026521591081986328,0.11079047300620352,0.12906212495546052,0.13187649168247947,0,1,0
10.41041041041041,0.025215268204684206,-0.1104619307296964,0.9988896076611826,-0.022322865024820563,-0.024233318819932875,0.11441361310267258,0.12923630243089243,0.132125494053517,0,1,0
10.43043043043043,0.022904480651187664,-0.11553937767482711,0.9983938152734102,-0.024789619388623126,-0.021813125733588522,0.1210096543172177,0.12948887293605565,0.13239805683178207,0,1,0
10.45045045045045,0.020500848269683694,-0.12018161907519848,0.9978566900929166,-0.02685625902468197,-0.01931176262819364,0.12506815526974405,0.12974274719889875,0.132686244604591,0,1,0
10.47047047047047,0.018013598469800378,-0.12436248999416585,0.9972864769240921,-0.028510658441220842,-0.01672977875946547,0.12909919343640833,0.13002761374338306,0.13298835465245407,0,1,0
10.49049049049049,0.015452280405439512,-0.12806590321804326,0.9966920700483536,-0.02972034378692635,-0.014041009819904877,0.13443844697802973,0.13035856080060804,0.13329996423723728,0,1,0
10.51051051051051,0.012826812788967057,-0.1312733808236228,0.9960831687844627,-0.03044506319454605,-0.011295740590082958,0.13726346149109583,0.13068322822897446,0.13361766564800953,0,1,0
10.53053053053053,0.010147569896515825,-0.1339621446225616,0.995469450347981,-0.03068592182408861,-0.00851095116735418,0.13923947113643909,0.13101269433201687,0.13393264010428452,0,1,0
10.55055055055055,0.007425192060018686,-0.13611889182485698,0.994860597569735,-0.030442638912299706,-0.00569633017164741,0.1407310497853385,0.13134387969545147,0.13423711015294504,0,1,0
10.57057057057057,0.004670515511361073,-0.13773382743288062,0.9942661354737955,-0.02972310479697392,-0.002845548833312342,0.14253906691675333,0.13168588026570854,0.1345290595383283,0,1,0
10.59059059059059,0.001894540494812894,-0.13879875082740897,0.9936955344255733,-0.028530052411110375,4.14346973407374e-05,0.14434917653265397,0.13203515978130467,0.13480778995571904,0,1,0
10.61061061061061,-0.0008915380510165758,-0.13930392729147348,0.9931581462574148,-0.02686940840792334,0.0029511446147313,0.14548549586952816,0.1323801487996607,0.13507003630980632,0,1,0
10.63063063063063,-0.003676339873624812,-0.1392400911304118,0.9926629830504399,-0.02475816034875062,0.0058818040996738334,0.1465329742471266,0.13272346318025804,0.13531055268783132,0,1,0
10.65065065065065,-0.0064482611988018,-0.13859606625884938,0.9922186768609568,-0.022215309474156508,0.00865777893715789,0.13879874187420274,0.1329280992979443,0.13551099039331344,0,1,0
10.67067067067067,-0.009195718105035616,-0.13737284531169078,0.9918311772832714,-0.019374978884270547,0.011446130754577937,0.13941759087100236,0.13319761876809785,0.1356538607655804,0,1,0
10.69069069069069,-0.011907656635360177,-0.135596926516228,0.9915065133119288,-0.01623319856712703,0.014219694831669771,0.13867820385459184,0.13345030412848277,0.1357767047853216,0,1,0
10.71071071071071,-0.014572936935559404,-0.13326401500996138,0.9912501363459921,-0.012818848296833637,0.01693112513039989,0.13557151493650596,0.13365977610054644,0.13586891547219707,0,1,0
10.73073073073073,-0.01718047246639341,-0.1303767765417002,0.9910663733462592,-0.009188149986642741,0.01956088587599699,0.13148803727985484,0.13382619183807448,0.13591488978044683,0,1,0
10.75075075075075,-0.019719402001379015,-0.1269464767492804,0.9909582017561339,-0.005408579506266777,0.022046449518935626,0.1242781821469317,0.13391474194815944,0.13591086681657194,0,1,0
10.77077077077077,-0.022179269199460883,-0.12299335990409344,0.9909266818542991,-0.0015759950917418166,0.024457971895810133,0.12057611884372532,0.13400231696359452,0.13584802048957453,0,1,0
10.79079079079079,-0.024550204671745013,-0.11854677361420647,0.9909719732158625,0.0022645680781720407,0.026813469415068934,0.11777487596293965,0.13408562916551583,0.1357532917459789,0,1,0
10.81081081081081,-0.026822626654774317,-0.11362109915146519,0.9910936826091332,0.006085469663534822,0.029070268327601956,0.11283994562665127,0.13412729971099474,0.1356295340567277,0,1,0
10.83083083083083,-0.02898720185864996,-0.10822876019378223,0.9912903529965079,0.00983351936873669,0.031186410369615145,0.10580710210066002,0.1341097875209486,0.13546223751195371,0,1,0
10.85085085085085,-0.03103507136944875,-0.10239347553993947,0.9915589956508948,0.013432132719341504,0.03318910205045214,0.1001345840418493,0.13406720530857316,0.13524187195968349,0,1,0
10.87087087087087,-0.032957956365874994,-0.09614424982131203,0.9918954623634979,0.01682333563015444,0.035025719145347696,0.09183085474477791,0.13396772325021986,0.1349896254147679,0,1,0
10.89089089089089,-0.03474814296279865,-0.08950932984618282,0.9922942880654912,0.01994128509966851,0.03676369216148202,0.08689865080671688,0.1338676130095106,0.13468440302121695,0,1,0
10.91091091091091,-0.0363985516834018,-0.08252043603015771,0.9927492219590374,0.022746694677307732,0.038284646980637,0.07604774095774865,0.13369226783198374,0.1343739453860341,0,1,0
10.93093093093093,-0.037902656795131766,-0.07520525558649824,0.9932528236840004,0.025180086248148114,0.039709636211071625,0.07124946152173074,0.13353361467610217,0.1339966489905818,0,1,0
10.95095095095095,-0.0392547636385371,-0.06760534217026697,0.993796932463194,0.02720543895968169,0.04093511623498349,0.06127400119559349,0.13332805965600872,0.13363353980801268,0,1,0
10.97097097097097,-0.04044962619598064,-0.05974312787217657,0.9943729100901857,0.028798881349582896,0.0419555820324337,0.05102328987251019,0.13308819628092788,0.13323934790008207,0,1,0
10.99099099099099,-0.04148284538604273,-0.05166095950310479,0.9949711756426715,0.029913277624290233,0.042761074879533664,0.04027464235499882,0.1328272841557465,0.1328318617719756,0,1,0
11.01101101101101,-0.042350940893234,-0.04340477535956335,0.9955816688128888,0.030524658510868916,0.04347828939728734,0.03586072588768354,0.13261172403232183,0.1323860809733016,0,1,0
11.03103103103103,-0.04305122262733082,-0.035014086704841074,0.9961944666707363,0.030639892892377656,0.04403513707913761,0.027842384092512988,0.13239664674423968,0.131983529418027,0,1,0
11.05105105105105,-0.0435813282297593,-0.026505280121423856,0.9968003064315714,0.03029198804175248,0.0443835307678255,0.017419684434395448,0.13216158151312352,0.13159383423511126,0,1,0
11.07107107107107,-0.04393958051885537,-0.017912614454803535,0.9973898459537207,0.029476976107468935,0.04458115267664887,0.009881095441168105,0.13194358717484317,0.13118675125473633,0,1,0
11.09109109109109,-0.0441250942205672,-0.009275685085591517,0.997953773787482,0.028196391688062195,0.04459975865611912,0.0009302989735120743,0.13173691465522203,0.13081157454564835,0,1,0
11.11111111111111,-0.04413759126309738,-0.000624852126508875,0.9984834442520979,0.026483523230798327,0.04451145179774089,-0.004415342918911294,0.13156371130222183,0.13042523252046326,0,1,0
11.13113113113113,-0.04397739995099857,0.008009565604940299,0.9989705728036463,0.02435642757742357,0.04420577682694795,-0.015283748539646647,0.13139103930850962,0.13011434700576666,0,1,0
11.15115115115115,-0.04364527911130415,0.016606041984721258,0.9994080179889862,0.021872259266993915,0.04376063952457094,-0.022256865118850486,0.13124373380885537,0.12978519620130677,0,1,0
11.17117117117117,-0.043142769334863704,0.025125488822022243,0.9997887806055362,0.019038130827505516,0.04311882928438729,-0.03209051200918303,0.1311180996761054,0.1295210422138593,0,1,0
11.19119119119119,-0.042471891219902407,0.03354390574806481,1.0001071672305675,0.015919331251560538,0.04226294047993956,-0.042794440222385995,0.13101117975151075,0.12929750081605318,0,1,0
11.21121121121121,-0.04163543999129818,0.04182256143021134,1.0003583943112453,0.012561354033890935,0.041308892310605305,-0.047702408466712094,0.1309540017524618,0.12905744052687665,0,1,0
11.23123123123123,-0.040636907704537144,0.04992661433805164,1.0005382031152443,0.008990440199948055,0.04012679132497708,-0.059105049281411776,0.13092284113689404,0.12893645196311793,0,1,0
11.25125125125125,-0.039480146678678114,0.05783805129295155,1.0006444950227027,0.005314595372919979,0.038813707036273765,-0.06565421443516595,0.13092698166464373,0.12880076560906828,0,1,0
11.27127127127127,-0.03816984673009388,0.06551499742921178,1.000675508023419,0.001550650035819938,0.03738259089442418,-0.07155580709247898,0.13097603607341896,0.1287107687961252,0,1,0
11.29129129129129,-0.03671110987307395,0.0729368428509964,1.000630835392126,-0.0022336315646570254,0.03577996059673119,-0.08013151488464947,0.1310534614047799,0.12869524681573885,0,1,0
11.31131131131131,-0.035109483701719686,0.08008130856771321,1.0005116032850847,-0.0059616053520683745,0.03408588029345869,-0.08470401516362569,0.1311655482764341,0.128674901321791,0,1,0
11.33133133133133,-0.0333711354306237,0.08691741355479944,1.0003193955150038,-0.009610388504049503,0.032296133698393646,-0.08948732975325213,0.1313111336801877,0.12870069668154094,0,1,0
11.35135135135135,-0.031502525055254624,0.09343051876845387,1.0000569773445152,-0.013120908524427849,0.030370778508986788,-0.0962677594703426,0.13147981093776887,0.12878796345497098,0,1,0
11.37137137137137,-0.029510434039781687,0.09960455077364687,0.9997283673415515,-0.01643050014818259,0.028270304070104654,-0.10502372194410703,0.13167460835355327,0.12894381318426254,0,1,0
11.391391391391391,-0.027402174727430607,0.10541296561755403,0.9993389904588976,-0.01946884413269436,0.026059136695888583,-0.11055836871080321,0.1319006702795768,0.12910703743885263,0,1,0
11.411411411411411,-0.025185753106566882,0.11082108104318629,0.9988948493490976,-0.022207055490002178,0.02380672073707006,-0.11262079794092623,0.13215213348905586,0.12926447087228002,0,1,0
11.431431431431431,-0.022869595129179167,0.11580789886938585,0.9984022319159295,-0.024630871658403438,0.021507846796905376,-0.11494369700823436,0.13241516972995793,0.1294487147451412,0,1,0
11.451451451451451,-0.020462257242569785,0.12036689433046911,0.9978679801271836,-0.026712589437294265,0.019086146395106425,-0.1210850200899477,0.13268824215755823,0.12970819576694778,0,1,0
11.471471471471471,-0.01797252325577554,0.12448669933971224,0.9973001838882355,-0.028389811947405925,0.01660147179270834,-0.12423373011990398,0.13297465963790472,0.12996036911985953,0,1,0
11.491491491491491,-0.015409665521273465,0.12814288672510374,0.9967070119321916,-0.029658597802194916,0.01404927842786355,-0.12760966824223965,0.13327173561470604,0.13024288801973632,0,1,0
11.511511511511511,-0.012783207926155038,0.13132287975592138,0.9960972223611136,-0.03048947855389448,0.01139603038884193,-0.13266240195108092,0.1335760477945351,0.1305737529844459,0,1,0
11.531531531531531,-0.010102979036315251,0.13401144449198935,0.9954803769673715,-0.03084226968710958,0.008658435497584284,-0.13687974456288238,0.13388829899916987,0.13092318915216575,0,1,0
11.551551551551551,-0.007379263624636421,0.1361857705839415,0.9948664099864961,-0.03069834904376882,0.005892242523751981,-0.13830964869161516,0.13419876018356267,0.13125462006322017,0,1,0
11.571571571571571,-0.004622702420865314,0.13782806018855534,0.994264938264693,-0.03007358609015506,0.0030814313263840135,-0.1405405598683983,0.1344973645921692,0.13160373331071115,0,1,0
11.591591591591591,-0.0018440774569386705,0.13893124819633218,0.9936856365961912,-0.028965083425088696,0.00018910810049240347,-0.1446161612945805,0.13478661710309536,0.13198968911479517,0,1,0
11.611611611611611,0.0009455676457627393,0.13948225513507048,0.9931385577376031,-0.027353942929411477,-0.0027207920159875985,-0.14549500582400007,0.1350638819097206,0.13234479781835284,0,1,0
11.631631631631631,0.0037348356512001556,0.13946340027187082,0.9926330888782231,-0.025273442968999756,-0.005648762092766227,-0.1463985038389314,0.13531526864731372,0.13269516827039832,0,1,0
11.651651651651651,0.006512190910372705,0.13886776295862746,0.9921781303139048,-0.022747928215917344,-0.008548267607918363,-0.14497527575760696,0.13553348731519677,0.13300219613398365,0,1,0
11.671671671671671,0.009265979071211534,0.13768940804194146,0.9917814147003031,-0.019835780680083903,-0.011378082306334124,-0.14149073492078804,0.13570676885725186,0.13325450489557622,0,1,0
11.691691691691691,0.011984640589768909,0.13593307592786874,0.991449164967077,-0.01661248666130727,-0.014131634548896722,-0.13767761212812984,0.13582889798001324,0.13346665738644842,0,1,0
11.711711711711711,0.014656919100276345,0.13361392552537185,0.9911862207738701,-0.013147209660346701,-0.01688124295397261,-0.13748042025379445,0.13590841050931296,0.133700976895344,0,1,0
11.731731731731731,0.017271763269465758,0.1307422084594707,0.9909970909056722,-0.009456493409892103,-0.019501543945355047,-0.1310150495691217,0.13595730082235552,0.13383995873425422,0,1,0
11.751751751751751,0.019818238780984,0.12732377557591226,0.9908843879641198,-0.005635147077620813,-0.022100222523983533,-0.1299339289314245,0.1359477708650406,0.13400562085630252,0,1,0
11.771771771771771,0.02228585640036642,0.12338088096912084,0.99085023406452,-0.001707694979988796,-0.024589813564725484,-0.12447955203709746,0.13591088049916283,0.13410407865991644,0,1,0
11.791791791791791,0.024664249117709678,0.11891963586716293,0.99089532492806,0.0022545431769991605,-0.026945823828222956,-0.1178005131748735,0.13581978890286317,0.13414441854836162,0,1,0
11.811811811811811,0.02694354477375406,0.11396478280221906,0.9910186764349951,0.006167575346757313,-0.029188311119487113,-0.1121243645632079,0.13567418273295706,0.13415471692679762,0,1,0
11.831831831831831,0.02911442826819888,0.10854417472224105,0.9912180419752759,0.009968277014038,-0.03128899129252032,-0.1050340086516608,0.13548898616035596,0.1341179080848477,0,1,0
11.851851851851851,0.031168108825018193,0.10268402784096556,0.9914898824131874,0.013592021895576463,-0.03327028635861473,-0.09906475330471996,0.1352577050964298,0.1340594947779839,0,1,0
11.871871871871871,0.03309636180829163,0.09641264916367212,0.9918296544026322,0.016988599472241992,-0.035046632233610514,-0.08881729374978921,0.1350005444921303,0.13392699049934104,0,1,0
11.891891891891891,0.03489159832986612,0.08976182607872445,0.9922313331945755,0.02008393959716701,-0.03674764055423695,-0.08505041603132157,0.13467984423715773,0.13382248160599958,0,1,0
11.911911911911911,0.03654699971975267,0.0827700694943273,0.9926883815646488,0.022852418503668218,-0.038264341042447934,-0.07583502441054865,0.13436709307461508,0.13366397094837532,0,1,0
11.931931931931931,0.038056160349771315,0.07545803150093223,0.9931935797313975,0.02525990833744101,-0.039664008739440405,-0.06998338484962367,0.13400405094966847,0.13350439083427776,0,1,0
11.951951951951951,0.039413404919319765,0.0678622284774225,0.9937389649814778,0.027269262504013257,-0.0408732338782785,-0.060461256941904504,0.13364175490551244,0.13330329733823917,0,1,0
11.971971971971971,0.040613597998282736,0.060009653948148625,0.9943159812880082,0.028850815326521492,-0.04190914357247686,-0.0517954847099186,0.13324720354042424,0.1330828321625385,0,1,0
11.991991991991991,0.04165246189456207,0.05194319481396698,0.9949153323851262,0.029967554855898765,-0.042878234271225196,-0.048454534937416895,0.13281663288435538,0.1329008041481496,0,1,0
12.012012012012011,0.04252627257107299,0.043690533825546024,0.9955277815752553,0.030622459506456173,-0.04354229813032075,-0.03320319295477747,0.13245769668511495,0.1326372188146349,0,1,0
12.032032032032031,0.04323174265180804,0.03527350403675249,0.996143953115564,0.030808577015433707,-0.04407210049383123,-0.026490118175523856,0.13201337409870686,0.13239421195767725,0,1,0
12.052052052052051,0.043766723191077196,0.026749026963457875,0.996753561341643,0.030480411303947356,-0.04433230502246805,-0.013010226431840972,0.13163691322261728,0.13212853325500676,0,1,0
12.072072072072071,0.0441296930485863,0.018148492875455273,0.9973470114273517,0.02967250428544011,-0.04449007777329604,-0.007888637541399929,0.13120269740760984,0.13190895855806947,0,1,0
12.092092092092091,0.04432015612875263,0.009523154008316641,0.9979145821742775,0.028378537346292837,-0.044547842740523445,-0.0028882483613705363,0.13080781106052233,0.1317325741167607,0,1,0
12.112112112112111,0.0443379366614086,0.0008890266327984033,0.998447791382582,0.02666046041522358,-0.04445078237316216,0.0048530183680645395,0.13045546044692666,0.13156313087882968,0,1,0
12.132132132132131,0.04418319771814684,-0.007736947163088207,0.9989389064430815,0.024555753024975438,-0.044136206383514794,0.015728799482368327,0.13014297290527638,0.13138741660261785,0,1,0
12.152152152152151,0.04385671980089907,-0.016323895862388388,0.9993807186406808,0.02209060987996787,-0.04365438803849294,0.024090917251092206,0.12982842418175458,0.13123434888042415,0,1,0
12.172172172172171,0.04336010604070011,-0.024830688009948004,0.9997663610394765,0.019282119939783644,-0.043030377604669434,0.031200521691175813,0.12953951256344629,0.1311172810052927,0,1,0
12.192192192192191,0.04269553219634157,-0.033228692217926986,1.000089906630187,0.016177279535520964,-0.04222656724399499,0.040190518033722145,0.12930580359757723,0.13102407013602382,0,1,0
12.212212212212211,0.041865689788998,-0.04149212036717812,1.0003466210472576,0.012835720853531928,-0.04127705732386119,0.04747549600668995,0.1290903240179955,0.13096252136300232,0,1,0
12.232232232232231,0.040873914883105836,-0.049588745294608313,1.0005325359373338,0.00929574450381362,-0.04018546626136808,0.05457955312465522,0.12891586379323747,0.130936285844863,0,1,0
12.252252252252251,0.03972402797592153,-0.057494345359214986,1.000644833251264,0.0056148656965081525,-0.03891620281084439,0.06346317252618419,0.12880236705278306,0.13093781278977504,0,1,0
12.272272272272271,0.0384203547777608,-0.06518365990803665,1.0006820266323257,0.0018596690530818098,-0.03749377320626378,0.0711214802290312,0.12871866316002742,0.13097284942650161,0,1,0
12.292292292292291,0.03696786393074262,-0.07262454235090883,1.0006435887510408,-0.0019218940642485752,-0.03593957973559243,0.0777096735335666,0.12867091632361766,0.13104617900312168,0,1,0
12.312312312312311,0.03537204848803923,-0.07979077213516947,1.000530107370038,-0.005674069050138241,-0.0342315098614325,0.08540349370799648,0.1286826749591381,0.1311522179548036,0,1,0
12.332332332332332,0.03363885566144569,-0.08665964132967675,1.0003435460285217,-0.00932806707581381,-0.032359432580963014,0.09360386402347484,0.12874742838038383,0.1312896051435805,0,1,0
12.352352352352352,0.0317748381901853,-0.09320087356301972,1.0000871282897934,-0.012820886936414817,-0.030427392863515694,0.09660198587236535,0.12879385200621354,0.13146278085298116,0,1,0
12.372372372372372,0.029787120559465356,-0.09938588153599705,0.9997643458564097,-0.01613912166918577,-0.028375432337663483,0.10259802629261018,0.12891803774473543,0.13166320761327027,0,1,0
12.392392392392392,0.027683031113735265,-0.10520447228650465,0.9993802393961737,-0.019205323011798774,-0.026197910175324274,0.1088761081169603,0.1290818332375035,0.1318838533018809,0,1,0
12.412412412412412,0.025470372195513152,-0.11063294591110567,0.9989407349114786,-0.021975224234755696,-0.023936899434160684,0.11305053705817966,0.12925841500840363,0.13212884634780467,0,1,0
12.432432432432432,0.023157436084127656,-0.11564680556927473,0.9984523055002914,-0.024421470559359292,-0.021614498815238976,0.11612003094608563,0.12945291787204327,0.13239188901658777,0,1,0
12.452452452452452,0.02075278389888827,-0.12023260926196931,0.9979219471288975,-0.026517918569697572,-0.019118104148812272,0.12481973332133532,0.12975587877398084,0.13267211703311088,0,1,0
12.472472472472472,0.01826529175818762,-0.12437460703503246,0.9973585027838365,-0.028172217253048155,-0.016572854141168412,0.1272625003821931,0.13001441072721534,0.13296872517732636,0,1,0
12.492492492492492,0.015704493178253842,-0.1280399289966888,0.9967703929121035,-0.029405493586655423,-0.013922409678352492,0.1325222231407959,0.13034029307699585,0.1332782711878178,0,1,0
12.512512512512512,0.013080157121077064,-0.13121680285883888,0.9961672069281131,-0.03015929919951642,-0.011197995539421416,0.1362207069465539,0.13067131223572137,0.13359251164572697,0,1,0
12.532532532532532,0.0104025292379196,-0.13388139415787317,0.9955586611323501,-0.030427289788148217,-0.008466867959812012,0.13655637898047013,0.1309735444560454,0.13390365715107796,0,1,0
12.552552552552552,0.007682144438994635,-0.13601923994624823,0.9949539759977505,-0.03023425672998096,-0.005665512651221244,0.14006776542953855,0.13132544289198247,0.13420500743507383,0,1,0
12.572572572572572,0.004929655448133285,-0.13762444954306752,0.9943629343110022,-0.02955208433741576,-0.002867427687388721,0.13990424819162608,0.1316374148987494,0.13449468729333403,0,1,0
12.592592592592592,0.002155989903718828,-0.13868327722072282,0.9937945271582528,-0.028420357637468505,-9.468054559422067e-06,0.1428979816414649,0.1319947612004978,0.13476949336727403,0,1,0
12.612612612612612,-0.0006278386084269936,-0.13919142560729109,0.9932581667889374,-0.02681801846576962,0.0028272377515966983,0.141835290307806,0.13230236241840718,0.13502704947318941,0,1,0
12.632632632632632,-0.003410576717278745,-0.13913690544258756,0.9927622421511718,-0.024796231888277547,0.0056831120395607875,0.1427937143982044,0.13262806515117553,0.135257751104899,0,1,0
12.652652652652652,-0.006181017702117339,-0.1385220492419297,0.9923149804113991,-0.022363086988636174,0.008581185171650477,0.14490365660448443,0.1329702731962474,0.13546774800125752,0,1,0
12.672672672672672,-0.008927790089439142,-0.13733861936609015,0.9919245140232626,-0.019523319406820422,0.011433764186153189,0.14262895072513537,0.13325093714925199,0.13565233096096263,0,1,0
12.692692692692692,-0.011639370623031938,-0.1355790266796398,0.9915976530809202,-0.01634304711712417,0.014281141267380521,0.14236885406136643,0.13353290050541272,0.13579298772974385,0,1,0
12.712712712712712,-0.014304324899531706,-0.13324771382498846,0.9913405444913261,-0.01285542947970393,0.017012010057073174,0.13654343948463307,0.1337184356365796,0.1358922175941598,0,1,0
12.732732732732732,-0.016911283331677924,-0.13034792160731085,0.9911572604945824,-0.009164199837184795,0.01965492678560858,0.13214583642677014,0.1338726710040687,0.13592818843147697,0,1,0
12.752752752752752,-0.019449299583428233,-0.1269008125875155,0.9910504478911418,-0.005340630172028565,0.022130879822282862,0.12379765183371416,0.13393669413063175,0.13591349916981824,0,1,0
12.772772772772772,-0.02190785680507963,-0.12292786108257002,0.9910206437504417,-0.001490207035003277,0.024491020882996553,0.11800705303568453,0.13398126213315262,0.13583647975201807,0,1,0
12.792792792792792,-0.024277119026423072,-0.11846311106717207,0.9910671606390178,0.002325844428803682,0.02673282539869725,0.11209022578503482,0.133997967589435,0.13572172911304406,0,1,0
12.812812812812812,-0.026547752856315558,-0.11353169149462428,0.991188326571238,0.006058296611013175,0.028870828147587745,0.10690013744452423,0.13399973468243137,0.13557108395427192,0,1,0
12.832832832832834,-0.028710956622155604,-0.1081601882920024,0.9913817073300533,0.009669037940760695,0.030963259437509483,0.10462156449608712,0.13402082143647429,0.13538787656193876,0,1,0
12.852852852852854,-0.03075831455820864,-0.10236789680265193,0.9916446647761672,0.01314787230569756,0.03294206242243257,0.09894014924615421,0.133998388148475,0.1351912331715246,0,1,0
12.872872872872874,-0.03268161568066355,-0.09616505612274562,0.991973705073094,0.016452014846342265,0.03473677126284012,0.08973544202037763,0.13390116094421528,0.134957276993726,0,1,0
12.892892892892894,-0.034473245515602435,-0.08958149174694406,0.992363672352245,0.019498363957547796,0.03645065503508435,0.08569418861221065,0.13381546523694235,0.13465959202408057,0,1,0
12.912912912912914,-0.0361262859087797,-0.08265201965886317,0.9928086484719318,0.022248805984343558,0.037969222460905484,0.07592837129105676,0.1336627721616545,0.1343610401114766,0,1,0
12.932932932932934,-0.03763427032653,-0.07539922088751505,0.9933017101773036,0.024653085268587886,0.03937134813302091,0.07010628360577176,0.13350798628745822,0.13400411862138925,0,1,0
12.952952952952954,-0.0389915051106283,-0.06786173920491494,0.9938350577652763,0.026667379398628958,0.04057967634858483,0.06041641077819551,0.13330887223087365,0.13364782204922226,0,1,0
12.972972972972974,-0.04019285598599126,-0.060067543768148046,0.9944002544763929,0.028259835555833744,0.04164930490961315,0.053481428051415744,0.13310691796422244,0.13325014551828404,0,1,0
12.992992992992994,-0.041233967428373125,-0.052055572119093244,0.9949882332191793,0.029398937139321558,0.042536771805256085,0.04437334478214773,0.13288397518715925,0.1328567124167679,0,1,0
13.013013013013014,-0.04211109376661026,-0.04385631691185657,0.9955896969314206,0.030073185612067642,0.04328077893735334,0.037200356604861845,0.1326645361328425,0.13244025413836133,0,1,0
13.033033033033034,-0.04282118036504783,-0.03550432992187871,0.9961950864093339,0.030269473895662112,0.04379186052856639,0.025554079560652025,0.13241478921073127,0.1320522727310717,0,1,0
13.053053053053054,-0.04336181263205401,-0.027031613350308868,0.9967948373293389,0.029987546000254453,0.044143852075422825,0.017599577342822456,0.13217877543746726,0.1316335710870988,0,1,0
13.073073073073074,-0.043731481071997896,-0.01848342199719418,0.9973791723517342,0.02921675111976389,0.04431836215229936,0.008725503843826395,0.13195554326810038,0.13124131997956104,0,1,0
13.093093093093094,-0.043929309978307844,-0.009891445315497549,0.9979389216215317,0.027987463489877008,0.04436552059874403,0.00235792232223368,0.13176046445001308,0.1308465901319547,0,1,0
13.113113113113114,-0.043955085602045835,-0.001288781186899391,0.9984653257249755,0.026320205172186216,0.04427773443364843,-0.004389308254780675,0.13158840603099015,0.13048046978594732,0,1,0
13.133133133133134,-0.04380901546827615,0.007303506688484554,0.9989504113559864,0.024254281550545976,0.04397170591868095,-0.01530142574837342,0.13141277083395206,0.1301694009706559,0,1,0
13.153153153153154,-0.04349184310502035,0.015858618162789793,0.9993869902528782,0.021828944844590276,0.04350100308326659,-0.02353514177071842,0.1312593193531849,0.12985359807136254,0,1,0
13.173173173173174,-0.04300511279434958,0.024336515533538657,0.9997681695313484,0.019058963923506672,0.042839989239892545,-0.03305069216870249,0.13113164399098756,0.12958753805564113,0,1,0
13.193193193193194,-0.042350997576189334,0.032705760908012305,1.0000882012043741,0.01600158365128726,0.042071658501782835,-0.03841653690548517,0.13104593377929394,0.12931655547123871,0,1,0
13.213213213213214,-0.041532342785570865,0.04093273953092337,1.0003419159699622,0.01268573827940276,0.04117975594654928,-0.04459512776167817,0.13099601591860702,0.12909643501973814,0,1,0
13.233233233233234,-0.040552338810394314,0.049000198758827704,1.00052544258578,0.009176330790888556,0.04014646078459507,-0.05166475809771011,0.1309703567840746,0.12891886127660485,0,1,0
13.253253253253254,-0.03941460847616171,0.056886516711630225,1.0006359157605598,0.005523658738998176,0.038976212961947455,-0.05851239113238123,0.13097255043285516,0.1287746446566921,0,1,0
13.273273273273274,-0.038123266818258034,0.06456708289518392,1.00067139487533,0.0017739557385161643,0.03765910230893592,-0.06585553265057609,0.13100408203121125,0.12867573089785153,0,1,0
13.293293293293294,-0.0366828895984239,0.07201886099170668,1.0006310605416637,-0.0020167166833136106,0.03616252242708664,-0.07482899409246456,0.13106379336912358,0.12863834729695103,0,1,0
13.313313313313314,-0.03509861247045584,0.07921385639840263,1.0005154374169498,-0.005781156235693074,0.03457229924706583,-0.0795111590010406,0.13116102570459987,0.12859494996555476,0,1,0
13.333333333333334,-0.03337613144819824,0.08612405111288025,1.0003255350195495,-0.009495119870016902,0.03271931807577666,-0.0926490585644584,0.13128742712346186,0.12870534171014333,0,1,0
13.353353353353354,-0.03152153778536759,0.09272968314153242,1.0000650756877323,-0.013022966590855427,0.030777146466975505,-0.09710858044005752,0.13144961049308937,0.12875750548819898,0,1,0
13.373373373373374,-0.029541887121532714,0.09898253319174397,0.999737473327048,-0.016380118034212472,0.028708078998601696,-0.10345337341869033,0.13165144202868392,0.12888683079605762,0,1,0
13.393393393393394,-0.027444532709955873,0.104867720578842,0.9993478692978176,-0.019480201461518135,0.026494091785193675,-0.11069936067040101,0.13187654364589205,0.12906787981478354,0,1,0
13.413413413413414,-0.025237342328510035,0.11035951907229188,0.998902515663794,-0.022267681701180403,0.024210507153427704,-0.11417923158829854,0.13212689263987631,0.12924157643487566,0,1,0
13.433433433433434,-0.022928718422985484,0.11543119527622747,0.9984079285831639,-0.02472935403150372,0.021820463439329283,-0.11950218570492108,0.13239716157926906,0.12947436129881995,0,1,0
13.453453453453454,-0.020527313987655716,0.12007022176648836,0.9978717826700323,-0.026807295656580344,0.019281188897047472,-0.12696372711409068,0.132685101699305,0.129772271170565,0,1,0
13.473473473473474,-0.01804223990448284,0.12425370415864369,0.9973029685063832,-0.02844070818245075,0.01665789039269215,-0.13116492521776596,0.13299153193993685,0.1300671252955571,0,1,0
13.493493493493494,-0.015483207183943762,0.12795163602695397,0.9967105952441974,-0.029618663109292863,0.013962125918716482,-0.1347882236987834,0.13330837636249426,0.13038362734993433,0,1,0
13.513513513513514,-0.012860285796669944,0.1311460693636909,0.9961042281928175,-0.030318352568991694,0.01120090338012034,-0.1380611269298073,0.13362654488099487,0.13071613624166575,0,1,0
13.533533533533534,-0.010183951286259388,0.13381672552052779,0.9954936673034108,-0.03052804447033523,0.008538444035545845,-0.13312296722872471,0.13392844592459882,0.13093984187757537,0,1,0
13.553553553553554,-0.0074648841886355375,0.1359533548811925,0.9948868348992911,-0.030341620205989087,0.005824589117740855,-0.1356927458902496,0.13420783761018296,0.13125105753311722,0,1,0
13.573573573573574,-0.004713414659811574,0.13757347644119816,0.9942925835108481,-0.029712569422144095,0.0030026964078888182,-0.1410946354926018,0.13448597327371214,0.1316199945064727,0,1,0
13.593593593593594,-0.001940158893004423,0.13866278834035756,0.9937205758832781,-0.02860038137850146,0.0001430313117661798,-0.14298325480613192,0.1347685296544246,0.1319709223358289,0,1,0
13.613613613613614,0.0008437921606121415,0.13919755268082823,0.9931802460261516,-0.02701649285632498,-0.002711612540248269,-0.1427321926007224,0.13503394317984568,0.13229665174626032,0,1,0
13.633633633633634,0.003627143015259976,0.13916754273239174,0.9926803693866783,-0.024993831973667772,-0.005521422908581235,-0.1404905184166483,0.13526635941696755,0.13258077583900074,0,1,0
13.653653653653654,0.006398613130848217,0.13857350577941205,0.9922285838662814,-0.02258927601984357,-0.00833399529200958,-0.14062861917141714,0.13546360382513892,0.1328783449348872,0,1,0
13.673673673673674,0.009147001094253503,0.13741939817026427,0.9918321740261691,-0.019820492005615045,-0.011048209489328624,-0.13571070986595243,0.13562757164164224,0.13309359315291225,0,1,0
13.693693693693694,0.011861165617244387,0.13570822614954425,0.9914966802270961,-0.016774689953647053,-0.01378929369888064,-0.13705421047760077,0.13574867012982117,0.13336429753154005,0,1,0
13.713713713713714,0.014530228385751133,0.13345313842533732,0.9912278018868287,-0.01344391701337455,-0.01642052800767334,-0.13156171543963505,0.13584644229525367,0.13354095635467722,0,1,0
13.733733733733734,0.017143264768713386,0.13065181914811258,0.9910294685506112,-0.00991666681087221,-0.01899194552782399,-0.12857087600753225,0.13589033608987922,0.13371013554695893,0,1,0
13.753753753753754,0.01968976665416058,0.12732509427235972,0.990904677818272,-0.006239536616962232,-0.021486984459212193,-0.12475194656941017,0.13589632559001327,0.133846437634149,0,1,0
13.773773773773774,0.022159494545562913,0.12348639457011654,0.9908553554916948,-0.002466116328857547,-0.02393420010622588,-0.12236078235068445,0.1358623761505382,0.13397735729353968,0,1,0
13.793793793793794,0.024542537077323883,0.11915212658804847,0.9908827360483734,0.0013690278339307583,-0.026370140540333795,-0.12179702170539555,0.13579590427545982,0.134118321080539,0,1,0
13.813813813813814,0.026829117169170552,0.11432900459233354,0.9909877005963573,0.005248227399198115,-0.028685873072731412,-0.11578662661988119,0.1357033426363406,0.13417914427422958,0,1,0
13.833833833833834,0.02900958685987056,0.10902348453500049,0.9911695341269244,0.009091676528355578,-0.030906125267054753,-0.11101260971616682,0.13554710965088504,0.13420504589851656,0,1,0
13.853853853853854,0.03107477594032046,0.10325945402249499,0.9914260517526852,0.012825881288037017,-0.032941911573134544,-0.10178931530398994,0.13534931509732168,0.13414190539500032,0,1,0
13.873873873873874,0.03301603833958683,0.09706311996331835,0.9917531252787275,0.016353676302116336,-0.034882870071181855,-0.09704792490236554,0.13508111749627275,0.13407544464482424,0,1,0
13.893893893893894,0.03482550851513637,0.09047350877747715,0.9921455400654521,0.01962073933622647,-0.03674862478849919,-0.09328773586586608,0.13478475157353703,0.13400669059208908,0,1,0
13.913913913913914,0.03649566080614401,0.08350761455038214,0.9925976278013425,0.02260438679452159,-0.038396574692582175,-0.08239749520414873,0.13447983855904586,0.1338453608256011,0,1,0
13.933933933933934,0.03801935876364306,0.07618489787495261,0.9931022198092062,0.025229600393186554,-0.039777747283162676,-0.06905862952902543,0.13412304602559832,0.13360001852341136,0,1,0
13.953953953953954,0.03939047972901566,0.06855604826862993,0.9936501560710782,0.027396813093600727,-0.04095809930527151,-0.059017601105441755,0.13371137010989115,0.13334107703424514,0,1,0
13.973973973973974,0.04060406269503205,0.06067914830081959,0.9942312953043915,0.0290569616656616,-0.04204087870658268,-0.054138970065556596,0.13327188777570442,0.1331251381048774,0,1,0
13.993993993993994,0.04165587885668388,0.05259080808259152,0.9948357472463468,0.030222597097767964,-0.042923077494316626,-0.04410993938669802,0.13287042612667885,0.13288455322224796,0,1,0
14.014014014014014,0.042542146344696455,0.04431337440062891,0.995453831211226,0.03090419824396092,-0.04364465087414602,-0.036078668991469075,0.1324438044550377,0.1326447809483393,0,1,0
14.034034034034034,0.0432598885981222,0.03588711267128729,0.9960755362803564,0.031085253456519683,-0.04419039657098862,-0.02728728484212964,0.13202755406839065,0.13240593803883807,0,1,0
14.054054054054054,0.04380675803746884,0.027343471967332014,0.9966910439906859,0.03077538551647251,-0.04453386281058936,-0.01717331198003566,0.1316243346177404,0.13216080960398585,0,1,0
14.074074074074074,0.04418111574749819,0.018717885501467343,0.9972906647007892,0.0299810355051651,-0.04468834881650787,-0.007724300295925045,0.13122504344239108,0.13192422694142164,0,1,0
14.094094094094094,0.04438214619440558,0.01005152234536947,0.9978649278723403,0.028713158577551412,-0.04472770878017887,-0.001967998183549648,0.130818891479796,0.13172666418483533,0,1,0
14.114114114114114,0.04440968892277809,0.0013771364186256334,0.9984048716540185,0.026997189083911525,-0.044565488698909,0.008111004063495032,0.13047671981116166,0.1315346485004586,0,1,0
14.134134134134134,0.044264053916084796,-0.0072817503346648965,0.9989025832317167,0.024885578884908242,-0.04429186445872059,0.013681212009420369,0.13011305736325773,0.13137527408338054,0,1,0
14.154154154154154,0.043946277156370714,-0.015888837985703987,0.9993503497084406,0.022388323836199455,-0.04386266879879343,0.021459782996357764,0.12980399520080801,0.13123933300718288,0,1,0
14.174174174174174,0.04345778571488193,-0.02442457207443914,0.9997416319877871,0.019564113967323455,-0.04328668628235976,0.028799125821684056,0.12951481636958184,0.13112380463962436,0,1,0
14.194194194194194,0.04280055527821477,-0.032861521833358,1.0000705133114276,0.016444066182025676,-0.042530594528989836,0.037804587668495704,0.1292737239176531,0.1310279223192878,0,1,0
14.214214214214214,0.041977098795733914,-0.04117282412404284,1.0003321030183754,0.013079485347391876,-0.041623209434792835,0.04536925470985009,0.1290516872237047,0.1309612490428702,0,1,0
14.234234234234235,0.04099059791642806,-0.04932504396529243,1.0005222528634141,0.009507492251937342,-0.04060791585864496,0.05076467880739341,0.12884770471288037,0.1309339291462109,0,1,0
14.254254254254255,0.03984471873053333,-0.057293959294736796,1.0006376861395925,0.00577166380891634,-0.039404065100051816,0.06019253792965619,0.1287283274198534,0.1309305051304892,0,1,0
14.274274274274275,0.03854350479639262,-0.06506069670703575,1.0006767456808565,0.0019529770631966162,-0.03804552195373064,0.06792715731605799,0.12862852976154263,0.13095640722593932,0,1,0
14.294294294294295,0.037091682178287254,-0.07259113090526811,1.000638522805034,-0.0019111437911197016,-0.03653923265515165,0.0753144649289485,0.12857402856633876,0.13102048429598595,0,1,0
14.314314314314315,0.03549451846583446,-0.07985818562263979,1.0005233615434415,-0.00575806307963336,-0.03489129440073425,0.08239691272086878,0.12856268736506415,0.13111935779167166,0,1,0
14.334334334334335,0.03375775977190355,-0.08683793469654529,1.0003327737881935,-0.00952938776239539,-0.033022124267122296,0.0934585066805954,0.12865014328260738,0.13124947302120224,0,1,0
14.354354354354355,0.03188769749618243,-0.09350311378605611,1.0000702072350365,-0.01312832765785012,-0.031028499187593293,0.09968125397644807,0.1287306579695661,0.1314174867627138,0,1,0
14.374374374374375,0.029891449075052243,-0.09981242105650917,0.9997395861182983,-0.016531055836910353,-0.02892893994500534,0.10497796212939574,0.12885144297929668,0.13162360240229434,0,1,0
14.394394394394395,0.027776549467441014,-0.10574498038056136,0.9993459971045681,-0.019679450686510537,-0.026665347011248314,0.11317964668784833,0.12905256242161436,0.13185576812506644,0,1,0
14.414414414414415,0.025550972675900757,-0.11127883957701282,0.9988960993977013,-0.02249488534333757,-0.024330311059019536,0.11675179761143603,0.12923556719818136,0.13211242382475402,0,1,0
14.434434434434435,0.02322331588913951,-0.11638283933806237,0.9983966473500195,-0.024972602384089337,-0.021911612473130993,0.12093492929442368,0.12946193724988347,0.1323897174816287,0,1,0
14.454454454454455,0.02080244609230274,-0.12104348984183852,0.9978553309345376,-0.027065820774096343,-0.019387832132095544,0.1261890170517691,0.12973246162879096,0.13267995303526,0,1,0
14.474474474474475,0.018297554130103935,-0.1252445981099402,0.9972806726319845,-0.028732915127656296,-0.01672765944478363,0.13300863436559157,0.13006114551795364,0.13298742887868692,0,1,0
14.494494494494495,0.01571832368662967,-0.12896152217371326,0.9966822978485335,-0.029918739172553457,-0.014056532630958513,0.13355634069125155,0.13033633998789754,0.13330380134650488,0,1,0
14.514514514514515,0.013074958955343965,-0.13216823656428517,0.9960691565023474,-0.03065706730930517,-0.011312710820696065,0.13719109051311806,0.13066809704639362,0.13362008428518088,0,1,0
14.534534534534535,0.010377761379018259,-0.1348598788162853,0.995451008814305,-0.03090738440211894,-0.008516369102308423,0.13981708591937764,0.13100279827239492,0.13393258956322449,0,1,0
14.554554554554555,0.007637362035191184,-0.13701996719135373,0.9948375786839205,-0.03067150651922505,-0.005678658807771644,0.1418855147268343,0.13134504388851342,0.13424042182876997,0,1,0
14.574574574574575,0.0048646308608200715,-0.13863655871855562,0.9942386053611227,-0.02994866613989068,-0.0027814573678600564,0.14486007199557474,0.1317114826736105,0.13453994263844707,0,1,0
14.594594594594595,0.0020706970605163925,-0.13969669001518395,0.9936640339997569,-0.028728568068292052,8.420819495019724e-05,0.14328327814050823,0.13202071955102962,0.13482208173893542,0,1,0
14.614614614614615,-0.0007330685949531205,-0.14018828277347564,0.993122674032099,-0.027067998382895447,0.0029605846746600687,0.14381882398548929,0.13234653018611905,0.1350758702098092,0,1,0
14.634634634634635,-0.0035353689784122806,-0.140115019172958,0.9926231273895934,-0.024977332125281047,0.005852956516745552,0.14461859210427022,0.13267341565598975,0.135306928393881,0,1,0
14.654654654654655,-0.006324811680755592,-0.13947213511716558,0.9921736425192154,-0.02247424351889969,0.00873880291985702,0.14429232015556978,0.13298245100635986,0.1355143034813261,0,1,0
14.674674674674675,-0.009089873461325847,-0.13825308902851272,0.9917818192124038,-0.019591165340579354,0.011546109144582003,0.14036531123624593,0.1332253847683378,0.13568481657644973,0,1,0
14.694694694694695,-0.011819053117932542,-0.13645898283033475,0.9914536986244212,-0.016406029399129024,0.014277315090649544,0.1365602973033743,0.13343394523722354,0.13580460340803552,0,1,0
14.714714714714715,-0.014501180263622059,-0.13410635728447584,0.9911940314052425,-0.01298336095893285,0.016994200783573138,0.13584428464617754,0.13365826814051562,0.13588267901309892,0,1,0
14.734734734734735,-0.0171253238927699,-0.13120718145739207,0.9910071564197571,-0.009343749274269177,0.019630078666405974,0.13179389414164053,0.13382816677975085,0.13593175735552715,0,1,0
14.754754754754755,-0.019680619452809217,-0.12776477800196576,0.9908961476765521,-0.0055504371602501,0.022161867091637387,0.12658942126156997,0.13394853534088408,0.13593205282767368,0,1,0
14.774774774774775,-0.022156582306782205,-0.12379814269864944,0.9908625995547828,-0.00167740608846394,0.0246519770657922,0.12450549870774094,0.1340753483638185,0.1358826946950402,0,1,0
14.794794794794795,-0.02454310733792672,-0.11932625155722575,0.990907447744837,0.0022424095027070265,0.027037443767681545,0.11927333509446814,0.13414741866402935,0.1358034734126555,0,1,0
14.814814814814815,-0.0268303073759699,-0.11436000190215903,0.9910303532527619,0.006145275396246921,0.029324018689160552,0.1143287460739521,0.13418551257427302,0.13567322237243523,0,1,0
14.834834834834835,-0.029008717677130997,-0.10892051505805483,0.9912297047523172,0.009967574977763887,0.031444298411046706,0.10601398609431065,0.13414878111679482,0.13550097836644456,0,1,0
14.854854854854855,-0.0310693535780772,-0.1030317950473102,0.9915021500613033,0.013622265449304411,0.03340897828120014,0.09823399350767496,0.13406865426838951,0.13527065850210396,0,1,0
14.874874874874875,-0.03300399956309836,-0.09673229925105802,0.9918428349249526,0.017034243182468354,0.035300438123910774,0.09457299213553606,0.1340040968368104,0.1349918612863439,0,1,0
14.894894894894895,-0.03480503061741752,-0.09005155271595802,0.9922464212825944,0.020179317882092422,0.03702428816447894,0.08619250202841373,0.13388199529211567,0.13470639510001398,0,1,0
14.914914914914915,-0.03646520608645067,-0.0830087734516575,0.9927066159507789,0.023009733409222743,0.03860157969922504,0.07886457673731123,0.1337319678583905,0.13437297708545326,0,1,0
14.934934934934935,-0.03797797654491145,-0.07563852292303885,0.9932160136868833,0.025469886805219614,0.03996243101359439,0.0680425657184742,0.13352363012221818,0.13402246914556254,0,1,0
14.954954954954955,-0.03933748807388078,-0.06797557644846627,0.9937661046261143,0.027504546961546306,0.04115933224245732,0.05984506144315391,0.13330528717520063,0.13362608066153603,0,1,0
14.974974974974975,-0.0405387646629802,-0.06006382945497127,0.9943475770772278,0.029073622555677962,0.04214519905729081,0.04929334074168354,0.13305835398823823,0.1332300830169003,0,1,0
14.994994994994995,-0.041577590513457593,-0.05194129252386966,0.9949507222760936,0.03015725994329095,0.04303364224244926,0.044422159257931956,0.13284595174793987,0.13279255941410745,0,1,0
15.015015015015015,-0.04245051942323457,-0.04364644548884892,0.9955657582920467,0.030751800797659448,0.043709675227840514,0.03380164926957329,0.13260670410439646,0.13239999015024326,0,1,0
15.035035035035035,-0.043154568630861395,-0.03520246038134102,0.9961831846771696,0.030871319256142688,0.044257423520868575,0.02738741465141397,0.13238390074005574,0.13196977205433555,0,1,0
15.055055055055055,-0.04368758004668054,-0.02665057079095721,0.9967932212020177,0.030501826242407482,0.04464701334280141,0.0194794910966547,0.13216805462873682,0.13156439985602963,0,1,0
15.075075075075075,-0.04404785420501459,-0.018013707916702905,0.9973865793222157,0.02966790600990193,0.04479701158931168,0.007499912325527554,0.13192948317531417,0.13119262789522032,0,1,0
15.095095095095095,-0.044234320515642855,-0.009323315531412964,0.9979541582814845,0.028378947963438154,0.04469048772160156,-0.005326193385490946,0.13168223759141892,0.13083220501365217,0,1,0
15.115115115115115,-0.04424693885022842,-0.000630916729278487,0.9984869384748624,0.026639009668892225,0.044508165161299997,-0.009116128015061058,0.13149986006218228,0.13042466701623773,0,1,0
15.135135135135135,-0.04408656207696106,0.00801883866336831,0.9989762076693987,0.02446345972681438,0.04416374496357111,-0.017221009886425706,0.1313457327553555,0.1301019678986191,0,1,0
15.155155155155155,-0.04375432044501534,0.016612081597285645,0.9994149403082389,0.02193663194201217,0.043733036018445554,-0.021535447256256952,0.13122504737700513,0.1297664442276876,0,1,0
15.175175175175175,-0.04325187876285368,0.0251220841080834,0.9997964434555637,0.01907515736624274,0.04310949567536546,-0.031177017153982155,0.13111492388176915,0.1295142255663131,0,1,0
15.195195195195195,-0.04258121078751581,0.033533398766893284,1.0001154273780493,0.015949196124276078,0.04232506164331275,-0.039221701602610966,0.13102345151985548,0.12926850372306056,0,1,0
15.215215215215215,-0.04174499566957879,0.04181075589685122,1.0003670057551874,0.01257891885691309,0.041369598620690846,-0.047773151131065734,0.1309615665810164,0.12906747739341787,0,1,0
15.235235235235235,-0.040746482026237305,0.049925682167074256,1.0005474162703645,0.00902052575884893,0.040251051766578165,-0.05592734270560287,0.13093084432739444,0.12890236052851387,0,1,0
15.255255255255255,-0.03958952701640001,0.05784775049186476,1.0006539140687347,0.005324889918513421,0.0389773021139553,-0.06368748263110788,0.13093492364631779,0.12877737519463497,0,1,0
15.275275275275275,-0.03827858118442236,0.0655472915988828,1.0006848850696435,0.0015485500454362829,0.03759257525429615,-0.06923634298291795,0.1309776491530484,0.12867212103633355,0,1,0
15.295295295295295,-0.03681860696320468,0.07299871106088385,1.000639597719261,-0.002264367519126916,0.036035112065883085,-0.07787315942060924,0.13105026754779284,0.1286476125551784,0,1,0
15.315315315315315,-0.03521499862726066,0.08018041679720106,1.0005189681313646,-0.006031479394822784,0.03441700484156347,-0.08090536121593123,0.1311580479417054,0.128596693273726,0,1,0
15.335335335335335,-0.033473702242059734,0.08706481926004625,1.000324058690031,-0.009745472066680527,0.03258854880796563,-0.09142280167983878,0.13129393170147013,0.1286828639556078,0,1,0
15.355355355355355,-0.031600886608486915,0.09364078167864102,1.0000583764438045,-0.013284112311327513,0.03062350363867376,-0.0982522584645341,0.1314577640333322,0.12876689906279318,0,1,0
15.375375375375375,-0.02960347827265628,0.0998704167915318,0.9997258274460298,-0.016627449888731473,0.02847262179280321,-0.10754409229346257,0.13165968503077224,0.12893832875838152,0,1,0
15.395395395395395,-0.027488894260596287,0.10572920060299956,0.9993321796195619,-0.01968239132339637,0.02613893582702241,-0.11668429828897006,0.13189430987237769,0.12916168016446097,0,1,0
15.415415415415415,-0.02526528941265661,0.11118024239698382,0.9988844603770957,-0.022385962123308907,0.02370455235369736,-0.12171917366617643,0.13216166467186333,0.12938433488940207,0,1,0
15.435435435435435,-0.0229415693671754,0.11618600227406059,0.9983901730573764,-0.02471436598595899,0.02127382014964122,-0.12153661020272492,0.13244648967359712,0.12957059232415388,0,1,0
15.455455455455455,-0.020526990797613873,0.12072892847807633,0.9978565297522555,-0.02668216525604778,0.018752117049757894,-0.12608515499407882,0.1327360822970553,0.12983626209529517,0,1,0
15.475475475475475,-0.01803085992208662,0.12480654377636279,0.9972919668877002,-0.028228143227763135,0.01621176049043441,-0.12701782796608194,0.1330267015748723,0.13007205660838936,0,1,0
15.495495495495495,-0.015462843099167498,0.12840084114595607,0.9967044781159742,-0.029374438586301253,0.013617655106132507,-0.12970526921499714,0.1333203909161893,0.1303484653868389,0,1,0
15.515515515515515,-0.01283271162408739,0.13150657375400543,0.9961026813173172,-0.030089839932852407,0.010970049902605907,-0.1323802601762275,0.13361453187499964,0.13064258050166747,0,1,0
15.535535535535535,-0.010150456646026047,0.13411274890306712,0.9954954417151896,-0.030361980106382695,0.008224958039212952,-0.13725459316954108,0.13391424039461242,0.1309907633644776,0,1,0
15.555555555555555,-0.007426345857778875,0.13620553941235863,0.9948924845474417,-0.030147858387394158,0.005436297341941525,-0.13943303486346068,0.13421636789033814,0.13132762066099526,0,1,0
15.575575575575575,-0.004671070311065993,0.1377637773356441,0.9943033793291044,-0.029455260916863915,0.002623261589520169,-0.14065178762095432,0.13450954081870795,0.1316622905627677,0,1,0
15.595595595595595,-0.0018955637327785538,0.13877532891437194,0.9937375022331276,-0.028293854798839217,-0.00015545599934132503,-0.13893587944295896,0.1347802345016644,0.13195359662755243,0,1,0
15.615615615615615,0.0008891244843748976,0.13923441085767257,0.9932032238536712,-0.02671391897282013,-0.0029254610507006644,-0.13850025256784976,0.13502156675333982,0.13224829598806198,0,1,0
15.635635635635635,0.0036720551655622337,0.1391465340593668,0.9927084989484651,-0.024736245260303033,-0.00572661577490761,-0.14005773621022966,0.1352416201622832,0.13256697421448269,0,1,0
15.655655655655655,0.006442268251551983,0.1385106542994875,0.9922612917970581,-0.022360357570350632,-0.008540950295208797,-0.14071672601494195,0.13544576959071947,0.1328792951321308,0,1,0
15.675675675675675,0.009188627908773839,0.13731798286109279,0.9918692056084892,-0.01960430942844251,-0.011324132255693682,-0.13915909802412815,0.13562298000604356,0.13315547563915064,0,1,0
15.695695695695695,0.011899936187721331,0.1355654139473746,0.9915388772318015,-0.016516418834387793,-0.014087014949167254,-0.13814413467356496,0.1357620708035333,0.1334192405915557,0,1,0
15.715715715715715,0.01456505882728768,0.1332561319783174,0.9912761644434996,-0.01313563941509091,-0.016759461850079108,-0.13362234504548226,0.13586105312578922,0.13361435173714814,0,1,0
15.735735735735735,0.017172948414205635,0.13039447934589785,0.991085283765091,-0.009544033920431239,-0.019324524930279422,-0.12825315400990955,0.13590457722255586,0.13375638165202375,0,1,0
15.755755755755755,0.019712966160133474,0.12700088729639192,0.9909688192146091,-0.005823227524095262,-0.021847170616834444,-0.1261322843276495,0.13589746384580306,0.13390498489175434,0,1,0
15.775775775775776,0.02217486957302942,0.12309517064479725,0.9909286816739219,-0.0020068770343607636,-0.024286570281831836,-0.1219699832497748,0.13586018419523163,0.13401331310291545,0,1,0
15.795795795795796,0.024548620830988136,0.11868756289793589,0.990965715906612,0.001851711634502061,-0.026652881851508214,-0.11831557848373103,0.1357790026779778,0.13409931948238674,0,1,0
15.815815815815816,0.02682450193357091,0.11379405512913855,0.9910797684192366,0.005702625631232135,-0.028877592695092415,-0.11123554217912927,0.13565928303794583,0.1341152338233047,0,1,0
15.835835835835836,0.0289931936527534,0.10843458595912457,0.9912690609592305,0.00946462699969705,-0.031038763117791912,-0.10805852113490269,0.1354804590853187,0.13413512963719865,0,1,0
15.855855855855856,0.03104590542344028,0.10263558853434414,0.9915309931769165,0.013096610884299621,-0.03303344208844275,-0.0997339485324779,0.1352797741313393,0.13407822298671926,0,1,0
15.875875875875876,0.032974191833780406,0.09641432051700631,0.9918614921670283,0.016524949505589383,-0.03486991808891826,-0.09182380002372098,0.13502155404395075,0.13397621828838416,0,1,0
15.895895895895896,0.03477035608797341,0.08980821270964998,0.9922549692219914,0.01967385274815496,-0.03658086218177394,-0.08554720464273906,0.13471947289708586,0.13385953634235892,0,1,0
15.915915915915916,0.03642736052294155,0.08285022174840703,0.9927049757832157,0.022500328061215633,-0.03813328927092803,-0.07762135445766871,0.13439617038087828,0.13370778470589045,0,1,0
15.935935935935936,0.03793874443305794,0.07556919550581938,0.9932042355617013,0.024962988924284692,-0.039552910638777104,-0.07098106839242888,0.13403740579802767,0.13354358363708996,0,1,0
15.955955955955956,0.03929869310077233,0.06799743338571958,0.9937447762566687,0.02702703474836667,-0.04078278026320741,-0.06149348122150073,0.13367010847883196,0.13333868909624608,0,1,0
15.975975975975976,0.0405019991257426,0.0601653012485134,0.9943179090427473,0.028656639303929428,-0.04184744499845061,-0.05323323676215515,0.13327025806103954,0.13311937580938193,0,1,0
15.995995995995996,0.04154423670020457,0.052111878723098456,0.9949142733883894,0.02981821728210596,-0.0427196947775319,-0.04361248895407005,0.13286666286433935,0.13288011734029145,0,1,0
16.016016016016017,0.042421701716321265,0.04387325080583466,0.995524180328541,0.030495347007575523,-0.04345128924237465,-0.03657972324215383,0.13243999608610485,0.13265237675996847,0,1,0
16.036036036036037,0.04313144117525303,0.035486972946588057,0.9961377986243897,0.030680914792437175,-0.04400575246770678,-0.027723161266633326,0.1320313198891973,0.1324202136748621,0,1,0
16.056056056056057,0.043671068490772014,0.026981365775949177,0.9967455195671922,0.030386047140123856,-0.04437930871383175,-0.0186778123062843,0.13162452070265532,0.13218601914304667,0,1,0
16.076076076076077,0.044038903618947293,0.018391756408763914,0.9973377611868002,0.02961208098040162,-0.04457313372857467,-0.009691250737193074,0.13122648305094972,0.1319587480291556,0,1,0
16.096096096096097,0.04423394809081429,0.009752223593349839,0.9979052042719839,0.028372154259190176,-0.04454519494222475,0.0013969393174397046,0.13085978198860027,0.13173052984532474,0,1,0
16.116116116116117,0.04425593258305613,0.0010992246120920205,0.9984390103571189,0.02669030425674895,-0.044363779868426226,0.009070753689859924,0.13048485485986536,0.13153249572988165,0,1,0
16.136136136136138,0.044105446415660374,-0.0075243083697876,0.9989307043891104,0.024584701599573405,-0.044085518058593356,0.013913090491565899,0.13012188681031117,0.13138126097674246,0,1,0
16.156156156156158,0.04378353107102452,-0.01609576723179252,0.9993727073387176,0.022100147480363385,-0.04354163418726564,0.027194193566298666,0.12986667223947726,0.13122268287190492,0,1,0
16.176176176176178,0.04329167830228003,-0.024592638437224614,0.9997589425598067,0.019311761054449875,-0.04293388075954346,0.030387671386012012,0.1295370047985748,0.13111246173341043,0,1,0
16.196196196196198,0.04263234209551753,-0.032966810338125076,1.0000829915039189,0.01620244720561145,-0.0422193672443879,0.035725675757670876,0.12927856940460736,0.131044714368404,0,1,0
16.216216216216218,0.041808089599717144,-0.04121262479001918,1.0003401277267505,0.012856811141581886,-0.04127506292940341,0.047215215749106844,0.12910890701960698,0.13097823976530196,0,1,0
16.236236236236238,0.04082196346245,-0.04930630686335721,1.0005269733095754,0.009342279141246104,-0.04029242040712547,0.049132126113768416,0.12886803790394002,0.13095640589313662,0,1,0
16.256256256256258,0.03967779616662927,-0.05720836479103654,1.00063979152575,0.005640910808739696,-0.03916695452162875,0.056273294274694956,0.12873046231054863,0.1309664720332251,0,1,0
16.276276276276278,0.03837946145839764,-0.0649167354115812,1.0006768490987252,0.001852878648759537,-0.037816157384998106,0.0675398568313807,0.12866837547300972,0.13098636726348162,0,1,0
16.296296296296298,0.036931340131132265,-0.07240606636326885,1.0006376934342787,-0.00195778322232852,-0.03623174274941827,0.07922073177882681,0.12865935633998873,0.13103628850381138,0,1,0
16.316316316316318,0.03533868427083655,-0.07963279301478582,1.0005231300152597,-0.005728170950952519,-0.03452605835084302,0.08528421992858562,0.12864259033729458,0.13113536402314088,0,1,0
16.336336336336338,0.033607547902435746,-0.08655681842004032,1.0003346030801337,-0.009426346756303095,-0.03261893975079394,0.09535593000226192,0.12873238302829795,0.13127421191189934,0,1,0
16.356356356356358,0.03174447564791266,-0.09315361272615429,1.0000757300719918,-0.012943650407098387,-0.030666088261183472,0.09764257448031725,0.12877118951263755,0.13144832954847763,0,1,0
16.376376376376378,0.029756689756135424,-0.09938929458886189,0.999749910325652,-0.016290987316992498,-0.02852622444679668,0.1069931907191168,0.12894573859056055,0.1316532107333336,0,1,0
16.396396396396398,0.02765157070771818,-0.10525595242086228,0.9993630005664468,-0.019345487960261143,-0.026228737261323538,0.11487435927341717,0.12914550335803446,0.1318820428483247,0,1,0
16.416416416416418,0.025437265500157413,-0.1107152603780384,0.9989215922652411,-0.022070415060284034,-0.023885080922783047,0.11718281692676494,0.12932007482439167,0.13214144544078155,0,1,0
16.436436436436438,0.02312252285726356,-0.11573713214469268,0.9984323556622771,-0.024461830148201615,-0.021496014061525934,0.11945334306257481,0.12952174177676382,0.1324158633665391,0,1,0
16.456456456456458,0.020716267951827856,-0.1203127452717851,0.9979025693018978,-0.026489318018963384,-0.01903751072460597,0.12292516684569378,0.1297589695846001,0.1326959343253593,0,1,0
16.476476476476478,0.018227613063126886,-0.12443274443504854,0.9973401054429227,-0.028123192948750764,-0.016490432093797077,0.12735393154011423,0.13003483532651075,0.13298519051032956,0,1,0
16.496496496496498,0.015665982095206275,-0.12808154839603053,0.9967535284657428,-0.029328848858992927,-0.013892881345140086,0.12987753743249048,0.13031209091490348,0.13328286619437107,0,1,0
16.516516516516518,0.0130411588203318,-0.13124116374372383,0.9961515310094459,-0.03009987281484803,-0.011228823322896687,0.13320290111177865,0.1306217618580928,0.1335849220594596,0,1,0
16.536536536536538,0.010363132095475644,-0.13390133624280778,0.9955433289128114,-0.03041010483172174,-0.008449565620871888,0.1389628851008127,0.13099028758465225,0.13389296956077812,0,1,0
16.556556556556558,0.007642248967069278,-0.13604415642031828,0.9949390758268868,-0.030212654296227447,-0.005665157685295483,0.13922039677835346,0.1313077424940237,0.13420062134052244,0,1,0
16.576576576576578,0.004889322659121089,-0.13764631539740946,0.9943481395688861,-0.02954681290003424,-0.0028545036536320218,0.14053270158266173,0.13164148982886792,0.13449329693517123,0,1,0
16.596596596596598,0.0021153009512252527,-0.1387010853947918,0.9937798776236093,-0.02841309726383992,-0.00014168836833267177,0.13564076426440597,0.1318802520782385,0.13475662359761043,0,1,0
16.616616616616618,-0.000668797855237008,-0.13920494032311304,0.9932417755208857,-0.02690510513618217,0.002574859256326701,0.13582738123235094,0.13216296363412233,0.13498460303703294,0,1,0
16.636636636636638,-0.003452294095496013,-0.13917481201295023,0.9927414151068944,-0.02501802069956281,0.00532030343153493,0.13727220875973137,0.1324657112218585,0.13519685605886467,0,1,0
16.656656656656658,-0.006224460819077682,-0.13860833617908344,0.9922864129150217,-0.022750109593632037,0.008107760540074237,0.13937285542621597,0.13278995958750422,0.1354004433341004,0,1,0
16.676676676676678,-0.008974415205284737,-0.1374977193103528,0.9918845456458368,-0.020093363459242893,0.010928566174977453,0.14104028174433553,0.1331179107377569,0.13559040353281007,0,1,0
16.696696696696698,-0.011691044878116529,-0.1358314836415896,0.9915434114498864,-0.017056709797517007,0.013720368937928955,0.1395901381466666,0.13339974381199154,0.1357535566916145,0,1,0
16.716716716716718,-0.014363109598378615,-0.13360323601310428,0.9912694954420124,-0.013695800393705042,0.016504675841917567,0.13921534519842993,0.13367224423597576,0.13587354877086485,0,1,0
16.736736736736738,-0.016979426969463016,-0.13081586855422014,0.9910684745838544,-0.010051042907901538,0.019214914189787134,0.13551191739237825,0.1338784737529463,0.13595162861866317,0,1,0
16.756756756756758,-0.019528833312317622,-0.12747031714273038,0.9909443922703226,-0.006204115676591373,0.021793001556857008,0.12890436835228317,0.13400146503572866,0.13597025989589004,0,1,0
16.776776776776778,-0.02200053064275155,-0.12358486652169642,0.9908991527410779,-0.0022619764622369438,0.02429848995987019,0.12527442014932988,0.13411122919546709,0.13592352894803275,0,1,0
16.796796796796798,-0.02438424333204066,-0.11918563446445546,0.990933478192773,0.001716272584758715,0.026709109888988333,0.12053099645444969,0.1341817955118441,0.13583694902276405,0,1,0
16.816816816816818,-0.02667001818253171,-0.11428874252455258,0.9910469004841681,0.005671114569756569,0.029016848730375428,0.11538694206776032,0.13421537267205827,0.13570493263420794,0,1,0
16.836836836836838,-0.028848343557207976,-0.1089162687338133,0.991237715866247,0.009540769103944299,0.031259991147773246,0.112157120868152,0.1342420780639741,0.13552662548185693,0,1,0
16.856856856856858,-0.030910090931106027,-0.10308736869490245,0.9915034222397815,0.013285318676724996,0.033333472111435974,0.1036740481812461,0.13418588318344013,0.13532137228746152,0,1,0
16.876876876876878,-0.03284645973857262,-0.09681844037332966,0.9918398780458157,0.01682279030171199,0.03519265324602153,0.09295905672722532,0.13404869334162448,0.13505865828422117,0,1,0
16.896896896896898,-0.0346494995925209,-0.09015199269741386,0.9922408947428001,0.020050834849214015,0.03697896476770037,0.08931557608172477,0.133941408967056,0.13472634273799214,0,1,0
16.916916916916918,-0.036312017167655135,-0.08312587875671179,0.9926997098590722,0.02294075581360479,0.03848392118179217,0.07524782070220068,0.1337244686401674,0.13441379093892342,0,1,0
16.936936936936938,-0.03782731933938481,-0.07576510858648389,0.9932082279155536,0.025425902824071516,0.03986461457897524,0.06903466985659105,0.13352515324675562,0.1340158101422037,0,1,0
16.956956956956958,-0.03918981413984897,-0.06812474002320806,0.9937573811146188,0.027457659953258225,0.041041526564155675,0.05884559925628313,0.1332949472645637,0.13363403530269521,0,1,0
16.976976976976978,-0.04039447301274339,-0.060232943644721086,0.994337895951516,0.029025741844862476,0.04204330425568282,0.05008888457344561,0.13305661018152481,0.13322463346800845,0,1,0
16.996996996996998,-0.04143709737527509,-0.05213121812658475,0.9949399961535115,0.030105010099771557,0.04284402543084954,0.04003605875525646,0.13280450835360588,0.13281790576538924,0,1,0
17.017017017017018,-0.04231427943781933,-0.04385910312721215,0.9955537657832271,0.03068848148577991,0.04357015421542297,0.036306439225438,0.1326002963299315,0.1323744998325162,0,1,0
17.037037037037038,-0.04302332374517495,-0.03545221536778101,0.9961694856070122,0.03078599118925625,0.04411040051912656,0.02701231518180816,0.13238202552370631,0.131985411061284,0,1,0
17.057057057057058,-0.04356184044667729,-0.026925835075117047,0.9967780431228686,0.030427875792813475,0.04445496051807586,0.017227999943969154,0.13214948178484204,0.1315908139635436,0,1,0
17.077077077077078,-0.0439281851082545,-0.018317233078860313,0.9973700636607133,0.029601026892240194,0.04458910989138996,0.006707468662108836,0.1319143786473617,0.13120764330325288,0,1,0
17.097097097097098,-0.04412152162319804,-0.009666825747176951,0.9979363370603453,0.028313669981599558,0.04459035534746548,6.227280010932118e-05,0.13171227893677073,0.13081090844905624,0,1,0
17.117117117117118,-0.04414179181644386,-0.0010135096622909973,0.9984679772422141,0.02658200909344226,0.04443562358347495,-0.007736588203229795,0.13153320879225555,0.130454021524538,0,1,0
17.137137137137138,-0.04398943335636271,0.007617923004057222,0.9989570517780243,0.024453726790509316,0.04415351922640089,-0.014105217857401067,0.13138009527947023,0.13010738606746022,0,1,0
17.157157157157158,-0.04366545459878073,0.01619893787909909,0.9993961910113714,0.021956961667356126,0.043742770357248766,-0.020537443461251,0.13125222108911802,0.12978921690883352,0,1,0
17.177177177177178,-0.04317131161166304,0.024707149355884667,0.9997788417239901,0.01913253563093509,0.04319151033937448,-0.027563000897255555,0.13114411575006732,0.12950217992320154,0,1,0
17.197197197197198,-0.04250889751595246,0.03312070478552894,1.0000992253435204,0.016019180976509666,0.042453755755865456,-0.03688772917884026,0.13104929539046797,0.12926488263715477,0,1,0
17.217217217217218,-0.04168058797953693,0.04141547682077662,1.000352518694419,0.012664667544934484,0.04148644244419127,-0.04836566558689853,0.13096943339751888,0.12908180303462488,0,1,0
17.237237237237238,-0.04068947012001612,0.0495558929760405,1.000534951655326,0.009121648045343652,0.04036018302223415,-0.05631297110079364,0.13092860119464184,0.12890437154033052,0,1,0
17.25725725725726,-0.039539496132913014,0.05749869935515546,1.0006434498355314,0.005424909010275487,0.039148651543292896,-0.06057657394968717,0.13093844805517238,0.12873777198021588,0,1,0
17.27727727727728,-0.0382351464408332,0.06521748460399074,1.0006758702332834,0.0016210198875983572,0.03781690761337133,-0.06658719649833462,0.13098162460468207,0.12863371695140496,0,1,0
17.2972972972973,-0.03678111388830132,0.07270162762659399,1.0006314968759356,-0.0022186678673976642,0.03624799084086619,-0.07844583862710713,0.13104264620024686,0.12863638515628784,0,1,0
17.31731731731732,-0.0351825822235768,0.07992658323622606,1.000511469705115,-0.006001358541031834,0.034590293361956424,-0.08288487394688485,0.13114275797270541,0.12859684647295086,0,1,0
17.33733733733734,-0.033445539860063725,0.08685211817565372,1.0003169089788524,-0.009728036313127686,0.032711226244791135,-0.09395335585918427,0.13128010997132902,0.1286942330244739,0,1,0
17.35735735735736,-0.031576321023203825,0.09346094184299512,1.000051516109769,-0.013269643454174843,0.030732190393322086,-0.09895179257386665,0.13144965662735023,0.1287623568982789,0,1,0
17.37737737737738,-0.02958208464746097,0.09971181878714284,0.9997190537495223,-0.016623118012331548,0.02865063213237068,-0.10407791304746594,0.1316554493623027,0.1288813301676015,0,1,0
17.3973973973974,-0.027470358066784432,0.10558632903382675,0.9993245729440684,-0.01972404027269451,0.026492517369910974,-0.10790573812235761,0.1318826373193158,0.12901824408899962,0,1,0
17.41741741741742,-0.025249019315507066,0.11106693756386837,0.9988737040993595,-0.022543442235446718,0.02418804495948221,-0.11522362052030814,0.13213096917842293,0.1292371925971613,0,1,0
17.43743743743744,-0.02292623669344507,0.11613913110309974,0.9983735974185436,-0.025005334040793768,0.021738377697057755,-0.12248336311962554,0.13240260188759817,0.12949881547460135,0,1,0
17.45745745745746,-0.020510773650459693,0.12077315214926895,0.9978323767655233,-0.027061032651013926,0.019200252238542798,-0.12690627292373197,0.13269776916370044,0.1297667024570169,0,1,0
17.47747747747748,-0.01801198722283236,0.12493932138136658,0.9972585999546053,-0.02868884054589879,0.016620106913957027,-0.12900726622691475,0.13300405479112648,0.13003224748479686,0,1,0
17.4974974974975,-0.015439601037220165,0.12861930928060977,0.996660938990199,-0.029883048220314026,0.014000935218698059,-0.1309585847602947,0.13331039031484576,0.13031142110985708,0,1,0
17.51751751751752,-0.012803494466908278,0.13180532851559434,0.9960482469503162,-0.03063460199414013,0.011263384134906828,-0.13687755418672792,0.13362002257926117,0.13066457008919205,0,1,0
17.53753753753754,-0.0101137870055883,0.1344853730659989,0.9954304984621434,-0.030887424408645826,0.008496513773765767,-0.13834351805414583,0.1339325049223068,0.1309835633348132,0,1,0
17.55755755755756,-0.007381035532437159,0.13663757365755705,0.9948171835191796,-0.030665747148188954,0.0055979185583760185,-0.1449297607666281,0.1342474714074228,0.13139309908016103,0,1,0
17.57757757757758,-0.004616018568142692,0.13825084821472333,0.9942191423858321,-0.029902056667373726,0.0026632964123211537,-0.1467311073000531,0.1345607023464916,0.13176298481515153,0,1,0
17.5975975975976,-0.0018300924011422932,0.13929630835001994,0.9936465755387099,-0.028628342356107866,-0.00025177919771098126,-0.14575378049920792,0.1348527913959214,0.13209456266933559,0,1,0
17.61761761761762,0.000965186778757207,0.139763958994975,0.9931087702814647,-0.02689026286225916,-0.003112720105352591,-0.14304704538009283,0.1351064923190644,0.13238137232608105,0,1,0
17.63763763763764,0.0037583298130016963,0.13965715171222445,0.9926137480785331,-0.024751110146579557,-0.00597339333070949,-0.14303366126638137,0.1353237989538326,0.13268369367508923,0,1,0
17.65765765765766,0.00653799505826653,0.13898326226324167,0.9921691880128396,-0.022228003284674332,-0.008804371165687538,-0.14154889174806212,0.13551406693181176,0.13295864981450353,0,1,0
17.67767767767768,0.009292822985170078,0.13774139634517743,0.9917819305695919,-0.019362872162387246,-0.011614959353815311,-0.14052940940625033,0.13567282245838413,0.13322645424658086,0,1,0
17.6976976976977,0.012011519776618995,0.13593483957244581,0.9914582117136874,-0.01618594279522134,-0.014359592174906247,-0.13723164105516608,0.13579726754815438,0.13344798158818652,0,1,0
17.71771771771772,0.014682873990434444,0.13356771069077242,0.9912030423061953,-0.012758470374609032,-0.017045439921929292,-0.13429238735255553,0.13587804536961107,0.13364664964332137,0,1,0
17.73773773773774,0.017295919110359267,0.13065225599624108,0.9910204196806083,-0.009131131279352084,-0.019654857843803584,-0.13047089609589638,0.1359178029129124,0.13380889382230837,0,1,0
17.75775775775776,0.019839976007130285,0.1272028448385509,0.9909131676259731,-0.005362602731754006,-0.022271830258063452,-0.1308486207159157,0.13591673688474593,0.13400333724101268,0,1,0
17.77777777777778,0.022304553848631038,0.12322889207503761,0.9908839591110122,-0.0014604257480446917,-0.02472258911913773,-0.12253794305729984,0.13589166445959158,0.13407705197585806,0,1,0
17.7977977977978,0.02467924084318755,0.11873434972782561,0.990933295222933,0.00246680559604174,-0.027055705175909824,-0.11665580284274774,0.1357921121226155,0.1341178336202968,0,1,0
17.81781781781782,0.026954353223376474,0.1137556190094462,0.9910600752548377,0.00633900159523499,-0.029338286213462145,-0.11412905188218948,0.135645202760731,0.13416921762811979,0,1,0
17.83783783783784,0.029120630843452858,0.10831388100381925,0.991262643032312,0.010128388873717219,-0.03146464196722402,-0.10631778769293654,0.1354771378110232,0.13414402102716236,0,1,0
17.85785785785786,0.031169094847721374,0.10242320021342585,0.9915378794167711,0.013761819222950196,-0.03343027556964084,-0.09828168012577877,0.13525151787542644,0.1340663382036003,0,1,0
17.87787787787788,0.03309144877177171,0.09611769620251694,0.9918810350834192,0.017157783332404766,-0.035215435303838985,-0.08925798671475206,0.13498179226503568,0.1339381932009617,0,1,0
17.8978978978979,0.03488012319985957,0.0894337214043931,0.992285964516207,0.020246471639388017,-0.03684440837442905,-0.08144865353408337,0.13466901066636047,0.133788335060549,0,1,0
17.91791791791792,0.03652830783317623,0.08240923166583296,0.9927455739837033,0.022980473374816308,-0.0382941420311205,-0.07248668283872542,0.13433441020532433,0.1336067451584506,0,1,0
17.93793793793794,0.03802990369975196,0.07507979332878639,0.9932519880360895,0.025320702619305663,-0.03962138909231494,-0.06636235306336677,0.133965430193652,0.1334327975434526,0,1,0
17.95795795795796,0.03937953584399541,0.06748160721217225,0.9937969530483408,0.027248250612564116,-0.04079956277478301,-0.05890868412650773,0.13359462962808477,0.13324589365546954,0,1,0
17.97797797797798,0.04057235424808828,0.05964092020464337,0.9943720084352263,0.028752769344273125,-0.04182793614948255,-0.051418668737600245,0.13320833565305695,0.13304721025810487,0,1,0
17.997997997998,0.0416041111326037,0.05158784422577112,0.9949683078455678,0.029814970517071233,-0.04265688915358742,-0.04144765020749698,0.13282247364831656,0.1328184288027448,0,1,0
18.01801801801802,0.04247123885984518,0.043356386362074326,0.995576585875514,0.03041390149731098,-0.04336123558195172,-0.03521732142043485,0.1324028415353855,0.13260542834753195,0,1,0
18.03803803803804,0.04317093992654972,0.034985053335226876,0.9961873409508808,0.030537753768342047,-0.043895002992772346,-0.0266883705436363,0.13200566732518884,0.1323870699660936,0,1,0
18.05805805805806,0.04370094379917855,0.026500193631441703,0.996791343745509,0.03020013973140973,-0.04430133824348136,-0.020316762539117038,0.13159324725359714,0.13218197901387352,0,1,0
18.07807807807808,0.04405964311248521,0.017934965665333206,0.9973793635742199,0.029400991435538353,-0.044568157918333906,-0.013340983748202015,0.1311970045732843,0.13198653576686487,0,1,0
18.0980980980981,0.04424589202424794,0.009312445588136228,0.9979425733205658,0.028160487317297478,-0.04463557431271357,-0.0033708197273815254,0.13083110454363842,0.13178054067706757,0,1,0
18.11811811811812,0.044259130271790716,0.000661912377138715,0.9984724626656679,0.026494467255104237,-0.04457137957899121,0.0032097366736160626,0.1304466368377559,0.13159638522311629,0,1,0
18.13813813813814,0.0440995179505501,-0.007980616062030557,0.9989606042584968,0.024407079641443567,-0.044304686016446576,0.013334678109355735,0.13011862063612767,0.13141897353458995,0,1,0
18.15815815815816,0.04376770403024957,-0.01659069601502669,0.999399528826926,0.02194622842146049,-0.04384323466317086,0.023072567639082185,0.12980671207281003,0.1312548489860594,0,1,0
18.17817817817818,0.04326509081900176,-0.02513066056239032,0.9997822368534128,0.019135401324345405,-0.043180264996611276,0.033148483294893345,0.12953275336728712,0.13111536011261293,0,1,0
18.1981981981982,0.04259385424858001,-0.033561828521087654,1.0001026877079742,0.01602254272807208,-0.04244863257928941,0.0365816208224634,0.1292331771110356,0.131030327859365,0,1,0
18.21821821821822,0.04175683351850987,-0.04185103650350734,1.0003553001539995,0.012630622301272118,-0.04154581876800578,0.045140690508128634,0.1290318358957065,0.130972952738342,0,1,0
18.23823823823824,0.04075705319623968,-0.049989016113509546,1.0005363655520063,0.009053269900333243,-0.04044090725577123,0.055245575541440266,0.12887719329353264,0.1309313586099054,0,1,0
18.25825825825826,0.03959817456747965,-0.057943931438001174,1.0006431252051333,0.005337982656351355,-0.03917112638528302,0.0634890434379399,0.1287471753468693,0.13092616106574828,0,1,0
18.27827827827828,0.03828459191631476,-0.06567913255824466,1.0006737518474071,0.0015313321136927855,-0.037760376015215015,0.07053751839876961,0.1286545750073152,0.13096275651322678,0,1,0
18.2982982982983,0.03682126316833206,-0.07316643739913514,1.0006276108087486,-0.002307051932922497,-0.03619111377608219,0.0784631118320933,0.12862028392077252,0.13103450979209266,0,1,0
18.31831831831832,0.035213656892110534,-0.08038031381107613,1.0005054653528014,-0.006107272797361479,-0.0345087468620795,0.08411834555387282,0.12860472110431792,0.13114214811835195,0,1,0
18.33833833833834,0.033467811486796145,-0.08729227026571935,1.0003089018226445,-0.009828176507838628,-0.03272127893643154,0.08937339611285,0.12862894821776874,0.13128374497956014,0,1,0
18.35835835835836,0.0315900916257556,-0.09388599305202731,1.0000406042120458,-0.013414880529940101,-0.03069500192503709,0.10131385037637254,0.12878193676384922,0.13145109698351198,0,1,0
18.37837837837838,0.029587290776865727,-0.10014004244449361,0.9997055470866624,-0.016752856269170696,-0.028552671157167833,0.10711653817553658,0.1289094267112414,0.13165267363360397,0,1,0
18.3983983983984,0.02746708982791454,-0.1060100474475593,0.999308850870506,-0.019834810807816388,-0.026277756363973767,0.11374573941704352,0.12910087637152437,0.13189128603445066,0,1,0
18.41841841841842,0.02523759247497778,-0.11147486764683807,0.9988571292031923,-0.022586083365686377,-0.023869171308139564,0.12042925252469541,0.12933539197985391,0.13215378704517902,0,1,0
18.43843843843844,0.022907412349541183,-0.11650900627182978,0.9983579838677793,-0.024957266770645827,-0.021331188516580897,0.12689913928750335,0.12961078009230098,0.13244020026309128,0,1,0
18.45845845845846,0.02048572832349368,-0.12108420130237499,0.9978199694032596,-0.02690072322598401,-0.01874981182883819,0.12906883407438757,0.12986407120687085,0.13274234838860588,0,1,0
18.47847847847848,0.01798221095249307,-0.12517586855003066,0.9972515353287565,-0.02842170372515135,-0.016076176417488385,0.1336817702344412,0.13017423725154126,0.13305276016169423,0,1,0
18.4984984984985,0.015406745137227403,-0.12877329076328337,0.996662075022051,-0.029473015335278015,-0.01334062670233034,0.13677748540703724,0.13048719199416609,0.1333663816616627,0,1,0
18.51851851851852,0.012769649435841773,-0.1318547850692815,0.9960610514379483,-0.03005117920513152,-0.010624144084010816,0.13582413055005504,0.1307588384630987,0.13367521639227506,0,1,0
18.53853853853854,0.010081505144388152,-0.13440721457268112,0.9954572208054319,-0.030191531625822846,-0.007903402735284303,0.13603706705889068,0.13104422978408123,0.1339686112082923,0,1,0
18.55855855855856,0.007352829924900465,-0.1364337609743843,0.9948592847626768,-0.029896802137754443,-0.005108370777836741,0.1397515974878549,0.13138453610772693,0.13425308729133684,0,1,0
18.57857857857858,0.004594269155170659,-0.1379280384864903,0.9942765980099348,-0.029134337637096296,-0.0023534312070328535,0.13774697815308146,0.1316596196376103,0.1345283184590842,0,1,0
18.5985985985986,0.0018167621749283817,-0.13887534901211387,0.9937173848120715,-0.027960659893165804,0.00039793053064572263,0.13756808649939012,0.13195105736053078,0.13478101675888057,0,1,0
18.61861861861862,-0.0009689096841881879,-0.13928359295582848,0.993189746954209,-0.02638189289312236,0.003238267904613623,0.1420168683222224,0.13231158559168962,0.13502169987271675,0,1,0
18.63863863863864,-0.0037518332497540312,-0.13914617827829218,0.9927026019007038,-0.024357252675259913,0.006001234665171326,0.1381483376656406,0.1325716161513882,0.13524999945421806,0,1,0
18.65865865865866,-0.006520789654670334,-0.13844782024581515,0.99226316368219,-0.021971910925687108,0.00876530750704757,0.13820364175145175,0.13285975716994114,0.13543947819724728,0,1,0
18.67867867867868,-0.009264784288357303,-0.13719973168434843,0.9918784573748026,-0.01923531536937226,0.01147246830101262,0.13535803938163526,0.13309874710678102,0.13559946682802895,0,1,0
18.6986986986987,-0.011972826415494155,-0.1354021063568426,0.9915543124284257,-0.016207247318843238,0.01415104381679497,0.13392877550406068,0.1333351644201317,0.1357218105636169,0,1,0
18.71871871871872,-0.014634137090489541,-0.1330655337497693,0.9912959344281406,-0.01291890001426094,0.016821174605096714,0.13350653916715546,0.13357329508631505,0.1358135906497755,0,1,0
18.73873873873874,-0.017238010577734688,-0.13019367436225737,0.9911080736654536,-0.009393038134348513,0.019441656735515036,0.13102410631524689,0.13377400451032095,0.13587574161649704,0,1,0
18.75875875875876,-0.0197737572560333,-0.12678733391493063,0.9909944587999054,-0.005680743277409119,0.021960999087883144,0.12596711745966419,0.1339117521355923,0.13589278364987117,0,1,0
18.77877877877878,-0.022230895698922046,-0.12285692214443723,0.9909571927830134,-0.0018633008446026344,0.024339722159387595,0.11893615346757941,0.13397913125249647,0.13585323051177683,0,1,0
18.7987987987988,-0.024599400784061913,-0.11842525425699334,0.9909964793031025,0.0019643260044552705,0.02659142608266138,0.11258519611076821,0.13400703320852517,0.1357551027755639,0,1,0
18.81881881881882,-0.02686988684236989,-0.1135243029153989,0.9911110581696548,0.005728943327614539,0.028797639052787715,0.11031064851108881,0.13405540548738723,0.13561105779837562,0,1,0
18.83883883883884,-0.0290334515273539,-0.1081782342492004,0.9912992833735551,0.009411260195011598,0.03091116572200366,0.10567633352556079,0.13407059346011305,0.13544926854342215,0,1,0
18.85885885885886,-0.031081408599105735,-0.10239785358759176,0.9915587398774378,0.012972825194136393,0.03290830577737765,0.0998570028951486,0.13404401498741614,0.13524898390688564,0,1,0
18.87887887887888,-0.03300552311302444,-0.09620572569593519,0.9918858164458604,0.016353828421126766,0.0348342972211362,0.0962995723772335,0.13401219926062083,0.1350016426434017,0,1,0
18.8988988988989,-0.03479799675235442,-0.08962368196649902,0.9922761254566641,0.01951545054018739,0.03657222629711763,0.08689645405188821,0.13389786228146322,0.13473774582452322,0,1,0
18.91891891891892,-0.03645143934473107,-0.08267212961883247,0.9927238069049642,0.022384072415006874,0.038166824031250025,0.07972988702339016,0.1337550343985254,0.1344106812179529,0,1,0
18.93893893893894,-0.03795924846755021,-0.07539045614095673,0.9932216571832586,0.024892513914723108,0.039576054170178274,0.07046150732732415,0.1335677438539778,0.13406102069636333,0,1,0
18.95895895895896,-0.03931546207309182,-0.06781068027708045,0.9937614905711053,0.026991669392335393,0.04079426889584982,0.06091073672880932,0.1333473844245521,0.1336795629685492,0,1,0
18.97897897897898,-0.04051492180471045,-0.05997298658093175,0.9943341811039006,0.028634526639763125,0.041830409864238076,0.051807048929342216,0.13311149191723254,0.13327528112769144,0,1,0
18.998998998999,-0.041553274749197455,-0.051917647224349994,0.9949300589993402,0.02979389477198117,0.04269450120526364,0.04320456762668035,0.1328717364096256,0.1328593976038543,0,1,0
19.01901901901902,-0.042426937571633905,-0.04368314112182259,0.9955392507010327,0.030459585084623316,0.04342983326835295,0.036766603797012895,0.1326498290226035,0.1324310276066717,0,1,0
19.03903903903904,-0.04313297958887383,-0.035302100861996075,0.9961519875266855,0.030636841282644572,0.043980245875782385,0.027520631083174617,0.1324176004473618,0.13202725757593103,0,1,0
19.05905905905906,-0.04366897458434667,-0.026799749773642127,0.9967587318452025,0.03033721592584632,0.04430411650058402,0.01619353202345486,0.13216595115739227,0.1316344580021494,0,1,0
19.07907907907908,-0.04403330820007297,-0.018216680786315304,0.9973498512845721,0.029555971968479387,0.044519590393880995,0.01077369552490235,0.1319536441810804,0.13120684388713716,0,1,0
19.0990990990991,-0.044225209183720436,-0.009595049182373193,0.9979158189807619,0.02829838480948879,0.044595737417822336,0.003807352139649246,0.13176433347191746,0.13082125353228954,0,1,0
19.11911911911912,-0.0442442906668511,-0.0009540741565333844,0.9984480890234169,0.02661350213274846,0.04451689314568289,-0.003942212574727721,0.13158453581894416,0.1304569980464439,0,1,0
19.13913913913914,-0.04409067251137093,0.007680907774008577,0.9989385961847893,0.024525358068621796,0.04424454346733961,-0.013617482787403466,0.13140955931936452,0.13012710040630784,0,1,0
19.15915915915916,-0.043765071905043786,0.01628003031635719,0.9993798818914094,0.022064285331002312,0.04380643065194548,-0.021905639532642587,0.13125590519786873,0.12980704482907948,0,1,0
19.17917917917918,-0.043268934369020726,0.024806876801152934,0.9997649819070985,0.019255000784456206,0.04322575039411654,-0.029034011535484017,0.13113477168966506,0.1295100065545234,0,1,0
19.1991991991992,-0.0426042829670499,0.033232570098541435,1.0000877816122058,0.016139985255362293,0.04247585446391717,-0.03749479502298055,0.13103858583313313,0.12926151707015923,0,1,0
19.21921921921922,-0.04177362939646313,0.04153267852933836,1.0003432770178007,0.01277477027974772,0.04153348471685382,-0.04711848572270348,0.1309651515482623,0.12906025667785914,0,1,0
19.23923923923924,-0.04078009230984899,0.049676854330707135,1.0005275261225726,0.009212455238598937,0.040406043081182376,-0.05637207999636059,0.13092345388917218,0.1288974065265295,0,1,0
19.25925925925926,-0.03962749995379177,0.057629617802860904,1.0006376536433121,0.00550637603698161,0.0391423482143973,-0.06318474138007457,0.13092420853734313,0.12875615340717325,0,1,0
19.27927927927928,-0.03832031229214501,0.06535938308233805,1.0006717575686115,0.001705196264967593,0.037705723991161615,-0.07183120901669299,0.13096056512266763,0.12868518739102164,0,1,0
19.2992992992993,-0.03686348059159761,0.07284158502737004,1.0006295188732663,-0.002111934767253144,0.03615214665812218,-0.07767886430503218,0.13103390432778547,0.1286268775071654,0,1,0
19.31931931931932,-0.035262570618649416,0.08004549864740963,1.0005113723392212,-0.00590732670225526,0.03447679725691863,-0.08376746749620283,0.13114351634439667,0.12861860534209937,0,1,0
19.33933933933934,-0.033523584154336435,0.08694932321564924,1.0003190389662393,-0.00961666864909322,0.032746812052434016,-0.08649925742581588,0.1312844622758271,0.12860780746160014,0,1,0
19.35935935935936,-0.031652886739548046,0.09353487073941937,1.0000546733630318,-0.013218280160371843,0.030818677525515346,-0.09640672330330022,0.13144888433805677,0.12872585539254047,0,1,0
19.37937937937938,-0.029657055387396547,0.09979156760757502,0.9997226818686993,-0.01659957471662277,0.028764529736988415,-0.10270738612800522,0.1316399178036707,0.12884156362061025,0,1,0
19.3993993993994,-0.027543382392368636,0.10568364975139555,0.9993278428122627,-0.01974195282182982,0.02653152006959616,-0.11165047980917374,0.13186687655874846,0.1290451156851763,0,1,0
19.41941941941942,-0.02531966042168405,0.11118609853422926,0.9988767676140435,-0.022553759910957136,0.024201666842268744,-0.1164926575360346,0.13212180910059607,0.12924229669519927,0,1,0
19.43943943943944,-0.022994361875364116,0.11626492731599675,0.9983763905055568,-0.025018855424333464,0.02177016563690633,-0.12157505616337214,0.13240093392229718,0.12948332933316528,0,1,0
19.45945945945946,-0.020576306514484444,0.12090276804398366,0.9978346440821876,-0.027087321168461877,0.01918197520883625,-0.12940951702585748,0.1326984764852576,0.12979852915572085,0,1,0
19.47947947947948,-0.018074793067876554,0.12507567233039452,0.9972608206796703,-0.028691170125863672,0.01657545832400991,-0.13032583958834223,0.13300851555876658,0.13005554918652326,0,1,0
19.4994994994995,-0.015499746545010185,0.12875232614331847,0.9966635257064186,-0.029864748662586156,0.013951473523056227,-0.13119923512030773,0.1333183068995038,0.130325587225943,0,1,0
19.51951951951952,-0.012861159644498629,0.1319293450255778,0.9960515296534331,-0.030599802649271955,0.011235424973039589,-0.1358024223072877,0.13362419117961677,0.13065754880977482,0,1,0
19.53953953953954,-0.010169162461024624,0.1345998591737003,0.995434437595922,-0.03085460287555784,0.0084741737230323,-0.13806255704985818,0.13393139494640421,0.13098052238327185,0,1,0
19.55955955955956,-0.007434292083035574,0.13674351889945247,0.9948217188212467,-0.0306359387337628,0.00569563857834266,-0.13892675153820394,0.13423255665937733,0.13129737028335536,0,1,0
19.57957957957958,-0.004667282284787576,0.1383504899123999,0.9942226354915071,-0.029954166486980554,0.002863010976263247,-0.14163137417841515,0.13452281859458126,0.13164636358829404,0,1,0
19.5995995995996,-0.001878990190607552,0.13941460470900122,0.9936467353388718,-0.028795007631763972,-1.4141876685883054e-05,-0.14385763651185313,0.13480432015336155,0.1320018176980476,0,1,0
19.61961961961962,0.0009194216600803638,0.1399205925343958,0.9931035025031778,-0.027161641784702185,-0.0028398080314833234,-0.1412833014112804,0.13506416038225416,0.13229171562182757,0,1,0
19.63963963963964,0.003716619724081722,0.13985990320006791,0.9926010974520442,-0.025120252556679448,-0.005665950063742086,-0.14130709511352582,0.1352893799378278,0.1325974854105429,0,1,0
19.65965965965966,0.006501415633440402,0.13923979546793397,0.9921473706911961,-0.022686338042406405,-0.008478893169647889,-0.14064714864884442,0.13548800910970507,0.13288699328512554,0,1,0
19.67967967967968,0.00926257154005733,0.1380577953308464,0.9917495060632147,-0.019893231399073154,-0.011243498565997243,-0.13823026304782865,0.1356552311197553,0.1331400556988404,0,1,0
19.6996996996997,0.011988911165641037,0.13631698127918535,0.9914136506817215,-0.01679276907465654,-0.014007251180765505,-0.1381876238731126,0.1357863958265605,0.1334064083449284,0,1,0
19.71971971971972,0.01466938635069127,0.1340237592525117,0.9911455847586671,-0.013403296152720859,-0.01671353181431367,-0.13531402474245807,0.13588792421038717,0.13362538221991763,0,1,0
19.73973973973974,0.017292953773278788,0.13117837112937578,0.9909499168562853,-0.009783395119091128,-0.019353523126593487,-0.13199955863531357,0.13594420034057297,0.13380987530660338,0,1,0
19.75975975975976,0.019848814917723213,0.12779305722222126,0.9908300474549261,-0.005993470067958378,-0.021950065178694748,-0.12982709560974848,0.13595555933682849,0.1339815029499579,0,1,0
19.77977977977978,0.02232639228704025,0.12387886846585185,0.9907884967094087,-0.002077537275867035,-0.024420239905506014,-0.12350872935186098,0.13592742991275156,0.13407507085311507,0,1,0
19.7997997997998,0.024715332422550865,0.11944700677553077,0.9908260194163024,0.0018761353446833861,-0.026761058113431036,-0.11704090343605805,0.13583845607076164,0.13411720423148984,0,1,0
19.81981981981982,0.0270058381088946,0.1145252843171867,0.990941692781461,0.00578366825792861,-0.028989817112684425,-0.11143794305261767,0.1356974872560896,0.13413011805603217,0,1,0
19.83983983983984,0.029188659704232935,0.1091410797669167,0.9911333808252448,0.009584402189189758,-0.031094584222195697,-0.10523834863571443,0.13551694249856439,0.13410714604527083,0,1,0
19.85985985985986,0.03125504752207486,0.10331939089209616,0.9913978214302969,0.013222030252604215,-0.0330805446429067,-0.09929801428463188,0.1352956405879666,0.13405748463920467,0,1,0
19.87987987987988,0.03319676101408738,0.0970856746006263,0.9917307497271834,0.016646414844330163,-0.034883093687802944,-0.0901274455974502,0.13504403125802691,0.1339437251827676,0,1,0
19.8998998998999,0.03500618495610809,0.09047119710103528,0.992126501560813,0.019787591681477684,-0.03663345959380908,-0.08751828877380204,0.13473214347902193,0.13386419459722795,0,1,0
19.91991991991992,0.03667644167070623,0.08351283572990702,0.9925790376167859,0.02262680279864949,-0.038335002359684414,-0.08507713190551099,0.1344141089711446,0.13379565572265503,0,1,0
19.93993993993994,0.03820080864055496,0.07621834849243649,0.9930823857172498,0.02516740502319799,-0.03984203799098807,-0.07535177532571699,0.134097344571982,0.13364358184731528,0,1,0
19.95995995995996,0.039572895656454825,0.0686043507949932,0.9936293518382424,0.027348306049630813,-0.041213763909027215,-0.06858628982045298,0.13371417150323328,0.13346823865509394,0,1,0
19.97997997997998,0.04078705545626874,0.06070798999069586,0.9942114346293468,0.02910413955522033,-0.04227654811935797,-0.05313920459530979,0.13334414135178596,0.13319383461576517,0,1,0
20.0,0.04183834165997088,0.052564310185106905,0.9948188750308937,0.03037202007734864,-0.0431174214740529,-0.042043661975023815,0.1329060086894161,0.1329020362716194,0,1,0
