time,x,x_dot,z,z_dot,theta,theta_dot,u1,u2,x_ref,z_ref,theta_ref
0.0,0.27395604855596334,-0.0012224312049589538,1.3020370878759355,0.003947360581187278,-0.24349359126741027,0.009512447032735119,0.05632337490583853,0.06250323575046257,0,1,0
0.02002002002002002,0.2735072973217507,-0.02243756171063152,1.2999044371198138,-0.10663253780608485,-0.23860906476893404,0.24422632492381177,0.05658617320518169,0.05632337490488367,0,1,0
0.04004004004004004,0.2726558113020727,-0.04257430098390046,1.2954770694953937,-0.2213683812210107,-0.23432642682848517,0.21413189702244267,0.056323374956870405,0.05672659456696754,0,1,0
0.06006006006006006,0.27140897204256587,-0.062341962975342266,1.2887614051659935,-0.33578321647001097,-0.22886745999299782,0.27294834177436916,0.05632339127287332,0.05661779843767673,0,1,0
0.08008008008008008,0.26977493075507863,-0.08170206437436152,1.279760423982333,-0.4500490591830204,-0.22307226327218807,0.28975983604048516,0.056323644564631535,0.05710986707445981,0,1,0
0.10010010010010009,0.26776141564047856,-0.10067575573000227,1.2684866130414245,-0.5636905470454221,-0.2163654881868602,0.33533875426639576,0.05632385004140371,0.0571905158383796,0,1,0
0.12012012012012012,0.26537815768232653,-0.11916289790760021,1.2549470114865018,-0.6769800777461419,-0.20838501984546123,0.39902341706994826,0.06961028411985462,0.07026349155562783,0,1,0
0.14014014014014015,0.26255323515601575,-0.14124612631553948,1.2395295760820453,-0.7708717702228249,-0.19984657164354908,0.42692241009560744,0.11030471546996191,0.1112808517560909,0,1,0
0.16016016016016016,0.2590528611209917,-0.17501870175120243,1.2234258719307198,-0.8051852075662765,-0.18970745974260717,0.5069555950470938,0.13483048907007464,0.1355385033694279,0,1,0
0.18018018018018017,0.25476227230350734,-0.21452944087421755,1.2073514120833013,-0.8037229923709239,-0.17863326870222715,0.5537095520190025,0.14649245074638123,0.14726529345853157,0,1,0
0.20020020020020018,0.24965708190636057,-0.2552595198573382,1.1916543990540958,-0.7848506514602814,-0.1664143065235712,0.6109481089327994,0.15213240466389638,0.15273336800880324,0,1,0
0.22022022022022023,0.24375690813246495,-0.29500868869478153,1.176504968140697,-0.7574715456699428,-0.1539148535733034,0.6249726475133894,0.15332592710769083,0.15422681106562863,0,1,0
0.24024024024024024,0.23711049572300108,-0.3323206204731932,1.1619509000190695,-0.727703406081375,-0.1405952777684043,0.6659787902449559,0.15369790798946958,0.15445431045349836,0,1,0
0.2602602602602603,0.2297736181507311,-0.3668438786134983,1.1480090398840934,-0.6970930067488076,-0.12634754694323783,0.7123865412583213,0.15333868317158422,0.15374924953945565,0,1,0
0.2802802802802803,0.22180991165216415,-0.39818532492834824,1.1346716794388891,-0.6668680222602144,-0.11224285961901978,0.7052343662109046,0.15178943761922434,0.15245206287585167,0,1,0
0.3003003003003003,0.21328956668689147,-0.42601724826363435,1.1219046290675283,-0.6383525185680413,-0.0976541131148742,0.7294373252072791,0.15173818264923908,0.15216526924832058,0,1,0
0.3203203203203203,0.20427707437732084,-0.4506246154785313,1.1097095730982716,-0.6097527984628411,-0.08294472882924062,0.7354692142816789,0.15158124192768543,0.15190785015596023,0,1,0
0.34034034034034033,0.1948389149622575,-0.47190797075316726,1.098086383592864,-0.5811594752703793,-0.06804768273419194,0.7448523047524332,0.15207906499358184,0.15216946877483978,0,1,0
0.36036036036036034,0.18504068725096462,-0.4899113855646439,1.0870513433457454,-0.5517520123559272,-0.05344639682706552,0.7300642953563199,0.15247303987697347,0.15256673857626535,0,1,0
0.38038038038038036,0.17494862067592235,-0.5046033287521132,1.076620294048965,-0.5215524648390159,-0.03840523465337773,0.75205810868439,0.15418028034896758,0.1536978923267122,0,1,0
0.40040040040040037,0.16462693530404626,-0.5160842685938036,1.066838290597741,-0.48910017256121296,-0.02399924969123657,0.7202992481070583,0.15460537446101674,0.15416454816238406,0,1,0
0.42042042042042044,0.1541438034447657,-0.5241565929640283,1.057720673106079,-0.45588087458309157,-0.01009223341281142,0.6953508139212573,0.15593277911080916,0.15540963648577286,0,1,0
0.44044044044044045,0.14356395122081086,-0.5289926111977419,1.0493065686857324,-0.42070522101733565,0.0038818944834782274,0.6987063948144825,0.15727794440985238,0.1562234251826923,0,1,0
0.46046046046046046,0.13295148751169972,-0.5306231854555569,1.0416279733597638,-0.38392976629842973,0.016839266586195566,0.6478686051358671,0.1574941886521671,0.15656018040414493,0,1,0
0.4804804804804805,0.12237131119893391,-0.5290088156382907,1.0346921664668864,-0.3467903446438651,0.02867922266272707,0.5919978038265755,0.1571404077421283,0.15639010325945393,0,1,0
0.5005005005005005,0.11188313605728926,-0.524408757082232,1.028489655909674,-0.31012552786062697,0.039963518010457215,0.564214767386507,0.1570594718457109,0.1561041732031364,0,1,0
0.5205205205205206,0.10154168671458466,-0.51707246713523,1.023012684016918,-0.2738485946377912,0.050101685733797426,0.506908386167011,0.15615430267269634,0.15536307089864304,0,1,0
0.5405405405405406,0.09139754331614922,-0.5072071699217724,1.0182340447839704,-0.2389319616473793,0.05997620543322999,0.4937259849716279,0.15562198285558,0.15439384928447317,0,1,0
0.5605605605605606,0.08149579597801532,-0.49508736690669497,1.0141284357825107,-0.20528045007298168,0.06940900192853983,0.47163982476549104,0.1548352028874783,0.15323342590079544,0,1,0
0.5805805805805806,0.07187962731175454,-0.4808084333130391,1.0106636451143751,-0.17323953340678017,0.07785125120736137,0.42211246394107915,0.15384690722977346,0.1522172014425572,0,1,0
0.6006006006006006,0.06258978456475739,-0.4644921373498575,1.0078064081415556,-0.14286184864096926,0.0845241567552419,0.3336452773940244,0.15243625571200312,0.1513381401413557,0,1,0
0.6206206206206206,0.053661128468757785,-0.4464328047999802,1.0055192981456174,-0.11435549979691333,0.09004290333315347,0.2759373288955771,0.1511177076485472,0.1501966360596046,0,1,0
0.6406406406406406,0.045119744168540823,-0.42706921501084805,1.0037628408850683,-0.08782286302745688,0.0948629265259676,0.24100115964070887,0.1492549911457125,0.148233843573059,0,1,0
0.6606606606606606,0.036984408299236396,-0.4067667934652215,1.0024777891626202,-0.06425258612239887,0.09899441443711417,0.206574395557328,0.14761282693001712,0.14649472299459998,0,1,0
0.6806806806806807,0.0292710428078609,-0.3856682745687747,1.0016117474882227,-0.04330208371988161,0.10209270039167055,0.15491429772781914,0.14573052517600305,0.14475747798725072,0,1,0
0.7007007007007007,0.021991467186463887,-0.3639787810698507,1.0011091236686367,-0.025131190979295313,0.10461281994623388,0.12600597772816713,0.14356516610458295,0.1424814062082564,0,1,0
0.7207207207207207,0.015151690881137062,-0.34198881526634123,1.0009027100813002,-0.010320679366823049,0.10633876931504734,0.08629746844067224,0.1418802997593388,0.14085303051692702,0,1,0
0.7407407407407407,0.008757098623648214,-0.31972961287444235,1.0009422610305663,0.0019775474633019416,0.10636652673083756,0.0013878707895124548,0.13980022455427807,0.13946966574136177,0,1,0
0.7607607607607607,0.0028085722903221514,-0.29742631666630315,1.001175731628764,0.011673529909880234,0.10577360639936452,-0.029646016573652883,0.1379355368387191,0.1376676113829343,0,1,0
0.7807807807807807,-0.002699944763114682,-0.27542585267184166,1.00154889397248,0.018658117185802653,0.10427775198360355,-0.07479272078804801,0.1363494603453504,0.1363711468477975,0,1,0
0.8008008008008007,-0.007776244000440891,-0.2538149618663105,1.0020194001506935,0.023525308910671366,0.10273631515801186,-0.07707184127958353,0.13498873518858903,0.13477004173190402,0,1,0
0.8208208208208209,-0.012431408819136071,-0.232758240934759,1.002544151714733,0.02623757820198674,0.10091553937219501,-0.09103878929084415,0.13346602596838442,0.13354940599600887,0,1,0
0.8408408408408409,-0.01667613857639864,-0.21223648786312851,1.0030833115217461,0.02695799035065175,0.09887213897289306,-0.10217001996509659,0.13204367615621193,0.13200675775218706,0,1,0
0.8608608608608609,-0.02052254346575827,-0.19232024446798135,1.0035939038239456,0.025529615109980308,0.09659787528956071,-0.1137131841666166,0.13195000911718038,0.13181353114754238,0,1,0
0.8808808808808809,-0.023979627493139484,-0.17285420136906063,1.00407253216223,0.023931416914209927,0.09436672089177885,-0.1115577198890926,0.131856253598446,0.13144107245735875,0,1,0
0.9009009009009009,-0.027057104897738344,-0.153873870229943,1.004513227041322,0.022034743954597272,0.0915253615976041,-0.1420679647087381,0.13158576433705377,0.13132792986772596,0,1,0
0.9209209209209209,-0.029764682655394874,-0.1353788878828266,1.0049112024017337,0.0198987680205847,0.08840245161694793,-0.1561454990328082,0.13120016523720615,0.13092080905849038,0,1,0
0.9409409409409409,-0.032115002784824875,-0.11751600647150016,1.0052558359791655,0.017231678871584173,0.08530477560901482,-0.1548838003966558,0.13099675196584348,0.13051264708274446,0,1,0
0.960960960960961,-0.034121012029102636,-0.1003004622138881,1.0055392458030414,0.014170491193795532,0.08150614845505078,-0.18993135769820252,0.13076947618011062,0.13057460279372315,0,1,0
0.980980980980981,-0.03579550105707688,-0.08372445139871226,1.005760091376424,0.011042278669121134,0.0778009422286091,-0.18526031132208376,0.13058272356591225,0.13019595687776594,0,1,0
1.001001001001001,-0.03715405822338737,-0.06792785831552454,1.0059113075842085,0.007560810389224105,0.0739104641452167,-0.19452390416962037,0.13056766400598266,0.13017859607453133,0,1,0
1.021021021021021,-0.038211117331978996,-0.052852955429581246,1.0059936169397,0.00411546777457039,0.06951422263267931,-0.21981207562687005,0.1303186541952582,0.13049299463641628,0,1,0
1.0410410410410411,-0.038981981944412054,-0.03854323062165282,1.0060091843313792,0.0007783695839609799,0.06529459195826182,-0.21098153372087505,0.13012422604706989,0.13011911838434687,0,1,0
1.0610610610610611,-0.03948423316380372,-0.02511256096958321,1.0059508842721923,-0.0029150029593502554,0.06072645439407161,-0.2284068782095097,0.13041632639636924,0.13059153495095469,0,1,0
1.0810810810810811,-0.03973362976280183,-0.012469829949905422,1.0058311753011753,-0.005985448550844518,0.05602748526423484,-0.23494845649183857,0.13061295917149365,0.13086259969732347,0,1,0
1.1011011011011012,-0.03974725068403056,-0.000681046061436515,1.0056581350516918,-0.008652012474176988,0.05059950512384158,-0.2713990070196626,0.13071732151705814,0.13147673906789417,0,1,0
1.1211211211211212,-0.03954326965339749,0.010199051531653501,1.0054434958325036,-0.010731960959414293,0.04564089644609114,-0.24793043388752242,0.1308975006966408,0.13142873362139698,0,1,0
1.1411411411411412,-0.03914311177712669,0.020007893813539686,1.00519037142591,-0.012656220329674677,0.04153735377930185,-0.20517713333946508,0.1312932444125543,0.131315809116175,0,1,0
1.1611611611611612,-0.038565483971273226,0.02888139029267338,1.004903907374774,-0.014323202556797055,0.03688749826334915,-0.2324927757976345,0.13153860963036615,0.13195949019120173,0,1,0
1.1811811811811812,-0.03782639855964756,0.0369542705812833,1.0045979883132325,-0.015295953077079058,0.032902819605712744,-0.19923393288182006,0.13177049921901593,0.13182571511335342,0,1,0
1.2012012012012012,-0.036943607551411926,0.04413955041178172,1.004274796347307,-0.01615959829627418,0.02837960486746271,-0.22616073691250196,0.13194007941180128,0.13241760120044938,0,1,0
1.2212212212212212,-0.035932258137558654,0.050567470692663805,1.0039461654185065,-0.016431546440034726,0.023351615672038875,-0.2513994597711916,0.1317671377293535,0.13293446266899284,0,1,0
1.2412412412412412,-0.03481029898236213,0.05609795775982614,1.0036177374761934,-0.016421397115647957,0.018902358483496938,-0.22246285942709687,0.13195986242853514,0.13291544057570812,0,1,0
1.2612612612612613,-0.03359731454095162,0.060649222070525505,1.0032925963496953,-0.016257056324905282,0.014544327296207114,-0.21790155936449132,0.13212479472587965,0.13318038918358296,0,1,0
1.2812812812812813,-0.032311027259704556,0.06431436406235334,1.002977476685863,-0.015755983191611023,0.010950142091476767,-0.17970926023651732,0.13235156158700787,0.13306338208229526,0,1,0
1.3013013013013013,-0.030968701376223717,0.06711629417404195,1.002674283167074,-0.01515967593944702,0.00802856078204925,-0.14607906547137584,0.13259716121143425,0.13298737861485643,0,1,0
1.3213213213213213,-0.029584546404890943,0.06920774856663862,1.0023856987806843,-0.014429219319492158,0.005627917080653383,-0.1200321850697933,0.13279201594467827,0.132927575166369,0,1,0
1.3413413413413413,-0.02817005940117293,0.07072435018590079,1.002113821247021,-0.013593876683156415,0.003506337989502415,-0.10607895455754839,0.1328976409827796,0.13291616227505285,0,1,0
1.3613613613613613,-0.026734684525869457,0.07176874376517353,1.0018600967855518,-0.012686223073467378,0.00152043407255839,-0.09929519584720126,0.1329421701172257,0.13293249697282197,0,1,0
1.3813813813813813,-0.025286560898551583,0.07240618136589372,1.001625449840869,-0.011732347234138492,-0.0007993712225604874,-0.11599026475594384,0.1328491809741366,0.133133725503108,0,1,0
1.4014014014014013,-0.023833593604757064,0.072648364689726,1.0014114873316393,-0.010698125461483986,-0.003074706980941732,-0.1137667879190622,0.13281295644809693,0.13317422873825413,0,1,0
1.4214214214214214,-0.022384969597193046,0.07243120037820085,1.001218258194396,-0.009661456862168872,-0.005164071239097065,-0.10446821290776664,0.1326574390605751,0.13311368623937903,0,1,0
1.4414414414414414,-0.020949676618931223,0.0717646489130912,1.001042526329235,-0.008786593258043252,-0.0069227629631106935,-0.08793458620068137,0.13274067810142032,0.13308783730620163,0,1,0
1.4614614614614614,-0.019536024477654026,0.0706826070638598,1.000885092931112,-0.007871669906157534,-0.00826217483522727,-0.06697059360582874,0.1328128202167046,0.13297761683147644,0,1,0
1.4814814814814814,-0.01815079444001185,0.0692615018821087,1.0007453361868657,-0.006987837212316875,-0.0095619397940882,-0.06498824794304654,0.1327780576405246,0.13299613161772356,0,1,0
1.5015015015015014,-0.01679920174309569,0.0675796348458081,1.0006229600380563,-0.006118807440465069,-0.010838737301688137,-0.06383987537999695,0.13271169968882834,0.13300192760168594,0,1,0
1.5215215215215214,-0.015486704652786704,0.06562485451544924,1.000517006658411,-0.005297668982267636,-0.011301449897283638,-0.02313562977977491,0.13288380726726362,0.13271484567383904,0,1,0
1.5415415415415414,-0.014217926478958623,0.06343890869140399,1.000425707356392,-0.004564965100953969,-0.011990769684782658,-0.034465989374951086,0.13274923868381208,0.13277250681923394,0,1,0
1.5615615615615615,-0.012994736728524163,0.061159487521723,1.0003478900222567,-0.003890866706769371,-0.012557144918267243,-0.02831876167422922,0.13271408898604165,0.13271612025492005,0,1,0
1.5815815815815815,-0.011819557850664696,0.058758943892973294,1.0002821554664805,-0.003286727788804279,-0.013464476327148256,-0.045366570444050486,0.13254497408875948,0.13283824533341407,0,1,0
1.6016016016016015,-0.01069462877422437,0.056246453822016304,1.0002277698766318,-0.0027192794924399744,-0.014356513589584351,-0.04460186312180469,0.13246242304403177,0.132838813411697,0,1,0
1.6216216216216217,-0.00962344739023925,0.05355906919925603,1.0001834626646704,-0.0022153605980626753,-0.015181945663270675,-0.04127160368431653,0.13237819420960753,0.1328417884608481,0,1,0
1.6416416416416417,-0.008609713164120755,0.050686711305924725,1.0001479728128135,-0.0017744925928404659,-0.01537190459155956,-0.009497946414444444,0.1325010357852968,0.13263471999678542,0,1,0
1.6616616616616617,-0.007656231012861625,0.04767410756295647,1.0001199972461938,-0.0013987783309890674,-0.01590125666828728,-0.026467603836385595,0.13230857689886039,0.1327341396595373,0,1,0
1.6816816816816818,-0.0067639209953045,0.04461550087785628,1.0000981399864306,-0.0010928629881575818,-0.016057594700805325,-0.007816901625902616,0.13235960188468532,0.132623515607297,0,1,0
1.7017017017017018,-0.005934543964964319,0.041468851517009055,1.0000814805145068,-0.0008329735961840128,-0.01645259224657904,-0.019749877288685783,0.1321991042872286,0.13269482561600782,0,1,0
1.7217217217217218,-0.00516890494598471,0.03828195094898046,1.000068683510668,-0.0006398501919457761,-0.01638510742416209,0.0033742411208475577,0.132288562194403,0.1325614750692921,0,1,0
1.7417417417417418,-0.004468211362297102,0.03503467918438039,1.0000590703547194,-0.0004806577974270645,-0.016567483764072344,-0.00911881699551283,0.1321262692316725,0.13263043887997442,0,1,0
1.7617617617617618,-0.0038319939504679124,0.031810870591459456,1.0000512602559264,-0.00039050493965344404,-0.017057693410187817,-0.024510482305773473,0.13194232465888175,0.13274291722224915,0,1,0
1.7817817817817818,-0.0032611719122732303,0.028541101909734093,1.0000441813018874,-0.0003539477019425299,-0.017085002988881236,-0.0013654789346708857,0.13202979436181933,0.1326296040815416,0,1,0
1.8018018018018018,-0.002757357207450019,0.025190735241160563,1.0000374177441926,-0.00033817788474179854,-0.017288733926793715,-0.010186546895624097,0.13188956989907527,0.13269338949677428,0,1,0
1.8218218218218218,-0.0023211878419823963,0.021808468273381135,1.000029835212264,-0.0003791265964230342,-0.016335274681130215,0.04767296228317491,0.13227514142215155,0.13242249277125095,0,1,0
1.8418418418418419,-0.0019530810259178152,0.018405340803229055,1.000023119264966,-0.0003357973649071165,-0.01543341836047047,0.04509281603298719,0.13220633830002554,0.13239695339257174,0,1,0
1.8618618618618619,-0.0016492818904443973,0.015189956773670892,1.0000159345515196,-0.00035923567232172174,-0.014426981383548183,0.05032184884611417,0.13223218864772693,0.13236182362988919,0,1,0
1.8818818818818819,-0.0014059250033470366,0.012167844354868042,1.0000082001328208,-0.00038672093494080924,-0.013895709290023019,0.02656360467625825,0.1320404924274056,0.13249364254152168,0,1,0
1.901901901901902,-0.0012191880830703223,0.009336846013835713,0.9999990883572958,-0.00045558877624858444,-0.013223787973248673,0.03359606583871723,0.13207135611419735,0.13246616086214688,0,1,0
1.921921921921922,-0.0010869612277325203,0.006611342766890093,0.9999886799025216,-0.0005204227387063581,-0.012424201442362968,0.0399793265442851,0.1320967603561244,0.13242799183122878,0,1,0
1.941941941941942,-0.0010066535897839605,0.00401538189742799,0.9999768224073923,-0.0005928747564678957,-0.011376229663613138,0.05239858893749159,0.1321965966326545,0.13236990462492704,0,1,0
1.961961961961962,-0.0009747739986946661,0.0015939795544647212,0.9999641756541586,-0.0006323376616799257,-0.010830593146141489,0.02728182587358253,0.1320021278226249,0.132506957014677,0,1,0
1.981981981981982,-0.0009874681562650762,-0.0006347078785205094,0.9999499385738102,-0.0007118540174212948,-0.009940042717995985,0.0445275214072751,0.13216738051319804,0.13246360573485993,0,1,0
2.002002002002002,-0.0010424098285613662,-0.0027470836148144983,0.999935942013413,-0.0006998280198615182,-0.009203554849966183,0.03682439340148998,0.1320654096289421,0.1324631947909505,0,1,0
2.022022022022022,-0.0011362857797983248,-0.004693797561847924,0.9999207053668351,-0.0007618323288953678,-0.00810211683554148,0.05507190072123541,0.13219683421432132,0.1324205016212453,0,1,0
2.042042042042042,-0.0012657343036899225,-0.0064724261945798885,0.9999055717623985,-0.0007566802218330816,-0.007655286410165679,0.022341521268789973,0.13193515346949136,0.13257792951433867,0,1,0
2.062062062062062,-0.0014267540387259275,-0.008050986751800257,0.9998890340643857,-0.0008268849006400835,-0.006837442347519447,0.04089220313231158,0.1321266145799179,0.13253892968211894,0,1,0
2.0820820820820822,-0.0016179194121423717,-0.00955826867082221,0.9998733658391361,-0.0007834112624785961,-0.005189760812202903,0.08238407676582721,0.1324387575001985,0.13227364858430196,0,1,0
2.1021021021021022,-0.0018357690898269873,-0.010892483884230779,0.9998592838742228,-0.0007040982456637901,-0.0036278631379809715,0.07809488371109657,0.1325006351176949,0.1323095255987363,0,1,0
2.1221221221221223,-0.002073623995244117,-0.011892745270856485,0.9998482739582426,-0.0005504957990135361,-0.0025644391450644587,0.053171199645825645,0.13238186373160546,0.1324447368819351,0,1,0
2.1421421421421423,-0.0023255598862183522,-0.012596794548711761,0.9998406041827945,-0.000383488772406883,-0.0013741657925545098,0.05951366762549742,0.13246779832203792,0.13239155846226291,0,1,0
2.1621621621621623,-0.002587549864482216,-0.013099498913193192,0.999836770040955,-0.00019170709197735634,0.00013153022328062946,0.07528480079175698,0.13257111341141817,0.13220971532099268,0,1,0
2.1821821821821823,-0.002854532850867884,-0.013349149319283398,0.9998356142471385,-5.7789690823980525e-05,0.0009899627778408137,0.04292162772800921,0.13235447493663555,0.13233075161905813,0,1,0
2.2022022022022023,-0.003120715647080018,-0.013309139810606715,0.9998357219720209,5.386244117679161e-06,0.0016976022643020567,0.03538197432306214,0.13234979761976376,0.13237205375228767,0,1,0
2.2222222222222223,-0.0033825706720001926,-0.013092751246008722,0.9998376328933523,9.554606656863644e-05,0.0019798289192336387,0.014111332746579101,0.13215823028295937,0.13251390868461752,0,1,0
2.2422422422422423,-0.003637517761887425,-0.01274735449436162,0.999840605341405,0.00014862240263305136,0.0024705959527207247,0.024538351674354288,0.13225074906158732,0.13244214997894008,0,1,0
2.2622622622622623,-0.003884293086825761,-0.012338766246916807,0.9998449439779153,0.00021693182552065207,0.0027254242409276964,0.012741414410348616,0.1321443224718456,0.13245730717012075,0,1,0
2.2822822822822824,-0.004121051831742828,-0.011837937245853369,0.9998492912799247,0.00021736510046643502,0.002976022308606597,0.012529903383945046,0.13216538598183605,0.13245690732720086,0,1,0
2.3023023023023024,-0.004346837513500617,-0.011289284087889477,0.9998539507741854,0.00023297471303409002,0.0032728540919940946,0.014841589169374919,0.13220399081878104,0.13243762834917874,0,1,0
2.3223223223223224,-0.004560742536357383,-0.010695251142838317,0.9998592057171591,0.0002627471486876065,0.0036981869316457137,0.02126664198258099,0.1322767724748493,0.13239008108490488,0,1,0
2.3423423423423424,-0.00476125960221532,-0.010025853292896824,0.9998654258343396,0.0003110058590207967,0.0034768314571430514,-0.011067773725133158,0.13205548708142795,0.1325649100059347,0,1,0
2.3623623623623624,-0.004946809972052266,-0.009277518491847296,0.9998719162964392,0.00032452310498522186,0.003071787667680717,-0.020252189473116695,0.13196398486010721,0.13260431737970627,0,1,0
2.3823823823823824,-0.0051181726900191475,-0.00856813589834409,0.9998779082312029,0.00029959673818354365,0.0023881211198215073,-0.03418332739296047,0.13182778797387115,0.1326801289830007,0,1,0
2.4024024024024024,-0.005277418303787592,-0.007962280688422245,0.9998825126502174,0.00023022095072579643,0.0024994295970448828,0.0055654238611687196,0.13212889664145686,0.13248381095795925,0,1,0
2.4224224224224224,-0.005427087523538807,-0.00748346098756074,0.9998872904384357,0.00023888941091437148,0.002728535496061913,0.011455294950851552,0.13208743093448871,0.13243216319855156,0,1,0
2.4424424424424425,-0.005566253474890931,-0.006958297567606175,0.9998908609370929,0.00017852493285804962,0.00209963954304738,-0.03144479765072668,0.13176507834397092,0.13266846437398427,0,1,0
2.4624624624624625,-0.005694236500472946,-0.006399151279100789,0.999891947942834,5.435028705436608e-05,0.0014579141968245448,-0.032086267311141725,0.1317837270155013,0.13273757991828347,0,1,0
2.4824824824824825,-0.0058140931000953315,-0.005992829981119251,0.9998918596121423,-4.41653458247559e-06,0.0019746309316859187,0.025835836743068698,0.13224443959811635,0.13245249735861073,0,1,0
2.5025025025025025,-0.005927905215620011,-0.005690605776234004,0.9998932032880687,6.718379632283497e-05,0.002212093737571092,0.01187314029425869,0.13208306100478234,0.13243722275004377,0,1,0
2.5225225225225225,-0.006033428635496583,-0.005276170993828592,0.999893357261464,7.698669761604142e-06,0.0018477444782986324,-0.018217462963622998,0.13189330607927205,0.13263175239395766,0,1,0
2.5425425425425425,-0.006130195334703922,-0.004838334960366952,0.9998923912779268,-4.8299176858598865e-05,0.0020688334048789927,0.011054446329017979,0.13215274502859747,0.1325118379004166,0,1,0
2.5625625625625625,-0.006219315983142118,-0.004456032421909752,0.9998923761616649,-7.558130980351319e-07,0.0019534992320042847,-0.005766708643735411,0.1320013695884876,0.1325655030208246,0,1,0
2.5825825825825826,-0.006300187235150989,-0.0040435626004435565,0.9998918618935043,-2.571340802893539e-05,0.002156553034862536,0.010152690142912542,0.13216032041395187,0.13250708218274895,0,1,0
2.6026026026026026,-0.006372974975377503,-0.00363938701132569,0.9998923391138349,2.3861016531966592e-05,0.0019447812836601874,-0.010588587560117386,0.1319876568578222,0.13259250298789324,0,1,0
2.6226226226226226,-0.006437208781660619,-0.0032116903141558213,0.999892512908062,8.68971135877393e-06,0.0021352094832279406,0.009521409978387647,0.13210269317790455,0.13249326972076134,0,1,0
2.6426426426426426,-0.006493625492524169,-0.002820835543177524,0.9998926193409525,5.321644526456454e-06,0.002363882489344948,0.011433650305850371,0.13213833875843667,0.13247697956390614,0,1,0
2.6626626626626626,-0.006541281834005918,-0.002382817074087413,0.9998929436901771,1.6217461230041513e-05,0.0021987507685549495,-0.008256586039499947,0.1320169363701938,0.13259404335730757,0,1,0
2.6826826826826826,-0.006579150532911082,-0.00189343494525822,0.999893419489121,2.3789947198212495e-05,0.0015647483187708696,-0.03170012248920396,0.13182904144173774,0.1327272968335291,0,1,0
2.7027027027027026,-0.006608215245520704,-0.0014532356304810883,0.9998932385922764,-9.044842233301436e-06,0.0013491251003112056,-0.01078116092298324,0.13199076238876348,0.1326429783347833,0,1,0
2.7227227227227226,-0.006631228096457731,-0.0011506425468513419,0.9998935529033826,1.5715555305561982e-05,0.0018598884232825415,0.02553816614856678,0.1322539882735664,0.1324188834673315,0,1,0
2.7427427427427427,-0.006649073998534881,-0.00089229510385751,0.9998949429756436,6.950361305146758e-05,0.0027750278515882767,0.04575697141528676,0.13242570037250045,0.1322637842277015,0,1,0
2.7627627627627627,-0.006659413245336596,-0.0005169623400857696,0.9998976508503389,0.00013539373476339058,0.003175850139653707,0.020041114403271523,0.13229498057114727,0.1323952993252075,0,1,0
2.7827827827827827,-0.006658887288025331,2.6297865563255506e-05,0.9999016789388546,0.00020140442578945222,0.0037045753175934575,0.026436258896987495,0.13237864138853284,0.13233951495157686,0,1,0
2.8028028028028027,-0.006645926205538214,0.0006480541243558286,0.9999074344911248,0.00028777761350980185,0.004238830773005674,0.026712772770610845,0.1324120346743067,0.13230292009983405,0,1,0
2.8228228228228227,-0.006618178128206526,0.001387403866584417,0.9999148615589226,0.0003713533898889854,0.004166309463111541,-0.0036260654947066,0.13220776718059618,0.13246072724518906,0,1,0
2.8428428428428427,-0.006573543540624063,0.0022317293791231183,0.9999232621830378,0.0004200312057615056,0.0037403077384739586,-0.02130008623187913,0.1320698136328495,0.13254062217083892,0,1,0
2.8628628628628627,-0.0065126989358267155,0.0030422302398673672,0.9999317766526551,0.0004257234808601224,0.0038585414682469114,0.0059116864886476425,0.13224548268057373,0.13234997291134734,0,1,0
2.8828828828828827,-0.0064369421091668945,0.0037878413329910346,0.9999401895455033,0.0004206446424125808,0.003483038627419448,-0.018775142041373188,0.1320865885934541,0.13249005838949174,0,1,0
2.9029029029029028,-0.006345796898314401,0.004557260542624651,0.9999482205332252,0.0004015493860926194,0.0028036562396363007,-0.03396911938915733,0.13196408988103106,0.1325770140612913,0,1,0
2.9229229229229228,-0.0062409189103087084,0.005243899400284624,0.9999553487600391,0.0003564113406957487,0.002315139285519316,-0.024425847705849286,0.13200809428063218,0.13251965109477992,0,1,0
2.942942942942943,-0.006125026019678315,0.005794644531519682,0.9999613854130762,0.00030183265185708576,0.0020204145032559277,-0.0147362391131694,0.13207043555919204,0.13246615967492767,0,1,0
2.962962962962963,-0.006000240176631599,0.006239292152335805,0.999966467376081,0.0002540981502394718,0.002210207481992797,0.009489648936843457,0.1322503518487357,0.13231770071434248,0,1,0
2.982982982982983,-0.005867762475554007,0.006623885053879579,0.9999710639528685,0.00022982883937795786,0.002698170549892598,0.024398153394990074,0.13238705225949662,0.1322137861842979,0,1,0
3.003003003003003,-0.005726615927035624,0.007057327425919154,0.9999756596747519,0.00022978609416807413,0.0028320946540829166,0.0066962052095159395,0.13229594269292008,0.13230095128305247,0,1,0
3.023023023023023,-0.005575011514044525,0.007580220649554921,0.999980191410059,0.00022658676535473475,0.002979777432796165,0.007384138935662399,0.13250848022452644,0.1323209997878765,0,1,0
3.043043043043043,-0.005412062534070281,0.008147448998712219,0.9999881034620585,0.0003956025999710851,0.0022920606556452957,-0.03438583885754347,0.132198404760859,0.13254247528664784,0,1,0
3.063063063063063,-0.0052371175462401325,0.00874724939150741,0.999998078832363,0.0004987685152304849,0.001030641764930401,-0.06307094453574473,0.13196075616356998,0.1327321119466337,0,1,0
3.083083083083083,-0.005053001353825695,0.009205809620721876,1.0000094116757556,0.0005666421696252932,-0.00023817702645895624,-0.06344093956946786,0.13187048044837657,0.1327373166878848,0,1,0
3.103103103103103,-0.004865148293316438,0.009392653025462846,1.000020848800366,0.0005718562305136086,-0.0005140671736934293,-0.013794507361723655,0.13209722764995827,0.13238134944551724,0,1,0
3.123123123123123,-0.004678085471793355,0.009353141076154143,1.0000304777201963,0.00048144599152294984,-0.0011307654149553049,-0.030834912063093762,0.13199772219138292,0.13253218037915698,0,1,0
3.143143143143143,-0.0044934021028234595,0.009234168448494747,1.0000390598664883,0.00042910731460655454,-0.0009070641356788585,0.011185063963822305,0.13223304614003845,0.13223988643151124,0,1,0
3.163163163163163,-0.004313486817294987,0.008995764276423606,1.0000457500982627,0.0003345115887148709,-0.0003145214392935933,0.029627134819263264,0.13238112139865013,0.13211097193556465,0,1,0
3.183183183183183,-0.00413712352544182,0.008818164592658379,1.0000508347004382,0.0002542301087753798,-0.00022301563258468474,0.004575290335445428,0.13226824596108205,0.13228335657060075,0,1,0
3.203203203203203,-0.003961897569415437,0.008761297801319125,1.000055198005662,0.00021816526118932595,-0.0005779357352533429,-0.017746005133432913,0.13213811959521157,0.1324434403453859,0,1,0
3.2232232232232234,-0.003787549411030509,0.00871740791924642,1.0000592845061087,0.00020432502233494446,-0.0009540281146278041,-0.018804618968723073,0.13186851899338284,0.13240915836451456,0,1,0
3.2432432432432434,-0.0036156144766601173,0.008596746718519588,1.0000585919047333,-3.463006876433891e-05,-0.0008784379442246021,0.003779508520160124,0.13204836392559913,0.13230759234756023,0,1,0
3.2632632632632634,-0.0034475920825088034,0.008401119707565697,1.0000542826172956,-0.00021546437188758912,-0.0005232590687124351,0.017758943775608334,0.13220227737275075,0.13225892225038857,0,1,0
3.2832832832832834,-0.0032830424700071984,0.008227480625080245,1.0000479189927332,-0.000318181228117192,-0.00032447643211209814,0.00993913183001685,0.13221108845390678,0.1323383920935114,0,1,0
3.3033033033033035,-0.0031205628213045785,0.008123982435131,1.0000408115281068,-0.0003553732313198609,-0.00024299890988838146,0.004073876111185834,0.13220640079969787,0.13238976698432076,0,1,0
3.3233233233233235,-0.0029590284631585287,0.008076717907302496,1.0000336528157632,-0.0003579356171765639,-0.0008975971799341026,-0.03272991350228605,0.13199197139766183,0.13266616085399685,0,1,0
3.3433433433433435,-0.00279843752555338,0.008029546880257437,1.0000273609794725,-0.00031459181453006105,-0.0012815730096193086,-0.019198791484260312,0.13204218165873666,0.13258351705954294,0,1,0
3.3633633633633635,-0.0026412866039584528,0.007857546079746357,1.0000214533595633,-0.0002953809954669345,-0.0016341145753086812,-0.017627078284468616,0.1320350888675985,0.1325874098591952,0,1,0
3.3833833833833835,-0.002489040518258928,0.007612304284976229,1.0000158805979475,-0.00027863808078099056,-0.0020190772175608476,-0.019248132112608306,0.13200702287004024,0.1326142117151665,0,1,0
3.4034034034034035,-0.0023433689790836212,0.007283576958765335,1.000010621680682,-0.0002629458632740344,-0.0018300662925932168,0.00945054624838152,0.132172316920239,0.1324235561514846,0,1,0
3.4234234234234235,-0.002205350860827401,0.006900905912810998,1.0000052978713838,-0.00026619046491787153,-0.0021704192069921325,-0.01701764571994579,0.13211196930024993,0.13268009368804484,0,1,0
3.4434434434434436,-0.002074516676646587,0.006541709209040704,1.0000028171590678,-0.00012403561580119786,-0.0022610155851093354,-0.004529818905860138,0.13213734504461738,0.1325705015870821,0,1,0
3.4634634634634636,-0.001952382422306541,0.006106712717002307,1.0000019269354135,-4.451118271299364e-05,-0.0018448006401128555,0.020810747249824006,0.13227082601276527,0.13237206328056084,0,1,0
3.4834834834834836,-0.0018390924601683742,0.005664498106908341,1.0000016628037103,-1.3206585158006084e-05,-0.0015767073638350098,0.013404663813892315,0.1322316075502096,0.13240466543019153,0,1,0
3.5035035035035036,-0.0017330220410963677,0.005303520953600326,1.000001929590637,1.3339346340089446e-05,-0.001371358137576054,0.010267461312947763,0.13221357291200841,0.13241115854303184,0,1,0
3.5235235235235236,-0.001632983256747881,0.005001939217424332,1.0000025576819025,3.140456327310703e-05,-0.0014612051400591474,-0.0044923501241546804,0.13202439182211126,0.13240368846740533,0,1,0
3.5435435435435436,-0.0015380666315254947,0.0047458312611193135,1.0000006346258818,-9.615280103008918e-05,-0.0018849402787218755,-0.021186756933136403,0.13189220079808683,0.13251072598992056,0,1,0
3.5635635635635636,-0.0014486934943271313,0.004468656859918174,0.9999957893307496,-0.000242264756613039,-0.0023081141363909537,-0.021158692883453862,0.13192198481462933,0.13258368950358257,0,1,0
3.5835835835835836,-0.0013666279057205695,0.004103279430328085,0.9999895435502972,-0.00031228902261748394,-0.002492015127006067,-0.009195049530755674,0.13198088082584758,0.1325290103702903,0,1,0
3.6036036036036037,-0.0012939556605456146,0.003633612258747745,0.999981957403663,-0.000379307331711987,-0.0016920575311654925,0.03999787979202871,0.13237244209178875,0.13228072315636918,0,1,0
3.6236236236236237,-0.0012312109089984656,0.0031372375773574455,0.9999751528071114,-0.0003402298275837137,-0.0007761962431264414,0.04579306440195256,0.1324446458820611,0.13227823884399256,0,1,0
3.6436436436436437,-0.0011746878299547514,0.002826153952185709,0.9999701685716753,-0.00024921177180338227,-0.0008902659783152334,-0.005703486759439588,0.13206455322249444,0.1325286967851767,0,1,0
3.6636636636636637,-0.0011212275300820438,0.002673014993635377,0.999965087154222,-0.00025407087266354056,-0.000681487004843722,0.010438948673575567,0.1321929202640569,0.13244741176882383,0,1,0
3.6836836836836837,-0.0010712532267503955,0.002498715166582414,0.9999606057707353,-0.00022406917433972123,-0.0003604259586722374,0.01605305230857423,0.13227014119530256,0.13242975809553553,0,1,0
3.7037037037037037,-0.0010238029910951978,0.0023725117827598867,0.9999576070602275,-0.0001499355253905773,-0.00027535639263175825,0.004253478302023954,0.13218631438083736,0.13247882848810646,0,1,0
3.7237237237237237,-0.0009776955093431785,0.0023053740876009636,0.9999555755792507,-0.00010157404883833867,-0.00016561219282480057,0.005487209990347884,0.13219921269707616,0.13246605875892584,0,1,0
3.7437437437437437,-0.0009324185488038432,0.0022638480269667667,0.9999545125630963,-5.315080772317183e-05,-0.000394244654223206,-0.011431623069920273,0.13206122613748014,0.13254833666938814,0,1,0
3.7637637637637638,-0.0008874530801044764,0.002248273434968339,0.9999535920167337,-4.602731813010704e-05,-0.0009543241162887389,-0.028003973103276653,0.13189292467531394,0.13262355426493166,0,1,0
3.7837837837837838,-0.0008436760679504482,0.0021888506077014066,0.9999514345548864,-0.00010787309236227461,-0.0016864609330481345,-0.03660684083796976,0.1318128139679992,0.13271273085703153,0,1,0
3.803803803803804,-0.0008038551073649793,0.0019910480292734452,0.9999481739986247,-0.0001630278130869727,-0.001348895006043473,0.016878296350233066,0.13215830855979668,0.1324089917492484,0,1,0
3.823823823823824,-0.0007705281690089176,0.001666346917803087,0.9999444260423082,-0.0001873978158287916,-0.0010964804054788653,0.012620730028230373,0.13218702210597563,0.13245790439283534,0,1,0
3.843843843843844,-0.0007421940356247561,0.0014167066692080718,0.9999413431002848,-0.00015414710116768522,-0.001249428422742723,-0.00764740086319288,0.1320093430980078,0.13254126845615272,0,1,0
3.863863863863864,-0.0007181429292789544,0.0012025553172900854,0.9999375285914429,-0.00019072544209434704,-0.0010482058761560578,0.010061127329333255,0.13216109674849194,0.13247156581570446,0,1,0
3.883883883883884,-0.0006990713905415675,0.0009535769368693475,0.9999341979676863,-0.00016653118782747336,-0.000479321331564689,0.02844422722956845,0.13234613241525695,0.13239287070965117,0,1,0
3.903903903903904,-0.0006838687011280262,0.000760134470677065,0.9999329271619094,-6.354028884827993e-05,-0.00037018034174317094,0.005457049491075897,0.13217536567490518,0.13248882312456917,0,1,0
3.923923923923924,-0.0006702958287297745,0.0006786436199125854,0.9999326078683127,-1.59646798318599e-05,-0.0005151304506028094,-0.007247505442981925,0.13205150695435353,0.13253161322392132,0,1,0
3.943943943943944,-0.0006581253877368187,0.0006085220496477851,0.9999320384903229,-2.8468899491395626e-05,-0.0003905218889172671,0.006230428084277123,0.1321561415162466,0.13246696850316875,0,1,0
3.963963963963964,-0.0006480172975929086,0.0005054045071955087,0.9999318114186211,-1.1353585087836014e-05,4.65196763447155e-05,0.021852078263099123,0.1323125491267836,0.13239935029436078,0,1,0
3.983983983983984,-0.0006392645782100438,0.00043763596914323964,0.9999332419988298,7.152901043839364e-05,0.0001974012700401995,0.0075440796847741996,0.1322083442969485,0.13245092329872532,0,1,0
4.004004004004004,-0.0006302246659645359,0.0004519956122753987,0.9999355494682788,0.0001153734724499972,0.000326624235617612,0.006461148278870625,0.13219783800853782,0.13243991353968615,0,1,0
4.024024024024024,-0.0006201763966128452,0.0005024134675845365,0.9999384142967003,0.00014324142107687704,0.00018335762504833656,-0.007163330528463769,0.13230190740595016,0.13251554697514317,0,1,0
4.044044044044044,-0.0006087202314413447,0.0005728082585750246,0.9999444981691771,0.00030419362383920384,-4.829622810100221e-05,-0.01158269265746694,0.132204135251603,0.13248821382048748,0,1,0
4.064064064064064,-0.0005964323722090448,0.0006143929616149991,0.9999519452398824,0.0003723535352681645,-0.0002874873771916751,-0.011959557454533646,0.13216294020056144,0.13247119214897454,0,1,0
4.084084084084084,-0.0005842971470085119,0.0006067612600266416,0.9999598920085164,0.00039733843170345256,-0.0003696520007937251,-0.004108231180102499,0.1321928201093606,0.13241516576078888,0,1,0
4.104104104104104,-0.000573216546542819,0.0005540300232846453,0.9999679505623152,0.00040292768994294693,-0.00043215525691094736,-0.0031251628058611134,0.13218321472446454,0.13240080308048693,0,1,0
4.124124124124124,-0.0005629828691360889,0.0005116838703365063,0.9999757656237914,0.0003907530738113108,-0.0014986560581014973,-0.05332504005952749,0.13179897879983607,0.13270936439479614,0,1,0
4.1441441441441444,-0.0005542688776027044,0.00043569957666922805,0.9999822161846762,0.00032252804423630026,-0.0021868800339056873,-0.03441119879020953,0.1318943129343086,0.13264583931549864,0,1,0
4.1641641641641645,-0.0005511107851485453,0.00015790462270795258,0.999987770547874,0.0002777181598933987,-0.0028990788544126576,-0.03560994102534845,0.13184162732299895,0.1326819693590831,0,1,0
4.1841841841841845,-0.0005562882289781083,-0.0002588721914781498,0.9999921791942752,0.00022043232006106178,-0.003395631528478723,-0.024827633703303306,0.13187646708346093,0.1326493906083442,0,1,0
4.2042042042042045,-0.0005723136860311549,-0.0008012728526523273,0.9999954694394917,0.00016451226082311448,-0.004255135723437393,-0.04297520974793344,0.13168771365388346,0.13277396897841645,0,1,0
4.2242242242242245,-0.000601181890964311,-0.0014434102466578044,0.9999966853165917,6.0793855001630014e-05,-0.005109518836705526,-0.04271915566340677,0.13145288474053549,0.13287814700506234,0,1,0
4.2442442442442445,-0.0006465252512814702,-0.0022671680158579616,0.9999938800527194,-0.0001402631936142267,-0.005140890173858589,-0.0015685668576531434,0.13164877230501335,0.1326213724179115,0,1,0
4.2642642642642645,-0.0007121672729677258,-0.003282101084312779,0.9999861391871329,-0.00038704327932410643,-0.0037562647991340515,0.0692312687362269,0.13228494509438635,0.13233197599481028,0,1,0
4.2842842842842845,-0.0007978802964226632,-0.004285651172746867,0.9999786034139555,-0.00037678865886871444,-0.002392670739474946,0.06817970298295524,0.13236533476570464,0.13233963864915294,0,1,0
4.3043043043043046,-0.0008981820896322993,-0.005015089660481807,0.9999726011914261,-0.0003001111264698322,-0.0011910604131371678,0.06008051631688895,0.13237478719165077,0.13236600354760183,0,1,0
4.324324324324325,-0.0010074169970554496,-0.00546174537115752,0.999968678356812,-0.00019614173070364954,-0.0007119970693192004,0.023953167190898364,0.13212990480775685,0.13252677830301574,0,1,0
4.344344344344345,-0.0011208928963235337,-0.005673794963404199,0.9999655956463062,-0.00015413552529486968,-0.0005736396923496253,0.006917868848478767,0.1320089664064082,0.13260893908748558,0,1,0
4.364364364364365,-0.0012371361174621743,-0.005812161056932028,0.9999627796888733,-0.00014079787164514299,0.0001745669735808791,0.03741033329652521,0.1322627879039053,0.13244497881019135,0,1,0
4.384384384384385,-0.0013556958755323264,-0.005927987903507606,0.999961561895991,-6.0889644117122384e-05,0.0013774080617279662,0.060142054407354345,0.13248212741355853,0.13229594287996885,0,1,0
4.404404404404405,-0.0014731175414991647,-0.0058710832983419154,0.9999629831017726,7.106028908079575e-05,0.0017400357407674318,0.01813138395197328,0.1321911709782353,0.1324738821491992,0,1,0
4.424424424424425,-0.001584756199252856,-0.00558193288768457,0.9999653631944204,0.00011900463239556812,0.0017736034625364203,0.0016783860884494427,0.1320751219400837,0.13248470878343724,0,1,0
4.444444444444445,-0.0016896053507067363,-0.005242457572694009,0.9999671403385337,8.885720566693447e-05,0.0023666285624325666,0.029651254994807322,0.13232055730410047,0.13233927026977468,0,1,0
4.464464464464465,-0.0017875204278652303,-0.004895753857924707,0.9999697962210011,0.00013279412336755038,0.0031753536725162694,0.04043625550418515,0.13242978352346613,0.1322404512409144,0,1,0
4.484484484484485,-0.001875967873416275,-0.004422372277552233,0.9999734795026515,0.00018416408251721843,0.0036211956142706996,0.022292097087721476,0.132324225208131,0.13229724950322422,0,1,0
4.504504504504505,-0.0019521865777883034,-0.003810935218601418,0.9999774582044918,0.00019893509201511175,0.004605724133767117,0.04922642597482092,0.13254373683972515,0.13209107550251561,0,1,0
4.524524524524525,-0.0020135600154763465,-0.0030686718844021485,0.9999819237446813,0.0002232770094740457,0.004094989823253218,-0.025536715525694878,0.13188524380065686,0.1323351077779068,0,1,0
4.544544544544545,-0.002056589872534583,-0.0021514928529118155,0.999980719763235,-6.019907231781177e-05,0.0034318440099311504,-0.033157290666103366,0.13189775180736044,0.13246825815434285,0,1,0
4.564564564564565,-0.002083331966528834,-0.0013371046997125466,0.9999760173899461,-0.0002351186644412228,0.0028107364637066264,-0.031055377311226193,0.1319485793146657,0.13252435878264485,0,1,0
4.584584584584585,-0.0020965979492874325,-0.000663299137929934,0.9999694133122079,-0.00033020388691154474,0.0026346683039962086,-0.008803407985520949,0.13211806221861863,0.1324254941447849,0,1,0
4.604604604604605,-0.002098474067123927,-9.380589182472515e-05,0.9999619628384666,-0.00037252368706335617,0.0020036307239809283,-0.03155187900076402,0.13198564242812613,0.13259858452864845,0,1,0
4.624624624624625,-0.002090213323466677,0.00041303718286250226,0.9999542710482033,-0.00038458951316649813,0.0022335696492026026,0.01149694626108376,0.13244642129046053,0.13254418781214342,0,1,0
4.644644644644645,-0.002073727874203778,0.0008242724631449647,0.9999523643362612,-9.533559710753632e-05,0.00183668254121035,-0.019844355399612622,0.1321683515812203,0.1326555418888874,0,1,0
4.664664664664665,-0.0020482274895333025,0.0012750192335237805,0.999953766304869,7.009843038896605e-05,0.0013185537057487638,-0.025906441773079353,0.13206552067945176,0.13265430961411143,0,1,0
4.684684684684685,-0.0020154198233434087,0.001640383309494693,0.9999569357992162,0.00015847471735934554,0.0010314847559131086,-0.014353447491782743,0.13209861021902092,0.13256325671482738,0,1,0
4.704704704704705,-0.0019769569889749533,0.0019231417184227657,0.9999610158925367,0.0002040046660263095,0.000129905526238873,-0.045078961483711794,0.1318573640780078,0.13275369538581766,0,1,0
4.724724724724725,-0.001934142224860312,0.0021407382057320686,0.9999652544739286,0.00021192906959114312,-0.0007079451558181034,-0.041892534102848815,0.13183994724235384,0.13276551825348862,0,1,0
4.744744744744745,-0.0018904633290155587,0.0021839447922376624,0.9999695705943932,0.0002158060232283102,-0.0015552477167070356,-0.0423651280444466,0.13178324740750375,0.13278828699708145,0,1,0
4.764764764764765,-0.0018494413348556721,0.0020510997079943253,0.9999734605596396,0.0001944982623215389,-0.001892806026603733,-0.01687791549483488,0.1319106608785158,0.13264948011392944,0,1,0
4.784784784784785,-0.0018142340700828586,0.0017603632386406767,0.9999767521625628,0.00016458014615419159,-0.002244215667187743,-0.017570482029200425,0.1318827084723183,0.13267002171568765,0,1,0
4.804804804804805,-0.0017864261392619033,0.0013903965410477694,0.9999793338131726,0.00012908253049403944,-0.002056806988493728,0.00937043393470069,0.13205396706921235,0.1325187389096424,0,1,0
4.824824824824825,-0.0017674861506809525,0.0009469994290475346,0.9999814991691839,0.0001082678005653868,-0.0014027437767418747,0.032703160587592664,0.13222328162620117,0.13241010937376263,0,1,0
4.844844844844845,-0.0017562749611646522,0.0005605594758150156,0.999984149180005,0.00013250054105529228,-0.0012748668877913608,0.0063938444475257,0.1320532716260544,0.13254995334381148,0,1,0
4.864864864864865,-0.0017505648369085058,0.0002855062128073155,0.9999868409902087,0.0001345905101864581,-0.0007627260430327622,0.025607042237929922,0.13218877176418187,0.13242211595454112,0,1,0
4.884884884884885,-0.001749751109685776,4.068636113649615e-05,0.9999896887601308,0.0001423884961075981,-0.0002684762967099821,0.024712487316139006,0.13219724058494736,0.1324041699036557,0,1,0
4.904904904904905,-0.001751438671123617,-8.437807189205985e-05,0.9999925540073892,0.0001432623629162961,-0.00055265942646609,-0.014209156487805404,0.13193198281164403,0.13262655000890203,0,1,0
4.924924924924925,-0.001753808195487344,-0.00011847621818634426,0.9999948024922304,0.0001124242420617427,-0.0009924973268596623,-0.0219918950196786,0.1318707528366896,0.13269870019203361,0,1,0
4.944944944944945,-0.0017582862837883437,-0.00022390441504999158,0.9999965960316889,8.967697292661215e-05,-0.0008770673471363049,0.005771498986167856,0.13204287175068152,0.1325381784067756,0,1,0
4.964964964964965,-0.0017665973630032119,-0.00041555396074340626,0.9999981054670003,7.547176557294675e-05,-0.0004691182874494232,0.020397452984344075,0.13215932568815048,0.1324523261321173,0,1,0
4.984984984984985,-0.0017781756814389405,-0.0005789159217864308,0.9999997848060224,8.396695110369987e-05,-0.000144089150606453,0.016251456842148515,0.13214007010002946,0.13245829483964985,0,1,0
5.005005005005005,-0.0017913038997133483,-0.0006564109137203893,1.0000014381463331,8.266701553734043e-05,-0.00010428988945800271,0.0019899630574225138,0.13205244048690504,0.13253791634522386,0,1,0
5.025025025025025,-0.0018053045265431305,-0.0007000313414891096,1.0000029472606589,7.545571628986583e-05,0.0009373553414856147,0.052082261547180875,0.1324296292940345,0.13191153501380593,0,1,0
5.045045045045045,-0.001819238169673871,-0.0006966821565370259,1.0000006205426994,-0.00011633589796679999,0.0006684190376156356,-0.013446815193498954,0.13206247060571014,0.13236255677399214,0,1,0
5.065065065065065,-0.0018292257734453764,-0.000499380188575267,0.999995701779476,-0.00024593816116970726,0.00013278272883887623,-0.026781815438837966,0.1320282791982647,0.13253293337262492,0,1,0
5.085085085085085,-0.0018364437554542216,-0.00036089910044225806,0.9999902114493059,-0.00027451650850642586,-0.00027217771576948586,-0.020248022230418102,0.13206613529452219,0.13252323543084168,0,1,0
5.105105105105105,-0.0018429733027189284,-0.00032647736323533475,0.9999845680081002,-0.00028217206028412385,-0.0006238816034733558,-0.0175851943851935,0.13207948075853668,0.13253381582190576,0,1,0
5.125125125125125,-0.0018504475433577445,-0.00037371203194080276,0.999979125924767,-0.00027210416665886234,-0.0008376074188825512,-0.01068629077045977,0.1321114559793478,0.13250397830671967,0,1,0
5.145145145145145,-0.0018602914848495295,-0.0004921970745892482,0.9999739160902711,-0.000260491724798422,-0.0008722851106214672,-0.0017338845869457973,0.1321596554983575,0.132453483670598,0,1,0
5.165165165165165,-0.0018730344998716942,-0.0006371507511082303,0.9999689037051414,-0.0002506192564852085,-0.0013982126834255922,-0.026296378640206258,0.1320179737647441,0.1326524462536951,0,1,0
5.185185185185185,-0.0018889035466703981,-0.0007934523399352012,0.9999649371004734,-0.0001983302333989495,-0.0019638934518278806,-0.028284038420114406,0.13185116629583404,0.13255855183492815,0,1,0
5.205205205205205,-0.0019100223632740672,-0.0010559408301834509,0.9999581508519877,-0.00033931242428291504,-0.0023770091640236543,-0.02065578560978868,0.1319486721456729,0.1326198864638651,0,1,0
5.225225225225225,-0.0019385566707308614,-0.0014267153728397036,0.9999508966815657,-0.00036270852109957516,-0.002764132243691114,-0.019356153983373023,0.13192568007494251,0.1329364467637654,0,1,0
5.245245245245245,-0.0019763615949768454,-0.001890246212299192,0.9999475205982926,-0.00016880416365443564,-0.0024071618903760885,0.017848517665751316,0.13192923218818847,0.13250793572230038,0,1,0
5.265265265265265,-0.002024599743547934,-0.0024119074285544246,0.9999417199277478,-0.0002900335272416305,-0.002291779292515636,0.005769129893022614,0.13176468655563028,0.13248642866735968,0,1,0
5.285285285285285,-0.0020821126078420355,-0.0028756432147050764,0.99993074390355,-0.0005488012098916212,-0.001811657760083499,0.02400607662160688,0.13200645449598808,0.13249040193984,0,1,0
5.305305305305305,-0.0021480634997517933,-0.003297544595487895,0.9999182383426778,-0.0006252780436094425,-0.001901455007969579,-0.004489862394304003,0.13180580114385007,0.13264714954157641,0,1,0
5.325325325325325,-0.0022209117665863416,-0.0036424133417274247,0.9999035578821213,-0.0007340230278262473,-0.0016024172674228413,0.014951887027336873,0.13205131660734543,0.13266205892118582,0,1,0
5.345345345345345,-0.002301137172809145,-0.004011270311140169,0.9998905617575552,-0.0006498062283053048,-0.0008560227976785676,0.037319723487213685,0.13220087212150908,0.13249310503479175,0,1,0
5.365365365365365,-0.0023872286864987276,-0.004304575684479133,0.9998789632917454,-0.0005799232904885582,-0.0005574723014978031,0.014927524809038226,0.13203966653263083,0.13257727508721565,0,1,0
5.385385385385385,-0.002476446575754088,-0.004460894462768011,0.9998676236956399,-0.0005669798052777235,-0.00013814346438845634,0.02096644185546735,0.13213097848205638,0.1325719568496736,0,1,0
5.405405405405405,-0.002567545203057842,-0.004554931365187707,0.9998578175705252,-0.0004903062557353772,0.00018296239545603877,0.016055292992224756,0.13211244502202812,0.13258798735070892,0,1,0
5.425425425425425,-0.002658696479563628,-0.004557563825289298,0.9998495071758352,-0.00041551973449814757,8.232794942793746e-05,-0.005031722301405063,0.13194745476072836,0.1326031639482624,0,1,0
5.445445445445445,-0.002748936507542056,-0.004512001398921404,0.9998404718196058,-0.0004517678114704059,0.00027318354342832657,0.009542779700019453,0.13210702132640426,0.13258145837298776,0,1,0
5.465465465465465,-0.0028387239400933548,-0.004489371627564932,0.9998327545215105,-0.00038586490476138395,0.0007330558536558974,0.022993615511378546,0.1322368445968197,0.13251627255962573,0,1,0
5.485485485485485,-0.0029271322636092736,-0.004420416175795943,0.9998273116810322,-0.00027214202391528746,0.0009620758759108709,0.01145100111274868,0.1322406716975165,0.13263678429331666,0,1,0
5.505505505505505,-0.0030122022606503505,-0.00425349985205386,0.9998259826188824,-6.645310748680698e-05,0.0007544481351812983,-0.010381387036478638,0.13199482681316432,0.1326634488507126,0,1,0
5.525525525525525,-0.0030929219386842725,-0.004035983901696103,0.9998255161531182,-2.3323288210143312e-05,9.885955803113279e-05,-0.03277942885750827,0.13199647662850766,0.1329546399264578,0,1,0
5.545545545545545,-0.0031700492942028894,-0.003856367775930854,0.9998302506716763,0.00023672592790686747,-0.0008812794601108736,-0.049006950907100305,0.13173477329699804,0.1329730820170421,0,1,0
5.565565565565565,-0.003246326420281575,-0.003813856303934286,0.9998365792253268,0.0003164276825220513,-0.001642407351172007,-0.038056394553056656,0.13166657011667468,0.13285742348244617,0,1,0
5.585585585585585,-0.0033257390770123105,-0.0039706328365367635,0.9998417751542018,0.00025979644375480413,-0.001945467953596628,-0.015153030121231082,0.13173612343531166,0.13270513587610885,0,1,0
5.605605605605605,-0.0034112022904527212,-0.004273160672020541,0.9998446099119581,0.0001417378878170966,-0.0020901790912218055,-0.007235556881258867,0.13176562914738518,0.13267431296426418,0,1,0
5.625625625625625,-0.003504324930830234,-0.004656132018875654,0.9998450637504291,2.2691923550113613e-05,-0.001302516921238964,0.03938310849914208,0.1318395682846427,0.13230760159583188,0,1,0
5.645645645645645,-0.0036055417951213102,-0.005060843214553811,0.9998388000814897,-0.0003131834469712318,-0.00016114687357419408,0.057068502383238476,0.1321152371257154,0.13228781223624544,0,1,0
5.665665665665665,-0.003712057168394491,-0.005325768663659043,0.9998296203389001,-0.00045898712948085,0.0016530439494480509,0.09070954115111224,0.1325710986467387,0.13219321857491798,0,1,0
5.685685685685685,-0.0038188913951846264,-0.005341711339506762,0.9998228822576409,-0.00033690406295796535,0.0027245443306242343,0.05357501905880915,0.13246434062471749,0.13241140670534976,0,1,0
5.7057057057057055,-0.003918604137030864,-0.004985637092311866,0.9998202293799422,-0.00013264388493862368,0.002694431800871452,-0.001505626487639064,0.13210740596385218,0.13268280394266946,0,1,0
5.7257257257257255,-0.004007574435567499,-0.004448514926831714,0.9998203819998635,7.630996065251526e-06,0.003174029812302287,0.02397990057154177,0.13228170105727155,0.13250217925919014,0,1,0
5.7457457457457455,-0.004085804404405132,-0.00391149844188166,0.9998232444105752,0.00014312053558674954,0.0036380735544298353,0.02320218710637736,0.13230164868280475,0.1324694235881228,0,1,0
5.7657657657657655,-0.004151144025908432,-0.003266981075165042,0.9998286191677075,0.00026873785661150743,0.0035084395094859082,-0.006481702247196339,0.13209841062400127,0.13259985087080928,0,1,0
5.7857857857857855,-0.004202054933047391,-0.0025455453569479384,0.9998354193854481,0.0003400108870282359,0.003568421361068678,0.00299909257913851,0.1321589454251823,0.132521494871688,0,1,0
5.8058058058058055,-0.004238870696545221,-0.0018407881748915042,0.9998433817239057,0.00039811692288526567,0.0033455592911857605,-0.01114310349414587,0.1320546710718166,0.132577778821772,0,1,0
5.8258258258258255,-0.004261148161064657,-0.001113873225971786,0.9998517934587093,0.0004205867401803685,0.0025407974834083624,-0.040238090388869954,0.13185344574448216,0.1327994855535117,0,1,0
5.8458458458458455,-0.004270565268682402,-0.0004708553808872698,0.9998609606812994,0.00045836112950360403,0.0030231940839306427,0.024119830026114036,0.13226008218489335,0.13239929838602177,0,1,0
5.865865865865866,-0.004269608873234219,4.781977240917649e-05,0.9998709876215437,0.0005013470122178801,0.002837892848747095,-0.009265061759177427,0.13203841393528484,0.13255765405699027,0,1,0
5.885885885885886,-0.0042565883243931135,0.0006510274420552832,0.9998809303706929,0.000497137457460956,0.0026551015681242685,-0.00913956403114131,0.13204394058468502,0.13255599566754123,0,1,0
5.905905905905906,-0.00423232647569567,0.001213092434872172,0.9998908484296042,0.0004959029455618462,0.0026368120717274353,-0.0009144748198416548,0.13209628891740285,0.1324934502158413,0,1,0
5.925925925925926,-0.004197368911934548,0.0017478781880561319,0.999900592714227,0.00048721423114413956,0.0023431647838279986,-0.014682364394971826,0.13200445499951113,0.13256624156309868,0,1,0
5.945945945945946,-0.004151826364951043,0.002277127349175235,0.9999098814383515,0.0004644362062239031,0.001963378275260938,-0.01898932542835304,0.13196478075454865,0.13259094796306398,0,1,0
5.965965965965966,-0.004096630140717831,0.0027598112116606144,0.9999184960839569,0.00043073228026892197,0.0011080337713442758,-0.04276722519583312,0.13178002624038568,0.13274146567046252,0,1,0
5.985985985985986,-0.004033499123497402,0.003156550861021458,0.9999259331825234,0.00037185492832778814,0.00047311224813495576,-0.03174607616046598,0.13182800240346398,0.1327079768648464,0,1,0
6.006006006006006,-0.003965430124498134,0.003403449949963394,0.999932413451431,0.00032401344537820047,-0.0007034689499943755,-0.05882905990646657,0.13155887079701348,0.1328526480227256,0,1,0
6.026026026026026,-0.00389482661012093,0.0035301757188601827,0.9999360957662135,0.0001841157391220207,-0.0022631295884394218,-0.07798303192225231,0.13140805970442554,0.13289624850523094,0,1,0
6.046046046046046,-0.003826900026840978,0.0033963291639976024,0.999935393536756,-3.511147287299954e-05,-0.002889824109914874,-0.03133472607377257,0.1317466320212362,0.1327215414729213,0,1,0
6.066066066066066,-0.003767834095239184,0.0029532965800897035,0.9999327288520832,-0.00013323423363761092,-0.002853544950147262,0.0018139579883805976,0.13198223802328016,0.13258443089813307,0,1,0
6.086086086086086,-0.0037198676202665768,0.002398323748630358,0.9999295561456532,-0.00015863532150044366,-0.00286509755346597,-0.0005776301659354143,0.1319678731240519,0.1326144726423522,0,1,0
6.106106106106106,-0.003683185052828761,0.0018341283718907699,0.9999261084806343,-0.00017238325094215108,-0.0022430623083924037,0.0311017622536783,0.1321983972584002,0.13243189920663528,0,1,0
6.126126126126126,-0.0036572505132387617,0.0012967269794999755,0.9999230963242998,-0.00015060781672998632,-0.0024256141577545486,-0.009127592468107258,0.13194058695545652,0.1326838643746301,0,1,0
6.146146146146146,-0.0036398244348987718,0.0008713039169995067,0.9999204389604521,-0.00013286819238284307,-0.0026033454452550177,-0.00888656437502344,0.13190211160697468,0.1326709521343911,0,1,0
6.166166166166166,-0.0036316288941644565,0.0004097770367157595,0.9999173731380014,-0.00015329112253567234,-0.00272673307564426,-0.006169381519462096,0.13191318668395247,0.13267404638117483,0,1,0
6.186186186186186,-0.0036334458443073574,-9.084750714503931e-05,0.9999141073464355,-0.00016328957829551537,-0.002624467934435477,0.0051132570604391445,0.13198121308949953,0.13259974247505485,0,1,0
6.206206206206206,-0.0036459750012618817,-0.0006264578477262163,0.9999105474565209,-0.00017799449573028303,-0.0019779987753602074,0.032323457953763485,0.13219968797393822,0.13247365719326032,0,1,0
6.226226226226226,-0.003668627716303968,-0.0011326357521043054,0.9999080635075575,-0.00012419744817042345,-0.0014159674676793,0.028101565384045388,0.1322689940247699,0.13267788944436554,0,1,0
6.246246246246246,-0.003698520873898138,-0.001494657879708511,0.9999107128838651,0.00013246881538565478,-0.0015017570140791114,-0.004289477319990576,0.13194042397515693,0.1327564955550118,0,1,0
6.266266266266266,-0.0037338877511651786,-0.0017683438633520315,0.9999147920512149,0.00020395836749099116,-0.001040592939654636,0.023058203721223778,0.13205058784626028,0.13248643774717933,0,1,0
6.286286286286286,-0.0037750713446273736,-0.002059179673109756,0.9999179305759662,0.00015692623756823743,-0.0003090806410572371,0.03657561492986994,0.13225553648991412,0.13250858465861892,0,1,0
6.306306306306306,-0.003820332560750811,-0.002263060806171854,0.9999234958854651,0.00027826547494513377,0.0006801563917613505,0.04946185164092938,0.13236205280069738,0.13239131399369,0,1,0
6.326326326326326,-0.003866689413147073,-0.0023178426198131046,0.9999313286458735,0.00039163802042138364,0.001536983344469206,0.04284134763539277,0.13233083548245184,0.13237206311973052,0,1,0
6.346346346346346,-0.003909928142977739,-0.0021619364915333146,0.9999406786420063,0.00046749980664104835,0.0016282819494230676,0.004564930247693062,0.13206583035889677,0.1325485399944882,0,1,0
6.366366366366366,-0.003947044806817232,-0.001855833191974653,0.9999502294053281,0.00047753816609084464,0.001985919745536129,0.01788188980565307,0.13214536842531657,0.13243565789996287,0,1,0
6.386386386386386,-0.003977417654123711,-0.0015186423653239583,0.999959486225742,0.00046284102070128663,0.0019358966748936745,-0.0025011535321226887,0.1320142503928292,0.13254256564506908,0,1,0
6.406406406406406,-0.0039999461221236895,-0.001126423399998919,0.9999680881378061,0.0004300956032064454,0.0022381514585993363,0.015112739185283039,0.13214201060371844,0.13242417766518644,0,1,0
6.426426426426427,-0.004014587094326816,-0.0007320486101563369,0.9999761749009656,0.00040433815797205267,0.0022226123902726277,-0.0007769534163353971,0.13200828851057844,0.13252219041015975,0,1,0
6.446446446446447,-0.004020185807318561,-0.0002799356495872396,0.9999832154317021,0.0003520265368238608,0.002118149477655407,-0.00522314563086103,0.13197968644441652,0.13254111360051554,0,1,0
6.466466466466467,-0.004016389547447715,0.00018981299354228764,0.9999890673153039,0.0002925941800881248,0.0011506063740428449,-0.048377155180628115,0.1316763903144199,0.13281655470748407,0,1,0
6.486486486486487,-0.0040041444776621965,0.0006122534892759222,0.9999933197259996,0.00021262053478574307,0.0008027357772360234,-0.017393529840341072,0.1318593147498425,0.13264505834653081,0,1,0
6.506506506506507,-0.003986905822988463,0.0008619327336866738,0.9999961494437972,0.00014148588988178578,0.0001297983358956387,-0.03364687206701923,0.13174344115751221,0.13276911143576106,0,1,0
6.526526526526527,-0.003966329578480209,0.0010288122254126762,0.9999976801161301,7.653361664139469e-05,-0.00011876929361758055,-0.012428381475660964,0.13187306368489068,0.1325514648129195,0,1,0
6.546546546546547,-0.003945135526698611,0.0010597025890799223,0.9999966099518521,-5.350821389725446e-05,-6.70538846535929e-05,0.0025857704481993815,0.13201774188930934,0.1325143952690075,0,1,0
6.566566566566567,-0.003924120743869148,0.0010507391414731413,0.9999945352415407,-0.00010373551557196798,-0.00020272195112751556,-0.006783403323696133,0.1319766174216877,0.13259339410160287,0,1,0
6.586586586586587,-0.003903478414404472,0.00103211647323382,0.9999920179102093,-0.0001258665665696538,0.0003341155766889036,0.02684187639082096,0.13220569838624593,0.13238276355682163,0,1,0
6.606606606606607,-0.0038831148062131267,0.0010181804095672697,0.999989331580115,-0.00013431650471134668,-1.4686086726581867e-05,-0.017440083170774272,0.13195344381782703,0.13267601018440686,0,1,0
6.626626626626627,-0.0038614512883327805,0.0010831758940173168,0.9999870835380551,-0.00011240210299607236,0.00020262514150677335,0.010865561411667758,0.13202507390388363,0.13250659305515575,0,1,0
6.646646646646647,-0.003839826076434058,0.0010812605949361254,0.9999838249546171,-0.0001629291719012372,0.0007343944234394452,0.026588464096633603,0.13215930809478557,0.13240899499605657,0,1,0
6.666666666666667,-0.003817183919158158,0.0011321078637950102,0.9999800993165949,-0.0001862819011082555,0.0010024936233489286,0.013404959995474159,0.1321255559480639,0.1325010796523941,0,1,0
6.686686686686687,-0.003791648711585368,0.0012767603786395002,0.9999767702067878,-0.0001664554903604479,0.001508948043401468,0.025322721002626968,0.13223354491837802,0.13241844926278865,0,1,0
6.706706706706707,-0.003762018576604441,0.0014815067490463604,0.9999742120776889,-0.00012790645494626036,0.0018064506482085838,0.014875130240355788,0.13219994291669518,0.1324705517889527,0,1,0
6.726726726726727,-0.0037264396520137947,0.0017789462295323157,0.9999726959001864,-7.580887512300492e-05,0.002212434960680964,0.020299215623619023,0.13225398338384073,0.13241261169895602,0,1,0
6.746746746746747,-0.003683597812438228,0.0021420919787783297,0.9999721611339996,-2.673830934536474e-05,0.002343156875684931,0.006536095750198341,0.13218656751721275,0.13247821813953775,0,1,0
6.766766766766767,-0.003631712872887491,0.0025942469775368415,0.9999725769877622,2.079268813294124e-05,0.0019307008774013636,-0.02062279991417837,0.13201256292692434,0.13263823150426504,0,1,0
6.786786786786787,-0.0035703099192624832,0.0030701476812504025,0.9999737342548567,5.786335472385319e-05,0.0013003577714335113,-0.03151715529839262,0.13191407711229106,0.13270308723840502,0,1,0
6.806806806806807,-0.0035012416678395055,0.0034534125711488885,0.9999751375733924,7.016592678603671e-05,0.0010206853773998244,-0.013983619701684324,0.13199518343380823,0.13258838725705277,0,1,0
6.826826826826827,-0.0034267597292547106,0.0037240969292397525,0.9999762930542059,5.777404067464827e-05,0.0004982994053741799,-0.026119298601282245,0.131901699680378,0.13274014215755658,0,1,0
6.846846846846847,-0.0033479679933259197,0.003939586796439541,0.9999780654440243,8.86194909205583e-05,-6.23817240559199e-05,-0.028034056471504983,0.13184114049508294,0.1327405049707987,0,1,0
6.866866866866867,-0.0032672058740423394,0.004038105964179022,0.9999795640046808,7.492803282388558e-05,-5.829329555915395e-05,0.00020442142483829626,0.13200466413739242,0.1325676326565647,0,1,0
6.886886886886887,-0.0031866889981363366,0.004025843795300147,0.9999806509361531,5.4346573613274e-05,0.0002724744563179757,0.016538387593856483,0.13212897278584604,0.13246787670815297,0,1,0
6.906906906906907,-0.003106054312672052,0.004031734273214245,0.999981690313756,5.196888014725231e-05,8.148926765768457e-05,-0.009549259433014556,0.13197561912765107,0.13262949467540008,0,1,0
6.926926926926927,-0.003024355749771566,0.004084928145024297,0.9999828044710317,5.570786378160677e-05,0.0002970345217350119,0.01077726270386637,0.13210658845461495,0.13249822000515316,0,1,0
6.946946946946947,-0.0029422328599073683,0.004106144493209879,0.9999839889567655,5.9224286694044414e-05,0.0004968774101736389,0.00999214442193136,0.13211964551043234,0.13249651917075372,0,1,0
6.966966966966967,-0.002858709276067134,0.004176179192011712,0.9999854117948375,7.114190359444405e-05,0.00041522263179198985,-0.00408273891908246,0.13203733070321144,0.1325774673906076,0,1,0
6.986986986986987,-0.002772834844717881,0.004293721567462638,0.9999870522369783,8.20221070399345e-05,-0.00014082136990839855,-0.027802200085019414,0.13187076640219225,0.13272737044844002,0,1,0
7.007007007007007,-0.002684860149986195,0.004398734736584307,0.9999886634209957,8.055920087300048e-05,-0.0010556195273695181,-0.04573990787305597,0.13171283015110324,0.13285166043215607,0,1,0
7.027027027027027,-0.0025973911654551297,0.0043734492265532715,0.9999897472060992,5.4189255175867225e-05,-0.0012840839440270344,-0.011423220832875822,0.13195838180271002,0.13251991124801032,0,1,0
7.047047047047047,-0.0025141064881191097,0.004164233866801007,0.9999890248713802,-3.611673595271545e-05,-0.0011057580072621116,0.008916296838246154,0.13214135663049098,0.13244709183236972,0,1,0
7.067067067067067,-0.002435837262698014,0.003913461271054788,0.9999881287514051,-4.480599875627968e-05,-0.0008466083958921639,0.012957480568497357,0.13218540929488412,0.13242464763137982,0,1,0
7.087087087087087,-0.0023622381403415275,0.0036799561178243335,0.9999873799460475,-3.744026787899047e-05,0.00012926556709882026,0.0487936981495492,0.13247106222445823,0.13220608889053295,0,1,0
7.107107107107107,-0.0022915234787426837,0.0035357330799421784,0.9999877733161888,1.9668507068200317e-05,-6.0952916085707626e-05,-0.009510924159226393,0.13206649286148234,0.1325073352090938,0,1,0
7.127127127127127,-0.002220115076995671,0.0035704200873506306,0.999987778605486,2.644648623471662e-07,-0.00036860294259873056,-0.015382501325651153,0.13202035474433568,0.13255176183573575,0,1,0
7.147147147147147,-0.002148842541754628,0.0035636267620521487,0.999987370795553,-2.039049665410276e-05,-0.0005601671786414728,-0.00957821180213711,0.13205709563040804,0.13253243844686516,0,1,0
7.167167167167167,-0.0020785280274420843,0.0035157257156271915,0.9999868079960325,-2.8139976027912493e-05,-0.0014205605803811916,-0.04301967008698592,0.13180023225124493,0.13274226242920117,0,1,0
7.187187187187187,-0.0020098683322979085,0.0034329847572087836,0.999985393102785,-7.074466237030663e-05,-0.0026779699905766213,-0.06287047050977153,0.13163105203539496,0.13290792432613943,0,1,0
7.207207207207207,-0.0019462872367930315,0.0031790547752438537,0.9999830713370834,-0.00011608828507684075,-0.003961609145805852,-0.06418195776146148,0.13154433095264847,0.13295167808731467,0,1,0
7.227227227227227,-0.0018930495682377615,0.0026618834277635003,0.9999791967772348,-0.0001937279924295066,-0.004506115288458814,-0.02722530713264812,0.13167407406726334,0.13276768168070938,0,1,0
7.247247247247247,-0.0018545850599699172,0.0019232254133922148,0.999972950223534,-0.00031232768503580645,-0.005698294183963895,-0.05960894477525397,0.1313679020521966,0.13296530510166488,0,1,0
7.267267267267267,-0.0018340239594479455,0.0010280550260985829,0.9999627164324515,-0.0005116895541268559,-0.005174780843468359,0.026175667024776764,0.1319694075250607,0.1325501984667503,0,1,0
7.287287287287287,-0.001835377806987447,-6.769237697507621e-05,0.9999512361926776,-0.0005740119886988192,-0.005020032256655577,0.007737429340639118,0.1318737638800849,0.13268512207643568,0,1,0
7.307307307307307,-0.0018566081258706377,-0.0010615159441595449,0.9999391035681563,-0.0006066312260651908,-0.0049960889717037315,0.0011971642475922693,0.1318092588529385,0.1327299095506779,0,1,0
7.327327327327327,-0.0018973946149407883,-0.0020393244535075314,0.9999260300708065,-0.000653674867488721,-0.004429925455234504,0.028308175823461363,0.13202336707402318,0.13260946122453987,0,1,0
7.347347347347347,-0.001957368815585457,-0.002998710032233419,0.9999134044704742,-0.0006312800166149009,-0.004102326903644042,0.016379927579523036,0.1319342055992144,0.13266770709833303,0,1,0
7.367367367367367,-0.0020343537274679782,-0.0038492455941260733,0.9999007788741096,-0.0006312798182320646,-0.0037793245029782286,0.016150120033290742,0.13193435072716342,0.13267515770544552,0,1,0
7.387387387387387,-0.0021270694036640077,-0.0046357838098014794,0.999888271297141,-0.0006253788484280989,-0.003421360057899143,0.017898222253954238,0.13194943426179762,0.1326699945085448,0,1,0
7.407407407407407,-0.0022341347522844466,-0.00535326743102195,0.9998760336093967,-0.0006118843872162159,-0.003242793247198244,0.008928340535044942,0.13187485763431478,0.13271581443361147,0,1,0
7.4274274274274275,-0.002354117216552478,-0.005999123213401566,0.9998636446306167,-0.0006194489389999949,-0.003178370577540089,0.0032211334829077183,0.13171798220879388,0.13272175928630778,0,1,0
7.4474474474474475,-0.0024859301951878137,-0.006590648931766779,0.999848870824435,-0.0007386903090873847,-0.0038091752676522616,-0.03154023450560858,0.13139407912093648,0.1328898852431113,0,1,0
7.4674674674674675,-0.002629877246077232,-0.0071973525444709125,0.9998294071299274,-0.0009731847253784317,-0.003636354653927857,0.00864103068622022,0.13169098901180348,0.13273082373308998,0,1,0
7.4874874874874875,-0.002788240905674543,-0.007918182979865566,0.999807290888224,-0.001105812085170996,-0.003382417943001175,0.012696835546334126,0.13177255060004442,0.13277064275373862,0,1,0
7.5075075075075075,-0.002960705666992096,-0.008623238065877652,0.9997843249893908,-0.0011482949416554253,-0.002373815664260086,0.05043011393705437,0.13212624124944275,0.13262510462419594,0,1,0
7.5275275275275275,-0.003145853356515132,-0.009257384476151806,0.9997635973475213,-0.0010363820934757696,-0.0018241063148866476,0.027485467468671948,0.13159586290112008,0.13242786011081145,0,1,0
7.5475475475475475,-0.0033399326653098184,-0.009703965439734306,0.9997343379848285,-0.0014629681346435195,-0.0010025196372601365,0.04107933388132555,0.13187199774011796,0.13249491331424582,0,1,0
7.5675675675675675,-0.0035407663565802105,-0.010041684563519608,0.9997016425738862,-0.001634770547113628,-0.00013256941618107273,0.043497511053953185,0.13204404281921903,0.13258777401959618,0,1,0
7.587587587587588,-0.0037445958800049555,-0.010191476171237241,0.9996694429758324,-0.001609979902687878,-0.0003171883858663136,-0.009230948484262043,0.13163150721961578,0.1328502285615952,0,1,0
7.607607607607608,-0.00394896217560127,-0.010218314779815727,0.9996355173063097,-0.0016962834761327246,0.0008243539116570601,0.05707711487616867,0.1323148998240746,0.1326429285746484,0,1,0
7.627627627627628,-0.004154055613152731,-0.010254671877573061,0.9996069200224512,-0.0014298641929270089,0.0015473338396360407,0.03614899639894903,0.13273630808266904,0.1332076189037551,0,1,0
7.647647647647648,-0.004356001522603874,-0.010097295472557138,0.9995982545440207,-0.0004332739215266164,0.0031598030018077806,0.08062345810858695,0.13297264150262186,0.1327748870152719,0,1,0
7.667667667667668,-0.004551377692699223,-0.00976880850476745,0.9996065917774579,0.00041686167185676004,0.004006000487932881,0.04230987430625507,0.13252183447197924,0.13272464936499453,0,1,0
7.687687687687688,-0.004733704008484057,-0.009116315789241707,0.9996244801970866,0.0008944209814318305,0.004097349059022658,0.004567428554488884,0.13211174965404002,0.1327595687315355,0,1,0
7.707707707707708,-0.00489980102870486,-0.008304851011040129,0.9996463422201615,0.0010931011537452444,0.004008003436962843,-0.004467281102990809,0.13196832037143413,0.1327188319173567,0,1,0
7.727727727727728,-0.00504962509657133,-0.007491203393323495,0.9996694448363361,0.0011551308087336138,0.004380122468687227,0.018605951586219166,0.13212575774928195,0.13254703502236823,0,1,0
7.747747747747748,-0.00518342192147454,-0.0066898412451604624,0.9996935757475216,0.0012065455592709083,0.004721068746858837,0.01704731390858058,0.13211100253710212,0.13250644013663987,0,1,0
7.767767767767768,-0.005299641727816031,-0.005810990317074579,0.9997179080267852,0.0012166139631791856,0.004803363547606676,0.004114740037391942,0.13200853633195922,0.1325352234100364,0,1,0
7.787787787787788,-0.005397122231536551,-0.004874025186025986,0.9997413438595758,0.0011717916395327342,0.005030872346015043,0.011375439920418295,0.13207481234454785,0.13247090491190178,0,1,0
7.807807807807808,-0.005475446261748908,-0.003916201510617847,0.9997639114485755,0.0011283794499853546,0.005087561286566519,0.002834447027573817,0.13202062428955585,0.1324918125007164,0,1,0
7.827827827827828,-0.005533707394464333,-0.0029130566357712722,0.9997851140867428,0.0010601319083626663,0.004970538025170433,-0.005851163069804212,0.13208848065988435,0.13264928983407204,0,1,0
7.847847847847848,-0.005571848753262727,-0.0019070679399196835,0.9998082899970393,0.001158795514829799,0.00507187539777531,0.0050668686302438315,0.13213207505823962,0.13252257274057969,0,1,0
7.867867867867868,-0.005590313296488399,-0.0009232271612835815,0.9998322084881055,0.0011959245533124886,0.005181294969428979,0.005470978582683387,0.1321155653484365,0.1324632738666687,0,1,0
7.887887887887888,-0.005588654631297713,8.29332595343236e-05,0.9998557439076174,0.0011767709755954806,0.0051285008240267585,-0.0026397072701109733,0.13204618539316323,0.13246697259370815,0,1,0
7.907907907907908,-0.005566575106113952,0.0011039762591880554,0.9998779213278244,0.0011088710103479228,0.005184321391537338,0.0027910283755289474,0.1320878388607735,0.13240520741003808,0,1,0
7.927927927927928,-0.005524421337583984,0.002107688426498387,0.9998984449486125,0.0010261810394016628,0.0055008847130105275,0.015828166073659528,0.13220225805773486,0.13230085211079998,0,1,0
7.947947947947948,-0.0054615706227392705,0.0031425357422356615,0.9999174640472227,0.0009509549305141071,0.005094360972848498,-0.020326187008101453,0.13194506286683208,0.13248519966178915,0,1,0
7.967967967967968,-0.005376970537359078,0.004230004269009601,0.9999338939805125,0.0008214966644904258,0.004637617158688052,-0.022837190708022273,0.13193480537111088,0.13250513885120926,0,1,0
7.987987987987988,-0.005272281401712766,0.005234456782315625,0.9999478886804641,0.000699734997583455,0.00425318841784117,-0.019221437042344077,0.13197365330825858,0.13249307958735715,0,1,0
8.008008008008009,-0.005149147136913963,0.006156713239940116,0.9999598556646795,0.0005983492107700817,0.003592129531828928,-0.033052944300612064,0.13187669136593283,0.13258405083862906,0,1,0
8.028028028028029,-0.00500894007879427,0.007010352905984706,0.9999697145007118,0.000492941801618509,0.002517373627181063,-0.05373779523239325,0.13150933314939708,0.13235303541394006,0,1,0
8.048048048048049,-0.004854799746702555,0.007707016604585732,0.9999686123009892,-5.5109986129863115e-05,0.0021100678738482847,-0.020365287666638927,0.13191531957334712,0.13236710303210503,0,1,0
8.068068068068069,-0.004690573763639573,0.00821129915314907,0.9999627937335938,-0.0002909283697707293,0.0013824778382578002,-0.03637950177952423,0.13184760485683517,0.13253312090177394,0,1,0
8.088088088088089,-0.004518055725772209,0.008625901893368215,0.9999537226325763,-0.0004535550508727814,0.0008955179175101083,-0.02434799603738458,0.1319865675249288,0.1325533448856943,0,1,0
8.108108108108109,-0.004340072353295606,0.00889916862383016,0.9999437649194249,-0.000497885657567413,0.0005027932433575489,-0.019636233707627966,0.13204418133120735,0.1325747356444772,0,1,0
8.128128128128129,-0.004158067665914886,0.009100234369035991,0.9999340939229998,-0.00048354982125413035,-0.000726941638454868,-0.06148674409062086,0.13165294066312394,0.13278467343876912,0,1,0
8.148148148148149,-0.003974110836837413,0.009197841453873678,0.9999220245216828,-0.0006034700658537033,-0.0012996572092309575,-0.028635778538804467,0.13194928711040632,0.13272399053964418,0,1,0
8.168168168168169,-0.003792958405373745,0.009057621573183402,0.9999110494236657,-0.000548754900854897,-0.0016272639795045655,-0.016380338513680412,0.13202622409778056,0.132684362066667,0,1,0
8.188188188188189,-0.003616691808939706,0.008813329821701944,0.9999017181869101,-0.00046656183778071003,-0.002116891538845527,-0.024481377967048072,0.13192611286485145,0.13271973908067425,0,1,0
8.208208208208209,-0.003446532759465844,0.008507952473693108,0.9998930685781543,-0.0004324804377900227,-0.002770894152975951,-0.0327001307065212,0.1318204838602249,0.13276780636540075,0,1,0
8.228228228228229,-0.00328462890180252,0.008095192883166184,0.9998842436870764,-0.00044124455389280557,-0.003013481872372682,-0.0121293859698366,0.13199223164597498,0.1327464415331741,0,1,0
8.248248248248249,-0.0031333683477158033,0.007563027704335842,0.9998774652741446,-0.00033892064659244185,-0.0033367860382162596,-0.016165208292178837,0.1319332001840163,0.1327826129840339,0,1,0
8.268268268268269,-0.0029935592682791214,0.006990453971834099,0.9998723902689541,-0.00025375025952244413,-0.003922195036017626,-0.029270449890068335,0.13175958495778592,0.1328277206230446,0,1,0
8.288288288288289,-0.002866496164723957,0.006353155177758219,0.9998671094648492,-0.00026404020524341493,-0.004513038584520938,-0.029542177425165645,0.1317020698322361,0.1328427518886554,0,1,0
8.308308308308309,-0.0027543423305826523,0.00560769170706524,0.9998609853107069,-0.0003062077071186823,-0.005279936044320378,-0.03834487298997195,0.13156100460550507,0.13289450835329067,0,1,0
8.328328328328329,-0.002659289326833106,0.004752650187477309,0.9998526856361767,-0.0004149837265108436,-0.006272875378602564,-0.049646966714109265,0.13136104027417092,0.13294412309544518,0,1,0
8.348348348348349,-0.0025846181932811024,0.0037335566776001833,0.9998399701036533,-0.0006357766261652763,-0.006709524422669433,-0.02183245220334348,0.13153815332992044,0.13286999929985016,0,1,0
8.368368368368369,-0.0025343666525812773,0.002512577034991247,0.999824345531018,-0.0007812286317667133,-0.006489231775744069,0.01101463234626834,0.13180081148267403,0.1327729234364904,0,1,0
8.388388388388389,-0.002509961789555773,0.0012202431512752165,0.9998082561529834,-0.0008044689017258712,-0.006440420957784687,0.0024405408979689784,0.13167759619956362,0.13279305278515682,0,1,0
8.408408408408409,-0.0025104459958093617,-2.4210312679435282e-05,0.9997901808587107,-0.0009037647136359708,-0.006570704440452474,-0.006514174133389429,0.13156915298022592,0.13284557968469698,0,1,0
8.428428428428429,-0.002535767641604215,-0.001266082289742662,0.9997692940948073,-0.001044338195172447,-0.006433214201632244,0.0068745119410115706,0.1318204790179419,0.13297930367889216,0,1,0
8.448448448448449,-0.00258643722838411,-0.0025334793389947337,0.9997512991264603,-0.0008997484173504941,-0.006155820761679272,0.013869671997648504,0.13180610560474143,0.1329067992926666,0,1,0
8.468468468468469,-0.0026619007225759765,-0.003773174709593325,0.9997349101065652,-0.0008194509947558762,-0.005758217124773213,0.019880181845303043,0.13180821216332897,0.13285377081059968,0,1,0
8.488488488488489,-0.002761314192255039,-0.004970673483953138,0.9997193782251331,-0.0007765940716054531,-0.004766921954911913,0.049564758493065006,0.132041134407537,0.13270216709044322,0,1,0
8.508508508508509,-0.00288264097255051,-0.006066339014773543,0.9997059167940109,-0.0006730715561121601,-0.004387232961597047,0.018984449665743242,0.1317240093688482,0.13276789724656793,0,1,0
8.528528528528529,-0.0030223754290634895,-0.006986722825648978,0.9996908202944189,-0.000754824979596607,-0.003506865597185077,0.044018368220598444,0.13253093305724709,0.1333530992568796,0,1,0
8.548548548548549,-0.0031790226191684983,-0.007832359505250432,0.999694720749122,0.00019502273515334964,-0.0024631551283915724,0.052185523439675266,0.13240179881744832,0.13307514014960453,0,1,0
8.568568568568569,-0.0033488967996979863,-0.008493709026474408,0.9997115855632647,0.0008432407071296562,-0.0017283335918581398,0.03674107682667162,0.13211669618184385,0.1329294455442574,0,1,0
8.588588588588589,-0.0035279480376724714,-0.008952561898724265,0.999735034365825,0.0011724401280159302,-0.0010336152918574207,0.034735915000035957,0.13201796412548594,0.13281421564072746,0,1,0
8.608608608608609,-0.0037134395739495314,-0.00927457681385299,0.9997618980802838,0.0013431857229428894,-8.071142865441803e-05,0.04764519316015013,0.13212255224784708,0.13269982287614185,0,1,0
8.62862862862863,-0.0039022348876253305,-0.009439765683789961,0.9997920324529075,0.0015067186311816332,0.00017322856342889774,0.012696999604165787,0.13153096964039743,0.13249415463149317,0,1,0
8.64864864864865,-0.0040903697502860555,-0.009406743133036247,0.99981362579739,0.0010796672241250324,-0.00039066986792157186,-0.028194921567523477,0.13126205396088192,0.1327569280451874,0,1,0
8.66866866866867,-0.004277363592258871,-0.009349692098640765,0.9998265939709611,0.000648408678554008,-0.00035888747337961725,0.0015891197270977257,0.1314992464448666,0.13266764474219775,0,1,0
8.68868868868869,-0.0044654262920653595,-0.009403134990324464,0.9998331349472522,0.00032704881455525525,1.16390510645221e-05,0.01852632622220697,0.13173397216851299,0.13268449269042967,0,1,0
8.70870870870871,-0.0046542539293240055,-0.009441381862932283,0.9998369809797557,0.0001923016251758629,0.00019923001795378812,0.0093795483444633,0.1317180129011124,0.13276726947834905,0,1,0
8.72872872872873,-0.004842803685588672,-0.00942748781323334,0.9998391243858081,0.00010717030261967616,0.0010722247968809506,0.04364973894635812,0.13206189296613807,0.1326474657540027,0,1,0
8.74874874874875,-0.005030306860174109,-0.009375158729271825,0.9998428861123267,0.00018808632593096265,0.0021950257291994224,0.05614004661592358,0.13226550694980324,0.13260102677891136,0,1,0
8.76876876876877,-0.005212894239627209,-0.009129368972654999,0.999850591193463,0.0003852540568094716,0.0025111868960241905,0.015808058341238433,0.13199472523021083,0.13276528401831095,0,1,0
8.78878878878879,-0.0053861828581973645,-0.008664430928507787,0.9998606511123385,0.0005029959437756665,0.0023990661396749253,-0.005606037817463272,0.13179255258948747,0.13280573528418052,0,1,0
8.80880880880881,-0.005549277818801601,-0.008154748030211817,0.999870665188806,0.0005007038233733654,0.0026925508110994282,0.014674233571225097,0.13194934707454645,0.1326926166021712,0,1,0
8.82882882882883,-0.005702636788539272,-0.0076679484868835066,0.9998812815900595,0.0005308200626774659,0.0031973956616184454,0.02524224252595087,0.13167276680641943,0.13224711900363842,0,1,0
8.84884884884885,-0.005844951340564917,-0.0071157276012822285,0.9998817994940005,2.5895197047727373e-05,0.0034032177444630767,0.010291104142231555,0.13170675671937188,0.13241578303759038,0,1,0
8.86886886886887,-0.005974294456740242,-0.00646715580876627,0.9998752234940179,-0.0003287999991288102,0.0035096182814272755,0.00532002684820992,0.131763808007366,0.13249931936853263,0,1,0
8.88888888888889,-0.006089692057590835,-0.0057698800425296645,0.9998636394117757,-0.0005792041121099902,0.0032059155077856887,-0.015185138682079356,0.13168187184275326,0.1326525779081269,0,1,0
8.90890890890891,-0.006190952482534836,-0.005063021247200098,0.9998481064548835,-0.0007766478446073095,0.003099655927581087,-0.005312979010230085,0.131840009708413,0.1326852439536582,0,1,0
8.92892892892893,-0.006279121149903068,-0.004408433368411592,0.9998314584958882,-0.0008323979497697947,0.0028082742144940535,-0.014569085654351714,0.1318152751476452,0.13277080993702348,0,1,0
8.94894894894895,-0.006354826993235208,-0.0037852921666069912,0.9998145989377029,-0.0008429779092678145,0.0028149600023193895,0.0003342893912668069,0.13196606146188525,0.132730423120915,0,1,0
8.96896896896897,-0.006419144279272252,-0.0032158643018522282,0.9997991668577175,-0.000771603999264058,0.0028251192879871494,0.0005079642833879896,0.13199797529152002,0.13273883948269163,0,1,0
8.98898898898899,-0.006472185064483938,-0.0026520392605843216,0.9997857585107087,-0.000670417350439341,0.0030721296815083977,0.012350519676062427,0.1321204073678907,0.13268229344616872,0,1,0
9.00900900900901,-0.006514156092374074,-0.0020985513945067933,0.9997753482394234,-0.0005205135642646082,0.003875901292417696,0.040188580545464966,0.13239062867005444,0.13253794237640676,0,1,0
9.02902902902903,-0.006543829011361507,-0.001483645949371685,0.99976979551217,-0.0002776363626661029,0.004398162592848897,0.026113065021560043,0.13217817560865586,0.13224214959789227,0,1,0
9.04904904904905,-0.006557573892175919,-0.0006872440407205841,0.9997615559607251,-0.00041197757224499266,0.003580828600482933,-0.04086669961829819,0.13175411412894156,0.13257140273922208,0,1,0
9.06906906906907,-0.006553586569292169,0.00019936614418749232,0.9997492187149111,-0.0006168622907043818,0.0024571470679836554,-0.0561840766249639,0.13169703475385372,0.13279878570492828,0,1,0
9.08908908908909,-0.006535689994489626,0.0008948287401271662,0.9997353228228294,-0.0006947946040831109,0.0024449638548511444,-0.0006091606566255708,0.13211192560386284,0.13255406272439396,0,1,0
9.10910910910911,-0.00650833101362297,0.0013679490433327853,0.9997224038283326,-0.0006459497248430206,0.003090496283480159,0.032276621431450755,0.1323982493669072,0.13238571598013274,0,1,0
9.12912912912913,-0.006470885730489701,0.0018722641566634474,0.999712208872492,-0.0005097477920276207,0.0027280760515806745,-0.01812101159497425,0.13208399024479658,0.13262318447020316,0,1,0
9.14914914914915,-0.006420718423130546,0.0025083653679577513,0.999703591134142,-0.00043088691750240587,0.0015780183145887318,-0.0575028868495971,0.13175211551874869,0.13282648311007555,0,1,0
9.16916916916917,-0.0063595863550983765,0.003056603401608465,0.999694648664265,-0.00044712349384417563,0.0006872443861109411,-0.04453869642388955,0.131827568027612,0.13287109903143673,0,1,0
9.18918918918919,-0.006291931616449697,0.003382736932433996,0.9996871702221748,-0.0003739221045153943,-0.00010751838231096596,-0.03973813842109535,0.13173266658748592,0.13278484784304573,0,1,0
9.20920920920921,-0.006221528932374754,0.0035201342037471375,0.9996784748493339,-0.00043476864204359666,-0.0002702078937527458,-0.008134475572088996,0.13196677412559973,0.1326662042650044,0,1,0
9.22922922922923,-0.006151130539866089,0.0035199196254332835,0.9996702750035532,-0.0004099922890360317,-0.0007865985558763954,-0.025819533106182478,0.1318687515843064,0.13284673642171096,0,1,0
9.24924924924925,-0.006081506902267016,0.0034811818799536263,0.9996637925311512,-0.00032412362009985205,-0.0011784531744722432,-0.019592730929792385,0.13191100226358352,0.132884231131299,0,1,0
9.26926926926927,-0.0060145529436541915,0.003347697930641222,0.9996602063958295,-0.0001793067660874222,-0.0017012995799819174,-0.02614232027548372,0.13175961245095827,0.13286419782171208,0,1,0
9.28928928928929,-0.005952253889883479,0.003114952688535619,0.999656973161616,-0.00016166171067828245,-0.0013762721398423712,0.016251372006977304,0.13200066062405486,0.1325870903901986,0,1,0
9.30930930930931,-0.005896352828411347,0.002795053073606572,0.9996535553828024,-0.00017088894067696442,-0.001200809356623898,0.00877313916092367,0.13205180767629188,0.1327412878627123,0,1,0
9.32932932932933,-0.005845278748804884,0.0025537039803231244,0.9996529973053268,-2.7903873786228533e-05,-0.001663008491414212,-0.02310995673951568,0.13175223263183058,0.13286047186735386,0,1,0
9.34934934934935,-0.005798576389173045,0.002335117981591939,0.9996526250639121,-1.8612070733890933e-05,-0.001964365417242018,-0.015067846291390312,0.13167527085339834,0.13271269688556772,0,1,0
9.36936936936937,-0.0057577280065879664,0.00204241912925395,0.9996491064860783,-0.0001759288916903932,-0.0027797439766414594,-0.04076892796997205,0.13146411912137548,0.13289234419065524,0,1,0
9.38938938938939,-0.0057241430859315805,0.0016792460328193051,0.999641975221794,-0.000356563214215195,-0.0033435228249540125,-0.028188942415627652,0.131444300439117,0.1327982161424828,0,1,0
9.40940940940941,-0.0057009458361742486,0.0011598624878665824,0.9996295384972687,-0.0006218362262693264,-0.0038283317712550185,-0.024240447315050342,0.13152365476465752,0.1329347467139113,0,1,0
9.42942942942943,-0.0056902004888798674,0.0005372673647190347,0.9996149920799654,-0.0007273208651634317,-0.004468306542001392,-0.03199873853731869,0.13140984940840278,0.13306632257598552,0,1,0
9.44944944944945,-0.005694711055310788,-0.00022552832154601097,0.9995985941086732,-0.0008198985646051889,-0.003305805623544512,0.05812504592284398,0.13206949021866773,0.1326182480342653,0,1,0
9.46946946946947,-0.005716451311126043,-0.0010870127907627574,0.9995834699470755,-0.0007562080798906158,-0.0022608941390064438,0.052245574226903436,0.13220790816263767,0.13276811687401283,0,1,0
9.48948948948949,-0.005750997449227386,-0.0017273069050671459,0.9995739071921245,-0.0004781377475505293,-0.0010652878147936432,0.05978031621063999,0.13234580712231322,0.13272885226004827,0,1,0
9.50950950950951,-0.005793847225569246,-0.0021424888170929763,0.9995713740551511,-0.00012665684867034293,-0.0006192614607625945,0.022301317701552435,0.1320345715842113,0.13280429585039305,0,1,0
9.52952952952953,-0.005840509086780043,-0.0023330930605398375,0.999572379499555,5.0272220197248424e-05,-0.00020025883108933004,0.02095013148366323,0.13204016690208867,0.1328256821111022,0,1,0
9.54954954954955,-0.005889473992718531,-0.0024482452969244025,0.9995773218892402,0.00024711948426068,0.0006743142715358221,0.04372865513125759,0.13243094849924536,0.13290819194155437,0,1,0
9.56956956956957,-0.005938722142805677,-0.002462407504357281,0.9995932104652144,0.0007944287987092189,0.0010341329730574314,0.01799093507608046,0.13236572272656205,0.1331241819871722,0,1,0
9.58958958958959,-0.005985053960534317,-0.002316590886431992,0.9996222691767682,0.0014529355776902887,0.0015673869481142068,0.02666269875283879,0.13217800809290195,0.13279300984208725,0,1,0
9.60960960960961,-0.006026941723434721,-0.002094388145020207,0.9996567990407601,0.0017264931995937078,0.001922465250494593,0.017753915119019317,0.13217193777360953,0.13287566307344367,0,1,0
9.62962962962963,-0.00606252933115465,-0.0017793803859964613,0.9996979275062629,0.0020564232751389567,0.0026242969030668825,0.03509158262861449,0.13192671149629678,0.13233831397122423,0,1,0
9.64964964964965,-0.006090380198271509,-0.0013925433558429339,0.9997340531591146,0.0018062826425874852,0.003304563165305434,0.03401331311192759,0.13204906806128083,0.13240293424117897,0,1,0
9.66966966966967,-0.006107570229061216,-0.0008595015394853639,0.9997679437962143,0.0016945318549865735,0.003578991240621483,0.013721403765802432,0.13193328247044062,0.13248321968152169,0,1,0
9.68968968968969,-0.006111491363666347,-0.00019605673025654925,0.9997990673940449,0.0015561798915335716,0.0036949703827359962,0.005798957105725651,0.1318895697288513,0.13250293532410673,0,1,0
9.70970970970971,-0.006100585227250622,0.0005453068207862526,0.999827066968454,0.0013999787204555115,0.0027483670813137984,-0.04733016507110987,0.131459018455124,0.13275568840986382,0,1,0
9.72972972972973,-0.006074856239079191,0.0012864494085715612,0.9998493093426013,0.0011121187073660525,0.0021294720059197,-0.030944753769704895,0.13159590165684446,0.13272777838671537,0,1,0
9.74974974974975,-0.006038327194342913,0.0018264522368139089,0.9998674254741742,0.0009058065786433551,0.00230409240134426,0.008731019771227977,0.1319559755926565,0.13258530951032724,0,1,0
9.76976976976977,-0.005992693981859589,0.002281660624166224,0.9998846483470284,0.0008611436427127029,0.0014629524962519545,-0.04205699525461527,0.13152882094096163,0.1328121812788635,0,1,0
9.78978978978979,-0.005937633030214874,0.002753047582235733,0.9998980100086917,0.0006680830831651114,0.0007985272570646212,-0.03322126195936665,0.1315866277962941,0.13280520809616714,0,1,0
9.80980980980981,-0.005876602008353947,0.0030515510930463592,0.9999082728464894,0.0005131418898836343,0.0005618883631983302,-0.011831944693314549,0.13176647445993633,0.13274025655566407,0,1,0
9.82982982982983,-0.005811681240516225,0.0032460383918860775,0.9999171444365342,0.0004435795022415581,-0.00045675909676036095,-0.05093237299793455,0.13110553182814685,0.13259361408877712,0,1,0
9.84984984984985,-0.005744224531951518,0.0033728354282353576,0.9999126623029376,-0.00022410667983173118,-0.0010418430737664307,-0.02925419885030348,0.13129091321406963,0.13254922526689591,0,1,0
9.86986986986987,-0.005678186859315253,0.0033018836318132565,0.9998969261517408,-0.0007868075598432347,-0.001430622980279651,-0.01943899532566102,0.13151053015458192,0.13268512105721514,0,1,0
9.88988988988989,-0.005616080627428345,0.0031053115943453728,0.9998752101555725,-0.0010857998084122797,-0.0012638377521892673,0.00833926140451919,0.13177180578367012,0.1326027508236315,0,1,0
9.90990990990991,-0.005559111713182925,0.0028484457122709855,0.999850167679159,-0.0012521238206698022,-0.0014270502054280062,-0.008160622661936942,0.13191800344352883,0.13298348644947358,0,1,0
9.92992992992993,-0.005506828058804908,0.0026141827189008534,0.9998296086817484,-0.0010279498705280735,-0.0013554596807430295,0.0035795262342488404,0.1318387752071253,0.13274834666454222,0,1,0
9.94994994994995,-0.005459580622334369,0.0023623718235269444,0.9998088713993589,-0.001036864119476513,-0.0017122301204306172,-0.017838521984379387,0.13166407327889945,0.13286155262285357,0,1,0
9.96996996996997,-0.005416936157395499,0.0021322232469435146,0.9997870453110642,-0.0010913044147374475,-0.0025507678103300546,-0.04192688449497191,0.13119789529371387,0.13274676666526025,0,1,0
9.98998998998999,-0.005380679787465391,0.0018128184965054144,0.9997555222817827,-0.001576151464075842,-0.002807817757451544,-0.012852497356074431,0.13159549301336437,0.1328512213551181,0,1,0
10.01001001001001,-0.005354251922237141,0.0013213932614124912,0.9997217408880774,-0.0016890696852619826,-0.0024336972678566542,0.01870602447974446,0.13192313807463985,0.1327703005503282,0,1,0
10.03003003003003,-0.005338691266300391,0.0007780327968374977,0.9996893553955943,-0.0016192746241565064,-0.0016993062840448597,0.03671954919058974,0.1328773355577239,0.13330988118566944,0,1,0
10.05005005005005,-0.0053323664680229735,0.00031623991387088484,0.9996804985016932,-0.00044284469505740287,-0.0013404026901577674,0.017945179694354624,0.1326236496008492,0.13329802023477497,0,1,0
10.07007007007007,-0.005332515886335205,-7.470915611577152e-06,0.9996912233029767,0.0005362400641767959,-0.0008768489367227227,0.023177687671752226,0.13240272929749072,0.1330071883432934,0,1,0
10.09009009009009,-0.005337452209309311,-0.0002468161487052706,0.9997139347674115,0.0011355732217423818,-0.0008621602226057473,0.0007344357058487634,0.13200013727844181,0.1328870295924235,0,1,0
10.11011011011011,-0.0053455521037874135,-0.00040499472390515597,0.999740880856965,0.0013473044776711547,-0.0006651915006827769,0.00984843609614852,0.13192127951258323,0.13266485999518576,0,1,0
10.13013013013013,-0.00535711130713006,-0.0005779601671322945,0.9997675985618629,0.0013358852448936774,0.0002928890907538306,0.04790402957183038,0.13233519383670705,0.1325564522025798,0,1,0
10.15015015015015,-0.0053710238953691486,-0.0006956294119544338,0.9997986146753335,0.001550805673530762,0.0009494249525947848,0.03282679309204771,0.13216672376166813,0.13249319895153233,0,1,0
10.17017017017017,-0.005383087563589706,-0.0006031834110278658,0.9998304935094645,0.0015939417065515206,0.0005373364288142887,-0.020604426189024805,0.13169444818965198,0.13271581784307745,0,1,0
10.19019019019019,-0.005391147605545104,-0.0004030020977698977,0.9998595341579838,0.0014520324259620365,0.00041263965285503383,-0.006234838797962739,0.13177075764630897,0.13263364329750815,0,1,0
10.21021021021021,-0.00539703862411875,-0.0002945509286822678,0.9998856532096866,0.001305952585139084,0.0008669654083996551,0.02271628777723106,0.13204527487517484,0.13250991152989433,0,1,0
10.23023023023023,-0.005401027463250493,-0.00019944195658715082,0.9999110870993891,0.0012716944851277321,0.0011523301129807576,0.014268235229055118,0.13179906256229484,0.13241208079793532,0,1,0
10.25025025025025,-0.005401413991415137,-1.9326408232237142e-05,0.9999307383056533,0.0009825603132086601,0.001531386733595138,0.01895283103071904,0.1319371182528874,0.1324539372955785,0,1,0
10.27027027027027,-0.005396797837580639,0.00023080769172493322,0.9999472757015876,0.0008268697967175382,0.0013809567324868895,-0.007521500055412418,0.13174234696349885,0.1325840052989222,0,1,0
10.29029029029029,-0.00538543188585374,0.0005682975863449229,0.9999597412239609,0.0006232761186640713,0.0004447620654863075,-0.046809733350029095,0.1313941885497958,0.13279055248576402,0,1,0
10.31031031031031,-0.005368036408034833,0.0008697738909453272,0.9999660410489121,0.0003149912475568474,-0.0005957861344880241,-0.05202740999871658,0.13128433096537295,0.13280694439610857,0,1,0
10.33033033033033,-0.005348466700818898,0.0009784853607967521,0.9999647987810611,-6.211339254343074e-05,-0.0012814229235380101,-0.03428183945249929,0.13131745026065103,0.13267439174364037,0,1,0
10.35035035035035,-0.005330710254569733,0.0008878223124582599,0.9999545470657897,-0.0005125857635753797,-0.0019079134530964026,-0.03132452647791965,0.1314354260850195,0.13280030076699825,0,1,0
10.37037037037037,-0.0053173680415726865,0.0006671106498523422,0.9999389037070922,-0.0007821679348736161,-0.002630411010403912,-0.03612487786537548,0.13138975903178193,0.13288987516956632,0,1,0
10.39039039039039,-0.005310907340403896,0.00032303505843953647,0.999918519589945,-0.0010192058573566423,-0.003307618934943424,-0.0338603962269756,0.13141106350840456,0.13296918525870488,0,1,0
10.41041041041041,-0.0053144390776695164,-0.00017658686328102767,0.9998948826736149,-0.0011818458165082613,-0.0033459364160828863,-0.0019158740569730978,0.13152445815810265,0.13272006140439774,0,1,0
10.43043043043043,-0.005330580960145608,-0.0008070941238045732,0.999865976898317,-0.001445288764897069,-0.0030746108485958856,0.013566278374349991,0.13148844556427144,0.13253634201815429,0,1,0
10.45045045045045,-0.005359686232641727,-0.0014552636248059566,0.9998285507254254,-0.0018713086445790745,-0.0021796329030716747,0.044748897276210564,0.13198259053658276,0.13258172941306878,0,1,0
10.47047047047047,-0.005400662517981814,-0.00204881426700438,0.9997906074452886,-0.0018971640068423906,-0.0011078194515153747,0.05359067257781498,0.13240164035136148,0.1328015052514266,0,1,0
10.49049049049049,-0.005449388389821161,-0.0024362935919673484,0.9997616207621568,-0.0014493341565882717,-0.0012232467165356462,-0.005771363251013566,0.13191172427001222,0.13304887509251362,0,1,0
10.51051051051051,-0.005502229345266037,-0.002642047772243824,0.9997379971381711,-0.001181181199283152,-0.0008036752713825825,0.0209785722576532,0.1319888961418255,0.132809494444381,0,1,0
10.53053053053053,-0.005559638849286165,-0.0028704752010064215,0.9997173286525641,-0.0010334242803484708,-9.001542219481723e-05,0.03568299245938827,0.13201177902775602,0.132631009805285,0,1,0
10.55055055055055,-0.005619526270822029,-0.002994371076793208,0.999697309394671,-0.0010009628946538829,-9.030171471532023e-05,-1.4314626025149768e-05,0.13166001193219992,0.1327106463325628,0,1,0
10.57057057057057,-0.005679340327043163,-0.0029907028110567027,0.9996739085315439,-0.0011700431563557243,2.1412773449010518e-05,0.005585724408216536,0.1317981829630846,0.13277933660798363,0,1,0
10.59059059059059,-0.005739134154607896,-0.0029896913782366504,0.9996501933898543,-0.0011857570844815545,0.00028911096812747546,0.01338490973392325,0.13193001622679995,0.13279435170980358,0,1,0
10.61061061061061,-0.005798296776558662,-0.0029581310975382805,0.9996283397683472,-0.0010926810753514571,0.0002855788835664749,-0.0001766042280500306,0.13183518264743926,0.13286379745386312,0,1,0
10.63063063063063,-0.00585552389134235,-0.0028613557391844358,0.999607969892852,-0.0010184937747563989,-0.0003492178819163493,-0.0317398382741412,0.1313479100629351,0.13283667503362712,0,1,0
10.65065065065065,-0.005911328786247181,-0.0027902447452415333,0.999581461908288,-0.0013253992282042898,-0.0002909878490115653,0.0029115016452391992,0.13187294887534678,0.13292333698991174,0,1,0
10.67067067067067,-0.005967985427045405,-0.0028328320399112527,0.9995578828951576,-0.0011789506565236228,-0.0003051397784716371,-0.0007075964730035903,0.13175041755112674,0.1328620810381718,0,1,0
10.69069069069069,-0.006025082531844323,-0.002854855239945895,0.9995345078014336,-0.0011687546862007316,-0.000692215689222267,-0.019353795537531485,0.13153471243737802,0.1329135550219213,0,1,0
10.71071071071071,-0.006082822640177798,-0.0028870054166737383,0.9995089033935873,-0.001280220392312023,-0.0009525383053224158,-0.013016130805007454,0.13156720534847785,0.13290130054570407,0,1,0
10.73073073073073,-0.006142666749508447,-0.0029922054665324806,0.9994813705344376,-0.0013766429574823998,-0.0012283090137430596,-0.013788535421032179,0.13155654588551946,0.1329370659897568,0,1,0
10.75075075075075,-0.006206155577042723,-0.0031744413767137896,0.9994522818761064,-0.0014544329165649154,-0.00047595901086100256,0.03761750014410285,0.13194998828700996,0.132654665300082,0,1,0
10.77077077077077,-0.006273979125205886,-0.003391177408158152,0.999423282554801,-0.001449966065271808,1.1898920259908294e-05,0.02439289655604554,0.13210800637873937,0.13293584149259116,0,1,0
10.79079079079079,-0.006343090502107871,-0.0034555688450992345,0.9994008815977776,-0.001120047851164275,0.0001466226572392959,0.006736186848969379,0.13192633723093464,0.13295598435323647,0,1,0
10.81081081081081,-0.006411926682509027,-0.003441809020057783,0.9993826811683276,-0.0009100214724983292,0.0007714875101154806,0.031243242643809233,0.1321864974016018,0.1328674863109995,0,1,0
10.83083083083083,-0.006479854264187842,-0.003396379083940761,0.9993712209934793,-0.0005730087424175403,0.0014056124257130066,0.03170624577987631,0.13217902310258167,0.13280392096898597,0,1,0
10.85085085085085,-0.0065447327136224495,-0.003243922471730398,0.9993654420955873,-0.0002889448945981922,0.0026046711594034763,0.05995293668452348,0.13253936741387903,0.13271155594717865,0,1,0
10.87087087087087,-0.006603521749611623,-0.002939451799458691,0.9993693072629343,0.00019325836734535994,0.002950215762252559,0.017277230142454136,0.13213217469928662,0.1327580518664111,0,1,0
10.89089089089089,-0.006651465519456133,-0.0023971884922255266,0.9993774556700349,0.0004074203550329161,0.0026848721442344838,-0.013267180900903786,0.13189046262793586,0.132882168072929,0,1,0
10.91091091091091,-0.00668758579120631,-0.0018060135875088328,0.9993881379639112,0.0005341146938195107,0.0028032030810933,0.005916546842940813,0.1319793980551784,0.1327283971016092,0,1,0
10.93093093093093,-0.006712710298183593,-0.0012562253488641283,0.9994003945266611,0.0006128281374897648,0.002676748332577741,-0.0063227374257779426,0.13192372994869553,0.1327942976931249,0,1,0
10.95095095095095,-0.006726484409171965,-0.0006887055494186041,0.9994143744196753,0.0006989946507103945,0.0025976479129576286,-0.003955020981005615,0.13193449145769917,0.13277866460752857,0,1,0
10.97097097097097,-0.006728991281716261,-0.00012534362721480308,0.999430005454591,0.0007815517457884858,0.0017312520606728833,-0.043319792614237254,0.13147762516451306,0.1328539775881589,0,1,0
10.99099099099099,-0.006721127143071992,0.0003932069322134488,0.9994416345070496,0.0005814526229290233,0.0015877880133375087,-0.007173202366768751,0.13189067709765617,0.13284226347535996,0,1,0
11.01101101101101,-0.0067060776196317985,0.0007524761720096834,0.9994552178621787,0.0006791677564581012,0.001431306571886846,-0.007824072072533108,0.13172083751712835,0.13268361174473253,0,1,0
11.03103103103103,-0.006684387297160447,0.0010845161235675726,0.9994658883539908,0.000533524590599452,0.0012099289745733813,-0.011068879865673238,0.1317524381310247,0.13262220216182768,0,1,0
11.05105105105105,-0.006656783321479913,0.001380198784026718,0.9994732076248529,0.00036596354311108466,0.0010579264007173556,-0.007600128692801295,0.13184480950692354,0.13267548234600002,0,1,0
11.07107107107107,-0.006623969345989979,0.0016406987744967195,0.9994793373020651,0.00030648386060807604,0.0006248818443109717,-0.021652227820319194,0.13172970508142898,0.13275135666537397,0,1,0
11.09109109109109,-0.0065867934452201425,0.001858795038491828,0.9994836978264934,0.00021802622141513144,0.0005410872039355037,-0.004189732018773401,0.13189068778371932,0.13269550841241168,0,1,0
11.11111111111111,-0.006546778262936008,0.002000759114206732,0.9994878495898799,0.00020758816932370483,0.00029227258677574745,-0.012440730857987813,0.13181986209365443,0.13273579732000473,0,1,0
11.13113113113113,-0.006504037089471473,0.0021370586732267494,0.9994913405538558,0.00017454819879343558,-0.000452159836112035,-0.03722162114438912,0.13157367764862904,0.1328401533948846,0,1,0
11.15115115115115,-0.006459343753111169,0.0022346668180151805,0.9994920704931459,3.6496964507524234e-05,-0.001804913112420263,-0.0676376638154114,0.1312986367625333,0.13299709153823278,0,1,0
11.17117117117117,-0.006415995391763646,0.0021674180673761593,0.9994882917180438,-0.0001889387551103601,-0.002686923109908975,-0.044100499874435595,0.13127551819714314,0.13278877627535368,0,1,0
11.19119119119119,-0.00637900902974266,0.001849318101049286,0.9994765732221681,-0.0005859247937859121,-0.003771832012249768,-0.05424544511703965,0.1311099998126533,0.13285222589243778,0,1,0
11.21121121121121,-0.006351838833896784,0.0013585097922937845,0.9994554014949887,-0.0010585863589732331,-0.004851468854960303,-0.05398184213552681,0.13108114099399007,0.13291837234246665,0,1,0
11.23123123123123,-0.006338821716105505,0.0006508558895639441,0.9994253228145912,-0.001503934019873926,-0.0056567993289515185,-0.0402665236995607,0.13087666990028546,0.13271360709217203,0,1,0
11.25125125125125,-0.006344395132915719,-0.00027867084051070494,0.9993802634213006,-0.0022529696645280576,-0.005695448450546207,-0.0019324560797344334,0.13100004334499507,0.1324097096510996,0,1,0
11.27127127127127,-0.006371680608055701,-0.0013642737569990772,0.9993175444319214,-0.003135949468956694,-0.005296836273807979,0.01993060883691135,0.13183239175668132,0.13300854037120446,0,1,0
11.29129129129129,-0.006421034606061899,-0.0024676999003099263,0.9992583815177217,-0.002958145709986812,-0.004450892914508087,0.04229716796499469,0.13229788127589057,0.13318510748630813,0,1,0
11.31131131131131,-0.006490916203124172,-0.0034940798531136246,0.9992122922571094,-0.0023044630306193344,-0.0034076381319458524,0.0521627391281117,0.1322871222938253,0.13302657567114307,0,1,0
11.33133133133133,-0.006577735172597619,-0.004340948473672339,0.9991767743922737,-0.00177589324178613,-0.0027391357629800973,0.03342511844828776,0.1323561107424393,0.1332990849369179,0,1,0
11.35135135135135,-0.006676854136996469,-0.00495594821994251,0.9991568947533243,-0.0009939819474730554,-0.003323586420594402,-0.029222532880715246,0.1315372040421428,0.13332381993831977,0,1,0
11.37137137137137,-0.006786535357388735,-0.005484061019613257,0.9991408834002934,-0.0008005676515410623,-0.002682594897107866,0.03204957617432683,0.13138779174713697,0.132374609713811,0,1,0
11.391391391391391,-0.006908751399996598,-0.006110802130393171,0.999112454478041,-0.001421446112622493,-0.0019543439547924646,0.03641254711577002,0.13218335820228427,0.1331064674698845,0,1,0
11.411411411411411,-0.0070409317390115024,-0.006609016950745231,0.9990942539396612,-0.000910026918988735,-0.0014140499951250682,0.027014697983369813,0.13202561875241423,0.13304248851197198,0,1,0
11.431431431431431,-0.007180462579879715,-0.0069765420434106185,0.9990829954819017,-0.0005629228879781836,-0.0004800295830720976,0.046701020602648545,0.1321036442073948,0.13289830661224108,0,1,0
11.451451451451451,-0.007324822866705761,-0.007218014341302286,0.9990776969958599,-0.00026492430208837985,-8.572285663149111e-05,0.019715336322030312,0.13177420590129796,0.13289189862797088,0,1,0
11.471471471471471,-0.007470570104726196,-0.00728736190102175,0.9990733816538302,-0.0002157671014870127,0.0004723306304090106,0.02790267435202508,0.13182358763981888,0.1328021980625514,0,1,0
11.491491491491491,-0.007615998151906812,-0.007271402359030842,0.9990694517852442,-0.00019649342929992645,0.0007765708104688242,0.015212009002990686,0.1317806161510469,0.13290617965234894,0,1,0
11.511511511511511,-0.007759060883607859,-0.007153136585052295,0.9990668105097639,-0.00013206377401727933,0.001218043012038701,0.02207361007849385,0.13185509973761253,0.13286312419032875,0,1,0
11.531531531531531,-0.00789857184972017,-0.0069755483056155474,0.9990659216454902,-4.444321368000665e-05,0.0017122461006572548,0.024710154430927698,0.1320535722740059,0.13291317990806428,0,1,0
11.551551551551551,-0.008032479651933567,-0.006695390110669852,0.9990704639509861,0.00022711527479293185,0.0015268195598874433,-0.009271327038490592,0.1316722918395635,0.13295100671143037,0,1,0
11.571571571571571,-0.008159126164650508,-0.006332325635847023,0.9990753420152055,0.00024390321097256555,0.0015150881281260494,-0.0005865715880696877,0.13172778195014267,0.132899617112194,0,1,0
11.591591591591591,-0.008279350940577912,-0.00601123879637023,0.9990806174946973,0.0002637739745903153,0.0017972341218182055,0.014107299684607789,0.13188652638523848,0.13285646909665463,0,1,0
11.611611611611611,-0.008393318856342594,-0.0056983957882340945,0.9990880026784001,0.00036925918513944575,0.002435547331038694,0.03191566046102445,0.13207386278695796,0.13277506319993776,0,1,0
11.631631631631631,-0.008499694549434219,-0.005318784654581251,0.9990990633757638,0.000553034868185656,0.00276964452995358,0.016704859945744277,0.13184047554969747,0.13274278537935186,0,1,0
11.651651651651651,-0.008595665298285602,-0.004798537442569098,0.9991098555652516,0.0005396094743851471,0.0023365370685045628,-0.02165537307245085,0.1315279422312573,0.132905825494455,0,1,0
11.671671671671671,-0.00868003357567285,-0.0042184138693623936,0.9991181613533683,0.0004152894058387866,0.0017051698061822447,-0.0315683631161159,0.13143327011640926,0.13296302266386334,0,1,0
11.691691691691691,-0.008754804310157068,-0.0037385367242108837,0.9991234318917608,0.0002635269196246574,0.0015705455278962792,-0.006731213914298307,0.13161826722437683,0.1328616278431215,0,1,0
11.711711711711711,-0.00882250731504415,-0.003385150244354169,0.9991269131692712,0.00017406387551627424,0.0018016676742843112,0.011556107319401626,0.13184561614754017,0.13284133097349965,0,1,0
11.731731731731731,-0.008883553769597895,-0.003052322727687165,0.9991316749216667,0.000238087619773818,0.0019743198464226394,0.008632608606916404,0.13184355592506447,0.13285431813106702,0,1,0
11.751751751751751,-0.00893687580064852,-0.002666101552531297,0.99913787647449,0.0003100776411696425,0.0017794747446338403,-0.009742255089439973,0.13167391574512857,0.13290855782132574,0,1,0
11.771771771771771,-0.008982066902299165,-0.0022595550825322648,0.999143805762436,0.000296464397297149,0.0018993521696647083,0.005993871251543407,0.1317865123638025,0.13282101900140775,0,1,0
11.791791791791791,-0.009019884132677253,-0.0018908615189044535,0.9991498356653481,0.00030149514560737537,0.0021493857355324585,0.012501678293387502,0.13193495744519626,0.13285354203701785,0,1,0
11.811811811811811,-0.009049377744895037,-0.0014746806108891669,0.9991586462442122,0.00044052894320948126,0.0015105551039282367,-0.03194153158021106,0.13146152784059448,0.13294959503790513,0,1,0
11.831831831831831,-0.009069807080217752,-0.001021466766135738,0.999164642535731,0.0002998145759364629,0.0008659266825806946,-0.032231421067377135,0.13152508309976402,0.13306877488585525,0,1,0
11.851851851851851,-0.009083694575867364,-0.0006943747824806063,0.9991705385601266,0.000294801219777551,0.0002924323980513161,-0.028674714226468927,0.131391158106479,0.13294119219930836,0,1,0
11.871871871871871,-0.009093731944713537,-0.0005018684423086619,0.9991724632153114,9.623275923788675e-05,9.613488622936996e-05,-0.009814875591097304,0.1315530674726423,0.13289893275213802,0,1,0
11.891891891891891,-0.009102183525679517,-0.0004225790482989849,0.9991721935732037,-1.3482105383953751e-05,0.00014411897919093305,0.002399204648078154,0.1316694580713612,0.13286989397451124,0,1,0
11.911911911911911,-0.009109829915440284,-0.0003823194880383123,0.9991710256405817,-5.8396631104871326e-05,0.00033987599336049787,0.009787850708478246,0.13179150321397126,0.1328839575400172,0,1,0
11.931931931931931,-0.009116349161996188,-0.00032596232779524446,0.9991709765390417,-2.4550769947303234e-06,0.00033820294776361754,-8.365227984402472e-05,0.13169364824515384,0.13290085120209902,0,1,0
11.951951951951951,-0.009120923300510841,-0.00022870692573262252,0.9991708457607195,-6.538916111648505e-06,0.000131455860231304,-0.010337354376615678,0.13158001593454563,0.13292761555168733,0,1,0
11.971971971971971,-0.00912389186721204,-0.0001484283350599645,0.9991693464405087,-7.496601053864031e-05,0.0004699185032170285,0.016923132149286223,0.13180536451618483,0.1328103417654397,0,1,0
11.991991991991991,-0.009126101305747892,-0.00011047192679259897,0.9991680809717352,-6.327343867760924e-05,0.0011468875254173978,0.03384845111001847,0.1321166361689933,0.1328462246421524,0,1,0
12.012012012012011,-0.009126139127734965,-1.8910993536842282e-06,0.9991721917977787,0.0002055413021803857,0.0017802363721409725,0.03166744233617871,0.1321152599205647,0.13281119669576358,0,1,0
12.032032032032031,-0.009121298923897505,0.0002420101918729787,0.9991811331475331,0.000447067487719444,0.0022440154435273978,0.023188953569321293,0.1324021367717605,0.13300718916258666,0,1,0
12.052052052052051,-0.009109051317341344,0.0006123803278080666,0.9992020511237022,0.0010458988084563556,0.0023986749940476237,0.007732977526011287,0.13184169769667206,0.13270932136764726,0,1,0
12.072072072072071,-0.009087494451063488,0.0010778433138927475,0.9992222168337621,0.001008285502994817,0.0022372260157799946,-0.008072448913381434,0.1316851949154001,0.13274546112022467,0,1,0
12.092092092092091,-0.009056155641907213,0.0015669404578137942,0.9992398463180564,0.0008814742147168405,0.002148599874371722,-0.004431307070413596,0.13174376490766285,0.13274863780550353,0,1,0
12.112112112112111,-0.009015569408062645,0.0020293116922283708,0.9992558578333683,0.0008005757655976494,0.0018884649430252686,-0.0130067465673227,0.13168286964745943,0.13279717743034572,0,1,0
12.132132132132131,-0.008965769354441492,0.0024900026810576346,0.9992700703869978,0.0007106276814727276,0.0009249487290794835,-0.04817581069728924,0.1313544319096071,0.13296106018593182,0,1,0
12.152152152152151,-0.00890827976966178,0.0028744792389856157,0.9992800496267951,0.0004989619898633892,0.0006026057184084838,-0.016117150533549986,0.13178257484662942,0.13294914288382964,0,1,0
12.172172172172171,-0.008846647498054354,0.0030816135803713508,0.9992919705560203,0.0005960464612612882,0.00013222621601414355,-0.02351897511971701,0.13149663185833343,0.13283639320341034,0,1,0
12.192192192192191,-0.008782057120883546,0.003229518858540446,0.9992999260232748,0.0003977733627273012,-0.0005142784571032223,-0.0323252336558683,0.13153810742341068,0.13298688269616624,0,1,0
12.212212212212211,-0.008716894451647137,0.003258133461820421,0.9993067638137002,0.0003418895212737051,-0.0002054234842257051,0.015442748643875868,0.13193763956777746,0.13275602638479303,0,1,0
12.232232232232231,-0.008652917952685116,0.003198824948101023,0.9993149832411458,0.00041097137227882386,-0.0009435029113635381,-0.03690397135689164,0.13154419498303332,0.13313035106128243,0,1,0
12.252252252252251,-0.008589281715699264,0.0031818118492925535,0.9993243003749513,0.00046585669028130814,-0.0014076075930492388,-0.023205234084285042,0.13177715774484466,0.13315738224850082,0,1,0
12.272272272272271,-0.008529090689286886,0.003009551320618931,0.9993385644321371,0.0007132028592871063,-0.0013628120221869477,0.002239778543114572,0.1317513188431257,0.13283926190898324,0,1,0
12.292292292292291,-0.008473807066802983,0.0027641811241951265,0.9993526736150452,0.0007054591454067086,-0.0017168633358191168,-0.01770256568160847,0.13162092958788263,0.132980404599309,0,1,0
12.312312312312311,-0.008423405688066384,0.0025200689368300114,0.9993667876039023,0.0007056994428570993,-0.0019551067128324214,-0.011912168850665244,0.13169072724894496,0.1329801374491064,0,1,0
12.332332332332332,-0.008379055959745006,0.002217486416068859,0.9993819343405175,0.0007573368307576875,-0.002550631130349187,-0.02977622087583829,0.13139178402039237,0.13297344465793573,0,1,0
12.352352352352352,-0.008341876451608252,0.0018589754068376457,0.9993935833523582,0.0005824505920333122,-0.002887500594568493,-0.016843473210965285,0.13151826062793776,0.13297944490746258,0,1,0
12.372372372372372,-0.008314161267433676,0.0013857592087288153,0.9994036948070123,0.0005055727327065854,-0.003134638998637666,-0.012356920203458709,0.1315588783817714,0.1329712055973043,0,1,0
12.392392392392392,-0.008297204131613646,0.0008478567910015389,0.9994127460301844,0.0004525611586031714,-0.0033699133829237496,-0.01176371921430414,0.1314780547761826,0.1329472292553274,0,1,0
12.412412412412412,-0.008292163566217335,0.00025202826981558866,0.9994191823745482,0.00032181721818852883,-0.0031556458183175672,0.0107133782303091,0.13163309233296297,0.13283903479730386,0,1,0
12.432432432432432,-0.008299720957461239,-0.00037786956219521754,0.999423696907245,0.000225726634839265,-0.003152020348515143,0.00018127349012124656,0.1320124657563432,0.13328659472229654,0,1,0
12.452452452452452,-0.008319666433250142,-0.0009972737894451402,0.9994385447088353,0.000742390079516885,-0.002145784862681122,0.05031177429170105,0.13207745374098465,0.13274007723196313,0,1,0
12.472472472472472,-0.008351444032399973,-0.0015888799574915518,0.9994565838094495,0.0009019550307056436,-0.0016086538504832945,0.02685655060989139,0.13211318262305852,0.13294126671135184,0,1,0
12.492492492492492,-0.008391049611840302,-0.0019802789720164485,0.9994813319950431,0.0012374092796784177,-0.0015129424838707442,0.004785568330627488,0.13159176063677736,0.13275738794846756,0,1,0
12.512512512512512,-0.008436591651098072,-0.002277101962888479,0.9995023389513873,0.0010503478172089826,-0.001124227512198528,0.01943574858361083,0.1316236683958046,0.13264795467595847,0,1,0
12.532532532532532,-0.008487287539233886,-0.002534794406790773,0.9995184597357811,0.0008060392196932184,-0.0013293364214352161,-0.010255445461834399,0.13110758195027336,0.1328213979928255,0,1,0
12.552552552552552,-0.00854168812960224,-0.002720029518417686,0.9995246240804274,0.00030821723231356883,-0.0014170197938212885,-0.004384168619303616,0.1287759397534221,0.13055456930312098,0,1,0
12.572572572572572,-0.008601075116158123,-0.002969349327794136,0.9994527135529951,-0.0035955263716130636,-0.00023051469472941055,0.0593252549545939,0.1311185890045915,0.13198230129708857,0,1,0
12.592592592592592,-0.008665311981469744,-0.0032118432655810483,0.9993586478764043,-0.0047032838295439855,0.000440032378029257,0.033527353637933376,0.13071642504365438,0.13184532797496212,0,1,0
12.612612612612612,-0.008729804111788714,-0.003224606515948471,0.9992344615260189,-0.006209317519269056,0.0008765792279969878,0.021827342498386533,0.1327842968443529,0.13395101843934143,0,1,0
12.632632632632632,-0.00879224267064505,-0.0031219279428168086,0.9991420091377513,-0.0046226194133811545,0.0017397640436472054,0.04315924078251088,0.13326923268958252,0.13400307886532323,0,1,0
12.652652652652652,-0.008850402363430898,-0.0029079846392924273,0.9990892194035151,-0.0026394867118058967,0.001729197818756986,-0.0005283112445109567,0.13376577853976174,0.1349107413569549,0,1,0
12.672672672672672,-0.00890147795691159,-0.002553779674034511,0.9990968589303957,0.0003819763440294794,0.002417944024052043,0.03443731026475282,0.1334336142095906,0.13412577556142183,0,1,0
12.692692692692692,-0.008944982891060419,-0.0021752467074414306,0.9991483292151045,0.0025735142354406486,0.0023584136952440244,-0.0029765164404009434,0.13261086334963135,0.1336998644648422,0,1,0
12.712712712712712,-0.008978239322512342,-0.0016628215725961507,0.9992250907674768,0.0038380776186106146,0.0018714406238742416,-0.024348653568489125,0.1318338971551055,0.13327512345375472,0,1,0
12.732732732732732,-0.009001734412826642,-0.0011747545157150205,0.9993093207770903,0.0042115004806789254,0.00162852406472502,-0.012145827957461075,0.13155297155291637,0.13281259708963414,0,1,0
12.752752752752752,-0.009017392320992784,-0.0007828954083070499,0.9993900031925244,0.004034120771701537,0.0014515460118698239,-0.00884890264275981,0.13153295794834377,0.13281141271967925,0,1,0
12.772772772772772,-0.009026163036095956,-0.0004385357551586451,0.9994668285024942,0.0038412654984936218,0.0013396149174122072,-0.005596554722880862,0.13142610963461532,0.13261674602012619,0,1,0
12.792792792792792,-0.009028695488914856,-0.0001266226409450297,0.9995353340033027,0.003425275040425995,0.001114079316249519,-0.01127678005813439,0.1315261839078491,0.1328363718911818,0,1,0
12.812812812812812,-0.009025456132431024,0.0001619678241915929,0.9996002633058007,0.0032464651248944867,0.0009283171330762284,-0.00928810915866453,0.13137142949476333,0.13263253927476484,0,1,0
12.832832832832834,-0.0090171366628615,0.0004159734784762155,0.9996563079764936,0.0028022335346503525,0.00035324260039264964,-0.028753726634178953,0.13109306320083441,0.13263077180318392,0,1,0
12.852852852852854,-0.009004702519752194,0.000621707155465312,0.9996993257787901,0.002150890114823189,5.565948747894917e-05,-0.014879155645685026,0.13137057063924285,0.1327154826678102,0,1,0
12.872872872872874,-0.008990162451223353,0.0007270034264420875,0.9997346948206189,0.001768452091444908,-0.0005806546202448645,-0.03181570538619069,0.13114839728325192,0.13280770202299302,0,1,0
12.892892892892894,-0.008974748095868075,0.000770717767763923,0.9997604962375186,0.0012900708449816644,-0.0011774970092234274,-0.02984211944892815,0.1309543633153326,0.13264050507557404,0,1,0
12.912912912912914,-0.008961199682891562,0.0006774206488255941,0.9997713854852904,0.0005444623885896903,-0.0012230314593006167,-0.0022767225038594664,0.13126210519739717,0.13262265411420002,0,1,0
12.932932932932934,-0.008951830862971582,0.0004684409959989682,0.9997716671455541,1.4083013181062707e-05,-0.0010179890064339287,0.010252122643334385,0.13164944836512685,0.13281401647393873,0,1,0
12.952952952952954,-0.008946572749981998,0.00026290564947924287,0.9997699229069925,-8.721192808110005e-05,-0.001209168637082747,-0.009558981532440919,0.13136924670727218,0.1328387647356451,0,1,0
12.972972972972974,-0.008944576925582693,9.97912199652649e-05,0.9997623707981835,-0.000377605440448305,-0.0016254097021884133,-0.020812053255283312,0.13136401546402451,0.13299040516200125,0,1,0
12.992992992992994,-0.008946615865173216,-0.0001019469795261397,0.9997511836574394,-0.0005593570372057663,-0.0020944557082120613,-0.02345230030118242,0.13027839441557698,0.13207272412010357,0,1,0
13.013013013013014,-0.008954333806700784,-0.0003858970763784014,0.9997066835748386,-0.002225004130040624,-0.0023554933345685935,-0.013051881317826657,0.13010911018883217,0.13180062451103025,0,1,0
13.033033033033034,-0.008969645549840055,-0.0007655871569635906,0.9996223548798736,-0.00421643474824734,-0.0022787705394964066,0.0038361397536093526,0.13197928705877454,0.1335135462128605,0,1,0
13.053053053053054,-0.008993731805246616,-0.0012043127703280317,0.9995513101850939,-0.0035522347389869736,-0.0018959558687897332,0.019140733535333625,0.13217923809216683,0.1335761088944072,0,1,0
13.073073073073074,-0.009026408086007201,-0.0016338140380292737,0.9994974285685884,-0.00269408082527885,-0.0010945769643367078,0.04006894522265127,0.1325367341100761,0.13356517827722497,0,1,0
13.093093093093094,-0.00906593343917043,-0.001976267658161398,0.9994658336615756,-0.0015797453506385993,-0.0006258067241079174,0.023438512011439518,0.13295955721986513,0.13411904046640594,0,1,0
13.113113113113114,-0.009109048680920512,-0.002155762087504177,0.9994709816898898,0.0002574014157096607,-0.000597125145822379,0.0014340789142769025,0.13332992762332874,0.1346583652116476,0,1,0
13.133133133133134,-0.009153821744664498,-0.002238653187199271,0.9995263217442965,0.0027670027203315663,-0.0010326968860229948,-0.021778587010030805,0.13198508199341336,0.1337409821183031,0,1,0
13.153153153153154,-0.009199870805237029,-0.002302453028626525,0.9995982990985437,0.00359886771236404,-0.0020655456586607963,-0.051642438631890095,0.13083780101478565,0.13294305426148753,0,1,0
13.173173173173174,-0.009249195315545385,-0.0024662255154178168,0.9996580810637132,0.0029890982584782552,-0.002807491780058151,-0.03709730606986774,0.1296106295723936,0.13181090022510908,0,1,0
13.193193193193194,-0.009306020733174415,-0.0028412708814515466,0.9996707183086901,0.000631862248847597,-0.0026738073091661183,0.006684223544601589,0.1303216119705698,0.13196127476500946,0,1,0
13.213213213213214,-0.009372845515651365,-0.003341239123847521,0.9996490024970831,-0.0010857905803509022,-0.0028942787251361956,-0.011023570798503891,0.1304193845897871,0.13236201217639018,0,1,0
13.233233233233234,-0.009449385157543516,-0.0038269820946075306,0.999600347932824,-0.0024327282129559986,-0.0027958004903888517,0.0049239117373671495,0.13065125890055332,0.13240541076538728,0,1,0
13.253253253253254,-0.009536463870537115,-0.004353935649679973,0.9995288519927787,-0.003574797002262876,-0.002602673232179588,0.009656362910463154,0.13037312583442554,0.13221010179366985,0,1,0
13.273273273273274,-0.009633801298916625,-0.004866871418975496,0.999427520258927,-0.005066586692586013,-0.0019949763226657304,0.03038484547569286,0.13061823352878724,0.13212068300887417,0,1,0
13.293293293293294,-0.009740327481252673,-0.0053263091168024345,0.9992986853696623,-0.006441744463234654,-0.0018502599420409643,0.007235819031238263,0.13070007237487563,0.1325850248995865,0,1,0
13.313313313313314,-0.009854136914338455,-0.005690471654289135,0.9991504666075317,-0.007410938106528437,-0.0009922053064630684,0.04290273177889478,0.13184284630585913,0.13316206864664945,0,1,0
13.333333333333334,-0.009974706266962815,-0.00602846763121797,0.9990083595481151,-0.007105352970829333,0.0001260436350636315,0.05591244707633494,0.13221037458628554,0.13334822009393718,0,1,0
13.353353353353354,-0.010098639789164513,-0.006196676110084889,0.9988805666998025,-0.006389642415629277,0.0013020192923176854,0.058798782862702646,0.13286402564784003,0.1337859652256867,0,1,0
13.373373373373374,-0.010221455800281356,-0.006140800555842129,0.9987832471995287,-0.0048659750136902866,0.002213657819703137,0.04558192636927254,0.13368105267585245,0.1346558054471657,0,1,0
13.393393393393394,-0.010338778175331131,-0.005866118752488755,0.9987413636563102,-0.0020941771609280175,0.0034832275379769414,0.06347848591369022,0.13508711354441438,0.13553436379440856,0,1,0
13.413413413413414,-0.01044686925887814,-0.005404554177350464,0.9987887110771998,0.0023673710444827726,0.004605168441941933,0.05609704519824951,0.13415710269382614,0.1344889781259295,0,1,0
13.433433433433434,-0.010540599708649994,-0.00468652248859267,0.9988959381906897,0.0053613556744959625,0.005200681250330385,0.029775640419422517,0.13267563395922585,0.13326211117681003,0,1,0
13.453453453453454,-0.01061551457316737,-0.0037457432258688485,0.9990228555811788,0.006345869524452662,0.005115563031393175,-0.004255910946860619,0.13244510865333325,0.13330967859301635,0,1,0
13.473473473473474,-0.010669344213034624,-0.00269148199336267,0.9991667254052422,0.007193491203169657,0.004663840234069017,-0.02258613986620788,0.1308190003063427,0.13213171540823035,0,1,0
13.493493493493494,-0.010702796652350997,-0.0016726219658186267,0.999285994436792,0.005963451577489643,0.004480544999530106,-0.0091647617269456,0.13141163891299612,0.13247682901207516,0,1,0
13.513513513513514,-0.010717572439124433,-0.0007387893386718366,0.9993945837281971,0.005429464570253995,0.004346488342472319,-0.006702832852889511,0.1317608691864646,0.13270196938258483,0,1,0
13.533533533533534,-0.010714073316698231,0.00017495612131004673,0.9995010143238667,0.005321529783483368,0.0035999492014380757,-0.03732695705171217,0.13043051529807273,0.13176564232618157,0,1,0
13.553553553553554,-0.01069287467881948,0.001059931893937601,0.9995717101502866,0.0035347913209927183,0.002343539069582724,-0.06282050659276762,0.1305963760068113,0.1322636686166065,0,1,0
13.573573573573574,-0.010656999900141236,0.0017937389339121518,0.9996165468608214,0.002241835526739225,0.0011223673735219534,-0.06105858480303864,0.12994031278015036,0.13187939185677786,0,1,0
13.593593593593594,-0.010611589914819001,0.002270499266111737,0.9996201473865202,0.00018002628494113515,0.0005399847019263932,-0.029119133579778078,0.12892645188160146,0.130626783292709,0,1,0
13.613613613613614,-0.01056153524876402,0.0025027333027490373,0.9995489757169953,-0.0035585834762454235,0.0006140525459139205,0.0037033921993762584,0.13038388665550626,0.13170445697354724,0,1,0
13.633633633633634,-0.010509111035848192,0.002621210645791385,0.9994406509424201,-0.005416238728760901,0.0011409199539506977,0.02634337040183875,0.1326775719533345,0.13359046962340618,0,1,0
13.653653653653654,-0.010453769562487336,0.0027670736680428286,0.9993571243324751,-0.004176330497248003,0.0013622390640272554,0.01106595550382779,0.13310361313812946,0.13404089607489209,0,1,0
13.673673673673674,-0.010393601392381118,0.003008408505310911,0.9993113587355025,-0.0022882798486313187,0.001647503556214409,0.014263224609357548,0.13274535546960967,0.1336051743028605,0,1,0
13.693693693693694,-0.010327474733288891,0.003306332954611308,0.999291560002576,-0.0009899366463248086,0.001403333619395897,-0.01220849684092571,0.13248266319530433,0.13355534940755753,0,1,0
13.713713713713714,-0.010254284405622646,0.003659516383312296,0.9992930757048379,7.578511309465981e-05,0.0008160073181167249,-0.02936631506395872,0.13199402468697793,0.13332762039918783,0,1,0
13.733733733733734,-0.010175193184018256,0.003954561080219452,0.99930527735797,0.000610082656605713,0.0004411480435277334,-0.01874296372944971,0.13177958116493624,0.1330133744130136,0,1,0
13.753753753753754,-0.01009248782646676,0.004135267877574842,0.9993203265058235,0.0007524573926703568,0.0001351465920450084,-0.0153000725741364,0.1316296808199527,0.13287454514578617,0,1,0
13.773773773773774,-0.010007790154780927,0.004234883584291676,0.9993339443078733,0.0006808901024897682,0.00018913071543852618,0.0026992061696757344,0.13178334518654486,0.13278758341489377,0,1,0
13.793793793793794,-0.00992207840705405,0.004285587386343853,0.9993471204457726,0.0006588068949629408,-1.818730720503224e-05,-0.010365901132178086,0.1316780672023226,0.13286425200922763,0,1,0
13.813813813813814,-0.009835628677697151,0.004322486467844927,0.9993594313967631,0.0006155475495260313,0.0005971445448340859,0.03076659260195573,0.1320006991117644,0.1326631744019725,0,1,0
13.833833833833834,-0.009748571240154939,0.004352871877110573,0.9993726787296215,0.0006623666429211633,0.0002993739745186796,-0.014888528515770508,0.131981002900066,0.133116851327229,0,1,0
13.853853853853854,-0.009658895914229214,0.0044837662962862335,0.999393290335919,0.0010305803148703025,0.000250151589580612,-0.002461119246903577,0.13182752321915828,0.13285798808510713,0,1,0
13.873873873873874,-0.009567426002793065,0.00457349557180746,0.9994151520354857,0.0010930849783374445,-0.00030982932668338224,-0.02799904581319993,0.1316753392932653,0.1329807755739814,0,1,0
13.893893893893894,-0.009474698076709333,0.004636396304186572,0.9994378273721448,0.0011337668329571883,-0.0005010179169428044,-0.009559429512971333,0.13162692351787159,0.1327880440635742,0,1,0
13.913913913913914,-0.009382831949680655,0.0045933063514338995,0.9994577430729187,0.0009957850386943293,-0.0005850728313183012,-0.004202745718775083,0.13169801688983723,0.13280039032311047,0,1,0
13.933933933933934,-0.0092924738607141,0.00451790444832777,0.9994761371961143,0.0009197061597782798,-0.0008068925815976568,-0.011090987513968047,0.13159954000840166,0.1328054126579062,0,1,0
13.953953953953954,-0.009203981728686826,0.0044246066013637,0.9994916262756035,0.0007744539744634466,-0.0010246422239297364,-0.010887482116604248,0.1316138206911897,0.1328153396490199,0,1,0
13.973973973973974,-0.009118158493792229,0.004291161744729865,0.9995045706749625,0.0006472199679447163,-0.0013666023972856932,-0.01709800866779812,0.13151065432536463,0.13283895004567883,0,1,0
13.993993993993994,-0.009035650400884741,0.004125404645374338,0.9995137930531487,0.0004611189093096992,-0.0021233782426673,-0.03783879226908068,0.13135911880311107,0.1329709611956494,0,1,0
14.014014014014014,-0.00895783157721545,0.003890941183464547,0.9995190055512074,0.000260624902939006,-0.002994576616630447,-0.043559918698157715,0.1306730571582133,0.13252009170876966,0,1,0
14.034034034034034,-0.008887979273947801,0.003492615163382464,0.9995033628338671,-0.0007821358670178139,-0.0031109770401983867,-0.00582002117839734,0.12993107450713265,0.13147708636083216,0,1,0
14.054054054054054,-0.00882929402662098,0.002934262366341084,0.9994404288055851,-0.003146701414094624,-0.002927575689872593,0.0091700675162893,0.13077017004379524,0.13213700032869694,0,1,0
14.074074074074074,-0.008782175025434553,0.0023559500593212618,0.9993524475358452,-0.004399063486999474,-0.0028032951057720456,0.006214029205026951,0.13110675663658317,0.13254664048857034,0,1,0
14.094094094094094,-0.00874578623991967,0.0018194392757441718,0.9992504965175996,-0.005097550912279463,-0.002958615373818641,-0.007766013402330288,0.1312669078135093,0.13289845386729202,0,1,0
14.114114114114114,-0.008719912267360805,0.0012936986279432077,0.9991421730381284,-0.00541617397355901,-0.002743822124779059,0.010739662451978617,0.1315382812147561,0.13298511308750585,0,1,0
14.134134134134134,-0.008705128997069938,0.0007391635145433284,0.9990327846490816,-0.005469419452337683,-0.0023824239475834963,0.018069908859777627,0.13189335660435958,0.1332448472633527,0,1,0
14.154154154154154,-0.008700465794452819,0.00023316013085601358,0.9989314428583788,-0.005067089535145408,-0.0022300014796336758,0.0076211233974904525,0.13189908526950772,0.13341712351759663,0,1,0
14.174174174174174,-0.008704512059525969,-0.00020231325365745027,0.9988407818979403,-0.004533048021922909,-0.0021321743114257733,0.004891358410394538,0.13166722273304796,0.1332269783771947,0,1,0
14.194194194194194,-0.00871686791517312,-0.0006177927823575317,0.9987545425726087,-0.004311966266584572,-0.0016312729301290966,0.025045069064833156,0.1319467797510085,0.1332992860650669,0,1,0
14.214214214214214,-0.008736634661427049,-0.0009883373126964485,0.9986779349524447,-0.0038303810081968155,-0.001893482186639703,-0.013110462825531015,0.13156464050677838,0.13338591665443697,0,1,0
14.234234234234235,-0.00876202208163163,-0.0012693710102290908,0.9986065770776691,-0.003567893738781599,-0.002174771166504905,-0.01406444899326086,0.1308798735608537,0.1328295756226484,0,1,0
14.254254254254255,-0.0087939292083601,-0.0015953563364235746,0.998522076156461,-0.004225046060399954,-0.0025472675772041454,-0.01862482053496289,0.1309234023674652,0.132954673662106,0,1,0
14.274274274274275,-0.008833865276410752,-0.001996803402532536,0.9984269387265772,-0.004756871494192946,-0.0021557308147339372,0.019576838123509518,0.13158520558628042,0.1332090763479985,0,1,0
14.294294294294295,-0.008882918559321025,-0.0024526641455136543,0.9983347433232309,-0.004609770167314069,-0.002089186685676361,0.003327206452877818,0.1312246650437741,0.13309982787693428,0,1,0
14.314314314314315,-0.008939524107940949,-0.002830277430996205,0.9982385313759986,-0.004810597361613812,-0.002159018019535175,-0.0034915666929417567,0.13141002394872756,0.1333867268599624,0,1,0
14.334334334334335,-0.00900399648072355,-0.003223618639130062,0.9981453030935457,-0.004661414122647568,-0.001192898519770049,0.04830597498825513,0.13217392161169006,0.1335106944742742,0,1,0
14.354354354354355,-0.009076206109275828,-0.003610481427613865,0.9980682090291624,-0.003854703219162066,-0.0005228192938098363,0.03350396129800939,0.13189911071888605,0.13341293770630305,0,1,0
14.374374374374375,-0.009152669821742579,-0.0038231856233375467,0.9980017230347271,-0.0033242997217606813,0.0006328932015300091,0.05778562476699095,0.1323686897445079,0.1335367771628161,0,1,0
14.394394394394395,-0.009230429198817227,-0.003887968853732379,0.9979546302106476,-0.0023546412039777095,0.0013701416699072107,0.03686242341885866,0.13276475094065188,0.13415986594268248,0,1,0
14.414414414414415,-0.009305119499821922,-0.0037345150502347893,0.9979420132087302,-0.0006308500958695823,0.0022531498489800077,0.04415040895363829,0.13310596384336715,0.13430126404468087,0,1,0
14.434434434434435,-0.009373850151758763,-0.003436532596842028,0.9979709911814262,0.0014488986347964985,0.00318375855120752,0.04653043511137404,0.13326448575112973,0.13416731345948754,0,1,0
14.454454454454455,-0.009433358351451492,-0.0029754099846364835,0.9980418884093973,0.003544861398555788,0.004373167207482275,0.0594704328137361,0.13290274200426644,0.13348129551223875,0,1,0
14.474474474474475,-0.00947975191209053,-0.0023196780319519033,0.9981391388414029,0.004862521600280626,0.005057484526275541,0.034215865939661375,0.13249900028600062,0.13322189827477884,0,1,0
14.494494494494495,-0.009508598500447692,-0.0014423294178581595,0.9982528793155907,0.005687023709386319,0.005753076764662763,0.0347796119193592,0.1322728041311274,0.1328651089691406,0,1,0
14.514514514514515,-0.009516927691383034,-0.0004164595467670829,0.9983744471115255,0.006078389796738171,0.005711703781241231,-0.002068649171078636,0.1317519469651356,0.13270231215850303,0,1,0
14.534534534534535,-0.009502311779216602,0.0007307956083215737,0.9984936931006376,0.005962299455607023,0.005662629992444627,-0.002453689439832313,0.13102646854457614,0.13208674737248127,0,1,0
14.554554554554555,-0.009464787434780906,0.001876217221784809,0.9985907531063468,0.004853000285458288,0.0051981079018616405,-0.023226104529151664,0.13101566706817933,0.13234182153946714,0,1,0
14.574574574574575,-0.009404528446041721,0.0030129494369592657,0.9986692649310115,0.003925591233234834,0.004501363445412196,-0.03483722282247467,0.1310623005982937,0.13251741946858833,0,1,0
14.594594594594595,-0.009323112793528503,0.004070782625660945,0.9987325456216237,0.0031640345306105794,0.0032220406392422284,-0.063966140308501,0.1309119976765592,0.13278389247285052,0,1,0
14.614614614614615,-0.009223806023330347,0.004965338509907802,0.9987823416283759,0.0024898003376085083,0.002725586139516951,-0.02482272498626676,0.13109096728875932,0.13257366607504759,0,1,0
14.634634634634635,-0.009111529868307142,0.005613807751160289,0.9988182200176641,0.0017939194644105937,0.00252281083818515,-0.010138765066593135,0.13154965684103137,0.13279582606434492,0,1,0
14.654654654654655,-0.008988454232345872,0.006153781798063541,0.9988502843649867,0.0016032173661319467,0.0029013947982432045,0.01892919800289945,0.1319492209259012,0.13277257136274748,0,1,0
14.674674674674675,-0.008854797622155243,0.006682830509531419,0.9988841147476102,0.0016915191311754646,0.0024240417704339654,-0.02386765139046552,0.13153964621004524,0.13290076195273517,0,1,0
14.694694694694695,-0.008709215154531469,0.007279123381188747,0.9989155370663471,0.0015711159368447724,0.0017511892126383446,-0.03364262788978481,0.1314257889740229,0.1329176620779677,0,1,0
14.714714714714715,-0.008553378440954855,0.007791835678830666,0.9989431218291328,0.0013792381392889255,0.0005798670860684129,-0.058566106328500706,0.13113421218770716,0.13297464359187994,0,1,0
14.734734734734735,-0.008390385657836855,0.00814963915590003,0.9989634021393119,0.0010140155089538219,5.383928649279618e-05,-0.026301389978785276,0.13153906813428223,0.133033733035741,0,1,0
14.754754754754755,-0.008224629122128712,0.008287826785407152,0.9989832624873985,0.0009930174043299446,-0.00047507042948119975,-0.026445485798704586,0.1315340970403979,0.13303258941541948,0,1,0
14.774774774774775,-0.008058825304515353,0.008290190880667975,0.9990026132749174,0.0009675393759396679,0.000253102923686959,0.0364086676584029,0.1321872956968455,0.13283857423410178,0,1,0
14.794794794794795,-0.00789447865614695,0.008217332418420199,0.999028257193692,0.0012821959387367657,0.00045773291469270236,0.010231499550281808,0.13189025080548195,0.13281906749242334,0,1,0
14.814814814814815,-0.007728783791674717,0.008284743223611645,0.9990554998314404,0.0013621318874172594,0.00046461114974259704,0.00034391175248904213,0.1318244088741746,0.1328966229578333,0,1,0
14.834834834834835,-0.007560593031399785,0.0084095380137466,0.9990845131454282,0.001450665699392638,-0.00027848453758786963,-0.037154784366529484,0.13143546719742707,0.13301269420605513,0,1,0
14.854854854854855,-0.007390173666326916,0.008520968253643409,0.9991112531671529,0.0013370010862301268,-0.0008075095311702635,-0.0264512496791263,0.13163208663631565,0.1330439640134948,0,1,0
14.874874874874875,-0.00722062333992566,0.008477516320062783,0.9991390981365943,0.001392248472072392,-0.0009011261770072014,-0.004680832291853936,0.13182343723668363,0.13296060138615445,0,1,0
14.894894894894895,-0.00705328341774624,0.008366996108971035,0.9991696458578528,0.0015273860629278285,-0.002193054148197091,-0.0645963985595022,0.1309968823106341,0.1329694625925509,0,1,0
14.914914914914915,-0.006889064298637564,0.00821095595543379,0.9991907798624019,0.001056700227453224,-0.002942841549940422,-0.037489370087174845,0.13116675182828202,0.13289677072393505,0,1,0
14.934934934934935,-0.006732904254390478,0.007808002212354297,0.9992039395982599,0.0006579867929031041,-0.003565797020755871,-0.03114777354078144,0.13119726633528314,0.1329032909633272,0,1,0
14.954954954954955,-0.006587772300212626,0.007256597708892575,0.9992096726305371,0.00028665161385736947,-0.004002697058540171,-0.02184500188922469,0.1313096075067774,0.13293473218998791,0,1,0
14.974974974974975,-0.006455812187426088,0.006598005639326922,0.9992101071138548,2.172416589111772e-05,-0.004881602946240811,-0.043945294385042646,0.13106891977283583,0.13300365421186303,0,1,0
14.994994994994995,-0.006339045492338473,0.005838334754380746,0.9992026961888791,-0.0003705462487823173,-0.0053144552098095535,-0.02164261317844846,0.13091580221097118,0.13265175657152256,0,1,0
15.015015015015015,-0.006241222256762353,0.004891161778806002,0.9991799492773273,-0.0011373455775871616,-0.004766031560006506,0.02742118249014019,0.13155943809117376,0.13264601164155204,0,1,0
15.035035035035035,-0.006163391741298114,0.00389152577321195,0.9991513201910845,-0.0014314543121398007,-0.00505887627135708,-0.014642235567541902,0.1337658545611337,0.13515105677730635,0,1,0
15.055055055055055,-0.006103618202293445,0.0029886769502334384,0.9991866230973405,0.0017651453127999282,-0.006157010288105851,-0.05490670083745272,0.13145088942763983,0.13343631163722575,0,1,0
15.075075075075075,-0.006063243915770332,0.0020187143261556546,0.999226102278726,0.001973959069272543,-0.006631246120747377,-0.023711791632091844,0.131503579740125,0.1333139361490555,0,1,0
15.095095095095095,-0.0060463291725492705,0.00084573716105308,0.9992686978831662,0.002129780222010511,-0.007059752383088151,-0.021425313117055336,0.13031225660912013,0.1321897602130789,0,1,0
15.115115115115115,-0.006054387701933777,-0.00040292646922532294,0.9992800925965459,0.0005697356689846197,-0.007582517620921352,-0.02613826189167818,0.13073096382944807,0.13283899960647794,0,1,0
15.135135135135135,-0.006089736316389745,-0.0017674307227984053,0.9992761210809207,-0.00019857578126526991,-0.006938251238974703,0.03221331909731278,0.13194190864392916,0.13340335820441007,0,1,0
15.155155155155155,-0.0061543305299384165,-0.0032297106774335452,0.9992830807322833,0.00034798256813135093,-0.006152491209066065,0.03928800149541099,0.13068097704425044,0.13207367681867366,0,1,0
15.175175175175175,-0.006245168942819654,-0.004541920644061858,0.999262602641865,-0.0010239045209198532,-0.005625392079149005,0.026354956495830417,0.13091737089480393,0.13254086801499168,0,1,0
15.195195195195195,-0.006359409488149456,-0.005712027266490109,0.999225152159285,-0.0018725241290002957,-0.0048375116858954785,0.03939401966265217,0.1312294947584155,0.13268636330436626,0,1,0
15.215215215215215,-0.006494968510981477,-0.00677795114160106,0.9991775345173396,-0.002380882097269367,-0.004010177675065443,0.041366700541475745,0.13098979355970503,0.13240357019579801,0,1,0
15.235235235235235,-0.006648557539864045,-0.0076794514441284175,0.9991120334929373,-0.003275051220114875,-0.003473208901543862,0.026848438676051103,0.13108320870992893,0.1325551243283155,0,1,0
15.255255255255255,-0.006816730927675335,-0.008408669390564482,0.9990323069836866,-0.003986325462534137,-0.0035982700003845207,-0.006253054942063411,0.13103811421808909,0.132892974546939,0,1,0
15.275275275275275,-0.00699775346688603,-0.009051126960534714,0.9989427114690611,-0.004479775731272901,-0.0033868698719492617,0.010570006421730171,0.1310291540817989,0.13279124405094675,0,1,0
15.295295295295295,-0.007191937530312277,-0.009709203171312403,0.9988416133950234,-0.005054903701882048,-0.0032220890671511926,0.008239040239867868,0.13131676798679676,0.1331211222528341,0,1,0
15.315315315315315,-0.007398691216615743,-0.010337684315173288,0.9987381729895368,-0.005172020274329899,-0.0026574546324998256,0.028231721732530076,0.13154630533857675,0.13318653495096539,0,1,0
15.335335335335335,-0.007617256166779222,-0.0109282475081739,0.9986367639385817,-0.00507045254775355,-0.0020491348012903966,0.03041599156043013,0.13147208182538556,0.1330376225882061,0,1,0
15.355355355355355,-0.007845129869404752,-0.011393685131276572,0.9985340854429179,-0.005133924783187936,-0.001976050852900861,0.0036541974194319177,0.13155866284588727,0.1334551456769575,0,1,0
15.375375375375375,-0.008080548775884704,-0.01177094532399756,0.9984376123703995,-0.00482365362591694,-0.0009931882966566024,0.04914312781216488,0.1319597017597698,0.1333450274957146,0,1,0
15.395395395395395,-0.008323213708256082,-0.012133246618568865,0.9983516502177918,-0.004298107630385455,0.00046169768690398086,0.0727442991779781,0.1316289328616589,0.13266851377860728,0,1,0
15.415415415415415,-0.00856864209725347,-0.012271419449869453,0.9982612735169369,-0.004518835042744721,0.0009587747079038735,0.02485385104993955,0.13200756059386587,0.13358918171829473,0,1,0
15.435435435435435,-0.008811548136642472,-0.012145301969450075,0.998185736196321,-0.0037768660307955096,0.0017451043157345645,0.03931648039147548,0.13215590942394284,0.13347987419194227,0,1,0
15.455455455455455,-0.009049867920206775,-0.011915989178215151,0.9981256032078446,-0.0030066494238177614,0.0024034317219208327,0.032916370309249994,0.13224105435661945,0.1335087962433352,0,1,0
15.475475475475475,-0.00928079535770189,-0.011546371874755747,0.9980825477457624,-0.002152773104109431,0.0034424553518410147,0.051951181495941884,0.13301306539658672,0.13387684086196502,0,1,0
15.495495495495495,-0.009501609611470728,-0.011040712688441881,0.9980734402498883,-0.0004553747937058653,0.004356838312576719,0.04571914803671379,0.13271635602149884,0.13366809146623715,0,1,0
15.515515515515515,-0.009708497305763576,-0.010344384714642375,0.9980907529960031,0.0008656373057415803,0.005718954655386681,0.06810581714042316,0.1326093350104082,0.1332260986094772,0,1,0
15.535535535535535,-0.009897904361956505,-0.009470352809646513,0.9981263170899924,0.0017782046994664902,0.007275121419331932,0.07780833819718412,0.13377058737376676,0.1341077846477363,0,1,0
15.555555555555555,-0.010063827407999541,-0.008296152302151829,0.9982103560342465,0.004201947212700485,0.007877191997601458,0.03010352891339317,0.13234179396192797,0.13336093608258118,0,1,0
15.575575575575575,-0.010200436830855386,-0.0068304711427922965,0.9983105596939652,0.0050101829859379,0.00824955758697526,0.018618279468601475,0.13195491977570104,0.13301220776205896,0,1,0
15.595595595595595,-0.010305520181850875,-0.005254167549774431,0.9984159996517711,0.005271997890290984,0.008514916303589023,0.013267935830593717,0.13194926802246182,0.13295705988202328,0,1,0
15.615615615615615,-0.010377177951915376,-0.0035828885032250834,0.9985257592790879,0.005487981365841283,0.007727107108565776,-0.03939045975126432,0.13096939434395716,0.1326697817283478,0,1,0
15.635635635635635,-0.010415278232118378,-0.0019050140101501438,0.9986210545040871,0.00476476124995991,0.007832459045547944,0.005267596848999571,0.13115897461979298,0.1323698525737859,0,1,0
15.655655655655655,-0.01042287540188419,-0.0003798584882906504,0.9987002873212423,0.003961640857756729,0.008318760895429716,0.024315092493973085,0.13175383692517387,0.13263219008944563,0,1,0
15.675675675675675,-0.010399151293220183,0.0011862054332003403,0.998776166386642,0.003793953269989128,0.008280290495522907,-0.0019235199954636788,0.13163218425137663,0.1327562468861275,0,1,0
15.695695695695695,-0.010342403985346334,0.002837365393692454,0.9988487146277113,0.00362741205346549,0.008256660040778357,-0.0011815227373588753,0.13166864706353162,0.1327201627460462,0,1,0
15.715715715715715,-0.0102527649778978,0.00448195037242668,0.9989179415434748,0.0034613457881724633,0.008101751822631616,-0.0077454109074771614,0.13173495770892069,0.13276524470390427,0,1,0
15.735735735735735,-0.010130403054722747,0.006118096158752687,0.998985500714494,0.003377958550958571,0.007920653964274703,-0.009054892917994353,0.13216837090090275,0.1330985474084875,0,1,0
15.755755755755755,-0.009975872500699924,0.007726527701141147,0.9990627567569209,0.003862802121347909,0.007658022824334778,-0.013131556997154351,0.1316837899863255,0.13264004628471096,0,1,0
15.775775775775776,-0.009789929617526803,0.009297144158656092,0.9991357363110545,0.003648977706676819,0.007157173747573304,-0.025042453838242062,0.13149160494008483,0.13256687234223322,0,1,0
15.795795795795796,-0.009573595301728533,0.010816715789913472,0.9992005196306423,0.003239165979390216,0.00639172763374607,-0.03827230569154154,0.13131611258457387,0.1325553304591994,0,1,0
15.815815815815816,-0.009328833691733571,0.012238080499748073,0.9992543569776047,0.0026918673481220257,0.005416433652356804,-0.0487646990696566,0.1313395970687179,0.1327524115694762,0,1,0
15.835835835835836,-0.009058791412157081,0.013502113978824525,0.9993005449968501,0.0023094009622692756,0.004663308764353883,-0.03765624440035314,0.13138179729373267,0.13267398467995276,0,1,0
15.855855855855856,-0.00876727705921695,0.014575717647006613,0.9993385756866592,0.0019015344904568126,0.003976283405179586,-0.0343512679589363,0.1314728994397093,0.13271083736525716,0,1,0
15.875875875875876,-0.00845738072042401,0.015494816939646936,0.9993703660866423,0.0015895199991542751,0.003572321107359494,-0.020198114891240133,0.13170896565775997,0.13272589887051492,0,1,0
15.895895895895896,-0.008131478443707967,0.016295113835802216,0.9993996532368904,0.0014643575124019623,0.0026707562472583855,-0.04507824300530795,0.13156234498855102,0.13291584139051577,0,1,0
15.915915915915916,-0.007791315358100952,0.017008154280350768,0.9994270869268985,0.0013716845004051112,0.0018335753854139135,-0.04185904309249425,0.13183430552473555,0.13318674615932885,0,1,0
15.935935935935936,-0.007440375713842744,0.017546982212910383,0.9994607220953937,0.0016817584247585118,0.0009855523783288108,-0.042401150354545565,0.1315589658065777,0.13292923148018107,0,1,0
15.955955955955956,-0.007082039829410096,0.017916794221632407,0.9994926669582105,0.0015972431408368363,0.00027575947180325807,-0.03548964532658858,0.1316468420834959,0.13292871909696496,0,1,0
15.975975975975976,-0.006719477039640254,0.018128139488492106,0.9995242218452576,0.0015777443523523772,-0.0006719106217696053,-0.04738350467897748,0.13148239861745178,0.13291830205809754,0,1,0
15.995995995995996,-0.006355735309226391,0.018187086520693136,0.9995527982975232,0.0014288226132789757,-0.001229764186236999,-0.027892678223726684,0.13168314520934335,0.13284664971686067,0,1,0
16.016016016016017,-0.005994527200040856,0.018060405459276795,0.9995803105117663,0.0013756107121561771,-0.0016194803698358494,-0.01948580918032214,0.13180791131853353,0.13281998246323273,0,1,0
16.036036036036037,-0.005637878137773558,0.01783245311336487,0.9996082105943336,0.0013950041283602873,-0.0022717054899993737,-0.03261125600858138,0.13247419670638788,0.13339620015816986,0,1,0
16.056056056056057,-0.0052870602977574685,0.017540892000804463,0.9996549034866828,0.0023346446174610227,-0.003801376929013573,-0.07648357195114631,0.1315523727018336,0.13318335702465328,0,1,0
16.076076076076077,-0.0049453680281825495,0.017084613478745965,0.9997035590544252,0.002432778387117293,-0.004159312417063521,-0.017896774402959573,0.13193780712500747,0.13289663080001435,0,1,0
16.096096096096097,-0.00461825104961002,0.01635584892862647,0.9997556198324664,0.0026030389020593996,-0.004940137512059415,-0.0390412547502886,0.13173694982539189,0.13293482459036762,0,1,0
16.116116116116117,-0.0043068028310015785,0.015572410930422116,0.9998086676798787,0.0026523923706165387,-0.006509158212880804,-0.07845103504160476,0.13114735529115418,0.1330970779126205,0,1,0
16.136136136136138,-0.004014158892549325,0.014632196922612676,0.9998563569930459,0.002384465658357293,-0.008036572311483194,-0.07637070493070301,0.13091564560047772,0.13287057539543795,0,1,0
16.156156156156158,-0.0037467727756771746,0.013369305843607506,0.9998918688160913,0.0017755911522720237,-0.008802848402669096,-0.038313804559923004,0.13116421370379688,0.1327728773602124,0,1,0
16.176176176176178,-0.0035102579506616728,0.01182574125077508,0.999917404701701,0.0012767942804832917,-0.009765627442649494,-0.04813895199970045,0.13184810513211756,0.1336133890696526,0,1,0
16.196196196196198,-0.00330821447271324,0.01010217389742165,0.9999555304184876,0.0019062858393311182,-0.009969458582432728,-0.01019155698988982,0.1319077484486585,0.13326968034810185,0,1,0
16.216216216216218,-0.0031441100801191564,0.008205219629704188,1.0000019924951522,0.0023231038332322753,-0.010218302312290243,-0.012442186493657,0.13050751682402584,0.1320657813710038,0,1,0
16.236236236236238,-0.00301847317154956,0.006281845428479813,1.0000181985623575,0.0008103033602696579,-0.010078971579359176,0.006966536645717192,0.13147203289836698,0.13282272318564986,0,1,0
16.256256256256258,-0.002932537704800332,0.004296773337461387,1.0000296650375107,0.0005733237576602466,-0.00964712268888731,0.02159244452270216,0.1311062609176173,0.13238198713765242,0,1,0
16.276276276276278,-0.0028857992524406848,0.002336922617982359,1.0000244536308847,-0.0002605703312967526,-0.008609565593386584,0.051877854774093915,0.13169416691923627,0.13263239312236533,0,1,0
16.296296296296298,-0.0028762235497126697,0.00047878513640074705,1.000015013219485,-0.00047202056998163543,-0.008079343571814428,0.026511101077601473,0.13133372122908343,0.13262004443996855,0,1,0
16.316316316316318,-0.002899745410982386,-0.0011760930634858162,0.9999958615950204,-0.000957581223226339,-0.007632830966357437,0.022325630271771892,0.13133319101840485,0.13263397021944268,0,1,0
16.336336336336338,-0.0029542755113352048,-0.002726505017640939,0.9999672222921557,-0.0014319651432320626,-0.0072411969135390605,0.01958170263976498,0.13142369477159477,0.13276197927397265,0,1,0
16.356356356356358,-0.0030377658448933055,-0.004174516677905025,0.9999323537985493,-0.0017434246803219025,-0.007456216347767467,-0.010750971712669456,0.13119988478230066,0.13294339526569673,0,1,0
16.376376376376378,-0.0031487803415097323,-0.005550724830821338,0.9998906445097927,-0.0020854644378260918,-0.007712925183815595,-0.012835441803760804,0.13155473323092948,0.13340482087533623,0,1,0
16.396396396396398,-0.0032886092176661248,-0.006991443807819632,0.9998541863997371,-0.001822905502779772,-0.007191465030791318,0.02607300764976194,0.13227759236220352,0.13366713640889338,0,1,0
16.416416416416418,-0.0034583628341945706,-0.00848768082642229,0.9998375623837712,-0.0008312007982964945,-0.006234875496036936,0.04782947673617387,0.13126692848111451,0.1324059254199169,0,1,0
16.436436436436438,-0.0036554177446868528,-0.009852745524614098,0.9998071152726373,-0.0015223555566951188,-0.005627558922973702,0.030365828651506156,0.1314295033374734,0.132791807999928,0,1,0
16.456456456456458,-0.0038760335365595902,-0.011030789593636884,0.9997710064765123,-0.0018054398062496153,-0.005252637623102566,0.018746064991775224,0.13169324584090433,0.13321493967080522,0,1,0
16.476476476476478,-0.004118107130214948,-0.01210367968276791,0.9997394304573983,-0.001578800955696168,-0.0045270547681959495,0.036279142743424336,0.13189961890913957,0.1332009018950402,0,1,0
16.496496496496498,-0.004379852403198168,-0.013087263649160944,0.9997152409514974,-0.001209475295045252,-0.004229255479995922,0.014889964407945926,0.13081478307566505,0.13242088984394657,0,1,0
16.516516516516518,-0.004658270089176635,-0.01392088429892335,0.9996708188369996,-0.0022211057248920554,-0.004131256924906718,0.0048999277522341345,0.131506931053881,0.13326261721573165,0,1,0
16.536536536536538,-0.004952113538945261,-0.014692172488431327,0.9996289095072289,-0.002095466488530992,-0.004436455070189322,-0.015259907266559566,0.13076743961896944,0.13289022401845313,0,1,0
16.556556556556558,-0.005261378548570927,-0.015463250481283296,0.999573040331096,-0.002793458806650769,-0.003962154639103524,0.023715021551665782,0.13117091620245064,0.1328864592563667,0,1,0
16.576576576576578,-0.005586939171682946,-0.016278031155600933,0.9995091391727237,-0.0031950579186146447,-0.0036739484707923793,0.01441030841270879,0.13109517351277436,0.13295668429788304,0,1,0
16.596596596596598,-0.005926890303587894,-0.016997556595247418,0.9994371386526629,-0.003600026003034134,-0.00352397726808663,0.007498560132186012,0.13110153463145013,0.1330988538774058,0,1,0
16.616616616616618,-0.0062804451609567505,-0.017677742868442828,0.9993592501476657,-0.003894425249859076,-0.002739404821082852,0.039228622346843094,0.13155822297727351,0.13319504060301682,0,1,0
16.636636636636638,-0.006647238768833617,-0.018339680393843316,0.9992836712987871,-0.003778942443925083,-0.0012150756805416605,0.07621645702349172,0.13202526393938524,0.13321944054908447,0,1,0
16.656656656656658,-0.007023555672140419,-0.018815845165340055,0.9992176904784268,-0.003299041018019327,-0.000552889300463131,0.033109319000065696,0.1314889609927803,0.13321335291951658,0,1,0
16.676676676676678,-0.007403432451785993,-0.018993838982278702,0.9991532763178402,-0.0032207080293283367,-0.00024273341474988545,0.015507794281459479,0.13142607522831504,0.1333487454532864,0,1,0
16.696696696696698,-0.007784480376094588,-0.019052396215429722,0.9990915040178088,-0.003088615001574025,0.0002798481613141319,0.026129078798643735,0.13174322552710838,0.13354630099435189,0,1,0
16.716716716716718,-0.008165499959365712,-0.019050979163556206,0.9990399971813743,-0.0025753418217276105,0.0009503829743293029,0.03352674064582798,0.13181532011459823,0.13352931207942034,0,1,0
16.736736736736738,-0.008544486917377693,-0.01894934790059907,0.9989995637766785,-0.002021670234787077,0.0017934107707922712,0.042151389817828594,0.1318797780934323,0.13346980017424662,0,1,0
16.756756756756758,-0.00891847108336375,-0.018699208299302855,0.9989702664230125,-0.0014648676833024662,0.0020624728956269802,0.01345310623594436,0.13173905995235766,0.13368208888576505,0,1,0
16.776776776776778,-0.00928411958700615,-0.018282425182119973,0.9989531517912553,-0.0008557315878584896,0.0019998444435337616,-0.003131422610998861,0.1312747022819747,0.13346968904966972,0,1,0
16.796796796796798,-0.009640753422330861,-0.01783169176623552,0.9989381818906449,-0.0007484950305248559,0.002484352036031819,0.02422537961801981,0.1312341598359918,0.1331224915670155,0,1,0
16.816816816816818,-0.0099885200195113,-0.01738832985902192,0.9989196111837192,-0.0009285353462827584,0.0030445152786781463,0.028008162124845835,0.13154235326370844,0.1333745909701353,0,1,0
16.836836836836838,-0.010325715063077242,-0.016859752178297133,0.9989057389505686,-0.0006936116575322045,0.0040332093104749195,0.04943470158178778,0.13134281876365977,0.13295429363533776,0,1,0
16.856856856856858,-0.010649982938618267,-0.016213393777051274,0.9988873726321696,-0.0009183159199444667,0.004900005822652553,0.0433398256001801,0.13145240270531175,0.13308203140622163,0,1,0
16.876876876876878,-0.010957693114416226,-0.015385508789897947,0.9988680180239881,-0.0009677304090768355,0.0061299692907397585,0.06149817339502258,0.13212333209975627,0.13340620342663626,0,1,0
16.896896896896898,-0.0112450776869436,-0.014369228626368757,0.9988624028099299,-0.0002807607029059468,0.006843655720649688,0.03568432148542361,0.13180263613520385,0.13335421495527483,0,1,0
16.916916916916918,-0.011507284638450632,-0.013110347575351601,0.9988649679936291,0.00012825918496274302,0.007132640438052817,0.01444923585922855,0.13162296197070697,0.13339657735324498,0,1,0
16.936936936936938,-0.011741271208656883,-0.01169932851031255,0.998873654552644,0.00043432795074420963,0.006647272132374079,-0.024268415295927093,0.13118714033524057,0.1334379250200404,0,1,0
16.956956956956958,-0.011946374847972837,-0.010255181965797677,0.9988826056964811,0.0004475571918573265,0.006554368881078703,-0.004645162577841325,0.13111018379623104,0.13317906640772392,0,1,0
16.976976976976978,-0.012124385211179737,-0.008900518160345006,0.9988868594022281,0.00021268528734807193,0.006380953080949533,-0.008670790020745374,0.13123190006169771,0.1333435886842402,0,1,0
16.996996996996998,-0.012275978405243762,-0.0075796597032012835,0.9988906623520009,0.00019014748863684197,0.00677405538249858,0.019655115061979894,0.13136230532385473,0.13312542330387991,0,1,0
17.017017017017018,-0.012401778601455466,-0.0062900098105851876,0.998892719186415,0.00010284172070620315,0.00728999172893968,0.025796817305333748,0.13167625307905395,0.13328724376270512,0,1,0
17.037037037037038,-0.012500063285161862,-0.004914234185319834,0.9989000694400416,0.00036751268133027737,0.0075075566593807135,0.010878246503931559,0.13212572386167987,0.13388575077096435,0,1,0
17.057057057057058,-0.012569087759619426,-0.003451223722878213,0.9989282198023958,0.0014075181177075913,0.008261745744916438,0.03770945425732946,0.1321097121224471,0.1334028334469428,0,1,0
17.077077077077078,-0.012607883183940991,-0.001939771216078284,0.9989697559013757,0.0020768049489977717,0.008811479323910751,0.02748667892882851,0.13193668207735812,0.13322710416263253,0,1,0
17.097097097097098,-0.012613424401636581,-0.0002770608847795467,0.9990194769988519,0.0024860548738068642,0.008912705776783996,0.00506132262115146,0.1316177416719857,0.13311030910371016,0,1,0
17.117117117117118,-0.012583425616920347,0.0014999392358117267,0.9990709030171498,0.002571300914899648,0.00832305099803999,-0.029482738961681864,0.13118512723637768,0.13311590345146385,0,1,0
17.137137137137138,-0.01251786650314644,0.0032779556886953372,0.9991177030789012,0.0023400030875691145,0.007955708836197914,-0.01836710811864119,0.13135933370211625,0.13312810288627447,0,1,0
17.157157157157158,-0.01241889820378284,0.004948414968180008,0.9991626622268086,0.002247957395370857,0.007366342135309723,-0.029468335073251486,0.13116434407409813,0.13308283728269063,0,1,0
17.177177177177178,-0.01228823090667447,0.006533364855418531,0.9992022343802206,0.00197860767059994,0.007090301246622703,-0.013802044465549189,0.1314188123998355,0.1331020868641252,0,1,0
17.197197197197198,-0.012128049576673497,0.008009066500048664,0.9992404964738217,0.0019131046800558678,0.006711758004215094,-0.0189271621541409,0.13136070657793014,0.13307835708576882,0,1,0
17.217217217217218,-0.011939637776943565,0.009420589986496655,0.9992762449901436,0.0017874258160906255,0.006584474034918648,-0.006364198501183357,0.13153873603349525,0.13303911157355824,0,1,0
17.237237237237238,-0.011724625648410062,0.010750606426675099,0.9993115481640388,0.0017651586947623065,0.006800361282337514,0.010794362332054473,0.13226220048630624,0.13332327610655237,0,1,0
17.25725725725726,-0.011483015172291517,0.012080523805927267,0.9993613371483371,0.0024894492149149013,0.006197580932333727,-0.030139017542084093,0.13201307547975158,0.13353439906821288,0,1,0
17.27727727727728,-0.011214287919600911,0.013436362634530316,0.9994250315058482,0.0031847178755532615,0.005733460638001867,-0.02320601476157907,0.13201404037439066,0.13340209833904063,0,1,0
17.2972972972973,-0.010920479694807146,0.014690411239688226,0.9995006896325289,0.0037829063340365943,0.004588345764911783,-0.057255743703264944,0.13152350636837762,0.13343061897837835,0,1,0
17.31731731731732,-0.010603390146704311,0.015854477405141777,0.9995814680996422,0.004038923355666757,0.0030137250436830586,-0.07873103611475778,0.13062364457858028,0.13296967770547272,0,1,0
17.33733733733734,-0.010267777975457058,0.01678060856236267,0.9996472260360582,0.0032878968207976965,0.0016543554076366694,-0.06796848186064747,0.13086109183293076,0.13312970213168793,0,1,0
17.35735735735736,-0.009920129173819214,0.01738244008189214,0.9997038874311507,0.00283306975462385,0.0011025024609012705,-0.027592647399846897,0.1310306947588232,0.13287595504903815,0,1,0
17.37737737737738,-0.009565574074019556,0.017727754989982903,0.9997502254937988,0.0023169031324041054,0.0006367630064701884,-0.0232869727897732,0.13082531506197898,0.1325690003919539,0,1,0
17.3973973973974,-0.00920632202460024,0.017962602470965826,0.9997786614583534,0.0014217982277313604,0.00024840897925524946,-0.019417701434345475,0.13108262643736524,0.1327570152823459,0,1,0
17.41741741741742,-0.008844434540059594,0.018094374227032244,0.9997958089046223,0.0008573723134462757,0.00035327761258002125,0.005243431587483024,0.13148540692562952,0.13277821649664817,0,1,0
17.43743743743744,-0.008481262180665193,0.018158617969720087,0.999807958906872,0.0006075001124848795,0.0003217050281750644,-0.0015786293045303703,0.13181685138251273,0.133062673206913,0,1,0
17.45745745745746,-0.008116482974508957,0.018238960307811792,0.999824239872599,0.0008140482863510423,0.0002911840320480434,-0.0015260498962629911,0.13181279449515929,0.1329598795119282,0,1,0
17.47747747747748,-0.007750193929381476,0.018314452256374084,0.9998430655061378,0.000941281676936246,0.0001273073906140758,-0.008193832167580142,0.13172868026306864,0.13289881713469606,0,1,0
17.4974974974975,-0.0073819369001709165,0.018412851460527967,0.9998622830055498,0.0009608749706001166,-0.001269300785021591,-0.06983040888586117,0.13150061053995685,0.1336330221807731,0,1,0
17.51751751751752,-0.007012555774451767,0.018469056285957467,0.999889390485513,0.0013553739981577153,-0.0027407003145026652,-0.07356997658767316,0.13084432972605964,0.13308035722523848,0,1,0
17.53753753753754,-0.0066475121657033915,0.01825218043741877,0.999906468090294,0.0008538802390517916,-0.004208484378287231,-0.07338920331336891,0.13076588727966518,0.1328966421085219,0,1,0
17.55755755755756,-0.006292541935073181,0.01774851153151053,0.9999096286594922,0.00015802845990454863,-0.005762770002101824,-0.07771428132617167,0.13062926968198754,0.13298217298988432,0,1,0
17.57757757757758,-0.0059535465808482685,0.016949767711245615,0.9998981067770084,-0.0005760941241861181,-0.006879145675823823,-0.055818783833413196,0.13089810110587474,0.1330779909036269,0,1,0
17.5975975975976,-0.005636689975119002,0.01584283028646332,0.9998772862498931,-0.0010410263557621598,-0.007549843442984238,-0.033534888517483916,0.13170144461492814,0.13365170868420212,0,1,0
17.61761761761762,-0.00534652300258991,0.014508348626454635,0.9998675474541446,-0.00048693978742524863,-0.007837353973653653,-0.014375526705244543,0.1317099162837054,0.1334659766507559,0,1,0
17.63763763763764,-0.005085383056899866,0.013056997284502199,0.9998662363466712,-6.555537367534644e-05,-0.008393551063074534,-0.027809854656958004,0.13089143170540438,0.13303539558095018,0,1,0
17.65765765765766,-0.004854366987152905,0.011550803487348023,0.9998548332881628,-0.0005701529254142625,-0.008645099060940806,-0.012577400094586154,0.13096340439278276,0.13296054042512928,0,1,0
17.67767767767768,-0.004655693436593274,0.009933677527981544,0.9998332860933891,-0.0010773597386890272,-0.008576612277424053,0.003424338958798477,0.13133661045820713,0.13315896982731493,0,1,0
17.6976976976977,-0.004490104567313541,0.008279443463986699,0.999810062922445,-0.001161158547205163,-0.00888374787800337,-0.01535678026437571,0.13106848841740476,0.133182032911529,0,1,0
17.71771771771772,-0.004357856388378589,0.006612408946747566,0.9997815370404493,-0.0014262940997881717,-0.008210134099518459,0.03368068867222392,0.13159558949588943,0.13309096414229563,0,1,0
17.73773773773774,-0.0042597631237426044,0.004904663231799248,0.9997541616747396,-0.0013687682854796128,-0.007857895207060926,0.017611944351938635,0.1315383761437427,0.13323163029352791,0,1,0
17.75775775775776,-0.004193327950716443,0.0033217586513080606,0.9997291947339996,-0.0012483470370020834,-0.007356063558684703,0.025091582128172245,0.13166237778455417,0.13324262533440662,0,1,0
17.77777777777778,-0.004157172413225495,0.0018077768745474025,0.9997086452401134,-0.0010274746943089907,-0.006770103244900158,0.029298015378004742,0.1316412421619646,0.13315067542083145,0,1,0
17.7977977977978,-0.004149510720030724,0.00038308465973856815,0.9996908493078673,-0.0008897966123035341,-0.005732019574169227,0.051904183205657754,0.13177866453463807,0.13294642379426505,0,1,0
17.81781781781782,-0.004167486777418475,-0.0008988028693875322,0.999674830908963,-0.0008009199452141887,-0.005533440067156152,0.009928974994996252,0.13142446199037977,0.13324473197673067,0,1,0
17.83783783783784,-0.004207694779495828,-0.002010400103867663,0.9996597860211919,-0.000752244388559965,-0.004320164219471732,0.06066379200648391,0.1316811494092026,0.13270607061367784,0,1,0
17.85785785785786,-0.004268945293327949,-0.0030625256916060745,0.9996415409341245,-0.0009122543533714144,-0.0034423881469353296,0.04388880322525876,0.1319200231052949,0.13305636644586658,0,1,0
17.87787787787788,-0.004346255359549791,-0.0038655033110920767,0.9996288499978359,-0.0006345468144341048,-0.003295686490959644,0.007335082368076798,0.13164501632848608,0.13326531344927317,0,1,0
17.8978978978979,-0.0044359265144550495,-0.004483557745262922,0.9996207434785677,-0.0004053259634098701,-0.003948026062706372,-0.03261697905528156,0.13082616755990492,0.13296870270322828,0,1,0
17.91791791791792,-0.0045377542015568656,-0.005091384355090793,0.9996006944014839,-0.0010024538541860235,-0.00414114304547292,-0.009655849643565896,0.1313251877097189,0.1332771843266954,0,1,0
17.93793793793794,-0.004653840597202115,-0.005804319782262478,0.9995806660371307,-0.0010014182176604858,-0.004962042324204274,-0.04104496448816683,0.13080033637317695,0.13328616167554455,0,1,0
17.95795795795796,-0.004785228199204048,-0.006569380100096635,0.9995530128061372,-0.0013826615496744352,-0.0053495139527860785,-0.019373582029298803,0.1311872140615324,0.13354522089138235,0,1,0
17.97797797797798,-0.004935246603526523,-0.0075009202161237225,0.9995272955620974,-0.0012858622019875701,-0.0052463974785844514,0.005155823059810043,0.13151953995891116,0.1336013281832908,0,1,0
17.997997997998,-0.005105321709583141,-0.008503755302830908,0.9995092594127218,-0.0009018074687790123,-0.005084918727173513,0.008073936866357719,0.1313874297718495,0.13343423364820142,0,1,0
18.01801801801802,-0.005295091210589656,-0.009488475050325755,0.999494467724079,-0.0007395844321422384,-0.004734535101013602,0.01751918054752135,0.13158656251626175,0.13352114696035877,0,1,0
18.03803803803804,-0.005504177433116399,-0.010454311126337162,0.9994871588269189,-0.0003654448580095328,-0.0038026137884418247,0.04659606481410945,0.13007633287262682,0.13174843776459952,0,1,0
18.05805805805806,-0.005730840710344584,-0.011333163861409229,0.9994386978540976,-0.0024230486410669614,-0.002726151317089774,0.053823122695409606,0.1296404268305947,0.131068757222359,0,1,0
18.07807807807808,-0.00597103256397475,-0.012009592681508318,0.9993326064562691,-0.005304569891422876,-0.002387262443355002,0.01694444274592976,0.1323883702410138,0.1343789369862647,0,1,0
18.0980980980981,-0.006220797182560405,-0.01248823092928277,0.9992586946143891,-0.0036955920939985938,-0.002396185596029354,-0.00044615865609548555,0.1284645035276634,0.1305937479544162,0,1,0
18.11811811811812,-0.006478848563505391,-0.012902569047249308,0.9991027317569796,-0.007798142870472838,-0.0019984632084419046,0.019886118276523767,0.13275293320297676,0.1346654712335083,0,1,0
18.13813813813814,-0.00674508897215399,-0.013312020432429928,0.9989886383161043,-0.005704672043767249,-0.002179981868461711,-0.009075934201122661,0.129643154455467,0.13194733826417587,0,1,0
18.15815815815816,-0.00701835708651498,-0.013663405718049504,0.9988300444388833,-0.007929693861046836,-0.001483413519846583,0.03482841613979247,0.13330281526333132,0.13511467454479412,0,1,0
18.17817817817818,-0.007299560365704161,-0.014060163959459016,0.9987281253955781,-0.005095952165263892,-0.00032340153050762005,0.058000598086199076,0.13258771562063787,0.13406144615203514,0,1,0
18.1981981981982,-0.007585688999621702,-0.01430643169587708,0.9986566427113913,-0.003574134209339401,0.0006541309439611996,0.04887662224463579,0.13220620173251377,0.13376290697610646,0,1,0
18.21821821821822,-0.007872174216359218,-0.014324260836875732,0.9986055009411766,-0.002557088510732399,0.0015560718809499792,0.04509704526478298,0.13167161688275658,0.1332320428196264,0,1,0
18.23823823823824,-0.008155409434430924,-0.014161760903585318,0.9985588985008459,-0.002330122016534209,0.0028382918939790923,0.06411099896407166,0.13324388126869346,0.13444673320785155,0,1,0
18.25825825825826,-0.008431636195755012,-0.013811338066204435,0.9985581159557569,-3.912725444677866e-05,0.003911642164759912,0.05366751174185985,0.1326887512176603,0.1339970501284656,0,1,0
18.27827827827828,-0.008695749083361948,-0.013205644380346772,0.9985882188902417,0.0015051467242400915,0.0047287970335916025,0.040857741521184876,0.13242237204248786,0.1339076924755207,0,1,0
18.2982982982983,-0.008943588487521116,-0.01239197020795837,0.9986438978199247,0.002783946484150028,0.005528845564326828,0.04000242448313346,0.1320740958738032,0.13351059640991964,0,1,0
18.31831831831832,-0.009171993899940707,-0.011420270620979516,0.9987140756808672,0.0035088930471254454,0.006269069954329475,0.03701121730491601,0.13167558831776044,0.13305463452813968,0,1,0
18.33833833833834,-0.009377665485889964,-0.01028357929746286,0.9987860660109926,0.0035995165062691933,0.006445283772703917,0.008810688557447946,0.13172953505840543,0.1334412462216899,0,1,0
18.35835835835836,-0.009557953064040982,-0.009014378907550927,0.998866376941547,0.004015546527718353,0.006854097835508891,0.020440700609375223,0.13160791758324286,0.13309061052965512,0,1,0
18.37837837837838,-0.009711907711124944,-0.00769773235419812,0.9989480012106943,0.004081213457365169,0.006690834219742273,-0.008163183518556095,0.13235244230176957,0.13419915502071514,0,1,0
18.3983983983984,-0.009837933656075487,-0.006301297247527128,0.9990583794045893,0.00551890969475252,0.006582417740853275,-0.005420826888550716,0.13140237940593405,0.13317450478074896,0,1,0
18.41841841841842,-0.009936879917924538,-0.004947313092452519,0.9991682383607896,0.005492947810014313,0.006442019981241028,-0.007019891153894148,0.13147259554131885,0.13326017483317795,0,1,0
18.43843843843844,-0.010009156893574905,-0.003613848782518339,0.9992798907795946,0.005582620940249553,0.006240881472156794,-0.01005692887721011,0.13190127548420794,0.13363597217997264,0,1,0
18.45845845845846,-0.010055121210650744,-0.0022982158537919357,0.9994052568022185,0.006268301131195737,0.005669170693475705,-0.028585542639064446,0.13147685097546882,0.13345081600992634,0,1,0
18.47847847847848,-0.010076022663852817,-0.0010450726601036815,0.9995352997505567,0.006502147416907126,0.005652748003610623,-0.000821138472474895,0.13117766974344258,0.13277174013699208,0,1,0
18.4984984984985,-0.010073999421887551,0.00010116209826327763,0.9996555367645412,0.006011850699229833,0.005486111548591496,-0.008331827029930683,0.1309017398190657,0.13250857702818658,0,1,0
18.51851851851852,-0.01004897366105857,0.0012512880414490262,0.9997579897230338,0.005122647924628228,0.004782955489763712,-0.03515780757084576,0.1301312852485099,0.132029038325156,0,1,0
18.53853853853854,-0.01000180247352738,0.002358559376559547,0.9998241584805662,0.0033084378766179597,0.003943501903120453,-0.04197268434680911,0.13029388807134956,0.1321242078158449,0,1,0
18.55855855855856,-0.009935244991276267,0.0033278741125556057,0.9998579051088442,0.0016873314139031297,0.002969173393851823,-0.04871643088804193,0.1306836915196212,0.132661635611928,0,1,0
18.57857857857858,-0.009852500267690467,0.0041372361792900315,0.9998730065514861,0.0007550721320995201,0.0019283381076843117,-0.052041770190019467,0.13066465285970819,0.13282331255219287,0,1,0
18.5985985985986,-0.009757343181941618,0.004757854287442435,0.9998716040630702,-7.012442079793921e-05,0.0009017526092357907,-0.051329281316846366,0.1308525947168041,0.1331794647148949,0,1,0
18.61861861861862,-0.009653444542381137,0.0051949319780240834,0.99986178148879,-0.0004911287140074293,-0.0007214714018390248,-0.08116120758950106,0.13098842107560763,0.13387542118043266,0,1,0
18.63863863863864,-0.009545301772068275,0.005407138515643079,0.9998558739856299,-0.0002953751580060563,-0.0015557117061990734,-0.04171202290381612,0.13010052364965607,0.13265403175385593,0,1,0
18.65865865865866,-0.00943926575646474,0.005301800780176744,0.9998226302937574,-0.001662184593625597,-0.0018672692617811952,-0.01557788613818625,0.13066974123703712,0.1329276103963639,0,1,0
18.67867867867868,-0.009338580084922953,0.0050342835770893326,0.9997745545613554,-0.0024037866200981393,-0.0019346293460292291,-0.0033680132768166126,0.13182623552395442,0.13401070501832604,0,1,0
18.6986986986987,-0.009244459953286018,0.004706006581846743,0.9997448356750287,-0.0014859443163374592,-0.0019306531545206125,0.0001987997408247847,0.13142382127888932,0.1335920687121906,0,1,0
18.71871871871872,-0.009157961927159309,0.004324901306335436,0.9997212946578984,-0.001177050856517887,-0.0002870285108042478,0.08218122174738254,0.1321693350720965,0.1331736253668919,0,1,0
18.73873873873874,-0.009078456165226829,0.0039752880966239905,0.9997087720432123,-0.0006261307343065653,0.0008732387927423545,0.05801335406493257,0.13230858114866614,0.13328124648495623,0,1,0
18.75875875875876,-0.00899942409939396,0.003951603291643416,0.999710923427199,0.00010756919933768943,0.0014233598239187233,0.027506039707705782,0.13190524576848173,0.13318095780160422,0,1,0
18.77877877877878,-0.008916498731686368,0.004146268385379653,0.999720274590012,0.0004675581406465221,0.001976731573181417,0.027668574842539977,0.1318403326807159,0.1328726157824652,0,1,0
18.7987987987988,-0.008827257815708964,0.004462045798870238,0.9997312875658907,0.0005506487939358504,0.0018125832793453257,-0.008207428200342627,0.13146993068363136,0.13283449922706964,0,1,0
18.81881881881882,-0.008729534622085896,0.004886159681153386,0.999737905211783,0.00033088229461344834,0.0011709932014839696,-0.03207951842036118,0.13126639852708927,0.13301273761751722,0,1,0
18.83883883883884,-0.008623805833329131,0.005286439437838177,0.9997397575525755,9.261703962870011e-05,2.307528814061505e-05,-0.05739591143536211,0.13052849851024992,0.13285081497913348,0,1,0
18.85885885885886,-0.008512853615917842,0.005547610870564494,0.9997235214680644,-0.0008118042255547032,-0.0006915885030195834,-0.035733206663578695,0.13101123884942548,0.13316169069636313,0,1,0
18.87887887887888,-0.008401298834570697,0.005577739067357241,0.9997009714576925,-0.001127500518593508,-0.0008451106652036913,-0.007676126551999677,0.13092334648600498,0.13272708913159187,0,1,0
18.8988988988989,-0.008291819887916038,0.005473947332732919,0.9996643710173982,-0.0018300220147133223,-0.0009345195221890438,-0.0044704627129460404,0.13160864701971328,0.13338741068045726,0,1,0
18.91891891891892,-0.008184861525843834,0.005347918103610215,0.9996336661266939,-0.001535244535218252,-0.0013077100065227647,-0.018659545704242206,0.13162205249402695,0.13361821809999022,0,1,0
18.93893893893894,-0.008081124162183321,0.0051868681830256665,0.9996124696900822,-0.0010598218305842215,-0.0011194475976237714,0.009413097363851167,0.1312622319789995,0.1329091446578725,0,1,0
18.95895895895896,-0.007981719959751471,0.004970210121592531,0.9995849369556257,-0.001376636722826797,-0.0012876100933399016,-0.00840814970079156,0.13155153132612363,0.1333908284960253,0,1,0
18.97897897897898,-0.007886494481404873,0.004761273917329885,0.9995624958746313,-0.001122054049718048,-0.000553225612642841,0.03671919749823579,0.1323192125320005,0.1335643035969677,0,1,0
18.998998998999,-0.007795724284927375,0.004538509823874957,0.9995590845963483,-0.00017056391414677595,-0.00015975932026399099,0.019673286246514307,0.1316234855321084,0.13292873821089865,0,1,0
19.01901901901902,-0.00770592668005073,0.00448988024383224,0.9995549676344777,-0.00020584809353164433,-0.0011680496883138137,-0.050414549263505304,0.13108550477998188,0.13334529224062963,0,1,0
19.03903903903904,-0.007616250635076426,0.0044838022487151945,0.9995483471891792,-0.0003310222649254209,-0.0014790337295327487,-0.01554923536748961,0.13136915342833366,0.13320335763088892,0,1,0
19.05905905905906,-0.007530389739308265,0.00429304478840806,0.999541322113289,-0.00035125379450725436,-0.00193253820579218,-0.02267525983015675,0.13086410723229341,0.13284639452097133,0,1,0
19.07907907907908,-0.007449310820335415,0.004053945948642496,0.9995211206208802,-0.0010100746204446973,-0.00285360602702583,-0.04605343032183394,0.13058002601089166,0.13302289903469156,0,1,0
19.0990990990991,-0.007375050435982356,0.003713019217652915,0.9994861565459617,-0.0017482037459242406,-0.0033495404999797015,-0.02479676634018691,0.13079948323414226,0.1330059679685812,0,1,0
19.11911911911912,-0.007310991650482363,0.0032029392749997007,0.999439433511062,-0.002336151744987605,-0.004028031553855043,-0.033924599255852915,0.1314404142155232,0.13395479097359173,0,1,0
19.13913913913914,-0.007259522006372102,0.0025734822055130287,0.9994045067212423,-0.0017463394909852047,-0.003912708033766065,0.0057661255799735175,0.13149485802283808,0.13350917953463506,0,1,0
19.15915915915916,-0.007222776506478483,0.0018372749946809364,0.9993755618051885,-0.0014472458026875451,-0.004366347531058768,-0.022682029884880727,0.1312606457736066,0.13374752468937964,0,1,0
19.17917917917918,-0.007200704871370582,0.001103581755395047,0.9993526569665651,-0.0011452419311734833,-0.004212318817780064,0.007701375977813691,0.131077861097468,0.1331705280021876,0,1,0
19.1991991991992,-0.007194959774705951,0.0002872548332315411,0.9993245240593889,-0.0014066453588112379,-0.0038963598857358586,0.015797882031897588,0.13140900176921638,0.13340248567082513,0,1,0
19.21921921921922,-0.007204770613323054,-0.0004905419308551162,0.9992995119762542,-0.00125060415673184,-0.0038634766493785794,0.0016440916902228375,0.1312645935973587,0.13345670373626287,0,1,0
19.23923923923924,-0.00722904016996909,-0.0012134778323018077,0.9992762870960686,-0.0011612440092792866,-0.003646168444401914,0.01086533423336718,0.13059330908554878,0.13272192925064955,0,1,0
19.25925925925926,-0.007267283848129194,-0.0019121839080051863,0.9992340181394704,-0.0021134478299080833,-0.0038032987559331734,-0.007856598478311695,0.13078571487585386,0.13318125969710387,0,1,0
19.27927927927928,-0.007318596835393316,-0.0025656493632061164,0.9991823788722423,-0.002581963361410267,-0.004277204484124295,-0.02369537727896072,0.19913729830685115,0.20522516083543388,0,1,0
19.2992992992993,-0.007392184623000014,-0.0036793893803348807,1.0012012925660643,0.1009456846910965,-0.0007823996282469866,0.1747401415930861,0.09840775521752734,0.10007479324989337,0,1,0
19.31931931931932,-0.007477582712535093,-0.004269904476753964,1.0022388832039317,0.0518795318933732,0.002687212322284992,0.17348048915718928,0.11301908275590085,0.11272720875472336,0,1,0
19.33933933933934,-0.007564784363381329,-0.004360082542311766,1.0026999889451451,0.02305528706066778,0.004487059507153735,0.089992245131735,0.1210654795070554,0.12134124107443883,0,1,0
19.35935935935936,-0.007641718527583411,-0.003846708210104053,1.002831914746062,0.00659629004584561,0.005450198936004463,0.04815685103977155,0.1260127936371252,0.12626606177777897,0,1,0
19.37937937937938,-0.007700657020257586,-0.0029469246337087847,1.0027811609796782,-0.0025376883191964537,0.004364507351163156,-0.05428470849377909,0.12832357837378508,0.1297207183729118,0,1,0
19.3993993993994,-0.007737992249506262,-0.0018667614624337974,1.0026332695509557,-0.007394571436125938,0.0030034208073251643,-0.06805446619648124,0.13205180014099102,0.13394242768102468,0,1,0
19.41941941941942,-0.0077568286554805166,-0.0009418202987127177,1.0025061149078678,-0.006357732154398326,0.0007001952526604776,-0.1151614302258194,0.12778453890900385,0.13064545885810167,0,1,0
19.43943943943944,-0.0077634543478522335,-0.0003312846185858509,1.0022876378038874,-0.010923855199015946,-0.0006597844625877512,-0.0679991521910254,0.12904315375368133,0.13141622692413374,0,1,0
19.45945945945946,-0.007766619129284045,-0.00015823907159056232,1.0020079937955688,-0.013982200415933153,-0.0015777191919830855,-0.04589691727499666,0.1300978905517552,0.13221256272319482,0,1,0
19.47947947947948,-0.0077713300820963825,-0.00023554764061687727,1.00169465641931,-0.015666868812932347,-0.0027657017472988116,-0.05939932493323839,0.1319764657438045,0.1345053884907683,0,1,0
19.4994994994995,-0.007781143624433423,-0.0004906771168520198,1.0014094478785045,-0.014260427040275091,-0.0040982299264198056,-0.06662662544409707,0.06020615529343627,0.0596030165224779,0,1,0
19.51951951951952,-0.007795138111979911,-0.0006997243773243881,0.9989794145929436,-0.12150166427804614,-0.0073031496223627595,-0.16024621321802543,0.16820686447027125,0.1716637538192214,0,1,0
19.53953953953954,-0.007829025786508058,-0.0016943837264073538,0.997666639265355,-0.06563876637942573,-0.00914572189569863,-0.09212886467937537,0.15000241384558605,0.1533210264139413,0,1,0
19.55955955955956,-0.007894958511228041,-0.003296636235999188,0.9969285436245982,-0.036904782037841546,-0.009763956446138202,-0.030912002480599526,0.18175060485960015,0.18588281121621816,0,1,0
19.57957957957958,-0.008010112198766734,-0.0057576843769345815,0.9977172532034718,0.039435478943686,-0.008106092716063695,0.08289288526850787,0.12958106553446505,0.13201202871908024,0,1,0
19.5995995995996,-0.008162292681118215,-0.007609024117574074,0.998460574881699,0.0371660839113592,-0.005884750678899714,0.11106677642176258,0.12101579084100555,0.12264452399175202,0,1,0
19.61961961961962,-0.008342503582524495,-0.009010545070314003,0.9988929428811666,0.021618399973376577,-0.004489576152982938,0.06975837400860607,0.12502388349410234,0.12696188494798663,0,1,0
19.63963963963964,-0.008543743641717328,-0.010062002959641662,0.9991380144004389,0.012253575963615601,-0.0030714675352635076,0.070905051047101,0.1275264065499027,0.12922049228998417,0,1,0
19.65965965965966,-0.008760988056794164,-0.010862220753841835,0.9992665058109523,0.006424570525669204,-0.002051868740307415,0.05097952986425758,0.1275264065499027,0.12922049228998417,0,1,0
19.67967967967968,-0.00898914310960748,-0.011407752640665849,0.9992785325595246,0.0006013374286113994,-0.0008281400382809393,0.06118599610682218,0.1275264065499027,0.12922049228998417,0,1,0
19.6996996996997,-0.00922403514210736,-0.011744601624993956,0.9991741989255498,-0.005216681698738806,4.661618301723801e-05,0.043737337497460935,0.1275264065499027,0.12922049228998417,0,1,0
19.71971971971972,-0.009461064980364791,-0.011851491912871489,0.9989536058688764,-0.011029652833674505,0.0006906627408288526,0.03220181758241376,0.1275264065499027,0.12922049228998417,0,1,0
19.73973973973974,-0.009696639199803531,-0.011778710971937056,0.9986168494599692,-0.01683782044535754,0.0005962031648319291,-0.004723532682911681,0.1275264065499027,0.12922049228998417,0,1,0
19.75975975975976,-0.009928234899345877,-0.01157978497711729,0.9981640243760539,-0.022641254195767277,-0.0003772193758699134,-0.04867172995857668,0.1275264065499027,0.12922049228998417,0,1,0
19.77977977977978,-0.01015661851919442,-0.011419180992427145,0.9975952273445997,-0.02843985157271011,-0.0014487600245451108,-0.05357768255841257,0.1275264065499027,0.12922049228998417,0,1,0
19.7997997997998,-0.010385536500837044,-0.0114458990821313,0.9969105562409635,-0.0342335551818093,-0.002536509611877962,-0.05438817960286875,0.1275264065499027,0.12922049228998417,0,1,0
19.81981981981982,-0.010618906256533597,-0.011668487784827644,0.9961101058245183,-0.04002252082225833,-0.003941405429898248,-0.07024554813307188,0.1275264065499027,0.12922049228998417,0,1,0
19.83983983983984,-0.010860947841020641,-0.012102079224352216,0.9951939673503889,-0.04580692370647087,-0.0054941826523515645,-0.07763967833989262,0.14999267833963123,0.15465882333613834,0,1,0
19.85985985985986,-0.011119988017953813,-0.012952008846658578,0.9948719162017263,-0.01610255743312599,-0.004443758624189213,0.05252029936999521,0.14999267833963123,0.15465882333613834,0,1,0
19.87987987987988,-0.011402903203689686,-0.014145759286793649,0.9951434145616923,0.013574917998299678,-0.0010282755579258446,0.1707731584693409,0.13061801077812005,0.1293379787800095,0,1,0
19.8998998998999,-0.011702250076062059,-0.014967343618618628,0.995345852322483,0.010121888039533853,0.0004905366993305223,0.07593958384515757,0.13442721537802613,0.13721984148554514,0,1,0
19.91991991991992,-0.01200480887903779,-0.01512794014878657,0.995652522849124,0.01533352633204953,0.0029283433651034565,0.1218892185613599,0.13442721537802613,0.13721984148554514,0,1,0
19.93993993993994,-0.012304598919548127,-0.014989502025516868,0.9960633419391774,0.020540954502671675,0.006542895691309112,0.18072641434551145,0.2808440654680489,0.2837692045092057,0,1,0
19.95995995995996,-0.012578816223676032,-0.013710865206395301,1.0009184266281932,0.24275423445078412,0.01088596797460685,0.21715230870818547,0.059976530932036004,0.05971949422694539,0,1,0
19.97997997997998,-0.01284051207357171,-0.013084792494783913,1.0036219186686817,0.13517460202442177,0.013769109072834936,0.1441556865944182,0.08767179673774576,0.08840335294650034,0,1,0
20.0,-0.013072457570782835,-0.011597274860556303,1.0050113193412151,0.06947003362667481,0.015069694343343385,0.06502779473938233,0.10408536202785112,0.10459407069171359,0,1,0
