time,x,x_dot,z,z_dot,theta,theta_dot,u1,u2,x_ref,z_ref,theta_ref
0.0,0.27395604855596334,-0.0012224312049589538,1.3020370878759355,0.003947360581187278,-0.24349359126741027,0.009512447032735119,0.056323375067221494,0.0563233821412111,0,1,0
0.02002002002002002,0.27352926130310373,-0.021339362642980163,1.299815647828996,-0.11107200234697416,-0.2433282827514307,0.008265425798977797,0.056323387181493205,0.059682858532156095,0,1,0
0.04004004004004004,0.27268821685844047,-0.04205222223316454,1.2953421225759671,-0.22367626265143847,-0.24070275607848227,0.13127633364742136,0.05632337545842171,0.05917522737117652,0,1,0
0.06006006006006006,0.27143502813021025,-0.06265943641151073,1.2886092815023087,-0.3366420536829262,-0.23608529634246378,0.23087298680092583,0.05632337497424219,0.05856295127648626,0,1,0
0.08008008008008008,0.26977632347951663,-0.08293523253468,1.2796093920297438,-0.44999447362824374,-0.23022378369474686,0.29307563238584744,0.056323448072866426,0.058610084892056574,0,1,0
0.10010010010010009,0.26771964213824856,-0.10283406706340374,1.2683449899522028,-0.5632201038770543,-0.2232398133656513,0.34919851645477407,0.05632360874348758,0.058596407306660034,0,1,0
0.12012012012012012,0.2652748002374483,-0.12224209504001196,1.2548181862745185,-0.6763401838842129,-0.21528498406991062,0.3977414647870323,0.07611805613736622,0.07846610987221492,0,1,0
0.14014014014014015,0.2623233841569142,-0.14757080402670728,1.2396046893697876,-0.7606748452365408,-0.20651521040065401,0.4384886834628301,0.1115038012795715,0.11413362109745556,0,1,0
0.16016016016016016,0.2586583402778488,-0.1832521939532715,1.22373680294603,-0.7933943211878837,-0.19677884035590112,0.4868185022376455,0.13193851411518012,0.13479248038871527,0,1,0
0.18018018018018017,0.2541835866147324,-0.2237376831558197,1.207816521528776,-0.7960140708627096,-0.18608415667973585,0.5347341838082633,0.14232206395413624,0.1453347564700128,0,1,0
0.20020020020020018,0.2488762642472065,-0.26536611837629537,1.192155580221105,-0.7830470653835491,-0.17442148937720964,0.5831333651263144,0.14682024580271444,0.14989194081191384,0,1,0
0.22022022022022023,0.24275639016197223,-0.3059937042617136,1.176894488105385,-0.7630546057859942,-0.1619399441207007,0.6240772628254452,0.14804041126794432,0.15116180795542322,0,1,0
0.24024024024024024,0.23586804412401935,-0.34441730189764436,1.1620787656656768,-0.7407861219854148,-0.14868403539624828,0.6627954362226235,0.14791228990567468,0.15100294542233206,0,1,0
0.2602602602602603,0.22826650305454282,-0.3800770534738259,1.147713477822258,-0.7182643921709404,-0.1347605892114132,0.6961723092417536,0.14742840051105832,0.15044902938328408,0,1,0
0.2802802802802803,0.22001212850642973,-0.41271872740565513,1.1337924997799573,-0.6960489021150356,-0.12039999552911262,0.718029684115028,0.14696912048310565,0.14997196292629242,0,1,0
0.3003003003003003,0.2111676424163905,-0.4422243045019616,1.120310764323631,-0.6740867728163202,-0.10565936415861123,0.7370315685250685,0.1469946227980382,0.14991814734631176,0,1,0
0.3203203203203203,0.20179580945077438,-0.468591648280806,1.1072758928856599,-0.6517435718985533,-0.09069518097410832,0.7482091592251479,0.14751152016344857,0.1503683723978107,0,1,0
0.34034034034034033,0.19195957946117953,-0.49181149947974295,1.0947094464556066,-0.6283223215026659,-0.07561197914579304,0.7541600914157641,0.14836162629335486,0.15113107388476132,0,1,0
0.36036036036036034,0.1817225594583241,-0.5118510001427715,1.0826416931859215,-0.6033876634842523,-0.060565318328701115,0.7523330408545957,0.14959351006337135,0.15229913049075522,0,1,0
0.38038038038038036,0.17114875424363643,-0.5286902607343833,1.0711136445924623,-0.5764024296729592,-0.04558012471292384,0.749259680788864,0.1510356946841142,0.15360889135700237,0,1,0
0.40040040040040037,0.1603028947027106,-0.5422929770462908,1.0601705739932488,-0.5471535299606709,-0.03086095959928101,0.7359582556821408,0.15240161930650273,0.15490476146018162,0,1,0
0.42042042042042044,0.14925074077721678,-0.5526076962746918,1.049855462122725,-0.5157555935261876,-0.01648225197918873,0.7189353810046141,0.15400974779697907,0.1564267523823268,0,1,0
0.44044044044044045,0.13805781388844818,-0.5596463444384296,1.0402172196186055,-0.48191212520597043,-0.002470002528328644,0.7006124725430042,0.15550691678512138,0.15778840665951188,0,1,0
0.46046046046046046,0.12678957414414266,-0.5634119872152763,1.0312997588741737,-0.44587303722158567,0.010990781904929291,0.6730392216628966,0.1567981563126389,0.15900518653419285,0,1,0
0.4804804804804805,0.11551098461602809,-0.5639294764057288,1.0231408519001575,-0.4079453487008137,0.02381781907157265,0.6413518583321683,0.15763235751900534,0.1597725986558193,0,1,0
0.5005005005005005,0.10428526867763498,-0.5612857969196556,1.0157639565637564,-0.3688447668200497,0.036003424425854566,0.6092802677140954,0.15831092367927566,0.16035131782134587,0,1,0
0.5205205205205206,0.09317320072036703,-0.5556033978633971,1.0091866443245427,-0.32886561196068403,0.04743804729239168,0.5717311433268554,0.15869627814841397,0.1606683656567104,0,1,0
0.5405405405405406,0.08223261619051295,-0.5470292264927038,1.003417593989047,-0.28845251677478695,0.05816098477470069,0.5361468741154506,0.15857837571222888,0.16042327235405784,0,1,0
0.5605605605605606,0.07151729768167009,-0.535765925442143,0.9984491774279146,-0.24842082805662288,0.06811450042868018,0.4976757826989749,0.15830332109144965,0.16003072499206855,0,1,0
0.5805805805805806,0.061077276316487725,-0.5220010682591183,0.9942688465486815,-0.20901654396165414,0.07721414164528197,0.45498206083009024,0.15747638594845376,0.15911973804588836,0,1,0
0.6006006006006006,0.05095766966660499,-0.5059803324941365,0.9908479522704383,-0.17104471391216342,0.08535926506730208,0.407256171101004,0.15686272444662233,0.15848608102939535,0,1,0
0.6206206206206206,0.04119958902494025,-0.48790403208323696,0.9881649722724349,-0.13414899990017,0.09260033944153043,0.3620537187114175,0.15543339082978735,0.15699252765724886,0,1,0
0.6406406406406406,0.03183722787194678,-0.46811805764967346,0.986173672421189,-0.09956499256229495,0.09897141470376851,0.31855376311190464,0.15381965370986989,0.15529559617253208,0,1,0
0.6606606606606606,0.02289939917242797,-0.44689143497594075,0.9848222376421842,-0.06757173895024216,0.10447609577698973,0.27523405366105996,0.15222684207103934,0.15362209875488647,0,1,0
0.6806806806806807,0.014410343534071024,-0.42445278191784724,0.9840597245793989,-0.038125653139266316,0.10909149972570202,0.23077019743561472,0.1503487537030415,0.15168572119166865,0,1,0
0.7007007007007007,0.0063889250121550445,-0.401070926095799,0.9838273979186838,-0.011616333035759131,0.11287871692837638,0.18936086013371817,0.14817925942351656,0.14943050547276923,0,1,0
0.7207207207207207,-0.001151494765386965,-0.37702098887710045,0.9840578949653316,0.011524852332387099,0.1158376007534724,0.1479441912548008,0.14595074875977165,0.14713763802258154,0,1,0
0.7407407407407407,-0.008201862598428825,-0.3525183916520929,0.9846828092024152,0.031245711854184875,0.11791068214736303,0.10365406969453161,0.14370317952812928,0.1448897438862674,0,1,0
0.7607607607607607,-0.01475718907108476,-0.32776632363279673,0.9856345214710417,0.047585613431324426,0.1192423909630153,0.06658544078261357,0.14147394587810563,0.1425928339975006,0,1,0
0.7807807807807807,-0.020816595516558734,-0.30297032227369863,0.9868454098360316,0.06054441824949894,0.11984567030176127,0.03016396693729751,0.139395988236325,0.1404672264727367,0,1,0
0.8008008008008007,-0.026382014160597052,-0.278270932201916,0.9882529784808389,0.0703784322403651,0.11984977473319655,0.0002052215717637043,0.13749260858003456,0.13845728768305415,0,1,0
0.8208208208208209,-0.0314579505284913,-0.25379681839471235,0.9897993698667684,0.07731956929647439,0.11927697185181978,-0.028640144068839215,0.1343548778556603,0.13572294651214362,0,1,0
0.8408408408408409,-0.03605484204324033,-0.22984457573745157,0.9913982123695051,0.07994212513683127,0.11854875601475076,-0.03641079185345114,0.13179676155887146,0.13278911037634994,0,1,0
0.8608608608608609,-0.04018471537725614,-0.20649366670079022,0.9929689951867183,0.07853914086066174,0.11749544149743867,-0.05266572586560443,0.1322056531393463,0.13295281210881837,0,1,0
0.8808808808808809,-0.043849487060604486,-0.1832385841674174,0.9945204802756892,0.07757425444854056,0.11608286213228268,-0.07062896825779835,0.1317684797350633,0.1322907643714874,0,1,0
0.9009009009009009,-0.047055222042097174,-0.16028674907463433,0.9960369823644992,0.0758251044405043,0.11421984622069507,-0.0931507955793816,0.13114459811868706,0.13152071637043758,0,1,0
0.9209209209209209,-0.04980988194806402,-0.13773299529834251,0.9974986335350922,0.07308255852964586,0.11194459800162256,-0.11376241095362535,0.13045344120858363,0.13068613607935886,0,1,0
0.9409409409409409,-0.05212333372761772,-0.11567258897768455,0.9988838105181256,0.06925884915167105,0.10931288637692504,-0.13158558123487635,0.12981101653455368,0.1298822473496719,0,1,0
0.960960960960961,-0.054006761743913695,-0.09417140081479902,1.000172213831475,0.06442016566746808,0.10628078021568342,-0.15160530806208014,0.12922424674758767,0.1291841860538769,0,1,0
0.980980980980981,-0.055472409215923814,-0.07328237360050596,1.0013460403848842,0.05869132767045293,0.1029583648725745,-0.166120767155446,0.12860212605278787,0.12841160810642638,0,1,0
1.001001001001001,-0.05653407703636108,-0.05308339102186352,1.0023859934166381,0.05199765158769783,0.09935760505342364,-0.18003799095754303,0.1281355155459141,0.12780902214088508,0,1,0
1.021021021021021,-0.057206033463038666,-0.03359782133387916,1.0032776379325656,0.0445822257963791,0.09548363144135684,-0.1936986806033411,0.12713941237940657,0.1265585882657712,0,1,0
1.0410410410410411,-0.05750525067276845,-0.014960860486489456,1.0039892348271697,0.03557984473020891,0.09130196398727798,-0.20908337270394262,0.12734901552005498,0.12669326850386753,0,1,0
1.0610610610610611,-0.05744578910487262,0.0029730783947916825,1.0045272775902785,0.02690213815543846,0.08686019149151557,-0.22208862478811842,0.12734590347150004,0.12662089433825674,0,1,0
1.0810810810810811,-0.05704349850473286,0.020114530006988214,1.0048921202519627,0.01824213308421236,0.08225473911402544,-0.2302726188745084,0.12745452454681058,0.12662244632328218,0,1,0
1.1011011011011012,-0.056314922774131956,0.036428786530045026,1.0050868756095728,0.009737767880500977,0.0774771092438582,-0.23888149350836205,0.12769691797232063,0.12678662545353908,0,1,0
1.1211211211211212,-0.055276953653812674,0.05189845601596404,1.0051190106852737,0.0016067537850402974,0.07268421477126454,-0.2396447236296824,0.12804156101333233,0.12697280583197776,0,1,0
1.1411411411411412,-0.05394703764738957,0.06649580032115512,1.0049978029750741,-0.006060385509972899,0.0679438164426654,-0.23701991642995662,0.12847550090920948,0.12721705665441935,0,1,0
1.1611611611611612,-0.05234251962454634,0.08022590114216145,1.0047346314663472,-0.013158575436346968,0.06313899070319307,-0.24024128697361585,0.12894934613880574,0.12759195504022186,0,1,0
1.1811811811811812,-0.050480571616502046,0.09309740040221484,1.0043433027007018,-0.019566438282274317,0.0584098335957662,-0.23645785537134442,0.12942938225552916,0.12789862847823028,0,1,0
1.2012012012012012,-0.04837869826369706,0.10509366764024916,1.0038366444227051,-0.02533291389983592,0.0536520335312318,-0.23789000322671863,0.12989322973925452,0.12827407255975348,0,1,0
1.2212212212212212,-0.046054215910122084,0.1162241176787489,1.0032281643918597,-0.030424001542275335,0.048884653444534444,-0.23836900433486843,0.12943058391613954,0.12727514696228187,0,1,0
1.2412412412412412,-0.04352654136882547,0.1263837270648306,1.00249725992472,-0.036545223356982716,0.043846339342571844,-0.2519157050981306,0.12953515365256513,0.1274995732926716,0,1,0
1.2612612612612613,-0.04081358342688708,0.13564789709691955,1.0016497283310124,-0.0423765796853737,0.03870968269357546,-0.2568328324498191,0.13084550067628625,0.12884695651825137,0,1,0
1.2812812812812813,-0.03793286511592251,0.1440359155482284,1.0007257947761035,-0.04619667774544494,0.03366529981557821,-0.2522191438998626,0.1317476667158045,0.12968843367976995,0,1,0
1.3013013013013013,-0.03490319160507355,0.15148367554244835,0.9997520871731762,-0.048685380146360674,0.02877786845381908,-0.24437156808795632,0.13265793071901283,0.13051168434009008,0,1,0
1.3213213213213213,-0.031743274985939506,0.15799583095670197,0.9987549795285384,-0.049855382231886756,0.024075867458295156,-0.2351000497761963,0.13328424718062543,0.13104432742830016,0,1,0
1.3413413413413413,-0.028471707583835427,0.1635783701052039,0.9977522293391801,-0.050137509467920185,0.01956048954591214,-0.22576889561915114,0.13393087032576487,0.1316068300055567,0,1,0
1.3613613613613613,-0.025106500556822103,0.16826035135066614,0.9967622309265727,-0.049499920630369475,0.015231524037834945,-0.21644827540385966,0.1344319367801188,0.13203541033923735,0,1,0
1.3813813813813813,-0.021665154466891122,0.17206730449654897,0.9957991417264438,-0.04815446000644365,0.01105043706043155,-0.20905434887016974,0.1349577424487482,0.13251951494005093,0,1,0
1.4014014014014013,-0.018164565539523208,0.17502944636839576,0.9948782189073095,-0.04604614095671427,0.007053699374851829,-0.19983688427898605,0.13529628310533848,0.13280807018949214,0,1,0
1.4214214214214214,-0.01462122752112047,0.17716690092013687,0.9940089699261111,-0.043462449059924885,0.003256456580705239,-0.18986213970732954,0.1349292531964838,0.13194335229960227,0,1,0
1.4414414414414414,-0.011051167853424394,0.17850298338480378,0.9931732908181534,-0.04178395539788489,-0.0006940432479995995,-0.19752499143524194,0.13395943138216065,0.13116731500125012,0,1,0
1.4614614614614614,-0.007469509243842953,0.17908293047907206,0.9923453945341233,-0.04139481420150873,-0.004595519623527402,-0.19507381877639007,0.1352200642665525,0.13251579769758484,0,1,0
1.4814814814814814,-0.003891795069292321,0.1788857087275316,0.9915639545090633,-0.039072001252998395,-0.008380008242406256,-0.18922443094394265,0.1362556877966331,0.13361454016088156,0,1,0
1.5015015015015014,-0.0003336497188830938,0.17790726752046135,0.9908605497179999,-0.03517023955317453,-0.011990964800555202,-0.18054782790744733,0.13666064204276476,0.13406449964361622,0,1,0
1.5215215215215214,0.0031896498692021917,0.17616497940426426,0.9902477469412769,-0.030640138836145116,-0.015316706701525493,-0.1662870950485145,0.13673432694420806,0.1341257549939328,0,1,0
1.5415415415415414,0.006663635009138533,0.17369925699681707,0.9897273976401363,-0.026017465057032597,-0.018439576650160654,-0.15614349743175815,0.13672188120642176,0.13416079925422145,0,1,0
1.5615615615615615,0.010074953357434331,0.1705659174147899,0.9892996543588429,-0.021387164064667966,-0.02131682860137991,-0.14386259756096298,0.136937239612239,0.13439844043519064,0,1,0
1.5815815815815815,0.013410985516711918,0.16680160796387936,0.9889710155493809,-0.016431940473100537,-0.02399816348283423,-0.13406674407271607,0.1370023660389991,0.13453288063901103,0,1,0
1.6016016016016015,0.0166601148060842,0.16245646446861403,0.9887442071877867,-0.011340418079713302,-0.02644792888421704,-0.12248827006914054,0.13695805831721514,0.1345418276424638,0,1,0
1.6216216216216217,0.01981159198202751,0.15757385879716568,0.9886184611922784,-0.0062872997754176265,-0.02866548192566628,-0.11087765207246221,0.136789585334891,0.134187317184663,0,1,0
1.6416416416416417,0.022855771155455562,0.15220895867140252,0.9885857838608951,-0.0016338665691631405,-0.03079912558880067,-0.10668218315671923,0.13602791632108738,0.13357655715158356,0,1,0
1.6616616616616617,0.02578440284607683,0.14643158453106353,0.9886256059773807,0.0019911058242766387,-0.03285535169597407,-0.10281130535867009,0.13626291296560675,0.13398321913105055,0,1,0
1.6816816816816818,0.028588685348506004,0.1402141251214587,0.9887471757436624,0.0060784883140870116,-0.03471453647853031,-0.09295923912781207,0.13635530592880485,0.13418148499196314,0,1,0
1.7017017017017018,0.03126031226661364,0.13358134590538165,0.9889545349221129,0.01036795892252489,-0.036412413989839416,-0.08489387556545533,0.13624302431918628,0.1342068958739842,0,1,0
1.7217217217217218,0.033791896563314244,0.12657921483503018,0.989246145612974,0.01458053454305354,-0.03786812104799356,-0.07278535290770682,0.13608716955124264,0.13414010327749037,0,1,0
1.7417417417417418,0.03617683358973389,0.11924685132098223,0.9896184696420445,0.018616201453523305,-0.03915064906363641,-0.06412640078214218,0.13578441971154429,0.1339700713987286,0,1,0
1.7617617617617618,0.038409627189516855,0.11163967998914816,0.9900642914634304,0.02229109106929591,-0.04027223243419116,-0.05607916852773756,0.13541950413093706,0.1337484570383261,0,1,0
1.7817817817817818,0.04048552139464342,0.10379471025632808,0.9905747310741813,0.025521980537538777,-0.04116633316256834,-0.04470503641885866,0.13509166485051977,0.13351808089169384,0,1,0
1.8018018018018018,0.04240046144704777,0.09574700262021726,0.9911413477583976,0.02833083421081837,-0.04190942895226332,-0.03715478948474944,0.13469469361957492,0.13326613192928122,0,1,0
1.8218218218218218,0.0441512867634451,0.08754126581986636,0.9917543911897185,0.030652171566046757,-0.042382418738680434,-0.023649489320855303,0.13403796871033216,0.13267771088832322,0,1,0
1.8418418418418419,0.04573592048046196,0.07923168585084335,0.9923953084601344,0.03204586352078946,-0.0427165880434824,-0.01670846524009812,0.13384302053124125,0.13262882485014776,0,1,0
1.8618618618618619,0.04715270687387821,0.07083931967081228,0.993060411709671,0.03325516247683125,-0.042906270203974854,-0.009484108024623045,0.13355135127487386,0.13247769625218542,0,1,0
1.8818818818818819,0.048400702676839505,0.06239979014806477,0.9937430908393986,0.034133956486380464,-0.04301949120669134,-0.0056610501358243595,0.1331536963064811,0.13226725506295198,0,1,0
1.901901901901902,0.04947959803735008,0.0539447680255289,0.9944343133137181,0.03456112371597721,-0.04300284295810181,0.000832412429476583,0.13283794167492027,0.1321023608066871,0,1,0
1.921921921921922,0.05038932349431189,0.04548627284809031,0.9951269458750935,0.03463162806877029,-0.04286756842727852,0.006763726541164946,0.1325645946159377,0.13198506000754798,0,1,0
1.941941941941942,0.051130256539440214,0.03704665225641605,0.9958152093078618,0.034413171638411816,-0.04261003322240693,0.012876760243579366,0.1323179300821301,0.1318883940413495,0,1,0
1.961961961961962,0.05170325068841886,0.028649707448932575,0.9964940446631566,0.03394176776473639,-0.042313128140643516,0.014845254088170525,0.1318823811648699,0.1316589355781297,0,1,0
1.981981981981982,0.05210977694220294,0.020326312689203565,0.9971536519912514,0.03298036640474063,-0.04189670234021263,0.0208212900215441,0.13150340164800695,0.13143176387551067,0,1,0
2.002002002002002,0.05235146550288574,0.012084428034140051,0.9977851085189464,0.03157282638475402,-0.04141637506221599,0.024016363899832305,0.13125999909065758,0.13137864837116617,0,1,0
2.022022022022022,0.052430173619092274,0.003935405810326616,0.9983840935199476,0.029949250050061216,-0.040821010854140166,0.02976821040379108,0.13070362193939566,0.1309502934942536,0,1,0
2.042042042042042,0.052348493529634804,-0.004084004472873364,0.9989361087123513,0.02760075962018291,-0.040240965369663775,0.02900227422381976,0.13049906808888403,0.1309879929188226,0,1,0
2.062062062062062,0.05210887120720006,-0.01198111612173723,0.9994387791067277,0.02513351971882239,-0.039558078330112094,0.03414435197758377,0.13038281777640548,0.1310356892210502,0,1,0
2.0820820820820822,0.051713633699650055,-0.019761875377499988,0.9998911809596397,0.022620092645597632,-0.038720378162637695,0.04188500837372019,0.1302760724702719,0.13105216786743693,0,1,0
2.1021021021021022,0.05116557349761267,-0.02740301010186906,1.0002920835289064,0.020045128463333523,-0.037816461682362246,0.045195824013772194,0.1300896126658932,0.1310410509964654,0,1,0
2.1221221221221223,0.05046813724642443,-0.03487181255941193,1.000638688849809,0.017330266045137065,-0.03688499143308546,0.04657351246384012,0.12990090215934866,0.13105092504999796,0,1,0
2.1421421421421423,0.04962496842811257,-0.04215844091559305,1.000928483175566,0.01448971628785081,-0.03586187725415582,0.051155708946481776,0.12976276664505887,0.13106735542928538,0,1,0
2.1621621621621623,0.04863978559002645,-0.049259141904306095,1.001159799162966,0.011565799369991596,-0.03472707512537034,0.05674010643927412,0.12962319098529354,0.13106206454091882,0,1,0
2.1821821821821823,0.047516721701688,-0.056153194416922604,1.00133063579029,0.00854183136620952,-0.03357643366208191,0.05753207316442171,0.12945704420526932,0.1310874062139728,0,1,0
2.2022022022022023,0.04626028216991743,-0.06282197658852862,1.0014390629634624,0.005421358658619519,-0.032359499717707275,0.06084669721873197,0.12935443074588704,0.13114002622545487,0,1,0
2.2222222222222223,0.044875009075969405,-0.06926365469740126,1.00148449210774,0.0022714572138719667,-0.031103689309755548,0.0627905203975862,0.1291909258529698,0.1310021647581732,0,1,0
2.2422422422422423,0.043365781142129425,-0.07546139669199906,1.0014626156751762,-0.001093821628187339,-0.029866698728494456,0.061849529063054444,0.12921335804078152,0.13122771670107727,0,1,0
2.2622622622622623,0.04173739516162144,-0.08141929902539914,1.001377259307916,-0.0042678183630144115,-0.028626400668591356,0.06201490299515551,0.12917390745611773,0.13137554655795072,0,1,0
2.2822822822822824,0.039994620020392974,-0.0871387570614235,1.0012301733855464,-0.007354296118481295,-0.027322179700184388,0.06521104842034843,0.12916256700110634,0.13150740886403842,0,1,0
2.3023023023023024,0.03814223637166467,-0.09261918243641543,1.0010232826845074,-0.010344535051954599,-0.025928561881356185,0.0696808909414099,0.12914521481508395,0.13160873513377955,0,1,0
2.3223223223223224,0.036185284324043734,-0.09784760238104678,1.000757971678215,-0.013265550314619862,-0.024426404669320955,0.07510786060176144,0.12921326181361198,0.1317710935026148,0,1,0
2.3423423423423424,0.034129134545688875,-0.10280748891774294,1.00043779595493,-0.016008786164245222,-0.022889335867778044,0.07685344007714559,0.12927144151648587,0.131961805936717,0,1,0
2.3623623623623624,0.031979533874603165,-0.10748003355428559,1.0000665879208013,-0.01856040170643754,-0.021270005056531996,0.08096654056230265,0.12929753360708485,0.13208031715562402,0,1,0
2.3823823823823824,0.029742424765031875,-0.11185545547856458,0.9996466300050222,-0.02099789578895279,-0.019579548494861047,0.08452282808354723,0.12940193452559168,0.13227221291051816,0,1,0
2.4024024024024024,0.027423965797598274,-0.11592294837167996,0.9991824492338298,-0.023209038559617548,-0.017714275990638448,0.09326362521112981,0.12961455391254914,0.13249084373856532,0,1,0
2.4224224224224224,0.02503062373897794,-0.1196671029310167,0.9986805671153978,-0.02509410592160442,-0.01574528636878115,0.0984494810928649,0.1301072422460965,0.1328682877634272,0,1,0
2.4424424424424425,0.02256948304927661,-0.1230570344850666,0.9981540075274808,-0.026327979395843967,-0.013900664653565651,0.09223108576077506,0.13037176398198594,0.13330376605775204,0,1,0
2.4624624624624625,0.02004804617822598,-0.12607184355253145,0.9976132678844774,-0.02703698215017578,-0.012034231872202098,0.0933216390681774,0.13038704078347607,0.13339060427385974,0,1,0
2.4824824824824825,0.017473450026178432,-0.1287298076023774,0.9970599676606039,-0.02766501119367258,-0.009997184462040834,0.10185237050806345,0.13056411596822212,0.1335210551106091,0,1,0
2.5025025025025025,0.014852983410808214,-0.13102333076851097,0.9964987570447453,-0.028060530792925496,-0.007922845311123644,0.10371695754585934,0.13082533455095838,0.13380605539723384,0,1,0
2.5225225225225225,0.012194559727306518,-0.13292118417508478,0.9959378155539028,-0.02804707454212419,-0.005839093760296226,0.10418757754137087,0.13096581322508424,0.13397170887692172,0,1,0
2.5425425425425425,0.00950622704198456,-0.13441663426609782,0.9953817512021064,-0.027803217589823487,-0.003632165713099478,0.1103464023598374,0.13121882867210632,0.13416115814541998,0,1,0
2.5625625625625625,0.006796150478454844,-0.13550382817648582,0.9948371751875387,-0.027228800728386637,-0.0013993798150320521,0.1116392949033713,0.13143319703711756,0.1343549747118128,0,1,0
2.5825825825825826,0.00407294732375757,-0.1361601577348637,0.9943101757437658,-0.02634997218864555,0.0009156783636324468,0.11575290893322496,0.1316272976947326,0.13448029437811013,0,1,0
2.6026026026026026,0.00134541521609186,-0.13637660538328547,0.9938055071373032,-0.025233430323131335,0.003235272646006394,0.11597971411869738,0.13188121856842394,0.13469301659393543,0,1,0
2.6226226226226226,-0.001377365538943751,-0.13613903775178055,0.9933300848035151,-0.023771116689401357,0.005628714877753577,0.11967211158735917,0.13230577575142807,0.13506207234531545,0,1,0
2.6426426426426426,-0.00408621192073435,-0.13544231908952994,0.9928956468968351,-0.02172189533400209,0.008082621971123074,0.12269535466847487,0.1325353933038867,0.1351749475552862,0,1,0
2.6626626626626626,-0.006771624798437909,-0.13427064388517795,0.992507225286646,-0.019421080509450215,0.01052324732002123,0.1220312674449076,0.13298281046405694,0.1355375992148266,0,1,0
2.6826826826826826,-0.00942379551710252,-0.13260853593323046,0.9921767538789982,-0.016523570382393035,0.012922853830633532,0.11998032553061529,0.13313673935060705,0.13560283927243486,0,1,0
2.7027027027027026,-0.012033052449861213,-0.13046284663793473,0.9919073891205352,-0.013468237923149037,0.015347275117019287,0.12122106431928777,0.13335759036410522,0.13567719378091406,0,1,0
2.7227227227227226,-0.014589854772462565,-0.12784011613006763,0.9917033920662625,-0.010199852713636236,0.017811169655338407,0.12319472691595612,0.1335790001466686,0.13571894339670654,0,1,0
2.7427427427427427,-0.017084530437615708,-0.12473378325765709,0.9915685243320111,-0.0067433867125675714,0.020266493372634083,0.12276618586478365,0.13371669262657596,0.13569299700661377,0,1,0
2.7627627627627627,-0.019507237230957607,-0.121135339667095,0.9915042781873755,-0.0032123072317791477,0.022612915240864204,0.11732109341150616,0.13371877093042508,0.13557886018688048,0,1,0
2.7827827827827827,-0.021848286539245674,-0.1170524654144033,0.9915088072812692,0.0002264546946844615,0.024902493840585765,0.11447892998607828,0.13389034286244741,0.13558717987387126,0,1,0
2.8028028028028027,-0.024098315056897298,-0.11250142588258115,0.9915845753058832,0.0037884012306958,0.027111842199605236,0.11046741795097355,0.13405116233852601,0.13558218721157284,0,1,0
2.8228228228228227,-0.026248158088663258,-0.10749215158829803,0.9917336729518277,0.007454882297227984,0.029167097614944053,0.10276277076694075,0.13391927051637226,0.13540957572754247,0,1,0
2.8428428428428427,-0.028289176038012686,-0.10205089746747142,0.9919513612193307,0.010884413375148182,0.031151227719930893,0.09920650524934198,0.13383729179135964,0.13513928482175425,0,1,0
2.8628628628628627,-0.03021342623002091,-0.09621250960041114,0.9922321927891052,0.014041578488726749,0.03310933107074313,0.09790516754061221,0.1338414211856411,0.13490971199275878,0,1,0
2.8828828828828827,-0.032013138493509966,-0.08998561317445265,0.9925725909634575,0.017019908717616116,0.034908957291895935,0.08998131105763929,0.1337919990631819,0.13470103038658088,0,1,0
2.9029029029029028,-0.033680713934768146,-0.08337877206290907,0.9929684836286408,0.01979463325916306,0.03655000768204451,0.0820525195074287,0.13366406936876815,0.13441148208620324,0,1,0
2.9229229229229228,-0.0352093021917972,-0.07642941285145273,0.993413446292007,0.02224813316830945,0.038071282414667104,0.07606373663113057,0.13355189196091966,0.13410328399874877,0,1,0
2.942942942942943,-0.03659269442304878,-0.06916961156257873,0.9939010225135522,0.024378811077260785,0.03946285483955366,0.06957862124432862,0.13369941152229187,0.13405509609086363,0,1,0
2.962962962962963,-0.03782490010227373,-0.061610283961247875,0.9944324577919843,0.02657176392160538,0.040747175551919514,0.06421603561829198,0.13341367409190968,0.13355251515749839,0,1,0
2.982982982982983,-0.03890094265644243,-0.05380212770843493,0.994995868488855,0.028170534843534514,0.041901143319208994,0.05769838836447332,0.13321060461491707,0.13314411839815057,0,1,0
3.003003003003003,-0.03981616693457937,-0.04576121390684708,0.9955819997031862,0.029306560716560154,0.04285881201645409,0.0478834348622555,0.13282434248626346,0.13259036034274746,0,1,0
3.023023023023023,-0.04056669371604916,-0.03752633907348917,0.9961767493152677,0.02973748060407672,0.04365331733052791,0.03972526570369044,0.13139844898412703,0.13386556146436612,0,1,0
3.043043043043043,-0.041148895797021585,-0.029110104048621327,0.9967777273563505,0.030048902054138918,0.046521210738435986,0.14339467039540424,0.1306218112747945,0.131336568059524,0,1,0
3.063063063063063,-0.04156185756235763,-0.02064808826680229,0.9973358731520602,0.027907289785484585,0.05018872533129243,0.18337572964282217,0.13248833580141195,0.13212247501000987,0,1,0
3.083083083083083,-0.04179271916664667,-0.011543080214451688,0.9978899378224595,0.027703233519965186,0.053957205530169236,0.1884240099438408,0.13334487276960366,0.13226402689702468,0,1,0
3.103103103103103,-0.0418264999324532,-0.0016890382903267977,0.9984539943101753,0.028202824385793288,0.0574888249003915,0.17658096851111266,0.13349705211026325,0.13188266933900603,0,1,0
3.123123123123123,-0.041648601841381874,0.008894904553566238,0.9990238804949936,0.02849430924091108,0.06041012752495263,0.14606513122805673,0.1330770964224794,0.13116009095933254,0,1,0
3.143143143143143,-0.04124625610953331,0.02011728659242845,0.9995819246101936,0.027902205760002078,0.06271418213818979,0.1152027306618583,0.132259850582385,0.13006572060849816,0,1,0
3.163163163163163,-0.040609823326350186,0.03182163915915602,1.0000991843318447,0.02586298608255577,0.06430845152870743,0.07971346952588176,0.13132603881172097,0.1289422056859165,0,1,0
3.183183183183183,-0.03973231005707284,0.04387566346386729,1.0005446897689672,0.02227527185612086,0.06510661818317161,0.039908332723209254,0.1303679009370546,0.1278808265837826,0,1,0
3.203203203203203,-0.03860956012039745,0.05613749683376937,1.0008881938400012,0.017175203551697327,0.06513453579739344,0.0013958807110922497,0.12957960011344116,0.12701960077142327,0,1,0
3.2232232232232234,-0.03724018853325035,0.0684685793573551,1.0011051134283078,0.010845979415329655,0.06447407888739853,-0.03302284549974596,0.12650535140319952,0.12245652161262768,0,1,0
3.2432432432432434,-0.035631528270527985,0.080433013136118,1.0010825359552933,-0.0011288736507250232,0.06207812620638449,-0.11979763405070235,0.12540400860322698,0.12204214812542093,0,1,0
3.2632632632632634,-0.03378751636081448,0.09220059548567536,1.0007982107719402,-0.01421625916765288,0.0586109008539816,-0.1733612676201445,0.12687162128499413,0.12388389256960053,0,1,0
3.2832832832832834,-0.031713916086632335,0.1036800137091073,1.0003016263518605,-0.024829221003987045,0.054446906558452336,-0.20819971477646337,0.12815853641168692,0.12538540957083943,0,1,0
3.3033033033033035,-0.029421213566556106,0.11463512600381139,0.9996347986543828,-0.033341384873885015,0.04985156186200915,-0.2297672348221581,0.12937943501265078,0.12671121456224346,0,1,0
3.3233233233233235,-0.026922983290124432,0.12491151382158366,0.9988362843994708,-0.039925712745594956,0.044930489404945546,-0.2460536228531813,0.13047918347982357,0.1279005909600828,0,1,0
3.3433433433433435,-0.024235020327609696,0.1343981481257369,0.9979408631968751,-0.044771060129783095,0.03989699692931019,-0.25167462378176725,0.1314631271591316,0.12887983025193833,0,1,0
3.3633633633633635,-0.021374865878310067,0.14300772246498142,0.9969784822622694,-0.04811904673028826,0.03480634297286272,-0.25453269782237353,0.13237802710847124,0.12978456587938111,0,1,0
3.3833833833833835,-0.018360871602571844,0.15069971378691122,0.9959769008734478,-0.05007906944107653,0.02970717769752633,-0.2549582637668191,0.13318220929771615,0.1305782199376976,0,1,0
3.4034034034034035,-0.015212030656769685,0.15744204729010794,0.9949605146686704,-0.05081931023887018,0.024702684421838154,-0.2502246637844088,0.13385976348766432,0.13120575263552417,0,1,0
3.4234234234234235,-0.011947666861527557,0.16321818976210642,0.9939492923511712,-0.05056111587495999,0.019718378461767726,-0.24921529800352143,0.12937567751523427,0.12562577314665999,0,1,0
3.4434434434434436,-0.008591156123210295,0.16782553691586308,0.9927947167120709,-0.05772878195501789,0.013968046704786937,-0.28751658784903966,0.13080942433971646,0.12768390631319948,0,1,0
3.4634634634634636,-0.005160338952071047,0.17154085855696238,0.9915489274331212,-0.062289463947487037,0.008016507276036209,-0.2975769714375362,0.13443118554906566,0.13162605831769322,0,1,0
3.4834834834834836,-0.0016756597902323942,0.17423395809193265,0.9903243424439893,-0.06122924945659316,0.0021013207920689185,-0.2957593241983645,0.13672311108041804,0.1341443041626593,0,1,0
3.5035035035035036,0.0018399869417861378,0.1757823366009266,0.989192479110046,-0.056593166697163265,-0.0035828210317455666,-0.28420709119072424,0.1383284475330441,0.13587670159351128,0,1,0
3.5235235235235236,0.005362979353800696,0.1761496206007279,0.9882029053130454,-0.0494786898500282,-0.008957165803900892,-0.2687172386077663,0.13917534769489548,0.13682620876291918,0,1,0
3.5435435435435436,0.008870103023087687,0.17535618346434959,0.9873822172197192,-0.04103440466631231,-0.013887725258692545,-0.2465279727395825,0.1395198236878632,0.13720039992475558,0,1,0
3.5635635635635636,0.012339325947275822,0.17346114620940675,0.9867409235403443,-0.0320646839687443,-0.018425263473888436,-0.22687691075979474,0.13964966766423023,0.13738448175255977,0,1,0
3.5835835835835836,0.01575040443833642,0.1705539245530298,0.9862834437010962,-0.02287399196240336,-0.02259004056920925,-0.2082388547660406,0.13942358549531578,0.13723912720343895,0,1,0
3.6036036036036037,0.01908479909947328,0.166719733056843,0.9860039750006475,-0.013973435022434148,-0.026280031041143393,-0.18449952359670707,0.13905540024946367,0.13688608138120195,0,1,0
3.6236236236236237,0.02232573075637243,0.1620465828449575,0.9858914852155363,-0.005624489255563015,-0.02957136681150572,-0.1645667885181163,0.1376819341256535,0.13492222422388203,0,1,0
3.6436436436436437,0.025459388847177786,0.15668290454026795,0.9858961810318321,0.0002347908147886605,-0.03288052401511923,-0.16545786018067524,0.13818432894925545,0.1357704945799102,0,1,0
3.6636636636636637,0.028471931005486697,0.15062710791544556,0.9860376924067148,0.007075568744133357,-0.03600000441858889,-0.15597402017348316,0.13903025629697138,0.13681035803986322,0,1,0
3.6836836836836837,0.0313490754657087,0.1438572230111,0.9863435225689434,0.01529150811143078,-0.03888965731463671,-0.1444826448023918,0.13790860231355323,0.1359031391493545,0,1,0
3.7037037037037037,0.034079177888773446,0.13650512115323732,0.9867831946655795,0.021983604831806516,-0.04140414942550616,-0.12572460554347162,0.13731215755729292,0.13537740561116346,0,1,0
3.7237237237237237,0.036651277408085166,0.12860497596558584,0.9873396575854184,0.027823145991945263,-0.04368838842527782,-0.11421194998858306,0.13646712529344945,0.134731216722839,0,1,0
3.7437437437437437,0.039056174217326246,0.12024484046205397,0.9879904303878859,0.03253864012337553,-0.04565031298122042,-0.09809622779712995,0.13579204924829602,0.13420202891754468,0,1,0
3.7637637637637638,0.04128550485881444,0.11146653207440965,0.9887172987997571,0.03634342059355841,-0.047222673433593404,-0.07861802261864943,0.1351604375332631,0.1336576661808631,0,1,0
3.7837837837837838,0.04333225430900216,0.1023374725093862,0.9895025087000108,0.03926049501268532,-0.04839096112598509,-0.05841438461958395,0.13467282684518145,0.13323196105101545,0,1,0
3.803803803803804,0.04519091363481384,0.09293296629058392,0.9903322538909896,0.04148725954893742,-0.04930954582466664,-0.045929234934077884,0.13394639163752164,0.1326541263691085,0,1,0
3.823823823823824,0.04685780258710413,0.08334444761451451,0.9911870128846586,0.042737949683451015,-0.04989020890332645,-0.029033153932989858,0.13341453675231396,0.13152054881674963,0,1,0
3.843843843843844,0.048330610213402736,0.07364038131493031,0.992041965435269,0.042747627530519076,-0.05079793794148282,-0.04538645190781852,0.1327462957370286,0.1313491981608798,0,1,0
3.863863863863864,0.049607719544051534,0.06385546653243981,0.9928845756284371,0.04213050965840491,-0.05170883531763068,-0.045544868807392946,0.13366267155782086,0.1325410064166596,0,1,0
3.883883883883884,0.05068407495446061,0.05381777052045368,0.9937458568109319,0.043064059124737764,-0.05254952282105187,-0.04203437517106077,0.13285752213518884,0.13200151871093982,0,1,0
3.903903903903904,0.05155718556712165,0.04365553063305172,0.9946057310186328,0.042993710385045174,-0.05323533420906853,-0.03429056940083229,0.13316803035138064,0.1324655801489465,0,1,0
3.923923923923924,0.05222322214212196,0.033301828750015736,0.9954754856354391,0.04348773084031515,-0.05377262579152827,-0.026864579122987245,0.1319591501311518,0.13145100489035222,0,1,0
3.943943943943944,0.052681329353548925,0.02290536057134821,0.9963220845613835,0.04232994629722143,-0.05417242408294261,-0.019989914570717356,0.13134333081945387,0.1310127800399239,0,1,0
3.963963963963964,0.05293029426305112,0.012448245475109672,0.9971298227690669,0.04038691038417304,-0.054371918887718626,-0.009974740238800092,0.130904347693538,0.13072983654656756,0,1,0
3.983983983983984,0.052969259717313776,0.0019482727131328332,0.997887936910621,0.03790570707770817,-0.05446782152070184,-0.0047951316491605354,0.13057438465688626,0.13062561895349456,0,1,0
4.004004004004004,0.05279786267440668,-0.008569852145354925,0.9985899622404213,0.035101266490009726,-0.05439387621748391,0.003697265160897068,0.1303122532833101,0.130555423695141,0,1,0
4.024024024024024,0.05241607205969187,-0.01908953073574038,0.999230962516657,0.03205001381178704,-0.05413404877621702,0.0129913720633453,0.1316528950228331,0.13508152321780234,0,1,0
4.044044044044044,0.05181956995001594,-0.029825105483796705,0.9998977394268219,0.03333884550824659,-0.051375119838538194,0.13794644688394114,0.12789876643476056,0.12997205057528474,0,1,0
4.064064064064064,0.0510165470447011,-0.040151145265742,1.0004592284062193,0.028074448969868784,-0.04731812140683478,0.20284992158517,0.12783487441135954,0.12925779565980536,0,1,0
4.084084084084084,0.0500181826729063,-0.04991821858974006,1.0009044723354852,0.022262196463297003,-0.042603251163226705,0.2357435121804038,0.12790618430216585,0.12901165318344882,0,1,0
4.104104104104104,0.048840077009493506,-0.05890528317063986,1.0012316462060122,0.016358693526358135,-0.0375701329781163,0.25165590925551945,0.12822604829310158,0.12912321019098305,0,1,0
4.124124124124124,0.047499984193305735,-0.06700464080938846,1.0014479422186535,0.010814800632066046,-0.03257639520145094,0.24968688883326848,0.1289300738552611,0.12979054936150244,0,1,0
4.1441441441441444,0.04601636262695613,-0.07418107831748012,1.001574431574811,0.006324467807867097,-0.027743829634907194,0.2416282783271872,0.1293144837391951,0.13023435867796734,0,1,0
4.1641641641641645,0.0444080015867401,-0.08041805201080146,1.0016240488596626,0.002480864242587286,-0.023141342336303522,0.23012436493018382,0.1296518079655789,0.13065868611921264,0,1,0
4.1841841841841845,0.04269322756696059,-0.08573870098897553,1.0016086338097465,-0.0007707524958023362,-0.01882677470986959,0.21572838132169667,0.12996702796421872,0.13108364236870945,0,1,0
4.2042042042042045,0.040889598721632,-0.09018144226642923,1.0015396006013058,-0.003451660422033605,-0.014844407274590122,0.1991183717639735,0.13016396398892285,0.1314149806539861,0,1,0
4.2242242242242245,0.039013712049084576,-0.09379433362737147,1.0014251242523875,-0.005723817445917111,-0.011205976016545962,0.18192156290220787,0.13281082174788628,0.1309694216868289,0,1,0
4.2442442442442445,0.03708059479055682,-0.09665586292638757,1.0012980728091339,-0.0063525721626794115,-0.010541448132081375,0.0332263942232294,0.13115857425958577,0.13113544223864368,0,1,0
4.2642642642642645,0.03510474551861874,-0.09879246359690408,1.0011366146700205,-0.008072906955668709,-0.011462830331173927,-0.04606910995462772,0.1308486065906428,0.13208831748415442,0,1,0
4.2842842842842845,0.033088684765213136,-0.10080303767028018,1.0009503019406065,-0.009315636470692494,-0.013034583306386764,-0.07858764876064195,0.13041537292951527,0.1324182003933792,0,1,0
4.3043043043043046,0.031028907697724865,-0.10298885337441355,1.0007375641120653,-0.010636891427066811,-0.014774313445811793,-0.08698650697125135,0.12994785181545182,0.13245025918186876,0,1,0
4.324324324324325,0.028919424968950627,-0.10547413643871195,1.0004918754767966,-0.012284431763437156,-0.016371235240539333,-0.07984608973637687,0.1294052334116171,0.13222230554136669,0,1,0
4.344344344344345,0.026753712880976117,-0.10828560439872556,1.0002017273659514,-0.014507405542259514,-0.017708193793378103,-0.06684792764193881,0.1289634849610157,0.13201655802457804,0,1,0
4.364364364364365,0.02452575227877617,-0.11139803010999728,0.9998574321466295,-0.0172147609660918,-0.018620249149759013,-0.04560276781904539,0.1286401294882923,0.13180221538212117,0,1,0
4.384384384384385,0.022230568766698086,-0.11475917560390428,0.9994509370927245,-0.020324752695248974,-0.019121650847936794,-0.025070084908888953,0.1281702628463875,0.1314352403537279,0,1,0
4.404404404404405,0.019864907408959916,-0.1182830678869086,0.9989697827812036,-0.02405771557604169,-0.019192308061046597,-0.003532860655490199,0.1281511780042762,0.13146306702372773,0,1,0
4.424424424424425,0.017426846048134024,-0.1219030680412946,0.9984140623084732,-0.02778602363652115,-0.01880976694251414,0.019127055926622796,0.12353962027300276,0.12932672360450206,0,1,0
4.444444444444445,0.01491804441780518,-0.12544008151644223,0.9976838199738115,-0.03651211673308297,-0.016017521418127564,0.13961227621932903,0.11805213370882037,0.12239523331225523,0,1,0
4.464464464464465,0.012343403727122854,-0.1287320345341163,0.9965951307095858,-0.05443446321128115,-0.011984357843738884,0.20165817871943398,0.12490827529064054,0.1284538760115496,0,1,0
4.484484484484485,0.009709824773312477,-0.13167894769051883,0.9953394733057244,-0.06278287019307194,-0.0073849063052576925,0.2299725769240595,0.12944827522593585,0.1324960914301503,0,1,0
4.504504504504505,0.007030887030612734,-0.13394688713498717,0.9940441945096152,-0.06476393980545805,-0.002549533637613998,0.24176863338218463,0.13291134658913065,0.135586930163914,0,1,0
4.524524524524525,0.004323789736169505,-0.13535486472216143,0.992806559495171,-0.061881750722208834,0.0020960466870296483,0.23227901623218233,0.13507345776050972,0.13760287383002207,0,1,0
4.544544544544545,0.0016075935057729388,-0.13580981151982832,0.9916885607085244,-0.0558999393323331,0.00646697381881748,0.21854635658939162,0.13636493995356758,0.13879757450258587,0,1,0
4.564564564564565,-0.001098881884291492,-0.13532376950322153,0.9907270346626965,-0.04807630229139417,0.010534169738156974,0.2033597959669747,0.1372262856629353,0.1395410993975514,0,1,0
4.584584584584585,-0.0037776462421396286,-0.13393821789240684,0.9899456804336451,-0.03906771145257044,0.014170008114713598,0.18179191882783102,0.13791429368184946,0.14016878986273637,0,1,0
4.604604604604605,-0.0064118673358537995,-0.1317110546857085,0.9893638470108702,-0.02909167113874092,0.017421648632700144,0.16258202589932713,0.13790363848292073,0.1400977692142195,0,1,0
4.624624624624625,-0.008986562774726897,-0.12873477194365485,0.988980139489336,-0.01918537607670749,0.020200216943212536,0.1389284155256197,0.14043826393559264,0.1419944408100756,0,1,0
4.644644644644645,-0.011487272210250477,-0.12503547177617894,0.9888599852227975,-0.006007713326927046,0.022136669201313276,0.09682261290503735,0.14112359046489445,0.14294199985679623,0,1,0
4.664664664664665,-0.01390189518590265,-0.12073114878260865,0.9890273514893823,0.008368313329237752,0.023464244461078233,0.06637876298824784,0.13759242661649942,0.13960145072853858,0,1,0
4.684684684684685,-0.016224571465336464,-0.11613381397169063,0.989380287580653,0.01764680456353812,0.02439967735594657,0.04677164474341708,0.13516085566692487,0.13722977442566708,0,1,0
4.704704704704705,-0.01845152531467825,-0.11134769246708923,0.9898475295737562,0.02336209965516363,0.024999889221431322,0.030010593274236604,0.13333400699865464,0.13546893334837445,0,1,0
4.724724724724725,-0.020580372576987933,-0.10644236311548423,0.9903758519990599,0.02641612126517985,0.025494065101431502,0.02470879400000954,0.13218586178547412,0.13427303804766988,0,1,0
4.744744744744745,-0.022609593016415557,-0.10146102197138118,0.9909304801503134,0.02773140756267748,0.025845270291539917,0.017560259505420662,0.13157458347539458,0.13362893240035326,0,1,0
4.764764764764765,-0.024537813885877193,-0.09641104347308177,0.9914927725442586,0.02811461969725883,0.02622367202345509,0.01892008659575885,0.1304725215060456,0.13239933281730082,0,1,0
4.784784784784785,-0.02636458223459293,-0.09133841743578683,0.9920281621663981,0.02676948110697609,0.026590919482984022,0.018362372976446658,0.1313005024879324,0.13305161701515855,0,1,0
4.804804804804805,-0.028087890355134443,-0.08616540602707577,0.9925585329700236,0.026518540181275776,0.026883016164658078,0.014604834083702115,0.13130543153341864,0.13295413472231182,0,1,0
4.824824824824825,-0.029706392250406593,-0.08092509476360744,0.9930824763044642,0.026197166722030235,0.027123113189318825,0.012004851233037715,0.13021351415524357,0.13219366515930248,0,1,0
4.844844844844845,-0.0312197304414066,-0.07566690955000033,0.9935725287447165,0.024502622012609557,0.02766758104047628,0.027223392557872497,0.12969587900305624,0.13124628296473934,0,1,0
4.864864864864865,-0.03262767155710389,-0.07039705578486426,0.9940069691119308,0.02172201836071679,0.02838480544587244,0.03586122026980821,0.13119076983430267,0.13234535850110754,0,1,0
4.884884884884885,-0.033927079456012435,-0.06497039494542729,0.9944241541749984,0.020859253153380008,0.029017062765910217,0.031612866001889166,0.13185851932246725,0.13280093934582907,0,1,0
4.904904904904905,-0.03511477434191561,-0.0593847442951588,0.9948406406919443,0.02082432584729643,0.02956993227330075,0.027643475369526653,0.13197641663537202,0.1326809807419431,0,1,0
4.924924924924925,-0.03618834438469219,-0.05367850213882933,0.9952563269979714,0.020784315301355664,0.02997800584812963,0.020403678741444175,0.13239220993447454,0.13284604540681358,0,1,0
4.944944944944945,-0.03714541194132868,-0.04785337783182422,0.9956797511433904,0.021171207270947505,0.030124027539633662,0.007301084575201726,0.13264647283646952,0.13298711791113388,0,1,0
4.964964964964965,-0.03798429185299204,-0.04194399558316808,0.9961167195818121,0.02184842192108674,0.030096120432158785,-0.0013953553737441615,0.1336137956764592,0.13369424506392022,0,1,0
4.984984984984985,-0.03870372695975837,-0.03597175533831637,0.9965920104592086,0.023764543869826186,0.029809621505300147,-0.014324946342931999,0.1328374465307858,0.13282097440362947,0,1,0
5.005005005005005,-0.03930463560773849,-0.030045432399005964,0.9970811993579809,0.024459444938611304,0.029326142736819702,-0.024173938424021883,0.13319943797421513,0.13292684622557677,0,1,0
5.025025025025025,-0.03978802456649402,-0.024169447937776516,0.9975912482752195,0.0255024458619293,0.028606640871911896,-0.035975093245390555,0.1325321992737802,0.13382321381110818,0,1,0
5.045045045045045,-0.04015576482056226,-0.01838701270341217,0.9981256066065242,0.026717916565233014,0.029027397020968432,0.0210378074528266,0.1319412063510729,0.13215077855019494,0,1,0
5.065065065065065,-0.04041176286735257,-0.012799902339515312,0.9986508380306525,0.026261571206416322,0.029933934168753926,0.045326857389274805,0.13223851299378708,0.13172678368484905,0,1,0
5.085085085085085,-0.04055448622818587,-0.00713616804166499,0.9991650190437672,0.025709050655737625,0.030862168251216095,0.04641170412310843,0.13249555136018154,0.13146500736260605,0,1,0
5.105105105105105,-0.04058046018041062,-0.0012986976112378213,0.9996679749885665,0.025147797239967382,0.03152587008948893,0.03318509191364111,0.1326715648440872,0.13132453058173532,0,1,0
5.125125125125125,-0.04048610355811343,0.004717831114859596,1.0001601217596099,0.02460733855216859,0.03179414153925419,0.013413572488263373,0.13274690887407667,0.13110400692666196,0,1,0
5.145145145145145,-0.040268999327743,0.010855211518521674,1.0006392286569046,0.023955344864729156,0.03164218738893818,-0.0075977075158001825,0.13224293024907482,0.13040851121394065,0,1,0
5.165165165165165,-0.039928707165858106,0.017014608094244713,1.0010875014764358,0.022413640976564755,0.03100003316345823,-0.032107711273997835,0.13173514445629,0.1297089492959021,0,1,0
5.185185185185185,-0.039466459603291225,0.023112378128344074,1.0014870812899757,0.0199789906769932,0.029860802864812134,-0.05696151493230461,0.13097400796156305,0.12886403605664376,0,1,0
5.205205205205205,-0.038885573337169216,0.029044313306100567,1.0018142640897263,0.016359139987531184,0.028337973268649376,-0.07614147980813786,0.1304950192753705,0.1282765607111363,0,1,0
5.225225225225225,-0.03819093293380134,0.034732020168393864,1.0020533908813103,0.011956339579199133,0.026402118846709,-0.09679272109701853,0.12767894336309923,0.12528615261736756,0,1,0
5.245245245245245,-0.037390847878285206,0.04000425277580652,1.0021186440749663,0.0032626596827971966,0.023984820338642302,-0.12086492540333499,0.1278125324297195,0.12551138444846757,0,1,0
5.265265265265265,-0.03649249746751824,0.044917520538348285,1.0020155362244367,-0.0051553925264795335,0.021289904503732728,-0.13474579174547888,0.1291937473548376,0.12692542770519905,0,1,0
5.285285285285285,-0.035504041004565313,0.04942282314764618,1.0017856951820099,-0.01149205212133688,0.018504519520935403,-0.13926924913986663,0.13033713679683062,0.12806390949770524,0,1,0
5.305305305305305,-0.0344350409580215,0.05345000232719063,1.001463150244368,-0.01612724688209271,0.015738868767326043,-0.13828253768046786,0.13166841212774916,0.12939122665314895,0,1,0
5.325325325325325,-0.03329546050318536,0.056979022741807155,1.0010874933718434,-0.018782843626227487,0.013049390516107918,-0.1344739125609061,0.13240198070385786,0.13008151931434114,0,1,0
5.345345345345345,-0.03209572342943088,0.059986853687724155,1.000679999322048,-0.020374702489772644,0.010518625376732683,-0.12653825696876175,0.13290660157979337,0.13052094615690468,0,1,0
5.365365365365365,-0.03084605973729656,0.06248318460671604,1.0002548033309964,-0.021259799552591198,0.008007070297589758,-0.12557775395714602,0.13393023534483336,0.13159107042876803,0,1,0
5.385385385385385,-0.029556113238518172,0.06449732493891935,0.9998430387040028,-0.020588231349674902,0.005732674718993668,-0.11371977892980462,0.1341821236446121,0.13180860988908383,0,1,0
5.405405405405405,-0.02823572124215713,0.06601959981805207,0.9994517512151435,-0.01956437444296251,0.0036937853342913,-0.10194446923511835,0.13453606366415247,0.13213266191212128,0,1,0
5.425425425425425,-0.026893802118029178,0.06709595620639765,0.9990910465966031,-0.0180352309270233,0.0018920098836651934,-0.09008877253130537,0.13588950498202307,0.13436409066145216,0,1,0
5.445445445445445,-0.025538289640743658,0.06777562386427592,0.9988140716368592,-0.013848747987191757,0.0011736707492682697,-0.035916956719846196,0.13597034146050158,0.13385362759498406,0,1,0
5.465465465465465,-0.02417636845977319,0.06809605904852353,0.9986144816565378,-0.009979499016073335,0.0009856581965487024,-0.009400627635978355,0.13530013496218182,0.13289105233529308,0,1,0
5.485485485485485,-0.022810962992772642,0.06827027335002725,0.9984680917144446,-0.007319497104658675,0.0011409085648930932,0.00776251841721955,0.1348406232422835,0.13223016220875633,0,1,0
5.505505505505505,-0.02144281925579279,0.0684071868489926,0.9983583040792917,-0.005489381757645471,0.0014445652689222524,0.015182835201457945,0.13453762533803054,0.13183548583855115,0,1,0
5.525525525525525,-0.020071357329774133,0.06857309630093296,0.9982747821894921,-0.004176094489983888,0.0018664624144991465,0.021094857278844706,0.13428773429418095,0.13151002528425926,0,1,0
5.545545545545545,-0.01869538306989944,0.06879871299373465,0.9982090007774591,-0.003289070601650263,0.0023302667276308537,0.023190215656585394,0.1341212675043163,0.13132629257460837,0,1,0
5.565565565565565,-0.017313245851169043,0.06910686093651984,0.9981557689611539,-0.0026615908152630955,0.002823965405677417,0.02468493390232811,0.13402422289835675,0.13121761266231152,0,1,0
5.585585585585585,-0.015923117909874607,0.06950639706472185,0.9981120351509293,-0.002186690511231309,0.00331708281148653,0.02465587029045567,0.13397080209355408,0.13116489208037324,0,1,0
5.605605605605605,-0.014523031038736237,0.07000434355691851,0.9980762218884844,-0.001790663122243821,0.0037472104588035667,0.02150638236585183,0.13383762762371468,0.13109737393266918,0,1,0
5.625625625625625,-0.013111029647572636,0.07060006955818007,0.9980453500188207,-0.0015435934831880137,0.00411188255234184,0.018233604676913685,0.13616130135220597,0.1333278801633586,0,1,0
5.645645645645645,-0.011685189136524405,0.07129202555241154,0.9980868824378974,0.0020766209538410642,0.004368154334256511,0.012813589095733526,0.1351338199488322,0.13232299500277372,0,1,0
5.665665665665665,-0.01024411962470842,0.07205347559079925,0.9981707045448454,0.00419110534739269,0.0044229952807077,0.002742047322559447,0.13434032602046203,0.13162892794252684,0,1,0
5.685685685685685,-0.00878692026348462,0.07285996806119002,0.9982747743039063,0.005203487953050734,0.0043913644327743355,-0.0015815423966682078,0.1332277521724669,0.13061194706143436,0,1,0
5.7057057057057055,-0.007313409563118726,0.07367553501829467,0.9983675421148928,0.004638390549320331,0.004147911835714639,-0.012172629852984847,0.13289004109026845,0.1304214753250683,0,1,0
5.7257257257257255,-0.005823716482348106,0.074484654038531,0.9984411836674945,0.0036820776300868063,0.0037546919886673456,-0.01966099235236463,0.1327853048777085,0.1304876139307763,0,1,0
5.7457457457457455,-0.0043187799408401515,0.07524682707539776,0.9984951312050403,0.0026973768772926674,0.0033232557969271083,-0.02157180958701189,0.1331179472002119,0.13093633701558946,0,1,0
5.7657657657657655,-0.0027999961286561646,0.07593919060919933,0.9985409664898065,0.00229176423830869,0.002765503190399925,-0.027887630326359138,0.13252406928457555,0.1305147766361749,0,1,0
5.7857857857857855,-0.00126906452613882,0.07654658012586722,0.9985636520474283,0.0011342778810893852,0.0021457132925404646,-0.03098949489297302,0.13284104437484684,0.13091604460663245,0,1,0
5.8058058058058055,0.0002718921373472366,0.07704783317430283,0.9985738350920719,0.000509152232180075,0.0014902892873611628,-0.03277120025896513,0.1333154646487739,0.13141397558997475,0,1,0
5.8258258258258255,0.0018205718748993609,0.0774339868776062,0.9985859267414635,0.0006045824695796115,0.0006467859383951803,-0.042175167448299106,0.13162866608767929,0.1292568186391882,0,1,0
5.8458458458458455,0.0033744024495363095,0.07769152873184744,0.9985429842429814,-0.0021471249241047053,-0.0009211930113839796,-0.07839894748895801,0.1311170989205281,0.12922181037390382,0,1,0
5.865865865865866,0.004930141782971989,0.07778696667178399,0.9984369136680604,-0.0053035287460461876,-0.0028772666112140267,-0.09780367999150233,0.1317512078438046,0.13018339755810995,0,1,0
5.885885885885886,0.006481786700489748,0.07758224587588794,0.9982913541192657,-0.00727797743973559,-0.005086844715463263,-0.11047890521246183,0.13224610115605606,0.13101986069186905,0,1,0
5.905905905905906,0.008021784014471952,0.07699986569911023,0.9981260148979313,-0.008266961066722185,-0.0074580174799950445,-0.11855863822658914,0.13221254845840855,0.13129878717234567,0,1,0
5.925925925925926,0.009541546188820565,0.07598810871743063,0.9979444968074098,-0.009075904526074959,-0.009834803119290058,-0.11883928196475065,0.13230674877189427,0.13162447704981464,0,1,0
5.945945945945946,0.011031877009816853,0.07451654104981441,0.9977529622081646,-0.00957672996226257,-0.012237592319618762,-0.12013946001643523,0.1330916275747073,0.13268410156421281,0,1,0
5.965965965965966,0.012483275193939792,0.07256990920614692,0.9975786553997751,-0.00871534041947177,-0.014563219234948178,-0.11628134576647065,0.1329747515086599,0.13286727384918628,0,1,0
5.985985985985986,0.013886370470621787,0.07015476383409973,0.997422454065945,-0.007810066691503361,-0.01676786967323446,-0.1102325219143142,0.13273515465060204,0.13289191538884476,0,1,0
6.006006006006006,0.015232086698188171,0.06728581137831925,0.9972810512871668,-0.007070138938909288,-0.018709259567362222,-0.09706949470638823,0.13258140228324783,0.13288806975462863,0,1,0
6.026026026026026,0.016511865019989636,0.06398891609007329,0.9971519767012921,-0.006453729293735276,-0.020415011839710864,-0.08528761361743183,0.13722341132048146,0.13841417068333378,0,1,0
6.046046046046046,0.017715302739608828,0.06017188598095958,0.997185707179394,0.0016865239050977785,-0.021273103163871817,-0.042904566208047806,0.13719838870763382,0.13815481929955614,0,1,0
6.066066066066066,0.01883562938710433,0.05601633237477523,0.9973778944004424,0.009609361052423052,-0.021678060337362713,-0.020247858674544802,0.13479670296347815,0.1357688959580265,0,1,0
6.086086086086086,0.019870929427355966,0.05176500201258169,0.9976575539131478,0.013982975635269427,-0.02176234138490106,-0.004214052376917372,0.13269811088658476,0.13376754264553653,0,1,0
6.106106106106106,0.020820962226570025,0.04750163996070297,0.9979639252003113,0.015318564358173074,-0.021574487949516205,0.009392671769242909,0.13150444282916574,0.1325957006581702,0,1,0
6.126126126126126,0.021686238539428093,0.04326381564290342,0.9982619647409148,0.014901977030176289,-0.021252720354008395,0.01608837977539074,0.13075198419561596,0.13193671528233167,0,1,0
6.146146146146146,0.022468006690959823,0.039088407576586486,0.9985307830444998,0.013440915179251094,-0.02084263291287407,0.02050437205671579,0.1303979944550184,0.13174587522542375,0,1,0
6.166166166166166,0.02316778167501423,0.034988749202720465,0.998762337193764,0.011577707463207312,-0.020390206822206797,0.022621304533363883,0.13022868850914077,0.1317097813359096,0,1,0
6.186186186186186,0.023787272414801792,0.0309745369893781,0.9989536184076072,0.009564060692164894,-0.019891655813433665,0.02492755043865639,0.13000413494719112,0.13160379009220297,0,1,0
6.206206206206206,0.02432837612215596,0.027055185367708526,0.9990997669369798,0.007307426468627738,-0.019333399721954445,0.02791280457396138,0.12995690448155062,0.13166417691722318,0,1,0
6.226226226226226,0.024793089243309974,0.02323565605770058,0.9992010165664423,0.005062481473127703,-0.018761500476051463,0.02859496229514892,0.13257851163273796,0.13135630220407687,0,1,0
6.246246246246246,0.025182981574264046,0.019494616547703632,0.9992916808410958,0.004533213732671373,-0.020652924695969996,-0.09457121099592646,0.1250618439592087,0.12558977710857178,0,1,0
6.266266266266266,0.02550403542605583,0.016052692589589274,0.9991750489445035,-0.005831594829612657,-0.023713083596601382,-0.15300794503156967,0.12877222755334997,0.13034410001734048,0,1,0
6.286286286286286,0.025746677977902088,0.01213212759231282,0.998976358786703,-0.009934507890025097,-0.027181998158167735,-0.17344572807831704,0.1306600546377532,0.13292640987202556,0,1,0
6.306306306306306,0.02589764571286707,0.007548386748249159,0.9987615554331393,-0.010740167678185019,-0.030602087717040143,-0.17100447794362075,0.1318965550774104,0.13457085736226693,0,1,0
6.326326326326326,0.025942305176050975,0.0022329731591951485,0.9985729591508071,-0.00942981411660495,-0.03377801098911967,-0.15879616360397644,0.13238543651516568,0.13538849511657816,0,1,0
6.346346346346346,0.02586662228865716,-0.003784144369690829,0.9984295266893646,-0.007171623072126573,-0.03655017868052361,-0.13860838457019686,0.1324827681563344,0.13571926251811822,0,1,0
6.366366366366366,0.025657778178441067,-0.010442205510804579,0.9983371911483364,-0.004616777051410669,-0.03870793986698122,-0.10788805932288036,0.13230981277773513,0.13564188301748545,0,1,0
6.386386386386386,0.025304962901809253,-0.017640763831590776,0.9982918590932264,-0.0022666027555006117,-0.04029508114108123,-0.07935706370500104,0.1318387070594056,0.13527197879800626,0,1,0
6.406406406406406,0.024800099055966435,-0.025243192292140795,0.9982807582122701,-0.00055504404780952,-0.04123043076964913,-0.046767481428393806,0.13131639892326322,0.1347785226785818,0,1,0
6.426426426426427,0.024137600665064263,-0.03312491954510859,0.9982886043316805,0.00039230597052088633,-0.04165172008894098,-0.02106446596459368,0.13129465923752714,0.13713294764687642,0,1,0
6.446446446446447,0.02331237556256553,-0.04126125512493672,0.998349776120135,0.003058589422720811,-0.03968981287607582,0.0980953606432586,0.12778234279125356,0.13235533994477908,0,1,0
6.466466466466467,0.022327855259166914,-0.049226015169930734,0.9983414969956171,-0.0004139562258893134,-0.03634071011516031,0.16745513804577514,0.12842018340760183,0.1322492942879173,0,1,0
6.486486486486487,0.021191312040446178,-0.05682716093603685,0.9982719466233443,-0.0034775186136418194,-0.032257607229646344,0.20415514427569884,0.12895402430116668,0.1323491096012817,0,1,0
6.506506506506507,0.01991534802171535,-0.06379820093654141,0.9981509978549712,-0.006047438418654764,-0.027824290448077372,0.22166583907844795,0.12951255208784412,0.1326511597815575,0,1,0
6.526526526526527,0.018515352755043433,-0.06999976333359591,0.997991935398429,-0.007953122827110777,-0.023252810279804942,0.22857400841362147,0.13004283505626163,0.13300873124810414,0,1,0
6.546546546546547,0.017008133229144705,-0.07536097629493638,0.9978084247460015,-0.009175532621375276,-0.018608048708401194,0.23223807857018755,0.13054127603483243,0.1333384185366596,0,1,0
6.566566566566567,0.015411193880879163,-0.07984696741327707,0.997613186075936,-0.009761933503277694,-0.013986446878962132,0.2310800914719528,0.13104100091551943,0.1337007463221259,0,1,0
6.586586586586587,0.013742456461514807,-0.08343687096821775,0.9974193683524001,-0.00969088617679373,-0.009508016316469753,0.22392152812461907,0.13154196447160368,0.13410227175306552,0,1,0
6.606606606606607,0.012019834250100912,-0.0861311105706948,0.9972406358717235,-0.008936624033829844,-0.005206301033337406,0.21508576415661723,0.1318090415847457,0.13428881658227934,0,1,0
6.626626626626627,0.010260842947873026,-0.0879495651113943,0.9970839156920626,-0.007836008983049305,-0.001060891769226478,0.20727046320554637,0.13190795837926816,0.13459394495397176,0,1,0
6.646646646646647,0.008482413804271071,-0.08892145718009774,0.996955318349414,-0.006429867132426734,0.003084470641129768,0.20726812051781235,0.13193346960264932,0.13434968849180562,0,1,0
6.666666666666667,0.006700889344547636,-0.08907622298617175,0.9968516544622436,-0.005183194358520132,0.007067370371606204,0.19914498652382176,0.13242306964139858,0.13465174870697344,0,1,0
6.686686686686687,0.004932617861517637,-0.08841357415149992,0.9967846357288498,-0.0033509366696866626,0.010816915878951748,0.1874772753672772,0.13281563703095023,0.13486291243973428,0,1,0
6.706706706706707,0.0031933638514965524,-0.08696270050105422,0.9967631260996244,-0.0010754814612729665,0.014298653593843746,0.1740868857446,0.132957506911252,0.1348562839451617,0,1,0
6.726726726726727,0.0014979922411110028,-0.08476858051927748,0.9967889960725216,0.0012934986448612283,0.017442598609922155,0.1571972508039202,0.1329794095651928,0.13475254428798472,0,1,0
6.746746746746747,-0.00013975580055729958,-0.08188740208341512,0.9968608599005362,0.003593191400728228,0.020253120235675312,0.14052608128765845,0.1330877220170714,0.13471315931854244,0,1,0
6.766766766766767,-0.0017074348118768193,-0.07838395056597598,0.9969795406756593,0.005934038756155786,0.02269059538008466,0.12187375722046682,0.13288678933971682,0.1344183751303352,0,1,0
6.786786786786787,-0.003194088658012342,-0.07433269230677614,0.9971374857995392,0.007897256193994132,0.02476371950138483,0.1036562060650088,0.13286217560803357,0.134255787754083,0,1,0
6.806806806806807,-0.004590194016756958,-0.06980526793723082,0.9973317153933241,0.009711479689245624,0.02648515926932798,0.08607198839715768,0.13290850773829768,0.1341722971425051,0,1,0
6.826826826826827,-0.00588763270208222,-0.06487193426626306,0.9975614844909383,0.01148845488070761,0.027885128724828998,0.06999847277505054,0.13295796467576662,0.1340382554205877,0,1,0
6.846846846846847,-0.007079673505794046,-0.05960204018559133,0.9978253659070285,0.013194070804514083,0.028902483746367842,0.05086775107694226,0.13279640254896874,0.133729547466911,0,1,0
6.866866866866867,-0.008161081245354636,-0.05407038697802956,0.998116244864635,0.014543947880322261,0.029623354678795982,0.036043546621407206,0.13270661744058984,0.13342298540699216,0,1,0
6.886886886886887,-0.009128019686581106,-0.04834692206132349,0.9984281379619272,0.015594654864607198,0.029892340905060065,0.013449311313204437,0.13215364542433944,0.13279732850039178,0,1,0
6.906906906906907,-0.009978260630564171,-0.042512047199153295,0.9987435085328604,0.01576852854666234,0.029834961662535815,-0.0028689621262131607,0.1320279321123962,0.13254786007448405,0,1,0
6.926926926926927,-0.010710985407958623,-0.03663623886972258,0.9990567693981419,0.015663043264074788,0.02948786296121452,-0.01735493506606421,0.13203367620922749,0.13238018354780595,0,1,0
6.946946946946947,-0.01132654476635293,-0.030777967919715352,0.9993655293419538,0.015437997190594181,0.02881686065020679,-0.0335501155503868,0.13154681335288426,0.1317772348655243,0,1,0
6.966966966966967,-0.011826869320809758,-0.025016227722841372,0.9996536903509393,0.01440805044927574,0.02791300120743364,-0.045192972138657424,0.13141209737070447,0.13147551509178587,0,1,0
6.986986986986987,-0.01221482249641538,-0.01939765878028113,0.9999148656943395,0.013058767170010508,0.026759385424256533,-0.05768078915885552,0.13107550226560527,0.13094919502916622,0,1,0
7.007007007007007,-0.012494366197224742,-0.01397718504046809,1.0001363762604445,0.011075528305248751,0.02537063326218537,-0.06943760810355841,0.131007940249247,0.13069500579999704,0,1,0
7.027027027027027,-0.012670158972321191,-0.008789638754822509,1.0003135794712668,0.008860160541108428,0.023702580583971098,-0.0834026339107137,0.13133119400829482,0.13070737811563474,0,1,0
7.047047047047047,-0.012747544541157623,-0.0038692784418215805,1.0004515862908345,0.00690034097839093,0.021675088793364914,-0.10137458953030881,0.13149416923076004,0.1309131646013484,0,1,0
7.067067067067067,-0.012732966327676256,0.0007289106740683863,1.00055601719108,0.0052215450122633025,0.019514180950051637,-0.10804539216566392,0.13154561306042345,0.13088125055951771,0,1,0
7.087087087087087,-0.012634347994307056,0.004930916668460004,1.0006273402501393,0.0035661529529739415,0.017249796469512718,-0.11321922402694597,0.13177323194259016,0.13103883743193268,0,1,0
7.107107107107107,-0.01246002995829264,0.008715901800720795,1.0006714341405514,0.0022046945206018816,0.014926997024896211,-0.11613997223082528,0.13179604390411348,0.13097225049998926,0,1,0
7.127127127127127,-0.012218929225008984,0.012055036664182821,1.0006878124946779,0.0008189177063257817,0.01264971584907467,-0.11386405879107722,0.13189713256626703,0.1309378530565011,0,1,0
7.147147147147147,-0.011920148390653213,0.014939041717788506,1.000677608690971,-0.0005101901853465964,0.010456584978517142,-0.10965654352787645,0.13200739436197864,0.13089637856828668,0,1,0
7.167167167167167,-0.011572642574020877,0.017375290831616763,1.0006419639820232,-0.0017822354473867926,0.008422010765272487,-0.10172871066223266,0.1324424797822176,0.13113529873316518,0,1,0
7.187187187187187,-0.011184862768326233,0.019388990284732222,1.0005909617742192,-0.0025501103902003004,0.006416067493309541,-0.10029716359814737,0.13271340355072195,0.13130495646980492,0,1,0
7.207207207207207,-0.010764761796475222,0.02100504859255056,1.0005312039609295,-0.002987890664490236,0.004480089007813547,-0.09679892427479962,0.13289892189105199,0.13137429355623478,0,1,0
7.227227227227227,-0.01032022570201109,0.022226804723206598,1.0004665243097235,-0.0032339825603052786,0.002645465150650735,-0.09173119285814064,0.13206105841842258,0.13022657660261433,0,1,0
7.247247247247247,-0.009859080863460826,0.02305724192751317,1.0003675484038799,-0.004948795292175688,0.0008862004774175948,-0.087963233661657,0.13265277807470433,0.13074910962309064,0,1,0
7.267267267267267,-0.009388451292663236,0.02353147853987951,1.0002508090312383,-0.005836968632072849,-0.0007782515036365535,-0.08322259905270743,0.1331594742146447,0.13119145864868484,0,1,0
7.287287287287287,-0.00891522623815186,0.023661252725568852,1.000130378237251,-0.006021539699358925,-0.0023288978268120003,-0.0775323161587723,0.13338182161282583,0.1313736778784531,0,1,0
7.307307307307307,-0.008445994381064763,0.023461592854354795,1.0000122499516095,-0.0059064142820729575,-0.003671692644280631,-0.06713974087343155,0.1335758376509099,0.131465088710673,0,1,0
7.327327327327327,-0.00798686165001643,0.02295663655241671,0.9999006432600724,-0.005580334576853594,-0.004861967447707215,-0.0595137401713292,0.13367815871387764,0.13152447980680304,0,1,0
7.347347347347347,-0.007543139378127577,0.022186113594442624,0.9997979380630682,-0.005135259850216492,-0.005876355577787873,-0.05071940650403288,0.13376732685380882,0.1315611424273315,0,1,0
7.367367367367367,-0.007119573217326538,0.02117830804005191,0.9997059785441917,-0.004597975943822976,-0.006641120341888465,-0.03823823820502954,0.13387431004080344,0.1315660909474461,0,1,0
7.387387387387387,-0.006720219748429932,0.019967673444830313,0.9996264015137086,-0.003978851524155445,-0.0071232717718577076,-0.02410757149846214,0.13404482570516224,0.13161472301772206,0,1,0
7.407407407407407,-0.006348134842625652,0.018604245290214004,0.9995624347107273,-0.0031983401490668206,-0.007368493269744138,-0.012261074894321515,0.1340150727099716,0.13148674562878837,0,1,0
7.4274274274274275,-0.006005226029357652,0.01714544066339998,0.999511728388535,-0.0025353161096132717,-0.0074041926076285885,-0.0017849668942226098,0.13498539587963335,0.13309016629746526,0,1,0
7.4474474474474475,-0.005692756768110635,0.015623463062350858,0.9995124040614515,3.3783645825740446e-05,-0.006689335492428557,0.035742855760001635,0.1344485564880229,0.132086701496222,0,1,0
7.4674674674674675,-0.005410700222922548,0.014102827259404361,0.9995416419863766,0.0014618962462558923,-0.005596554326415745,0.05463905830064067,0.13417514262769345,0.1315435651580993,0,1,0
7.4874874874874875,-0.005156190066908983,0.012725507800678238,0.9995873652849705,0.002286164929693962,-0.004269736821152772,0.06634087526314861,0.13401308466517392,0.1311855856076975,0,1,0
7.5075075075075075,-0.004924843654837129,0.011567320603592723,0.9996418962440711,0.0027265479550277723,-0.002938375112093344,0.0665680854529714,0.13386803699625863,0.1309822750881702,0,1,0
7.5275275275275275,-0.0047114602492362625,0.010669170280043341,0.9997000997645211,0.002910176022502927,-0.0015831637819630788,0.06776056650651326,0.13379954370911926,0.13083812227815844,0,1,0
7.5475475475475475,-0.004510806327413697,0.010032696091128295,0.999758844374466,0.002937230497247174,-0.0002653142856980368,0.0658924748132521,0.1337127316094834,0.13072132843241008,0,1,0
7.5675675675675675,-0.004317556842012897,0.009662474270039972,0.9998151257051843,0.002814066535913061,0.0009776328972342047,0.062147359146612076,0.13366765961572064,0.13067085675720955,0,1,0
7.587587587587588,-0.004126502276231519,0.009552728289068913,0.9998675330665591,0.0026203680687392292,0.002051992953685171,0.05371800282254836,0.1336005451231641,0.13066993317562867,0,1,0
7.607607607607608,-0.003932747527728485,0.009687737425151674,0.9999150567539845,0.0023761843712748385,0.0029557807517764543,0.045189389904564115,0.13351447493777988,0.13066961454873766,0,1,0
7.627627627627628,-0.0037320748759429633,0.010033632589276111,0.9999564105642252,0.002067690512038856,0.0037304998833857343,0.03873595658046404,0.1331286768412811,0.13019163200263484,0,1,0
7.647647647647648,-0.0035209915523583594,0.01055416617923019,0.999978788945983,0.0011189190878916563,0.004315364578106351,0.029243234736030833,0.13319227974475364,0.1303761448901877,0,1,0
7.667667667667668,-0.003296475035867214,0.011225825824557273,0.9999858575595191,0.0003534306768007607,0.004832966145286788,0.025880078359021872,0.13327672949899524,0.13051795669405472,0,1,0
7.687687687687688,-0.003056160086531818,0.012015747466769778,0.9999809592094335,-0.00024491750427603227,0.005199877668374642,0.018345576154392727,0.13335758016403979,0.13071617331418145,0,1,0
7.707707707707708,-0.0027979606158764635,0.012909973532767745,0.9999682189248994,-0.0006370142267049816,0.005426464944908153,0.011329363826675497,0.133268959086605,0.13075403805027871,0,1,0
7.727727727727728,-0.0025204132318236653,0.013877369202639909,0.9999468775695795,-0.0010670677659978534,0.005552396001721681,0.006296552840676356,0.13318863150885657,0.13077339145007583,0,1,0
7.747747747747748,-0.0022225679057270064,0.014892266304832934,0.9999160271266556,-0.0015425221461922256,0.005524970430095573,-0.001371278581305392,0.13302650291736448,0.13076430245952464,0,1,0
7.767767767767768,-0.0019038778198811625,0.015934504292292193,0.9998731283751481,-0.00214493757537952,0.005334566317939511,-0.009520205607803041,0.13310588082630528,0.13101127587221711,0,1,0
7.787787787787788,-0.0015644008589138958,0.01697384804836333,0.9998230166692892,-0.0025055852929457005,0.005071645884946682,-0.013146021649641404,0.1330336735838024,0.13107106462759524,0,1,0
7.807807807807808,-0.0012047845634726852,0.01798081477206053,0.9997655120793874,-0.0028752294950932684,0.004651887650997407,-0.020987911697463738,0.1329672298454738,0.13121760490705991,0,1,0
7.827827827827828,-0.0008260290409621298,0.018937776125527765,0.9997018065581159,-0.0031852760635727125,0.0042020614667575866,-0.022491309211991092,0.1332596966289334,0.13152561756424677,0,1,0
7.847847847847848,-0.0004296849735067003,0.019817203372771475,0.9996408039881551,-0.0030501284980369798,0.00363660163665476,-0.028272991505141298,0.1332602945433712,0.131735253817533,0,1,0
7.867867867867868,-1.7399500081913082e-05,0.020614273671239358,0.9995856267338784,-0.0027588627138346792,0.0029215648570263346,-0.0357518389814213,0.13320999849819978,0.13192891722186958,0,1,0
7.887887887887888,0.0004086662934878226,0.021303289678486784,0.9995384074426826,-0.0023609645597892875,0.0021535712706723235,-0.03839967931770056,0.1332317019669966,0.13217916584715522,0,1,0
7.907907907907908,0.000845791090773343,0.02185623986427602,0.9995031842270758,-0.0017611607803396042,0.0013697734863236284,-0.03918988921743476,0.1330415253823133,0.13216947048235397,0,1,0
7.927927927927928,0.0012909770694366806,0.02225929893316688,0.999477003690846,-0.0013090268114892337,0.0006599654995069766,-0.03549039934083257,0.13294073501140388,0.13220003567292166,0,1,0
7.947947947947948,0.0017412463877891143,0.022513465917621683,0.9994588308871389,-0.0009086401853553275,-6.963708395594189e-05,-0.03648012917314593,0.13270905896107676,0.13218441287815916,0,1,0
7.967967967967968,0.002193830565786504,0.02262920889986949,0.99944500495975,-0.0006912963694506205,-0.0006887431200868106,-0.030955301806543437,0.13254029175269838,0.13214145575254607,0,1,0
7.987987987987988,0.0026460224581604476,0.02260959461869718,0.9994323900970051,-0.0006307431372426627,-0.0013971136626558334,-0.035418527128451144,0.13227587924529624,0.13213579692852964,0,1,0
8.008008008008009,0.003095426066362505,0.022470180410102868,0.9994169843225525,-0.0007702887226276851,-0.0020434353968416183,-0.03231608670928926,0.13212532304993915,0.13212110009550782,0,1,0
8.028028028028029,0.0035393305261846243,0.02219522299110596,0.9993963365518138,-0.0010323885369391277,-0.0026357304767251253,-0.029614753994175326,0.13271762093789977,0.1330096840657589,0,1,0
8.048048048048049,0.003975285934817352,0.021797770431636387,0.9993923813768474,-0.0001977587483208052,-0.0031781283253660172,-0.02711989243204464,0.13276130414391674,0.13317496988745373,0,1,0
8.068068068068069,0.004400997443161856,0.02128557541722521,0.9994082091691738,0.000791389616320152,-0.003660065221507932,-0.024096844807095702,0.13233070673530897,0.13283634659666857,0,1,0
8.088088088088089,0.004814437881079729,0.020672021895893605,0.9994324179122149,0.0012104371520533174,-0.004149710488010177,-0.024482263325112268,0.13204614133112103,0.13268455608199245,0,1,0
8.108108108108109,0.005213827816248392,0.01996949675843314,0.9994585366439764,0.0013059365880778522,-0.004714591806577056,-0.028244065928343914,0.1319185012782104,0.13273510960798454,0,1,0
8.128128128128129,0.005597296770121954,0.019173447693678132,0.9994854158529087,0.0013439604466123675,-0.0052991498521273855,-0.02922790227751653,0.1317889319656482,0.13276723264508206,0,1,0
8.148148148148149,0.00596275307022454,0.018272815005129322,0.9995116020903079,0.001309311869958471,-0.005998193486539971,-0.034952181720629256,0.131716104247122,0.13291290743268516,0,1,0
8.168168168168169,0.00630794255616606,0.01725947429707599,0.9995381630857263,0.0013280497709200697,-0.006719095404719767,-0.036045095908989716,0.1316549193004899,0.1330039900651432,0,1,0
8.188188188188189,0.0066301800509094505,0.016111874737169525,0.9995655262794819,0.0013681596877839917,-0.007451848883107868,-0.03663767391940507,0.13158666387296633,0.13308422065825865,0,1,0
8.208208208208209,0.006926710556614689,0.014826525285261932,0.9995938511044326,0.0014162412475324253,-0.008217844432150843,-0.03829977745214876,0.13152708549783182,0.13318638309606767,0,1,0
8.228228228228229,0.007194713495915846,0.013400146965057827,0.999623748060518,0.0014948478042746286,-0.008998022218507474,-0.03900888931783149,0.1336833653428014,0.1341414358171438,0,1,0
8.248248248248249,0.007430872436149407,0.011807947011678083,0.999701285871553,0.0038768905517527477,-0.01088112899343866,-0.09415533874655932,0.13138751491992065,0.13275428384073118,0,1,0
8.268268268268269,0.0076326392787117985,0.010088342128119574,0.9997718771017164,0.003529561508170831,-0.013249068394781238,-0.11839697006712874,0.13136230885408326,0.13331892771374296,0,1,0
8.288288288288289,0.007792609545401056,0.00799851333446287,0.9998434397056543,0.0035781301968915496,-0.015728619441902084,-0.1239775523560425,0.13140711812135056,0.1337638561415078,0,1,0
8.308308308308309,0.00790148140324962,0.005443592892428194,0.9999231163960635,0.0039838345204606124,-0.018151727862310545,-0.12115542102042287,0.1312952554057495,0.13396251065152318,0,1,0
8.328328328328329,0.007949539045302047,0.0024028821026213835,1.0000120516900974,0.004446764701699311,-0.02035537311121475,-0.11018226244521001,0.13110907271793434,0.1339930604469995,0,1,0
8.348348348348349,0.007927301282186883,-0.0011118881557582302,1.0001077789951855,0.004786365254407364,-0.022162076283765153,-0.09033515862752046,0.13090881621600364,0.13388465728453755,0,1,0
8.368368368368369,0.007826302490623912,-0.005049939578148543,1.0002055598998285,0.004889045232152129,-0.023680573802045673,-0.07592487591402594,0.13065938810736094,0.13377978990349568,0,1,0
8.388388388388389,0.0076395533435660475,-0.009337457352893198,1.0002999962120194,0.0047218156095444105,-0.024757246751110965,-0.053833647453264535,0.1304458769035504,0.1336028099466605,0,1,0
8.408408408408409,0.007361279737492675,-0.013913680303668657,1.0003851681549487,0.004258597146463804,-0.025432984775601873,-0.03378690122454546,0.13025292948466785,0.1334492448489318,0,1,0
8.428428428428429,0.006987458331085774,-0.01869107032034507,1.000455841788632,0.00353368168415959,-0.025792430492941287,-0.01797228586697045,0.1272841812428439,0.13168192530786443,0,1,0
8.448448448448449,0.006517227821524757,-0.023511525478050865,1.0004418095952403,-0.0007016096695792707,-0.024862026894761437,0.046520179908991995,0.12711782025314294,0.13089237055233105,0,1,0
8.468468468468469,0.005949604981854239,-0.02838114198352588,1.0003288792535763,-0.005646517083205939,-0.02319841736033631,0.08318047672125686,0.1285476034193571,0.13197629548957157,0,1,0
8.488488488488489,0.005287242360706211,-0.033118131057401426,1.0001543694376964,-0.008725490793992652,-0.021122614984278046,0.10379011880291286,0.12946549105817054,0.13268828873707586,0,1,0
8.508508508508509,0.0045359810327492405,-0.03756306639784852,0.9999425743145393,-0.010589756157857505,-0.01876449495437648,0.11790600149507818,0.13022102028739188,0.1332762910615433,0,1,0
8.528528528528529,0.0037034403231440164,-0.04162703548026119,0.999713572256766,-0.011450102888660664,-0.016218610691074508,0.1272942131650986,0.13081366693585134,0.13373791067171004,0,1,0
8.548548548548549,0.002798553214942855,-0.045244355410058085,0.999483162848466,-0.011520470415003899,-0.013632780878305448,0.12929149063845302,0.1311295803417201,0.13397780030091283,0,1,0
8.568568568568569,0.0018311707093341394,-0.04836912528043577,0.9992597536482023,-0.011170460013182951,-0.011082773801995915,0.12750035381547678,0.13137597261932432,0.134176772947776,0,1,0
8.588588588588589,0.0008113467011444924,-0.050991200409482344,0.9990500936197902,-0.01048300142060066,-0.0085849732459132,0.12489002780413579,0.1315418223301615,0.13429651658585898,0,1,0
8.608608608608609,-0.0002509728311808643,-0.05311597661626783,0.998858537486252,-0.009577806676913119,-0.0061018287709430664,0.12415722374850673,0.13169823256580857,0.13435963261494438,0,1,0
8.62862862862863,-0.0013459413781043397,-0.05474842734617377,0.9986884341049175,-0.008505169066722239,-0.003780184958133362,0.11608219064048514,0.13185186594549628,0.13456236445745712,0,1,0
8.64864864864865,-0.002463889412423239,-0.055897401715944955,0.9985451347355705,-0.007164968467348445,-0.0014156005428320262,0.11822922076506681,0.13206442825950476,0.13462126997642884,0,1,0
8.66866866866867,-0.003595697165834668,-0.056590387670571445,0.9984327063706054,-0.005621418248250917,0.0009235309620210525,0.11695657524265393,0.13204266830532096,0.1344605325470986,0,1,0
8.68868868868869,-0.004732064860217652,-0.056818384719149184,0.9983484696178814,-0.004211837636203106,0.003215318262918473,0.114589365044871,0.13200967052406112,0.13429721645945694,0,1,0
8.70870870870871,-0.0058637970511414604,-0.05658660954619044,0.9982895183972417,-0.0029475610319827737,0.00542732931796828,0.11060055275249041,0.13210559642242853,0.13425886894518366,0,1,0
8.72872872872873,-0.006981893444111707,-0.055904819648512336,0.9982566870061533,-0.0016415695544170843,0.007537328870351523,0.1054999776191621,0.13207643692542934,0.13409615564034072,0,1,0
8.74874874874875,-0.008077659900011835,-0.054788322795006394,0.9982470952061507,-0.0004795900001290244,0.0094756062867097,0.09691387081790878,0.13195617027689607,0.13390045267775078,0,1,0
8.76876876876877,-0.009142876027827259,-0.053260806390771215,0.9982560081640252,0.0004456478937190009,0.011306018275216127,0.09152059942532133,0.13178499514558906,0.13359394798517524,0,1,0
8.78878878878879,-0.010170010953763102,-0.05135674629679216,0.9982762845206422,0.0010138178308521481,0.01298945013563287,0.08417159302083718,0.13192970091202416,0.13361547925319417,0,1,0
8.80880880880881,-0.011151881464925727,-0.04909352555813129,0.9983103121150425,0.0017013797200125425,0.014505454845996038,0.0758002355181583,0.13208171133001181,0.133654876388048,0,1,0
8.82882882882883,-0.012081912566196729,-0.046501555063550075,0.9983608459275483,0.0025266906252899143,0.015925566050710657,0.07100556023573086,0.13191229577545627,0.13349617703470384,0,1,0
8.84884884884885,-0.012954238127263401,-0.04361627805333359,0.9984229434620916,0.003104876727168225,0.017318096608497733,0.0696265278893539,0.13181668030789578,0.1331504481947183,0,1,0
8.86886886886887,-0.013763471794167925,-0.040461683345226186,0.9984899821558514,0.003351934687990149,0.018661411608782496,0.06716575001423807,0.13218134283437388,0.13326612893392792,0,1,0
8.88888888888889,-0.014504085212453124,-0.03703067091425995,0.9985689862826304,0.0039502063389496465,0.019872592491637843,0.06055904414276752,0.1323581464393145,0.13323173546017522,0,1,0
8.90890890890891,-0.0151708217541176,-0.03333682708322375,0.99866197022617,0.004649197176983677,0.020906906749714873,0.05171571290385144,0.13232753861886667,0.1330177647410349,0,1,0
8.92892892892893,-0.015759082493622643,-0.029413036975252237,0.9987652195031849,0.005162463850743551,0.021798200741951507,0.04456469961183173,0.13237702491216005,0.13282174647527895,0,1,0
8.94894894894895,-0.016264931940165206,-0.02529247232712811,0.9988764808464641,0.0055630671639607665,0.022512210948813234,0.035700510343086356,0.13234205672226665,0.13256204592403195,0,1,0
8.96896896896897,-0.016685018118921244,-0.021004308937801825,0.9989913150640481,0.0057417108792056385,0.022972836685191837,0.02303128681893008,0.13223327793785317,0.13227223482276768,0,1,0
8.98898898898899,-0.017016711046220802,-0.0165846463649779,0.9991037565400283,0.005622073799003121,0.023109457247140645,0.0068310280974407805,0.13225810870870078,0.1321854800613995,0,1,0
9.00900900900901,-0.017258337101279334,-0.012081302752926699,0.9992128470771183,0.005454526854501261,0.023044422672721908,-0.0032517287209371977,0.1324830376049459,0.13221168140810968,0,1,0
9.02902902902903,-0.017409352336256706,-0.007550761748868593,0.9993222937985985,0.005472336074008185,0.022767341887335472,-0.013854039269321695,0.13293322373361147,0.13326556562579567,0,1,0
9.04904904904905,-0.017469544608762398,-0.003009613625284668,0.9994543791965799,0.006604269899067801,0.022850485589532607,0.0041571851098567425,0.1324118541312543,0.13223128102611179,0,1,0
9.06906906906907,-0.017440627083818397,0.0014458762472000135,0.9995860875425592,0.006585417298968204,0.023068700812457182,0.01091076114622871,0.13243625122909244,0.13185382839190005,0,1,0
9.08908908908909,-0.017322478215883366,0.005907443396751633,0.999712182315089,0.006304738626488739,0.023264093301074287,0.00976962443085536,0.1325595413713815,0.13165069871379492,0,1,0
9.10910910910911,-0.017114353881089995,0.01040621673966847,0.9998314614059484,0.005963954542967912,0.02333516362520277,0.0035535162064240363,0.13264404365562563,0.13148072176915487,0,1,0
9.12912912912913,-0.01681557632933648,0.014938877587675802,0.9999426411502119,0.005558987213177208,0.02318907881731795,-0.007304240394241233,0.13271567186881147,0.13137718490721048,0,1,0
9.14914914914915,-0.016425901009476145,0.019483765993016728,1.0000452424769257,0.005130066335695676,0.022729058236028468,-0.02300102906447421,0.1327100678838555,0.13129685724060422,0,1,0
9.16916916916917,-0.015946028854462935,0.023993607750660464,1.0001380059612337,0.004638174215396089,0.02208829402272761,-0.03203821066504249,0.13273537220010678,0.13117620387865542,0,1,0
9.18918918918919,-0.015377896116324598,0.028406636906916864,1.0002195606947588,0.004077736676258208,0.021353376149984435,-0.036745893637159036,0.13280532821343027,0.13107708105099666,0,1,0
9.20920920920921,-0.014724046276436678,0.032692491994395986,1.0002895308168285,0.0034985061034797306,0.020445667126329413,-0.045385451182751085,0.13281594331702162,0.1309833342601572,0,1,0
9.22922922922923,-0.013987443637573364,0.03683013194316566,1.0003467474281262,0.002860830564885825,0.01940834984407064,-0.05186586411293882,0.1320653842900626,0.12956574287998124,0,1,0
9.24924924924925,-0.013172344841384541,0.040754939809441164,1.0003591706299306,0.0006211600902184763,0.017810666261252776,-0.07988417914089294,0.13196360805380442,0.12965431693669016,0,1,0
9.26926926926927,-0.012282849889178379,0.044474747610308084,1.000326684985635,-0.0016242822147810973,0.01595220510638391,-0.09292305774344346,0.13246497297409524,0.13020943906155283,0,1,0
9.28928928928929,-0.011324920971242327,0.04789644589680264,1.0002650549023835,-0.0030815041625775388,0.013971762474927443,-0.09902213157282325,0.1328409604753768,0.13059088637809066,0,1,0
9.30930930930931,-0.010305659296308523,0.0509630837466902,1.0001856222922894,-0.003971630504710877,0.011968292927905128,-0.1001734773511158,0.13315072358396182,0.13086527341866933,0,1,0
9.32932932932933,-0.009232696745734329,0.05364812752870974,1.0000971560247298,-0.004423313377982308,0.009960796376117397,-0.1003748275893865,0.13338498989418873,0.1310745821653642,0,1,0
9.34934934934935,-0.008113877386821403,0.055940967945646305,1.0000063287451166,-0.004541363980663701,0.008097156655119262,-0.09318198604990667,0.13357844895631188,0.13116385433681513,0,1,0
9.36936936936937,-0.006956989438755459,0.05784439740329717,0.9999174150932321,-0.004445682594231154,0.006226736798777508,-0.09352099281708778,0.13372238816563087,0.1313082632839049,0,1,0
9.38938938938939,-0.005769398186666315,0.05937956260445725,0.9998347527490417,-0.004133117209521007,0.0045247964691018565,-0.08509701648378251,0.13382726842368503,0.1313202237391088,0,1,0
9.40940940940941,-0.004558462839108426,0.06054676737789441,0.9997601252492486,-0.0037313749896533666,0.002967340324862377,-0.077872807211974,0.13389812348912233,0.13131920997621196,0,1,0
9.42942942942943,-0.0033308969185796423,0.06137829602643918,0.9996946032082539,-0.0032761020497360915,0.0015601300564158193,-0.07036051342232785,0.13221544414775632,0.1291045146010849,0,1,0
9.44944944944945,-0.0020930066848425183,0.06189451168685619,0.9995804709194721,-0.005706614439086469,-9.270744075148589e-05,-0.08264187485836529,0.13236427122065633,0.12946939835863785,0,1,0
9.46946946946947,-0.0008502221800666605,0.06213922523879289,0.9994253512370167,-0.007755984122772056,-0.0018300589616188378,-0.08686757604336759,0.1332775940479652,0.1305207558477792,0,1,0
9.48948948948949,0.0003910305041879517,0.06206263421273061,0.9992583552399259,-0.008349799854539004,-0.0035186933853136,-0.08443172118473811,0.1339373929680655,0.13126440825371474,0,1,0
9.50950950950951,0.0016238912030001435,0.06164303494060959,0.9991002682372964,-0.007904350131477946,-0.005029592821581774,-0.07554497181340863,0.1342338306609622,0.13157457976964976,0,1,0
9.52952952952953,0.0028416979069839175,0.06089033519918871,0.9989600592334571,-0.0070104501919618575,-0.006360017867711413,-0.06652125230648195,0.1345263802315957,0.13186240540756708,0,1,0
9.54954954954955,0.0040384949915956096,0.05983985423058462,0.9988463008407856,-0.005687919633574371,-0.007586010138586583,-0.061299613543758555,0.1345190802114167,0.1319468764542642,0,1,0
9.56956956956957,0.00520897343260057,0.05852392205024804,0.9987601064100828,-0.004309721535140425,-0.008535556433916047,-0.0474773147664732,0.13446522497876082,0.1318613895218021,0,1,0
9.58958958958959,0.0063483204768489485,0.05696735221241893,0.9986993779247912,-0.00303642426458175,-0.009255833309556222,-0.036013843782008725,0.1345336148370578,0.13190378373591236,0,1,0
9.60960960960961,0.007452832105114697,0.05522558141328742,0.9986657263711612,-0.0016825776815016242,-0.009876365979215965,-0.031026633482987277,0.1343479068849488,0.13183009934064846,0,1,0
9.62962962962963,0.008519711361822585,0.053343962835394436,0.9986552837732672,-0.0005221298947044172,-0.01032774711192518,-0.02256905663546053,0.13479789551795393,0.13254348191458112,0,1,0
9.64964964964965,0.009546349341287945,0.051331898973268016,0.9986852610116892,0.0014988619210999962,-0.010415067567477327,-0.004366022777607444,0.1347531092831966,0.13243844205756203,0,1,0
9.66966966966967,0.010531001509634267,0.04923260841731609,0.9987534204993948,0.0034079743852799774,-0.010225366149139168,0.009485070916907925,0.1344247881160779,0.13204293391345323,0,1,0
9.68968968968969,0.011473479205894753,0.047123884813024305,0.998849035835979,0.004780766829209451,-0.009899476052081874,0.016294504852864766,0.1335129305787548,0.13119032639517386,0,1,0
9.70970970970971,0.01237484615807651,0.04506834760908791,0.9989459758934223,0.004847002872167363,-0.009481497243869234,0.020898940410631832,0.13375195724683708,0.13145089081881117,0,1,0
9.72972972972973,0.013236345193135608,0.043074951752954886,0.9990516545180034,0.005283931229053384,-0.009027550488574385,0.022697337764742722,0.13339814424380517,0.13119816437288082,0,1,0
9.74974974974975,0.014059739126323694,0.04116969665940434,0.999157102257574,0.005272386978532372,-0.008524938744791316,0.025130587189153446,0.13281105735751006,0.1307016830707356,0,1,0
9.76976976976977,0.014847021562021896,0.03936412178491009,0.9992462833719007,0.004459055716334129,-0.00803455881443306,0.02451899651791273,0.13279021480907277,0.13083626476736052,0,1,0
9.78978978978979,0.015600187224794254,0.037658283138617916,0.9993209000441907,0.0037308336145038066,-0.007522539720650097,0.025600954689148227,0.1322428361793957,0.13042169508879853,0,1,0
9.80980980980981,0.016321340482634655,0.036057662892020045,0.9993667175057097,0.002290873075949121,-0.007026514967588437,0.024801237653083043,0.13264113421860815,0.1309705782226384,0,1,0
9.82982982982983,0.017012401479803152,0.03455304985842488,0.9993977831711848,0.0015532832737543169,-0.006490186685743439,0.02681641409224988,0.132494684561024,0.13081633195443132,0,1,0
9.84984984984985,0.01767541772186934,0.03315081210330942,0.9994096564878888,0.0005936658352010823,-0.006072209624183959,0.020898853077973987,0.13286964815561322,0.13143897768417176,0,1,0
9.86986986986987,0.018312437052137455,0.03185096651340577,0.9994171306814256,0.0003737096768388622,-0.005673968538934445,0.01991205426247567,0.13275324140321815,0.13151528368202767,0,1,0
9.88988988988989,0.01892517383124862,0.030636838955558136,0.9994196219576498,0.000124563811209579,-0.005284146718551148,0.019491091019164804,0.1327683849061505,0.13170068539213114,0,1,0
9.90990990990991,0.019515250111710153,0.029503814023076707,0.9994201104659005,2.4425412536755676e-05,-0.004920321768624781,0.018191247496318372,0.13259585752056768,0.13169233812283343,0,1,0
9.92992992992993,0.020084265268059398,0.02845075781746221,0.999415924987443,-0.0002092739228752337,-0.004562734498165005,0.01787936352298877,0.13279144541661728,0.13200641056171658,0,1,0
9.94994994994995,0.02063369711256495,0.027471592225277577,0.9994146232225288,-6.508824570905335e-05,-0.004290973329977796,0.013588058409360441,0.13255938742115211,0.13193438727515958,0,1,0
9.96996996996997,0.021165014553252547,0.02656587203437995,0.9994117069615134,-0.00014581305077047507,-0.004064861961848569,0.011305568406461356,0.13252225730790643,0.13201255390464997,0,1,0
9.98998998998999,0.021679374666930408,0.02571800568389295,0.9994077888612242,-0.00019590501445903712,-0.0039749235527173805,0.004496920456559402,0.13242860238673193,0.1320609655872312,0,1,0
10.01001001001001,0.022177736946551996,0.024918113981079477,0.999402202359199,-0.0002793251012624657,-0.00404365554275749,-0.003436599502005539,0.1323942554677269,0.13217775587231606,0,1,0
10.03003003003003,0.022660519831157754,0.024139144230287898,0.9993961702456422,-0.0003016056778376786,-0.004286774679614194,-0.012155956842835061,0.1319470109388919,0.1319280949609904,0,1,0
10.05005005005005,0.02312758275825368,0.023353146354796246,0.99937936699982,-0.0008401622911093368,-0.004714067174152673,-0.021364624726924,0.13309714843572965,0.1333173769331859,0,1,0
10.07007007007007,0.02357787397359526,0.022514560767079018,0.9993894093465574,0.0005021173368706047,-0.005249714480535519,-0.026782365319142375,0.13254417963356843,0.13294041358082295,0,1,0
10.09009009009009,0.024009845096079632,0.021598556124218595,0.9994125130764585,0.0011551864950554978,-0.0058938662285580165,-0.032207587401124706,0.13216587546846922,0.1327440436742559,0,1,0
10.11011011011011,0.02442152394730906,0.020583942561471485,0.9994401541212984,0.0013820522419951823,-0.006674181317488474,-0.039015754446523,0.1318438241142448,0.13262729040256632,0,1,0
10.13013013013013,0.02481051061228529,0.019449333248811318,0.9994658176991219,0.0012831788911780836,-0.007599456233413809,-0.04626374579626671,0.1315534718872179,0.132568683329586,0,1,0
10.15015015015015,0.025173823337467153,0.018165636259093135,0.999484314945361,0.0009248623119564505,-0.008563397044121747,-0.048197040535396855,0.13149824704870655,0.13267249932938285,0,1,0
10.17017017017017,0.02550793982499577,0.016705824376430787,0.9994963398694569,0.0006012462047900793,-0.009638499011291615,-0.053755098358493486,0.13161653897572512,0.13300133795619237,0,1,0
10.19019019019019,0.025809084618240014,0.01505723966221215,0.999508485897889,0.0006073014216087058,-0.010759777645437353,-0.056063931707286706,0.1316782770597238,0.1332483355863268,0,1,0
10.21021021021021,0.02607304435696574,0.013197986936286158,0.9995252883235406,0.0008401212825816847,-0.011866233507504455,-0.055322793103355326,0.1316168243087623,0.13334997338040858,0,1,0
10.23023023023023,0.026295470771933598,0.011121320748393037,0.9995472975619496,0.0011004619204518246,-0.012940655156167633,-0.05372108243315877,0.13444524763804241,0.13362566849057853,0,1,0
10.25025025025025,0.02647152866981555,0.0088028948940976,0.9996204481803976,0.0036575309224001567,-0.016128437637054165,-0.1593891240443265,0.12819906175589402,0.1290177600848804,0,1,0
10.27027027027027,0.026599100478519638,0.006378590435204282,0.9995838993218876,-0.0018274429254977504,-0.0202506690871672,-0.2061115725056516,0.1306447623161517,0.1324773239396227,0,1,0
10.29029029029029,0.026664680436704325,0.0032789979092343255,0.999524948455731,-0.0029475433078305353,-0.02459513994401417,-0.21722354284234835,0.13197183939666157,0.13446344027946885,0,1,0
10.31031031031031,0.026651277926670207,-0.0006701255017059265,0.9994923775951248,-0.0016285430303147515,-0.028768548914939695,-0.20867044854627648,0.1326060908616635,0.13555796498902875,0,1,0
10.33033033033033,0.026541151007265222,-0.0055063459702492604,0.9995114060073648,0.0009514206120012118,-0.032464376829304115,-0.1847913957182209,0.13269817058231362,0.13592492720005067,0,1,0
10.35035035035035,0.026317568461014285,-0.011179127312546805,0.999588389164216,0.0038491578425604196,-0.03553717370784295,-0.15363984392694147,0.13239713882067294,0.1357956555559676,0,1,0
10.37037037037037,0.02596607213462889,-0.017574816319269743,0.9997165053255141,0.006405808064908063,-0.03791897717166323,-0.11909017319101325,0.13185171309804566,0.13534635388229316,0,1,0
10.39039039039039,0.0254750238634223,-0.02455241356032964,0.99988061206099,0.00820533677379046,-0.03961046030935924,-0.08457415688480086,0.13124284032509298,0.13479870209988756,0,1,0
10.41041041041041,0.024835637880829077,-0.03196929912966101,1.0000632417828514,0.009131486093069692,-0.04053730460330911,-0.046342214697493715,0.13060008780144514,0.1341206840540551,0,1,0
10.43043043043043,0.024042110717663826,-0.039676358158262565,1.000244584498415,0.009067135778170572,-0.04088896225406213,-0.017582882537651327,0.1282499923398712,0.1325963046388977,0,1,0
10.45045045045045,0.02309313599085707,-0.047448736340337694,1.000367142109967,0.006127880577603259,-0.04000410360127452,0.04424293263938129,0.12821735079752947,0.13211939752504667,0,1,0
10.47047047047047,0.021987664805852042,-0.055273559250251375,1.000423316746642,0.0028087318337617962,-0.03823907659523799,0.08825135030182586,0.12848472749899545,0.13208400543879167,0,1,0
10.49049049049049,0.02072901494684287,-0.06293249295045873,1.0004166804645374,-0.00033181410523244314,-0.035923561739064955,0.11577574280865188,0.12874542350402576,0.13218993834160647,0,1,0
10.51051051051051,0.01932377409105348,-0.07026204278946949,1.00035292731914,-0.0031876572698634146,-0.033156359637177626,0.13836010509436705,0.12898867154633417,0.13228543206719767,0,1,0
10.53053053053053,0.01778068884484688,-0.07715426231032997,1.0002374043119457,-0.0057761503597163096,-0.030020600115960226,0.1567879760608694,0.12929981867813645,0.13245791356296602,0,1,0
10.55055055055055,0.016110239418108116,-0.0835224713369382,1.0000776422603295,-0.007988102580819036,-0.026652099241498126,0.16842504372310504,0.12954232667376678,0.13261132652189947,0,1,0
10.57057057057057,0.014324400161641668,-0.08929196282332236,0.9998798880732461,-0.009887709354167025,-0.023114716057490835,0.1768691592003643,0.12985420819336727,0.13283264534580655,0,1,0
10.59059059059059,0.012436029057995499,-0.09441855518230845,0.999652408868508,-0.01137396023690591,-0.01946368475192994,0.18255156527804506,0.13006059979406775,0.1329559321163067,0,1,0
10.61061061061061,0.010458729654789695,-0.09886497016029021,0.9994004299819089,-0.012598944329953333,-0.015677098304266668,0.18932932238316347,0.13040734094744408,0.13317325754528578,0,1,0
10.63063063063063,0.008406556265574577,-0.10260866946075586,0.9991326092180903,-0.01339103819092845,-0.011845971019080952,0.19155636425928582,0.12714687967140972,0.1309457036409605,0,1,0
10.65065065065065,0.0062955426267982065,-0.10555068193881852,0.9987679124257195,-0.01823483961854286,-0.0070956870471309465,0.23751419859750028,0.12744273447060425,0.13044644309050005,0,1,0
10.67067067067067,0.004140330636934466,-0.10776059949318703,0.9983035279794464,-0.02321922231365462,-0.0019824489494615558,0.25566190488346957,0.13050640633603677,0.1329955926608809,0,1,0
10.69069069069069,0.0019584864447578024,-0.1090922096088332,0.9978227785779639,-0.024037470074125992,0.003067364625895353,0.2524906787678454,0.13234848834026708,0.13452736849752092,0,1,0
10.71071071071071,-0.00023016205180072767,-0.10943242482792649,0.9973757378048228,-0.0223520386570554,0.007870975816134556,0.24018055951196013,0.1335209439635655,0.13548339986842664,0,1,0
10.73073073073073,-0.002405597325306051,-0.10877176367526617,0.9969939278218881,-0.019090499146732293,0.012342126553068947,0.22355753684671958,0.13429343185623846,0.13606873713926856,0,1,0
10.75075075075075,-0.0045485805822451635,-0.10714916284695564,0.9966973592354721,-0.014828429320799547,0.016452619882559638,0.20552466647453438,0.13507932297419903,0.13667054711677976,0,1,0
10.77077077077077,-0.006640990803404908,-0.10462051105798721,0.9965064080236438,-0.00954756059141439,0.02013333033417567,0.18403552258080166,0.13519548871307321,0.13664218109870757,0,1,0
10.79079079079079,-0.008666329607635513,-0.10126694021153029,0.9964221364999464,-0.0042135761848692815,0.023403154481802774,0.1634912073813548,0.13484695572681046,0.13612164903633225,0,1,0
10.81081081081081,-0.01061009114536982,-0.09718807688671537,0.9964314010936132,0.0004632296833406357,0.026231300628792264,0.14140730734947493,0.1345934074733092,0.13571879783952245,0,1,0
10.83083083083083,-0.012459431064276284,-0.09246699594532318,0.9965241943193024,0.004639661284460283,0.028596681818304184,0.11826905947559548,0.1342715891653699,0.13524292908569524,0,1,0
10.85085085085085,-0.014203408562211814,-0.08719887489677648,0.9966884216137359,0.00821136472167977,0.03051318615691396,0.09582521693048879,0.13419411781295656,0.134992130666329,0,1,0
10.87087087087087,-0.015832788464445566,-0.08146899511168754,0.9969189628301283,0.011527060819614313,0.03197022322272635,0.0728518532906196,0.13386724746102058,0.1345073752081261,0,1,0
10.89089089089089,-0.017340324761718918,-0.07537681486366758,0.9972035736266439,0.014230539825784429,0.032892620297612654,0.046119853744315986,0.13336967443170564,0.13391284849191085,0,1,0
10.91091091091091,-0.018720843715934937,-0.06902594771080103,0.9975259020597422,0.016116421654913924,0.03339354810112429,0.02504639017558095,0.13295289794718404,0.13338823887419266,0,1,0
10.93093093093093,-0.0199712332245867,-0.06251947543258814,0.9978718907789829,0.017299435962029742,0.033539939294616315,0.007319559674601617,0.13247241266037707,0.13277183974447995,0,1,0
10.95095095095095,-0.0210900999949625,-0.05594333851878989,0.9982252332072785,0.017667121414785436,0.033299087721024724,-0.01204257867957962,0.13221597400764562,0.1324466751822036,0,1,0
10.97097097097097,-0.022077260228240508,-0.04935801166390048,0.9985772985984558,0.017603269558865903,0.032812526066793,-0.024328082711586003,0.13205275676809985,0.1321226230565904,0,1,0
10.99099099099099,-0.0229339829226036,-0.04283613471815461,0.9989209037031809,0.017180255236256763,0.03211479987928017,-0.03488630937564169,0.131978549286112,0.13189774374533036,0,1,0
11.01101101101101,-0.02366241023560815,-0.03642136565022756,0.9992516829264998,0.016538961165943875,0.03126554832966906,-0.04246257748055554,0.13179521185287987,0.13154110997658525,0,1,0
11.03103103103103,-0.02426559851567267,-0.030159414003226005,0.9995617293524419,0.01550232129710517,0.030267401101835494,-0.04990736139167812,0.1310679281307744,0.1316441649165781,0,1,0
11.05105105105105,-0.02474720343172833,-0.02408024580278286,0.9998419046441346,0.014008764584631392,0.029890813196770245,-0.018829395253262434,0.13070011187360442,0.13064837762482454,0,1,0
11.07107107107107,-0.025111777414538048,-0.01822869914048597,1.000072136023638,0.011511568975172819,0.029745475434403378,-0.007266888118343128,0.13137961501185175,0.13092362096671467,0,1,0
11.09109109109109,-0.02536045070863476,-0.012433664704835673,1.0002666054162477,0.009723469630482911,0.029692320207191206,-0.002657761360608822,0.13158790909766196,0.13077260234477264,0,1,0
11.11111111111111,-0.025493826996727455,-0.006668814404634646,1.0004261778101557,0.007978619695403973,0.02956820213661832,-0.0062059035286445175,0.13180318236702393,0.1307486131422453,0,1,0
11.13113113113113,-0.025512069916069215,-0.000912145967088043,1.0005536919334443,0.006375706164429213,0.02926139998568649,-0.015340107546591326,0.13215505860264606,0.13092030628234064,0,1,0
11.15115115115115,-0.025415567267181218,0.004825132444399825,1.0006569152817015,0.005161167412860337,0.02888748571213487,-0.018695713677580997,0.13234362442445194,0.13087465539100923,0,1,0
11.17117117117117,-0.02520551078904467,0.010502823906827337,1.0007379993740162,0.004054204615734449,0.028372012257166485,-0.02577367274841948,0.1325498970008302,0.13089738219772679,0,1,0
11.19119119119119,-0.02488331284636079,0.01610989713419396,1.0008003777655874,0.0031189195785576405,0.027670286068714384,-0.03508630942260474,0.13265412326797152,0.13085641900925482,0,1,0
11.21121121121121,-0.024451018771450242,0.021614703745527555,1.0008450449009918,0.0022333567702186325,0.02678375384057812,-0.04432661140681298,0.1326676107729984,0.13073448812453653,0,1,0
11.23123123123123,-0.02391145339958357,0.026978268593333618,1.0008704715788628,0.0012713338935542357,0.02568524696741254,-0.05492534365827934,0.13217233062584582,0.13015994583515408,0,1,0
11.25125125125125,-0.023268558931415332,0.03214472340841199,1.0008609084419617,-0.0004781568450556769,0.024426353279643157,-0.06294468438846942,0.1323145835233612,0.13018581497619766,0,1,0
11.27127127127127,-0.02252661181879491,0.03709735563102123,1.000818957354173,-0.002097554389430125,0.0230541771696966,-0.06860880549732745,0.13238257655292385,0.13012542970684127,0,1,0
11.29129129129129,-0.021690551853520892,0.041802998263700854,1.0007448536424,-0.003705185588648789,0.021559323542855963,-0.07474268134203187,0.13252952548123909,0.13017671779820322,0,1,0
11.31131131131131,-0.02076569297293098,0.04624294402949549,1.000641660046671,-0.005159679786449095,0.019955345852720314,-0.08019888450678286,0.13270077619705462,0.13026123638669423,0,1,0
11.33133133133133,-0.01975782925981763,0.05039318565566756,1.000513294628667,-0.006418270900194208,0.01828717025171355,-0.08340878005033803,0.1329884440189174,0.13045109288455972,0,1,0
11.35135135135135,-0.018673150732803668,0.054233926350698194,1.0003669601106249,-0.007316725902109953,0.016638117300917,-0.08245264753982741,0.13314828004518156,0.13047846616996334,0,1,0
11.37137137137137,-0.017518100350242285,0.057752519128069085,1.000205553982758,-0.008070306393347526,0.014871620549070604,-0.08832483759231971,0.13322542393875905,0.13051819562277228,0,1,0
11.391391391391391,-0.016299125217680246,0.06094875662810194,1.0000309199250115,-0.008731702887324895,0.013027607843804852,-0.09220063526328753,0.13341286816470344,0.13067318513423862,0,1,0
11.411411411411411,-0.015023092842467353,0.06380161876064465,0.9998482392084246,-0.00913403582934674,0.011159888982260563,-0.09338594307721455,0.13359209713732195,0.1308033338363303,0,1,0
11.431431431431431,-0.013697204308079318,0.06629442671940171,0.9996621954530859,-0.009302187766935716,0.009319443915631925,-0.09202225333143192,0.13351945218933126,0.13026511975734376,0,1,0
11.451451451451451,-0.01232887833788633,0.06841629850964939,0.9994638279324151,-0.009918376033542805,0.007138158918011759,-0.10906424988100817,0.13323729951389712,0.13017400795201864,0,1,0
11.471471471471471,-0.01092540800799484,0.07017351649457451,0.9992476806879615,-0.01080736222267432,0.004864041422864568,-0.11370587475735952,0.13365170799405485,0.13066154101406427,0,1,0
11.491491491491491,-0.009495213072637667,0.07150974676785866,0.999027185520825,-0.011024758356827851,0.0025612481006350297,-0.11513966611147701,0.13394108327401227,0.1309983888254763,0,1,0
11.511511511511511,-0.008047137050763176,0.07240380109372453,0.9988116731391339,-0.010775619084556173,0.00023626741422744813,-0.11624903432037906,0.134143620138321,0.13126550236711734,0,1,0
11.531531531531531,-0.006590182630102298,0.0728477210330439,0.998608134860629,-0.010176913925240427,-0.002094335380672744,-0.11653013974500961,0.13432783760424505,0.13154320553017787,0,1,0
11.551551551551551,-0.005133524799824012,0.07283289151391428,0.998423426740845,-0.009235405989197854,-0.004289174445744181,-0.1097419532535718,0.1344818157670722,0.13170503922673846,0,1,0
11.571571571571571,-0.0036863022216326287,0.07236112890956917,0.9982622189353458,-0.008060390274962893,-0.006440566463851946,-0.10756960090538831,0.1345678189939551,0.1318894651051484,0,1,0
11.591591591591591,-0.0022571891672249073,0.07145565272038606,0.9981284901386349,-0.006686439835546884,-0.008466739294847017,-0.10130864154975357,0.13458771331481886,0.1319670889877454,0,1,0
11.611611611611611,-0.0008546795356387405,0.07012548157930834,0.9980236394731182,-0.0052425332758370136,-0.01033708788966728,-0.09351742974101321,0.13453009598344706,0.1319880515235087,0,1,0
11.631631631631631,0.000513284162551632,0.06839818490951863,0.9979470642860825,-0.0038287593517887563,-0.012092814282393498,-0.08778631963631105,0.13520592520191999,0.13265051010430973,0,1,0
11.651651651651651,0.001839090796913545,0.06629033171809565,0.997918520572858,-0.00142718566122281,-0.013703213907168325,-0.08051998123874134,0.134685133290416,0.1322118081103452,0,1,0
11.671671671671671,0.003116010916499242,0.06384600597928486,0.9979237165136636,0.0002597970402793649,-0.0152284824998371,-0.07626342963343875,0.1343737265931109,0.13205220036823118,0,1,0
11.691691691691691,0.004337747598904902,0.061086834120282985,0.9979555926452752,0.001593806580578891,-0.016498085969221896,-0.06348017346923962,0.1343123517228886,0.13202807290581844,0,1,0
11.711711711711711,0.005498358689049341,0.058030554507221985,0.9980127953274619,0.0028601341093361468,-0.01759424576176003,-0.05480798962690702,0.13415156934236355,0.1319644392034288,0,1,0
11.731731731731731,0.00659298219385562,0.05473117524031392,0.9980919208648997,0.003956276871894119,-0.018616414476925167,-0.05110843575825656,0.13382692141131283,0.13181113115494603,0,1,0
11.751751751751751,0.007617455255406552,0.05122365307754661,0.9981858158616455,0.004694749837285856,-0.01949186750742589,-0.04377265152503641,0.13379183010766557,0.13191330485026115,0,1,0
11.771771771771771,0.008567818753760694,0.047518174917707094,0.9982954011318044,0.00547926350794438,-0.02026721610142537,-0.038767429699974175,0.13361188894462875,0.13195336874662628,0,1,0
11.791791791791791,0.00944068555402772,0.04364334001335135,0.9984185391545467,0.0061569011371173845,-0.020800856564942218,-0.026682023175842322,0.13351583551223706,0.13193966113072453,0,1,0
11.811811811811811,0.010233075775931456,0.039619511095186785,0.9985535435365896,0.006750219102148752,-0.02109799584775683,-0.014856964140730362,0.1334872205715045,0.13203632989595548,0,1,0
11.831831831831831,0.010942982423531545,0.03549533238000447,0.9987013791742378,0.007391781882412515,-0.021274211125935798,-0.008810763908948683,0.13313618584121928,0.13188056119507016,0,1,0
11.851851851851851,0.011569409941004447,0.031321375873645085,0.9988545150545168,0.0076567940139482685,-0.02120130327694461,0.003645392449559401,0.13282226011491033,0.1316768081086427,0,1,0
11.871871871871871,0.012111925598541505,0.02712578287685292,0.9990052689406042,0.007537694304366235,-0.02097552686038396,0.011288820828032852,0.13270009871616148,0.13172205655440453,0,1,0
11.891891891891891,0.012570872333886336,0.02294733676724154,0.9991525077043772,0.00736193818865599,-0.020526673448460882,0.02244267059615347,0.13251907458558387,0.13166352531304504,0,1,0
11.911911911911911,0.012947287806288725,0.018820773620119496,0.9992927018082977,0.007009705196022932,-0.019908772998174968,0.03089502251429598,0.13233183230633838,0.13161930896628057,0,1,0
11.931931931931931,0.013243074738824717,0.01478934662679957,0.9994224594095164,0.006487880060932369,-0.019153733740015565,0.037751962907970144,0.13227151045882163,0.13171813067610239,0,1,0
11.951951951951951,0.013460699663765976,0.01088124624706294,0.9995423996106738,0.005997010057875932,-0.018253941713080014,0.04498960134677739,0.13212905225250635,0.13174169559936336,0,1,0
11.971971971971971,0.01360322010825063,0.007126022224232682,0.999650819023573,0.0054209706449588535,-0.017214200570361722,0.05198705713591413,0.13197530183758904,0.13174224940263668,0,1,0
11.991991991991991,0.013674293705987207,0.0035536798868288496,0.9997455142331216,0.00473476047743144,-0.0161025721333581,0.055581421850181216,0.13175874102334598,0.1316987483743635,0,1,0
12.012012012012011,0.013678098647337758,0.00019024706752752106,0.9998227050775413,0.0038595422209834244,-0.014877601026625407,0.061248555336634564,0.13153325338186556,0.13159386349206534,0,1,0
12.032032032032031,0.013619128321949956,-0.002948516269390085,0.9998775700571275,0.0027432489793082523,-0.013590137845017586,0.06437315908039125,0.13141286331418872,0.13159540913143203,0,1,0
12.052052052052051,0.013502278080565517,-0.005842512069221937,0.999908422673171,0.0015426308021748603,-0.012325002256489966,0.06325677942638103,0.13133556354380968,0.13169620841616791,0,1,0
12.072072072072071,0.0133326009448437,-0.008483856786090834,0.9999156824362068,0.0003629881517867497,-0.011020260701017649,0.06523707777361573,0.13144479465010386,0.1319111802932974,0,1,0
12.092092092092091,0.01311509598838762,-0.010875247822803979,0.9999042158668321,-0.0005733284687321318,-0.009839594994963332,0.05903328530271581,0.1315014267748009,0.13215855453525538,0,1,0
12.112112112112111,0.012854837482567258,-0.013012925291018128,0.9998785859082397,-0.0012814979296166002,-0.008695411775598199,0.05720916096825663,0.13162212507029328,0.13240033930731945,0,1,0
12.132132132132131,0.012556462057858882,-0.014918771235418828,0.9998442105195162,-0.0017187694361782786,-0.007641147466099681,0.052713215474926044,0.13172075204473588,0.13264299294871107,0,1,0
12.152152152152151,0.012224458545933287,-0.01660017559627975,0.9998061869939106,-0.001901176280281265,-0.006672584418430856,0.04842815238344118,0.13177093442319515,0.13282507810197303,0,1,0
12.172172172172171,0.011862998915293257,-0.01807298153200146,0.9997679899581012,-0.0019098517904637716,-0.0058179344868787355,0.042732496577606124,0.13178682412995577,0.1329875350399076,0,1,0
12.192192192192191,0.011475919037947615,-0.01935399386728211,0.9997322886980943,-0.0017850630003483788,-0.005069597184197936,0.037416865134039946,0.13181163806502869,0.13316640023867118,0,1,0
12.212212212212211,0.01106667324961662,-0.020462289416549748,0.999702121568163,-0.0015083564965642086,-0.00453473673782314,0.026743022318739776,0.13177954889935697,0.13334720323994267,0,1,0
12.232232232232231,0.010638241748120919,-0.021421575074785048,0.999679707699857,-0.0011206934152965045,-0.0041466053086350926,0.019406571459402413,0.1329710527605458,0.13460937425662106,0,1,0
12.252252252252251,0.010192585421681439,-0.022282816321974035,0.9997014075468356,0.0010849923489264532,-0.003896694005539748,0.012495565154767145,0.13236037712026402,0.13417199693880358,0,1,0
12.272272272272271,0.009731336985173825,-0.023062421825380704,0.9997517012106854,0.0025146831924885366,-0.003703721590810822,0.00964862073644633,0.1319304417130672,0.1338634029671864,0,1,0
12.292292292292291,0.009255636751432364,-0.023785011687073008,0.9998196515670706,0.0033975178192635668,-0.0036844771946003933,0.0009622198105213708,0.1315780405395177,0.13371360143833666,0,1,0
12.312312312312311,0.008766316676774116,-0.024466003732912366,0.9998978215146229,0.003908497377613348,-0.003762883264374693,-0.003920303488714988,0.13132515835887268,0.133613693890952,0,1,0
12.332332332332332,0.008263476271545086,-0.02514202026145153,0.9999809848537321,0.00415816695546118,-0.0038256079098045836,-0.0031362322714944824,0.13116093424864805,0.1335299561433542,0,1,0
12.352352352352352,0.007746920540659699,-0.025827786544269326,1.0000654669554578,0.0042241050862861125,-0.0039991937377855825,-0.00867929139905004,0.1309750654596691,0.13349575210286588,0,1,0
12.372372372372372,0.0072164068229614384,-0.02652568588491304,1.000148006572194,0.004126980836809578,-0.0041447911383989565,-0.007279870030668675,0.13086930131081834,0.13345408431800557,0,1,0
12.392392392392392,0.006671277304686838,-0.027256475913729997,1.0002264168836994,0.0039205155752732425,-0.004237462384140499,-0.004633562287077153,0.13078464541826895,0.1334106755844053,0,1,0
12.412412412412412,0.006111054075713957,-0.028011161448644035,1.0002987983309297,0.003619072361519117,-0.004407111566886558,-0.00848245913730299,0.13076610743550499,0.13349829289387394,0,1,0
12.432432432432432,0.00553539726683298,-0.028782840444048823,1.0003661727819466,0.0033687225508428438,-0.004621406105632052,-0.010714726937274809,0.12926527721700418,0.1321148243686089,0,1,0
12.452452452452452,0.004943833211592536,-0.029578202762022214,1.0003858074291845,0.000981732361888316,-0.004790835585050528,-0.008471473970923704,0.12977157566781258,0.13265078019287674,0,1,0
12.472472472472472,0.00433549901194538,-0.030416709982357817,1.0003731391658564,-0.0006334131664072365,-0.0049655407750413055,-0.008735259499538984,0.13019361572891605,0.13312577722443422,0,1,0
12.492492492492492,0.0037096555705469123,-0.03129217206992338,1.0003414541779634,-0.0015842493946495724,-0.005070830841815599,-0.00526450333871465,0.13044877959645523,0.13337074247922404,0,1,0
12.512512512512512,0.00306560155421598,-0.03220270081654663,1.0002981583698747,-0.002164790404440198,-0.005147550272373102,-0.0038359715278751772,0.1306981049936615,0.13363952988779834,0,1,0
12.532532532532532,0.002402843525221925,-0.03313790144970273,1.0002509253231033,-0.0023616523385676545,-0.005097074207830022,0.0025238032271540445,0.13087594286342688,0.13376034515290083,0,1,0
12.552552552552552,0.0017211012557447184,-0.03408711347386032,1.0002041779349093,-0.0023373694096949383,-0.005047836866168934,0.0024618670830543242,0.1309206270672383,0.1338236212669449,0,1,0
12.572572572572572,0.0010205389811015946,-0.035028113732156196,1.0001595166102997,-0.002233066230481716,-0.004935662208665156,0.005608732875188868,0.13104328374755067,0.13392119946230419,0,1,0
12.592592592592592,0.0003013454548012964,-0.035959676315014906,1.000120205026171,-0.0019655792064356857,-0.004803871057400597,0.006589557563228026,0.13102285965716168,0.1338911976753715,0,1,0
12.612612612612612,-0.0004360360984800376,-0.0368690776640667,1.000085498339598,-0.0017353343286522892,-0.004658517147261926,0.00726769550693346,0.13109110874422628,0.13395203360071878,0,1,0
12.632632632632632,-0.0011911181730700558,-0.03775410372950091,1.0000573114178701,-0.0014093460863900962,-0.004465843427091762,0.009633686008508216,0.13055748578866969,0.13354461321851177,0,1,0
12.652652652652652,-0.001963297219300983,-0.038608952311546346,1.0000217057297611,-0.001780284405446884,-0.004062853305592053,0.020149506074985498,0.13033909675171734,0.13317379541953786,0,1,0
12.672672672672672,-0.002751796627352225,-0.039424970402562105,0.9999699558113857,-0.0025874959187723984,-0.0035401219981018037,0.02613656537451249,0.1307126116403992,0.1334390912878826,0,1,0
12.692692692692692,-0.0035551648418438372,-0.04016841072458062,0.9999115321564866,-0.002921182744953268,-0.0028236399054246256,0.03582410463385891,0.13114810423362683,0.13369902754069327,0,1,0
12.712712712712712,-0.004371398821260572,-0.04081169897083674,0.9998567451265137,-0.0027393514986476302,-0.0020419610891482566,0.03908394081381839,0.1312930752455384,0.13373918236879725,0,1,0
12.732732732732732,-0.005197732649857703,-0.04131669142985658,0.9998083462605643,-0.0024199432974722494,-0.0012064057953812463,0.041777764688350524,0.1313855395111138,0.13371856865590248,0,1,0
12.752752752752752,-0.006031157553943369,-0.04167124520428329,0.9997674074757628,-0.002046939240073056,-0.00029506464025825927,0.045567057756149304,0.1314769153801696,0.13367227639284177,0,1,0
12.772772772772772,-0.006868444605619734,-0.04186435258381821,0.9997346020068426,-0.0016402734460087042,0.0006820298462870551,0.048854724327265696,0.13147329962731996,0.13353734760796182,0,1,0
12.792792792792792,-0.007706073203080062,-0.04188142987301644,0.9997078800297587,-0.0013360988541924097,0.0017353249163521791,0.05266475350325618,0.1314772748214611,0.13338151648790647,0,1,0
12.812812812812812,-0.008540271323685091,-0.04170990603025142,0.9996849910853843,-0.0011444472187195954,0.0028577059731208863,0.0561190528384353,0.13164492529084934,0.13338487242057834,0,1,0
12.832832832832834,-0.009366936798663517,-0.041333273748921304,0.9996684636026758,-0.0008263741354254056,0.00398559505033872,0.05639445386089172,0.13122261879466138,0.13306825069412231,0,1,0
12.852852852852854,-0.010181771911783469,-0.04074175565599761,0.9996473404210935,-0.0010561590791180187,0.005353688521142479,0.06840467354018785,0.13148935385379412,0.13301970611988592,0,1,0
12.872872872872874,-0.010980411606800557,-0.039931984750854355,0.9996248388560667,-0.001125078251342599,0.006833097786763098,0.07397046328103099,0.13175085990438992,0.1329988430644436,0,1,0
12.892892892892894,-0.011757504264945647,-0.03885463290725456,0.9996044989036686,-0.0010169976199006856,0.00825288059192399,0.07098914025804473,0.1322869984391616,0.13334106410200222,0,1,0
12.912912912912914,-0.012507276701561865,-0.03748862183081094,0.999599297637425,-0.0002600633121770388,0.009685770630507642,0.07164450192918266,0.13233859751772264,0.13314898409258905,0,1,0
12.932932932932934,-0.013224208308996501,-0.035846580371731766,0.9996071117856553,0.00039070741151423004,0.011031734507763251,0.06729819386278005,0.13241948295209874,0.1330413629913456,0,1,0
12.952952952952954,-0.013902768020829504,-0.033927985591650105,0.9996274947346059,0.0010191474475307535,0.012333977829563319,0.0651121660900036,0.13273762867372793,0.1331229242842879,0,1,0
12.972972972972974,-0.014537665918161722,-0.03174489486661092,0.9996663128779012,0.001940907164763389,0.013535211859560876,0.060061701499877815,0.13261135299242297,0.1328116364950377,0,1,0
12.992992992992994,-0.015123940624769535,-0.029313735330390705,0.9997170243655021,0.002535574380046146,0.014655978375355878,0.05603832578975024,0.13252145080200556,0.13252306648721382,0,1,0
13.013013013013014,-0.015657004177300007,-0.02665317762652363,0.9997739616208413,0.0028468627669587495,0.01565153773145016,0.04977796780471379,0.13247896942692405,0.1323266109657351,0,1,0
13.033033033033034,-0.016132598562352645,-0.023779719252631976,0.999833523188575,0.0029780783866859527,0.016573117229908004,0.046078974922892306,0.13206744601017167,0.13150903751185725,0,1,0
13.053053053053054,-0.016547133106601032,-0.020726727212419298,0.9998774432738202,0.002196004262262092,0.01715279815164306,0.0289840460867525,0.13215539253015168,0.13158782920775416,0,1,0
13.073073073073074,-0.016897051026971165,-0.017495896018506617,0.99990813375354,0.0015345239859886543,0.017541971202016476,0.01945865251867123,0.13226653320291948,0.13162601734635312,0,1,0
13.093093093093094,-0.01718015339924852,-0.014155118613867722,0.9999277683883405,0.0009817317400240382,0.01788223751238125,0.017013315518238547,0.13240995373247286,0.13161415608025098,0,1,0
13.113113113113114,-0.017394957701937462,-0.010740215134447118,0.9999382695121098,0.0005250561884640364,0.018189996453348803,0.015387947048377695,0.13256877127930328,0.1316145289504477,0,1,0
13.133133133133134,-0.01754015351141284,-0.007259790473768902,0.9999419715518011,0.00018510198456394867,0.01845898696219888,0.013449525442504216,0.13278254077676796,0.1316618033187821,0,1,0
13.153153153153154,-0.017614540453035243,-0.0037193470811201597,0.999942719460563,3.7395438098131574e-05,0.01869927545639555,0.012014424709833717,0.13298920423997085,0.1316855574363599,0,1,0
13.173173173173174,-0.017617049029247177,-0.0001254288105966843,0.9999439069409566,5.937401967716418e-05,0.01885547345359704,0.007809899860074674,0.13296852880160007,0.13151403774547366,0,1,0
13.193193193193194,-0.017546872989934056,0.0035088019656559647,0.9999426696513275,-6.186448145634546e-05,0.01896609033286732,0.005530843963513797,0.1329369278154102,0.13128778333130361,0,1,0
13.213213213213214,-0.017403565277514254,0.007165385620990084,0.9999351766991886,-0.0003746476069458072,0.019054428269614627,0.004416896837365444,0.13299148065939925,0.1311305595833457,0,1,0
13.233233233233234,-0.017186748954524232,0.010840816149501144,0.9999198991197329,-0.0007638789727879657,0.019003397425770324,-0.0025515421922153447,0.13286322742354065,0.13146628839727395,0,1,0
13.253253253253254,-0.016896093190516027,0.014532788200410252,0.9998999034965813,-0.0009997811575772197,0.019325574757783577,0.016108866600662502,0.13291795433149758,0.1310301092398767,0,1,0
13.273273273273274,-0.016531931444252506,0.018208087313176014,0.9998695435081039,-0.0015179994238747648,0.019678871977025395,0.017664860962090946,0.13320555461552,0.13102222681130746,0,1,0
13.293293293293294,-0.01609300050010104,0.02194654720757329,0.9998329382063222,-0.0018302650890789506,0.01997428786033546,0.014770794165503212,0.1335276164352294,0.13109629399261233,0,1,0
13.313313313313314,-0.015577863565137061,0.02575684674819898,0.9997959280633246,-0.0018505071498787567,0.020131760334326444,0.007873623699548981,0.13372327769112946,0.13109720417009307,0,1,0
13.333333333333334,-0.014985347081086347,0.029625824202535688,0.9997614017072266,-0.001726317804899941,0.020077395464447763,-0.0027182434939341128,0.13382126756499824,0.13106603682467266,0,1,0
13.353353353353354,-0.014314885285295956,0.03352308978951953,0.9997303365127517,-0.001553259723744706,0.019846333076926466,-0.011553119376064682,0.13385600410460574,0.13096346943697226,0,1,0
13.373373373373374,-0.013566675282878455,0.03741050012087506,0.9997017320698343,-0.0014302221458702654,0.019258547894489865,-0.029389259121829985,0.13378692931841893,0.1308979104935102,0,1,0
13.393393393393394,-0.012741725879609516,0.04124747016344701,0.9996736122920418,-0.001405988889627177,0.018438045055681238,-0.04102514194043155,0.13373238037604054,0.1307987019328215,0,1,0
13.413413413413414,-0.0118424397141862,0.0449643082711658,0.9996437447755531,-0.001493375824435881,0.017453834914984624,-0.049210507034830125,0.13371144164267218,0.1307148105158429,0,1,0
13.433433433433434,-0.010872090326839428,0.04851746936733857,0.9996106373488196,-0.0016553713366730775,0.01631322038399936,-0.05703072654926296,0.1347989754688503,0.13076196465468223,0,1,0
13.453453453453454,-0.009834240000271713,0.05189251632838577,0.9995911668316004,-0.0009735258609595293,0.014185213941784172,-0.10640032211075923,0.13312930263964576,0.12965170985856223,0,1,0
13.473473473473474,-0.008734122104313425,0.05500589479791441,0.9995442303511188,-0.0023468240240812756,0.011661406543493336,-0.12619036991454163,0.13339027095673459,0.13015889941457398,0,1,0
13.493493493493494,-0.007579832573998191,0.057714476515761684,0.9994813332053791,-0.0031448572869833724,0.008888321381669399,-0.13865425809119647,0.13361512359845815,0.1305959268110948,0,1,0
13.513513513513514,-0.006381087067198461,0.05993727533998652,0.999412407701029,-0.003446275217507675,0.005990820035568029,-0.14487506730506836,0.133838854487685,0.13098332312954863,0,1,0
13.533533533533534,-0.005148685663725516,0.06162007017364727,0.999346618743512,-0.0032894478758509725,0.003150972070988314,-0.14199239822898552,0.13395449924696512,0.1311738831180069,0,1,0
13.553553553553554,-0.0038939440163152502,0.06273708237051326,0.9992885871883708,-0.002901577757064126,0.0003811530995344295,-0.13849094857269398,0.13411980963027967,0.13143638086875217,0,1,0
13.573573573573574,-0.0026279823287116803,0.0632980843801785,0.9992447018879881,-0.0021942650191325084,-0.0022682706071704985,-0.13247118533524616,0.13419938565643658,0.1315876416339691,0,1,0
13.593593593593594,-0.0013616511771471927,0.06331655757822438,0.9992184018910713,-0.0013149998458407562,-0.004826823632759519,-0.12792765127945085,0.13417464164589343,0.1316721293956641,0,1,0
13.613613613613614,-0.00010539162150984666,0.0628129777818673,0.9992105624444386,-0.00039197233163308306,-0.007194214694517296,-0.11836955308788852,0.13424993744428107,0.1318135655414485,0,1,0
13.633633633633634,0.0011306844953325,0.06180380584211733,0.9992243586065154,0.0006898081038371793,-0.009279731805350225,-0.10427585554164624,0.13390818143882227,0.13137570166345658,0,1,0
13.653653653653654,0.002337394491087639,0.06033549978775696,0.9992481846651756,0.0011913029330124464,-0.01128656416693941,-0.10034161807945888,0.13377146811845017,0.13141332465379355,0,1,0
13.673673673673674,0.003506547079625791,0.058457629426907604,0.9992805051663417,0.0016160250583057193,-0.013058173858490767,-0.08858048457756793,0.13396341512191637,0.13168988983125307,0,1,0
13.693693693693694,0.004630220203359764,0.05618365618669863,0.9993281795164907,0.0023837175074496748,-0.014603945711723862,-0.07728859266165447,0.13386588920915876,0.13170292198646777,0,1,0
13.713713713713714,0.005701515540945659,0.05356476687929475,0.9993898711950001,0.0030845839254727285,-0.01594552097729097,-0.06707876327835592,0.1338974807957966,0.13186146865100737,0,1,0
13.733733733733734,0.006714351798004907,0.05064181285296243,0.9994683126520266,0.003922072851326895,-0.01705999118537804,-0.05572351040435323,0.13362499833871974,0.13171550253216024,0,1,0
13.753753753753754,0.007663593507657936,0.04746208548265146,0.9995572247593584,0.0044456053665854625,-0.01793674703995435,-0.04383779272881577,0.13347007230354507,0.13170522277551405,0,1,0
13.773773773773774,0.008544906424640748,0.04406564584914057,0.999654088085484,0.004843166306279696,-0.018468310402656878,-0.02657816813512639,0.1333101845356872,0.13162651560425265,0,1,0
13.793793793793794,0.009354997943178294,0.04050457592687735,0.9997553081916345,0.005061005307528923,-0.018758882988528163,-0.014528629293564225,0.13332228497353696,0.13180737338134424,0,1,0
13.813813813813814,0.010091811582566808,0.03684068196942566,0.9998637052552425,0.005419853180399151,-0.018832067234759314,-0.003659212311557603,0.13296290979582642,0.13163003187082906,0,1,0
13.833833833833834,0.010754406973035853,0.03312976952345225,0.9999713080740181,0.0053801409387824175,-0.018641596010174195,0.009523561229255623,0.13248458579596498,0.13153716719837422,0,1,0
13.853853853853854,0.011342723932431685,0.02941584796979162,1.0000696507024056,0.004917131419377755,-0.018008734753262097,0.03164306284560461,0.1325368584005543,0.13165858922298318,0,1,0
13.873873873873874,0.011857504477120355,0.025739027234433533,1.0001613199054826,0.004583460153852829,-0.01696502732279735,0.052185371523236754,0.13228104755794487,0.1314370311305122,0,1,0
13.893893893893894,0.012301417783296482,0.022195665308806338,1.000239290086962,0.003898509073969855,-0.015608762659072215,0.06781323318625655,0.13211909195313895,0.13135626190244198,0,1,0
13.913913913913914,0.012678636658362951,0.018860943753323468,1.000300037143414,0.003037352822600272,-0.013941914508481758,0.08334240752952202,0.13204914746508223,0.13132526269496458,0,1,0
13.933933933933934,0.01299459374961252,0.015797854562478415,1.0003421520132063,0.002105743489612012,-0.012157145029401475,0.08923847395401396,0.13195860873679802,0.13138067837121006,0,1,0
13.953953953953954,0.013255849931005485,0.013062809069648199,1.0003652104974412,0.001152924211744314,-0.010235184684713995,0.09609801723437317,0.1319136523841465,0.13146087245261842,0,1,0
13.973973973973974,0.013469429918696865,0.010678999384569031,1.000369825458754,0.0002307480656395497,-0.008208429982284974,0.10133773512145056,0.13193851068957899,0.13159322566811069,0,1,0
13.993993993993994,0.013642875534011717,0.008672280765742616,1.0003584097951317,-0.0005707831811154407,-0.006120028175402852,0.10442009034410549,0.13202096255578546,0.13178627213021496,0,1,0
14.014014014014014,0.01378415845545746,0.007064146072287106,1.0003351177950857,-0.001164600002302451,-0.004060380228788781,0.10298239733070279,0.13191038885058165,0.13179542692644583,0,1,0
14.034034034034034,0.01390155666591612,0.005869910522933021,1.000298505458379,-0.0018306168353271713,-0.002140116263225199,0.09601319827817836,0.1328150721000315,0.13232540594030148,0,1,0
14.054054054054054,0.014003081102189304,0.00507622181365922,1.0002698678238833,-0.0014318817247940406,-0.0007570118778976972,0.06915521926637434,0.13227331875043205,0.13222091522593665,0,1,0
14.074074074074074,0.014096366199799733,0.004664254880521405,1.000239654311934,-0.001510675597465092,0.00030144716984182907,0.05292295238697546,0.13203099704790616,0.13229922425215096,0,1,0
14.094094094094094,0.01418691147190244,0.004527263605135369,1.000205442956438,-0.0017105677747988788,0.0011411589985705147,0.04198559143643334,0.1319048404350184,0.13241261850889607,0,1,0
14.114114114114114,0.014278932269580193,0.004601039883887564,1.0001670456296028,-0.0019198663417630399,0.0018178268559195705,0.03383339286745177,0.13185903399549584,0.13257463784536033,0,1,0
14.134134134134134,0.014375794505325558,0.004843111787268319,1.000126181631098,-0.0020431999252355417,0.002351536144614594,0.02668546443474996,0.1318154645907908,0.13273372316283832,0,1,0
14.154154154154154,0.014480241185993661,0.005222334033405161,1.0000845583830094,-0.00208116240443229,0.0027327208627030072,0.019059235904419325,0.13167808863985436,0.1327888501292076,0,1,0
14.174174174174174,0.014594417967137107,0.005708839057172291,1.000040953024625,-0.0021802679192156837,0.003005893594356378,0.013658636582666975,0.13154699681698026,0.13281807999887765,0,1,0
14.194194194194194,0.014719885100665846,0.006273356676436923,0.9999938526989601,-0.0023550162832444597,0.003162637155438685,0.007837178054113403,0.1315337821518651,0.13295260041855858,0,1,0
14.214214214214214,0.014857789884227332,0.0068952391780743175,0.9999450514503572,-0.0024400624301466906,0.0031823102428556287,0.0009836543708449906,0.13146445825809794,0.1330440906556017,0,1,0
14.234234234234235,0.015008794597500907,0.007550235663678752,0.9998948757731815,-0.0025087838587830452,0.0031028474126787624,-0.003973141508845843,0.1321563422002658,0.1325803505440743,0,1,0
14.254254254254255,0.015173060737657935,0.00821330700785144,0.9998467053143494,-0.0024085229416039573,0.0018577938174185711,-0.06225267976301242,0.13037669625388068,0.13164782112254308,0,1,0
14.274274274274275,0.015350171593277714,0.008855542780988972,0.9997603608708607,-0.0043172221744316695,8.709004351464491e-05,-0.08853518869519955,0.13093044928984016,0.13271799961112746,0,1,0
14.294294294294295,0.015535392164367376,0.00926102855448309,0.9996599126336425,-0.0050224118609123215,-0.0018989418302890965,-0.0993015936901908,0.13111274564438194,0.13327011416898027,0,1,0
14.314314314314315,0.015721836006303204,0.009322192096791403,0.9995562474899166,-0.005183257186295274,-0.00385980847817484,-0.09804333239429144,0.1313688345208436,0.13376064288497969,0,1,0
14.334334334334335,0.015901801004495363,0.008998249909607865,0.9994604193740448,-0.004791405793583792,-0.005796199216181413,-0.09681953690033361,0.131518063191688,0.13415031683080242,0,1,0
14.354354354354355,0.016067570271953234,0.008288463372893537,0.9993803897921738,-0.004001479093549226,-0.007546174622959233,-0.08749877033889647,0.13155596608022277,0.13432579316914392,0,1,0
14.374374374374375,0.016211555015924195,0.007199237198548003,0.999319283069414,-0.0030553361379919257,-0.009097317780277538,-0.07755715786592152,0.1315093492772099,0.13439591292625938,0,1,0
14.394394394394395,0.016326892271043465,0.005766862755963404,0.9992774014027263,-0.002094083334388243,-0.010419024651803437,-0.06608534357630186,0.1315091973512899,0.1344754942130693,0,1,0
14.414414414414415,0.01640746088183423,0.0040284305395382,0.9992558706254513,-0.001076538863747168,-0.011447060901287635,-0.0514018124742176,0.13137380467652415,0.13435730141413194,0,1,0
14.434434434434435,0.01644816359497658,0.0020351356571175743,0.999250883297928,-0.0002493663761668548,-0.012305528793427814,-0.042923394607017634,0.13190504390324614,0.13463982799403978,0,1,0
14.454454454454455,0.016444784544524044,-0.00016895252262678342,0.9992744501734749,0.001178343777345975,-0.013133687190373387,-0.041407919847287554,0.13119011574979175,0.1340728149235156,0,1,0
14.474474474474475,0.016394220683919505,-0.0025281930302268854,0.9993075407093079,0.0016545267916521559,-0.013915291129588666,-0.03908019696077342,0.1310483306801635,0.13407058932820023,0,1,0
14.494494494494495,0.016293257931626975,-0.005048137614626498,0.9993479802030687,0.002021974688037044,-0.014562183186810808,-0.03234460286111761,0.13094169096607233,0.13404011018194348,0,1,0
14.514514514514515,0.016138856225133065,-0.007720085324695593,0.9993936959433939,0.0022857870162603143,-0.015016006290268375,-0.02269115517288922,0.1308499845808463,0.1339720777382102,0,1,0
14.534534534534535,0.01592853393918285,-0.010516114297510612,0.9994422855223188,0.0024294789462497223,-0.015302512099350902,-0.014325290454137697,0.1307501042792978,0.13389074246234886,0,1,0
14.554554554554555,0.015660548556742034,-0.013399269122040921,0.9994910382365672,0.002437635712415135,-0.015402074606805845,-0.004978125372758668,0.13068662234775644,0.13381514779636142,0,1,0
14.574574574574575,0.015333776616580846,-0.016338597008059393,0.9995378769059526,0.0023419334692716494,-0.015263118793841493,0.0069477906482052175,0.1306381875819205,0.13369655820806678,0,1,0
14.594594594594595,0.014947896970353078,-0.0192939823113884,0.9995803213997804,0.0021222246913851365,-0.015001316383180575,0.013090120533034051,0.13059367258585974,0.13363126425011754,0,1,0
14.614614614614615,0.014503399732537156,-0.02222486189079608,0.99961675345129,0.0018216025754820267,-0.01448145973567002,0.025992832375515303,0.1306283510762769,0.13353293742891054,0,1,0
14.634634634634635,0.014001348734305636,-0.025102549911575983,0.9996462457354122,0.0014746142061086904,-0.013858214759748617,0.03116224879605852,0.13069326321412789,0.1337003899253036,0,1,0
14.654654654654655,0.01344365382469992,-0.02788474548028583,0.9996722703198848,0.0013012292236301204,-0.012905911175107861,0.04761517923202599,0.1305825828946281,0.1333505416373277,0,1,0
14.674674674674675,0.012832858618469856,-0.03053976031150315,0.9996880398042675,0.0007884742191346925,-0.011831550688495137,0.0537180243306249,0.13070321777173166,0.13332764262839722,0,1,0
14.694694694694695,0.01217266044233745,-0.03300990880662036,0.9996950518350136,0.00035060153730694587,-0.010735967800094661,0.05477914442001275,0.13075144518694878,0.13327811425922728,0,1,0
14.714714714714715,0.011467212894097373,-0.03527237741200383,0.9996933391175331,-8.563587402466729e-05,-0.009603406016376883,0.05662808918587894,0.13084249576163864,0.13325741717590467,0,1,0
14.734734734734735,0.010720734566734827,-0.037323916368127305,0.9996839922203947,-0.0004673448569187994,-0.008416506747858167,0.059344963425926434,0.13099750221225814,0.13327177488697345,0,1,0
14.754754754754755,0.009937562442057289,-0.03915860623387686,0.9996695651902497,-0.0007213515072502469,-0.00715292080143661,0.06317929732106965,0.1312120378569832,0.13331332614896077,0,1,0
14.774774774774775,0.009122295370138658,-0.04076335359593157,0.9996538936399886,-0.0007835775130567833,-0.005920433550629548,0.061624362540345916,0.13132732198063357,0.13330106606105355,0,1,0
14.794794794794795,0.008279835416527498,-0.04212299768055803,0.9996385423609957,-0.0007675639496420775,-0.004746392341094476,0.058702060476747746,0.1314641872808942,0.13331565470442058,0,1,0
14.814814814814815,0.007414941082127373,-0.04324471672000623,0.9996257866602122,-0.0006377850391774361,-0.0036129593528765004,0.056671649410894205,0.1317024409708306,0.13342126910511412,0,1,0
14.834834834834835,0.006532173651741382,-0.04413837151929956,0.999620745384558,-0.0002520637827099693,-0.0025879791833298502,0.05124900847732941,0.13166274207815257,0.1333589816953268,0,1,0
14.854854854854855,0.005635833779729289,-0.04481699360060467,0.9996219262429498,5.904291958561716e-05,-0.0013875832512179993,0.06001979660559084,0.13180145293443887,0.13319175493584504,0,1,0
14.874874874874875,0.004729901006055747,-0.04529663868367707,0.9996289192562559,0.00034965066530410544,-0.00016811243733335176,0.06097354069423224,0.13200308719970968,0.1331549292288677,0,1,0
14.894894894894895,0.003819032693231199,-0.04554341564122739,0.999644175397898,0.0007628070821048656,0.0009794911534640844,0.0573801795398733,0.13211752607039157,0.1330629407376332,0,1,0
14.914914914914915,0.0029079538494439817,-0.04555394218936087,0.9996680309922924,0.0011927797197238996,0.0020160406007004843,0.05182747236182313,0.13225660869704775,0.1330294103917822,0,1,0
14.934934934934935,0.0020011037964414156,-0.04534250265012831,0.9997020479471423,0.0017008477425000165,0.002939699274496431,0.046182933689802114,0.13247355956330567,0.13307002906479312,0,1,0
14.954954954954955,0.0011024546636814454,-0.04493245663799851,0.9997500359981106,0.0023994025484132433,0.003820236327407138,0.04402685264554188,0.1323920053279271,0.13276998110021998,0,1,0
14.974974974974975,0.00021555520135608229,-0.04434497311626816,0.9998063327999874,0.0028148400938382495,0.00461446883618002,0.039711625438652205,0.13234767886419876,0.13252735200144322,0,1,0
14.994994994994995,-0.0006561907991902115,-0.04358730002731469,0.9998666754988665,0.0030171349439579317,0.005238902936550577,0.031221705018537764,0.1323368479997884,0.13236937541502639,0,1,0
15.015015015015015,-0.0015097728847987975,-0.04267910428042931,0.9999285501263724,0.0030937313752936314,0.005758234320255431,0.025966569185254196,0.13227420678269827,0.13216954089223046,0,1,0
15.035035035035035,-0.0023428500976943943,-0.04165386064477984,0.9999880561421439,0.002975300788574196,0.006231255495913575,0.023651058782920523,0.13332027715711608,0.13261171081490616,0,1,0
15.055055055055055,-0.003153299821028299,-0.040522486166695244,1.0000672299978537,0.003958692785490506,0.006249842098987036,0.0009293301536881342,0.13303544977527557,0.13245130736513858,0,1,0
15.075075075075075,-0.0039393930693400634,-0.039304662415588214,1.000159464637635,0.004611731989070763,0.006093792871535527,-0.007802461372558536,0.1327294849496139,0.13210824391004725,0,1,0
15.095095095095095,-0.004701222036562223,-0.03809144836110802,1.0002551445592827,0.004783996082376436,0.005936379505262937,-0.007870668313610827,0.13254787900923334,0.13176959859964013,0,1,0
15.115115115115115,-0.005439509839629743,-0.03691439015337596,1.000346566258712,0.004571084971468832,0.0057752828918400285,-0.008054830671124832,0.13248794669080313,0.1315615806318054,0,1,0
15.135135135135135,-0.006154948795068676,-0.035771947771946665,1.0004297638796846,0.004159881048629561,0.0055931080547514,-0.009108741854408901,0.1324877130570259,0.13143586193835569,0,1,0
15.155155155155155,-0.0068482165508172085,-0.034663387787426614,1.000502875183151,0.0036555651733257977,0.005360330800373394,-0.011638862718875705,0.13252771985539755,0.13137476535295692,0,1,0
15.175175175175175,-0.007520119986009193,-0.03359517175959922,1.0005655917815386,0.0031358299193733467,0.005175271335712066,-0.009252973233039712,0.13266577619138611,0.13135106262705648,0,1,0
15.195195195195195,-0.008171613285030039,-0.032574664951042304,1.0006196127623008,0.0027010490381098335,0.005011236719678599,-0.008201730801644228,0.13280402702646593,0.13132875792627532,0,1,0
15.215215215215215,-0.008803494584581958,-0.03159406497759597,1.0006666596359401,0.0023523436819652284,0.004900401024541853,-0.005541784756805706,0.132934359252829,0.1312816430935961,0,1,0
15.235235235235235,-0.009416457505839661,-0.030648146062885212,1.0007079685064986,0.002065443527926462,0.004812655969660855,-0.004387252744015717,0.13188285612709646,0.1311364433891203,0,1,0
15.255255255255255,-0.010011103334477387,-0.029732291431886312,1.000725812806079,0.0008922149790241334,0.005628589197118547,0.04079666137292139,0.13174045330263134,0.13029337535035893,0,1,0
15.275275275275275,-0.01058788542241692,-0.028839104396976567,1.000705594795881,-0.0010109005099029752,0.006867186765614048,0.061929878424814816,0.13262400537572042,0.13072811057659742,0,1,0
15.295295295295295,-0.011143588583636434,-0.027785158060975746,1.0006668278128232,-0.001938349152880485,0.008289282602502125,0.07110479184444676,0.13322816144802133,0.13101092007686246,0,1,0
15.315315315315315,-0.011673343864696383,-0.02648776405299749,1.0006226215856544,-0.0022103113584421097,0.009741159029756466,0.07259382136276377,0.13360498707088314,0.1311533654431278,0,1,0
15.335335335335335,-0.012171545326143281,-0.02491007307234492,1.0005806265659056,-0.002099750987441108,0.01108285914540455,0.06708500578245488,0.13380482608768218,0.13120787755354146,0,1,0
15.355355355355355,-0.012632523186031953,-0.023048892994433565,1.000544559400811,-0.0018033582547245064,0.012316629804096797,0.06168853293466727,0.13390867210454396,0.13116867839338814,0,1,0
15.375375375375375,-0.013051007476503926,-0.020924214523598637,1.0005153229167534,-0.0014618242028852785,0.013343455010402207,0.051341260315329804,0.13392476560199948,0.1311143901307047,0,1,0
15.395395395395395,-0.013422241539473474,-0.018561703148477403,1.0004922946230719,-0.001151414684076099,0.01426354904634274,0.04600470179709078,0.13393085303126612,0.13099787374846547,0,1,0
15.415415415415415,-0.013742230039714889,-0.015999425012070762,1.0004737869537206,-0.0009253834675645137,0.015006446911218854,0.037144893243875036,0.13388534567118063,0.13088300504696804,0,1,0
15.435435435435435,-0.014007387894162133,-0.013257892722362203,1.0004573743624285,-0.0008206295646044478,0.015501055975203985,0.024730453199330926,0.13332434720222905,0.13129826993157098,0,1,0
15.455455455455455,-0.01421492023759434,-0.010376617171610387,1.0004408554311814,-0.0008259465623590623,0.01669512766319442,0.05970358439960132,0.13308177402099888,0.13041550298969376,0,1,0
15.475475475475475,-0.014363121147376472,-0.00741004548910658,1.000407530880989,-0.0016662275096236002,0.018027204767129556,0.06660385519684167,0.13365129580392698,0.13065519946052065,0,1,0
15.495495495495495,-0.014447137975710806,-0.004200841416716738,1.0003693124256665,-0.0019109227661213957,0.01924905839668533,0.06109268147787946,0.1339305745672449,0.1307555527151006,0,1,0
15.515515515515515,-0.014461688248437927,-0.000727513636356078,1.000331732778988,-0.0018789823339232328,0.02028319551216356,0.05170685577400876,0.13401430331139105,0.1307153649054638,0,1,0
15.535535535535535,-0.014401931024603042,0.002987861191744238,1.0002953475780234,-0.0018192600482322002,0.020956828764877627,0.03368166263580724,0.13396741921717584,0.13067499604557312,0,1,0
15.555555555555555,-0.014263868146990794,0.006903143880612379,1.0002587842899922,-0.0018281644015625345,0.02133419053514587,0.018868088513523146,0.13393385637494792,0.13062707810301322,0,1,0
15.575575575575575,-0.014044860750034303,0.010950369847824484,1.0002207816022788,-0.00190013438566881,0.021358074795534393,0.0011942130195437065,0.13377289458296188,0.13051286963977138,0,1,0
15.595595595595595,-0.013743510734581436,0.015067500772643311,1.0001772325734828,-0.0021774514398032966,0.021053539407687363,-0.01522676939222686,0.13366254942178157,0.13047066958564774,0,1,0
15.615615615615615,-0.013359750708043973,0.019188001326873136,1.0001258757938873,-0.002567838979770316,0.020432251113475765,-0.031064414710448192,0.13344830989264425,0.13034251281410905,0,1,0
15.635635635635635,-0.012894859647807096,0.023244553011843815,1.0000616651183574,-0.003210533776502919,0.01952590054282868,-0.0453175285322155,0.13386170850144324,0.13052587336453014,0,1,0
15.655655655655655,-0.01235106642325161,0.0271896612277743,0.9999934899381424,-0.0034087590107464765,0.01811563100127487,-0.07051347707754399,0.1335419673319247,0.13046068217393944,0,1,0
15.675675675675675,-0.011731975487808934,0.03095454677213375,0.9999157195605227,-0.003888518880985026,0.01629650637399517,-0.0909562313638309,0.13341188618781952,0.13056576109630535,0,1,0
15.695695695695695,-0.011043099017120157,0.03444382353443886,0.9998280874479856,-0.004381605626857066,0.014238498318664656,-0.1029004027663645,0.13334998863603792,0.1306765599951593,0,1,0
15.715715715715715,-0.010291484097740172,0.037580745968999234,0.9997314403700248,-0.00483235389803923,0.011974979449424912,-0.11317594346181843,0.1333172598066592,0.13081781114726798,0,1,0
15.735735735735735,-0.009485121835037557,0.040318113135130715,0.9996275087989724,-0.005196578552618496,0.009577520285901753,-0.1198729581759824,0.13337197233299594,0.1310302710385008,0,1,0
15.755755755755755,-0.008632796066154596,0.042616288444148095,0.9995203666492476,-0.005357107486242265,0.00712314551420806,-0.1227187385845014,0.13344791459256367,0.13124996123770258,0,1,0
15.775775775775776,-0.00774379802110268,0.0444499022525958,0.9994144946580595,-0.00529359955940186,0.004616219842184669,-0.12534628360097885,0.1335500017827868,0.13150432672669496,0,1,0
15.795795795795796,-0.006827673364749738,0.04580623281764712,0.9993152538404318,-0.004962040881382215,0.0020991870644744624,-0.12585163888531203,0.13374112557994533,0.13183653677383642,0,1,0
15.815815815815816,-0.005894147703860657,0.046676283044454016,0.999230454988687,-0.004239942587243653,-0.00047415412108026817,-0.12866705927753072,0.13364916037702623,0.13194818938928532,0,1,0
15.835835835835836,-0.004953058032796237,0.04705448355322102,0.9991604230195743,-0.003501598455636783,-0.00306737384371907,-0.12966098613172677,0.13392636050190282,0.13214780333358175,0,1,0
15.855855855855856,-0.004014483337096883,0.046928734784967716,0.9991122300715841,-0.0024096473995100344,-0.005838746674589826,-0.13856864154331658,0.1337118843536236,0.1322297614217504,0,1,0
15.875875875875876,-0.003088590569503856,0.046294638379651344,0.9990838948225983,-0.0014167624492919916,-0.008645721558959362,-0.14034874421824775,0.13386083100798138,0.13263222659473695,0,1,0
15.895895895895896,-0.002186266239988226,0.0451162164757815,0.9990835375752886,-1.7862365486615147e-05,-0.01143954777070154,-0.13969131058687276,0.13372923193797792,0.13274972243602315,0,1,0
15.915915915915916,-0.001318522394897386,0.043387192254542,0.999110869142568,0.0013665783639705764,-0.014151813288015291,-0.1356132758654439,0.13353654102795517,0.13278259848701493,0,1,0
15.935935935935936,-0.0004962561909274548,0.04111331019849656,0.9991634112877802,0.0026271072606109773,-0.016803915093327963,-0.1326050902653832,0.13326673343289785,0.132763920676145,0,1,0
15.955955955955956,0.0002699322479367698,0.03830942194321123,0.9992367536561926,0.0036671184206206056,-0.019271366714562102,-0.12337258106144952,0.1330365711558168,0.13273797601855625,0,1,0
15.975975975975976,0.0009697229130706324,0.03498953325669313,0.999326940831571,0.004509358768922237,-0.02152070049044313,-0.11246668879378749,0.132892120334492,0.13277590600950073,0,1,0
15.995995995995996,0.0015935188058336337,0.031189794638150064,0.999432219788199,0.005263947831396094,-0.0235723991715497,-0.10258493405505811,0.13272435981356528,0.1328244582210307,0,1,0
16.016016016016017,0.002132603700256773,0.026954244721156963,0.9995506443329021,0.005921227235153353,-0.025440166153525137,-0.09338834909849647,0.13242919544503856,0.132769560014055,0,1,0
16.036036036036037,0.0025790903717391313,0.022324333574117915,0.9996768478252395,0.006310174616870938,-0.027047406769946058,-0.08036203082076603,0.13081830712329276,0.13231458594783957,0,1,0
16.056056056056057,0.002926471038616786,0.017369033343882727,0.9997800549855619,0.005160358016122209,-0.027565224100511366,-0.025890866527981865,0.13089717313014582,0.13212139318591162,0,1,0
16.076076076076077,0.003168619848344585,0.012107440486389936,0.9998584082934217,0.003917665392985953,-0.027387958402661124,0.008863284892797786,0.13098922249201697,0.13210433205665342,0,1,0
16.096096096096097,0.003303570448291494,0.00674752999734544,0.9999129631741189,0.002727744034865422,-0.026759549495218207,0.031420445372434505,0.13107526501770075,0.13220816369762983,0,1,0
16.116116116116117,0.0033320051576167906,0.00142173546626483,0.9999465505052247,0.0016793665552904972,-0.02579824449822658,0.048065249849872066,0.13112440659733443,0.13232507033365776,0,1,0
16.136136136136138,0.0032563668005093586,-0.0037819178553715966,0.9999616957321277,0.0007572613451490094,-0.02456254376806703,0.06178503650826973,0.13116725436698135,0.13246556093440628,0,1,0
16.156156156156158,0.0030804323484032287,-0.0087967226053065,0.999961212660266,-2.4153593081755647e-05,-0.023160251172120463,0.07011462979762004,0.13129197741824183,0.1327474316408511,0,1,0
16.176176176176178,0.002808920875616891,-0.013575573639316893,0.9999512445976771,-0.0004984031294478402,-0.02154723164300071,0.08065097645627795,0.13128760588064095,0.1328763912840548,0,1,0
16.196196196196198,0.002447384575466461,-0.018076815007521507,0.9999337676745358,-0.0008738461570679053,-0.019831178117585526,0.08580267627104571,0.13117875481504096,0.1329095371181533,0,1,0
16.216216216216218,0.0020022232948719715,-0.022258064029724467,0.9999078016910612,-0.0012982991737325,-0.01802313250237786,0.09040228076066482,0.1310312959780882,0.1328836528441111,0,1,0
16.236236236236238,0.00148021329989043,-0.02610049974907707,0.9998709180018764,-0.0018441844592395693,-0.016050599282080677,0.09862666101513363,0.12802563426581479,0.1312467255970095,0,1,0
16.256256256256258,0.0008897446522657463,-0.029523432381234182,0.9997544824734889,-0.0058217764193772325,-0.012977809125170247,0.15363950784578426,0.1279977853327306,0.13062260623664748,0,1,0
16.276276276276278,0.00023864358003682844,-0.032555053611445894,0.9995489666364668,-0.01027579185110718,-0.00946606087683996,0.17558741241676523,0.1299201511625993,0.13225840457510996,0,1,0
16.296296296296298,-0.00046196776249330415,-0.03503056712650663,0.999307250466535,-0.012085808496589238,-0.005810499338366448,0.18277807692391448,0.13121488856271327,0.13339494059436519,0,1,0
16.316316316316318,-0.0011987751382875767,-0.03684036878971363,0.9990655042801662,-0.012087309318440086,-0.0021680639523597714,0.1821217693005601,0.1320914307074246,0.13416921042778446,0,1,0
16.336336336336338,-0.0019575320181583755,-0.03793784399353994,0.9988482935962393,-0.01086053419634245,0.0012667032603227955,0.1717383606343408,0.13243875198471072,0.13450779261265833,0,1,0
16.356356356356358,-0.002723864205211427,-0.038316609352652575,0.9986658372412933,-0.009122817747298692,0.0044325263491774205,0.15829115444292896,0.1326326488759723,0.1347229655318375,0,1,0
16.376376376376378,-0.003484142312565033,-0.038013905367680276,0.9985242016258542,-0.007081780771956627,0.0072735411433392065,0.14205073970827137,0.13257240965869518,0.13470138201391318,0,1,0
16.396396396396398,-0.004225777437180927,-0.03708175623079472,0.9984221388411404,-0.005103139235689906,0.009714917999141958,0.12206884279030299,0.13273408355116562,0.13495458810292263,0,1,0
16.416416416416418,-0.004937450722984615,-0.03558366429018442,0.9983657292524384,-0.002820479435098353,0.01178190019885913,0.10334910998600687,0.1323621560209578,0.13465977319507783,0,1,0
16.436436436436438,-0.0056095559680750225,-0.03360526225452037,0.9983450134207636,-0.0010357915837348435,0.01349663177920134,0.08573657901724105,0.13249861542183972,0.13490521163519403,0,1,0
16.456456456456458,-0.006233849386577791,-0.031214670925138428,0.9983655608140495,0.001027369664292453,0.014944671759738041,0.07240199902694795,0.13216332364779115,0.13456934143987306,0,1,0
16.476476476476478,-0.0068036356906655965,-0.028489315204390273,0.9984173433416951,0.0025891263822822837,0.016054173521287837,0.05547508807758611,0.13202166920911165,0.13447087280944134,0,1,0
16.496496496496498,-0.007313212108718661,-0.025478820902653215,0.9984967226533685,0.003968965583673303,0.016793244687919973,0.03695355833168572,0.13172590647963708,0.1342418152807213,0,1,0
16.516516516516518,-0.00775829634033147,-0.02225421158064046,0.9985958567458298,0.004956704623066282,0.017162513798702938,0.018463455539211398,0.1314488141562782,0.13404203585475832,0,1,0
16.536536536536538,-0.008136148929568682,-0.01889262946186058,0.9987076340226796,0.0055888638424888,0.017326919354477277,0.00822027778876367,0.13126742507341133,0.13384185346855546,0,1,0
16.556556556556558,-0.00844538889725866,-0.015461998384498913,0.9988263777481518,0.00593718627360854,0.017221491454577773,-0.005271394994944651,0.13104859991993947,0.13364975201995558,0,1,0
16.576576576576578,-0.008685488908155977,-0.012005000544865927,0.9989459899000201,0.0059806075934224915,0.016891991512113978,-0.0164749971231754,0.1309194994346891,0.13352238524897464,0,1,0
16.596596596596598,-0.008856943615322653,-0.008572735358333822,0.9990626786681299,0.005834438405491045,0.016370073099311263,-0.026095920640139825,0.13081720364343313,0.1334113156058455,0,1,0
16.616616616616618,-0.008961101361638649,-0.005207887315799813,0.9991733055509796,0.005531344142482866,0.015656678901189987,-0.03566970990608825,0.13079276913230972,0.13338446391665382,0,1,0
16.636636636636638,-0.009000024110392392,-0.001946137437687135,0.9992771448312393,0.005191964012984122,0.014762651554031846,-0.044701367357956316,0.1309488312299955,0.1334819048653373,0,1,0
16.656656656656658,-0.008976508518760695,0.0011757795815847943,0.9993779963573256,0.005042576304312466,0.013763767123279218,-0.04994422153771109,0.1308766012480551,0.13337309677668466,0,1,0
16.676676676676678,-0.00889413630378474,0.004118610748797741,0.9994732316434441,0.004761764305925831,0.012707997855483693,-0.052788463389893986,0.13086683646099886,0.13329587281609656,0,1,0
16.696696696696698,-0.008756898126597266,0.0068619088593736745,0.9995616178630493,0.004419310980258603,0.011662383048510708,-0.0522807403488147,0.1309114747851357,0.13323595653075604,0,1,0
16.716716716716718,-0.008568918596020098,0.009398976528858424,0.9996429833803514,0.004068275865107159,0.010524445473891844,-0.05689687873116862,0.130975204522129,0.1332636351075618,0,1,0
16.736736736736738,-0.00833429534228013,0.011731162686998413,0.99971873215862,0.0037874389134273435,0.009307458805959507,-0.06084933339691822,0.13099501104424696,0.1332332690451838,0,1,0
16.756756756756758,-0.00805753542182187,0.013837996022912958,0.9997887571848886,0.0035012513134316846,0.008069580776733419,-0.06189390146169934,0.13105283265325787,0.1332131128459501,0,1,0
16.776776776776778,-0.007743435188432363,0.015705011669475345,0.9998536636787454,0.003245324692843549,0.006821371940472401,-0.06241044181356045,0.13115697240830818,0.13323758292288548,0,1,0
16.796796796796798,-0.007396932055055685,0.017325156668833927,0.9999153990161239,0.0030867668689259823,0.00570456935165196,-0.055840129441667684,0.13118564870509877,0.1330915985729108,0,1,0
16.816816816816818,-0.007022950011503414,0.018699102177613582,0.9999722617423049,0.002843136309050795,0.0046238797001005435,-0.05403448257837701,0.13123328490371108,0.13302836603298715,0,1,0
16.836836836836838,-0.006625937834891328,0.019850608830604296,1.000024048188962,0.0025893223328512694,0.003635198731440742,-0.04943404843398173,0.13125207118420762,0.13287034834470443,0,1,0
16.856856856856858,-0.006210177349054709,0.020788024291830968,1.0000687175397716,0.002233467540482912,0.0026769675772561133,-0.04791155771043486,0.13133078496051737,0.13281978699903493,0,1,0
16.876876876876878,-0.005779582556255952,0.02152973963993783,1.0001067028406552,0.0018992650441820827,0.001736199396137648,-0.047038409057365935,0.13145573548885173,0.1328042193820172,0,1,0
16.896896896896898,-0.005338002539850607,0.02207900082026725,1.0001396364083135,0.0016466783829157177,0.0009001679972794926,-0.041801569944610005,0.13158457457186,0.13272094304687648,0,1,0
16.916916916916918,-0.004889177833004017,0.022441235342329467,1.0001682013724,0.0014282482043251085,0.00011226069124291009,-0.03939536530380924,0.13162703185733404,0.1326040215982726,0,1,0
16.936936936936938,-0.004436472921149659,0.022635245592717904,1.0001912988757735,0.0011548751686782696,-0.0005816430547792546,-0.03469518730337778,0.13177244948928302,0.13256527148383965,0,1,0
16.956956956956958,-0.003983026498886366,0.022672321113164636,1.0002105107392545,0.000960593174052927,-0.0012236069612418148,-0.03209819532569626,0.1319692571029847,0.13259936472046652,0,1,0
16.976976976976978,-0.0035316591722804385,0.02256836633029638,1.0002292570778513,0.0009373169298338359,-0.001748581677102511,-0.026248735795895515,0.13222455628129723,0.13263862603134846,0,1,0
16.996996996996998,-0.003084914214556978,0.022337247886173032,1.000251899476211,0.0011321199179869538,-0.0022874784388079096,-0.026944838088420287,0.13232301447307854,0.13260343601540175,0,1,0
17.017017017017018,-0.002644964305955112,0.02199749543009329,1.000279372177934,0.0013736350861445023,-0.0027329134189807026,-0.022271749012052196,0.13234946588416324,0.13242636485821516,0,1,0
17.037037037037038,-0.0022139877118622516,0.021548829704643016,1.0003094395169165,0.0015033669491333248,-0.003115964620095521,-0.019152560059377984,0.13120687807249037,0.13124453793399743,0,1,0
17.057057057057058,-0.0017937082993628249,0.02101397062497134,1.000307661461917,-8.89027499760052e-05,-0.0033315982405712854,-0.010781681027619753,0.1318550796714281,0.13160963791719751,0,1,0
17.077077077077078,-0.001385709131144756,0.020399958410903446,1.0002890454597901,-0.0009308001063519204,-0.003515770111638477,-0.009208593557316559,0.13218080731495666,0.13174997915795744,0,1,0
17.097097097097098,-0.0009909560036626235,0.019737656374106627,1.0002604934831139,-0.0014275988338163313,-0.003621681396616814,-0.005295564252904915,0.13243196908976868,0.13178827656006184,0,1,0
17.117117117117118,-0.0006102640728532221,0.01903459654047007,1.0002262913240023,-0.0017101079555800187,-0.003665395100125522,-0.0021856851793438515,0.13265564719855735,0.13179875830217166,0,1,0
17.137137137137138,-0.00024414019517147675,0.018306193884087264,1.0001899065150262,-0.0018192404488039714,-0.0036637094734878663,8.428132818500376e-05,0.13257220164110986,0.13148437145528483,0,1,0
17.157157157157158,0.00010718394766801628,0.01756620714197465,1.0001454446583764,-0.002223092832485689,-0.0036431877934905844,0.001026083996533774,0.1325745466750824,0.13127886555336898,0,1,0
17.177177177177178,0.0004436639487136426,0.016824000052281317,1.0000898960077809,-0.0027774325297760536,-0.0036505075706058684,-0.00036598885856810987,0.13270533828580428,0.13123531545326753,0,1,0
17.197197197197198,0.0007653315544711538,0.016083380287875558,1.0000245533145578,-0.0032671346611531267,-0.0037407919408522262,-0.004514218514442354,0.1328769092324006,0.13126946954510504,0,1,0
17.217217217217218,0.0010720819562752841,0.015337520090206516,0.9999524642323666,-0.0036044541095556384,-0.0038985680962780314,-0.007888807772567286,0.13307787631831433,0.13133834389062785,0,1,0
17.237237237237238,0.0013634574008263955,0.014568772227555565,0.9998776250783733,-0.0037419576996672033,-0.004057011892211886,-0.0079221897969291,0.1335374271090666,0.1313158749756571,0,1,0
17.25725725725726,0.001638788426429667,0.013766551280163571,0.9998065087296591,-0.00355581743570726,-0.004551380655302004,-0.02471843815343861,0.13333580368317863,0.13121367950568227,0,1,0
17.27727727727728,0.0018973916982959716,0.012930163593315237,0.999734611729624,-0.003594850001760305,-0.005148159561367291,-0.029838945300771646,0.13347520377387373,0.1313400052294818,0,1,0
17.2972972972973,0.002137302584644266,0.011995544317414713,0.9996658623766331,-0.0034374676495408474,-0.005840229078652048,-0.034603475860230465,0.13361195967462533,0.13150303940565916,0,1,0
17.31731731731732,0.002356035046394487,0.010936623087511047,0.9996046905916987,-0.0030585892467252748,-0.006371612893701807,-0.026569190746807782,0.13364632480490946,0.1314042837925747,0,1,0
17.33733733733734,0.0025508757429556334,0.009742034828057328,0.9995501275238069,-0.002728153394589289,-0.006847455507176725,-0.023792130666300086,0.13366299880282118,0.13138777961162865,0,1,0
17.35735735735736,0.002719742482480972,0.00844333697626693,0.9995021629483499,-0.0023982287728473864,-0.007302799773589705,-0.02276721331140793,0.1336839548619577,0.13140551626483687,0,1,0
17.37737737737738,0.0028606702549269333,0.007046388622298065,0.9994613577275597,-0.002040261039510246,-0.007561726100751265,-0.01294631634696118,0.13375597672478615,0.13136266407389016,0,1,0
17.3973973973974,0.0029718484638735993,0.0055589104473333035,0.999428131341199,-0.001661319318034833,-0.0076791422302588865,-0.005870806462362835,0.13377060685802183,0.13129612942857208,0,1,0
17.41741741741742,0.003052188072832159,0.004016980447927983,0.9994017072971195,-0.0013212022039720888,-0.007569901526483546,0.00546203520371592,0.13380423077509368,0.13119120344993215,0,1,0
17.43743743743744,0.003101215952791824,0.002451393997983233,0.9993810257860093,-0.0010340755555091332,-0.007306024511178926,0.01319385078206763,0.13488484293334194,0.13229651501597073,0,1,0
17.45745745745746,0.0031191041890448563,0.0008944118126516312,0.9993984732050369,0.000872370951385085,-0.006845394223791839,0.02303151438792207,0.13444277422875872,0.1317227708039317,0,1,0
17.47747747747748,0.003107016618130437,-0.0006043785457209741,0.9994390086443999,0.002026771968150393,-0.006311483514085629,0.026695535505449532,0.13411795154940015,0.13134402384362473,0,1,0
17.4974974974975,0.0030668212280344415,-0.0020097695047997678,0.999492221946278,0.002660665093901037,-0.00570942387884861,0.030102981783351895,0.13391180584768972,0.1310865051460786,0,1,0
17.51751751751752,0.003000635782064383,-0.0033092722985029284,0.9995512579582387,0.0029518005980382076,-0.00503143686911209,0.033899350509432616,0.1337886950233694,0.13090814791486263,0,1,0
17.53753753753754,0.002910830720461215,-0.004490253080158391,0.9996116647660422,0.0030203403901734745,-0.004285643759823713,0.03728965548781962,0.13370668379166378,0.13078856961560162,0,1,0
17.55755755755756,0.002800095488709617,-0.0055367615875799095,0.9996704701741177,0.002940270403773645,-0.0035323674696285724,0.03766381453356658,0.13363439037492275,0.13072253659547922,0,1,0
17.57757757757758,0.0026714076264646434,-0.006434393112248677,0.9997256385345822,0.0027584180232244518,-0.0028559900443634787,0.03381887128702609,0.13357192664340617,0.130730535100179,0,1,0
17.5975975975976,0.002527709769257724,-0.00718489286034597,0.9997763744922677,0.002536797884279258,-0.002180115222846376,0.0337937410991326,0.13353845090030084,0.13072902384539373,0,1,0
17.61761761761762,0.0023716816096324023,-0.00780140798126608,0.9998221681829,0.002289684531616205,-0.0015365295440986572,0.03217928395968344,0.13351312666763812,0.1307620459173864,0,1,0
17.63763763763764,0.00220595614352289,-0.008286273305475616,0.9998631403112836,0.0020486064191822745,-0.0008536831006648463,0.03414232219252095,0.1332823547057032,0.13075996178018146,0,1,0
17.65765765765766,0.0020331130956622464,-0.008642152393032185,0.999895845844025,0.0016352766370709422,-5.395394665790679e-05,0.03998645771918033,0.13334506024783369,0.13077360171213379,0,1,0
17.67767767767768,0.0018558573534073449,-0.008862787112745076,0.9999214190170399,0.0012786586507418042,0.0007564868001709005,0.04052203735780927,0.13341043002920316,0.13085762278038912,0,1,0
17.6976976976977,0.00167733888866821,-0.008925923236956743,0.999942074448202,0.0010327715581052682,0.00155239344899215,0.03979533245451145,0.13343895307222714,0.13092492802340383,0,1,0
17.71771771771772,0.0015007405262994398,-0.008829918118438515,0.9999592307008687,0.0008578126333315013,0.002347845859815721,0.03977262055127586,0.13346103126506564,0.13097588365539664,0,1,0
17.73773773773774,0.0013292514059604576,-0.008574456016949112,0.9999739661577407,0.000736772843601371,0.003030422433588143,0.03412882869497278,0.13342952261406127,0.13105030689676905,0,1,0
17.75775775775776,0.0011660329951476375,-0.008160920540641008,0.9999869105117151,0.0006472176987197569,0.003600563376303766,0.028507047138050957,0.13339183058176857,0.13111941983842185,0,1,0
17.77777777777778,0.0010137834168386063,-0.007612478915451559,0.9999985220635672,0.000580577592609257,0.004100850465015895,0.025014354433518064,0.1333684692188879,0.1311752322151388,0,1,0
17.7977977977978,0.0008748112182384338,-0.006948609930008624,1.0000092741584707,0.0005376047451727785,0.004454579348475768,0.017686444166338508,0.13330128335737249,0.13124853685906834,0,1,0
17.81781781781782,0.0007511198617024434,-0.00618456782679952,1.000019249894197,0.000498786786322285,0.004692393091787986,0.011890687154254455,0.13323867869484224,0.13131422396758893,0,1,0
17.83783783783784,0.0006441972346254488,-0.005346131353849731,1.000028489005749,0.00046195557758847076,0.00472149044236686,0.0014548675128202258,0.13319516742047222,0.13128556781724934,0,1,0
17.85785785785786,0.0005550111164447698,-0.004459305909033948,1.000035918095096,0.000371454467354538,0.0044751914842649084,-0.012314947925968704,0.1330473457560894,0.13142035521374995,0,1,0
17.87787787787788,0.0004837558633559412,-0.0035627626544414317,1.0000413435274873,0.00027127161956292257,0.004022873434582707,-0.02261590250968394,0.132918138770179,0.13157699005232226,0,1,0
17.8978978978979,0.0004295401670977874,-0.002710784812907691,1.0000451760748361,0.00019162736743719714,0.003454599217162695,-0.028413710901207333,0.1327730806741812,0.13168808909640325,0,1,0
17.91791791791792,0.00039066191287559325,-0.0019439127111097062,1.000046920175041,8.720501024212293e-05,0.002835900394541143,-0.030934941165842597,0.13266759796537453,0.13180401998624428,0,1,0
17.93793793793794,0.0003649726783344179,-0.0012844617270587678,1.0000467389391945,-9.06179233215014e-06,0.002194450557762154,-0.032072491878216564,0.1326556192370001,0.1319942797568688,0,1,0
17.95795795795796,0.00035007427996609997,-0.0007449199184158959,1.0000472811817587,2.7112128208050168e-05,0.001656481731833924,-0.026898441340082693,0.13261920505739133,0.13207744877872307,0,1,0
17.97797797797798,0.0003435717873516034,-0.00032512463072482993,1.0000492458909467,9.823545939494798e-05,0.0010891159435448454,-0.02836828946258484,0.13244302342259978,0.13209050618368212,0,1,0
17.997997997998,0.00034343310554693483,-6.934090233427065e-06,1.0000502204767918,4.87292922613485e-05,0.000486534985750968,-0.03012904794242035,0.13226531925003868,0.13212714915086932,0,1,0
18.01801801801802,0.0003474812686909845,0.00020240815720248557,1.0000481181973349,-0.00010511397284284138,-7.39470356611717e-05,-0.028024101128135,0.13212308533600028,0.13216712154364357,0,1,0
18.03803803803804,0.0003534362275282019,0.0002977479418608682,1.0000414259267296,-0.00033461353026165196,-0.0006026942159017383,-0.026437359074767564,0.132652079564087,0.1334681325586473,0,1,0
18.05805805805806,0.0003592235757918192,0.00028936741318086713,1.000057255306402,0.0007914689836210792,-0.0007176116776920738,-0.005745873159100644,0.132087750664883,0.1328960382819843,0,1,0
18.07807807807808,0.00036281340977921596,0.000179491699369837,1.000078769735244,0.0010757214420986049,-0.0005108314071997825,0.010339013447639295,0.13186890419384983,0.13270059113570662,0,1,0
18.0980980980981,0.0003638468429063482,5.1671656356611925e-05,1.0000998312337996,0.001053074927785359,-0.0001330575011131045,0.018888695219061447,0.1316903891750459,0.13259586249752894,0,1,0
18.11811811811812,0.00036320438167648225,-3.2123061493298955e-05,1.0001162440981062,0.0008206432153257991,0.0003438082316056237,0.023843286541303695,0.13164157358589967,0.13264393164727975,0,1,0
18.13813813813814,0.0003624250307671046,-3.896754546888288e-05,1.0001279977459936,0.0005876823943676456,0.0008817563219519747,0.02689740441208766,0.13157664373716396,0.13268995501037104,0,1,0
18.15815815815816,0.0003634064648457703,4.9071703933283684e-05,1.0001348118846467,0.0003407069326511361,0.0015103661012968175,0.03143048885017544,0.131519993704365,0.13271326978204542,0,1,0
18.17817817817818,0.00036833511879725135,0.0002464326975740519,1.0001361913679538,6.897416535693899e-05,0.0021378095940942973,0.0313721745093015,0.13148527882325423,0.13279732382338982,0,1,0
18.1981981981982,0.0003797586181863223,0.0005711749694535459,1.0001328642024112,-0.0001663582771300292,0.0026936290731041424,0.027790973804393975,0.13134456544471815,0.13280767475523703,0,1,0
18.21821821821822,0.00040021361706578975,0.0010227499439733735,1.0001228946158192,-0.0004984793296031988,0.0031363519169108948,0.02213614202639543,0.1311769241109745,0.1327905863979816,0,1,0
18.23823823823824,0.00043191703584732606,0.0015851709390768162,1.000103540627452,-0.0009676994183579041,0.003491587653252502,0.01776178663314039,0.1313296077318655,0.1323878515492431,0,1,0
18.25825825825826,0.0004766484548626563,0.0022365709507665126,1.0000710927461014,-0.0016223940675366686,0.00319953138679934,-0.014602813525891704,0.13072108363185278,0.13229059076588723,0,1,0
18.27827827827828,0.0005358027539814445,0.0029577149559394107,1.0000150903637697,-0.0028001191165897975,0.0025853120819314063,-0.030710965469618733,0.13079404762829772,0.13268043093705154,0,1,0
18.2982982982983,0.0006083379784932849,0.003626761225592023,0.9999423936105957,-0.0036348376586986383,0.0017596285746173846,-0.041284175618301056,0.13087862422064925,0.13303147714046307,0,1,0
18.31831831831832,0.000691896635163954,0.004177932833533456,0.9998594630706189,-0.0041465269988398765,0.0008908290459952682,-0.04343997671269688,0.1309895199836486,0.13329501446045913,0,1,0
18.33833833833834,0.0007833547109129215,0.004572903787448376,0.9997718529052794,-0.004380508266978566,-8.097146517901947e-05,-0.04859002587219458,0.1310154647426952,0.1335171574761348,0,1,0
18.35835835835836,0.0008793225187709997,0.004798390392903908,0.9996832429954917,-0.004430495489380831,-0.001015360096273967,-0.046719431901986526,0.13105130224198758,0.13366499105242755,0,1,0
18.37837837837838,0.0009760152418592471,0.004834636154412374,0.9995963559363749,-0.004344352955842248,-0.0018686267609499864,-0.04266333361618116,0.13105765748151388,0.13375246602016344,0,1,0
18.3983983983984,0.0010698300306950519,0.004690739441790241,0.9995125797956393,-0.004188807036775399,-0.002697102769986606,-0.04142380087081204,0.1310358267753554,0.1338437797289772,0,1,0
18.41841841841842,0.0011574535256648132,0.0043811747484880665,0.999432939122276,-0.003982033668167327,-0.003479530836822743,-0.03912140379828268,0.13099435799800427,0.13389895415711411,0,1,0
18.43843843843844,0.0012356549046873683,0.0039100689511277495,0.9993576295404907,-0.003765479089270224,-0.00417846397708059,-0.03494665750700402,0.13193557346596743,0.13494340475679942,0,1,0
18.45845845845846,0.0013012779121768,0.0032811503744715853,0.9993160586645444,-0.002078543797310033,-0.00474315006579944,-0.028234304967326915,0.13148766700186382,0.13452261880911548,0,1,0
18.47847847847848,0.001351631879531174,0.0025176983677187063,0.9992953465084682,-0.001035607803810916,-0.00518832365865162,-0.0222586802099414,0.13118376973220014,0.1342430453108151,0,1,0
18.4984984984985,0.0013845580565112687,0.0016463088490047252,0.999286839231194,-0.0004253638637111188,-0.005543805646631854,-0.017774100000490674,0.13098101525248412,0.13407486245956998,0,1,0
18.51851851851852,0.001398279910259491,0.0006860926874111171,0.9992850328461409,-9.03192526561299e-05,-0.005676823619479617,-0.006650899274547163,0.1308910709972396,0.13391710667328757,0,1,0
18.53853853853854,0.0013914384520341988,-0.00034207291126460773,0.999286250289024,6.087214415413417e-05,-0.005673494138699184,0.00016647337971592482,0.13082733553498244,0.13382330640682066,0,1,0
18.55855855855856,0.0013635237205323785,-0.0013957365750910092,0.9992881548070929,9.522590344724372e-05,-0.005555216838810974,0.005913864312025856,0.1308000471274389,0.13376437569083818,0,1,0
18.57857857857858,0.0013146022491088386,-0.0024460735711769924,0.9992894691746027,6.57183754935709e-05,-0.005436409547539003,0.005940363862078582,0.13075974858124398,0.13375149092473168,0,1,0
18.5985985985986,0.0012451077252861496,-0.0034747261911344525,0.9992894081054617,-3.0534570510874738e-06,-0.005229105447051538,0.010365204308918421,0.13077084666977407,0.13372718856117283,0,1,0
18.61861861861862,0.0011554478814273972,-0.004482992192937621,0.9992877785422885,-8.14781586664181e-05,-0.004848127330522508,0.0190489051032472,0.13082749970595314,0.13367369487142042,0,1,0
18.63863863863864,0.0010464215359444749,-0.005451317274146116,0.9992846316214027,-0.00015734604428711293,-0.004356064963648005,0.024603117619005615,0.13122319023476411,0.1340381959088701,0,1,0
18.65865865865866,0.000919445152215688,-0.0063488191864393435,0.9992912368296705,0.0003302604133907807,-0.00373586140496655,0.031010177214008856,0.13113710600019693,0.13381814022755295,0,1,0
18.67867867867868,0.0007764511817534799,-0.007149698523110407,0.9993030677029675,0.0005915436648540475,-0.0030542554035370376,0.0340802993628123,0.13104500810293432,0.13361154415402593,0,1,0
18.6986986986987,0.0006198317734969611,-0.007830970412825941,0.9993157090259589,0.000632066149571072,-0.0022895018266929088,0.03823767815189506,0.1311052017381478,0.13352544138630956,0,1,0
18.71871871871872,0.0004522484754564308,-0.008379164902026514,0.999328786034523,0.0006538504282055432,-0.0015353903690221505,0.03770557221808916,0.1311519058685311,0.13344655428272478,0,1,0
18.73873873873874,0.0002766570011880099,-0.008779573713421043,0.9993418299558071,0.0006521960642072261,-0.0008084894901044844,0.03634504331176574,0.1313710206933938,0.1335165132974437,0,1,0
18.75875875875876,9.597185727262328e-05,-0.00903425719576933,0.9993591290134544,0.0008649528823610317,-0.00016066891670121853,0.032391028073529705,0.13142982136166972,0.13345179307927432,0,1,0
18.77877877877878,-8.695285122953283e-05,-0.009146235425107806,0.9993805988533782,0.0010734919961914971,0.0003063552486041907,0.023351207711672317,0.13141146031306683,0.13336666430695363,0,1,0
18.7987987987988,-0.00026972727093629704,-0.00913872098533821,0.999404707524844,0.0012054335732909086,0.0008331556366509409,0.026340018897486796,0.13140269426847,0.13314094888929037,0,1,0
18.81881881881882,-0.0004505477061223734,-0.009041021759303816,0.999427981095022,0.0011636785088982287,0.001298576292872277,0.02327103235983148,0.1313757806017632,0.13296200564714708,0,1,0
18.83883883883884,-0.0006273970679298099,-0.008842468090371827,0.9994473686565485,0.0009693780763241119,0.0016676720237622346,0.018454786151113817,0.13143012100800788,0.1328180480386357,0,1,0
18.85885885885886,-0.0007985142287513479,-0.0085558580410769,0.9994615406054775,0.0007085974464548404,0.0018970203162267892,0.011467414291389616,0.1314890249781256,0.13278280127068118,0,1,0
18.87887887887888,-0.0009625426842393741,-0.00820142277440131,0.9994708452752532,0.00046523348878445677,0.0020828526955909647,0.009291618700968363,0.13156573582949257,0.13268014186937474,0,1,0
18.8988988988989,-0.0011185853931069023,-0.007802135443376418,0.9994748966430517,0.0002025683899226355,0.00208196821293711,-4.422433285836136e-05,0.13144528490222257,0.13247997931752528,0,1,0
18.91891891891892,-0.0012660196795443303,-0.007371714321871394,0.9994689434420658,-0.00029766004928983235,0.0020135526085836995,-0.0034207803487472685,0.13148283295888302,0.1323694463772067,0,1,0
18.93893893893894,-0.0014049270079452506,-0.006945366420046022,0.9994519044241619,-0.0008519508951950401,0.0019051678608026884,-0.005419237449451027,0.13161424459716958,0.13232691395361967,0,1,0
18.95895895895896,-0.0015356574368202039,-0.0065365214437476645,0.9994250968632619,-0.0013403780450001622,0.0017820483877543174,-0.00615597364099489,0.13164442139284754,0.13219196842262396,0,1,0
18.97897897897898,-0.001658762085516938,-0.006155232434836699,0.9993869694630126,-0.0019063700124585918,0.0017517976658061895,-0.0015125360133559909,0.13176246494806507,0.13209232086666967,0,1,0
18.998998998999,-0.0017747733460496298,-0.005800563026634593,0.9993377956433523,-0.0024586909830171186,0.0017398124245939148,-0.000599261903434235,0.13185951924626457,0.13203017057451194,0,1,0
19.01901901901902,-0.0018838349218789387,-0.005453078791465439,0.9992780927086432,-0.0029851467354579365,0.001669546128276739,-0.003513314585339283,0.13191760545623046,0.13197256524514028,0,1,0
19.03903903903904,-0.0019860994820923763,-0.005113228010671873,0.9992078678646612,-0.003511242199100882,0.0016524023094567093,-0.0008571906369528588,0.1351951309816793,0.13455603901202418,0,1,0
19.05905905905906,-0.00208175180516286,-0.004782616153524186,0.9992139510775795,0.0003041606459159886,0.0012392036285539668,-0.02065993366751725,0.13365573323750704,0.13314454041035317,0,1,0
19.07907907907908,-0.0021710574768798747,-0.0044652835858507356,0.999252625537825,0.001933723012274188,0.0007728360446282483,-0.023318378745367723,0.13300155048990403,0.13239982213965104,0,1,0
19.0990990990991,-0.0022557251988403024,-0.004233386098021386,0.9993031691629028,0.002527181253890477,0.00027688297873083975,-0.02479765277046325,0.13257824226746356,0.13189132716908966,0,1,0
19.11911911911912,-0.0023376756994299176,-0.004097525029480769,0.9993517793097406,0.0024305073418879855,-0.00016961279635332522,-0.022324788155689695,0.13241555784961365,0.13162470131946769,0,1,0
19.13913913913914,-0.002418918658765387,-0.004062147966773457,0.9993920968461721,0.0020158768215779955,-0.0005249967686998021,-0.017769197943636298,0.13239245462046975,0.13146601301799424,0,1,0
19.15915915915916,-0.0025012765261715527,-0.004117893370308295,0.9994214286578482,0.0014665905838031328,-0.0007505595567774304,-0.011278138653305236,0.13245608219406171,0.13137202898851977,0,1,0
19.17917917917918,-0.0025862375837016516,-0.004248052876504939,0.9994393245368692,0.0008947939510520283,-0.0007809348909241293,-0.0015187658772083962,0.13255179380199228,0.1312508279654236,0,1,0
19.1991991991992,-0.002674668646323905,-0.004421553131112669,0.9994454062998733,0.00030408815020714196,-0.0008176362214514656,-0.0018350656143585069,0.132660500191621,0.1312723087968866,0,1,0
19.21921921921922,-0.0027668142285216498,-0.00460727910988725,0.9994416025547088,-0.00019018725822501123,-0.0006908566827373662,0.006338977933475848,0.13288138031387867,0.13131356444107078,0,1,0
19.23923923923924,-0.0028628904159453405,-0.004803809371184549,0.9994317966779681,-0.0004902938370340432,-0.0004105243674000427,0.014016616855160213,0.1331432192519078,0.1319160660467664,0,1,0
19.25925925925926,-0.0029624363508307765,-0.004977296744271806,0.9994287940856911,-0.0001501296138519294,0.00034697631902728883,0.037875035502613424,0.13316267374528784,0.13154055066525644,0,1,0
19.27927927927928,-0.00306439848823189,-0.0050981068700556844,0.9994273204081544,-7.368387683511591e-05,0.001360941841409962,0.05069827740139083,0.13332030785460966,0.1314075852806064,0,1,0
19.2992992992993,-0.003165898073207617,-0.0050749792487863495,0.9994277412020381,2.10396941860002e-05,0.002576088972855396,0.06075735796476646,0.13346423656878048,0.13127933248861645,0,1,0
19.31931931931932,-0.0032629624504791,-0.004853218863574157,0.9994302853068167,0.0001272052389229016,0.0037830110466585253,0.06034610520123872,0.1335781200818838,0.131252282384274,0,1,0
19.33933933933934,-0.003350874296337209,-0.004395592292905441,0.9994362297569286,0.0002972225055940888,0.004969083146333908,0.059303606622574855,0.13366587017438422,0.13120796047938843,0,1,0
19.35935935935936,-0.0034249897443099325,-0.0037057723986361727,0.9994462028720595,0.0004986557565457608,0.00620945239147952,0.0620184640355336,0.13375669397080348,0.13111303135153593,0,1,0
19.37937937937938,-0.0034806633834076027,-0.002783681954883509,0.9994601234659081,0.0006960296924286032,0.0073718369215337864,0.05811922843187396,0.1337837047045325,0.13103571589838395,0,1,0
19.3993993993994,-0.0035130591175950615,-0.0016197867093729354,0.9994772190934258,0.0008547813758851645,0.008423699114772322,0.05259311175415809,0.13379097882927668,0.1309669010859129,0,1,0
19.41941941941942,-0.003517658472423568,-0.00022996774142533473,0.9994965470978089,0.0009664002191519475,0.009371717207493278,0.04740090690496107,0.1337901060110795,0.1308933211857167,0,1,0
19.43943943943944,-0.0034903636551459664,0.001364740863880082,0.9995169719306061,0.0010212416398564467,0.010193519456895186,0.04109011493032334,0.13408970218737684,0.13125712678896695,0,1,0
19.45945945945946,-0.0034273710467602487,0.0031496304192858856,0.9995482882583647,0.001565816387932962,0.010951587109104547,0.03790338527577038,0.1339792129626327,0.13106651823896892,0,1,0
19.47947947947948,-0.0033255269955876437,0.005092202558630249,0.9995860040018172,0.0018857871726205052,0.011642195876954607,0.03453044128209217,0.13385294605230114,0.13087076870103617,0,1,0
19.4994994994995,-0.003181924052503963,0.0071801471541840245,0.9996253173625306,0.0019656680356691983,0.012242176126900999,0.029999015631944813,0.13374268146485505,0.13071619607842255,0,1,0
19.51951951951952,-0.002993908282209611,0.009400788514717585,0.9996622744952407,0.0018478566355043862,0.012732880673356081,0.024535230724702695,0.13368950125659376,0.13064767774279962,0,1,0
19.53953953953954,-0.0027591641909606363,0.011737204562448741,0.9996950445216738,0.0016385013216534735,0.013127064007410203,0.019709170396631844,0.1335923421743574,0.13055427789433122,0,1,0
19.55955955955956,-0.00247580941628708,0.014167738733677805,0.9997207805787868,0.0012868028556481973,0.013433968725973015,0.015345239940728912,0.1334359599213388,0.13040627592430232,0,1,0
19.57957957957958,-0.002142334411795113,0.016673750224598376,0.9997349537140169,0.0007086567615064893,0.013609619225719646,0.00878252934594002,0.13336865516603955,0.1303945544242974,0,1,0
19.5995995995996,-0.001757557279840419,0.019238856597734694,0.9997363773418951,7.118139391259419e-05,0.013702160533005193,0.0046270700999884425,0.13333611527313374,0.13040646551919122,0,1,0
19.61961961961962,-0.0013207817139750735,0.02183877829326727,0.9997247365974963,-0.0005820372199432743,0.013719864881946882,0.0008852225936825356,0.13326827369598185,0.13038598045219668,0,1,0
19.63963963963964,-0.0008316019217030584,0.024458989613600754,0.999698718122404,-0.001300923754617345,0.013580728300472963,-0.0069568234841993325,0.1335755504932513,0.13047518117730159,0,1,0
19.65965965965966,-0.000289866359212101,0.02708677812454787,0.9996641941559262,-0.0017261983238865243,0.01310674074108888,-0.023699371887332996,0.13302198258752543,0.13018725978177217,0,1,0
19.67967967967968,0.0003037262619102353,0.029679631056116814,0.9996087067681039,-0.00277436939111813,0.01248177582796157,-0.031248239048126958,0.13318080512899844,0.13051274980010227,0,1,0
19.6996996996997,0.0009475190595380658,0.03218963988139153,0.9995394550046337,-0.0034625881735065936,0.01165170655389075,-0.04150345653842188,0.13312595024707893,0.13067431530092818,0,1,0
19.71971971971972,0.0016390707746734062,0.03457758575676702,0.9994580508753884,-0.004070206462263052,0.010827553895407663,-0.04120762515729303,0.1332497712271653,0.13090382874406775,0,1,0
19.73973973973974,0.002375261257374586,0.03680952413505899,0.9993697677520296,-0.004414156167942889,0.009972934993709505,-0.04273093667282068,0.13336769139751717,0.13114739750587043,0,1,0
19.75975975975976,0.0031529537262454128,0.03888462344354133,0.9992799969606951,-0.004488539566720763,0.009129890446178868,-0.04215221827008989,0.13346694394659178,0.1313685765675417,0,1,0
19.77977977977978,0.003968901669538559,0.04079739716465728,0.9991935202291918,-0.004323836575167437,0.008289816818179484,-0.04200367155162674,0.13335543580617984,0.13139184767796086,0,1,0
19.7997997997998,0.004819870061401192,0.04254841959313165,0.9991090619879872,-0.004222912060233478,0.007397689963767505,-0.0446063320898352,0.13358803053703688,0.13182174801377705,0,1,0
19.81981981981982,0.005702706909444931,0.04414184240218695,0.9990364653380965,-0.0036298324945354954,0.006492838897390514,-0.04524254186778704,0.1340086183193058,0.1324488001616391,0,1,0
19.83983983983984,0.006614041625064958,0.04556673578100137,0.9989912779592184,-0.0022593689439083017,0.005697318502903214,-0.039776007407456966,0.1339719582112565,0.13235165185818012,0,1,0
19.85985985985986,0.007550388587818798,0.04681734813769197,0.9989715423524977,-0.000986780336033423,0.004771792054486863,-0.04627630918834757,0.13301052899408775,0.13170233405625656,0,1,0
19.87987987987988,0.008508500009532523,0.04790557108568626,0.9989534151158218,-0.000906361833794843,0.003914180278069863,-0.04288057464564391,0.13245164940678775,0.13132485464520186,0,1,0
19.8998998998999,0.00948479478784035,0.048814738915391384,0.9989230434197045,-0.0015185848058653362,0.0030487028916726137,-0.043273854192590534,0.1321752778217276,0.13127371372502816,0,1,0
19.91991991991992,0.01047593914206045,0.04955721771100507,0.9988755898174109,-0.0023726801146819547,0.0022851002640393364,-0.038180115283490065,0.13246837896760988,0.13173341717950987,0,1,0
19.93993993993994,0.011478598978568892,0.050132991825422066,0.9988222186759054,-0.0026685570752757407,0.001737746313751677,-0.027367680411433674,0.13244214602073834,0.1318179501964186,0,1,0
19.95995995995996,0.01248991855192823,0.050565978667966895,0.9987638016666041,-0.002920850465065468,0.0012427026199932764,-0.024752166593933957,0.13234937408187428,0.13192448667193588,0,1,0
19.97997997997998,0.013507813644000447,0.05089475460361092,0.9987005470164491,-0.003162732507749904,0.0008471043925903295,-0.01977989230092675,0.13231677324851418,0.13204907610365305,0,1,0
20.0,0.014530411692042448,0.051129902402100004,0.9986338204046332,-0.0033363305907910482,0.0005535671573814031,-0.014676841740188924,0.13215768664667318,0.1320294399793748,0,1,0
