time,x,x_dot,z,z_dot,theta,theta_dot,u1,u2,x_ref,z_ref,theta_ref
0.0,0.27395604855596334,-0.0012224312049589538,1.3020370878759355,0.003947360581187278,-0.24349359126741027,0.009512447032735119,0.05632337500355366,0.056849874573375,0.0,1.0,0.0
0.02002002002002002,0.27352748984031516,-0.02142793578240737,1.2998231542140135,-0.11069668309609806,-0.24313175371060416,0.018091877840309134,0.05632337490949419,0.0637594611494742,0.0031415719827794755,1.003141509970838,0.0
0.04004004004004004,0.2726705583714198,-0.04284657344476964,1.2954177186091949,-0.2202717802409321,-0.2372081095661857,0.2961822072209204,0.056323429677543,0.061487499036750916,0.006283019941676304,1.0062825238608344,0.0
0.06006006006006006,0.2713939420253445,-0.06383081730376494,1.2887906125338466,-0.33135530376741384,-0.22630154782653228,0.545328086982672,0.05632338540995678,0.059093971012456475,0.009424219857704088,1.0094225456674837,0.0
0.08008008008008008,0.2697168428427834,-0.08385495912805462,1.2799126034013915,-0.4439004566227549,-0.21308586354682624,0.6607842139852986,0.056324078604759346,0.058210962128215256,0.01256504772166874,1.0125610795449425,0.0
0.10010010010010009,0.2676608517037599,-0.10279955695117587,1.2687784567402802,-0.5567073330555573,-0.19808973822188844,0.7498062662468926,0.05653671807003261,0.0576667025798622,0.015705379539064146,1.0156976298823284,0.0
0.12012012012012012,0.2652493979131313,-0.12057268953143171,1.2553918967336866,-0.6693280003296811,-0.18162304314216593,0.8233347539861263,0.09687894104227604,0.097370758128348,0.01884509133496727,1.0188317013819832,0.0
0.14014014014014015,0.26227483044241034,-0.14872837353604818,1.2409248257968362,-0.7233535468425192,-0.16474258900411357,0.8440227069026186,0.1218768752330099,0.12227731731669997,0.021984059158932454,1.0219627991376858,0.0
0.16016016016016016,0.2586507102357329,-0.18120601033387224,1.226115479957932,-0.7404672919452144,-0.1467362653514199,0.9003161826346817,0.1386259928438951,0.13838177943218638,0.025122159089884778,1.0250904287128038,0.0
0.18018018018018017,0.25435851829614187,-0.2146095969795504,1.2114552687458335,-0.7330105606049218,-0.12857089733226487,0.9082684009577517,0.14821407601475778,0.14782782477982306,0.028259267241012263,1.0282140962183703,0.0
0.20020020020020018,0.24943090089678358,-0.24638086996791508,1.1972344174953329,-0.7110425625250382,-0.11020007458726429,0.9185411372500282,0.1548972076844013,0.15425223565294066,0.03139525976465669,1.031333308391076,0.0
0.22022022022022023,0.24392303972007945,-0.2753930588352057,1.1836556932453544,-0.6789362124989293,-0.0925586991891983,0.8820687699033005,0.15836029122559994,0.15799281479497604,0.0345300128572029,1.0344475726711595,0.0
0.24024024024024024,0.23790733078829207,-0.30078544658936884,1.1708340745001695,-0.6410809372592395,-0.07512139666745879,0.8718651260869748,0.16151597967465073,0.16103602336053544,0.03766340276396636,1.0375563972801893,0.0
0.2602602602602603,0.2314580253353386,-0.3224652726476737,1.1588680702316005,-0.5983002134284503,-0.05775066848600669,0.8685364090726054,0.16361452842535845,0.16283883905402394,0.04079530578407877,1.040659291298721,0.0
0.2802802802802803,0.22465461869168754,-0.3401703321825531,1.1478208513911135,-0.5523609420243549,-0.04148258456549135,0.8134041960257669,0.16391263921706886,0.1634644804638815,0.04392559827537159,1.043755764743819,0.0
0.3003003003003003,0.21758026082983373,-0.35371789309269075,1.1377101493203,-0.5055351035406763,-0.025623637510824495,0.7929473527333424,0.16512608392061207,0.16451803244946067,0.047054156659257156,1.0468453286464312,0.0
0.3203203203203203,0.21031262019607533,-0.36338203168791927,1.1285719416739786,-0.4569103823160714,-0.010477457796350882,0.7573089857236809,0.16542731992212653,0.16479302079646374,0.05018085742560745,1.0499274951286017,0.0
0.34034034034034033,0.2029288717123059,-0.3691874241884722,1.1204158597078897,-0.4078040983044436,0.004085969412222331,0.7281713604286603,0.16591658631617112,0.16513034909772095,0.053305577137629956,1.0530017774805136,0.0
0.36036036036036034,0.19550305892516773,-0.37129063935690815,1.1132540217475344,-0.3580918980177614,0.017645996479487298,0.6780013533632485,0.1656404761141869,0.1649368994924636,0.05642819243674084,1.0560676902373454,0.0
0.38038038038038036,0.1881060782256932,-0.36984903497372695,1.1070782704430155,-0.3087875652259376,0.031019428644243834,0.6686716082378265,0.16591544459358207,0.16470150940262737,0.059548580047434865,1.0591247492559313,0.0
0.40040040040040037,0.18080440227941424,-0.3650837973139469,1.1018871065468077,-0.25955819481039377,0.043169262097609615,0.6074916726682893,0.1648241934413617,0.16374098984249486,0.06266661678215213,1.0621724717912138,0.0
0.42042042042042044,0.17366221273882498,-0.3571094770294626,1.097647246577917,-0.21199299844453512,0.0543062973737791,0.5568517638084743,0.16378906027153173,0.16269559288541166,0.06578217954614125,1.0652103765724743,0.0
0.44044044044044045,0.16673659919641587,-0.34628067712045624,1.0943244905967902,-0.16613779905634257,0.06507823082555508,0.5385966725887982,0.16307469871256097,0.16151456967475566,0.06889514534231904,1.0682379838793312,0.0
0.46046046046046046,0.16007974628712024,-0.33284264546478154,1.0918870545191839,-0.12187180388031901,0.07442802513822958,0.46748971563372577,0.1612061316593143,0.15986407296522698,0.07200539127612608,1.0712548156174941,0.0
0.4804804804804805,0.1537396146842066,-0.3170065801456819,1.0902787862240508,-0.0804134147566552,0.08232301070427361,0.3947492783022005,0.1590169375806694,0.15794383878786888,0.07511279456037853,1.0742603953942587,0.0
0.5005005005005005,0.14775535435134776,-0.29921301664294236,1.089434940504972,-0.042192285953946605,0.08941355786681693,0.3545273581271661,0.15683090620434556,0.15562457433340982,0.07821723252011543,1.0772542485937369,0.0
0.5205205205205206,0.14215815396461243,-0.2798600193367663,1.0892852673451034,-0.00748365799342663,0.09514176807249085,0.2864105102836966,0.15443425828849297,0.15347760282582595,0.08131858259744179,1.0802359024518025,0.0
0.5405405405405406,0.13697382229354246,-0.2592165835534984,1.089759182060026,0.02369573574613158,0.10050501407659072,0.26816230020499304,0.15241040241119025,0.15105915135960737,0.08441672235636695,1.0832048861307466,0.0
0.5605605605605606,0.13222153393185462,-0.23761441808439177,1.0907881314450483,0.05144746925111318,0.10537318170475948,0.2434083814084392,0.1504678247656886,0.14878456952238728,0.08751152948763803,1.0861607307936292,0.0
0.5805805805805806,0.127918643358135,-0.21514452868598202,1.0923070538893966,0.07594612221742088,0.10921466415757976,0.1920741226410121,0.1482504903376616,0.14658435511094906,0.09060288181356867,1.0891029696783128,0.0
0.6006006006006006,0.12407962517005368,-0.19195090940406587,1.094248180384999,0.09705632478011533,0.11122672562858783,0.10060307355040456,0.14545885617143503,0.14439456888212723,0.0936906572928623,1.0920311381711696,0.0
0.6206206206206206,0.12071252660460566,-0.1683549282724011,1.096535960399262,0.11438900071314298,0.11209398521435193,0.043362979288204394,0.14292633342085426,0.14210916386299666,0.09677473402543012,1.0949447738804503,0.0
0.6406406406406406,0.11781736203062936,-0.14475822869881508,1.099098192072738,0.12811158367380363,0.11235450208932996,0.013025843748902075,0.14071743914727236,0.1398374238684838,0.09985499025720351,1.0978434167093005,0.0
0.6606606606606606,0.1153898213448751,-0.1213770342877122,1.101868260883146,0.13850344052039523,0.11205660138092345,-0.014895035420325768,0.13879612781988765,0.13784472877215548,0.10293130438494066,1.1007266089284156,0.0
0.6806806806806807,0.11342415363420172,-0.09828338553366962,1.10478824774787,0.14599934323620664,0.11084972623242284,-0.060343757425031744,0.13698132215745815,0.13622395678945284,0.10600355496102731,1.103593895248321,0.0
0.7007007007007007,0.11191282896638773,-0.07556623339069994,1.1078075881913199,0.15096702217248878,0.10926203775122748,-0.07938442405976706,0.13546656799984208,0.1345981736387676,0.10907162069827128,1.1064448228912682,0.0
0.7207207207207207,0.11084547608443802,-0.05336764409748486,1.110880508453705,0.15364601311925583,0.10706411547363867,-0.10989611387944177,0.13416521202184084,0.13336018021247514,0.11213538047469059,1.1092789416627333,0.0
0.7407407407407407,0.11021175060163113,-0.03168627414034467,1.1139702756471455,0.1544883596720263,0.10325311264491252,-0.19055014143630705,0.13280872404976776,0.13278969281906008,0.11519471333829528,1.112095804022508,0.0
0.7607607607607607,0.10999926717034489,-0.010624171564312414,1.1170494423905228,0.15395833716887272,0.0990340825998927,-0.21095150225098844,0.1317236988019639,0.13179473814674625,0.11824949851186234,1.114894965155372,0.0
0.7807807807807807,0.11018971873235833,0.009522578100672401,1.1200889504246028,0.1519754017039913,0.09410713586305583,-0.24634733684184432,0.13091302213018788,0.13131460592406896,0.1212996153977037,1.1176759830413332,0.0
0.8008008008008007,0.11076413232052792,0.028720679408479468,1.1230714750613386,0.14912623183679052,0.08943454642570482,-0.23362947186755073,0.13042535477668124,0.1305662415997177,0.1243449435824274,1.1204384185254288,0.0
0.8208208208208209,0.11170140366056239,0.04686356700172331,1.1259806847773906,0.14546048580259527,0.08476079307913856,-0.23368766732831323,0.13020030365341637,0.130244397410394,0.12738536284169108,1.1231818353870728,0.0
0.8408408408408409,0.11298257905446199,0.06405876969497996,1.1288102308085204,0.14147730155648713,0.07980019060898652,-0.24803012350760248,0.13005358119228397,0.1302058446827866,0.13042075314494847,1.1259058004089402,0.0
0.8608608608608609,0.1145890959331904,0.08032584393642078,1.1315590147263264,0.1374391958903025,0.07473775940314498,-0.2531215602920771,0.12999123554225608,0.13016085539107958,0.13345099466018778,1.1286098834453766,0.0
0.8808808808808809,0.11650127736392223,0.09560907153659126,1.1342270895072306,0.13340373904521058,0.06998552231643136,-0.2376118543356808,0.1300697814070155,0.12999821708988804,0.1364759677586626,1.1312936574903238,0.0
0.9009009009009009,0.11869950866575799,0.1099115650917882,1.1368147832299724,0.12938468613708967,0.06486439343051956,-0.25605644429559105,0.13016584055189642,0.1303057857548416,0.13949555301961464,1.1339566987447491,0.0
0.9209209209209209,0.12116556548346612,0.12330284088540679,1.1393294478729257,0.12573323214766574,0.05977222786970071,-0.2546082780409421,0.13027826443534854,0.13040436590374094,0.14250963123498805,1.1365985866835673,0.0
0.9409409409409409,0.12387950357260057,0.1356969044567227,1.1417755898579731,0.12230709925236777,0.05506476497290733,-0.23537314483966923,0.13048885391501988,0.13037404324618718,0.1455180834141359,1.139218904122047,0.0
0.960960960960961,0.12682189750122144,0.14711969643104378,1.144157151376644,0.11907807593353832,0.04991058906387133,-0.25770879545180003,0.13066631893062025,0.1308648594605541,0.14852079078851746,1.141817237281689,0.0
0.980980980980981,0.1299746078973096,0.15763551980440854,1.14648511045139,0.11639795373729735,0.04520000299367037,-0.23552930351004786,0.13087807815220576,0.13083758013046162,0.15151763481638697,1.144393175855567,0.0
1.001001001001001,0.13331767615740972,0.16715341300500539,1.1487632829688919,0.11390862587509759,0.04059917886856058,-0.23004120625548968,0.1311106416997993,0.1310431035217925,0.1545084971874737,1.1469463130731183,0.0
1.021021021021021,0.13683311732592776,0.1757720584259016,1.1509990568190305,0.1117886925069343,0.035722471849489956,-0.24383535095353132,0.130023896974467,0.13060782186959255,0.1574932598276524,1.1494762457643797,0.0
1.0410410410410411,0.1405018622925865,0.18343724833293581,1.153170698347911,0.10858207644403373,0.03135533662472195,-0.21835676123839975,0.1307870921001262,0.13112618007629342,0.16047180490360474,1.1519825744236514,0.0
1.0610610610610611,0.14430580699052614,0.19019723489698306,1.1552979533677004,0.10636275098946614,0.026864236348080637,-0.22455501383206558,0.13119184297659245,0.13169949574876338,0.16344401482747123,1.1544649032725836,0.0
1.0810810810810811,0.14822828657248288,0.1961239790978372,1.1573959078427756,0.1048977237537565,0.022467268037623403,-0.2198484155228616,0.1314924868332574,0.13205172848249452,0.16640977226149334,1.1569228403226752,0.0
1.1011011011011012,0.15225228639938873,0.2011999913452931,1.1594747606294462,0.10394263933353311,0.01744797113396225,-0.2509648451830577,0.13163213309917807,0.13274912418393806,0.1693689601226457,1.1593559974371725,0.0
1.1211211211211212,0.1563604035548985,0.2054058577754879,1.1615473445687736,0.10362919696637564,0.013161629289095172,-0.2143170922433537,0.13187755403386286,0.13269985586182365,0.17232146158725853,1.1617639903923611,0.0
1.1411411411411412,0.16053264559574187,0.20861210204216843,1.1636169576870925,0.10348065591594414,0.010028427171694063,-0.15666010587005563,0.13213277347281824,0.1323385537411225,0.1752671600956295,1.1641464389382392,0.0
1.1611611611611612,0.16475263275120933,0.210999357773372,1.1656822839371972,0.10326631250523471,0.006404854623994997,-0.18117862738495322,0.13208644710425949,0.13272788567106958,0.17820593935662535,1.166502966858563,0.0
1.1811811811811812,0.16900762634351615,0.2127496796153409,1.1677485478132812,0.10331319380419653,0.0036735655460220645,-0.13656445389864658,0.13223323554260266,0.1324225780154009,0.18113768335227282,1.168833202030256,0.0
1.2012012012012012,0.17328382575872853,0.21380997076061914,1.169813514175334,0.10324831810264282,0.00041444708743080286,-0.1629559229295631,0.13210489624111854,0.1327609088469536,0.18406227634233896,1.171136776482172,0.0
1.2212212212212212,0.17757066692235934,0.21434205818154028,1.1718803477059654,0.10334167653157084,-0.003354961082199591,-0.18847040848151966,0.13197302734437738,0.13314601159222988,0.1869796028689002,1.1734133264532012,0.0
1.2412412412412412,0.1818550763866776,0.21422047321591323,1.1739528234494774,0.10362378717560282,-0.006602798138430904,-0.16239185281156565,0.1320149534526084,0.13306191564253803,0.18988954776090053,1.1756624924497123,0.0
1.2612612612612613,0.1861224176318119,0.21336706225671423,1.1760302892940464,0.1038732922284507,-0.009802629485566712,-0.15999156735679046,0.1319047209382332,0.13313054693440074,0.19279199613869827,1.1778839193023214,0.0
1.2812812812812813,0.19035965336727356,0.21186178677308296,1.1781120615889682,0.10408861474608526,-0.012118315058791627,-0.11578427866124565,0.13196306896606974,0.132812698710188,0.1956868334186012,1.1800772562219768,0.0
1.3013013013013013,0.1945541963619575,0.20972714973419704,1.18019419084587,0.10410646284509047,-0.013635053109155209,-0.07583690251817907,0.1319742542588244,0.1324522427883701,0.1985739453173903,1.182242156855353,0.0
1.3213213213213213,0.19869701996050418,0.20714117992733388,1.1822714063293351,0.1038607741732578,-0.01452552218883417,-0.044523453983948094,0.13193777495998144,0.1321115801481034,0.20145321785683132,1.1843782793395434,0.0
1.3413413413413413,0.2027823376476683,0.20426588435820475,1.1843380536423234,0.1033323656494139,-0.015077503982688905,-0.02759908969273668,0.13185040407060752,0.131875642354391,0.20432453736817452,1.1864852863560456,0.0
1.3613613613613613,0.2068068273816663,0.20122448669990053,1.186389309538879,0.10256279482778688,-0.015468225049640056,-0.01953605334755759,0.13173958990945664,0.13171735860399436,0.20718779049664207,1.188562845184026,0.0
1.3813813813813813,0.21076869381282937,0.19809332155815246,1.1884211760699839,0.10159332655523562,-0.016264718341333383,-0.03982466458466626,0.13148515781571304,0.13179719477861035,0.21004286420590312,1.1906106277528619,0.0
1.4014014014014013,0.21466644994762682,0.19488780673987316,1.1904310679124508,0.10049459212334845,-0.017030701398732508,-0.038299152869956485,0.13140569047507125,0.13179335780155982,0.21288964578253636,1.1926283106939473,0.0
1.4214214214214214,0.2184970412184534,0.19152956354132955,1.1924177286861077,0.09933303868284789,-0.01761082021765638,-0.029005940946193597,0.13138370580577197,0.13174577046537714,0.21572802284047946,1.1946155753917558,0.0
1.4414414414414414,0.22225753945310436,0.18802491173254804,1.194380106372639,0.09811888432655697,-0.017943887691936163,-0.016653373713989176,0.13135447705086914,0.13164177001083593,0.21855788332546644,1.1965721080341547,0.0
1.4614614614614614,0.22594570627228616,0.1844083409590896,1.196316217722868,0.09680556751145154,-0.017879784306836205,0.0032051692549978847,0.13139294793283676,0.13148813205601487,0.22137911551945075,1.198497599661959,0.0
1.4814814814814814,0.2295604770533513,0.18073853905325668,1.1982243651398854,0.09540737085087266,-0.01785114277190291,0.0014320767466649933,0.13128886227346098,0.131459797925724,0.22419160804501612,1.2003917462177192,0.0
1.5015015015015014,0.23310224941756547,0.17708861821070834,1.2001026246159108,0.0939129738012702,-0.017868487284380327,-0.0008672256238708596,0.13120644640820692,0.13146643259510457,0.22699524986977337,1.2022542485937369,0.0
1.5215215215215214,0.2365708562889442,0.17343034356893727,1.201949910331988,0.09236428580385432,-0.01698122396135489,0.0443631661512715,0.1317985136355515,0.13128624293326452,0.2297899303107439,1.204084812679296,0.0
1.5415415415415414,0.2399665509636407,0.16978473373482447,1.203772357592515,0.0911223630263539,-0.01661482034531525,0.018320180801982118,0.13125245105833327,0.13108863169278395,0.23257553903872916,1.205883149407107,0.0
1.5615615615615615,0.2432929569042633,0.16632029703112994,1.205559040167082,0.08933412872834796,-0.016254920931693267,0.017994970681099134,0.13125762195030552,0.13113194961420083,0.23535196608266626,1.2076489747989532,0.0
1.5815815815815815,0.24655179409398384,0.16294185948602696,1.2073107399261656,0.0875849879541861,-0.01640927221518085,-0.007717564174379066,0.1310880179590391,0.1313507661078135,0.23811910183396956,1.2093820100105355,0.0
1.6016016016016015,0.2497444599604916,0.15963329332538884,1.209028247439798,0.0858753756816213,-0.016618932415022873,-0.010483009992101089,0.13106567239616257,0.1314468070051199,0.24087683705085766,1.2110819813755038,0.0
1.6216216216216217,0.2528704166656436,0.15629783525759994,1.21071268207332,0.084221731676102,-0.016807877529624017,-0.00944725573005722,0.13103194185061914,0.13148785726781886,0.24362506286266614,1.2127486204486728,0.0
1.6416416416416417,0.25592866070811704,0.15291220212367346,1.2123641750555019,0.08257464910909383,-0.01631247682929117,0.02477003501664251,0.1311967139055278,0.13127350741056448,0.24636367077414578,1.214381664048413,0.0
1.6616616616616617,0.25891891098268893,0.1495125137285939,1.2139820157251742,0.08089203348361115,-0.0162972806226242,0.0007598103333485012,0.1309550364559245,0.13139830239895503,0.24909255266974545,1.215980854298209,0.0
1.6816816816816818,0.2618429465879584,0.14620178026347427,1.2155645411265743,0.07912627007000893,-0.015888484244928926,0.02043981888476338,0.1310490488580114,0.13129922962454993,0.2518116008178804,1.2175459386673815,0.0
1.7017017017017018,0.26470114847948517,0.14291009457633752,1.217111715069294,0.07735869713598739,-0.01582672591331744,0.0030879165805742168,0.130862396377088,0.1313973460922573,0.25452070787518566,1.2190766700109659,0.0
1.7217217217217218,0.26749492883053466,0.13968901755247395,1.218622289249349,0.07552870900274612,-0.015257241917163034,0.02847419980772026,0.1309974175554321,0.1312598022070077,0.2572197668907532,1.2205728066087382,0.0
1.7417417417417418,0.27022487306872933,0.13649721190973346,1.2200962686167027,0.07369896836768608,-0.01504876215151545,0.010423988282379382,0.13080789912951357,0.1313533104622116,0.2599086713103547,1.2220341122033862,0.0
1.7617617617617618,0.2728934085378777,0.13342677345741835,1.2215323036127947,0.07180174980459544,-0.015271944890946132,-0.011159136971534128,0.13061688094916882,0.1315240958429536,0.26258731498064786,1.2234603560378159,0.0
1.7817817817817818,0.27550113727350956,0.1303864367815921,1.2229301459989734,0.06989211930893838,-0.014986567101256667,0.014268889484473354,0.1307465956218903,0.13140794264460978,0.265255592153367,1.2248513128915928,0.0
1.8018018018018018,0.2780475010551846,0.1273181890837524,1.2242900227121907,0.06799383566086777,-0.014974905880026625,0.0005830610615020614,0.13056763373614766,0.13148108088606986,0.26791339748949833,1.226206763116505,0.0
1.8218218218218218,0.280533088505366,0.12427937250907026,1.2256104217217503,0.06601995047798136,-0.013603271629067892,0.06858171254793666,0.13104026833920415,0.1311069042896961,0.2705606260634379,1.2275264926712488,0.0
1.8418418418418419,0.2829583398218855,0.12126256582597392,1.226892842133383,0.06412102058163525,-0.012386236935760648,0.06085173466536192,0.13093041811296793,0.1310756453114194,0.27319717336713456,1.2288102931552294,0.0
1.8618618618618619,0.285328608807432,0.11851344927732545,1.2281353080542192,0.062123296041816926,-0.011111909105954231,0.06371639149032086,0.13098470507608742,0.13106950765176623,0.27582293531421515,1.2300579618414675,0.0
1.8818818818818819,0.28764894189319035,0.1160166542879189,1.229338633829204,0.060166288749242465,-0.01048070793014982,0.03156005879022068,0.13075882292980995,0.13125410709373195,0.278437808244094,1.2312693017086145,0.0
1.901901901901902,0.2899241590238832,0.11376085653464177,1.2305023045295727,0.058183535018429995,-0.009726016164502648,0.0377345882823586,0.1308235375214438,0.1312517299131604,0.2810416889260653,1.2324441214720627,0.0
1.921921921921922,0.29215672907585255,0.111628502598469,1.231627308655674,0.05625020630506173,-0.00886026776077,0.04328742018663243,0.1308650816679092,0.13122108192178342,0.28363447456337826,1.233582235614153,0.0
1.941941941941942,0.2943495349057512,0.10964029149493237,1.2327138746131052,0.0543282978715607,-0.0077300675567250595,0.05651001020224697,0.1309776731533714,0.13114279223452074,0.2862160627972954,1.2346834644134685,0.0
1.961961961961962,0.2965062974207265,0.10783812574876432,1.233762578682195,0.052435203454493456,-0.007257804968721104,0.023613129400197726,0.13074688158489314,0.13132760266994697,0.2887863517111338,1.235747633973216,0.0
1.981981981981982,0.2986311456209135,0.10624241000934988,1.234772812140222,0.050511672901344326,-0.0063935311828645395,0.04321368929282826,0.13090824698944475,0.1312340822548938,0.291345239834288,1.2367745762486861,0.0
2.002002002002002,0.30072611026629203,0.10474823226892704,1.2357456301152618,0.04864089875199746,-0.005751264658747796,0.03211332620583717,0.1308297682452134,0.13128619192720284,0.29389262614623657,1.2377641290737884,0.0
2.022022022022022,0.3027943536486748,0.1034121691191388,1.2366806999976987,0.04675349412184433,-0.004685894295228609,0.05326851817595939,0.13077172164219505,0.13132590200060043,0.2964284100805296,1.2387161361866608,0.0
2.042042042042042,0.3048388547933053,0.10222505723152618,1.2375778004673899,0.044855023484555175,-0.004207834103466476,0.02390300958810662,0.1304213993866357,0.13133178823483424,0.2989524915287594,1.239630447254344,0.0
2.062062062062062,0.306863440811464,0.10122930090793529,1.2384318855678835,0.04270425502467853,-0.003178648913308826,0.051459259507882535,0.13074588514615285,0.13127312432825441,0.30146477084451234,1.2405069178965213,0.0
2.0820820820820822,0.30886963581008053,0.10030974993082718,1.239246941069252,0.0407527750684243,-0.0011084281104719567,0.10351104014184348,0.13125791115525628,0.1310138113694684,0.3039651488473027,1.2413454097083185,0.0
2.1021021021021022,0.3108616766871358,0.09960204385276336,1.2400267612992308,0.03899101149894347,0.0008238422122009332,0.09661351613364448,0.13132981019846932,0.13102889297952514,0.30645352682648824,1.2421457902821578,0.0
2.1221221221221223,0.3128478237602857,0.09930735365749276,1.2407726841590994,0.037296142993425485,0.0020867582081351404,0.06314579979671038,0.1311802727412267,0.13118641922527385,0.30892980654516716,1.2429079332286685,0.0
2.1421421421421423,0.31483537540324674,0.09937758214805305,1.2414848596147394,0.03560877278200657,0.003449625764244182,0.06814337780545209,0.13127629833739043,0.13110447744947193,0.3113938902440563,1.2436317181966443,0.0
2.1621621621621623,0.31682908489972317,0.09968547482382113,1.2421635193265042,0.03393298558824001,0.005142512279189045,0.08464432574724308,0.1314388756310648,0.1309126268641905,0.3138456806453503,1.2443170308920484,0.0
2.1821821821821823,0.3188346241336227,0.10027696169497644,1.2428082447390363,0.03223627062660815,0.00596959292888746,0.04135403248492084,0.13117847261300655,0.13108203200608853,0.3162850809565622,1.2449637630960617,0.0
2.2022022022022023,0.3208584382523845,0.1011907059380929,1.243417689478054,0.030472236950880045,0.006555875382408651,0.029314122676059443,0.1311131920561721,0.13107854977758965,0.3187119948743449,1.2455718126821722,0.0
2.2222222222222223,0.32290387945408655,0.10227206008510233,1.2439908480272517,0.028657927459887933,0.006563494862628731,0.0003809740110040198,0.1309243341650466,0.13119747294435066,0.3211263265882922,1.2461410836323012,0.0
2.2422422422422423,0.3249730079568129,0.10345642513631811,1.2445267019295656,0.026792695115697426,0.006695342589552141,0.0065923863461704165,0.1309551370626839,0.13109642622349435,0.32352798078472217,1.246671486051967,0.0
2.2622622622622623,0.327065986728228,0.10464893857075505,1.2450242430954277,0.02487705829310462,0.006456344080540895,-0.01194992545056216,0.13083470104899173,0.1311718658861892,0.3259168626504394,1.2471629361844785,0.0
2.2822822822822824,0.3291832312543738,0.10586222630729111,1.245482835182663,0.022929604361761988,0.006170473297033902,-0.014293539175349682,0.1308149657558571,0.13115409011838716,0.32829287787647826,1.2476153564241628,0.0
2.3023023023023024,0.33132375242782797,0.10702605867270593,1.2459019628188255,0.02095638180812725,0.005923467157195188,-0.01235030699193566,0.13082428796486748,0.13110978265209833,0.33065593266182597,1.2480286753286194,0.0
2.3223223223223224,0.3334863489954023,0.10812982837871774,1.2462811494608659,0.01895933210201906,0.005832574631558237,-0.004544626281847611,0.1308761204767743,0.13102364890911056,0.3330059337171258,1.248402827630002,0.0
2.3423423423423424,0.33567039065243415,0.10920208285159132,1.2466199279661703,0.01693892526522478,0.0049411546916899715,-0.04457099699341321,0.13064128665447564,0.13129526202690336,0.33534278826835995,1.248737754245325,0.0
2.3623623623623624,0.33787543210832627,0.11025207279460654,1.2469188809546896,0.014947649425971824,0.0038363024164845367,-0.055242613760271814,0.1305666411057538,0.131390928299234,0.3376664040605122,1.2490334022857932,0.0
2.3823823823823824,0.3400980993942815,0.11113336429776174,1.24717837367608,0.012974636069522684,0.0024050995005776596,-0.07156014579534388,0.13044178563851377,0.1315364899009743,0.3399766893612096,1.2492897250651536,0.0
2.4024024024024024,0.3423336205003482,0.11177605530333722,1.2473987666536872,0.011019648880358269,0.00199125653000773,-0.020692148528496462,0.1307209491435566,0.1311949975549624,0.3422735529643443,1.249506682107068,0.0
2.4224224224224224,0.34457657077079934,0.11214751352255706,1.2475791885384193,0.009021094236610645,0.0017498421551727086,-0.012070718741751071,0.13076968719054016,0.13112441505436978,0.34455690419367424,1.2496842391515044,0.0
2.4424424424424425,0.34682583855432514,0.11246338917628967,1.247719354779997,0.00700831207888512,0.00037798750511529506,-0.06859273250287068,0.13042164155223854,0.13154026377786954,0.34682665290640247,1.2498223681601472,0.0
2.4624624624624625,0.3490802768526499,0.11272191491623851,1.2478203074276861,0.005047632384458796,-0.001016290266288455,-0.0697138885701875,0.13038396179711503,0.13160226008635625,0.3490827094967363,1.249921047320825,0.0
2.4824824824824825,0.35133397042246106,0.11268467849055847,1.2478824472844445,0.0031069928379186228,-0.0009420069596110749,0.0037141653338690073,0.13080976454998974,0.131111330473315,0.3513249848994246,1.249980261050954,0.0
2.5025025025025025,0.3535819451805507,0.11239873790448163,1.2479048423404036,0.0011197527979468114,-0.0011822428391177326,-0.01201179397533286,0.13070758455574996,0.13120087964333255,0.35355339059327373,1.25,0.0
2.5225225225225225,0.355824723220214,0.11213890198316748,1.2478873411404523,-0.0008750599975638753,-0.0021320985407255444,-0.04749278508039062,0.1302040928835718,0.13128814883007792,0.35576783860464267,1.249980261050954,0.0
2.5425425425425425,0.35806092878196133,0.11181027808736511,1.2478238119407468,-0.0031764599852739635,-0.0022209223064155225,-0.004441188284498916,0.13057980983047865,0.13113272492684772,0.35796824151091555,1.249921047320825,0.0
2.5625625625625625,0.3602872020000275,0.11131366090330959,1.2477175531737903,-0.0053129383478288895,-0.002645467665971112,-0.021227267977779504,0.13052620702349574,0.13130563429220216,0.36015451244395347,1.2498223681601472,0.0
2.5825825825825826,0.3625029497696877,0.11078738848301051,1.2475703695622253,-0.007359180578246204,-0.0026121031505521577,0.001668225770947749,0.13071352686768486,0.13120094565165263,0.3623265650935233,1.2496842391515044,0.0
2.6026026026026026,0.3647068220474588,0.11019361388855477,1.2473835176010284,-0.009342598059847239,-0.0030523308340532794,-0.022011384175056086,0.13058068600697828,0.131381913145489,0.3644843137107058,1.249506682107068,0.0
2.6226226226226226,0.3668986413215139,0.10959096370275499,1.2471577458073213,-0.011288589685355361,-0.002953323965537292,0.0049503434257993535,0.13076914930376038,0.1312255206000753,0.36662767311128,1.2492897250651533,0.0
2.6426426426426426,0.36907680877619464,0.10890837273403778,1.246893558965948,-0.013209342068661376,-0.0028311357329035467,0.006109411631687297,0.13078554087651914,0.13120946840905803,0.36875655867908697,1.2490334022857932,0.0
2.6626626626626626,0.3712419241016859,0.10825576627456283,1.2465909972783855,-0.015128084378122393,-0.003198593897008844,-0.01837290820526491,0.13063473507502274,0.13137718525302228,0.3708708863693696,1.248737754245325,0.0
2.6826826826826826,0.37339461114917,0.10763435237420528,1.2462503466205812,-0.017032532890218548,-0.004132105972700366,-0.046675603784576025,0.1304441282465057,0.13159874039335825,0.37297057271209105,1.248402827630002,0.0
2.7027027027027026,0.37553312704503083,0.10692579479304311,1.245872094894345,-0.018912586311816186,-0.004515994588311116,-0.019194430780537522,0.1305983174550965,0.13144604349695171,0.3750555348152298,1.2480286753286194,0.0
2.7227227227227226,0.37765359897902395,0.10602359669965568,1.2454562841660237,-0.020790536416057413,-0.003966656827648963,0.027466888033107588,0.13089167013505928,0.13112673299441072,0.3771256903680519,1.2476153564241628,0.0
2.7427427427427427,0.3797545198252087,0.10504604230923631,1.2450025565644207,-0.022686380080149365,-0.002889825286126758,0.053841577076110314,0.13107988886506394,0.13090477070485074,0.37918095764436094,1.2471629361844785,0.0
2.7627627627627627,0.3818383828881194,0.104193153145535,1.2445104546351535,-0.024605096463363996,-0.002432150496210292,0.022883739495823275,0.13090074627545986,0.13105771857288068,0.38122125550572394,1.246671486051967,0.0
2.7827827827827827,0.3839091604956564,0.10353888037684918,1.243979638475743,-0.02654080797052105,-0.0017895609278314314,0.032129478418943064,0.13098727059750961,0.13096763086827112,0.3832465034046749,1.2461410836323012,0.0
2.8028028028028027,0.385968646373069,0.10297429387063033,1.2434100942357535,-0.02847721199947554,-0.0011168515410007315,0.03363546934153498,0.13101912760826667,0.13091044308070018,0.3852566213878946,1.2455718126821722,0.0
2.8228228228228227,0.3880196335177964,0.10254935723637033,1.2428014861816317,-0.030430402706096066,-0.0011770931763698208,-0.0030120817684544596,0.13081170351095023,0.13113320998701494,0.3872515300993669,1.2449637630960617,0.0
2.8428428428428427,0.39006475850535655,0.10225624937800709,1.242154080060594,-0.03237030605189243,-0.0016710217830993926,-0.024696430336478593,0.13069681311819284,0.13129988252436323,0.38923115078351167,1.2443170308920484,0.0
2.8628628628628627,0.39210341637823687,0.10193289364401716,1.241468677254866,-0.03427014028639469,-0.0014743354888038726,0.009834314714775978,0.13091870864405805,0.13106459426422043,0.39119540528829405,1.2436317181966443,0.0
2.8828828828828827,0.3941340816387599,0.1015332630261506,1.240745110436052,-0.03617834094069518,-0.0018777659348568545,-0.020171522302649056,0.13074073235978664,0.13126332860825032,0.39314421606830946,1.2429079332286685,0.0
2.9029029029029028,0.396157549682898,0.10117340220690585,1.2399837222885084,-0.03806940737718547,-0.0026407359865493764,-0.03814850258462614,0.13063835988394593,0.13142126669842324,0.39507750618784515,1.2421457902821578,0.0
2.9229229229229228,0.39817208937916876,0.10072698481353734,1.2391853670891864,-0.03991775996610214,-0.003148805838570655,-0.025403492601063907,0.13071187442038276,0.13136409411064348,0.39699519932391764,1.2413454097083185,0.0
2.942942942942943,0.4001747018272961,0.1001306224063677,1.2383503131779023,-0.04175269556420367,-0.0034021777787531927,-0.012668597009126878,0.1307810070335562,0.13128537285541744,0.3988972197692855,1.2405069178965216,0.0
2.962962962962963,0.40216322631315554,0.09942622429297172,1.2374784454237082,-0.04359338770970993,-0.0030441733982345216,0.017900219025933556,0.13096829519337358,0.13105993173581945,0.40078349243543826,1.239630447254344,0.0
2.982982982982983,0.40413665363466894,0.09867136607566986,1.2365692280779672,-0.045460867287047395,-0.0023106466560660595,0.03667633710842307,0.1310900780639579,0.13088074528946284,0.40265394285556094,1.2387161361866608,0.0
3.003003003003003,0.4060966276289881,0.09799869971595836,1.2356218483803023,-0.04736898488324675,-0.0020110969398694804,0.014977485809828966,0.1309700342332487,0.13098337342738522,0.4045084971874737,1.2377641290737884,0.0
3.023023023023023,0.408045890733238,0.09746315521249391,1.2346360899462303,-0.04928792170359783,-0.0016889359909942375,0.01610804744376213,0.13113389982126872,0.13103143393544198,0.406347082216547,1.2367745762486861,0.0
3.043043043043043,0.4099859685023981,0.09700388845800563,1.2336151292643673,-0.0510480340931502,-0.0022951177949193584,-0.030309090196256036,0.1308014037668372,0.13129379898273144,0.40816962535859197,1.235747633973216,0.0
3.063063063063063,0.4119178152376725,0.09659233676372027,1.232557961236492,-0.052858401393764826,-0.0026237264974576188,-0.01643043512691299,0.13088491083719572,0.13121315112170776,0.4099760546627262,1.2346834644134685,0.0
3.083083083083083,0.4138392523484307,0.09607185553790924,1.2314646560908087,-0.05466525728416599,-0.0032072223577757656,-0.029174793015907335,0.1308076199409296,0.13132050166748613,0.4117662988142137,1.233582235614153,0.0
3.103103103103103,0.41574921683770966,0.09549822446394779,1.2303356884813395,-0.05644838047346366,-0.004385379654539493,-0.058907864838186344,0.13063278011434537,0.13158967105689034,0.4135402871372809,1.2324441214720627,0.0
3.123123123123123,0.41764523453745056,0.09480088498704474,1.2291724813130236,-0.05816035841579808,-0.0052953323983989786,-0.04549763719297429,0.13069931718600558,0.1315564367207072,0.4152979495979063,1.2312693017086145,0.0
3.143143143143143,0.41952279871799475,0.09387820902720857,1.2279755412761293,-0.059847001844719666,-0.0061596489682012,-0.04321582849011112,0.1306826522832798,0.1315788248676803,0.41703921680658557,1.2300579618414675,0.0
3.163163163163163,0.4213783143675576,0.09277578247814279,1.2267449661407228,-0.061528756770324114,-0.006767870637149409,-0.030411083447410475,0.13072765035761147,0.13151898395144873,0.4187640200210709,1.2288102931552294,0.0
3.183183183183183,0.4232084983895524,0.0915092010997376,1.2254805466797183,-0.06322097305022378,-0.007331517649092114,-0.028182350597135204,0.13070612671205195,0.13152317401152996,0.4204722911490845,1.227526492671249,0.0
3.203203203203203,0.4250109895975118,0.09012456039797341,1.224182040819452,-0.06492529301331305,-0.007775992753278834,-0.022223755209335894,0.13071167567128236,0.1315032189094906,0.42216396275100754,1.2262067631165048,0.0
3.2232232232232234,0.4267837475122405,0.08863789573643607,1.2228492498521846,-0.06663954836337231,-0.008411080139486674,-0.03175436931039195,0.1306177835302972,0.13159264210062596,0.4238389680425416,1.2248513128915928,0.0
3.2432432432432434,0.4285247015862883,0.08704770370238811,1.2214821248122365,-0.06835625199740719,-0.008213742766333394,0.009866868657664014,0.13086054583990045,0.13132913499905552,0.4254972408973459,1.2234603560378159,0.0
3.2632632632632634,0.4302315188134565,0.08534086135840896,1.2200803686913373,-0.07008780604495932,-0.0078319615176295,0.01908906243519457,0.13089967798757432,0.13124461136953372,0.4271387158496476,1.2220341122033862,0.0
3.2832832832832834,0.4319053266479805,0.08369039172619828,1.2186433459120205,-0.0718511389658375,-0.008128788588199574,-0.014841353528503718,0.13067052532334036,0.13147398850031822,0.42876332809682616,1.2205728066087382,0.0
3.3033033033033035,0.43354768176652847,0.08211775592739945,1.2171711028744616,-0.0736121518779405,-0.008840449895978422,-0.035583065388942334,0.13052704712059213,0.13166275395124225,0.4303710135019718,1.2190766700109659,0.0
3.3233233233233235,0.43515733781520854,0.08048280243400333,1.215664332538887,-0.07533851677873112,-0.009426902580698471,-0.029322634236002475,0.1305407960975489,0.13167256742324196,0.4319617085964177,1.2175459386673815,0.0
3.3433433433433435,0.43673107752341117,0.07868698541013006,1.2141233911316738,-0.07704707036065465,-0.0087672351649277,0.032983370788538635,0.1309350687164697,0.13128001869799744,0.433535350582245,1.215980854298209,0.0
3.3633633633633635,0.4382671040303182,0.07680132534535292,1.2125483135911708,-0.07875387702514637,-0.008544639076825006,0.011129804405134731,0.1307733089255209,0.1313965319214731,0.43509187733476284,1.214381664048413,0.0
3.3833833833833835,0.43976751086642957,0.07502034180556812,1.2109384830955603,-0.08049152478052404,-0.00734614601300899,0.05992465319080099,0.13112951515116797,0.13108530626640996,0.43663122740496,1.212748620448673,0.0
3.4034034034034035,0.4412332137552484,0.07328514444093966,1.2092946043805417,-0.08219393575093063,-0.005766236274164476,0.07899548694222572,0.1312881277260833,0.1309041872241909,0.4381533400219318,1.2110819813755038,0.0
3.4234234234234235,0.4426692374305338,0.07180118376427139,1.2076164113701484,-0.08390965051966023,-0.004861174608325835,0.045253083291931985,0.13110031587244714,0.13106920540888542,0.4396581550952781,1.2093820100105355,0.0
3.4434434434434436,0.4440818368165724,0.07062996930192646,1.2059036375189318,-0.08563869256083069,-0.004557708834482292,0.015173288692177125,0.13094488757982803,0.13126392944458284,0.44114561321747664,1.2076489747989532,0.0
3.4634634634634636,0.44547444452497814,0.06963038542028833,1.204156915159707,-0.08733611796125035,-0.004341994900531311,0.0107856966975491,0.13094968567577006,0.13130859373099707,0.44261565566622757,1.205883149407107,0.0
3.4834834834834836,0.4468481054867049,0.06868304808633781,1.2023770137487497,-0.08899507054785712,-0.003838908532879367,0.02515431838259713,0.13106977583594495,0.13121411333044486,0.44406822440677224,1.204084812679296,0.0
3.5035035035035036,0.4482036445312856,0.06777695222903443,1.2005643469498977,-0.09063333994260411,-0.0031561392381337576,0.03413846473728047,0.13115366605174808,0.13113189244145101,0.4455032620941839,1.2022542485937369,0.0
3.5235235235235236,0.44954317359600254,0.06697645323584836,1.1987189777457523,-0.09226846020726318,-0.002755389366520434,0.020037493580666244,0.13096486126604362,0.13105559907080883,0.4469207120756319,1.2003917462177192,0.0
3.5435435435435436,0.4508693805681162,0.06631034860568262,1.1968370184200157,-0.09409796628682773,-0.002567061501213179,0.009416393265362718,0.13098734930056236,0.13118573837722308,0.44832051839261794,1.198497599661959,0.0
3.5635635635635636,0.45218416967603087,0.06573945539573241,1.1949207689744878,-0.09581247227638957,-0.003298741903280903,-0.03658402010338626,0.13077056311401344,0.13158688017340364,0.4497026257831855,1.1965721080341547,0.0
3.5835835835835836,0.45348795636542455,0.06518933446968313,1.1929729947892316,-0.09738870926280993,-0.0037206304605668723,-0.021094427864298403,0.13090390435837013,0.1315558846947196,0.4510669796841014,1.1946155753917558,0.0
3.6036036036036037,0.4547779693486663,0.06450064916208971,1.190995233451316,-0.09888806689577224,-0.004122176127137622,-0.020077283328537456,0.13092428097460876,0.13159189590040518,0.4524135262330098,1.1926283106939473,0.0
3.6236236236236237,0.45605261416657644,0.06373224089550468,1.1889883427524157,-0.10034453494501437,-0.004576544981608918,-0.022718442723564793,0.1309132446802947,0.13164834125206473,0.4537422122705585,1.1906106277528619,0.0
3.6436436436436437,0.4573100476697637,0.06287167515936172,1.1869530166430726,-0.10176630546715008,-0.0043599574806970605,0.010829375045592868,0.13112501330018897,0.13142836628551202,0.45505298534249783,1.188562845184026,0.0
3.6636636636636637,0.4585489418812032,0.06194471057197676,1.1848891525325025,-0.10319320552850664,-0.004789545283705918,-0.02147939015044287,0.1309228462334346,0.1316603443659956,0.4563457937017514,1.1864852863560456,0.0
3.6836836836836837,0.4597698808850166,0.061046950190669684,1.1827972226029586,-0.10459649647719628,-0.004893645484756868,-0.005205010052547476,0.1310288517553921,0.13157527550397444,0.45762058631045877,1.1843782793395434,0.0
3.7037037037037037,0.46097101804523377,0.06005685801086035,1.1806775557892295,-0.10598334068645311,-0.004392922326543088,0.025036157910688896,0.13122198359153056,0.13135699527854178,0.45887731284199057,1.182242156855353,0.0
3.7237237237237237,0.46215216896960104,0.05905754621836416,1.1785298036446719,-0.10738760722787884,-0.004076564784383234,0.015817877107992748,0.13117438616057572,0.13139798709633665,0.4601159236829352,1.1800772562219768,0.0
3.7437437437437437,0.46331528473396805,0.05815578821834894,1.1763539038287147,-0.10879499079786054,-0.003840255505129231,0.011815463962700182,0.13116721114490218,0.13141914445850483,0.4613363699350574,1.1778839193023214,0.0
3.7637637637637638,0.4644617412780806,0.05732282720562626,1.174150095380161,-0.11019042242769247,-0.003957373685511595,-0.005855909019118158,0.13107426621926357,0.13155016944221776,0.462538603417229,1.1756624924497123,0.0
3.7837837837837838,0.46559216274450205,0.05652107332107222,1.171918972655109,-0.11155613625259563,-0.003551870106806447,0.02027517893525738,0.13125358885770794,0.13137011335987694,0.4637225766673307,1.1734133264532012,0.0
3.803803803803804,0.4667064182811154,0.055712776830668484,1.1696605490917305,-0.11292117816892537,-0.0036151208249088993,-0.0031625359051226237,0.13112584521896564,0.131531021591793,0.46488824294412573,1.171136776482172,0.0
3.823823823823824,0.4678063072669526,0.054994449291859926,1.167375348062723,-0.11426005145037371,-0.004387662879977909,-0.0386271027534505,0.1309212033146518,0.13182060717823094,0.46603555622910553,1.168833202030256,0.0
3.843843843843844,0.468891225346427,0.05424590397372163,1.165064652847205,-0.11553476077589207,-0.004647854952135158,-0.013009603607862383,0.13108057791280314,0.13168193409203532,0.467164471228306,1.166502966858563,0.0
3.863863863863864,0.4699584280802393,0.05336013669061415,1.162728782614384,-0.116793511641053,-0.0051985892860984375,-0.027536716698163932,0.13098333211232255,0.13180826075200527,0.4682749433740962,1.1641464389382392,0.0
3.883883883883884,0.4710063664232788,0.052396917151974344,1.1603681877605998,-0.11802974268921113,-0.004627001327063422,0.028579397951750782,0.1313431849785861,0.1314315821908357,0.46936692882693704,1.1617639903923611,0.0
3.903903903903904,0.4720329797644977,0.051330667060944295,1.1579826321649167,-0.11927777978415341,-0.0036705634054096173,0.04782189608269022,0.1314611481653721,0.1312367527310846,0.4704403844771127,1.1593559974371725,0.0
3.923923923923924,0.4730407820658424,0.05039011506723437,1.1555710119263782,-0.1205810119269245,-0.003172023532374547,0.02492699365175352,0.13135637166622288,0.1313680350937567,0.4714952679464322,1.1569228403226752,0.0
3.943943943943944,0.47403326859615197,0.04962432651548074,1.1531337603303673,-0.12186257980055167,-0.0024025222491336883,0.03847506416204291,0.13146631546083448,0.1312398908815899,0.4725315375899024,1.1544649032725836,0.0
3.963963963963964,0.4750130341501945,0.048988277702126624,1.1506706393065318,-0.12315605119177542,-0.002977459532876307,-0.02874686418713096,0.13110237842449296,0.13173603311064025,0.4735491524973721,1.1519825744236514,0.0
3.983983983983984,0.4759829755742145,0.048497071200997735,1.1481836411072774,-0.1243499099627123,-0.003974265393214943,-0.0498402930169318,0.13098899478518444,0.13195216210846708,0.4745480724951473,1.1494762457643797,0.0
4.004004004004004,0.47694062553208494,0.0478824978935227,1.1456743053425105,-0.12546678823834523,-0.004612693287067798,-0.03192139469264276,0.13109582151023377,0.1318819425440869,0.47552825814757677,1.1469463130731183,0.0
4.024024024024024,0.477881873537589,0.047062400275203475,1.143143182742515,-0.1265561299997734,-0.00451258674536148,0.005005327085315876,0.13127757200691803,0.13158162137114296,0.47648967075860943,1.144393175855567,0.0
4.044044044044044,0.47880476520513693,0.0461445833773966,1.1405885272931122,-0.1277327724701363,-0.005185804258162008,-0.033660875640026414,0.13107346919804927,0.1319192777667878,0.4774322723733215,1.141817237281689,0.0
4.064064064064064,0.4797092693532203,0.045225207404168036,1.1380123423050335,-0.12880924940393731,-0.00525418068819648,-0.0034188215017234916,0.13126818943484742,0.13174116048815365,0.4783560257794153,1.139218904122047,0.0
4.084084084084084,0.4805931219569694,0.04419263018745498,1.1354148820424497,-0.12987301312919064,-0.005771325394651665,-0.02585723532275927,0.1311386319361361,0.13194034994784484,0.4792608945086879,1.1365985866835673,0.0
4.104104104104104,0.4814558115277309,0.04313447853807735,1.1327971974169586,-0.13088423127455273,-0.005907138006262134,-0.006790630580523507,0.1312555348636052,0.1318344956074605,0.4801468428384715,1.1339566987447491,0.0
4.124124124124124,0.4822954419872814,0.04198152297752451,1.1301594607008134,-0.13188683580725774,-0.006061429580623555,-0.007714578718071043,0.13124908915735473,0.13185951446049807,0.48101383579304297,1.1312936574903238,0.0
4.1441441441441444,0.48311148344772137,0.040802073021998765,1.127501963471323,-0.13287486147452332,-0.006165364173004775,-0.00519672961906107,0.1312655835488737,0.1318609514780383,0.48186183914500486,1.1286098834453766,0.0
4.1641641641641645,0.4839033228429494,0.03959196976140138,1.1248249870280183,-0.13384882216523342,-0.006162263630542214,0.00015502712312815727,0.13129983028704909,0.13183625260787085,0.48269081941663694,1.1259058004089402,0.0
4.1841841841841845,0.48467072305104925,0.0383700104049923,1.1221286893398499,-0.13481488440841985,-0.006417845718623245,-0.012779104404051587,0.1312145802006817,0.1319437041046787,0.4835007438812175,1.123181835387073,0.0
4.2042042042042045,0.4854133960792858,0.037133651411827645,1.119413418266056,-0.13576355368969223,-0.006083636865535837,0.016710442654370453,0.13141138917050232,0.13175273054166,0.48429158056431554,1.1204384185254288,0.0
4.2242242242242245,0.48613077740913596,0.035869066492509157,1.1166792725571355,-0.1367072854460259,-0.006355990774011372,-0.013617695423776836,0.13122157449181432,0.13197570238777123,0.4850632982450529,1.1176759830413332,0.0
4.2442442442442445,0.48682403514215294,0.03466288665084874,1.1139267700689273,-0.13762512441041275,-0.00656904915560169,-0.010652919079515806,0.1312481274830348,0.13199235579914603,0.48581586645733693,1.114894965155372,0.0
4.2642642642642645,0.4874920867934648,0.03340258256559206,1.1111565623351847,-0.13851038668712534,-0.0066474396390770706,-0.0039195241737689755,0.13129650815175456,0.13197387358188545,0.48654925549106326,1.1120958040225082,0.0
4.2842842842842845,0.4881345888045745,0.032125100555486064,1.1083691043275405,-0.13937290038220743,-0.007645448586336221,-0.04990044736295747,0.13098399397292282,0.13233519294002263,0.48726343639328856,1.1092789416627333,0.0
4.3043043043043046,0.48875094767311794,0.03081794342717211,1.105565134033956,-0.14019851467922176,-0.008365413319959526,-0.035998236681165294,0.1310108382803427,0.13226420885155007,0.48795838096937366,1.1064448228912682,0.0
4.324324324324325,0.48933700423247317,0.029302827967760365,1.102743985990068,-0.14105740219440038,-0.008255545835412399,0.005493374227356351,0.1313041148643754,0.1320529031890845,0.48863406178409674,1.103593895248321,0.0
4.344344344344345,0.4898899158418693,0.02764558046980682,1.0999068689529938,-0.14185585185371155,-0.007609337230424157,0.03231043024941212,0.13145998888651714,0.13184538681239438,0.48929045216273603,1.1007266089284156,0.0
4.364364364364365,0.4904106625773865,0.026037336775860388,1.0970530370892129,-0.14269159318905156,-0.007810191225320323,-0.01004269974480837,0.1311833426979072,0.13213748908574544,0.48992752619212343,1.0978434167093005,0.0
4.384384384384385,0.49090179949262913,0.024556845762129624,1.0941827558652475,-0.1435140611982699,-0.008414012646042607,-0.030191071036114136,0.1310680776233135,0.13234642217222203,0.49054525872166704,1.0949447738804503,0.0
4.404404404404405,0.49136215350063406,0.023017700400246657,1.0912974232083439,-0.14426663284517854,-0.008302075216022765,0.005596871500992123,0.1312469268847549,0.13209429299980308,0.49114362536434436,1.0920311381711694,0.0
4.424424424424425,0.49178943028673605,0.021363839305099625,1.0883959493424065,-0.1450736932968721,-0.00787117065308045,0.02154522814711566,0.13132960860387516,0.1319738380803699,0.49172260249766486,1.0891029696783128,0.0
4.444444444444445,0.49218416799075204,0.019736885200799116,1.0854777944027825,-0.1459077469811988,-0.007423041846356963,0.022406440336174397,0.13139881702632175,0.13202122839976882,0.49228216726460267,1.0861607307936292,0.0
4.464464464464465,0.49254795863561596,0.01818953224319632,1.0825447160156054,-0.14665391935885513,-0.006754319023558081,0.03343614113994396,0.13152938831006591,0.13198074432597393,0.492822297574499,1.0832048861307468,0.0
4.484484484484485,0.49288246599341834,0.016725367890118335,1.079598077108927,-0.1473319453339215,-0.005785521126843174,0.048439894835745394,0.13170766307844414,0.13191098532506348,0.493342972103934,1.0802359024518022,0.0
4.504504504504505,0.493190154223986,0.015384411528381381,1.0766395174242676,-0.14792798423298092,-0.004377317463299509,0.07041018317718323,0.13197952908266267,0.1318026639805566,0.4938441702975689,1.0772542485937369,0.0
4.524524524524525,0.4934751235454419,0.014248466072793618,1.0736714955376696,-0.1484010943298991,-0.0034707583185445917,0.04532795723774588,0.13183097587484768,0.1316636638407274,0.49432587236895703,1.0742603953942587,0.0
4.544544544544545,0.4937427211914776,0.013379882301785278,1.07068978894875,-0.14908532944597724,-0.002652498048938571,0.04091301348030109,0.13183717214037913,0.13165691536342816,0.49478805930132547,1.071254815617494,0.0
4.564564564564565,0.4939967230631086,0.012700093581549285,1.067694417376698,-0.14976857860260703,-0.0023896864287655992,0.013140581008648601,0.1317341733078393,0.13188312324365034,0.4952307128483256,1.0682379838793312,0.0
4.584584584584585,0.49424043825805103,0.012185759747120889,1.0646872299714576,-0.15035937026202473,-0.0026384954637008688,-0.012440451746763524,0.13162702758753791,0.1321177713575656,0.4956538155347533,1.0652103765724743,0.0
4.604604604604605,0.4944746151449978,0.011708844347339258,1.0616701304272655,-0.15085497720960503,-0.0025424769345865957,0.004800926455713679,0.13174319318356442,0.13199516598780814,0.49605735065723894,1.0621724717912135,0.0
4.624624624624625,0.4946983927720553,0.011188881352873747,1.05864303112364,-0.15135496518127567,-0.002502201471263458,0.0020137731661569094,0.13175821352723696,0.1320333462674067,0.49644130228490685,1.0591247492559313,0.0
4.644644644644645,0.4949120626010775,0.010683491451111275,1.0556067315097426,-0.1518149806948786,-0.0023121708259128348,0.009501532267531148,0.1318230159073912,0.1319753250171783,0.4968056552600042,1.0560676902373454,0.0
4.664664664664665,0.495116316836654,0.010212711778824579,1.0525613419469102,-0.15226947814161804,-0.003141030039876132,-0.04144296069816489,0.13156967486635698,0.13243715024285124,0.49715039519849946,1.0530017774805136,0.0
4.684684684684685,0.4953113564775264,0.009751982043618731,1.0495099622739412,-0.15256898364845448,-0.003309988789113461,-0.008447937461866457,0.131738769843432,0.1321873290863009,0.4974755084906501,1.049927495128602,0.0
4.704704704704705,0.4954945344790956,0.00915890007846044,1.0464513938936075,-0.15292841901668996,-0.004333799667749743,-0.05119054393181407,0.13151481404353182,0.13259446447220205,0.49778098230154,1.0468453286464312,0.0
4.724724724724725,0.4956648660800752,0.008516580048982099,1.0433883558501382,-0.15315190217346764,-0.005045321186559677,-0.03557607594049676,0.13157065755615016,0.1325081509105358,0.49806680457158625,1.0437557647438191,0.0
4.744744744744745,0.4958183132122955,0.007672356611016746,1.0403203860090846,-0.1533984920526851,-0.005464401272108884,-0.020954004277460296,0.13163676667967436,0.13242461138515146,0.49833296401701493,1.040659291298721,0.0
4.764764764764765,0.49595229899239046,0.006699289004746999,1.0372472181371455,-0.15365839359695485,-0.006090658945547292,-0.03131288367192038,0.13156465334229678,0.13254544981218966,0.49857945013030697,1.0375563972801893,0.0
4.784784784784785,0.49606477094991136,0.005623597876044358,1.0341695707852268,-0.15388236759593263,-0.0059128381751610845,0.00889103851931037,0.13178755526721658,0.13224487468241813,0.4988062531806126,1.0344475726711595,0.0
4.804804804804805,0.49615332176983057,0.004427540995960189,1.0310862836831558,-0.15416435510354848,-0.00538270417492222,0.02650670001194314,0.13192176824149396,0.13211645957733847,0.4990133642141358,1.031333308391076,0.0
4.824824824824825,0.4962189345885281,0.0032806409348769194,1.0279974527038775,-0.15444154896391715,-0.005239614356072636,0.00715449094247932,0.13183903165994107,0.1322777769612324,0.4992007750544875,1.0282140962183703,0.0
4.844844844844845,0.49626365827323743,0.002236184235466565,1.0249042594354556,-0.15465966342109255,-0.005207644894512508,0.0015984730780063353,0.1318200193028562,0.1323332211937765,0.49936847830300873,1.0250904287128038,0.0
4.864864864864865,0.49628805500554457,0.0012198366153573,1.0218072510980623,-0.15485041686966544,-0.0051977699068470416,0.0004937493832733154,0.13182580576601236,0.13235769320171648,0.49951646733906235,1.0219627991376858,0.0
4.884884884884885,0.4962923396928385,0.00021423436469630202,1.0187068805813821,-0.1550185258340089,-0.005338284207808085,-0.007025715048052153,0.13179258751133768,0.13243861424980666,0.4996447363202946,1.0188317013819832,0.0
4.904904904904905,0.49627644232679013,-0.000794868302417068,1.0156038582966724,-0.15515111423548233,-0.005293247652545276,0.002251827763140476,0.13186430273640534,0.13239231987675124,0.4997532801828658,1.0156976298823284,0.0
4.924924924924925,0.4962398387266029,-0.001830180009363854,1.0124985607302261,-0.15526487832231473,-0.005174266887503456,0.00594903825209089,0.13189974105269248,0.132375599567894,0.49984209464164997,1.0125610795449425,0.0
4.944944944944945,0.49618288954358414,-0.00284745915093731,1.009391268526206,-0.15536461020099762,-0.005347513129181201,-0.008662312083887158,0.13182990428111097,0.1325133187236068,0.4999111761904045,1.0094225456674837,0.0
4.964964964964965,0.49610629488381214,-0.0038297329886013195,1.0062829919035903,-0.15541383113079096,-0.006074224862055499,-0.03633558664371491,0.1316664708971548,0.13277257091909814,0.49996052210190806,1.0062825238608344,0.0
4.984984984984985,0.4960088092891438,-0.0048742797334164,1.0031751478954531,-0.15539220040685706,-0.005891513043393867,0.009135590933081597,0.1318689417467219,0.13238508116145004,0.49999013042806856,1.003141509970838,0.0
5.005005005005005,0.49588806570210775,-0.0060371793518044685,1.0000649788919223,-0.15550845017654127,-0.006131004446133695,-0.011974570136991384,0.13180852328807358,0.1326238003111016,0.5,1.0,0.0
5.025025025025025,0.495744013133579,-0.007202628426437526,0.9969551331580758,-0.15549228669232013,-0.005061076645893058,0.05349639001203185,0.13232490856540055,0.132515236955687,0.49999013042806856,0.9968584900291618,0.0
5.045045045045045,0.49557642992140627,-0.008379160608636924,0.9938516465310985,-0.15517433134886463,-0.004592284172172356,0.023439623686035055,0.13188296273013983,0.13243894525178587,0.49996052210190806,0.9937174761391656,0.0
5.065065065065065,0.49538933551249276,-0.009354720445674687,0.9907468584865106,-0.1552394022293935,-0.003971172797058005,0.03105556875571754,0.13202599488065667,0.1324277740438164,0.4999111761904045,0.9905774543325163,0.0
5.085085085085085,0.4951849637249439,-0.010218589377443134,0.9876427328621254,-0.15520628121925803,-0.004063637080532677,-0.004623214173733629,0.1318410406371552,0.1327285854126786,0.49984209464164997,0.9874389204550577,0.0
5.105105105105105,0.49496533303565604,-0.01098153446439332,0.9845409959059882,-0.1550868478068609,-0.00366949252531641,0.019707227760813413,0.13200433243922957,0.13252824008205535,0.4997532801828658,0.9843023701176715,0.0
5.125125125125125,0.4947298925040531,-0.0117720265801486,0.981441094850699,-0.1549950527644614,-0.0026903825679697366,0.04895549786733366,0.13223873118430343,0.13227742250483743,0.4996447363202946,0.9811682986180168,0.0
5.145145145145145,0.49448046255578365,-0.012471497413471805,0.9783427906477833,-0.1549152101457867,-0.002008163187846155,0.03411096900617904,0.13220321612976033,0.1323682550905505,0.49951646733906235,0.9780372008623143,0.0
5.165165165165165,0.49422092787634436,-0.012976733971964638,0.9752469134761794,-0.15479385858019576,-0.0015904461356493612,0.020885852609839717,0.13217616920234448,0.13246616534699215,0.49936847830300873,0.9749095712871964,0.0
5.185185185185185,0.49395401964832997,-0.013345411400720965,0.9721545170023904,-0.15461982368945212,-0.0014297614829469612,0.008034232635119981,0.13212348975891477,0.13255246334967194,0.4992007750544875,0.9717859037816297,0.0
5.205205205205205,0.4936815083171038,-0.013625566561308497,0.9690660986564701,-0.154420917296018,-0.0016507918101719252,-0.011051516361248204,0.13202821882543261,0.13271256833942463,0.4990133642141358,0.9686666916089239,0.0
5.225225225225225,0.49340382289429513,-0.013884271140432178,0.965982615787624,-0.1541741434423012,-0.0016638361292954356,-0.0006522159561755149,0.13209255015628235,0.13261810449765893,0.4988062531806126,0.9655524273288405,0.0
5.245245245245245,0.49312041118728167,-0.014170585350672458,0.9629036155434946,-0.15395001220647017,-0.002171117876631699,-0.0253640873668131,0.13197153044509075,0.13285373119336624,0.49857945013030697,0.9624436027198108,0.0
5.265265265265265,0.49283082058751293,-0.014479529988436607,0.9598307910911259,-0.1536412226184339,-0.0021339934305531836,0.001856222303925712,0.1321258536638841,0.13262062719178253,0.49833296401701493,0.9593407087012791,0.0
5.285285285285285,0.4925328159556706,-0.01490023159211578,0.9567629651044909,-0.15339129933174886,-0.0013938528317237809,0.037007029941470135,0.1323625507304746,0.1322990467592114,0.49806680457158625,0.956244235256181,0.0
5.305305305305305,0.4922271243648639,-0.015284579540337953,0.9536988752404277,-0.1532044932031567,-0.0014525983607141912,-0.0029372764495205275,0.1321918730279222,0.13264552488428535,0.49778098230154,0.9531546713535689,0.0
5.325325325325325,0.4919163240524188,-0.015540015622252155,0.9506411272531324,-0.15288739936476603,-0.0012916106829683166,0.00804938388729375,0.1322684507348952,0.13253494105900207,0.4974755084906501,0.9500725048713982,0.0
5.345345345345345,0.49160048352723046,-0.015792026259417075,0.9475892104569472,-0.1525958398092586,-0.0015986568558269375,-0.015352308642931035,0.13217674297539522,0.1327583297306495,0.49715039519849946,0.9469982225194864,0.0
5.365365365365365,0.49127999635020536,-0.01602435885125386,0.9445450705179359,-0.1522069969505653,-0.0016803847588163915,-0.0040863951494726925,0.13225152494449788,0.13266347961044744,0.4968056552600042,0.9439323097626547,0.0
5.385385385385385,0.49095363257658825,-0.016318188680854443,0.9415084003299171,-0.15183350940093776,-0.0016182275733161251,0.0031078592750132996,0.13231903525712893,0.1326028321469544,0.49644130228490685,0.9408752507440689,0.0
5.405405405405405,0.490621071353881,-0.01662806113536222,0.9384792933215867,-0.15145535041651928,-0.001504680327687942,0.005677362281409144,0.1323619610998428,0.1325740841528063,0.4960573506572389,0.9378275282087862,0.0
5.425425425425425,0.4902827904680766,-0.016914044290219872,0.9354579521327807,-0.15106705944030424,-0.0018102162868504253,-0.015276797958124165,0.13228460227616548,0.13277709967420004,0.4956538155347533,0.9347896234275258,0.0
5.445445445445445,0.4899394492376262,-0.017167061522518803,0.9324462310221064,-0.15058605553371285,-0.0026894575826564254,-0.043962064790300015,0.1321603566070708,0.13308965364792885,0.4952307128483256,0.9317620161206687,0.0
5.465465465465465,0.48958950697360876,-0.017497113200874655,0.9294469077999625,-0.14996616110719485,-0.003177242882209243,-0.02438926497764083,0.13226317105634824,0.13295130213031625,0.4947880593013255,0.9287451843825061,0.0
5.485485485485485,0.4892299844478717,-0.017976126286852002,0.926459435411357,-0.14937361943027436,-0.004305529902517435,-0.056414351015409696,0.13211311993997565,0.1333118253730304,0.494325872368957,0.9257396046057412,0.0
5.505505505505505,0.48885848478244126,-0.01857498327152066,0.9234869141405128,-0.14862606354220967,-0.0048054677798813,-0.024996893868193183,0.13225890985279498,0.13306714885994114,0.4938441702975689,0.9227457514062631,0.0
5.525525525525525,0.4884704390180354,-0.019402288220293013,0.9205278470635364,-0.1479533538488158,-0.00472274017147232,0.004136380420449035,0.13217382270681188,0.13236423603909148,0.493342972103934,0.9197640975481977,0.0
5.545545545545545,0.48806404480004495,-0.02031971089952118,0.9175705375831655,-0.14786547401854155,-0.004714521936091602,0.00041091176903591386,0.13222009964513134,0.13245414929222443,0.492822297574499,0.9167951138692534,0.0
5.565565565565565,0.4876397471516111,-0.021214882421691394,0.9146170033208619,-0.1476767131151812,-0.004945892195790384,-0.011568512984939203,0.1323416310676628,0.1327617008104845,0.49228216726460267,0.9138392692063707,0.0
5.585585585585585,0.4871976213905829,-0.02210628805140885,0.9116735975240862,-0.14717028983878644,-0.005366345526702362,-0.021022666545598936,0.13242046125259246,0.1330105055240019,0.49172260249766486,0.9108970303216873,0.0
5.605605605605605,0.48673654570996516,-0.023053784030887942,0.9087451594083067,-0.14642190578897465,-0.005476962449361624,-0.005530846132962942,0.1325481748524464,0.1329201459142432,0.4911436253643443,0.9079688618288304,0.0
5.625625625625625,0.48625500157978807,-0.024077206508854716,0.905832218681584,-0.14564703633613396,-0.005663250225313913,-0.00931438879761451,0.13257847989558116,0.13301840452581923,0.49054525872166704,0.9050552261195497,0.0
5.645645645645645,0.48575254362768316,-0.025122897605245394,0.902936661965149,-0.14477783582174986,-0.005837311233271813,-0.00870305039789499,0.13260902785381576,0.13305350021904566,0.48992752619212343,0.9021565832906995,0.0
5.665665665665665,0.48522847959783927,-0.026203201492195283,0.9000594401182719,-0.14386109234385508,-0.006041992933457607,-0.010234085009289646,0.1326202945444876,0.1331042344602994,0.48929045216273603,0.8992733910715844,0.0
5.685685685685685,0.4846818672245117,-0.02733061866637939,0.8972014492529612,-0.14289954326553508,-0.005773392733640446,0.013430009990858045,0.13271422682096806,0.13283263768643175,0.48863406178409674,0.896406104751679,0.0
5.7057057057057055,0.48411208544343776,-0.028489089053695186,0.8943600332421638,-0.14207080053986532,-0.005581416339368654,0.009598819713589501,0.13270842739292765,0.13285962935155426,0.4879583809693737,0.8935551771087318,0.0
5.7257257257257255,0.4835205531935939,-0.02957661249219264,0.8915354957506674,-0.14122687457482275,-0.006031063308541002,-0.022482348458617393,0.13259735070495526,0.13325112641086956,0.4872634363932886,0.8907210583372669,0.0
5.7457457457457455,0.4829076504960802,-0.030645134875683804,0.8887319785437072,-0.14017586034800847,-0.0060782226072879685,-0.002357964937348314,0.13268704189275868,0.13305580303359638,0.4865492554910633,0.887904195977492,0.0
5.7657657657657655,0.48227198185300757,-0.031783432153630914,0.8859478853998527,-0.13920465719272604,-0.006545261571862122,-0.02335194822870764,0.1326251292947375,0.13333919495666657,0.485815866457337,0.8851050348446281,0.0
5.7857857857857855,0.4816131225145641,-0.03294296692217321,0.8831864769824691,-0.13807042086917876,-0.006743939587172822,-0.009933900765534954,0.13267582651602997,0.13322022545177098,0.4850632982450529,0.8823240169586668,0.0
5.8058058058058055,0.4809290516021507,-0.0342035456206694,0.8804467076601994,-0.13698846611348758,-0.006454878504480268,0.014453054134627524,0.13277365207839475,0.13294626890026198,0.4842915805643156,0.8795615814745712,0.0
5.8258258258258255,0.48021945070680316,-0.035480044767377636,0.8777259415270797,-0.13603830665598318,-0.006695995112203347,-0.012055830386153984,0.13267686020210853,0.1332511396979412,0.4835007438812175,0.876818164612927,0.0
5.8458458458458455,0.47948519836817804,-0.03671261693125684,0.8750272500132654,-0.13493457569071574,-0.006699256422069163,-0.00016306549329075937,0.1327164964866736,0.13312837241902495,0.48269081941663694,0.8740941995910598,0.0
5.865865865865866,0.4787253130948773,-0.03799426366503741,0.8723493735700288,-0.13389382216182985,-0.00648965128169849,0.01048025701853369,0.1327674800251496,0.13301209565109928,0.48186183914500486,0.8713901165546234,0.0
5.885885885885886,0.47793980335382585,-0.03927548705257377,0.8696913244322496,-0.13290245688896313,-0.006187104944409671,0.015127316864440922,0.1327957133532743,0.1329498752427585,0.48101383579304297,0.8687063425096762,0.0
5.905905905905906,0.47712974742632436,-0.040502796375074014,0.8670525852042579,-0.13193696139958516,-0.00624404360393382,-0.002846932976207398,0.13273577394678385,0.1331537052117576,0.48014684283847153,0.8660433012552509,0.0
5.925925925925926,0.4762961769404036,-0.04167852429603786,0.8644352763139773,-0.1308654445140287,-0.0061663297220929895,0.003885694092041669,0.13277153437267605,0.13309164459814743,0.479260894508688,0.8634014133164327,0.0
5.945945945945946,0.47543902608918953,-0.04285754256070252,0.8618389858255385,-0.12981452442193822,-0.006256925975330133,-0.004529812661857304,0.1327582920225885,0.13320891733762827,0.4783560257794152,0.860781095877953,0.0
5.965965965965966,0.47455850550578454,-0.044026029170249247,0.8592652363549411,-0.1286874735298689,-0.0062322148799097065,0.0012355547710212996,0.1327942074088738,0.13316494654444921,0.47743227237332153,0.858182762718311,0.0
5.985985985985986,0.47365426894255575,-0.04521182816143938,0.856713884416629,-0.12756759691560593,-0.006137584523377488,0.004731517826610939,0.13282390419333007,0.13313908597035654,0.4764896707586094,0.855606824144433,0.0
6.006006006006006,0.47272630914023367,-0.04639799011610426,0.8541849657325526,-0.12644593420381672,-0.005809775421212814,0.016390455108233684,0.13288319435554194,0.13300721205399063,0.4755282581475768,0.8530536869268818,0.0
6.026026026026026,0.4717753304644748,-0.04754893378794353,0.8516773856181208,-0.125379005721592,-0.005902400476388139,-0.004631252758766236,0.13288802990774684,0.13335530755341612,0.4745480724951473,0.8505237542356203,0.0
6.046046046046046,0.4708026674312824,-0.04863315165962012,0.8491963597384955,-0.1240512939812616,-0.00622636233825767,-0.01619809309347659,0.1328388030052065,0.13351588921860613,0.4735491524973721,0.8480174255763486,0.0
6.066066066066066,0.46980798526427986,-0.049734108350128196,0.8467435098491563,-0.12264249446696336,-0.006646723784258431,-0.021018072300038004,0.13282860596637425,0.13362258653390283,0.4725315375899024,0.8455350967274163,0.0
6.086086086086086,0.4687900255351969,-0.05089798645414917,0.8443202304918906,-0.12116396786327942,-0.007083650568027074,-0.02184633918843198,0.1326851375063257,0.13353358335709004,0.47149526794643226,0.8430771596773249,0.0
6.106106106106106,0.46774715911502324,-0.0521433210086836,0.8419230384623703,-0.11985960147601839,-0.00747044950935897,-0.01933994706659485,0.13264322200333745,0.13349184835843858,0.4704403844771127,0.8406440025628275,0.0
6.126126126126126,0.4666774365470299,-0.053486128399665406,0.8395506577209662,-0.11861903707020474,-0.00738794448091797,0.004125251422050041,0.13275686583426824,0.13324597135532723,0.46936692882693704,0.8382360096076389,0.0
6.146146146146146,0.4655795214344219,-0.05489575563040099,0.8372010946504983,-0.11747815352339151,-0.007366717828428036,0.0010613326244965507,0.13275807763748118,0.13329963038657663,0.46827494337409614,0.8358535610617609,0.0
6.166166166166166,0.4644533954855289,-0.05630629744464966,0.8348751430726395,-0.1162975788929391,-0.006778193029903885,0.02942623992620765,0.13296031119646815,0.13303088461627505,0.46716447122830607,0.8334970331414371,0.0
6.186186186186186,0.4632994291028852,-0.057698319132184664,0.8325717960703856,-0.11516735011269841,-0.006409604882499914,0.018429407370198547,0.13295494746318723,0.1331790074107839,0.46603555622910553,0.8311667979697439,0.0
6.206206206206206,0.4621202556909838,-0.05895867059506998,0.8302931637909193,-0.1139316139733105,-0.006625133324905911,-0.01077642212029984,0.1327370500347078,0.13341618134349376,0.4648882429441257,0.8288632235178278,0.0
6.226226226226226,0.46091731913059625,-0.060146828019378006,0.8280395181052097,-0.1126822842854822,-0.00701049954934004,-0.01926831122170647,0.1328163339510159,0.13367957590317503,0.4637225766673307,0.8265866735467988,0.0
6.246246246246246,0.4596895971732882,-0.06138609786540061,0.8258159065306395,-0.11118057872851103,-0.007161278727668993,-0.0075389589164475915,0.13283047613635574,0.13352526654248412,0.462538603417229,0.8243375075502878,0.0
6.266266266266266,0.458435126077377,-0.06272355479555893,0.8236202138023803,-0.10978463641296182,-0.00644908609115598,0.03560963182565067,0.1330361815903423,0.13303205380278105,0.46133636993505744,0.8221160806976787,0.0
6.286286286286286,0.4571539005436006,-0.06406127668882015,0.8214481502875005,-0.1086031757439891,-0.006285347668952909,0.008186921110153518,0.13297665861301725,0.13339083387834222,0.4601159236829352,0.8199227437780232,0.0
6.306306306306306,0.45584850302098384,-0.06526987613083746,0.8193041465343709,-0.10720018765648294,-0.005985106063950199,0.015012080250135573,0.13298271041288343,0.13327738746068019,0.4588773128419906,0.8177578431446472,0.0
6.326326326326326,0.45451983438523436,-0.06643343178747513,0.8171865893804481,-0.10587785769614039,-0.005996837008524086,-0.0005865472286943358,0.13295389657361248,0.1334896732937888,0.45762058631045877,0.8156217206604565,0.0
6.346346346346346,0.45316916587074185,-0.06753342572462648,0.8150981794649875,-0.10442049577302737,-0.006256462530463723,-0.012981276096981883,0.13282614703938184,0.1335922930643175,0.45634579370175143,0.8135147136439544,0.0
6.366366366366366,0.4517962474437137,-0.06864592135140687,0.8130385169259534,-0.102983126951708,-0.006223950083629103,0.0016256223417310828,0.13297232728830727,0.1335064065619332,0.45505298534249783,0.811437154815974,0.0
6.386386386386386,0.4504004022987585,-0.06979225724776182,0.8110084618769704,-0.10150275244915034,-0.006608288508979774,-0.019216921267533493,0.13276175868296455,0.1336622966717711,0.45374221227055844,0.809389372247138,0.0
6.406406406406406,0.448981679187798,-0.07093615554802299,0.8090071775182622,-0.10006421793540943,-0.006950258522515363,-0.017098500676779566,0.1326963579102524,0.1335990651207653,0.45241352623300973,0.8073716893060527,0.0
6.426426426426427,0.44753843716336855,-0.07216210122147257,0.8070327218024754,-0.09872278578934021,-0.007002246857780277,-0.002599416763245611,0.13284134989561303,0.13353811216816092,0.4510669796841015,0.8053844246082442,0.0
6.446446446446447,0.446069053640898,-0.07346917612352777,0.8050863058925153,-0.09732079549800536,-0.006482366983998701,0.025993993689078794,0.13310274382020515,0.13335276920859226,0.4497026257831855,0.8034278919658452,0.0
6.466466466466467,0.4445733550192127,-0.07478493108426579,0.8031690292967768,-0.09586382978692586,-0.0057739505622616425,0.03542082108685285,0.13339319576889225,0.1334853758054441,0.448320518392618,0.8015024003380412,0.0
6.486486486486487,0.44305370817586487,-0.07598234216739218,0.8012871465559861,-0.09409413703953683,-0.005517878481594504,0.012803604033357004,0.133280032082047,0.1336757024773726,0.44692071207563194,0.7996082537822808,0.0
6.506506506506507,0.4415127471767021,-0.07704804995813823,0.7994417852468368,-0.09226806545745998,-0.005190203771943126,0.01638373548256894,0.13318314370896508,0.13349930672098398,0.44550326209418395,0.7977457514062631,0.0
6.526526526526527,0.4399514097633663,-0.0780668706667903,0.7976288686593215,-0.0906458293757695,-0.004675907232497223,0.025714826972295147,0.17854415676559482,0.16104042746408706,0.4440682244067723,0.795915187320704,0.0
6.546546546546547,0.4383658592775374,-0.07927752429144368,0.796928390874969,-0.03502388921762151,-0.018933574767864066,-0.7128833767683421,0.1541235944303628,0.1666468893698308,0.4426156556662276,0.7941168505928932,0.0
6.566566566566567,0.4367600126846693,-0.08029232964340471,0.7970606254056999,0.006611726536544911,-0.023993366543204282,-0.25298958876701094,0.05632449566836922,0.0624420129772129,0.44114561321747664,0.7923510252010468,0.0
6.586586586586587,0.43512258864054304,-0.08187120220631233,0.7950319340936425,-0.10143456560287231,-0.02468612482220172,-0.03463791394987162,0.11213704691711573,0.11474700243143479,0.4396581550952781,0.7906179899894645,0.0
6.606606606606607,0.43340631868009794,-0.08581349802225502,0.7924453550095284,-0.12932895420570278,-0.023770629185267678,0.045774781846702195,0.06573880195428512,0.06746083300319242,0.43815334002193174,0.7889180186244962,0.0
6.626626626626627,0.43164312583505265,-0.08815964225226457,0.7879138930357014,-0.22657309869135323,-0.021783728637626894,0.09934502738203915,0.06573880195428512,0.06746083300319242,0.43663122740496013,0.7872513795513271,0.0
6.646646646646647,0.4298349249989542,-0.09041004180492163,0.7814397080279194,-0.32370925038909615,-0.01863574057428291,0.1573994031671992,0.24243412021846666,0.23879957786321085,0.43509187733476273,0.7856183359515869,0.0
6.666666666666667,0.427873629016335,-0.09806479913095843,0.7781801397642442,-0.1629784131837613,-0.01879687580712374,-0.008056761642041776,0.24243412021846666,0.23879957786321085,0.43353535058224507,0.7840191457017912,0.0
6.686686686686687,0.425781598854919,-0.10460150807079949,0.7781318253190416,-0.002415722260130815,-0.022243830774218428,-0.17234774835473404,0.24243412021846666,0.23879957786321085,0.4319617085964177,0.7824540613326185,0.0
6.706706706706707,0.4235576837087752,-0.11119575730718882,0.7812916822395352,0.15799284602468155,-0.028998271886065425,-0.33772205559234997,0.24243412021846666,0.23879957786321085,0.4303710135019718,0.7809233299890341,0.0
6.726726726726727,0.42117780702801794,-0.11899383403786394,0.7876561473116818,0.3182232536073303,-0.039387501144426684,-0.5194614629180625,0.24243412021846666,0.23879957786321085,0.4287633280968261,0.7794271933912617,0.0
6.746746746746747,0.41859417563861034,-0.1291815694703788,0.7972201817633195,0.47820172258188826,-0.05328757484145964,-0.6950036848516481,0.24243412021846666,0.23879957786321085,0.4271387158496476,0.7779658877966138,0.0
6.766766766766767,0.41573325013022405,-0.14304627541931386,0.8099766336615521,0.6378225949116296,-0.07061632234876691,-0.8664373753653646,0.056323381915629134,0.07336782272278991,0.425497240897346,0.7765396439621841,0.0
6.786786786786787,0.41277393697755493,-0.1479656576334553,0.8207148335502654,0.5369099944356661,-0.07454068640810921,-0.1962182029671139,0.05632337490488157,0.06491836164322773,0.4238389680425417,0.7751486871084073,0.0
6.806806806806807,0.40969194752292276,-0.15409947273160884,0.8293113558626372,0.4298261156185893,-0.07217346139627452,0.11836125059173486,0.056323374904882054,0.06032456651819693,0.4221639627510076,0.7737932368834952,0.0
6.826826826826827,0.4064849329135248,-0.16035073046990006,0.8357011796182326,0.3194911877797755,-0.06673415901097417,0.2719651192650172,0.05632337490488312,0.05910754583713239,0.4204722911490846,0.7724735073287511,0.0
6.846846846846847,0.4031581731797312,-0.16633798668967903,0.8398696998897596,0.2084260135763446,-0.05921484350600623,0.3759657752483967,0.05632337490488465,0.05811411182593221,0.4187640200210709,0.7711897068447706,0.0
6.866866866866867,0.3997219863223218,-0.17180934287046842,0.8418055925322308,0.09679463212355713,-0.050687390075709354,0.42637267151484437,0.05632337490488465,0.05811411182593221,0.4170392168065856,0.7699420381585325,0.0
6.886886886886887,0.3961890678481508,-0.17664592370855203,0.8415120297856994,-0.014678137326569016,-0.04124002700256145,0.4723681536573956,0.05632337490488465,0.05811411182593221,0.41529794959790634,0.7687306982913855,0.0
6.906906906906907,0.39257401707165185,-0.18075253882494746,0.8389919362850012,-0.12600467503490548,-0.03108125903713074,0.5079383982715346,0.05632337490488465,0.05811411182593221,0.41354028713728086,0.7675558785279372,0.0
6.926926926926927,0.3888929285646919,-0.1840544253479994,0.8342482317720443,-0.23718522564784456,-0.020036673350137185,0.5522292843496778,0.05632337490488465,0.05811411182593221,0.4117662988142138,0.766417764385847,0.0
6.946946946946947,0.38516321420733163,-0.18648571786801288,0.827284012899363,-0.34821094363406296,-0.007944832855706322,0.604592024721543,0.05632337490488465,0.05811411182593221,0.40997605466272613,0.7653165355865315,0.0
6.966966966966967,0.38140390570050436,-0.18796542534136354,0.8181025959905059,-0.4590708454428546,0.005227668188601759,0.658625052215404,0.05632337490488465,0.05811411182593221,0.408169625358592,0.7642523660267839,0.0
6.986986986986987,0.37763587933349196,-0.18840131835062027,0.8067074845305867,-0.5697555729959637,0.0194173910875343,0.7094861449466272,0.05632337490488465,0.05811411182593221,0.40634708221654703,0.763225423751314,0.0
7.007007007007007,0.37388195626664056,-0.18769615334257095,0.7931023067151971,-0.6802588907694813,0.03437116715221709,0.747688803234139,0.05632337490488465,0.05811411182593221,0.4045084971874737,0.7622358709262116,0.0
7.027027027027027,0.37016616994696755,-0.18578931598364937,0.7772907443321548,-0.7905781191521144,0.050588462265096446,0.8108647556439682,0.2966828865500508,0.2889442523172872,0.402653942855561,0.7612838638133392,0.0
7.047047047047047,0.3667542431327743,-0.17059634070966082,0.7662529371776249,-0.5518903577264951,0.06009945759112982,0.4755497663016687,0.2827931342980362,0.2741876346077341,0.40078349243543826,0.760369552745656,0.0
7.067067067067067,0.3637643340831228,-0.149495452482575,0.7595500716342436,-0.335143277169066,0.06204211319600333,0.09713278024367528,0.2244710598508851,0.21966724911291016,0.3988972197692855,0.7594930821034784,0.0
7.087087087087087,0.3611736559212271,-0.129533908094788,0.7555024835951144,-0.20237940195645784,0.05903380760925263,-0.1504152793375349,0.18955012904608273,0.1878599776215975,0.39699519932391764,0.7586545902916815,0.0
7.107107107107107,0.3589322349152228,-0.11207105030021233,0.7531194149669099,-0.11915343141022348,0.054653602344782316,-0.21901026322351608,0.16692413874211243,0.1661318692876603,0.39507750618784515,0.7578542097178422,0.0
7.127127127127127,0.35698446955711954,-0.09738826790516282,0.7517441324688514,-0.0687641249029272,0.04898166419208405,-0.28359690763491285,0.15318229551040258,0.15333820168184845,0.3931442160683095,0.7570920667713316,0.0
7.147147147147147,0.3552866952522842,-0.0848887152417689,0.7509843453678824,-0.03798935504844905,0.0431703576514038,-0.29056532703401305,0.1444851771120001,0.14491040698729996,0.391195405288294,0.7563682818033557,0.0
7.167167167167167,0.3538006762765702,-0.07430094878570069,0.7505874225377308,-0.019846141507577623,0.03719308589479185,-0.29886358783059724,0.1389381578815507,0.13959511506586572,0.3892311507835117,0.7556829691079516,0.0
7.187187187187187,0.35249489741242296,-0.06528894320736295,0.750393415960294,-0.009700328871840042,0.03047920073881513,-0.33569425779883627,0.13576858029700192,0.13709377804892064,0.3872515300993669,0.7550362369039383,0.0
7.207207207207207,0.35134078319772727,-0.05770571073478391,0.7503191844822098,-0.003711573904206839,0.0244907856128196,-0.29942075629977627,0.13387169151853026,0.13492458536882568,0.3852566213878946,0.7544281873178278,0.0
7.227227227227227,0.35030932318390784,-0.0515730006909722,0.7503053333513182,-0.0006925565445805694,0.01888343919631322,-0.280367320825319,0.13264121210183458,0.1336807081117426,0.3832465034046749,0.7538589163676986,0.0
7.247247247247247,0.34937576004690235,-0.04667815685027533,0.7503158206054635,0.0005243627072675681,0.013519896774083443,-0.2681771211114887,0.13196674010326873,0.13308326934363918,0.3812212555057239,0.753328513948033,0.0
7.267267267267267,0.3485173293180703,-0.04292153644160351,0.7503322658117647,0.0008222603150591227,0.008756733427908458,-0.23815816730874953,0.13174807779370712,0.13270778971999328,0.379180957644361,0.7528370638155215,0.0
7.287287287287287,0.34771262102706724,-0.04023541455015169,0.7503462039379152,0.0006969063075244713,0.00471004878948784,-0.2023342319210308,0.1318587969958003,0.13255754824246868,0.377125690368052,0.7523846435758372,0.0
7.307307307307307,0.3469433800166745,-0.03846205051963477,0.7503572594652985,0.0005527763691647064,0.0005092505297407741,-0.21003991298735328,0.1318430708586988,0.13283415615249045,0.37505553481522985,0.7519713246713806,0.0
7.327327327327327,0.3461936457083597,-0.037486715415741785,0.7503694064175728,0.000607347613710165,-0.0034719125439219185,-0.19905815368313462,0.131909261022592,0.13296755829612858,0.3729705727120911,0.7515971723699979,0.0
7.347347347347347,0.34544663974000483,-0.037350298417742664,0.7503856438060715,0.0008118694249407257,-0.0067585044922950045,-0.16432959741865427,0.13205821004598697,0.13289732682600067,0.3708708863693696,0.7512622457546749,0.0
7.367367367367367,0.34468687222119054,-0.03798837594071416,0.750407111274378,0.0010733734153225683,-0.009727727813778545,-0.14846116607417686,0.13218696679311412,0.13301407668516688,0.36875655867908697,0.7509665977142068,0.0
7.387387387387387,0.3439017695353716,-0.039255134290945834,0.750437375533172,0.0015132129397041163,-0.012882393302035621,-0.157733274412854,0.13221536214444313,0.13338302514746253,0.36662767311128,0.7507102749348465,0.0
7.407407407407407,0.34307958354779666,-0.04110929937874766,0.7504822193816908,0.00224219242593601,-0.01588141336222743,-0.1499510030095903,0.13233445798655877,0.13362714420320007,0.3644843137107057,0.750493317892932,0.0
7.4274274274274275,0.3422078684364584,-0.0435857555669127,0.7505468708192592,0.0032325718784176945,-0.018630151591229112,-0.13743691145008424,0.13233029568729354,0.13369597477821976,0.36232656509352346,0.7503157608484956,0.0
7.4474474474474475,0.34127463215038933,-0.046661814303453855,0.7506321012039531,0.004261519234693305,-0.020774628411883097,-0.10722384103269911,0.13242950486700808,0.13362345579602375,0.36015451244395336,0.7501776318398526,0.0
7.4674674674674675,0.3402689231994998,-0.05028544754447639,0.7507381015551061,0.005300017557654495,-0.02221210066182829,-0.07187361249725943,0.13255928466736502,0.1334796625274062,0.35796824151091566,0.750078952679175,0.0
7.4874874874874875,0.33918225683884523,-0.05433331803272903,0.7508644800777741,0.006318926133398009,-0.023014637699526132,-0.04012685188489211,0.13269018897282772,0.13334749356342934,0.3557678386046427,0.7500197389490459,0.0
7.5075075075075075,0.3380093606878817,-0.058644807548178766,0.7510110787339034,0.007329932806463277,-0.023856370865229272,-0.04208665828515722,0.13263771391783546,0.13345200524295425,0.3535533905932738,0.75,0.0
7.5275275275275275,0.336746868789883,-0.06312459489993341,0.7511785791342903,0.00837502001934413,-0.024231046782513817,-0.018733795864226875,0.1323436905954837,0.13352816433429457,0.3513249848994246,0.7500197389490459,0.0
7.5475475475475475,0.33539183388824934,-0.0677517450816845,0.7513636585003067,0.009253968300820333,-0.024150771366156842,0.004013770817848442,0.13255531852669764,0.1335427530109677,0.3490827094967363,0.750078952679175,0.0
7.5675675675675675,0.33394282419520144,-0.07245048465239609,0.7515696160702252,0.010297878495926572,-0.023832972795444003,0.015889928535642327,0.1326744483765375,0.13358163952946026,0.34682665290640247,0.7501776318398528,0.0
7.587587587587588,0.3324000325437172,-0.07713958257421281,0.7517987811641276,0.011458254695118554,-0.023120588003621947,0.035619239591103,0.13285116309083017,0.13354859538364222,0.3445569041936742,0.7503157608484956,0.0
7.607607607607608,0.3307650288847931,-0.08175018294620412,0.7520532908969813,0.012725486642682908,-0.022589303967645386,0.026564201798827798,0.13282149987225356,0.1336779436068184,0.34227355296434425,0.750493317892932,0.0
7.627627627627628,0.32904023514352654,-0.08623968706332653,0.7523346648650546,0.014068698403666233,-0.02147320568239261,0.05580491426263884,0.13306444771537912,0.13355856116718676,0.33997668936120967,0.7507102749348465,0.0
7.647647647647648,0.3272277806060143,-0.09062272687561045,0.7526447568208131,0.015504597787925255,-0.020047342107319375,0.07129317875366174,0.13325926720585432,0.13352771386626522,0.3376664040605121,0.7509665977142069,0.0
7.667667667667668,0.32533214906011154,-0.0947815772951388,0.7529860664269401,0.017065480306351643,-0.018558741442596203,0.07443003323615908,0.13335609614465763,0.13353881643370888,0.33534278826836006,0.7512622457546749,0.0
7.687687687687688,0.3233591642030194,-0.09864924285460666,0.7533602808728447,0.018710722295227508,-0.01728246911541428,0.06381361635909596,0.13334420900929456,0.13362213216474672,0.33300593371712583,0.7515971723699979,0.0
7.707707707707708,0.32131497810921583,-0.10220930469017994,0.7537685416997723,0.02041304134637948,-0.016451187331149177,0.041564089213255245,0.13321326132802358,0.133763673814331,0.3306559326618259,0.7519713246713805,0.0
7.727727727727728,0.3192048396278888,-0.10550692406635069,0.7542110650659763,0.02212616831020671,-0.016044161458879547,0.02035129361348157,0.13304902338588318,0.1338949717345146,0.3282928778764782,0.7523846435758372,0.0
7.747747747747748,0.3170322254919216,-0.10863070679836062,0.7546873869586701,0.02381609463469041,-0.0159952637834555,0.0024448837712022775,0.13287451239600415,0.13400855999072633,0.32591686265043934,0.7528370638155215,0.0
7.767767767767768,0.31479873196657693,-0.11167467626723322,0.7551965998347487,0.02546064380393132,-0.015944880093876807,0.0025191844789349445,0.13283362324165712,0.13403724766564604,0.3235279807847223,0.753328513948033,0.0
7.787787787787788,0.31250442853899085,-0.11471517137930395,0.7557384954562846,0.02709478107679201,-0.015565923839983967,0.01894781269464183,0.132967672383144,0.13401065411622776,0.32112632658829227,0.7538589163676986,0.0
7.807807807807808,0.31014972136617586,-0.11773535864074945,0.756314638151565,0.02880713476401738,-0.015238367419931195,0.01637782100263863,0.13291579132950357,0.13403808290047872,0.31871199487434493,0.7544281873178278,0.0
7.827827827827828,0.3077361257084706,-0.1206797828852637,0.7569246571577583,0.030500950309665886,-0.014827401837889045,0.02054827910210766,0.13289099162253282,0.13400490711140892,0.31628508095656227,0.7550362369039383,0.0
7.847847847847848,0.3052648321639911,-0.12356467722397584,0.7575676816502888,0.032151224626527114,-0.014082207482716064,0.037259717758648975,0.13301312052546152,0.13393444834492152,0.3138456806453503,0.7556829691079516,0.0
7.867867867867868,0.30273693882235037,-0.1263946670820355,0.7582444701159877,0.03383942328495017,-0.012319597092562458,0.08813051950768044,0.1334792822556724,0.13368677553449418,0.3113938902440563,0.7563682818033557,0.0
7.887887887887888,0.30015622565568334,-0.1290356583333522,0.7589582695300304,0.03568997070213774,-0.011312337168819573,0.05036299618714424,0.1333688103085385,0.13400972697864946,0.30892980654516716,0.7570920667713315,0.0
7.907907907907908,0.2975291438379423,-0.13135409088705025,0.7597122843749037,0.03770074224366392,-0.009923572933000073,0.06943821179097501,0.13350468537033575,0.13384607783404598,0.3064535268264882,0.7578542097178422,0.0
7.927927927927928,0.2948601265555341,-0.13345086412040957,0.7605061121980443,0.039691391157030464,-0.008966260468932837,0.04786562320336163,0.13336371577357004,0.13393553851323883,0.3039651488473028,0.7586545902916815,0.0
7.947947947947948,0.2921545266202053,-0.13527999676644123,0.7613390105097457,0.04164491558507098,-0.007965085444234235,0.05005875123493014,0.13347032270984163,0.1339680998960996,0.3014647708445123,0.7594930821034785,0.0
7.967967967967968,0.28941628672168607,-0.1369119949259625,0.7622130396328974,0.04370145615758297,-0.0071736534006092145,0.03957160218125109,0.13332537221723226,0.13391975785894367,0.2989524915287595,0.760369552745656,0.0
7.987987987987988,0.2866491817119548,-0.13835525048656225,0.7631253305645329,0.04561454658177201,-0.006149037437861802,0.05123079813737058,0.13342825292211938,0.13382000746626577,0.29642841008052967,0.7612838638133392,0.0
8.008008008008009,0.2838563448123491,-0.1396418449802846,0.7640759169549218,0.04752931951944679,-0.005008887533522082,0.057007495216986025,0.13348333772086265,0.1337261005848665,0.2938926261462366,0.7622358709262116,0.0
8.028028028028029,0.2810420867388183,-0.1407129036765403,0.7650642142060022,0.04941486255402012,-0.00420121436508993,0.04038365842160754,0.13319997742933268,0.13373924777563811,0.29134523983428806,0.7632254237513139,0.0
8.048048048048049,0.2782107616890327,-0.14156625248927993,0.7660862084849175,0.0510997139457639,-0.003190299917893511,0.05054572235982103,0.1334766712353286,0.1338022343717544,0.2887863517111338,0.7642523660267839,0.0
8.068068068068069,0.27536609526970157,-0.1422333209665565,0.7671469146609491,0.053035308801579154,-0.0029364362628695566,0.012693182751197699,0.13315343875961613,0.13393252419448326,0.2862160627972954,0.7653165355865315,0.0
8.088088088088089,0.2725119180199161,-0.14270886248927403,0.7682434524048909,0.054826887197090585,-0.0027865818234478258,0.0074927219710865505,0.13316793024725176,0.13399627926154148,0.2836344745633782,0.766417764385847,0.0
8.108108108108109,0.26964926431174424,-0.1431326854085921,0.7693769500339481,0.05667488145286443,-0.0027349618847665735,0.002580996934062652,0.13311851416672335,0.1340091511767253,0.2810416889260654,0.767555878527937,0.0
8.128128128128129,0.26677848957609984,-0.1435387367822186,0.7705468327971778,0.05849413816148534,-0.002362644536949762,0.018615867390840576,0.1332396451405468,0.13390592565126505,0.2784378082440939,0.7687306982913855,0.0
8.148148148148149,0.26390016344422795,-0.14391630659359367,0.771753331946972,0.06032495748971089,-0.0023792377936170295,-0.0008296628333633767,0.13314228979417117,0.13404805357610985,0.275822935314215,0.7699420381585325,0.0
8.168168168168169,0.2610153648490299,-0.14423992975990294,0.7729970796893092,0.062187387116859394,-0.0019953396879575924,0.019194905282971846,0.13315455078521415,0.13378843917710428,0.2731971733671346,0.7711897068447706,0.0
8.188188188188189,0.25812401022282,-0.14456773131049352,0.7742743759135903,0.06386481121405217,-0.0013771827019905835,0.030907849298350457,0.1335008066970522,0.13391458949637264,0.27056062606343795,0.7724735073287511,0.0
8.208208208208209,0.2552278927747178,-0.14480587240510975,0.7755921904903571,0.06589072883834265,-0.0011205857271885877,0.012829848740099785,0.13339122411155632,0.13399719328591442,0.2679133974894985,0.773793236883495,0.0
8.228228228228229,0.25232920591299735,-0.14493434308602143,0.7769500892230679,0.06789493663553836,-0.0006793837341646017,0.022060099651199296,0.13338964853375296,0.13381885447288264,0.265255592153367,0.7751486871084072,0.0
8.248248248248249,0.24942896839078443,-0.1450118761106459,0.7783453697760683,0.06976402765001948,-0.00018773224462467693,0.024582574476996247,0.13348041669963434,0.13381394174040617,0.2625873149806478,0.7765396439621841,0.0
8.268268268268269,0.24652851422150687,-0.14502270846387802,0.7797792699885241,0.0716950106227893,0.0009004284208445984,0.05440803327346377,0.1337046763228723,0.13353270099334133,0.2599086713103549,0.7779658877966138,0.0
8.288288288288289,0.243629916837844,-0.14492986918314402,0.7812509096900828,0.07358198507793609,0.0019940304111308936,0.054680099514314746,0.13376070252232092,0.1334694673459758,0.2572197668907533,0.7794271933912617,0.0
8.308308308308309,0.24073785371552267,-0.14460315611606558,0.7827601445952796,0.07546174525984213,0.002441322572315084,0.022364608059209506,0.13359347130646146,0.13362124226401156,0.25452070787518555,0.7809233299890341,0.0
8.328328328328329,0.23785685757243907,-0.14404980715417923,0.7843067038038033,0.07732796042618437,0.002182659331661502,-0.0129331620326791,0.13325060215824452,0.1337016780007562,0.25181160081788045,0.7824540613326185,0.0
8.348348348348349,0.23498838470466643,-0.14342364338863245,0.7858866602931057,0.07899782446511976,0.0020028035584677257,-0.008992788659688817,0.13325433282434287,0.1336474874691607,0.24909255266974545,0.7840191457017911,0.0
8.368368368368369,0.23213180558663893,-0.1428289559013752,0.7874992374774948,0.08062885921945427,0.0012391850031945027,-0.03818092776366114,0.1330806876682635,0.13387235413102613,0.246363670774146,0.7856183359515868,0.0
8.388388388388389,0.22928611850705627,-0.1422843539791324,0.7891451649564927,0.08229637394989246,0.0006369686822660059,-0.03011081604642483,0.13303688438289804,0.13375710135146865,0.24362506286266614,0.7872513795513271,0.0
8.408408408408409,0.22644850631569025,-0.14188060956830134,0.7908220597181967,0.0838447380852056,-0.00018950516084761666,-0.041323692155681116,0.1329272086585476,0.1338433976962376,0.2408768370508576,0.7889180186244963,0.0
8.428428428428429,0.2236165910460002,-0.14159576348450248,0.79252954820765,0.08537442447266078,-0.0010987774814605151,-0.045463616030644916,0.1329558456158565,0.13399129334078083,0.2381191018339697,0.7906179899894645,0.0
8.448448448448449,0.2207863050203228,-0.14151430128387157,0.7942702172079472,0.08703345001486079,-0.0007793531217884929,0.015971217983601106,0.13315880332692182,0.13337337745119318,0.2353519660826664,0.7923510252010468,0.0
8.468468468468469,0.21795446855042008,-0.14159182349513513,0.7960378848398745,0.08838338159636326,-0.0005149557190664383,0.013219870136102726,0.13310563521836843,0.13331119842244338,0.23257553903872907,0.7941168505928932,0.0
8.488488488488489,0.21512241632634654,-0.14160261120367698,0.7978308171559952,0.08964661580604098,-0.00041897581410942,0.004798995247850921,0.13322860729013838,0.13351287565582023,0.229789930310744,0.795915187320704,0.0
8.508508508508509,0.21229094956810443,-0.1415733379121058,0.799653799887573,0.09114913657888787,-5.7313605296328676e-05,0.018083110440654568,0.13332949274727665,0.13339065729908559,0.22699524986977343,0.7977457514062631,0.0
8.528528528528529,0.20946083499448048,-0.14150572868119707,0.8015064879562495,0.09263440343381946,-0.00020397721687873387,-0.007333180579120257,0.13322376706108782,0.13341808281529377,0.22419160804501614,0.7996082537822808,0.0
8.548548548548549,0.20663362833396615,-0.14136033302571657,0.8033876928195073,0.09406024316289197,-0.0009483176663626178,-0.0372170224741942,0.13311311054387567,0.13373778094741687,0.22137911551945078,0.8015024003380411,0.0
8.568568568568569,0.20380908501608988,-0.14122716589381323,0.8053004836431308,0.09563954118117358,-0.0024689019197970986,-0.07602921267172402,0.1328650892896342,0.1341221046251935,0.21855788332546644,0.8034278919658453,0.0
8.588588588588589,0.2009838297526146,-0.14126276317376377,0.8072468472889615,0.097318182291532,-0.003594402572604052,-0.056275032640347694,0.13287345778099013,0.13399432658557597,0.21572802284047943,0.8053844246082442,0.0
8.608608608608609,0.19815218211359248,-0.14158238195110615,0.8092249714963339,0.09890621036861938,-0.004944325800546828,-0.06749616139713882,0.13271520259294717,0.13412431629766672,0.21288964578253644,0.8073716893060526,0.0
8.62862862862863,0.19530930702087304,-0.14214375463597145,0.8112343924149525,0.10047104593093537,-0.005673442599259276,-0.03645583993562235,0.13269180420423426,0.1337998141237998,0.21004286420590304,0.8093893722471381,0.0
8.64864864864865,0.1924493602400937,-0.1429973390389671,0.8132699016959031,0.10177546404752819,-0.005168800051481942,0.02523212738886664,0.13287618372163548,0.13316813616594095,0.20718779049664193,0.8114371548159741,0.0
8.66866866866867,0.18956971347393936,-0.14398233830771787,0.8153248306541342,0.10274644791155618,-0.004386546550439017,0.03911267505214623,0.1331885041078875,0.13322956497425553,0.20432453736817457,0.8135147136439544,0.0
8.68868868868869,0.18667259184121635,-0.14485608163615038,0.8174047065157088,0.10399379307873234,-0.003909770659491648,0.023838794547368466,0.13320541935160932,0.1333929744678772,0.20145321785683137,0.8156217206604565,0.0
8.70870870870871,0.18376103077653322,-0.14557805323415646,0.819512189605682,0.10537415449865369,-0.0035271405758169764,0.019131504183733605,0.13324307929990203,0.1334542379781157,0.19857394531739012,0.8177578431446473,0.0
8.72872872872873,0.1808367078246149,-0.14621614759591686,0.8216487248843936,0.10682676393558252,-0.002877923840683965,0.03246083675665058,0.1333348652081797,0.13330954181838042,0.19568683341860119,0.8199227437780233,0.0
8.74874874874875,0.1779015058673466,-0.14676009786341518,0.8238135043617579,0.1082389738682203,-0.0027107660760841523,0.0083578882299906,0.13326716459775623,0.1335263269029093,0.19279199613869824,0.8221160806976787,0.0
8.76876876876877,0.17495797577269495,-0.14717650473258304,0.8260087160070576,0.10976058226498236,-0.0027661217438547767,-0.0027677833885312066,0.133176004698616,0.1335767358932994,0.1898895477609007,0.8243375075502876,0.0
8.78878878878879,0.17200722158731765,-0.14753770926886448,0.8282337269869849,0.11125054899636408,-0.0036181687158111965,-0.042602348597820985,0.1329149927465481,0.13390837175956427,0.18697960286890034,0.8265866735467986,0.0
8.80880880880881,0.16904900747568496,-0.14791070558163447,0.8304895526567858,0.11279128349004569,-0.004757092208085667,-0.056946174613723546,0.13271603207541496,0.13401590352659376,0.18406227634233888,0.8288632235178279,0.0
8.82882882882883,0.16607989477857282,-0.14845563485560684,0.8327747963482888,0.11426218457514864,-0.0058035082826847694,-0.05232080372995518,0.13258744700487274,0.1339561182263755,0.1811376833522729,0.8311667979697439,0.0
8.84884884884885,0.1630954142397712,-0.14922402694008127,0.8350866182360598,0.11559109438854913,-0.006712276448441779,-0.04543840828785043,0.13242814617101067,0.13383192402970864,0.1782059393566254,0.8334970331414371,0.0
8.86886886886887,0.1600910604281137,-0.15021769058287568,0.8374207687732134,0.11670752685768064,-0.006788483215001354,-0.0038103383279788003,0.13259668518042947,0.1335083950907296,0.17526716009562973,0.8358535610617607,0.0
8.88888888888889,0.15706363122412348,-0.15137146019951103,0.839774905453151,0.11770683399688449,-0.006983974877145577,-0.009774583107211132,0.13241231382776583,0.13345503290622426,0.17232146158725853,0.8382360096076389,0.0
8.90890890890891,0.15401279558668204,-0.1525417818720719,0.8421454824496956,0.11852884982722527,-0.007066359557656974,-0.004119234025569816,0.1324568000399765,0.13347347362256543,0.16936896012264566,0.8406440025628277,0.0
8.92892892892893,0.1509377638017116,-0.1537515892485228,0.8445334083052958,0.11939629278001325,-0.0069952177771550154,0.0035570890250977982,0.1325647270662981,0.13351199441627457,0.16640977226149348,0.8430771596773248,0.0
8.94894894894895,0.1478382714771366,-0.15497461622874875,0.8469408308809911,0.12037112878476726,-0.0069074649469640405,0.004387641509548809,0.13262292325860323,0.13358615627631182,0.16344401482747137,0.8455350967274163,0.0
8.96896896896897,0.14471443283703386,-0.15619193200513687,0.8493696913148929,0.1214430216950866,-0.006498869590374705,0.02042976782946672,0.13277306575712752,0.13352513786147896,0.16047180490360463,0.8480174255763487,0.0
8.98898898898899,0.1415668855892025,-0.15737736239156902,0.8518212886766047,0.12257986808558763,-0.006387775534625938,0.005554702787438401,0.1327732475677741,0.13373278318810014,0.15749325982765247,0.8505237542356202,0.0
9.00900900900901,0.1383969384206905,-0.15849735842559903,0.8542986876343907,0.12386994788930074,-0.00590117293196483,0.024330130133055457,0.13286173483121702,0.1335739605135537,0.15450849718747375,0.8530536869268817,0.0
9.02902902902903,0.13520535211148643,-0.15957931546020365,0.8568008209478563,0.1251066656732779,-0.0057157624114190534,0.009270526027288815,0.1324254137638603,0.13392372867312727,0.15151763481638703,0.855606824144433,0.0
9.04904904904905,0.1319939341080145,-0.16057090017359718,0.8593263911765123,0.12627851143280164,-0.004964193525212895,0.03757844431030793,0.1317494467630779,0.1328715693169876,0.14852079078851746,0.8581827627183108,0.0
9.06906906906907,0.1287633333363233,-0.161530038584559,0.8618497755267441,0.12616921751159035,-0.003532201710955326,0.07159959071287844,0.13300295497068879,0.13352724423737578,0.14551808341413588,0.860781095877953,0.0
9.08908908908909,0.1255167293103967,-0.16233020129632988,0.8643992742961755,0.12747493847156793,-0.002486563576546347,0.05228190672044894,0.13334465803692336,0.13401659371714536,0.14250963123498803,0.8634014133164327,0.0
9.10910910910911,0.12225982621441196,-0.16284515479923725,0.8669871952178279,0.12939604608261776,-0.0018349121297206567,0.03258257234128451,0.1332096940727321,0.1340724985735271,0.13949555301961478,0.8660433012552508,0.0
9.12912912912913,0.11899685456558898,-0.16314858244114938,0.8696123391291394,0.13125719556557816,-0.001547137231418334,0.014388744915116141,0.1327741250557019,0.13383654264322067,0.13647596775866253,0.8687063425096762,0.0
9.14914914914915,0.11573061351289186,-0.16331205263485582,0.8722647241938903,0.1326192532375491,-0.001786787379712119,-0.011982507414689269,0.13254389576126516,0.13397686295195418,0.13345099466018764,0.8713901165546235,0.0
9.16916916916917,0.11246187943014822,-0.16343670413718184,0.8749429919079971,0.1339133857053358,-0.0016420230070041061,0.007238218635400671,0.13247030444524524,0.13364671089168073,0.13042075314494853,0.8740941995910597,0.0
9.18918918918919,0.10918948036928139,-0.16361995304334195,0.8776411322984444,0.13490701952237052,-0.0009137542803295212,0.03641343633372924,0.13269045914218605,0.13341377506876004,0.12738536284169114,0.876818164612927,0.0
9.20920920920921,0.10591445292362373,-0.16375137228288283,0.8803589360691982,0.13589018853769164,-0.0007446019624822197,0.008457615892365072,0.1327388439409296,0.1337978987514946,0.12434494358242719,0.8795615814745714,0.0
9.22922922922923,0.10263915285861305,-0.16376500325053364,0.8831027937702085,0.13719288505051538,3.447571495230083e-06,0.037402476698872485,0.13279783507025233,0.13340073714756415,0.1212996153977037,0.8823240169586669,0.0
9.24924924924925,0.09936471506468267,-0.16372188969651935,0.8858676688911241,0.13824375604577918,0.00017943274607269853,0.00879925872887342,0.13278285383204305,0.13372442021699102,0.1182494985118623,0.8851050348446281,0.0
9.26926926926927,0.09609358526060106,-0.16355649020408022,0.8886581140564458,0.13952225826608308,0.0009146037038574511,0.03675854788923762,0.13289766358006405,0.1333897868791504,0.11519471333829544,0.8879041959774918,0.0
9.28928928928929,0.09282728688972047,-0.1633149185440297,0.8914708461522511,0.1406366047902653,0.0004248597118563298,-0.02448719960005607,0.1323678357691377,0.13368311365891378,0.11213538047469072,0.8907210583372667,0.0
9.30930930930931,0.08956818663414455,-0.1629550127787958,0.894302336992901,0.14157454203249065,0.0002708069453308436,-0.007702638326274307,0.1325741196192997,0.13367879254791482,0.10907162069827116,0.893555177108732,0.0
9.32932932932933,0.0863143339508701,-0.16269263416372268,0.8971555608968428,0.14266119519709006,0.0003079359220338285,0.001856448835149238,0.1323687938676919,0.1333418162779995,0.1060035549610274,0.8964061047516789,0.0
9.34934934934935,0.08306490550548637,-0.16247142226918668,0.9000224616523018,0.14334503777295343,0.0007914617822659326,0.024176293011605218,0.13256838832764842,0.13318350574141663,0.1029313043849407,0.8992733910715843,0.0
9.36936936936937,0.0798203551006218,-0.16222752024322873,0.9029036368667234,0.14405876072107773,0.0008937764760513214,0.00511573468926944,0.13233804649894468,0.133163328813676,0.09985499025720375,0.9021565832906991,0.0
9.38938938938939,0.07658268501902504,-0.16188350407983784,0.9057953595426311,0.1445861337953889,0.0005967500116476261,-0.014851323220184773,0.13267243272892862,0.13374225352503752,0.09677473402543013,0.9050552261195497,0.0
9.40940940940941,0.07335224538967862,-0.16152198146732138,0.9087111493822597,0.1457894919814282,0.00019417326970111283,-0.020128837097325658,0.1323626898841479,0.1335346313195842,0.09369065729286229,0.9079688618288305,0.0
9.42942942942943,0.07012796286770945,-0.16121412609845825,0.9116433179126427,0.14660842651914902,-0.0004266665653041481,-0.031041991750263044,0.1320306254341225,0.13341317543055067,0.09060288181356883,0.9108970303216872,0.0
9.44944944944945,0.06690777313516273,-0.16100948662733588,0.914585130232605,0.14709061599811507,-0.0002709604769090978,0.00778530441975251,0.1321686717815201,0.13301310889631077,0.08751152948763816,0.9138392692063706,0.0
9.46946946946947,0.06368964292031001,-0.16090651074263568,0.9175326944734321,0.14737821204135562,-0.0004941924311396399,-0.011161597711527103,0.13236531509822505,0.13347654506003392,0.08441672235636682,0.9167951138692534,0.0
9.48948948948949,0.06047405011099935,-0.16077964046553309,0.9204957839197957,0.148154472318178,-0.0006569202798360651,-0.00813639243482125,0.13233790922838218,0.13340765590113104,0.08131858259744189,0.9197640975481975,0.0
9.50950950950951,0.05726025015061784,-0.16068999801907533,0.9234729554888272,0.1488585784515752,-0.0010352050843812043,-0.018914240227256966,0.1321648448528112,0.13341720917063796,0.07821723252011549,0.9227457514062631,0.0
9.52952952952953,0.05404747474903579,-0.1606387700791028,0.9264617717156064,0.14944081133896026,-0.0012573170948691524,-0.011105600524397435,0.1317729803647762,0.13307577417520566,0.07511279456037856,0.9257396046057412,0.0
9.54954954954955,0.050834470429560824,-0.16065021597374812,0.9294513554369753,0.149479186068444,-0.001685536173267787,-0.021410953919931697,0.13224897780240022,0.13390172791981705,0.07200539127612608,0.928745184382506,0.0
9.56956956956957,0.04762038386022516,-0.16070432846678337,0.9324609929731209,0.15048187680727718,-0.002119228598459329,-0.021684621259577087,0.13168750858238842,0.1334018315439889,0.06889514534231901,0.9317620161206687,0.0
9.58958958958959,0.044403140657317694,-0.160862160145373,0.9354749366211256,0.1506971824002346,-0.0017665021815197496,0.017636320846978925,0.13201456944142861,0.13317898745254095,0.0657821795461412,0.9347896234275258,0.0
9.60960960960961,0.041181111198409066,-0.16110147294543153,0.9384947222535148,0.15098928161946104,-0.0012017113509508873,0.028239541528443123,0.13214859778712695,0.1330950385576741,0.06266661678215227,0.9378275282087861,0.0
9.62962962962963,0.03795544029967731,-0.1612835449365879,0.9415210878711938,0.15131828088395172,-0.000157759250042706,0.052197605045409066,0.13242381988242416,0.13292895364907376,0.05954858004743477,0.940875250744069,0.0
9.64964964964965,0.03472861687753708,-0.16134117110701143,0.9445556463213097,0.15172792250579814,0.0005261532423772357,0.03419562462099708,0.13250449638270184,0.13307690849708614,0.056428192436740715,0.9439323097626549,0.0
9.66966966966967,0.03150437500768982,-0.16121209349236282,0.9476017787378974,0.15230662082938284,0.0015780446237043195,0.05259456906635421,0.13254434072153146,0.1327769480167149,0.053305577137630025,0.9469982225194863,0.0
9.68968968968969,0.02828597724345122,-0.16091988821192998,0.9506556190051013,0.15269201336019428,0.0016738333909914914,0.004789438364358571,0.13175743161406717,0.13273194584229023,0.05018085742560749,0.9500725048713982,0.0
9.70970970970971,0.02507746822927297,-0.1604254507089125,0.9537048305138229,0.15246057543608088,0.0015233152600272872,-0.007525906548210205,0.1323206770256878,0.133275588818098,0.047054156659256954,0.953154671353569,0.0
9.72972972972973,0.02187879102763022,-0.15993386008213759,0.9567658167651184,0.15304931256477175,0.0019330503416620324,0.02048675408173724,0.131862331625344,0.13260703970174795,0.043925598275371576,0.956244235256181,0.0
9.74974974974975,0.018689635572406844,-0.15945777276116876,0.9598218723631998,0.1528027799040692,0.0021486667505922702,0.010780820446511892,0.13249460337422211,0.1331703712873266,0.040795305784078736,0.9593407087012792,0.0
9.76976976976977,0.015512001929339759,-0.1588816821533542,0.9628907132178424,0.15344204273212905,0.0014257571955806523,-0.03614547775058089,0.13177260357793225,0.13321776921932693,0.03766340276396652,0.9624436027198106,0.0
9.78978978978979,0.01234646563342783,-0.15827681479559644,0.9659623309625952,0.1535808872376421,0.0008223555313223534,-0.030170083212914946,0.13257944274879613,0.1339612373035424,0.03453001285720303,0.9655524273288404,0.0
9.80980980980981,0.009190125071807227,-0.1578170280810301,0.9690596962795064,0.15486826584555713,0.00044029202602821046,-0.019103175264707145,0.1319748955783526,0.1332659123038046,0.03139525976465657,0.968666691608924,0.0
9.82982982982983,0.006040584655059427,-0.15747702083739,0.9721635279346152,0.1551915827554408,0.00018435879986827564,-0.012796661307996738,0.1320743607872667,0.13314358121317638,0.02825926724101234,0.9717859037816295,0.0
9.84984984984985,0.0028959884657391876,-0.15722980946601195,0.9752734818441224,0.15549769547535924,0.0005261389781677548,0.01708900891497396,0.13184308440100542,0.13279103200073641,0.02512215908988483,0.9749095712871962,0.0
9.86986986986987,-0.0002442802819789293,-0.15701343738590584,0.9783809029760656,0.1553710565971609,0.0006240885705248795,0.004897479617856231,0.1318269800274078,0.13261558174598942,0.021984059158932697,0.9780372008623139,0.0
9.88988988988989,-0.0033792772755029334,-0.1567498496762002,0.9814829560865618,0.15510265552480673,0.0010823136501957747,0.02291125398354475,0.13203356596027943,0.13282768171909415,0.018845091334967267,0.9811682986180168,0.0
9.90990990990991,-0.006508365411379245,-0.1564544067938156,0.9845858498843644,0.15514468989013236,0.0014202736593503826,0.01689800045773042,0.13179102824133868,0.1325046525527779,0.015705379539064118,0.9843023701176716,0.0
9.92992992992993,-0.009630032272698184,-0.15608334306594687,0.9876812036983864,0.15476769070110036,0.002084562522333569,0.03321444314915929,0.1321731972699849,0.13266757524868658,0.012565047721668906,0.9874389204550574,0.0
9.94994994994995,-0.012742673080921106,-0.15563204041114612,0.990777099968478,0.15479481350457772,0.0023680659645021343,0.014175172108428304,0.13215464531129037,0.13282492843323868,0.00942421985770423,0.9905774543325162,0.0
9.96996996996997,-0.015843419111374994,-0.15503730152269443,0.9938755906535732,0.15492453425476113,0.0018980350224959666,-0.02350154710030841,0.13211025516959837,0.1333666036740824,0.006283019941676196,0.9937174761391657,0.0
9.98998998998999,-0.018931122846178705,-0.15438518674018556,0.9969840387278349,0.1554224037130855,0.0010832270134024337,-0.040740400454676626,0.1317676054216108,0.133305165553364,0.0031415719827795636,0.9968584900291617,0.0
10.01001001001001,-0.02200806956038012,-0.15384733571007064,1.0000964522146747,0.15562067434198518,0.000937437905314313,-0.007289455404406044,0.13188660877510652,0.13296461697618459,6.123233995736766e-17,0.9999999999999999,0.0
10.03003003003003,-0.02507712964452846,-0.153453004207417,1.003209550458913,0.15565491221191055,0.0004272358633513191,-0.025510102098149703,0.13211074891481553,0.1336098220101413,-0.003141571982779441,1.003141509970838,0.0
10.05005005005005,-0.02813911890012616,-0.15309946277988506,1.0063362131821862,0.15633313616366729,0.00036486402054040505,-0.0031185921405457034,0.13161641117149958,0.13305699954659567,-0.006283019941676296,1.0062825238608344,0.0
10.07007007007007,-0.031195958776699912,-0.15284199382868763,1.0094609144580318,0.1562350637922791,0.0005068315663061668,0.007098377288288087,0.1313929181551462,0.13269836213913605,-0.009424219857704107,1.0094225456674837,0.0
10.09009009009009,-0.03424848742723306,-0.1526264325266574,1.0125750327673677,0.15570591546680126,0.0018804291974367584,0.06867988155652956,0.13205414662729772,0.13236856074873177,-0.012565047721668785,1.0125610795449425,0.0
10.11011011011011,-0.037296019297028304,-0.15237659348976215,1.0156834895327378,0.15542283826849965,0.0034323955399052073,0.0775983171234225,0.1325511022442606,0.1325229698239724,-0.015705379539063997,1.0156976298823281,0.0
10.13013013013013,-0.04033247511293338,-0.15182279079525376,1.01879593461596,0.15562225416111702,0.0035445109783431342,0.005605771921896319,0.13182418402824417,0.13272383830674336,-0.018845091334967368,1.0188317013819832,0.0
10.15015015015015,-0.04335194062766142,-0.15097327573640235,1.0219045552678274,0.15543103259336402,0.00323532084125419,-0.015459506854447195,0.13204085582994096,0.1331200072858132,-0.021984059158932576,1.0219627991376858,0.0
10.17017017017017,-0.046354144814976746,-0.15011020936576613,1.0250184345602698,0.15569396462212187,0.0030044611874681477,-0.011542982689302051,0.13150778777818736,0.13260516241228754,-0.02512215908988471,1.0250904287128038,0.0
10.19019019019019,-0.049340234204674746,-0.14930446948490014,1.0281220479619424,0.15518067008363406,0.0025950600951147114,-0.02047005461767184,0.1318576521446263,0.13298360807024423,-0.028259267241012218,1.0282140962183703,0.0
10.21021021021021,-0.0523109859675551,-0.1485375881440177,1.0312262003151254,0.15520761765915297,0.0018056298440485127,-0.03947151255330998,0.1312811872647564,0.13282252258213018,-0.03139525976465689,1.0313333083910763,0.0
10.23023023023023,-0.05526834851118619,-0.14786812718155462,1.034319970228056,0.15468849564653647,0.001556822359958033,-0.012440374204523968,0.13182845451487293,0.13296184740268394,-0.034530012857202905,1.0344475726711595,0.0
10.25025025025025,-0.05821547457893845,-0.14735630338761285,1.0374135483789793,0.1546789075461625,0.0016541169786970583,0.004864730936951243,0.1315739551198646,0.13241617055059016,-0.037663402763966396,1.0375563972801893,0.0
10.27027027027027,-0.06115322673528581,-0.14688760781736787,1.0404950830381625,0.1540767329591658,0.0015770964541919174,-0.003851026225257034,0.1315130341219661,0.13254646571074521,-0.04079530578407862,1.0406592912987207,0.0
10.29029029029029,-0.06408112627705341,-0.14639497708838017,1.0435656149235482,0.15352659426927984,0.0012608919149562161,-0.015810226961785065,0.13144692465479602,0.1326073400104558,-0.04392559827537145,1.043755764743819,0.0
10.31031031031031,-0.06699953871394655,-0.14592062184465715,1.0466250794530816,0.15297322647666806,0.0009103947741362804,-0.01752485704099678,0.13147534738515834,0.13267354716721885,-0.047054156659257274,1.0468453286464312,0.0
10.33033033033033,-0.06990993475021683,-0.14551980181351354,1.0496748928186788,0.15249066827985608,0.001006409019459378,0.004800712266154857,0.1316927623680637,0.1326290269233581,-0.050180857425607364,1.0499274951286017,0.0
10.35035035035035,-0.07281356972438122,-0.14518174870821923,1.0527176287920241,0.15213679866727198,0.0010882068702980406,0.0040898925419331385,0.1316140907253497,0.13252187971711352,-0.0533055771376299,1.0530017774805136,0.0
10.37037037037037,-0.07570986256467967,-0.14481464201492272,1.0557505421889537,0.1516456698464782,0.000693192564764058,-0.019750715276699134,0.13148028231340403,0.13270190020068653,-0.0564281924367406,1.0560676902373451,0.0
10.39039039039039,-0.07859884595443965,-0.14444916948799938,1.0587743282846729,0.15118930478595663,0.0007717903296132083,0.003929888242457519,0.13174889086760386,0.1327064647117138,-0.059548580047434865,1.0591247492559313,0.0
10.41041041041041,-0.08148175501676228,-0.14414545311613092,1.061793045705496,0.15093587104115475,0.0004646642386539678,-0.015356304547962014,0.13142877921372945,0.13258751661914617,-0.06266661678215214,1.0621724717912138,0.0
10.43043043043043,-0.0843585410427247,-0.1438393012981212,1.0648001954910002,0.15035748927520712,0.0004364339979695154,-0.0014115120342226232,0.131640116754123,0.13266509160016163,-0.06578217954614109,1.065210376572474,0.0
10.45045045045045,-0.08723026795715953,-0.1435863457217419,1.0678000712691678,0.14999378890837647,0.0002849153643908738,-0.0075759316789320765,0.13144281697252866,0.13250744916599375,-0.06889514534231889,1.0682379838793312,0.0
10.47047047047047,-0.09009706636442859,-0.143339920363453,1.0707874227675054,0.14936757491688135,6.373123878109573e-05,-0.011059206280488905,0.13148125828360652,0.13263462768445103,-0.07200539127612618,1.0712548156174941,0.0
10.49049049049049,-0.0929597089375093,-0.14313212865403513,1.0737647174145437,0.1488647323519148,0.00020209679819120183,0.006918277970505305,0.13155128094312463,0.13245536904141297,-0.07511279456037843,1.0742603953942587,0.0
10.51051051051051,-0.09581894842192022,-0.1429619742205465,1.0767303479679484,0.14828152767024014,0.00025440093371877526,0.002615206776378675,0.13149705014096136,0.1324151385190286,-0.07821723252011537,1.0772542485937369,0.0
10.53053053053053,-0.09867420463529103,-0.14276281066854046,1.079682927463837,0.1476289747944298,0.00013871687426676518,-0.0057842029726005075,0.13148368608177793,0.1326571402943564,-0.08131858259744176,1.0802359024518022,0.0
10.55055055055055,-0.10152525548380979,-0.14255254242593798,1.0826258571078466,0.14714648220047202,1.1263034189076316e-05,-0.006372692003884442,0.13143159626338016,0.13263110962336205,-0.08441672235636692,1.0832048861307466,0.0
10.57057057057057,-0.10437262428390337,-0.14236844000467921,1.0855579901141998,0.14660665031765815,2.660842817179961e-05,0.0007672696991361649,0.1314131250546842,0.13249580915625667,-0.08751152948763805,1.0861607307936292,0.0
10.59059059059059,-0.10721689759586488,-0.14221366559807505,1.0884770600378846,0.14595349618423784,0.0002631610353490063,0.011827630358860336,0.1314705109679462,0.1323636298230467,-0.09060288181356872,1.0891029696783128,0.0
10.61061061061061,-0.11005807198062004,-0.14205871923775792,1.0913819727585634,0.1452456360339396,0.0006770071013784361,0.02069230330147149,0.13153519850701392,0.13224409407278648,-0.09369065729286216,1.0920311381711694,0.0
10.63063063063063,-0.11289534642915396,-0.14186372242669568,1.0942719306386153,0.1444978940025906,0.001369655810138912,0.034632435438023794,0.13159779958744364,0.13205000248793694,-0.09677473402543023,1.0949447738804503,0.0
10.65065065065065,-0.1157263607263826,-0.14155071486143186,1.097145000855598,0.14365351084913983,0.0005528865587313405,-0.04083846257037856,0.13107740619677044,0.1326005084913358,-0.09985499025720362,1.0978434167093007,0.0
10.67067067067067,-0.11854900192372828,-0.14113205986728417,1.100001644887376,0.1428322015888885,0.00031797770808457025,-0.011745442532338512,0.13149317493308613,0.1326540121396347,-0.1029313043849406,1.1007266089284156,0.0
10.69069069069069,-0.12136650721965653,-0.1408752647964123,1.1028488357825619,0.14235954475929882,0.0004587426085964929,0.007038245025596135,0.13131839022332176,0.1321574978400304,-0.10600355496102727,1.103593895248321,0.0
10.71071071071071,-0.12417971281883246,-0.1406602799587962,1.1056766390292625,0.14139016233503632,0.000519698972470301,0.0030478181936904065,0.131272421496388,0.13218292460603948,-0.10907162069827148,1.1064448228912684,0.0
10.73073073073073,-0.12698803680895224,-0.14041619950598866,1.108484770604542,0.14040657876397672,0.0004737584313741144,-0.002297027054809328,0.1312637063629901,0.13223904270100043,-0.1121353804746906,1.1092789416627333,0.0
10.75075075075075,-0.12979095987662043,-0.14014615338341,1.1112739534856755,0.13945914405667773,-0.0002442248442393292,-0.03589916378067218,0.1310261934761125,0.13249436539016507,-0.11519471333829533,1.1120958040225082,0.0
10.77077077077077,-0.1325889225690489,-0.1398981346214232,1.1140444716993438,0.13852591068341685,-0.0006982326972537195,-0.022700392650719523,0.13130648730207245,0.13264453577021282,-0.11824949851186219,1.114894965155372,0.0
10.79079079079079,-0.1353849258922119,-0.13980016615815008,1.1168027225457844,0.13791254232202343,-0.0005870334271369427,0.005559963505838841,0.1313054998621066,0.13222130917894237,-0.12129961539770358,1.117675983041333,0.0
10.81081081081081,-0.1381806998672977,-0.13978869875428893,1.1195424333888202,0.13698554215178796,-0.00034475445234591605,0.012113948739551326,0.13122688265392632,0.13205203911210378,-0.12434494358242751,1.120438418525429,0.0
10.83083083083083,-0.140975687220292,-0.1397493676497145,1.1222599512910592,0.1358758951119469,-0.00031037337439039745,0.0017190538977759299,0.13119343617168716,0.13215617258060366,-0.127385362841691,1.1231818353870728,0.0
10.85085085085085,-0.14376909205467095,-0.13967024171894818,1.124956346882793,0.1348197795866907,-5.9365971258676064e-05,0.012550370156586076,0.13129939513207625,0.13209509042203946,-0.13042075314494841,1.1259058004089402,0.0
10.87087087087087,-0.14656060429604553,-0.13957561206872926,1.1276323069486882,0.13379800329476366,-0.00011614562579287476,-0.0028389827267099356,0.13120672138238135,0.13220463806512267,-0.13345099466018753,1.1286098834453764,0.0
10.89089089089089,-0.1493495688655716,-0.1394482284763029,1.1302881028378857,0.13278979445987593,0.0003767836275274108,0.024646462666014272,0.13141051274541388,0.13201097675883805,-0.1364759677586626,1.1312936574903238,0.0
10.91091091091091,-0.15213575969939622,-0.13930954169123097,1.1329239055316025,0.13179013468583559,0.0001154644477876087,-0.013065958986990103,0.131140817083161,0.13224821513697918,-0.13949555301961464,1.1339566987447491,0.0
10.93093093093093,-0.15491774652314286,-0.1390993411873315,1.1355392546682264,0.13076745683119187,0.0005712088160137145,0.022787218411305293,0.13136904021806245,0.13197047484731325,-0.1425096312349879,1.136598586683567,0.0
10.95095095095095,-0.15769620457194938,-0.13892290244032696,1.1381334382000121,0.1297091765892881,0.0005708125308660083,-1.9814257385307454e-05,0.13121555106670635,0.132109650085976,-0.14551808341413577,1.1392189041220468,0.0
10.97097097097097,-0.16046925525587888,-0.13865253419647444,1.1407062653925657,0.12864135962767687,0.00011406026840145795,-0.02283761312322752,0.13102650843557073,0.13225307323733002,-0.14852079078851754,1.1418172372816893,0.0
10.99099099099099,-0.1632367555585966,-0.1383750151358864,1.143257082639798,0.1275408623616166,-0.0008700685553283768,-0.049206441186491756,0.13081799656741114,0.1324648586994537,-0.1515176348163869,1.1443931758555668,0.0
11.01101101101101,-0.1660010154733091,-0.13821299573562523,1.1457859619282584,0.12644396442302205,-0.0008993553057935513,-0.0014643375232587033,0.1310840684798332,0.1321040350555823,-0.15450849718747364,1.1469463130731183,0.0
11.03103103103103,-0.16876570712824573,-0.13823458274683215,1.1482915206736262,0.12527793726838252,-0.0008530541034122026,0.0023150601190674285,0.13130795149278462,0.13256353744826094,-0.15749325982765236,1.1494762457643797,0.0
11.05105105105105,-0.17153073110871175,-0.13825119902330066,1.150783906691863,0.12461930091184059,-0.0010404162280693375,-0.00936810623285674,0.13082252517952347,0.13225958965111614,-0.16047180490360474,1.1519825744236514,0.0
11.07107107107107,-0.1742960889134098,-0.13826789023490238,1.1532514390747082,0.12337661914225212,-0.0008929908672633008,0.007371268040301844,0.13093323131272044,0.13212534079125687,-0.16344401482747126,1.1544649032725836,0.0
11.09109109109109,-0.17706240519281996,-0.1383158139705082,1.1556937935468363,0.12211772360641023,-0.0008461271912687305,0.0023431837997285087,0.1308860743934426,0.13214198404549965,-0.16640977226149337,1.1569228403226752,0.0
11.11111111111111,-0.17982944315633292,-0.13835189817564833,1.1581105440472381,0.12083752502009117,-9.916612917521727e-05,0.03734805310467567,0.13113661826833847,0.1318302724385906,-0.16936896012264555,1.1593559974371723,0.0
11.13113113113113,-0.1825966059507466,-0.13835813972068342,1.1605008103897156,0.11951331712387284,-2.913631897153551e-05,0.0035014905101840854,0.1309696300400229,0.13211874879348617,-0.1723214615872586,1.1617639903923611,0.0
11.15115115115115,-0.18536125197967493,-0.1382323014464175,1.162866420504535,0.11828050574095958,0.00032269228184293947,0.01759143004072375,0.1310275207513017,0.13194114907476262,-0.17526716009562962,1.1641464389382392,0.0
11.17117117117117,-0.1881228758969476,-0.13808119586363257,1.1652056259752754,0.11696027353702951,0.00023552154248228667,-0.004358536968032643,0.13089420133783264,0.1321154225390889,-0.1782059393566253,1.166502966858563,0.0
11.19119119119119,-0.1908799218856606,-0.13785229943565114,1.1675190601110381,0.11567170678813911,-0.0004734418776695158,-0.035448171007590124,0.13065569765122806,0.13237521649457884,-0.1811376833522728,1.168833202030256,0.0
11.21121121121121,-0.19363316934467686,-0.13766237295081327,1.1698070646269683,0.11440022579650425,-0.0004326369982883027,0.0020402439690606483,0.13081503273406248,0.1320136998026475,-0.18406227634233915,1.1711367764821723,0.0
11.23123123123123,-0.1963848443249508,-0.13758374901369688,1.172066669674841,0.11298025239363106,-0.0012808685352408264,-0.042411576847626205,0.13053065145549117,0.13243233444643973,-0.18697960286890022,1.1734133264532012,0.0
11.25125125125125,-0.19913507021394725,-0.13751129444982285,1.1742998927957717,0.11166115604653962,-0.0018306017143717957,-0.027486658956548463,0.13066437026796654,0.13243284851112763,-0.18988954776090058,1.1756624924497123,0.0
11.27127127127127,-0.20188723705812286,-0.13760834220878057,1.176508746245975,0.11044267251015695,-0.0020105349047145537,-0.008996659517137885,0.1305670604408314,0.1321090768656176,-0.19279199613869813,1.1778839193023212,0.0
11.29129129129129,-0.20464324101411724,-0.13780019779971803,1.1786870126265947,0.10891331903098929,-0.002536929031363364,-0.026319706332440525,0.1304290811183909,0.13227612401244285,-0.19568683341860107,1.1800772562219766,0.0
11.31131131131131,-0.2074040825577792,-0.1380420771830978,1.1808351514125008,0.10740693929530279,-0.0024836214580313525,0.002665378666600545,0.13055325581621027,0.1320087095980659,-0.1985739453173904,1.182242156855353,0.0
11.33133133133133,-0.21017186755010125,-0.13838924961610283,1.182951065488345,0.1057957037922059,-0.002016879917417086,0.023337077030713305,0.13076861361234243,0.13191446658151565,-0.20145321785683126,1.1843782793395434,0.0
11.35135135135135,-0.2129462551970038,-0.138719382345127,1.1850365811512578,0.10427578314563886,-0.0016893571370222942,0.01637613901973961,0.13090558089682824,0.1321360002196474,-0.20432453736817446,1.1864852863560456,0.0
11.37137137137137,-0.21572518602763008,-0.13894654153131308,1.1870970432504742,0.10302310496082301,-0.0020043701797845545,-0.01575065213811304,0.13059623730850617,0.13231662211958078,-0.20718779049664182,1.1885628451840258,0.0
11.391391391391391,-0.2185075335718042,-0.1391173772087051,1.1891305716222793,0.10167641859025536,-0.002214921246842576,-0.010527553352901065,0.13037913510624988,0.13204998192264628,-0.21004286420590312,1.190610627752862,0.0
11.411411411411411,-0.2212948338521659,-0.1393650140180851,1.191130023809983,0.09997260938517753,-0.0016172384210693686,0.02988414128866034,0.13072581429650798,0.1318020106333301,-0.21288964578253633,1.1926283106939473,0.0
11.431431431431431,-0.22408801816826932,-0.1396592158051714,1.1930968936582433,0.09834349241302039,-0.00043053361764812197,0.05933524017106233,0.13114863417505332,0.13173103733383218,-0.21572802284047932,1.1946155753917558,0.0
11.451451451451451,-0.22688449186731002,-0.1398236849520357,1.1950364298004652,0.0969768071110944,0.0003174027085169262,0.03739681630825241,0.13102100454792295,0.13182570241222955,-0.21855788332546633,1.1965721080341547,0.0
11.471471471471471,-0.22967983998463978,-0.13976740586648861,1.1969481752126732,0.09558727061040231,0.0012838829785553321,0.04832401350192028,0.13106729192688268,0.13162199507840033,-0.22137911551945086,1.198497599661959,0.0
11.491491491491491,-0.23247116063843337,-0.13956603268968007,1.1988298252042862,0.09408249958065244,0.0022840647964403903,0.050009090894252935,0.13107644358496084,0.13149926232674136,-0.22419160804501603,1.2003917462177192,0.0
11.511511511511511,-0.2352545223988354,-0.13916808802010197,1.2006797237587619,0.09249492772378477,0.002799361628368362,0.0257648415963986,0.1309279528709936,0.1316226520229819,-0.22699524986977335,1.2022542485937369,0.0
11.531531531531531,-0.23802600485435416,-0.13857412277593717,1.2024975235420758,0.09088998916569432,0.002952202356853282,0.007642036424245938,0.1306169434930712,0.13131660087884098,-0.22978993031074388,1.204084812679296,0.0
11.551551551551551,-0.24078380921816225,-0.13789021819040473,1.2042741098351397,0.08882931465318927,0.0031299320807942495,0.008886486197048469,0.13087897635695359,0.1314853120167249,-0.23257553903872916,1.205883149407107,0.0
11.571571571571571,-0.24352724680074217,-0.13717187912899628,1.2060159031431121,0.0870896653986156,0.0030404989377113526,-0.0044716571541448796,0.13080022790024576,0.13159227995453227,-0.2353519660826663,1.2076489747989532,0.0
11.591591591591591,-0.2462553635296712,-0.13640583644645107,1.2077233539787724,0.08537254178301443,0.0021833385742548793,-0.042858018172823684,0.1305434066509008,0.13196980652293283,-0.2381191018339696,1.2093820100105355,0.0
11.611611611611611,-0.2489686196519885,-0.135662806115865,1.209398285707401,0.0837465864314347,0.0012983716753420895,-0.044248344945639506,0.1304427853553072,0.13201875936517213,-0.2408768370508575,1.2110819813755036,0.0
11.631631631631631,-0.25167025561961853,-0.1350817983815027,1.211039973776648,0.08208440346235026,0.00024286898585189944,-0.05277513447450951,0.13044579632405118,0.13225686090761526,-0.24362506286266625,1.212748620448673,0.0
11.651651651651651,-0.25436381127978647,-0.13467778300839536,1.2126520288369158,0.08060275301338982,-0.0005873174939279197,-0.04150932398899096,0.13049426172500658,0.13224286129334228,-0.2463636707741459,1.214381664048413,0.0
11.671671671671671,-0.25705355212667397,-0.13448704234437373,1.214234993544632,0.07914823538580229,-0.0008982408420024715,-0.0155461674037276,0.13053413756453439,0.1319585251145493,-0.24909255266974534,1.2159808542982087,0.0
11.691691691691691,-0.259742762584852,-0.13446052290890198,1.2157852737820392,0.07751401187035667,-0.0008345883601664063,0.003182624091803258,0.13063191385220269,0.13179782300451012,-0.2518116008178804,1.2175459386673815,0.0
11.711711711711711,-0.2624322848875613,-0.13447611513546592,1.2173019676934456,0.07583469557031598,-0.00146810663457531,-0.03167591372044519,0.13040296537490992,0.13215123813253205,-0.2545207078751858,1.219076670010966,0.0
11.731731731731731,-0.2651223080772339,-0.1345011594836292,1.2187869514750842,0.07424918908193735,-0.0013166513630697599,0.007572763575277509,0.1305693613333731,0.13176237714952557,-0.2572197668907532,1.2205728066087382,0.0
11.751751751751751,-0.26781481525181416,-0.13462535872901116,1.2202369566915772,0.07250026082464457,-0.0019479723728169766,-0.03156605048736085,0.1303116326446987,0.13215247978236871,-0.2599086713103548,1.2220341122033862,0.0
11.771771771771771,-0.2705094427010336,-0.13473137246097183,1.221653978382985,0.07085108457039378,-0.002320330736574401,-0.018617918187871244,0.13029224877470297,0.1320149853392853,-0.2625873149806477,1.2234603560378159,0.0
11.791791791791791,-0.27320873431691983,-0.1349645807943113,1.2230357196173092,0.06908706171621319,-0.002308119071364315,0.0006105832605043,0.1303676533377239,0.13184372603148525,-0.2652555921533669,1.2248513128915928,0.0
11.811811811811811,-0.2759140399457121,-0.1352652814396145,1.2243807904300334,0.06725354063621844,-0.0023244192934119795,-0.0008150111023831909,0.1303464276256009,0.13187481756441186,-0.2679133974894984,1.226206763116505,0.0
11.831831831831831,-0.27862539748594994,-0.13556787701189013,1.225689371474985,0.06542905224757985,-0.0021177424919161603,0.01033384007479089,0.13040983766269484,0.13178759753913652,-0.27056062606343784,1.2275264926712488,0.0
11.851851851851851,-0.28134274801497244,-0.13586752645112404,1.2269611440232797,0.06358862741473531,-0.0020864182466047076,0.0015662122655725978,0.13034964754803016,0.1318799424069233,-0.2731971733671345,1.2288102931552294,0.0
11.871871871871871,-0.2840656559136427,-0.13614539493351158,1.2281966206316175,0.061773830416886305,-0.0012327201346587669,0.04268490559729705,0.13065153707910054,0.13153341201243515,-0.2758229353142149,1.2300579618414675,0.0
11.891891891891891,-0.2867934639652295,-0.13639040257933918,1.2293951741050566,0.05992767367195033,-0.0013321957789519006,-0.004973782214656698,0.1303783163894335,0.13197680684859703,-0.278437808244094,1.2312693017086145,0.0
11.911911911911911,-0.28952321069939146,-0.13648733670809818,1.2305593655051057,0.05820957000245099,-0.0009713422317581171,0.018042677359689164,0.1304791405932664,0.1317387606001682,-0.2810416889260653,1.2324441214720627,0.0
11.931931931931931,-0.2922549900290896,-0.13658896648490862,1.2316871935563671,0.05639140256307106,-0.001109521565483233,-0.006908966686255812,0.1303032364550576,0.13196042098843835,-0.2836344745633781,1.233582235614153,0.0
11.951951951951951,-0.29498765506637004,-0.13663325186402067,1.2327793717009095,0.05460890722711403,-0.0008244100948726925,0.014255573530526994,0.1303991964672541,0.13175143703738118,-0.28621606279729533,1.2346834644134685,0.0
11.971971971971971,-0.2977217123380771,-0.13670286358535205,1.2338342582371657,0.05274432681281167,-0.0004301939115101504,0.01971080916812708,0.13045929140865903,0.13171762544878848,-0.28878635171113387,1.235747633973216,0.0
11.991991991991991,-0.3004555157551393,-0.13669017085310856,1.2348522783622815,0.05090100625578988,-0.0012859456865509304,-0.04278758875203903,0.1299852750912461,0.13225292793612592,-0.29134523983428795,1.2367745762486861,0.0
12.012012012012011,-0.3031884905138426,-0.13664873793516646,1.2358343753363807,0.0491048487049651,-0.0003123862078949124,0.048677973932800864,0.13064909001255762,0.131562859626779,-0.2938926261462365,1.2377641290737884,0.0
12.032032032032031,-0.30592342810139617,-0.13674687937767777,1.2367801908137204,0.04729077386698625,0.00013119604414810754,0.022179112602150972,0.13020114384311893,0.13184472773435196,-0.29642841008052956,1.2387161361866608,0.0
12.052052052052051,-0.3086571640162919,-0.13668679574478612,1.2376873010272185,0.04535551067491011,0.002104251193609483,0.09865275747306874,0.13043079810810268,0.13083450164752042,-0.2989524915287594,1.239630447254344,0.0
12.072072072072071,-0.31138739947739175,-0.13651177305499326,1.2385441780424808,0.042843850763115275,0.003227253075839631,0.05615009411150738,0.130768666146573,0.131678545598137,-0.30146477084451234,1.2405069178965213,0.0
12.092092092092091,-0.31410630534051887,-0.13594529315635534,1.239368369709202,0.04120958333604931,0.003521369335762727,0.014705812996154803,0.13022779434129322,0.1317121885453145,-0.30396514884730275,1.2413454097083185,0.0
12.112112112112111,-0.3168096649456202,-0.13516798025506463,1.240152380489375,0.03920053900865869,0.0037155948761608323,0.009711277019905205,0.13015273771305824,0.13169976672485373,-0.30645352682648813,1.2421457902821578,0.0
12.132132132132131,-0.3194966489765823,-0.13434920154810714,1.240894948099468,0.03712838050465244,0.004553881079649699,0.04191431017444334,0.1306023565901877,0.1315925901458431,-0.3089298065451672,1.2429079332286685,0.0
12.152152152152151,-0.3221663842677607,-0.13348676455891756,1.2416011816213512,0.03531167609416525,0.005305794485085086,0.03759567027176934,0.13070993218503962,0.13169292117051667,-0.31139389024405634,1.2436317181966443,0.0
12.172172172172171,-0.32481551184583957,-0.13245637890394354,1.2422741815147542,0.03364999467014399,0.005708242909655861,0.020122421228538558,0.13058538573876705,0.13178542580005448,-0.3138456806453502,1.2443170308920484,0.0
12.192192192192191,-0.32744128790863053,-0.13128880313954802,1.2429134897023257,0.03196540937857387,0.006305680663029141,0.02987188766866416,0.13067830073402162,0.1316684202164242,-0.31628508095656216,1.2449637630960617,0.0
12.212212212212211,-0.3300420650180731,-0.13003885547212837,1.24351877210205,0.03026411998621176,0.006666751975340429,0.01805356561556426,0.1305973606597825,0.13171819304851692,-0.318711994874345,1.2455718126821722,0.0
12.232232232232231,-0.33261551744225415,-0.1286726212090536,1.2440895847164442,0.02854063071970499,0.006817244642117296,0.007524633338843309,0.1304973825309074,0.13174649279734763,-0.3211263265882922,1.2461410836323012,0.0
12.252252252252251,-0.3351604435082978,-0.1272463033021825,1.2446248886063118,0.026765194493385703,0.007257948618345247,0.022035198811397386,0.13058281176533407,0.1315573116898973,-0.32352798078472217,1.246671486051967,0.0
12.272272272272271,-0.3376762601614599,-0.1257908326581045,1.2451231757093506,0.02491435515194045,0.007676700485681482,0.020937593366811672,0.1305961723189777,0.1315284629755589,-0.32591686265043923,1.2471629361844785,0.0
12.292292292292291,-0.3401612169847111,-0.1242478411625581,1.2455842387128002,0.023053150172480268,0.007870001999626806,0.009665075697266193,0.13049412787826567,0.13155437871518044,-0.32829287787647826,1.2476153564241628,0.0
12.312312312312311,-0.34261383816282903,-0.12263105890589787,1.246006971960677,0.021136662393843937,0.008204455473403495,0.01672267368883458,0.1305367559926986,0.13143579322484575,-0.330655932661826,1.2480286753286194,0.0
12.332332332332332,-0.3450335369053823,-0.12098493712766355,1.2463902795511774,0.01916537952502474,0.008843525684950716,0.03195351057736076,0.13066264934270308,0.1312474309274991,-0.3330059337171257,1.248402827630002,0.0
12.352352352352352,-0.34741863687456903,-0.11925499845933554,1.2467332616790998,0.017149106396119662,0.008527494146118449,-0.015801576941613528,0.1302100803300165,0.13153481802864103,-0.33534278826835995,1.248737754245325,0.0
12.372372372372372,-0.34976688047358,-0.11741217995054766,1.2470334869281947,0.01501126245474331,0.008246533072004689,-0.014048053705687912,0.13031474911933508,0.13158054332350527,-0.337666404060512,1.2490334022857932,0.0
12.392392392392392,-0.3520795621378546,-0.1156340832137278,1.247293232756052,0.012987291392858678,0.00807585812099704,-0.008533747550382512,0.13034891119941436,0.13151803172452992,-0.3399766893612096,1.2492897250651536,0.0
12.412412412412412,-0.35435765113995915,-0.11390445010522876,1.247512124960442,0.01094461021949509,0.007553473963374409,-0.026119207881131742,0.13022502950510853,0.1316862339944577,-0.34227355296434436,1.249506682107068,0.0
12.432432432432432,-0.35660168955439386,-0.11220192072173672,1.2476908623490772,0.00893686943176505,0.006554266657295954,-0.049960365303922706,0.13001512860245987,0.13188792071918398,-0.34455690419367413,1.2496842391515044,0.0
12.452452452452452,-0.3588142427657121,-0.1106276605659136,1.2478293751409848,0.006925639595374478,0.006620127191683882,0.00329302671939629,0.13041707964919566,0.13147784419781594,-0.34682665290640236,1.2498223681601472,0.0
12.472472472472472,-0.36099882141326056,-0.10922893237742334,1.2479276063003153,0.004911557966523275,0.0061425082061074545,-0.02388094927882159,0.13020945511714047,0.13168849649041076,-0.3490827094967364,1.249921047320825,0.0
12.492492492492492,-0.36315544212715256,-0.10783103569459926,1.2479856349141167,0.002901430690073564,0.0060459271401145055,-0.004829053299647529,0.13033279481093688,0.1315122018774971,-0.35132498489942454,1.249980261050954,0.0
12.512512512512512,-0.3652859589570926,-0.10652584149700293,1.248002724052126,0.0008544569004650285,0.006015171731028283,-0.0015377704543112695,0.13038198796937175,0.13149493366056358,-0.35355339059327373,1.25,0.0
12.532532532532532,-0.36739050461516315,-0.10522728290352824,1.2479793852538408,-0.0011669399142634272,0.005360396718524109,-0.03273875062520885,0.05632340091778862,0.058102746532775,-0.3557678386046426,1.249980261050954,0.0
12.552552552552552,-0.3694826251603345,-0.10460602725856728,1.245731238607813,-0.11240733230138486,0.005245301332381553,-0.005754769307127851,0.2941440980654469,0.2954716804841355,-0.35796824151091555,1.249921047320825,0.0
12.572572572572572,-0.3715253732504405,-0.1021374045053002,1.2483000897183227,0.12844255552548356,0.004706045438371749,-0.026962794700490348,0.05632351431038923,0.05807090471209042,-0.36015451244395347,1.2498223681601472,0.0
12.592592592592592,-0.3735570073608357,-0.1015817055197598,1.2486412573246355,0.017058380315641886,0.0047893106310515935,0.004163259633992021,0.05632351431038923,0.05807090471209042,-0.36232656509352335,1.2496842391515044,0.0
12.612612612612612,-0.37557830037476153,-0.10106465069629143,1.2467568372507583,-0.09422100369386524,0.0048907784706399915,0.005073391979419809,0.05632351431038923,0.05807090471209042,-0.36448431371070567,1.249506682107068,0.0
12.632632632632632,-0.3775892660259484,-0.10054828255934395,1.242648845710292,-0.20539957702331013,0.005499631198423904,0.030442636389195397,0.05632351431038923,0.05807090471209042,-0.3666276731112801,1.2492897250651536,0.0
12.652652652652652,-0.37958985158103226,-0.10002927775419321,1.2363196039919477,-0.31646208591720765,0.007230561551858696,0.08654651767173946,0.05632351431038923,0.05807090471209042,-0.368756558679087,1.2490334022857932,0.0
12.672672672672672,-0.3815786596440254,-0.09944040314965728,1.2277718126847221,-0.4273895653612772,0.009581840998112382,0.11756397231268408,0.05632351431038923,0.05807090471209042,-0.37087088636936955,1.248737754245325,0.0
12.692692692692692,-0.38355286443611625,-0.09871023960454263,1.217008548097037,-0.5381632293842571,0.013186130500255867,0.1802144751071741,0.05632351431038923,0.05807090471209042,-0.37297057271209105,1.248402827630002,0.0
12.712712712712712,-0.38550794824396195,-0.09775419039228406,1.204033259676345,-0.6487644210346016,0.017154360207699778,0.19841148537219544,0.05632351431038923,0.05807090471209042,-0.3750555348152299,1.2480286753286194,0.0
12.732732732732732,-0.3874377397791296,-0.09648957675838354,1.188849746629234,-0.7591756523555471,0.021690661342144153,0.22681505672221858,0.2145520188614557,0.2109360714732493,-0.3771256903680519,1.2476153564241628,0.0
12.752752752752752,-0.38925593960363564,-0.09090999122530243,1.1760702759492803,-0.6389735339976887,0.021636025479358292,-0.0027317931392933648,0.29668288667479437,0.295810597173069,-0.37918095764436077,1.2471629361844785,0.0
12.772772772772772,-0.390880725291054,-0.08123928437091829,1.1681632436664884,-0.3953516141395901,0.01942743531900991,-0.11042950801741963,0.29587847099895975,0.29668288667478265,-0.38122125550572394,1.246671486051967,0.0
12.792792792792792,-0.3923130850350979,-0.07161798720219456,1.16512172224001,-0.15207607132391818,0.016331438562968835,-0.15479983780205417,0.27239057717839726,0.2740962771899407,-0.3832465034046751,1.2461410836323012,0.0
12.812812812812812,-0.3935862096328135,-0.06365622988577938,1.1662576168023986,0.056794728119423765,0.013209603766435618,-0.15609173982666094,0.22178837864616446,0.22373345108217588,-0.3852566213878947,1.2455718126821722,0.0
12.832832832832834,-0.39475016776294325,-0.05819790650648872,1.1700719683442324,0.19071757709169085,0.011032457400951733,-0.10885731827419462,0.16845633358672196,0.16987503655236108,-0.38725153009936686,1.2449637630960617,0.0
12.852852852852854,-0.395846403045918,-0.05481176414873654,1.1749745392332025,0.24512854444850413,0.00909585772097747,-0.09682998399871355,0.12954376242472804,0.1308824245326689,-0.3892311507835115,1.2443170308920484,0.0
12.872872872872874,-0.39689829193102166,-0.052594444255183455,1.1798101338525628,0.2417797309680144,0.006679794559780943,-0.12080315805982665,0.1598826027556695,0.16158506991346558,-0.39119540528829405,1.2436317181966443,0.0
12.892892892892894,-0.39790556890837286,-0.05036384886755897,1.1854831898334186,0.28365279904278995,0.005072914043567378,-0.08034402581067876,0.1598826027556695,0.16158506991346558,-0.39314421606830957,1.2429079332286683,0.0
12.912912912912914,-0.39887934898457617,-0.048689003810166095,1.1919927776821135,0.325479392434745,0.0033507308407750335,-0.08610916013961756,0.1598826027556695,0.16158506991346558,-0.3950775061878452,1.2421457902821578,0.0
12.932932932932934,-0.39982760065280093,-0.0474125834112386,1.1993378667710042,0.36725445444453236,0.002225494466639246,-0.056261818706789854,0.1598826027556695,0.16158506991346558,-0.3969951993239175,1.2413454097083185,0.0
12.952952952952954,-0.40075823895558876,-0.04653191513939061,1.2075173611705625,0.4089747199779194,0.00103818331097079,-0.059365557783423284,0.1598826027556695,0.16158506991346558,-0.39889721976928555,1.2405069178965213,0.0
12.972972972972974,-0.4016768200204789,-0.045929053244507065,1.216530090789279,0.4506364809358248,0.0002650962929644307,-0.038654350900318504,0.1598826027556695,0.16158506991346558,-0.4007834924354382,1.239630447254344,0.0
12.992992992992994,-0.4025888272808988,-0.04560036302099632,1.2263748256934852,0.4922367452103091,-0.00046330193398200166,-0.036419911347322184,0.05632337490489073,0.0573700253445365,-0.40265394285556105,1.2387161361866608,0.0
13.013013013013014,-0.4034988980784549,-0.04550353987780666,1.2339721380789885,0.37986561927516643,-0.0012990483237392476,-0.041787319487862906,0.05632337490489684,0.057474358845296086,-0.40450849718747367,1.2377641290737884,0.0
13.033033033033034,-0.4044079447194432,-0.04545233204941411,1.239326939523492,0.2677400722251797,-0.003113909139367586,-0.09074304078141761,0.05632337490491361,0.05780894392251776,-0.4063470822165468,1.2367745762486861,0.0
13.053053053053054,-0.40531767028810733,-0.045486278433206885,1.242447141511834,0.1560100994171063,-0.005155681439263042,-0.10208861499477347,0.05662959915875469,0.05843080044055073,-0.40816962535859197,1.235747633973216,0.0
13.073073073073074,-0.40623117779219814,-0.045675375204539195,1.2433490319461078,0.04509452171368092,-0.0073840088033599715,-0.11141636820484727,0.08473939194336218,0.08677168108843679,-0.409976054662726,1.2346834644134685,0.0
13.093093093093094,-0.4071565450572443,-0.04626836325230712,1.2428710255733186,-0.02390031863945813,-0.00909370315427299,-0.08548471754565168,0.10346815244051093,0.10523778371766929,-0.4117662988142137,1.233582235614153,0.0
13.113113113113114,-0.4081035542585223,-0.04735046006389879,1.2415652770235253,-0.06528742748966931,-0.01036877658582361,-0.06375367157753209,0.11523829910484903,0.1167983291975552,-0.4135402871372808,1.232444121472063,0.0
13.133133133133134,-0.4090802420267237,-0.048834388410070005,1.2397780948634938,-0.08935910800157312,-0.012220801481314504,-0.09260124477454573,0.1225305358292909,0.1246766872604478,-0.4152979495979064,1.2312693017086145,0.0
13.153153153153154,-0.4100934081137262,-0.05065830435012461,1.2377346204050814,-0.10217372292061964,-0.013870081750757116,-0.08246401347213203,0.12725713597919674,0.12942017024686,-0.4170392168065855,1.2300579618414675,0.0
13.173173173173174,-0.4111513535841629,-0.052897273521834993,1.2355753099659514,-0.10796552195649699,-0.015667648510267498,-0.08987833797551983,0.12990822058940346,0.13239949764108488,-0.41876402002107094,1.2288102931552294,0.0
13.193193193193194,-0.41226179154384374,-0.0555218979840419,1.233383601141574,-0.10958544121887692,-0.016560487333087154,-0.04464194114098443,0.13171487345533336,0.13377966002913969,-0.4204722911490845,1.227526492671249,0.0
13.213213213213214,-0.41343242958998555,-0.05853190230709142,1.2312066306818046,-0.10884852298846731,-0.016811031683986392,-0.012527217544963491,0.13270073623910272,0.13444883785101588,-0.42216396275100765,1.2262067631165048,0.0
13.233233233233234,-0.4146671177400374,-0.06173440750259131,1.22906884580774,-0.10688924370322976,-0.016701182773877627,0.005492445505436927,0.13308312983861784,0.13466425733578258,-0.4238389680425416,1.2248513128915928,0.0
13.253253253253254,-0.415966993976828,-0.06499381183953101,1.2269790497306488,-0.10448980385455874,-0.016232481625685122,0.023435057409623414,0.13312603953143393,0.13449947667142242,-0.4254972408973458,1.223460356037816,0.0
13.273273273273274,-0.4173315227410205,-0.06822643820962325,1.224935400738911,-0.10218244958688977,-0.015597161006353487,0.03176603096658015,0.13293451021265132,0.1342200822378924,-0.42713871584964763,1.2220341122033862,0.0
13.293293293293294,-0.4187585124732884,-0.07134948661339534,1.222930911934901,-0.1002244402005041,-0.015247679837230304,0.017474058456157293,0.13248015605698257,0.13405198823808434,-0.42876332809682627,1.2205728066087382,0.0
13.313313313313314,-0.4202455971425058,-0.07435423346087278,1.2209563680830955,-0.0987271925902794,-0.014131250970196704,0.05582144335167811,0.13255921268618587,0.13356455573305623,-0.4303710135019719,1.2190766700109659,0.0
13.333333333333334,-0.42179049490387055,-0.07724488806823662,1.21900571514845,-0.09753264673227874,-0.014479035186847395,-0.017389210832536563,0.13148606195175946,0.13371637076891446,-0.4319617085964176,1.2175459386673815,0.0
13.353353353353354,-0.42338910207048447,-0.07993035833069624,1.2170653495381534,-0.09701828051482497,-0.014028942832298854,0.02250461772742471,0.13165736771121564,0.13337648570932303,-0.4335353505822449,1.215980854298209,0.0
13.373373373373374,-0.4250425777725231,-0.0826737851019307,1.2151327472414626,-0.09663011483454267,-0.013473085080057774,0.027792887612051245,0.13141960875610323,0.13311731364104884,-0.4350918773347628,1.214381664048413,0.0
13.393393393393394,-0.4267488680642266,-0.08531451458517661,1.2132005675078106,-0.09660898668259539,-0.013136567932309454,0.016825857387413427,0.1310324164567647,0.1329868094390517,-0.4366312274049602,1.2127486204486728,0.0
13.413413413413414,-0.4285059190637873,-0.08785254997803356,1.2112611736826167,-0.09696969125969575,-0.012161713251517442,0.048742734039598015,0.13116581874078698,0.13266168170970724,-0.4381533400219318,1.2110819813755038,0.0
13.433433433433434,-0.43031220456925207,-0.09031427527323647,1.2093117527035435,-0.0974710489536559,-0.011204440120337722,0.047863656558982885,0.13094344038055994,0.13248051139448705,-0.43965815509527806,1.2093820100105355,0.0
13.453453453453454,-0.4321635225691656,-0.09256589999567834,1.2073463869506473,-0.09826828764481371,-0.010863850694181361,0.01702947130781494,0.1305059062200001,0.13258205280699348,-0.4411456132174767,1.2076489747989532,0.0
13.473473473473474,-0.4340561760043979,-0.09463267176161261,1.2053601604946644,-0.09931132279914459,-0.01038327079293386,0.024028995062371418,0.13063868441023488,0.13277415541145463,-0.44261565566622757,1.205883149407107,0.0
13.493493493493494,-0.43598884509717867,-0.09663345463903936,1.203357923151037,-0.10011186718137116,-0.009721767038988288,0.033075187697274674,0.13033120855605232,0.1323873364214005,-0.4440682244067723,1.2040848126792958,0.0
13.513513513513514,-0.437959481435669,-0.09853181692451662,1.201329427257557,-0.10142479467399872,-0.009002764568609205,0.03595012351894989,0.13044074409423798,0.13259420615628986,-0.4455032620941839,1.2022542485937369,0.0
13.533533533533534,-0.43996629574517343,-0.10034071547522228,1.1992794135630083,-0.1025006847274364,-0.006343607637925657,0.13295784653417314,0.1305038367929119,0.13133100277366117,-0.4469207120756318,1.2003917462177194,0.0
13.553553553553554,-0.44200586430774635,-0.10197842812864531,1.1971901525842232,-0.10446304893925291,-0.003792030738454827,0.1275788449735368,0.13141081584265488,0.1322887728429657,-0.44832051839261794,1.198497599661959,0.0
13.573573573573574,-0.44406766327221986,-0.1030899482236747,1.1950893889864194,-0.10503817989018915,-0.0021148060171176835,0.08386123606685225,0.13094318142353387,0.13239025174453414,-0.44970262578318543,1.196572108034155,0.0
13.593593593593594,-0.44614179348344507,-0.10370651056125962,1.1929717613418525,-0.10588138222834048,-0.0005954230687846955,0.07596914741664414,0.13132377597028863,0.13289438785945235,-0.4510669796841014,1.1946155753917558,0.0
13.613613613613614,-0.44822183471409655,-0.10400206153257245,1.1908504132951252,-0.10606740233636432,0.0011166095958340502,0.08560163323093163,0.13121732932861702,0.13247502890547255,-0.4524135262330097,1.1926283106939475,0.0
13.633633633633634,-0.4503020007734627,-0.10400830296830745,1.1887175671884511,-0.10664230533370396,0.0031672873107868255,0.10253388574763277,0.13187695202298758,0.13284990793801962,-0.4537422122705585,1.1906106277528619,0.0
13.653653653653654,-0.45237538134932437,-0.1036690287930821,1.1865885584945464,-0.10645043469523363,0.00486144410575855,0.08470783974857993,0.13146629491287384,0.1325531591980313,-0.4550529853424978,1.188562845184026,0.0
13.673673673673674,-0.45443438671241304,-0.10295026815443346,1.1844528857880965,-0.10678363532249188,0.007237030256704325,0.11877930754728207,0.13198919750721147,0.1324670714106244,-0.45634579370175143,1.1864852863560453,0.0
13.693693693693694,-0.45647184939613744,-0.10187313418621909,1.1823169993995404,-0.1067943194278074,0.008611441739251787,0.06872057412736604,0.13140221539700764,0.13242140259812518,-0.45762058631045877,1.1843782793395436,0.0
13.713713713713714,-0.4584790267293921,-0.10035886666273382,1.180171469602273,-0.10727648986337146,0.010505565640341432,0.09470619505447495,0.13183247650062035,0.13238417799073576,-0.4588773128419906,1.1822421568553527,0.0
13.733733733733734,-0.4604503597066685,-0.09856664886381722,1.178022084045772,-0.10746927782504133,0.012167505464956957,0.0830969912307684,0.13164526360581424,0.13239821817738104,-0.4601159236829352,1.1800772562219768,0.0
13.753753753753754,-0.4623785214850604,-0.09640808891959811,1.1758662081690685,-0.10779379383517097,0.013817613324825782,0.08250539299343304,0.13142405921779032,0.13206941593503543,-0.46133636993505733,1.1778839193023214,0.0
13.773773773773774,-0.46425695595732164,-0.09392172361306084,1.1736956244956245,-0.10852918367220421,0.014926459825506246,0.055442325034014465,0.13119944278947462,0.13217888088211563,-0.462538603417229,1.1756624924497123,0.0
13.793793793793794,-0.4660789442701512,-0.09109941564147717,1.1715085551275228,-0.1093534684050856,0.014974292750947077,0.0023916462720323106,0.13076171698071803,0.1325061760567307,-0.46372257666733074,1.173413326453201,0.0
13.813813813813814,-0.46784050416778,-0.08807799488144029,1.1693033150421193,-0.11026200427017953,0.015178678377651867,0.01021928133522947,0.1308952904955152,0.13251381876999682,-0.46488824294412573,1.171136776482172,0.0
13.833833833833834,-0.4695412973320607,-0.08503965821403499,1.1670820077859918,-0.11106536280637018,0.015041083356162983,-0.006879751074455199,0.13050608415657183,0.13234702308602472,-0.4660355562291054,1.168833202030256,0.0
13.853853853853854,-0.4711810331581906,-0.08198679130649564,1.164836397682462,-0.1122805051764901,0.015473673419048506,0.021629503144264567,0.13065403193614908,0.13203778774695552,-0.4671644712283059,1.1665029668585631,0.0
13.873873873873874,-0.4727599543082374,-0.07894605750233968,1.1625641242778697,-0.11361367022961644,0.015245225235787288,-0.011422409163073785,0.13035812821606063,0.13218889781572557,-0.46827494337409614,1.1641464389382392,0.0
13.893893893893894,-0.474276189590155,-0.07581176409587886,1.1602630401155258,-0.11505420811719566,0.014095543185956483,-0.05748410249155409,0.12995905554415935,0.13247764464230116,-0.4693669288269371,1.161763990392361,0.0
13.913913913913914,-0.47573119301899447,-0.0727501714419751,1.1579315497754932,-0.11657451700163787,0.013660872626264765,-0.021733527984601146,0.13020719244646367,0.13222156190187742,-0.4704403844771127,1.1593559974371723,0.0
13.933933933933934,-0.47712985412117703,-0.06993305510912795,1.155569628106834,-0.11809608343295619,0.014348843641429998,0.03439855075824538,0.13069808836946234,0.13185024533833192,-0.47149526794643215,1.1569228403226752,0.0
13.953953953953954,-0.47847380108598114,-0.06719734824020666,1.1531790973242853,-0.11952653912743506,0.015271804148485515,0.04614802535275876,0.1308340808139853,0.1317203462217587,-0.47253153758990246,1.1544649032725836,0.0
13.973973973973974,-0.47975996358843964,-0.0643081251229258,1.1507600359981283,-0.12095306630784837,0.015232421640989334,-0.001969125374827664,0.13054988224790748,0.13209290323924752,-0.4735491524973721,1.1519825744236514,0.0
13.993993993993994,-0.4809851318215302,-0.06125841165452817,1.148313725515804,-0.12231552411621238,0.015530779811281866,0.0149179085146069,0.13069169072587694,0.13191702138032096,-0.47454807249514736,1.1494762457643797,0.0
14.014014014014014,-0.4821493920077772,-0.05821300931235041,1.1458396878995571,-0.12370188081234819,0.015625684752708553,0.004745247071313635,0.13066313236318908,0.13197978438259486,-0.47552825814757677,1.1469463130731183,0.0
14.034034034034034,-0.4832516838932542,-0.05511459427385126,1.1433384370213409,-0.1250625439108163,0.015709524652965982,0.004191995012848777,0.13066313236318908,0.13197978438259486,-0.4764896707586093,1.1443931758555672,0.0
14.054054054054054,-0.48429184616321796,-0.05200811349818986,1.1408099917830958,-0.12642226191224648,0.01611874172268944,0.020460853486148838,0.13066313236318908,0.13197978438259486,-0.4774322723733215,1.141817237281689,0.0
14.074074074074074,-0.48526963199014456,-0.04888929134633025,1.1382543718705764,-0.12778099562597317,0.01690502957780226,0.03931439275561591,0.13066313236318908,0.13197978438259486,-0.47835602577941516,1.139218904122047,0.0
14.094094094094094,-0.48618318971200136,-0.045677886092841354,1.1356715768865,-0.1291397492038228,0.017375387510364146,0.023517896628066547,0.13066313236318908,0.13197978438259486,-0.479260894508688,1.1365985866835673,0.0
14.114114114114114,-0.4870298369470934,-0.04233236175460211,1.133061581372874,-0.13049977568130153,0.018230471443914466,0.04275419667748716,0.13066313236318908,0.13197978438259486,-0.4801468428384715,1.1339566987447494,0.0
14.134134134134134,-0.48780743692395884,-0.03887999884327124,1.1304243791498354,-0.1318601111519215,0.01866823356381809,0.021888105995149617,0.12274870680367533,0.12349538876965073,-0.48101383579304297,1.1312936574903238,0.0
14.154154154154154,-0.4885172457531763,-0.03549044146087194,1.1275170311984744,-0.1453673975680538,0.01843554376839147,-0.011634489771363724,0.12274870680367533,0.12349538876965073,-0.4818618391450048,1.1286098834453768,0.0
14.174174174174174,-0.489157650370713,-0.0320202308768365,1.124339782176708,-0.15886245108831298,0.01738152731803678,-0.05270082251776975,0.12274870680367533,0.12349538876965073,-0.482690819416637,1.1259058004089402,0.0
14.194194194194194,-0.489729682205755,-0.02860159175210011,1.1208929276321027,-0.17234272723026617,0.01578244857811148,-0.07995393699630268,0.05897101414993011,0.06151795820773004,-0.4835007438812175,1.123181835387073,0.0
14.214214214214214,-0.49026952261555923,-0.02699202049021082,1.1153140644796058,-0.2789431576248402,0.014862560327703713,-0.04599441252042956,0.20159111322343515,0.20284687909266463,-0.4842915805643156,1.1204384185254286,0.0
14.234234234234235,-0.49071337701246315,-0.022192719845196197,1.1118118429366661,-0.17511107714698113,0.013068651250409851,-0.08969545386473769,0.20159111322343515,0.20284687909266463,-0.4850632982450529,1.1176759830413332,0.0
14.254254254254255,-0.4910671733473058,-0.017689816742134618,1.1103839299224705,-0.07139565070978693,0.011011620863847592,-0.10285151932816138,0.1386817772081302,0.14052441876117613,-0.48581586645733693,1.1148949651553721,0.0
14.274274274274275,-0.4913659277833104,-0.014937721800229273,1.1091732781295665,-0.06053258964520471,0.008968826003341448,-0.10213974302535954,0.057314175259251865,0.0595333573073782,-0.4865492554910633,1.112095804022508,0.0
14.294294294294295,-0.4916446597181891,-0.013936596743934467,1.1057746248500828,-0.16993266397418666,0.007190721057547244,-0.08890524728976704,0.06969212685097376,0.07278230432800104,-0.4872634363932886,1.1092789416627329,0.0
14.314314314314315,-0.4919034673034754,-0.012940379264314003,1.1005698014989889,-0.2602411675546979,0.0063235438133405625,-0.043358862210396906,0.06969212685097376,0.07278230432800104,-0.4879583809693737,1.106444822891268,0.0
14.334334334334335,-0.49214651918414304,-0.012152594033382725,1.0935609046974433,-0.3504448400772803,0.007256064263838381,0.0466260225248228,0.06969212685097376,0.07278230432800104,-0.4886340617840967,1.103593895248321,0.0
14.354354354354355,-0.4923753866652895,-0.011443374057323675,1.0847502712924328,-0.440531670250521,0.009448198748079666,0.10960672421198982,0.12416423582676198,0.12473546556134263,-0.489290452162736,1.100726608928416,0.0
14.374374374374375,-0.4925765813388673,-0.010059733678888445,1.075717098443995,-0.45165864242189246,0.010728801973977999,0.06403016129483766,0.12416423582676198,0.12473546556134263,-0.48992752619212343,1.0978434167093007,0.0
14.394394394394395,-0.49274233553697533,-0.00828770990540279,1.066461655271915,-0.4627721586039999,0.011701832750845227,0.04865153884327807,0.12416423582676198,0.12473546556134263,-0.4905452587216671,1.09494477388045,0.0
14.414414414414415,-0.49286765221230994,-0.00626583376673151,1.05698423429497,-0.4738710488472533,0.01172650470545786,0.001233597730543122,0.12416423582676198,0.12473546556134263,-0.49114362536434436,1.0920311381711696,0.0
14.434434434434435,-0.49294899691559263,-0.004067235164134594,1.0472851389519986,-0.4849547671485733,0.010830503869921683,-0.044800041776903415,0.20602888642491654,0.2074966403240644,-0.4917226024976648,1.0891029696783128,0.0
14.454454454454455,-0.492957834102777,-0.0004418593592173982,1.0398034488033774,-0.37408450743105714,0.009953355653028085,-0.043857410844781404,0.29502961865195554,0.29614964435121494,-0.4922821672646027,1.0861607307936292,0.0
14.474474474474475,-0.49287147330468645,0.004318039904527124,1.037167680676245,-0.1317884063566103,0.009302608987894671,-0.03253733325677839,0.29502961865195554,0.29614964435121494,-0.49282229757449897,1.0832048861307468,0.0
14.494494494494495,-0.4926972307702151,0.008712126723568428,1.0393720766760794,0.11021979999172246,0.007972657024654146,-0.06649759816214271,0.29502961865195554,0.29614964435121494,-0.4933429721039341,1.0802359024518022,0.0
14.514514514514515,-0.49244109491369537,0.012806792825986246,1.046412346523525,0.3520134923722842,0.006387093975808798,-0.07927815244239168,0.21267765332658295,0.2147713637076426,-0.49384417029756883,1.0772542485937369,0.0
14.534534534534535,-0.4921341490481235,0.015347293278590995,1.0558573769991548,0.4722515237814915,0.005266698275050307,-0.056019785038059475,0.056323374904886786,0.057386721331194934,-0.494325872368957,1.074260395394259,0.0
14.554554554554555,-0.49181620748441085,0.015897078185634034,1.0630558408893556,0.35992319451003757,0.0037808443772581243,-0.07429269488975358,0.05632337490489239,0.05764012153758537,-0.49478805930132547,1.0712548156174941,0.0
14.574574574574575,-0.49148928104881806,0.016346321779639975,1.0680147959618773,0.24794775362608273,0.0024498741991320298,-0.06654850890645914,0.05632337490489239,0.05764012153758537,-0.4952307128483256,1.0682379838793314,0.0
14.594594594594595,-0.49115553754668306,0.016687175106750666,1.0707371341235075,0.13611690808150742,0.0006075556508452553,-0.09211592741450557,0.05632337490489239,0.05764012153758537,-0.4956538155347533,1.0652103765724743,0.0
14.614614614614615,-0.4908173625940632,0.016908747630991053,1.0712253387886865,0.024410233258955957,-0.0014163247365297602,-0.10119401936893022,0.05632337490489239,0.05764012153758537,-0.4960573506572389,1.0621724717912138,0.0
14.634634634634635,-0.49047795257917665,0.016970500744330194,1.0694814890859745,-0.08719248513560303,-0.003392935900657789,-0.09883055820659369,0.05632337490489239,0.05764012153758537,-0.49644130228490685,1.059124749255931,0.0
14.654654654654655,-0.4901407625506252,0.01685950142757065,1.065507504797681,-0.19869921441468158,-0.005277449008829879,-0.09422565540881037,0.05632337490489239,0.05764012153758537,-0.4968056552600042,1.0560676902373454,0.0
14.674674674674675,-0.48980890107921715,0.016593073570403197,1.0593056720555518,-0.3100916371064615,-0.00759350508554695,-0.1158028038360757,0.05632337490489239,0.05764012153758537,-0.49715039519849946,1.0530017774805136,0.0
14.694694694694695,-0.4894855425025032,0.016167928835697686,1.0508786660833236,-0.4213502986114095,-0.010396867528220879,-0.14016812213393684,0.05632337490489239,0.05764012153758537,-0.4974755084906501,1.0499274951286017,0.0
14.714714714714715,-0.4891749233175123,0.015530959249545746,1.0402295438123796,-0.5324561135472012,-0.013053718619545693,-0.13284255456649777,0.05632337490489239,0.05764012153758537,-0.49778098230154,1.046845328646431,0.0
14.734734734734735,-0.4888816255163909,0.014664890056069234,1.027361735775436,-0.6433904018471729,-0.015883933084701846,-0.14151072325808428,0.05632337490489239,0.05764012153758537,-0.49806680457158625,1.043755764743819,0.0
14.754754754754755,-0.48861005953155173,0.013578299241957918,1.012279051184331,-0.7541342295552599,-0.01903009086178362,-0.15730788885438773,0.2931325551499775,0.2966828864091175,-0.49833296401701493,1.0406592912987211,0.0
14.774774774774775,-0.4884772991745637,0.006638017849402572,1.0020344379784387,-0.5122306602946104,-0.020042854037879025,-0.05063815880509695,0.293546911328751,0.29668288648248237,-0.49857945013030697,1.0375563972801893,0.0
14.794794794794795,-0.4885106015808552,-0.0016651203145745773,0.9966247807784383,-0.270482860000021,-0.019492303027267153,0.02752755053023713,0.21839686665904526,0.22021374636515578,-0.4988062531806126,1.0344475726711593,0.0
14.814814814814815,-0.4886737064170531,-0.008155241809895238,0.9937972517911303,-0.14137644936540153,-0.018242466911443916,0.06249180579078133,0.18166388822598556,0.18295394338763937,-0.4990133642141358,1.031333308391076,0.0
14.834834834834835,-0.48894131235515115,-0.013380296904903114,0.9924530246451103,-0.06721135730099909,-0.01718009922274882,0.05311838443434751,0.15731222482490032,0.15891449604386623,-0.4992007750544875,1.0282140962183706,0.0
14.854854854854855,-0.4892935122796895,-0.017609996226915867,0.9918740073793939,-0.028950863285822588,-0.01605328604465943,0.05634065890403197,0.14215843618636256,0.14370490335224975,-0.49936847830300873,1.025090428712804,0.0
14.874874874874875,-0.48971795096595955,-0.02122193431350412,0.9916098564826855,-0.013207544835418163,-0.014119287652645819,0.09669991960021687,0.1336539697355931,0.13463438619309226,-0.49951646733906235,1.0219627991376858,0.0
14.894894894894895,-0.49020535257537867,-0.02437008047095527,0.9914000523614103,-0.010490206063763384,-0.012344253917868286,0.0887516867383846,0.1287172571111023,0.12993592471038,-0.49964473632029466,1.018831701381983,0.0
14.914914914914915,-0.49074606577824215,-0.02703566014317493,0.9911019375801942,-0.014905739060802687,-0.010341558600153837,0.10013476588520073,0.12552701390945664,0.12650380140171968,-0.4997532801828658,1.0156976298823284,0.0
14.934934934934935,-0.4913317258779864,-0.029283004987212834,0.9906175740351193,-0.02421817725374084,-0.008891178585596446,0.07251900072731224,0.12441757335562874,0.1259173000365218,-0.49984209464164997,1.0125610795449427,0.0
14.954954954954955,-0.4919547005067506,-0.031148731438211133,0.9899220791815253,-0.034774742679701875,-0.007296520153633115,0.07973292159757024,0.12354996454306869,0.12483708843357835,-0.4999111761904045,1.0094225456674837,0.0
14.974974974974975,-0.4926090817030854,-0.03271905981674083,0.9889868294425248,-0.04676248695002419,-0.006180205107469517,0.05581575230753796,0.1237198515970509,0.12546502601706822,-0.49996052210190806,1.0062825238608346,0.0
14.994994994994995,-0.4932895264756051,-0.0340222386259835,0.9878239001521828,-0.05814646451709799,-0.004276825856528371,0.09516896254637275,0.12443259128802998,0.12550476263517607,-0.49999013042806856,1.003141509970838,0.0
15.015015015015015,-0.49399154390072814,-0.03510087125615206,0.9864446687814208,-0.06896156853810124,-0.002908257861773254,0.06842839973702242,0.12488974887886833,0.1264788858907842,-0.5,1.0,0.0
15.035035035035035,-0.4947084761748207,-0.035846613704630215,0.9848705718927278,-0.07870484443465164,-0.0010435420455248816,0.09323579081163556,0.12549980958048226,0.12676681853152405,-0.49999013042806856,0.9968584900291622,0.0
15.055055055055055,-0.4954352012086868,-0.036336251693302235,0.9831151107630511,-0.08777305648382977,0.0009726082558278719,0.10080751506680402,0.12683010085673146,0.12795301008377233,-0.49996052210190806,0.9937174761391657,0.0
15.075075075075075,-0.49616438873215984,-0.03645937617365278,0.9812157499644089,-0.09496803993211614,0.0022930087641865543,0.06602002541703707,0.1268437699629168,0.12839634475319456,-0.4999111761904045,0.9905774543325166,0.0
15.095095095095095,-0.4968881358247783,-0.03618735463092205,0.9791793964704575,-0.1018176746975711,0.002734950394114114,0.022097081495397942,0.12702405785280751,0.129217134422087,-0.49984209464164997,0.9874389204550575,0.0
15.115115115115115,-0.4976020886959746,-0.03569764355981578,0.9770210039249981,-0.1079196272729649,0.0040849334665662386,0.06749915362154887,0.12769961422684176,0.12920141705022536,-0.4997532801828658,0.9843023701176719,0.0
15.135135135135135,-0.49830430926787833,-0.035111028595185806,0.974750461339848,-0.1135271292575082,0.005340410259245689,0.06277383963283356,0.12825675977404097,0.12983494430315431,-0.4996447363202946,0.9811682986180168,0.0
15.155155155155155,-0.4989899767079926,-0.034283372005712576,0.9723854999401036,-0.11824806998722158,0.007282935887806152,0.0971262814268096,0.12896762329535374,0.12998898142368062,-0.49951646733906235,0.9780372008623144,0.0
15.175175175175175,-0.4996538788987383,-0.03319510953728517,0.9699390028813919,-0.12232485293558443,0.008800583333635316,0.07588237229016012,0.12916666760708595,0.13046352099293068,-0.49936847830300873,0.9749095712871961,0.0
15.195195195195195,-0.5002885894139514,-0.03173552576065307,0.9674209822497933,-0.12590103157993024,0.010268350394329365,0.07338835303331226,0.12954720498343122,0.13074664825875387,-0.4992007750544875,0.9717859037816297,0.0
15.215215215215215,-0.5008881449199417,-0.02997777529951802,0.9648412934869594,-0.12898443814169738,0.011491203672808481,0.061142663922465194,0.12986518562573215,0.131199503959889,-0.4990133642141358,0.9686666916089237,0.0
15.235235235235235,-0.501446791178657,-0.027932312935762774,0.962211362895028,-0.13149652959657243,0.012566032711821844,0.05374145194906637,0.1300669911846701,0.1314264667417573,-0.4988062531806126,0.9655524273288405,0.0
15.255255255255255,-0.5019597623998572,-0.025648561060010056,0.9595375404640346,-0.1336911215496665,0.013516954517345695,0.04754609027446967,0.1303092940834758,0.13167883345789572,-0.49857945013030697,0.962443602719811,0.0
15.275275275275275,-0.5024230407984752,-0.023163919930901944,0.9568271474373332,-0.1355196513350705,0.014720250194010364,0.06016478383139181,0.1306894008943966,0.13179068268624922,-0.49833296401701493,0.9593407087012791,0.0
15.295295295295295,-0.5028326413110397,-0.02048002562822323,0.9540874594333623,-0.13698440019854724,0.01551928320162339,0.03995165037867439,0.13076104502969216,0.13205527873284076,-0.4980668045715862,0.9562442352561807,0.0
15.315315315315315,-0.5031843450042365,-0.017585184659839118,0.9513234200855706,-0.1382019673895866,0.016964015736631168,0.07223662674829344,0.1312440227078087,0.13197357674501256,-0.49778098230154,0.9531546713535688,0.0
15.335335335335335,-0.5034744218280736,-0.014503841191853694,0.9485409504349447,-0.13912348253129714,0.017539940559357203,0.028796241134055905,0.13108660461504137,0.13232113960817918,-0.4974755084906501,0.9500725048713984,0.0
15.355355355355355,-0.5036974128232392,-0.011149549758280157,0.9457427935857092,-0.13990784246177546,0.01795936540687112,0.020971242373285057,0.1311421214372397,0.1324073179731147,-0.49715039519849946,0.9469982225194866,0.0
15.375375375375375,-0.5038507889335061,-0.007668805513344204,0.9429310249979581,-0.14058842938755362,0.01769181582598152,-0.013377479047096831,0.1309617216908074,0.13265798090962955,-0.4968056552600042,0.9439323097626547,0.0
15.395395395395395,-0.5039327601483838,-0.004098560743885136,0.9401066697953911,-0.14121776012835033,0.016728758277053415,-0.04815287744928026,0.13072938198967315,0.13291027889655482,-0.4964413022849068,0.9408752507440686,0.0
15.415415415415415,-0.5039446078092538,-0.0005923830434944148,0.9372700548062753,-0.14183074945579285,0.015784998832379837,-0.04718797223684101,0.13075123668870317,0.13293779358485236,-0.49605735065723894,0.9378275282087863,0.0
15.435435435435435,-0.5038906206149876,0.0026993597133116772,0.9344219885119927,-0.14240331471413212,0.015730649195569338,-0.002717481843951583,0.13116103997833806,0.13270866115059304,-0.4956538155347533,0.9347896234275259,0.0
15.455455455455455,-0.503774215499897,0.005820255754529435,0.9315652189379802,-0.1428384787006242,0.01553869773256194,-0.009597573154082596,0.13122668694408487,0.13283382704341137,-0.4952307128483256,0.9317620161206687,0.0
15.475475475475475,-0.503595933648155,0.008914092587098977,0.9287025851007186,-0.143131691863081,0.0158290129896491,0.014515762850370217,0.1315292650976942,0.13274411147307474,-0.4947880593013255,0.9287451843825061,0.0
15.495495495495495,-0.5033564671335778,0.01197332572885947,0.9258372582762951,-0.14326634122117266,0.016170924618016943,0.017095581414124192,0.13167616661829817,0.13278090623969993,-0.494325872368957,0.9257396046057411,0.0
15.515515515515515,-0.5030547009724986,0.01508830805396362,0.9229719450054497,-0.1432656635422746,0.016494405375748457,0.016174037882014845,0.13177713962514986,0.13281610656353957,-0.4938441702975689,0.9227457514062632,0.0
15.535535535535535,-0.5026890741795201,0.01828133964892175,0.9201086416323313,-0.14316516865591916,0.016311686057164095,-0.009135965934124808,0.13135359979248815,0.13308309526304465,-0.4933429721039341,0.9197640975481979,0.0
15.555555555555555,-0.5022585246589352,0.021527476029250567,0.917245007265424,-0.14318171834536184,0.016373109371341586,0.003071165703565415,0.13147133676364373,0.1329747312403721,-0.492822297574499,0.9167951138692534,0.0
15.575575575575575,-0.5017638580800937,0.02473332894207221,0.9143811938503239,-0.14319067075500735,0.016558846612571003,0.009286862055750062,0.13166929765796423,0.13301204874252354,-0.4922821672646027,0.9138392692063709,0.0
15.595595595595595,-0.5012050928415696,0.02793826192621058,0.9115206839487087,-0.14302549508076368,0.01719711511254391,0.03191342499254234,0.13196277509876161,0.13288867793339193,-0.49172260249766486,0.9108970303216873,0.0
15.615615615615615,-0.500581468785123,0.0311812028223296,0.9086659832502333,-0.14273503492376663,0.01786963256645493,0.03362587268906983,0.13208850937110742,0.1328712451293835,-0.49114362536434436,0.9079688618288306,0.0
15.635635635635635,-0.4998902988162978,0.034558498441260015,0.9058186492429858,-0.142366700362372,0.01808709202776092,0.010872973058383514,0.13200801405774534,0.1330032428095181,-0.49054525872166704,0.9050552261195497,0.0
15.655655655655655,-0.4991289340055451,0.03806824053763608,0.9029793926765455,-0.14196282832201823,0.017921929674890938,-0.008258117650916847,0.13191058020060797,0.13309326443243294,-0.4899275261921235,0.9021565832906995,0.0
15.675675675675675,-0.4982966704383681,0.04161317835884904,0.900148082084942,-0.14156552958017585,0.017672748604731385,-0.012459053515936052,0.13191482034867744,0.13308713418875903,-0.48929045216273603,0.8992733910715842,0.0
15.695695695695695,-0.497394097482333,0.0451286478017563,0.8973246951600711,-0.14116934624354838,0.017117737246549233,-0.0277505679176794,0.13185815850705726,0.13318980507897338,-0.48863406178409674,0.896406104751679,0.0
15.715715715715715,-0.4964224778439056,0.04858098192137078,0.8945099250198401,-0.1407385070115519,0.01678934021975748,-0.01641985134877489,0.13198123971770023,0.13309781898420875,-0.48795838096937366,0.8935551771087317,0.0
15.735735735735735,-0.49538415863264723,0.05191596056291881,0.8917042637895889,-0.14028306151255626,0.016711237020427167,-0.0039051599762959504,0.13210774755137067,0.13297618473619993,-0.48726343639328856,0.8907210583372668,0.0
15.755755755755755,-0.49428020096162234,0.05519788355124436,0.8889077987092672,-0.13982325401608367,0.01618969982810161,-0.0260768596267481,0.13201260379788565,0.13312785490845866,-0.4865492554910633,0.8879041959774921,0.0
15.775775775775776,-0.49311101917206857,0.05845908947768746,0.8861213654320576,-0.1393216638604802,0.015530057890025005,-0.032982096915059204,0.1320233921701063,0.1331895435340797,-0.485815866457337,0.885105034844628,0.0
15.795795795795796,-0.49187857487670844,0.061622214768007076,0.883346063723373,-0.13876508543423016,0.01455410006883898,-0.048797891071404,0.13198105787997716,0.1333422970617859,-0.48506329824505284,0.8823240169586666,0.0
15.815815815815816,-0.49058571614542734,0.0646429365640549,0.8805835617289787,-0.13812509971971745,0.013802027318152332,-0.037603637547322766,0.13210735969050602,0.1332884133518428,-0.48429158056431554,0.8795615814745711,0.0
15.835835835835836,-0.4892359373875069,0.06748893789602116,0.8778349795868337,-0.13742910710724895,0.012483262927075736,-0.06593821956790359,0.13198358002730123,0.1335583640494104,-0.48350074388121755,0.8768181646129272,0.0
15.855855855855856,-0.48783254689062444,0.07016952484412348,0.8751025130021366,-0.13662332923485013,0.011473895122607406,-0.05046839023859627,0.1321194056307538,0.13348180942636023,-0.482690819416637,0.87409419959106,0.0
15.875875875875876,-0.48638077271414637,0.07258870882390332,0.872387094366405,-0.1357709317865762,0.010609256053331809,-0.04323195348009797,0.13222329760893076,0.13348015541949457,-0.48186183914500486,0.8713901165546234,0.0
15.895895895895896,-0.48488445879481973,0.07481569596633116,0.8696902708569598,-0.13484117547226293,0.009546646196020971,-0.053130492883139535,0.132195900906219,0.13359372167931066,-0.4810138357930429,0.8687063425096759,0.0
15.915915915915916,-0.483347122684553,0.07686680551333808,0.8670133399377873,-0.13384654595862502,0.00854759284986675,-0.049952667326677205,0.132266472074344,0.13363057792434677,-0.48014684283847153,0.8660433012552509,0.0
15.935935935935936,-0.4817728265306747,0.07871480769391247,0.8643579171570024,-0.13277113903924762,0.007346434968839341,-0.06005789407189041,0.13223478096008082,0.13376329162057005,-0.47926089450868803,0.8634014133164329,0.0
15.955955955955956,-0.4801657330285829,0.08035467510458977,0.8617255148382529,-0.13162011593747272,0.0064222823360385985,-0.04620763166215011,0.1323840675792312,0.1337430854344299,-0.4783560257794152,0.8607810958779529,0.0
15.975975975975976,-0.4785305187549097,0.08176071368365992,0.8591180612931646,-0.13037267725441506,0.005521277613763986,-0.04505023613755061,0.13240907931532353,0.13377248786214457,-0.47743227237332153,0.858182762718311,0.0
15.995995995995996,-0.4768709787832771,0.08297699858162963,0.8565363640180754,-0.12908486375445596,0.004867524087400841,-0.03268767634371242,0.13248583324288835,0.13368857081410512,-0.4764896707586094,0.855606824144433,0.0
16.016016016016017,-0.47519048236448214,0.0840248209397479,0.8539803134373933,-0.12780252903410277,0.003994190991971083,-0.04366665479900994,0.13240678571238423,0.1337822635909762,-0.4755282581475768,0.8530536869268818,0.0
16.036036036036037,-0.47349173840137626,0.08493719815529453,0.8514501152096473,-0.12650991138730347,0.0032299057077488044,-0.038214264240726874,0.13249758366749434,0.13357615849644253,-0.4745480724951474,0.8505237542356205,0.0
16.056056056056057,-0.4717782510376576,0.08567436818593492,0.8489440513519916,-0.12530319288278566,0.0024012002726666883,-0.04143527178580273,0.13257343958902415,0.13372578526920345,-0.47354915249737217,0.8480174255763486,0.0
16.076076076076077,-0.4700530606205336,0.08625952085620085,0.8464654497898861,-0.1239300781052712,0.001611925712326881,-0.03946372805092526,0.13253840313734383,0.13370064181719357,-0.4725315375899025,0.8455350967274166,0.0
16.096096096096097,-0.46831970122885314,0.08666796958402273,0.8440134012898953,-0.12260242499954054,0.001285362753587292,-0.01632814797302957,0.13267780518223407,0.13353605293065457,-0.4714952679464322,0.8430771596773249,0.0
16.116116116116117,-0.4665810984183005,0.08693014052763329,0.8415875128388064,-0.12129442255444908,0.000862685941174788,-0.02113384065896708,0.13265383534493824,0.13359339415284058,-0.47044038447711267,0.8406440025628273,0.0
16.136136136136138,-0.4648382386552205,0.0871429881539983,0.8391882548495994,-0.11996289946034912,-8.276171441015272e-05,-0.047272382820462436,0.13251862437482456,0.13386636308797184,-0.46936692882693704,0.8382360096076389,0.0
16.156156156156158,-0.4630934971802884,0.08723707374660576,0.8368176436537723,-0.11853055979135274,-7.577854110998044e-05,0.00034915862139610343,0.13279765338928684,0.13350079444048854,-0.4682749433740962,0.835853561061761,0.0
16.176176176176178,-0.4613498501016205,0.08718235393339653,0.8344743702347575,-0.11716367095074262,-0.0008511650141301152,-0.03876932369777615,0.1325483822033702,0.13382946386326483,-0.467164471228306,0.833497033141437,0.0
16.196196196196198,-0.4596072522492617,0.08712989261794045,0.832159583655239,-0.11573932897592196,-0.001966497454670095,-0.05576662207763158,0.13248968018499171,0.13408086972594027,-0.46603555622910553,0.8311667979697439,0.0
16.216216216216218,-0.45786926035905434,0.0868995945103684,0.8298761090801745,-0.11417372875322378,-0.002372037001734377,-0.020276977407445496,0.1327419178498364,0.1338937437697468,-0.4648882429441258,0.828863223517828,0.0
16.236236236236238,-0.4561394788468761,0.08648907560891289,0.8276248737073562,-0.1125617686409197,-0.0036923031787298665,-0.06601330890888704,0.13240868613867143,0.1342829457002712,-0.46372257666733085,0.826586673546799,0.0
16.256256256256258,-0.45441973164682636,0.08598736000248666,0.8254066710006593,-0.11091013533484123,-0.0049770156967257105,-0.06423562596446995,0.13243905175378567,0.1344028435776443,-0.46253860341722897,0.8243375075502876,0.0
16.276276276276278,-0.452715612989961,0.08520593284326984,0.8232236782122765,-0.10914963941914052,-0.005544047956588359,-0.02835161306316645,0.13263441488720254,0.1341867052989344,-0.4613363699350574,0.8221160806976786,0.0
16.296296296296298,-0.45103241888714496,0.08415970514080275,0.821075530165933,-0.10740740231717483,-0.005346832275247298,0.009860783992230143,0.13280926902856444,0.13386887689283505,-0.4601159236829351,0.8199227437780231,0.0
16.316316316316318,-0.44937202811604476,0.0830195385550102,0.8189600617640802,-0.10577342009264219,-0.0053000233440196574,0.0023404464812652945,0.13265837380027373,0.13385220704869555,-0.4588773128419905,0.8177578431446471,0.0
16.336336336336338,-0.44773402024839687,0.08190039338239437,0.8168747617616997,-0.10426500011902655,-0.0046690994300618155,0.03154619561294415,0.13282832537000885,0.1336221535455067,-0.4576205863104588,0.8156217206604566,0.0
16.356356356356358,-0.4461175936714081,0.0808213288494388,0.8148187102439869,-0.1028025758856436,-0.0047019968036037165,-0.0016448687682059232,0.13252878544423283,0.13380768720526137,-0.45634579370175155,0.8135147136439547,0.0
16.376376376376378,-0.44452077964500825,0.07984070131999071,0.8127902011725829,-0.10142545357019542,-0.0041401373415845015,0.02809297300411905,0.1327608695353109,0.13363771824815457,-0.4550529853424979,0.8114371548159741,0.0
16.396396396396398,-0.44294375226694477,0.07885136890317389,0.8107901264976359,-0.10000373374735187,-0.0032107422088745725,0.046469756533414806,0.1328654685733696,0.1334653203097853,-0.45374221227055855,0.8093893722471381,0.0
16.416416416416418,-0.441383865519362,0.07799433737913908,0.808817463152798,-0.09863316724189557,-0.0027671994944513012,0.022177135612700412,0.1326683471517313,0.13359622088984957,-0.45241352623300995,0.807371689306053,0.0
16.436436436436438,-0.43983732519281166,0.07732701632751574,0.8068712163141913,-0.09731234193033386,-0.0027105484023168887,0.0028325544904714665,0.1325606676113114,0.13377655165528424,-0.4510669796841013,0.805384424608244,0.0
16.456456456456458,-0.4383023972503692,0.07674639712212267,0.8049524414740815,-0.09593874200549167,-0.0027662418322211752,-0.0027846716202941458,0.13255601526261396,0.13388434524666168,-0.4497026257831855,0.8034278919658453,0.0
16.476476476476478,-0.4367789289096088,0.07617341703802062,0.8030626403439226,-0.09449005650794716,-0.002719302547485801,0.002346964102270377,0.13261279661175976,0.1339032422528839,-0.448320518392618,0.8015024003380413,0.0
16.496496496496498,-0.43526698771394656,0.07559705978311113,0.8012029052014283,-0.09298675712471352,-0.0028197824155778645,-0.005023993549776209,0.13255731387934055,0.13398967331023998,-0.44692071207563183,0.7996082537822808,0.0
16.516516516516518,-0.4337664388974378,0.0750274408254364,0.7993736657969418,-0.0914619702243287,-0.0028562501969103776,-0.0018233892233786133,0.13258360869071095,0.13401307007458046,-0.445503262094184,0.7977457514062631,0.0
16.536536536536538,-0.43227797004143953,0.07442344279991556,0.797575627624323,-0.08990190863094019,-0.0023649022040329905,0.024567399476157836,0.13277311667730698,0.13374154259128918,-0.4440682244067724,0.7959151873207042,0.0
16.556556556556558,-0.4308013561751693,0.07383069331351097,0.7958075449779648,-0.08840413231790986,-0.0022563362445416533,0.005428297794492172,0.132627103709125,0.1338832463780147,-0.4426156556662276,0.7941168505928932,0.0
16.576576576576578,-0.4293347164745764,0.07333198502964504,0.7940693301565269,-0.08691074107189478,-0.002187392772966034,0.003447173384947711,0.13263696127467864,0.13395330652440385,-0.44114561321747675,0.7923510252010469,0.0
16.596596596596598,-0.42787701280879464,0.07288518328908684,0.7923621394307252,-0.08535953629008791,-0.0030287998604343544,-0.04207035458605565,0.13227424025945997,0.13430278663720785,-0.4396581550952781,0.7906179899894645,0.0
16.616616616616618,-0.4264282178603179,0.07243974742383634,0.7906857475928343,-0.08381959189454634,-0.003816024376482465,-0.03936122603641647,0.1323043015429275,0.134397958436547,-0.4381533400219317,0.7889180186244961,0.0
16.636636636636638,-0.4249917929160676,0.0718212472125181,0.7890419719121399,-0.08218878403472063,-0.004276656863909457,-0.02303162462795354,0.13240134179883628,0.13435830636809548,-0.4366312274049601,0.787251379551327,0.0
16.656656656656658,-0.4235710233803884,0.07103847678395972,0.7874316207967769,-0.08051755576815124,-0.004236593320074229,0.002003176912520447,0.13254615576313736,0.13421862288213368,-0.4350918773347629,0.785618335951587,0.0
16.676676676676678,-0.4221678678839368,0.07015777482258082,0.7858547309456577,-0.07884449255595667,-0.0036880893738431104,0.027425197010325857,0.13269634787665954,0.1340436970713886,-0.43353535058224496,0.7840191457017911,0.0
16.696696696696698,-0.42078205262123974,0.06929076313485087,0.7843109046510195,-0.07719131473190922,-0.003035879021748576,0.03261051728049408,0.13269945821612333,0.13398534673822116,-0.4319617085964177,0.7824540613326186,0.0
16.716716716716718,-0.4194116105344537,0.06852210433930307,0.7827993006581883,-0.07558019964156153,-0.0019933056634154006,0.05212866757016231,0.13287279904306515,0.13387359468992996,-0.430371013501972,0.7809233299890341,0.0
16.736736736736738,-0.4180538148504799,0.06788978419868964,0.7813208095314509,-0.07392455633686965,-0.0009948310859228878,0.04992372850449964,0.13285628538264016,0.1338620759996773,-0.4287633280968264,0.7794271933912619,0.0
16.756756756756758,-0.4167042994706263,0.06747576899267864,0.7798749951942616,-0.07229071685946356,-0.00038486945331215347,0.030498081232444678,0.13271531959758062,0.13398254036659712,-0.42713871584964747,0.7779658877966138,0.0
16.776776776776778,-0.4153593578084864,0.06724708310699701,0.7784615293394067,-0.07067329274274803,0.0004211993623927069,0.04030344035834537,0.13284563872616809,0.1339643343834657,-0.4254972408973459,0.7765396439621841,0.0
16.796796796796798,-0.41401657938066383,0.06713892139112845,0.7770820446184943,-0.06897423604562178,0.0013123833328288492,0.04455919806511658,0.13290472489351512,0.1339389830776627,-0.42383896804254145,0.7751486871084071,0.0
16.816816816816818,-0.4126728244030284,0.06718774888177186,0.7757370094785692,-0.06725175699625513,0.002297278553997987,0.04924476057122601,0.13297178640270998,0.13390543209581782,-0.4221639627510075,0.7737932368834951,0.0
16.836836836836838,-0.41132486654087047,0.06739789310789604,0.7744268858224186,-0.06550618280752782,0.0037421166104666267,0.07224190230899698,0.13320526248017966,0.13375502545650322,-0.42047229114908463,0.7724735073287511,0.0
16.856856856856858,-0.40996849678200115,0.06781848794346543,0.7731528655648842,-0.06370101287671961,0.004869850423855653,0.05638669012461351,0.1331064459061634,0.1338082841312152,-0.41876402002107105,0.7711897068447707,0.0
16.876876876876878,-0.40859775190082387,0.06853724405886376,0.7719142239649966,-0.061932079994375736,0.005419225238742152,0.027468740161251188,0.1329266653732033,0.1339917441959017,-0.4170392168065856,0.7699420381585325,0.0
16.896896896896898,-0.4072087779679173,0.0694486966453275,0.7707109647314127,-0.06016296167919837,0.0065672165655950646,0.05739956572607491,0.13322856575292677,0.1338202285971904,-0.41529794959790645,0.7687306982913855,0.0
16.916916916916918,-0.40579856798684166,0.07051049905378241,0.7695449768940648,-0.058299391867392115,0.006687120387349898,0.005995190423976324,0.13283519290348345,0.13411135764182147,-0.4135402871372812,0.7675558785279373,0.0
16.936936936936938,-0.4043631204920987,0.07177237473714634,0.7684146856189924,-0.0565145637536189,0.007089809877061029,0.020134473773913107,0.1329974586285899,0.13405767553215855,-0.41176629881421356,0.766417764385847,0.0
16.956956956956958,-0.40290166409583933,0.07307281981296895,0.7673216650783362,-0.05465102703281087,0.0071464545345892,0.0028322321089313263,0.13287471276664845,0.13416217557214974,-0.40997605466272613,0.7653165355865315,0.0
16.976976976976978,-0.4014126775202201,0.07444932878096121,0.7662656013654261,-0.0528031856455058,0.007110932105336282,-0.0017761222923214168,0.13285595708970438,0.13420571415710061,-0.4081696253585921,0.7642523660267839,0.0
16.996996996996998,-0.39989579256640767,0.07584424769062037,0.7652468277875156,-0.050938678895525155,0.00679004383025468,-0.016044414656405555,0.13274609431484566,0.13430785382824637,-0.4063470822165469,0.7632254237513139,0.0
17.017017017017018,-0.39835172854524353,0.07720320105820568,0.7642651984503701,-0.04908146685727559,0.007172303383167982,0.01911297667724548,0.13302903967902716,0.13408874346472985,-0.4045084971874738,0.7622358709262116,0.0
17.037037037037038,-0.3967814354264277,0.07851465594079264,0.7633216355249498,-0.04717814627101741,0.007359467759088664,0.009358217754729923,0.1327224545531799,0.13422553123833797,-0.40265394285556116,0.7612838638133393,0.0
17.057057057057058,-0.395183347623429,0.07990439014993331,0.7624135798466215,-0.04540278391641325,0.007569308702464797,0.010492046038359239,0.13275072550223818,0.13421799020019679,-0.4007834924354383,0.760369552745656,0.0
17.077077077077078,-0.3935565934623893,0.08133770805198366,0.7615413023518276,-0.04361387473969534,0.007548271895826591,-0.0010518415640048961,0.13270066942563202,0.13431938293733087,-0.39889721976928566,0.7594930821034785,0.0
17.097097097097098,-0.3919006354828835,0.08279789897528932,0.7607055263861298,-0.04178879828489097,0.007819768954176267,0.013574851582142918,0.1328713187258899,0.13426167911583778,-0.39699519932391764,0.7586545902916816,0.0
17.117117117117118,-0.3902155217699347,0.08425568564744038,0.7599078942036894,-0.03988160912201829,0.008130650678096544,0.01554408475201507,0.13290637120450471,0.13423749384039263,-0.39507750618784504,0.7578542097178421,0.0
17.137137137137138,-0.38850036376520036,0.08575790023671569,0.7591485254950366,-0.03796843543263704,0.008670572326583505,0.02699608087156429,0.13303382295037888,0.1341574863468292,-0.3931442160683094,0.7570920667713315,0.0
17.157157157157158,-0.3867540375095355,0.08731631278324249,0.7584280801838723,-0.03602226555821472,0.009398702981398258,0.03640653108058761,0.1331364656087157,0.13406408290130897,-0.39119540528829416,0.7563682818033557,0.0
17.177177177177178,-0.3849744664725195,0.08897855185080292,0.7577466435142505,-0.03407183348108986,0.01020785816005603,0.040457757165254724,0.13318801504793934,0.13398331238825095,-0.38923115078351167,0.7556829691079516,0.0
17.197197197197198,-0.38315863217283147,0.0907917149844008,0.7571037228546081,-0.03214603298211907,0.010743360474948874,0.02677511385691321,0.13310321398133754,0.1340222243749497,-0.38725153009936697,0.7550362369039383,0.0
17.217217217217218,-0.3813030884037751,0.09277718845282003,0.7564985737895336,-0.03025745325372908,0.010690702175466969,-0.0026329170117973845,0.13290440870421458,0.13419822134204473,-0.3852566213878948,0.7544281873178279,0.0
17.237237237237238,-0.3794059245687774,0.0948581917498836,0.7559308037260761,-0.028388503172873704,0.010596582819409237,-0.004705970005238787,0.1329241181200982,0.13421939050439263,-0.38324650340467525,0.7538589163676988,0.0
17.25725725725726,-0.37746773166536884,0.09690964517042867,0.7554009882987124,-0.02649077136818723,0.010973843650466625,0.018863039197262545,0.1331330434768917,0.13404570974002603,-0.3812212555057238,0.7533285139480329,0.0
17.27727727727728,-0.3754888982145985,0.09894167253851521,0.7549096208291665,-0.02456837347729757,0.011492022755258841,0.02590895273481855,0.13320030650239345,0.13394377060573265,-0.3791809576443609,0.7528370638155215,0.0
17.2972972972973,-0.3734674449281995,0.10107266431995106,0.7544561382568808,-0.022674128614280836,0.011244600035253528,-0.012371138699358051,0.13292426392425738,0.13416768506868174,-0.3771256903680517,0.7523846435758372,0.0
17.31731731731732,-0.3714018821387533,0.10327813947230861,0.7540397125250908,-0.020821286589501678,0.011377808280892712,0.0066604093939323684,0.13310569412456238,0.13403725414896592,-0.37505553481522974,0.7519713246713805,0.0
17.33733733733734,-0.36929265233124664,0.10546149037533309,0.7536610781342704,-0.018931719541018393,0.010813491704991641,-0.028215831922882812,0.13285751729311335,0.13426134168066334,-0.37297057271209116,0.7515971723699979,0.0
17.35735735735736,-0.36713964635320273,0.10765029890219655,0.7533198393900145,-0.0170619372127973,0.010471907677067753,-0.017079204772296894,0.13297470029110417,0.13420688454358226,-0.3708708863693698,0.7512622457546749,0.0
17.37737737737738,-0.364945154767343,0.1097245792929857,0.7530169176700463,-0.015146085998407787,0.01025317964606801,-0.010936405180712431,0.1330316570039268,0.13415275841100793,-0.368756558679087,0.7509665977142068,0.0
17.3973973973974,-0.3627107244466685,0.11172151603372468,0.7527523357303275,-0.013229096985940048,0.010294366091520088,0.0020593183936065667,0.13313695394037625,0.13403528651299654,-0.3666276731112802,0.7507102749348465,0.0
17.41741741741742,-0.3604369783159371,0.11368730653657168,0.7525258884804138,-0.011322362495687546,0.010006043802531565,-0.01441611861393769,0.13302195729849325,0.13412223779763222,-0.36448431371070544,0.750493317892932,0.0
17.43743743743744,-0.3581236727308586,0.11566527925392277,0.7523371251571892,-0.00943816616122764,0.009371726717201325,-0.03171585876969787,0.13292096802506947,0.1342583361720167,-0.3623265650935232,0.7503157608484956,0.0
17.45745745745746,-0.3557721128915265,0.1175779919666043,0.7521865441316801,-0.007529051275457013,0.00877143159702299,-0.030014760878063023,0.13296061832508344,0.13427471961168652,-0.3601545124439534,0.7501776318398526,0.0
17.47747747747748,-0.3533850349112796,0.11935389901234389,0.7520749659451802,-0.005578909324992592,0.008470710036909523,-0.015036083237068214,0.13308100381866883,0.1341717414339808,-0.3579682415109157,0.750078952679175,0.0
17.4974974974975,-0.3509649211481936,0.12100568815430028,0.7520026353029772,-0.003616532110151109,0.008396876034139448,-0.003691705725471983,0.13316073232041153,0.13406311310409624,-0.3557678386046426,0.7500197389490459,0.0
17.51751751751752,-0.34851263422462714,0.12261434617832255,0.7519690992806073,-0.0016768011184927123,0.007870860880581636,-0.026300763691906176,0.13299776701481303,0.13420725319780621,-0.35355339059327384,0.75,0.0
17.53753753753754,-0.34602876591090975,0.12419341568586822,0.7519740467098595,0.00024737146260851326,0.00752339081272955,-0.017373509847524844,0.13317096722506472,0.13418966044201014,-0.3513249848994248,0.7500197389490459,0.0
17.55755755755756,-0.34351488161367144,0.12569421486191507,0.7520197651831764,0.0022859236658483825,0.006432849919153981,-0.054527051697079054,0.1328833344655115,0.1344530486516141,-0.34908270949673637,0.750078952679175,0.0
17.57757757757758,-0.3409725721036916,0.12711547549899274,0.752105869401944,0.00430521093838391,0.005304207731177191,-0.05643211705616452,0.1329058960216713,0.134549143491337,-0.3468266529064027,0.7501776318398526,0.0
17.5975975975976,-0.3384063513247759,0.12831103894578313,0.7522341108693008,0.006412073367840403,0.004453827986145273,-0.04251899556955563,0.13298083116530898,0.13446613069644922,-0.34455690419367424,0.7503157608484956,0.0
17.61761761761762,-0.3358209021220625,0.12927246013567195,0.7524043580326661,0.008512358168266279,0.00402487769473298,-0.02144752353165445,0.13309062298325566,0.13429454331888904,-0.34227355296434414,0.7504933178929322,0.0
17.63763763763764,-0.3332194138539667,0.13007441340479145,0.7526156737808952,0.010565787411455769,0.0034962396894956125,-0.02643190992840117,0.13303154984871912,0.13432252350313761,-0.33997668936120956,0.7507102749348465,0.0
17.65765765765766,-0.3306036627014814,0.13078755762426403,0.7528675674123465,0.012594681572566819,0.0030225210166794614,-0.023685944064268508,0.13304330330125483,0.13431359987808103,-0.33766640406051235,0.7509665977142068,0.0
17.67767767767768,-0.32797565800014195,0.13140023506697304,0.7531600518454866,0.014624221657007292,0.0024429232396401923,-0.02897990011962528,0.13299210398643954,0.13436258181071603,-0.33534278826835995,0.7512622457546749,0.0
17.6976976976977,-0.32533741676426453,0.13191206179387083,0.7534930634144612,0.016650578448726687,0.0020228555268376894,-0.02100339779312055,0.13304229839315437,0.13432192880660496,-0.3330059337171259,0.7515971723699979,0.0
17.71771771771772,-0.3226911878887881,0.13231144377382337,0.7538667128384299,0.018682471198435545,0.001605855997212262,-0.02084998959055847,0.13302373003619955,0.13432293279958202,-0.33065593266182614,0.7519713246713805,0.0
17.73773773773774,-0.32003866889467103,0.13262594970585165,0.7542807065879984,0.020699687478424277,0.001242666298723363,-0.018159499058296984,0.13302558115770344,0.13430802784014786,-0.3282928778764786,0.7523846435758371,0.0
17.75775775775776,-0.3173810296189117,0.13288196378796857,0.7547348174795597,0.022705544578065364,0.00020784810352493342,-0.0517409252113744,0.13276294436914787,0.13457802484408038,-0.32591686265043923,0.7528370638155215,0.0
17.77777777777778,-0.31472030374218346,0.1330362938364122,0.7552291199900404,0.024715125524032582,-0.00021484043135373384,-0.021134443487046725,0.13299995991461286,0.13442579523766557,-0.32352798078472217,0.753328513948033,0.0
17.7977977977978,-0.31206045819492906,0.13299227736272126,0.7557648364915438,0.026785825075169474,-0.0005347833118896559,-0.01599716212464275,0.13298652723104204,0.1343701715677456,-0.321126326588292,0.7538589163676988,0.0
17.81781781781782,-0.30940279300989804,0.13288325925155087,0.7563409061557544,0.028803483210533366,-0.0013321586800726134,-0.03986878816621605,0.13277809265353208,0.13455557482374045,-0.3187119948743448,0.7544281873178278,0.0
17.83783783783784,-0.3067488908545178,0.13269510776901358,0.7569569504987215,0.030802217148348587,-0.0018304025559701066,-0.02491221529598831,0.13287952244279996,0.13449871669758823,-0.3162850809565623,0.7550362369039383,0.0
17.85785785785786,-0.30410195466945805,0.132346809252988,0.757613590438471,0.03283199698747328,-0.0020887966435076074,-0.012919727682141204,0.13293070830932308,0.13441993492000695,-0.3138456806453505,0.7556829691079515,0.0
17.87787787787788,-0.30146408197167346,0.13189363488922984,0.7583103770537031,0.03483933076160437,-0.0020214822643344257,0.0033656938449849357,0.13300563193943854,0.13428541049505802,-0.31139389024405634,0.7563682818033557,0.0
17.8978978978979,-0.29883623602232257,0.13139229746754358,0.7590463888350119,0.03680058906543833,-0.0018705159417302854,0.007548289119774627,0.132988266616983,0.13422054731172506,-0.3089298065451674,0.7570920667713315,0.0
17.91791791791792,-0.296218267079553,0.1308984471384791,0.7598203724518414,0.038699180841475674,-0.0014870284224816506,0.01917434704089451,0.1330500247521425,0.1341162105405082,-0.3064535268264879,0.7578542097178423,0.0
17.93793793793794,-0.29360933805394906,0.13044645128019697,0.7606316637183068,0.0405645633232724,-0.0013410371973982373,0.0072995301657333075,0.13292238365987286,0.13416224712793978,-0.3039651488473025,0.7586545902916816,0.0
17.95795795795796,-0.2910079668364975,0.13006856087257823,0.7614790222358013,0.04236792587472525,-0.00122778775529587,0.005662438640386077,0.13290873096634861,0.13418295174902012,-0.30146477084451234,0.7594930821034785,0.0
17.97797797797798,-0.2884135388882842,0.1297213974106638,0.7623625203700312,0.04417490671148951,-0.0011657620445069362,0.0031012494677737025,0.1328816257447583,0.13420666069167714,-0.2989524915287596,0.760369552745656,0.0
17.997997997998,-0.2858258188103718,0.12938600389562188,0.7632820753418565,0.04597774859126858,-0.0007941258180997411,0.01858177265344296,0.13300486676213258,0.1341106042364791,-0.29642841008052956,0.7612838638133392,0.0
18.01801801801802,-0.28324426003312386,0.12907793886239483,0.7642380571756833,0.04779909169133358,-0.0007253281778813055,0.0034398403538017513,0.13285960292241605,0.13418863079968688,-0.2938926261462367,0.7622358709262116,0.0
18.03803803803804,-0.2806675169550095,0.12883715390571593,0.7652294378063277,0.04956903153222322,-0.0005892399794758438,0.006804365054477537,0.1329117992994782,0.13420524049861063,-0.2913452398342883,0.7632254237513139,0.0
18.05805805805806,-0.2780950980665487,0.12862094442304067,0.7662572042529825,0.051388322332742126,-0.000735209645863933,-0.007298531912005125,0.13277440659943357,0.13429245846020665,-0.28878635171113387,0.7642523660267838,0.0
18.07807807807808,-0.2755264117414266,0.12843431625610544,0.7673205800301234,0.05316878885704266,-0.0010584926352440107,-0.016164202349794154,0.13270081357540914,0.1343857544200183,-0.28621606279729567,0.7653165355865313,0.0
18.0980980980981,-0.2729622543651762,0.12820786881252139,0.7684198237908629,0.05496218803697982,-0.001100315551230297,-0.0020912031203915646,0.13281105543867366,0.1343261415645558,-0.28363447456337826,0.766417764385847,0.0
18.11811811811812,-0.27040362204619467,0.1279316159490768,0.7695556513318599,0.05679137704984666,-0.0014143711552171126,-0.01570284265360713,0.13266107448997783,0.13441101509578124,-0.2810416889260651,0.7675558785279373,0.0
18.13813813813814,-0.2678509359814013,0.12763430323966837,0.7707270641331336,0.058570640063686966,-0.001427700326725781,-0.0006665263514285449,0.13277260405802277,0.13434050284773644,-0.278437808244094,0.7687306982913855,0.0
18.15815815815816,-0.2653054799086245,0.12727280363883994,0.7719346354069476,0.06037856369070094,-0.0012213369273974294,0.010318096721781817,0.1328315983971333,0.13425894849287978,-0.27582293531421526,0.7699420381585323,0.0
18.17817817817818,-0.2627674150637014,0.12690324224615732,0.7731779974410635,0.062168101705796036,-0.0007388174124911706,0.024125897020506666,0.1329218135266828,0.13415191010555955,-0.27319717336713445,0.7711897068447706,0.0
18.1981981981982,-0.26023534459310427,0.12660352352985701,0.7744568689714008,0.06394357651686366,-0.0009957125181758162,-0.012844841008217485,0.13257492091908898,0.1343572358181962,-0.270560626063438,0.7724735073287511,0.0
18.21821821821822,-0.257707645108587,0.12638497422586215,0.775769121621175,0.06561263248871174,-0.001116778728627161,-0.006053403866447152,0.1326614479873405,0.13438709848405062,-0.26791339748949855,0.773793236883495,0.0
18.23823823823824,-0.25518551902768516,0.12610630404509282,0.7771164477085674,0.06736630436961791,-0.0008689259224598083,0.012392539301340377,0.1327838961730173,0.13426513261340178,-0.2652555921533674,0.775148687108407,0.0
18.25825825825826,-0.25266937591298594,0.12580715573496074,0.7784988211979957,0.06911867447141833,-0.0005478905360241771,0.016051660235862443,0.13278181145893939,0.13421748645470666,-0.2625873149806477,0.7765396439621841,0.0
18.27827827827828,-0.25015815445609735,0.12556107284443052,0.77991547362469,0.07083262133471792,-0.0003059487434177314,0.012096971661990875,0.13273070441680598,0.13423054779292845,-0.2599086713103547,0.7779658877966139,0.0
18.2982982982983,-0.24765066908774713,0.1253742684175103,0.7813658101808837,0.07251682780968241,3.820499294174369e-05,0.017207559442597633,0.13276917385239656,0.13420004642023545,-0.257219766890753,0.7794271933912618,0.0
18.31831831831832,-0.24514578334425768,0.1252442871744722,0.7828499177001026,0.07420537596094598,0.00015967917304389784,0.006073570950044091,0.1326606919574561,0.13426059625235806,-0.2545207078751856,0.7809233299890341,0.0
18.33833833833834,-0.24264204303386078,0.12518701551984518,0.7843670544427709,0.07585683713341239,5.211225339541555e-05,-0.0053784963452961874,0.1325597965917717,0.13434993167971146,-0.2518116008178805,0.7824540613326185,0.0
18.35835835835836,-0.24013959574562502,0.12512236441178737,0.7859170178539682,0.07749817055986372,0.0008139371085709869,0.03809108136334066,0.1329278036868549,0.13409168234163013,-0.2490925526697457,0.784019145701791,0.0
18.37837837837838,-0.23763855144843188,0.12505221485965698,0.7875014029100834,0.0792192528057611,0.0014637600641257348,0.03249097464403014,0.13285218965695955,0.13406686572748966,-0.24636367077414584,0.7856183359515869,0.0
18.3983983983984,-0.23513601440350582,0.12512685224630343,0.7891186877625265,0.08086424262215554,0.0022167888513296074,0.037651254094321775,0.13291699391257647,0.1340260919691134,-0.24362506286266639,0.787251379551327,0.0
18.41841841841842,-0.2326295219734451,0.12532462150303497,0.7907691940368033,0.08252531371384632,0.003145290884709167,0.04642490431527307,0.13300274530011894,0.13394117643307338,-0.24087683705085727,0.7889180186244964,0.0
18.43843843843844,-0.23011621318073122,0.12566543963569368,0.7924528966704617,0.08418513168291533,0.004280740143153526,0.05677225390532588,0.13311324250012896,0.13383870693969477,-0.23811910183396937,0.7906179899894648,0.0
18.45845845845846,-0.22759213593375988,0.12620386234856715,0.7941698725736716,0.08584879516049133,0.005010538841222016,0.036489712421818296,0.13295347320896292,0.13390783181347737,-0.23535196608266626,0.7923510252010468,0.0
18.47847847847848,-0.22505302647085157,0.12695547314541564,0.7959187296559933,0.0874428541160866,0.0058349839546058034,0.04122201944965893,0.13303183766756257,0.13386166415062925,-0.23257553903872932,0.794116850592893,0.0
18.4984984984985,-0.22249596594697615,0.1278530261937702,0.7976998999580951,0.08905851510509043,0.00657889188641672,0.037195145920036095,0.13301673542881992,0.13384216090163817,-0.22978993031074385,0.7959151873207041,0.0
18.51851851851852,-0.2199173567375571,0.12893046047095186,0.7995128209251919,0.0906460483548426,0.006682038987912685,0.005157086208985327,0.13277357487379615,0.1340191869506245,-0.22699524986977349,0.7977457514062631,0.0
18.53853853853854,-0.21731427013762342,0.13015432999668392,0.801356462579317,0.09218208270625439,0.006450619759617673,-0.011571251854425462,0.13246115249899496,0.13417804586889548,-0.2241916080450164,0.7996082537822806,0.0
18.55855855855856,-0.21468663990932063,0.13138151141513946,0.8032285160062084,0.09360267134456873,0.0067218862581026745,0.013563011838824603,0.1327193045097213,0.13405102308548195,-0.22137911551945083,0.8015024003380411,0.0
18.57857857857858,-0.2120349520949856,0.13258439071675115,0.8051309007198729,0.09511923568322628,0.00650024072025697,-0.011082616757245492,0.13252096953498294,0.1341978491930086,-0.2185578833254667,0.8034278919658451,0.0
18.5985985985986,-0.20935823005397544,0.1338361020505077,0.8070628155517682,0.09659574159476209,0.006157813480411429,-0.01712173209449562,0.13250378219649123,0.13427299787754837,-0.21572802284047948,0.8053844246082441,0.0
18.61861861861862,-0.20665784402422005,0.13501930148776933,0.8090250945566851,0.09811395024585046,0.006500746051910926,0.01714623057510399,0.13280382565772803,0.13405301266850433,-0.2128896457825361,0.8073716893060529,0.0
18.63863863863864,-0.203934581087678,0.13616314682710165,0.8110189010991204,0.09969032712176659,0.006197843734730683,-0.01514554775599418,0.1325097824629792,0.1342150540706988,-0.2100428642059031,0.809389372247138,0.0
18.65865865865866,-0.20118740426237314,0.13735884126524373,0.8130422386450405,0.10116687729600253,0.006049308713516515,-0.007427219067598467,0.13259307256816744,0.13418401133554403,-0.2071877904966422,0.811437154815974,0.0
18.67867867867868,-0.19841733623429028,0.13850340140414233,0.8150958582003553,0.10268097776574032,0.005653399875221776,-0.019795950945548896,0.1324761687040041,0.13425077538840677,-0.20432453736817444,0.8135147136439546,0.0
18.6986986986987,-0.19562512520826056,0.13961055130148614,0.817178989182769,0.10415654912068276,0.005359545904639901,-0.01469325147027074,0.13251610259333937,0.13422292974232725,-0.20145321785683143,0.8156217206604565,0.0
18.71871871871872,-0.1928125539154248,0.14062856464178813,0.8192917891682535,0.10563999927422527,0.005416649502465188,0.0028545832377764625,0.13264869622883954,0.13409081074907642,-0.1985739453173906,0.817757843144647,0.0
18.73873873873874,-0.189980776308248,0.1415888803588392,0.8214342407976202,0.10712258146833223,0.005562221414421263,0.007277953734235054,0.13266439864606855,0.13402039016093656,-0.19568683341860166,0.819922743778023,0.0
18.75875875875876,-0.18712943890237604,0.14256687029359794,0.8236055014517437,0.10856303270617795,0.005480313550482926,-0.004096085825285337,0.1325603596034335,0.13406420114532583,-0.19279199613869807,0.8221160806976788,0.0
18.77877877877878,-0.18425779209959914,0.1435823401388453,0.8258046456737579,0.10995721110071069,0.004965508392278035,-0.02574101112254549,0.13237980296766547,0.13420455602130554,-0.18988954776090056,0.8243375075502877,0.0
18.7987987987988,-0.18136617034021066,0.14458108796942332,0.8280310504201506,0.11132023731963385,0.004245963929392065,-0.03597804611615697,0.13229499410490922,0.134296316509874,-0.18697960286889997,0.8265866735467989,0.0
18.81881881881882,-0.17845701717325954,0.14545765834755553,0.8302848006048931,0.1126875092371231,0.004078504326381825,-0.008373871632713817,0.13251262721994056,0.13412657848622628,-0.18406227634233893,0.8288632235178279,0.0
18.83883883883884,-0.17553315450056414,0.14619313363477043,0.8325665901875883,0.11408947913476074,0.004090393477659069,0.0005934962413721746,0.13255222343816433,0.13402857597630022,-0.18113768335227295,0.8311667979697438,0.0
18.85885885885886,-0.17259525841614562,0.14689480422092663,0.8348755274029414,0.11544686076765512,0.004158117495708059,0.0033851661468263013,0.13255690488428862,0.13397796502439696,-0.17820593935662565,0.8334970331414369,0.0
18.87887887887888,-0.1696436167201258,0.14758208480099083,0.8372109032536017,0.11676879253301928,0.00474186000369476,0.02918602225489938,0.13276291515532884,0.13377170331758442,-0.1752671600956296,0.8358535610617608,0.0
18.8988988988989,-0.1666775978883166,0.14830094159046017,0.8395726852043215,0.11808909753598838,0.0048952076346852075,0.007666199793304931,0.13256214771533736,0.13384476964859116,-0.17232146158725878,0.8382360096076387,0.0
18.91891891891892,-0.16369509135911603,0.14912532646002905,0.8419589433647847,0.11931290802316104,0.005106642364642872,0.010570471594893646,0.13259837606638528,0.13380923417007656,-0.1693689601226453,0.8406440025628279,0.0
18.93893893893894,-0.16069535320485837,0.14998690771288317,0.8443696590257113,0.12053578304632893,0.005059573363341942,-0.0023548086574761463,0.13249102080874006,0.133866278295939,-0.16640977226149312,0.843077159677325,0.0
18.95895895895896,-0.15767749859940172,0.15089273027283165,0.8468040565164325,0.12171987453606571,0.00476135107402822,-0.014912580164909432,0.1323975707090776,0.13394843713472793,-0.1634440148274712,0.8455350967274164,0.0
18.97897897897898,-0.1546417193814691,0.15178896089663146,0.8492619440045098,0.12289437440386503,0.0043230766418241124,-0.021915307328101777,0.13234703899876665,0.13400611008173988,-0.1604718049036049,0.8480174255763485,0.0
18.998998998999,-0.15158922334083158,0.1526248020318761,0.8517434077084781,0.1240731851984143,0.0038449881100238053,-0.023906143954884915,0.13232831089070965,0.13402993786937079,-0.15749325982765233,0.8505237542356203,0.0
19.01901901901902,-0.14852196876050455,0.15336272901635156,0.854248505620531,0.12525489560264275,0.003701424342457729,-0.007180038126639275,0.1324529176114135,0.13391527965994998,-0.1545084971874738,0.8530536869268817,0.0
19.03903903903904,-0.14544167311601996,0.15401478222422968,0.8567773674459254,0.12644309126971992,0.0033910180545549925,-0.015522310388632657,0.13238862531596707,0.13403306296777784,-0.15151763481638728,0.8556068241444328,0.0
19.05905905905906,-0.14234865930837498,0.15465069038224874,0.8593307623332593,0.1276697443666965,0.002631645993389926,-0.03797077741760358,0.1321621041597731,0.13416344954876705,-0.14852079078851751,0.8581827627183108,0.0
19.07907907907908,-0.13924462341691973,0.15520179457276226,0.8619072441531229,0.12882409099317998,0.0024504405037972187,-0.00906262426853838,0.13238436363524037,0.13397406527123468,-0.14551808341413616,0.8607810958779528,0.0
19.0990990990991,-0.1361325624495837,0.15560304836680247,0.8645072842529238,0.13000200499004097,0.0024951535357693386,0.00223312593085828,0.13242854767345416,0.13384593663006786,-0.14250963123498808,0.8634014133164327,0.0
19.11911911911912,-0.13301320187450694,0.1559680287538371,0.8671296158145302,0.13111657808031804,0.0026190143419865084,0.006190331865679265,0.13242606671018053,0.1337701652429887,-0.1394955530196144,0.8660433012552511,0.0
19.13913913913914,-0.12988621805036893,0.15634919120690108,0.869773055403843,0.13217197946563713,0.0024924702635999237,-0.006330118482521355,0.13230064859668358,0.13382053076624212,-0.13647596775866258,0.8687063425096762,0.0
19.15915915915916,-0.12675121104291726,0.15675035037258342,0.8724364673210633,0.1331705958610157,0.002378824296032412,-0.005685435444901844,0.1323014684723575,0.13380981239881412,-0.13345099466018792,0.8713901165546233,0.0
19.17917917917918,-0.12360880710160321,0.15712019706570235,0.8751196847225164,0.13416087007265606,0.0024610108102682588,0.00410596099854898,0.13236867437142116,0.13372305746557425,-0.1304207531449484,0.8740941995910598,0.0
19.1991991991992,-0.12045938201470784,0.15747125434476872,0.8778223977851465,0.13513565313149917,0.0024727109173252083,0.0005813957170877795,0.13232047253165444,0.13371381207077676,-0.1273853628416912,0.876818164612927,0.0
19.21921921921922,-0.11730248302435795,0.15784494951749467,0.8805437336622276,0.13606679385405687,0.0022038331521978772,-0.013447778093734684,0.13219941425342988,0.13379896990249593,-0.12434494358242767,0.879561581474571,0.0
19.23923923923924,-0.11413801786036966,0.15822325819941438,0.8832831402077475,0.13697032727599473,0.001717600038328064,-0.024315865692073953,0.13211429656428497,0.1338907204254169,-0.12129961539770419,0.8823240169586665,0.0
19.25925925925926,-0.1109672135672258,0.15854021465719295,0.8860406985035479,0.13787791479002637,0.001419409478566114,-0.014914074280712784,0.13218753362440663,0.13384264005150986,-0.11824949851186214,0.8851050348446282,0.0
19.27927927927928,-0.10779182608212576,0.15876937425500257,0.8888167653043306,0.13880334003913464,0.0009202973302531349,-0.024960531511708448,0.13208172431430196,0.13390691227970963,-0.11519471333829528,0.8879041959774919,0.0
19.2992992992993,-0.10461323943899327,0.1589293321566247,0.891610707122378,0.13969709090236945,0.0006959294980068643,-0.01122370593863915,0.1321808027618191,0.13382252319223073,-0.11213538047469035,0.890721058337267,0.0
19.31931931931932,-0.10143344771787237,0.15898958605604468,0.8944227246327375,0.14060087551797804,0.0006330968324227998,-0.0031473506049117493,0.13221231000852246,0.1337414390872785,-0.10907162069827121,0.8935551771087319,0.0
19.33933933933934,-0.09825371418940784,0.1589866764232261,0.8972520647410572,0.14146700541598348,0.0012847232082304966,0.03257524232282129,0.1324822094082903,0.13345768670717753,-0.10600355496102745,0.8964061047516788,0.0
19.35935935935936,-0.09507375161010376,0.1589981289652045,0.900098503887575,0.14232195732588446,0.0012760643505366855,-0.00043945204167896573,0.13215584471681263,0.13359399080093284,-0.10293130438494098,0.899273391071584,0.0
19.37937937937938,-0.09189118339774437,0.1591284106179695,0.9029592055755491,0.1430350843987082,0.0012934850089392066,0.0008640535251650571,0.13218152059333005,0.13359649832350382,-0.0998549902572036,0.9021565832906993,0.0
19.3993993993994,-0.08870574704053456,0.15927181786049005,0.9058345717649534,0.14376830947021765,0.0007905610667634135,-0.025153742932270347,0.13195780293270282,0.13377123116575565,-0.09677473402543041,0.9050552261195495,0.0
19.41941941941942,-0.08551760702522315,0.15940700076557043,0.9087238605599828,0.14446443975146703,0.0004773405092132548,-0.015669175210330247,0.13204639061970325,0.13374244847509237,-0.09369065729286191,0.9079688618288309,0.0
19.43943943943944,-0.08232871157344558,0.15944477258887824,0.9116279446447075,0.1452042042362378,0.00019228695717935174,-0.014261468548752947,0.13203597258348415,0.1337288276165517,-0.09060288181356846,0.9108970303216876,0.0
19.45945945945946,-0.07913996455278327,0.15943735103311577,0.9145464524852379,0.14592539202652116,-0.0006568718832317945,-0.04246751562283253,0.13177939744555578,0.13393118557991043,-0.087511529487638,0.9138392692063707,0.0
19.47947947947948,-0.07595297737161,0.15934935905866346,0.9174785654625153,0.1466056488638704,-0.0008506262963766562,-0.009698062862951176,0.1320459670416851,0.13374751281048813,-0.0844167223563671,0.9167951138692532,0.0
19.4994994994995,-0.07277120746224898,0.15908849546805082,0.9204254960428555,0.1473465290170132,-0.0005529304801691296,0.014873720234126187,0.13219455483096848,0.13353064615946525,-0.08131858259744172,0.9197640975481977,0.0
19.51951951951952,-0.06959512715045839,0.15880401558952925,0.9233862162178552,0.14803600874998712,-0.0005689238236817663,-0.0008115572193087145,0.13201344935012255,0.13357865953692483,-0.07821723252011556,0.922745751406263,0.0
19.53953953953954,-0.06642367846235085,0.1585724344053769,0.9263587402451331,0.1486262013638921,-0.000508971620739318,0.002984845095859361,0.13206387534571395,0.13359259826272477,-0.07511279456037884,0.925739604605741,0.0
19.55955955955956,-0.06325703290807033,0.15833227771402603,0.9293440087303749,0.1492634242620928,-0.00020940568192788115,0.01496464292433557,0.1321177546140146,0.1334580466759138,-0.07200539127612615,0.9287451843825059,0.0
19.57957957957958,-0.060094772287465355,0.15811303103024874,0.9323408126988091,0.14984019842170976,-0.0001462284534170365,0.0031442173299753504,0.1319792627735628,0.13348939103711716,-0.06889514534231929,0.9317620161206684,0.0
19.5995995995996,-0.056935645256152065,0.15795635156566437,0.9353475524157722,0.15033698584815208,-0.0003149248686302801,-0.008450593355827528,0.13187233628848902,0.1335639448062187,-0.06578217954614127,0.9347896234275257,0.0
19.61961961961962,-0.05377976583623769,0.15779397099571874,0.938363737034489,0.15080923093584336,7.96187243817669e-05,0.019710329437732425,0.13210733481831585,0.13336893114852805,-0.0626666167821519,0.9378275282087866,0.0
19.63963963963964,-0.0506276166289382,0.15760746036497456,0.941389947905088,0.15131054352994525,0.000363215326502817,0.014161835685782578,0.13202206228317437,0.13334783510786022,-0.05954858004743483,0.9408752507440689,0.0
19.65965965965966,-0.04747764075186433,0.15749879385369348,0.9444245978695007,0.15173249822063442,0.00057502929165879,0.010571462732259108,0.13198091938313633,0.13334494775016498,-0.056428192436741,0.9439323097626545,0.0
19.67967967967968,-0.04432883216729471,0.15744042922848095,0.9474670243165673,0.15212132235332473,0.0009377868374541197,0.018117369236090072,0.13203925195971333,0.13327021871719627,-0.053305577137629866,0.9469982225194864,0.0
19.6996996996997,-0.04118009945308847,0.1574366357103123,0.9505169743917057,0.15249750375692256,0.0008642487206761155,-0.00369890154615311,0.13183811059198508,0.1333845738028296,-0.050180857425607545,0.9500725048713982,0.0
19.71971971971972,-0.03803013874075585,0.15749803561663095,0.9535731518184614,0.1528088713377833,0.0008170699373067594,-0.0023825467701631127,0.13186598438384173,0.13339544206032902,-0.047054156659257454,0.9531546713535686,0.0
19.73973973973974,-0.03487922408238608,0.15754573291848864,0.9566361224602439,0.15314853208912324,0.0007425091622119637,-0.003753384478254921,0.1318462456846008,0.13339831543022693,-0.04392559827537208,0.9562442352561805,0.0
19.75975975975976,-0.03172735333674017,0.15759353728229522,0.9597056275631675,0.15347525514618104,0.00029850363068883935,-0.022227650648384615,0.13168088561252986,0.13352791730129657,-0.04079530578407858,0.9593407087012793,0.0
19.77977977977978,-0.02857508723422081,0.15761330512596805,0.9627811286884089,0.15377505626207358,0.00020071166843526667,-0.004919044432426634,0.13182552143650683,0.13342812104999768,-0.03766340276396636,0.9624436027198108,0.0
19.7997997997998,-0.025424214103851064,0.15754365651848726,0.9658632825603164,0.15410769359537563,0.0003216621667425581,0.006015987506746033,0.13188503672529958,0.1333234184121558,-0.03453001285720265,0.9655524273288407,0.0
19.81981981981982,-0.022275047013657737,0.15745835450966636,0.968951410672592,0.1544064056137811,0.0003866098320849929,0.0032136036144829847,0.13183341678846766,0.13330777920547568,-0.03139525976465663,0.968666691608924,0.0
19.83983983983984,-0.019127126906129614,0.15739600537640622,0.972044507900614,0.1546548614010971,0.0004433889579559322,0.0028027711463601843,0.1318124584801673,0.1332888377050454,-0.028259267241012402,0.9717859037816294,0.0
19.85985985985986,-0.01598013796225814,0.15734944719357366,0.9751419753218493,0.1548733710617668,0.00036741566453179695,-0.0038375028361501444,0.1317376942401745,0.1333145847838938,-0.02512215908988511,0.9749095712871959,0.0
19.87987987987988,-0.012834128601040988,0.1573004680608576,0.978243079358492,0.15505520183213195,0.000735391408687132,0.01835737774677383,0.13191653789308397,0.13314895865264292,-0.021984059158932538,0.9780372008623142,0.0
19.8998998998999,-0.00968880855758933,0.15726600217258285,0.9813480092015314,0.15524649215197145,0.00014837665565460234,-0.029395480292376874,0.13148698940315415,0.13343942690635704,-0.01884509133496755,0.9811682986180166,0.0
19.91991991991992,-0.006542440399668667,0.15731840789603319,0.9844546964700733,0.15533436342709547,-0.0013906735909561027,-0.07700172754492823,0.13110589098795186,0.13385897088458631,-0.015705379539063737,0.9843023701176721,0.0
19.93993993993994,-0.0033977613975792655,0.15723395010447008,0.9875637063244932,0.15545049272099576,-0.002441309347791871,-0.05258575244353976,0.13131225387274228,0.133781262054817,-0.012565047721668525,0.9874389204550579,0.0
19.95995995995996,-0.0002605461635079506,0.15686076170356575,0.9906769348010349,0.15566142382708498,-0.003761746022872893,-0.066081228492672,0.13111102172079725,0.13387591637166663,-0.009424219857704069,0.9905774543325164,0.0
19.97997997997998,0.0028643102009311755,0.1562428182219563,0.9937927870566321,0.15579261277985867,-0.003647293369461786,0.005658480434904356,0.13172740723821022,0.13345351500596617,-0.00628301994167648,0.9937174761391655,0.0
20.0,0.005971727370100022,0.15537085845844234,0.9969141144472644,0.1560663695316129,-0.003144702594368956,0.025060900161374428,0.13172556085787357,0.13318148560633802,-0.0031415719827794027,0.9968584900291619,0.0
