time,x,x_dot,z,z_dot,theta,theta_dot,u1,u2,x_ref,z_ref,theta_ref
0.0,0.27395604855596334,-0.0012224312049589538,1.3020370878759355,0.003947360581187278,-0.24349359126741027,0.009512447032735119,0.05632337490624869,0.05817731412132975,0.0,1.0,0.0
0.02002002002002002,0.2735227485285759,-0.021665001369371287,1.2998422398765694,-0.10974239996830808,-0.24206980207224033,0.07118945975849919,0.05632337490831233,0.06339505199150645,0.0031415719827794755,1.003141509970838,0.0
0.04004004004004004,0.2726623812462992,-0.043018364113834896,1.2954506319770112,-0.2195803949779191,-0.23537667005087531,0.3346566010682467,0.05632342824369075,0.061126817616083184,0.006283019941676304,1.0062825238608344,0.0
0.06006006006006006,0.2713854120979376,-0.06384845741808219,1.288832595394964,-0.3309018291023545,-0.22399016014656734,0.5693254952154019,0.05632338600814929,0.05888331477315795,0.009424219857704088,1.0094225456674837,0.0
0.08008008008008008,0.26971173238033797,-0.08368398587998074,1.2799613420352267,-0.4435626679868633,-0.2104638625822652,0.676314878215102,0.05632411205979874,0.0580746016941335,0.01256504772166874,1.0125610795449425,0.0
0.10010010010010009,0.26766342787068426,-0.10241522548268614,1.2688328470944092,-0.5564247470408685,-0.19526680512787364,0.7598528727195796,0.05632337566962995,0.057353970531814624,0.015705379539064146,1.0156976298823284,0.0
0.12012012012012012,0.265265615779974,-0.11989060453551482,1.2554452393743663,-0.6693803860021509,-0.17867906142164738,0.8293871853113137,0.09545186281502707,0.09586473328661307,0.01884509133496727,1.0188317013819832,0.0
0.14014014014014015,0.26232106986708464,-0.1472272956444661,1.2409360812908035,-0.7254579041781446,-0.161740963048026,0.8469049186810707,0.12129323502347056,0.12162883654028456,0.021984059158932454,1.0219627991376858,0.0
0.16016016016016016,0.2587406541692836,-0.1790207848900517,1.2260686722595553,-0.7433704515624051,-0.1437289770452593,0.9005993001383353,0.1385923940398396,0.13829570031918959,0.025122159089884778,1.0250904287128038,0.0
0.18018018018018017,0.2545045516076566,-0.21180512808134866,1.2113507591873929,-0.735895653608124,-0.12559995135457494,0.9064512845342176,0.1485392941296401,0.14810875714764002,0.028259267241012263,1.0282140962183703,0.0
0.20020020020020018,0.2496447154584663,-0.24299180745951554,1.1970831071263774,-0.7133826030507734,-0.10730085885174556,0.9149546251414706,0.1553462962911024,0.15466020785477239,0.03139525976465669,1.031333308391076,0.0
0.22022022022022023,0.24421645141721834,-0.27141320206239794,1.1834719821382442,-0.6805562494066626,-0.08976391596687215,0.8768471442436709,0.15886708121905832,0.15846507000144489,0.0345300128572029,1.0344475726711595,0.0
0.24024024024024024,0.2382921835360395,-0.2962133940589412,1.1706339034840993,-0.6419039327072413,-0.0724584576530218,0.865272915692517,0.1619548235545158,0.16144020724636995,0.03766340276396636,1.0375563972801893,0.0
0.2602602602602603,0.2319463685376418,-0.317290749919885,1.1586651044436005,-0.5984399520249398,-0.05524706841835227,0.8605694617334755,0.16418810259595948,0.16338230292779438,0.04079530578407877,1.040659291298721,0.0
0.2802802802802803,0.22525794732554166,-0.33442106060500715,1.14763252716713,-0.5516288638235259,-0.03916198203862961,0.8042543189861328,0.16467718991422606,0.1642047317227001,0.04392559827537159,1.043755764743819,0.0
0.3003003003003003,0.21830929599531437,-0.3474325665113643,1.137559360400358,-0.5036583383385971,-0.02350508296268582,0.7828449537971904,0.16576128925600467,0.165128402016141,0.047054156659257156,1.0468453286464312,0.0
0.3203203203203203,0.21117777202515972,-0.3565761985077322,1.1284774938413347,-0.45409332795116397,-0.008580375618608147,0.7462353672038836,0.16603405007799238,0.16538307515890793,0.05018085742560745,1.0499274951286017,0.0
0.34034034034034033,0.20393987551043777,-0.36189482573609755,1.1203956146690934,-0.4040939586120639,0.005748686479323605,0.7164531048965875,0.16625497159215832,0.16544993353832635,0.053305577137629956,1.0530017774805136,0.0
0.36036036036036034,0.1966689095909696,-0.3635482959734085,1.1133176741057256,-0.3538970281683878,0.019059771932641585,0.6655542726658988,0.16575017851557566,0.16503381204750492,0.05642819243674084,1.0560676902373454,0.0
0.38038038038038036,0.18943469921679815,-0.36171051870857324,1.1072286913147917,-0.30444913954669117,0.03217451890866309,0.6557373488010756,0.16588656495819698,0.16466914678772612,0.059548580047434865,1.0591247492559313,0.0
0.40040040040040037,0.18230245466940273,-0.356612227369771,1.1021231149057549,-0.2552788204518458,0.044063326847255634,0.5944403969296261,0.16474287893307543,0.1636608255764716,0.06266661678215213,1.0621724717912138,0.0
0.42042042042042044,0.17533498952577145,-0.3483732571815646,1.097966136297387,-0.20784893041839314,0.05494068583850748,0.5438679495625933,0.1635678231765895,0.16248036420616893,0.06578217954614125,1.0652103765724743,0.0
0.44044044044044045,0.1685878843724328,-0.3373552576669324,1.0947194873825852,-0.1623324457400892,0.06545833544346882,0.5258824802480686,0.16269339025461724,0.16113708489594514,0.06889514534231904,1.0682379838793312,0.0
0.46046046046046046,0.16211171863180437,-0.323808287031421,1.0923466579539753,-0.118641471430493,0.07455726321745536,0.4549463886993257,0.1607333915877491,0.15939059021987406,0.07200539127612608,1.0712548156174941,0.0
0.4804804804804805,0.15595291591162277,-0.3079401360090797,1.0907888020744188,-0.07789279397783361,0.0822010156255467,0.3821876204045669,0.15845133799938063,0.15738560276833638,0.07511279456037853,1.0742603953942587,0.0
0.5005005005005005,0.15014911060036426,-0.29019026556292615,1.089978655198745,-0.040507343783689476,0.08904660515983946,0.3422794767146378,0.15639222277433246,0.1551929110393862,0.07821723252011543,1.0772542485937369,0.0
0.5205205205205206,0.14473051316390528,-0.27092987182294864,1.089849835748466,-0.006440972513939408,0.09453561013633627,0.27445024882484126,0.15386548922264298,0.1529206631314048,0.08131858259744179,1.0802359024518025,0.0
0.5405405405405406,0.13972141241015418,-0.2504550376875557,1.090328119970557,0.02391421110455005,0.09966962248445574,0.25670061740597483,0.15184519598086865,0.15051238031568157,0.08441672235636695,1.0832048861307466,0.0
0.5605605605605606,0.13513987543288483,-0.2290768488634677,1.091345295671325,0.05085878503839353,0.10432389163977183,0.2327134577658031,0.14983723174960523,0.14817673178432753,0.08751152948763803,1.0861607307936292,0.0
0.5805805805805806,0.13100202471508596,-0.2068925358899431,1.092834577026551,0.07446406776129869,0.10797009674269659,0.1823102551462373,0.1475762390392277,0.1459409012052053,0.09060288181356867,1.0891029696783128,0.0
0.6006006006006006,0.12732126592683532,-0.18403793941253133,1.0947271656500206,0.09462943117347977,0.10981149432524026,0.09206987912718365,0.14488503838737585,0.1438593981622368,0.0936906572928623,1.0920311381711696,0.0
0.6206206206206206,0.12410516562385189,-0.16080501514917148,1.096950712741698,0.11117735458386696,0.11053904253541759,0.03637741050886758,0.14239611880126427,0.1416125256752315,0.09677473402543012,1.0949447738804503,0.0
0.6406406406406406,0.12135322636111495,-0.13759696313684677,1.0994343257774406,0.12418065178713186,0.1106868478301973,0.007390264738984652,0.14027497657655094,0.13942702258100143,0.09985499025720351,1.0978434167093005,0.0
0.6606606606606606,0.11906094000123195,-0.11461431799415019,1.1021140268553609,0.1339850538960107,0.11030202115317783,-0.01924133385097276,0.1384340212553965,0.13751213240391288,0.10293130438494066,1.1007266089284156,0.0
0.6806806806806807,0.11722245502287384,-0.0919242489179053,1.1049342801246367,0.14101266346379204,0.10903186709625533,-0.06350770284612474,0.1367141934720057,0.1359819699918012,0.10600355496102731,1.103593895248321,0.0
0.7007007007007007,0.1158302941008189,-0.06960804610274746,1.1078472894198625,0.145650464761298,0.10740109975686817,-0.08153836696935812,0.13528154422093136,0.1344346109779937,0.10907162069827128,1.1064448228912682,0.0
0.7207207207207207,0.11487419408423215,-0.04780500082933758,1.1108096596228618,0.14811851014996266,0.10517731052837129,-0.11118946142484498,0.13404886032573898,0.13326233720888125,0.11213538047469059,1.1092789416627333,0.0
0.7407407407407407,0.11434394018019789,-0.026512695201712934,1.1137866386613853,0.1488489519261768,0.10135533489974084,-0.1910987814315218,0.13279051869416247,0.13278884011844896,0.11519471333829528,1.112095804022508,0.0
0.7607607607607607,0.11422741767437708,-0.005826125291040492,1.1167536428208822,0.14835020797484288,0.09713929155797357,-0.21080216708836236,0.13179459412144667,0.13188211631554742,0.11824949851186234,1.114894965155372,0.0
0.7807807807807807,0.11450660810827154,0.013959521694722817,1.1196841951547705,0.14652761669441347,0.09222871788111871,-0.24552868384274357,0.1310648930113208,0.13148237898494616,0.1212996153977037,1.1176759830413332,0.0
0.8008008008008007,0.11516281357568281,0.032810273370563275,1.1225633104428379,0.14395576440336413,0.08758522953106143,-0.23217441750286483,0.1306290047335747,0.13078490076375754,0.1243449435824274,1.1204384185254288,0.0
0.8208208208208209,0.11617514836244015,0.05061673933786692,1.1253761213591107,0.14064054581364255,0.08295260400928157,-0.23163127608899273,0.13042572383205686,0.13048343034304988,0.12738536284169108,1.1231818353870728,0.0
0.8408408408408409,0.11752481502860337,0.06748333330816132,1.128116850184559,0.13703644127241552,0.07804414667662396,-0.2454228666328818,0.13029581859404918,0.13046036631290614,0.13042075314494847,1.1259058004089402,0.0
0.8608608608608609,0.11919342508756066,0.08343050294786414,1.1307848226187165,0.1333986217078648,0.07304376601658868,-0.25001903300176365,0.13024698985060726,0.13042742919733358,0.13345099466018778,1.1286098834453766,0.0
0.8808808808808809,0.12116150098516748,0.09840379488034126,1.1333804130367822,0.12977952090328077,0.06836204447416241,-0.23408607712131432,0.13032303934603862,0.1302609632116667,0.1364759677586626,1.1312936574903238,0.0
0.9009009009009009,0.12340962566025195,0.11240623375422294,1.1359037984611926,0.12616927122052113,0.06331917470012924,-0.25214348870165837,0.13041551938318058,0.13056343647458535,0.13949555301961464,1.1339566987447491,0.0
0.9209209209209209,0.12591979423065963,0.12550842852038438,1.138362148026016,0.12291747824116725,0.05831162192978121,-0.25037763851740164,0.13053132500958928,0.13066392417218067,0.14250963123498805,1.1365985866835673,0.0
0.9409409409409409,0.12867232865208497,0.1376267210712664,1.1407599901103196,0.11989210421518426,0.05369363145529958,-0.23089952372408049,0.13073058523741557,0.13062096623486366,0.1455180834141359,1.139218904122047,0.0
0.960960960960961,0.13164806976574697,0.1487870556831003,1.1431008578284874,0.11704338590839333,0.04863329605433722,-0.25301677004811807,0.13088664697308866,0.131088744554383,0.14852079078851746,1.141817237281689,0.0
0.980980980980981,0.13482914407005053,0.1590537152151787,1.1453950219541025,0.11470820628075745,0.044019024654999496,-0.23071356996688525,0.1310875176507571,0.13104964448981335,0.15151763481638697,1.144393175855567,0.0
1.001001001001001,0.13819590589342273,0.1683380911686102,1.147645912616168,0.11254453310327155,0.039516371335923436,-0.22513266595380413,0.13129688955813149,0.13123091869542242,0.1545084971874737,1.1469463130731183,0.0
1.021021021021021,0.14173067903515016,0.17673865708637163,1.1498601713033445,0.11071293435882712,0.03473919484765877,-0.23885882441323272,0.13144486231605548,0.13162491876193547,0.1574932598276524,1.1494762457643797,0.0
1.0410410410410411,0.14541598594410504,0.18426534544774467,1.152046576713843,0.1093202705249304,0.030148344057570737,-0.22954253950440154,0.1316207811838516,0.1317751549843144,0.16047180490360474,1.1519825744236514,0.0
1.0610610610610611,0.14923342326676195,0.19087186613284543,1.1542106659105216,0.1082044598339252,0.0252864067205657,-0.2430968668502521,0.13174812682698034,0.13219640715065453,0.16344401482747123,1.1544649032725836,0.0
1.0810810810810811,0.1531651494676088,0.19658631004234323,1.1563611564310723,0.10752452602753347,0.02047183641650706,-0.24072851520293229,0.13188175076769587,0.13245198262914426,0.16640977226149334,1.1569228403226752,0.0
1.1011011011011012,0.157192519075346,0.20136848038686025,1.1585043444784124,0.10715940236700251,0.015045176878689392,-0.2713329768908832,0.13191246891564953,0.1330771062542453,0.1693689601226457,1.1593559974371725,0.0
1.1211211211211212,0.16129636807022732,0.20519244974406597,1.1606503757509083,0.10730156362479241,0.010390221681681184,-0.23274775985041046,0.1320827792101754,0.13297368245786345,0.17232146158725853,1.1617639903923611,0.0
1.1411411411411412,0.16545503113302765,0.207933153140017,1.162800610637282,0.10751174431867994,0.006943333127329658,-0.1723444277175763,0.13228138063601447,0.1325653795187312,0.1752671600956295,1.1641464389382392,0.0
1.1611611611611612,0.16965064856908363,0.209780871802799,1.1649521665840326,0.10757779733753615,0.0030694435565655326,-0.19369447853820615,0.1321567522321002,0.13287705032273045,0.17820593935662535,1.166502966858563,0.0
1.1811811811811812,0.1738692133424184,0.21092823866673857,1.1671079275505367,0.10778804832521043,0.00015096411832679404,-0.14592397191193696,0.13227113983305513,0.13253870020361738,0.18113768335227282,1.168833202030256,0.0
1.2012012012012012,0.17809594832886608,0.21133674932238355,1.169264645654999,0.10783590522311853,-0.003232204649259958,-0.16915843837933758,0.13208031533490752,0.13280909091053306,0.18406227634233896,1.171136776482172,0.0
1.2212212212212212,0.18231955223907714,0.2111801955105527,1.1714235164797213,0.107943541236114,-0.007066834018918276,-0.19173146848291595,0.1318956905017234,0.13313468547016735,0.1869796028689002,1.1734133264532012,0.0
1.2412412412412412,0.18652647108353243,0.21034594222276418,1.1735866060255886,0.1081544772933655,-0.010326848423964948,-0.16300072025233353,0.13191107342664787,0.13301880559502274,0.18988954776090053,1.1756624924497123,0.0
1.2612612612612613,0.19070184214546773,0.2087685530967644,1.17575234489702,0.1082869435715682,-0.013489981269675037,-0.1581566422855046,0.1317501745230094,0.13303026005723786,0.19279199613869827,1.1778839193023214,0.0
1.2812812812812813,0.19483262306486654,0.20653904596994085,1.177918407646279,0.10830313746295242,-0.015725576001848228,-0.11177973660865939,0.1317854039985639,0.13268421185466633,0.1956868334186012,1.1800772562219768,0.0
1.3013013013013013,0.19890642404127706,0.20369004882052588,1.1800800453076856,0.10808188307032726,-0.017122978610705008,-0.06987013044283916,0.13177229323165385,0.13229483757395433,0.1985739453173903,1.182242156855353,0.0
1.3213213213213213,0.20291459032413936,0.20040831414311472,1.1822311768308718,0.10755657615931198,-0.01785860040683986,-0.036781089806742454,0.1317288334482247,0.13194184563855915,0.20145321785683132,1.1843782793395434,0.0
1.3413413413413413,0.20685185055085192,0.19686301133562772,1.1843658556851653,0.10673394271467365,-0.018224510017208647,-0.01829548051843942,0.1316333460314031,0.13169251558533082,0.20432453736817452,1.1864852863560456,0.0
1.3613613613613613,0.21071552914218356,0.1931839295665809,1.1864789461722296,0.1056545243532105,-0.018402166273223493,-0.008882812800741881,0.13152586088040408,0.13153196133646228,0.20718779049664207,1.188562845184026,0.0
1.3813813813813813,0.2145045861415339,0.1894528499675165,1.1885664797181805,0.10437667729754997,-0.018963133980210548,-0.02804838534935332,0.13127222147205642,0.1316057820286334,0.21004286420590312,1.1906106277528619,0.0
1.4014014014014013,0.21821838913315963,0.1856901495812871,1.1906258115509982,0.10296659164088877,-0.019476600621770365,-0.02567333207799047,0.13119949048161444,0.13160325088296929,0.21288964578253636,1.1926283106939473,0.0
1.4214214214214214,0.22185481850711927,0.18182146869798177,1.1926558200538422,0.10150042514219587,-0.01979156388641458,-0.01574816323221087,0.13116692613506747,0.1315408556079711,0.21572802284047946,1.1946155753917558,0.0
1.4414414414414414,0.22541195419024462,0.17785678415626824,1.1946550953513664,0.09996376487620495,-0.0198502141411624,-0.0029325127373906884,0.13115310654093396,0.13144785691152824,0.21855788332546644,1.1965721080341547,0.0
1.4614614614614614,0.22888859927393077,0.1738322541843076,1.1966220676336967,0.09834861411651857,-0.01950591296474634,0.017215058820803,0.13119895097358672,0.13129834961209333,0.22137911551945075,1.198497599661959,0.0
1.4814814814814814,0.2322847664814882,0.16980836037787161,1.1985552348145165,0.0966583590409886,-0.019193959287195618,0.01559768387753583,0.13109906715929093,0.13127053967660535,0.22419160804501612,1.2003917462177192,0.0
1.5015015015015014,0.23560195111708035,0.1658592317796075,1.2004527709883464,0.09487680869148823,-0.018927843133900005,0.013305807664780825,0.13102386683577097,0.13128088509679478,0.22699524986977337,1.2022542485937369,0.0
1.5215215215215214,0.23884109087962163,0.16195698812706436,1.2023137796016738,0.09305043066637773,-0.01775951986227676,0.05841616358116206,0.13130940797332052,0.1310096565256006,0.2297899303107439,1.204084812679296,0.0
1.5415415415415414,0.24200364974738905,0.15812794338837072,1.2041385335630221,0.09123769806741681,-0.016942322241310145,0.040859881048330875,0.13111529503717775,0.13104045707454,0.23257553903872916,1.205883149407107,0.0
1.5615615615615615,0.2450941922993534,0.1545271275982172,1.2059247376788318,0.08931020579047869,-0.016060787688746973,0.04407672762815853,0.131138159673699,0.1310300140884517,0.23535196608266626,1.2076489747989532,0.0
1.5815815815815815,0.24811619857969347,0.15110031401700455,1.2076726733164036,0.08739678187859531,-0.01568005102447768,0.01903683321346473,0.13094134995318482,0.13117847215703846,0.23811910183396956,1.2093820100105355,0.0
1.6016016016016015,0.2510731138549085,0.14784576376075131,1.2093817223102916,0.08545244969440609,-0.01537563849787436,0.015220626330165871,0.1309178988461857,0.13125003985617667,0.24087683705085766,1.2110819813755038,0.0
1.6216216216216217,0.25396648326034976,0.14466847027206423,1.2110526625971023,0.08354701434053241,-0.015090205630851797,0.01427164335112805,0.13089098369864816,0.13128579800685095,0.24362506286266614,1.2127486204486728,0.0
1.6416416416416417,0.2567972962881997,0.14154065139249647,1.2126856841719424,0.08165107874200361,-0.014169602323818371,0.046030165351671384,0.1311102044857294,0.1311230935358141,0.24636367077414578,1.214381664048413,0.0
1.6616616616616617,0.259567083810765,0.1384893761282642,1.2142816812855097,0.07979985567836559,-0.013780834847493173,0.019438373816259912,0.13087205865512816,0.1312473675538015,0.24909255266974545,1.215980854298209,0.0
1.6816816816816818,0.2622792624001998,0.13560892947173867,1.215839058454304,0.07786885843971422,-0.01305312812479475,0.03638533613492113,0.13100586906451145,0.13119033257608925,0.2518116008178804,1.2175459386673815,0.0
1.7017017017017018,0.26493563680147725,0.13281872006387402,1.217359014226189,0.07599778859424547,-0.01272542639823774,0.016385086327850462,0.13082667049985222,0.13129629426832432,0.25452070787518566,1.2190766700109659,0.0
1.7217217217217218,0.267538839093315,0.13016011459188848,1.2188405403209794,0.07407630473952713,-0.011942460464213357,0.039148296701219165,0.13100029459549428,0.13120217518174626,0.2572197668907532,1.2205728066087382,0.0
1.7417417417417418,0.2700904593104926,0.12758101085887852,1.2202848702110922,0.07221649450563618,-0.01156918652736103,0.018663696842616283,0.13081613021070265,0.13130265348300796,0.2599086713103547,1.2220341122033862,0.0
1.7617617617617618,0.2725937334297533,0.1251637059630362,1.2216908395687207,0.07029846788142098,-0.01167495537910781,-0.005288442587338783,0.13061666826831295,0.13146697457115436,0.26258731498064786,1.2234603560378159,0.0
1.7817817817817818,0.275049890806978,0.12280786886123662,1.2230579834786648,0.06835719549720572,-0.011317814250365234,0.017857056437128697,0.1307696248090759,0.13138014284346003,0.265255592153367,1.2248513128915928,0.0
1.8018018018018018,0.2774588063735805,0.120445778330124,1.2243873155326146,0.06646660269748539,-0.011275196040279208,0.002130910504301361,0.13059304153398638,0.13145821703232924,0.26791339748949833,1.226206763116505,0.0
1.8218218218218218,0.27982132565982754,0.11812596431235285,1.2256774300484712,0.06450572579283402,-0.009911196951402903,0.06819995444381505,0.13111249071650294,0.13114068678941698,0.2705606260634379,1.2275264926712488,0.0
1.8418418418418419,0.28213798218805713,0.11583282641147916,1.226931358859605,0.06269644055668389,-0.008732553652417489,0.058932164949270664,0.1310330504822488,0.13114308829352567,0.27319717336713456,1.2288102931552294,0.0
1.8618618618618619,0.2844140703769913,0.11380440944670665,1.228148052577316,0.060834685885561963,-0.0075247361260286074,0.06039087631944412,0.13109017201222156,0.13114401463600647,0.27582293531421515,1.2300579618414675,0.0
1.8818818818818819,0.28665447732525917,0.11202034741339399,1.2293284501205912,0.05901987716375965,-0.006984760746282819,0.026998768987289465,0.13085073531474367,0.13131585052608039,0.278437808244094,1.2312693017086145,0.0
1.901901901901902,0.2888637544070904,0.1104638540915601,1.2304716232415551,0.05715865604819559,-0.006345350404775467,0.03197051707536756,0.13090890864409382,0.13131088138286295,0.2810416889260653,1.2324441214720627,0.0
1.921921921921922,0.2910440077863329,0.10901266896212447,1.2315784109457526,0.05533938520987838,-0.005615754705507973,0.03647978496337462,0.1309466076797827,0.13128061045843664,0.28363447456337826,1.233582235614153,0.0
1.941941941941942,0.2931976614340799,0.10768268238735096,1.2326489744394746,0.05352817468609729,-0.004639186760737771,0.04882839723851004,0.13106024578685724,0.13120804942422404,0.2862160627972954,1.2346834644134685,0.0
1.961961961961962,0.29532789722862995,0.10651178972750307,1.2336839734497724,0.051749950514894116,-0.004334231363028598,0.015247769885458708,0.13080903353861933,0.13137324530407293,0.2887863517111338,1.235747633973216,0.0
1.981981981981982,0.2974382379822746,0.10551703768223059,1.2346821865219562,0.049910653609182586,-0.0036503285465653177,0.03419514082316398,0.13096889141138987,0.13128263539607138,0.291345239834288,1.2367745762486861,0.0
2.002002002002002,0.29953005644866926,0.10459092331973315,1.2356446791216122,0.04812462998280559,-0.0031979151383699222,0.022620670409769797,0.13087952244447587,0.13132598223000658,0.29389262614623657,1.2377641290737884,0.0
2.022022022022022,0.30160580448388374,0.10378740176072439,1.2365708131914537,0.04630670349207522,-0.0023302135521736053,0.04338507930981581,0.13105798906515934,0.13121051880275056,0.2964284100805296,1.2387161361866608,0.0
2.042042042042042,0.3036677096057231,0.10309525609196776,1.237461561658757,0.044537423365162775,-0.00237087750908495,-0.002033197845567228,0.13071165712179617,0.13143660218348793,0.2989524915287594,1.239630447254344,0.0
2.062062062062062,0.30571880423750264,0.10255473158897843,1.238315184871187,0.04268116062150648,-0.00200833062163078,0.018127344372708475,0.13086228725554497,0.13133468326195605,0.30146477084451234,1.2405069178965213,0.0
2.0820820820820822,0.30775860666166666,0.10199012120819952,1.2391324379735038,0.04086265511583632,-0.0006481104762126223,0.06801100727090792,0.13126336713332057,0.1310426445568776,0.3039651488473027,1.2413454097083185,0.0
2.1021021021021022,0.30978876880146183,0.10150810698975994,1.2399149725902057,0.03912673083509035,0.0005935206606219821,0.0620815568417302,0.13127615374476523,0.13103779811298397,0.30645352682648824,1.2421457902821578,0.0
2.1221221221221223,0.3118147900024117,0.10130106004749247,1.2406629448789566,0.037398614437544254,0.0012165251176519804,0.031150222851499914,0.1310954133381008,0.13118195204355806,0.30892980654516716,1.2429079332286685,0.0
2.1421421421421423,0.31384128137846345,0.10132456880258763,1.2413758440884775,0.03564496047604177,0.0020043466043294426,0.03939107433387312,0.13118524066741832,0.13110493946011992,0.3113938902440563,1.2436317181966443,0.0
2.1621621621621623,0.3158705088427926,0.10146137321645748,1.2420538892907693,0.033902260114590264,0.0031958710417040897,0.059576221868732335,0.13136565993991,0.13093621595595797,0.3138456806453503,1.2443170308920484,0.0
2.1821821821821823,0.317905913119474,0.1017702138340704,1.2426972799407456,0.03216953249881741,0.003599531143680786,0.020183005098834812,0.1311144241443517,0.13110963834948539,0.3162850809565622,1.2449637630960617,0.0
2.2022022022022023,0.3199519985656679,0.10230427230969426,1.2433048820280754,0.030380104366493816,0.0038360910039889145,0.011827993015406426,0.1310655443376792,0.13111903125263596,0.3187119948743449,1.2455718126821722,0.0
2.2222222222222223,0.32201048333370896,0.10292423840205223,1.2438761369307456,0.028562745133513846,0.003564832468942253,-0.013562926752333044,0.13087986716089933,0.13123448229577223,0.3211263265882922,1.2461410836323012,0.0
2.2422422422422423,0.3240820808885162,0.10357987774036057,1.2444100329910146,0.026694803013444086,0.0034832179960575084,-0.00408072364423721,0.13092829086986696,0.13114740190642207,0.32352798078472217,1.246671486051967,0.0
2.2622622622622623,0.32616588625290804,0.10419026821959274,1.2449060344339604,0.02480007214729056,0.0030932318712316113,-0.01949930624129485,0.1308088515904513,0.13121683093685538,0.3259168626504394,1.2471629361844785,0.0
2.2822822822822824,0.3282614993123393,0.1047806529715612,1.2453634349923524,0.022870027919593264,0.0027131797293125236,-0.01900260709595439,0.1307960277417834,0.13120052610558577,0.32829287787647826,1.2476153564241628,0.0
2.3023023023023024,0.33036735909081055,0.10529298892356266,1.2457818422447164,0.02092036261820733,0.0024243915785533998,-0.014439407537956202,0.1308147654540451,0.1311603706605424,0.33065593266182597,1.2480286753286194,0.0
2.3223223223223224,0.33248191363840196,0.10572772737957088,1.2461609776806057,0.0189567717944652,0.0023398467621085217,-0.004227240822243891,0.1308833827255399,0.13108618050595755,0.3330059337171258,1.248402827630002,0.0
2.3423423423423424,0.3346043861608082,0.10612362612030979,1.2465007963893506,0.01699093543724481,0.0014990734646870313,-0.04203866487107454,0.13061939124423297,0.1313188789533026,0.33534278826835995,1.248737754245325,0.0
2.3623623623623624,0.3367343648345728,0.10649893368823256,1.2468008703685411,0.015003698959528087,0.00048130414939324257,-0.05088846576468943,0.13052326499228528,0.1313870746049555,0.3376664040605122,1.2490334022857932,0.0
2.3823823823823824,0.33886868320795543,0.10671591866913105,1.2470608272894803,0.012997846046961723,-0.0008311815025950541,-0.06562428259941482,0.1303638322491252,0.13149162655307498,0.3399766893612096,1.2492897250651536,0.0
2.4024024024024024,0.3410029193504251,0.10671180712348316,1.2472798935687148,0.010953313961725776,-0.0010999562888675226,-0.013438739313623424,0.1306788415708591,0.1311866398713511,0.3422735529643443,1.249506682107068,0.0
2.4224224224224224,0.3431321264966346,0.10646035731047564,1.2474582530689657,0.008917975012543818,-0.001169402825383893,-0.003472326825818519,0.13074964436774608,0.13113354417804024,0.34455690419367424,1.2496842391515044,0.0
2.4424424424424425,0.34525576860555773,0.10618210544615633,1.2475962032321999,0.006897508161711455,-0.0023459546768364297,-0.05882759257262686,0.13034992121546554,0.1314868852718182,0.34682665290640247,1.2498223681601472,0.0
2.4624624624624625,0.3473733765401153,0.1058803967278787,1.2476930924398337,0.004844460381692612,-0.003530341466731336,-0.05921933949474533,0.1302857880185575,0.13151850731693399,0.3490827094967363,1.249921047320825,0.0
2.4824824824824825,0.34947980711176174,0.10532152858232263,1.2477484674008117,0.0027687480488984666,-0.0032348699116208153,0.01477357775552609,0.13077856837570864,0.1310982621940001,0.3513249848994246,1.249980261050954,0.0
2.5025025025025025,0.3515709094198921,0.10455511540651793,1.2477634259669914,0.0007479283089912342,-0.0032395357947447192,-0.00023329415619518894,0.13069016861517688,0.1311950002840004,0.35355339059327373,1.25,0.0
2.5225225225225225,0.3536480722823579,0.10385814312328986,1.2477381312953424,-0.0012647335824543119,-0.003944657827569631,-0.03525610164124568,0.13043625455948277,0.13142329619022858,0.35576783860464267,1.249980261050954,0.0
2.5425425425425425,0.3557108362940519,0.10313820058470208,1.247672239356733,-0.0032945969304665626,-0.0038665703322479676,0.00390437476608322,0.13070264835835757,0.1312173554127438,0.35796824151091555,1.249921047320825,0.0
2.5625625625625625,0.3577567967469825,0.10229802264653068,1.2475666717340939,-0.005278381131957024,-0.004154810433896292,-0.014412005082416215,0.13056271244192488,0.13132858350539958,0.36015451244395347,1.2498223681601472,0.0
2.5825825825825826,0.3597860199901471,0.10146116215822874,1.2474210392648923,-0.0072816234600786124,-0.0039960784533376575,0.007936599027931625,0.13072694666701398,0.1312188501468061,0.3623265650935233,1.2496842391515044,0.0
2.6026026026026026,0.3617976901746045,0.10058350922286965,1.2472361801292535,-0.009242956781945255,-0.004307348818730153,-0.015563518269624734,0.1305510517905767,0.1313594797075467,0.3644843137107058,1.249506682107068,0.0
2.6226226226226226,0.3637921255459993,0.0997217685697397,1.2470116088604397,-0.011228563440693298,-0.00407371896025861,0.011681492923577216,0.13074868741627924,0.13121902403527944,0.36662767311128,1.2492897250651533,0.0
2.6426426426426426,0.3657682305920278,0.09880525230142446,1.2467482024076195,-0.013170322641006467,-0.003805804922630956,0.013395701881382647,0.13077675422844132,0.13121366788166683,0.36875655867908697,1.2490334022857932,0.0
2.6626626626626626,0.3677271303392549,0.097944987361356,1.2464463350659485,-0.015093367083554125,-0.004017170645259185,-0.0105682861314115,0.13060511828158775,0.13135518961020035,0.3708708863693696,1.248737754245325,0.0
2.6826826826826826,0.3696700204070808,0.09714450339129296,1.2461055984950151,-0.01703682854666931,-0.004788487170220414,-0.0385658262480614,0.13036047295956874,0.13151774175221023,0.37297057271209105,1.248402827630002,0.0
2.7027027027027026,0.3715957735420542,0.09628765674866989,1.2457248073485994,-0.019039557320790348,-0.005008152071075512,-0.01098324504275491,0.130512182877255,0.13136587258637844,0.3750555348152298,1.2480286753286194,0.0
2.7227227227227226,0.37350115114190113,0.09526887999234697,1.2453039811515547,-0.021041309852231727,-0.004289985086627371,0.035908349222407016,0.13087256258411983,0.13111700840157198,0.3771256903680519,1.2476153564241628,0.0
2.7427427427427427,0.375385276019062,0.09420624385804369,1.2448448027644758,-0.02295891935393966,-0.003037003164665275,0.06264909609810482,0.1311536639745816,0.1309862309565315,0.37918095764436094,1.2471629361844785,0.0
2.7627627627627627,0.3772512862472978,0.09330051141178991,1.2443495456015723,-0.024762858145172817,-0.0023971266060901085,0.03199382792875838,0.1310025329757427,0.13115770253881218,0.38122125550572394,1.246671486051967,0.0
2.7827827827827827,0.3791038394242129,0.09262765884575366,1.2438185603202407,-0.026549264066575706,-0.0015739389496353309,0.04115938282273887,0.13111551474902075,0.13109286312513965,0.3832465034046749,1.2461410836323012,0.0
2.8028028028028027,0.38094543663434266,0.09207986050648936,1.2432525981589275,-0.028298108065655903,-0.0007232020579383583,0.042536844584848646,0.13116860109919715,0.1310545000568669,0.3852566213878946,1.2455718126821722,0.0
2.8228228228228227,0.382779573391264,0.09170683784606716,1.24265191425461,-0.030034195215880143,-0.0006098209021842182,0.005669057787706995,0.13092541073197184,0.13123443314667452,0.3872515300993669,1.2449637630960617,0.0
2.8428428428428427,0.3846095807085848,0.09150036586604116,1.2420156057933445,-0.03181542306327027,-0.0009401703704908609,-0.01651747341533214,0.13074634570743357,0.1313342628585234,0.38923115078351167,1.2443170308920484,0.0
2.8628628628628627,0.38643552773559703,0.09129735135061069,1.2413425306526544,-0.03365375703449841,-0.0005921861256416592,0.017399212242460084,0.13096676830395648,0.1311029623105268,0.39119540528829405,1.2436317181966443,0.0
2.8828828828828827,0.38825652097176827,0.0910496618085618,1.2406325591772986,-0.035498573767786555,-0.0008521234299866988,-0.012996865217251977,0.13075808273400125,0.1312653050404281,0.39314421606830946,1.2429079332286685,0.0
2.9029029029029028,0.3900739413940438,0.09087102111377424,1.2398850384711002,-0.037376035309916796,-0.0014839475058308163,-0.03159120379220588,0.13060140300244955,0.13136699530861817,0.39507750618784515,1.2421457902821578,0.0
2.9229229229229228,0.39188661350024323,0.09063360530997154,1.2390991864402687,-0.03929260154157433,-0.0018748055520373702,-0.019542902310327674,0.1306502155183587,0.1312878555263157,0.39699519932391764,1.2413454097083185,0.0
2.942942942942943,0.393692045595706,0.09027160477313659,1.2382745849377697,-0.041230075124955606,-0.0020227087846766125,-0.0073951616319621345,0.1307257833305973,0.13121708239385366,0.3988972197692855,1.2405069178965216,0.0
2.962962962962963,0.39548852761606584,0.08982410101799329,1.2374113368119872,-0.04316240628912122,-0.0015697878627467681,0.022646046096492213,0.13096308412007182,0.13104485756166784,0.40078349243543826,1.239630447254344,0.0
2.982982982982983,0.39727545113390705,0.08934617589206176,1.236510439302662,-0.04504487546626082,-0.0007493304787652872,0.04102286919907404,0.13115469797383397,0.13093578326533453,0.40265394285556094,1.2387161361866608,0.0
3.003003003003003,0.3990548183689611,0.08896836175270316,1.235573151785759,-0.04686437584514715,-0.00037057796063869064,0.01893762590632983,0.13105796967182876,0.13105666319729115,0.4045084971874737,1.2377641290737884,0.0
3.023023023023023,0.4008297040712944,0.08874428511666595,1.2345998681552566,-0.048664181525122134,1.900326445998234e-05,0.019479061254933646,0.13109256588770868,0.13103114343358938,0.406347082216547,1.2367745762486861,0.0
3.043043043043043,0.4026019424293204,0.08861191790129803,1.2335907559030943,-0.05045561260811618,-0.000486954550907502,-0.02529789076837422,0.13079533173171773,0.13128893323510554,0.40816962535859197,1.235747633973216,0.0
3.063063063063063,0.404372741321211,0.08853994459452934,1.2325452631105556,-0.052274639626935446,-0.0007144565422365607,-0.011375099566452924,0.13086749379629212,0.13118650910951998,0.4099760546627262,1.2346834644134685,0.0
3.083083083083083,0.4061403052287227,0.08837819537558418,1.2314629737745533,-0.05411446680011201,-0.0012043034612706051,-0.02449234595170223,0.1307694461294108,0.13126214009832277,0.4117662988142137,1.233582235614153,0.0
3.103103103103103,0.40790395841571014,0.0881826593493716,1.2303435884305418,-0.05596926720057201,-0.002305039566603263,-0.055036805266632904,0.1305321424724434,0.13145962863598346,0.4135402871372809,1.2324441214720627,0.0
3.123123123123123,0.4096615889911894,0.08788152877396015,1.2291865488833875,-0.05785197735771686,-0.0031611670543967847,-0.042806374389676105,0.13056293489325133,0.13139492847573467,0.4152979495979063,1.2312693017086145,0.0
3.143143143143143,0.41140899032452827,0.08737006666694495,1.2279913792825818,-0.059758480040281954,-0.003991813286569654,-0.04153231160864342,0.13053438387739785,0.13140640382431784,0.41703921680658557,1.2300579618414675,0.0
3.163163163163163,0.413142773444149,0.08668915598103807,1.2267578518989892,-0.06167636917963435,-0.004585721872914294,-0.029695429317231986,0.13058990182861724,0.13136063784250238,0.4187640200210709,1.2288102931552294,0.0
3.183183183183183,0.4148597797421238,0.08585031489874015,1.2254861341428394,-0.06358588780749513,-0.005151552183377521,-0.028291515523161358,0.13058474526098146,0.13138187633278633,0.4204722911490845,1.227526492671249,0.0
3.203203203203203,0.4165576949596114,0.08489576087438075,1.2241764886310393,-0.06548227559000601,-0.005614144160160865,-0.023129598839167216,0.13060851200735382,0.1313821189363308,0.42216396275100754,1.2262067631165048,0.0
3.2232232232232234,0.41823446046461066,0.08383827524996153,1.2228292943456054,-0.0673597142716966,-0.00628167858104594,-0.033376721044253724,0.13051710911306938,0.1314727658111293,0.4238389680425416,1.2248513128915928,0.0
3.2432432432432434,0.4198879279982503,0.08267337668198285,1.2214445640375093,-0.06923651540480097,-0.00613212295397497,0.007477781353548527,0.13080500605749587,0.13126491972288273,0.4254972408973459,1.2234603560378159,0.0
3.2632632632632634,0.4215156223179181,0.08138471598338903,1.2200235017906984,-0.07105311234054461,-0.005805019104008823,0.016355192498307344,0.13090660045933766,0.13124303804731263,0.4271387158496476,1.2220341122033862,0.0
3.2832832832832834,0.4231184641758815,0.08014209289816868,1.2185673245448747,-0.07280886229118666,-0.006163230433991501,-0.01791056649913403,0.13067854053752254,0.13146548828130744,0.42876332809682616,1.2205728066087382,0.0
3.3033033033033035,0.42469779068676117,0.07896632554398297,1.2170759881835285,-0.07456681806731565,-0.006949371653547719,-0.039307060977810886,0.13048857910141173,0.13160652254622057,0.4303710135019718,1.2190766700109659,0.0
3.3233233233233235,0.42625211948001474,0.07771643966267723,1.2155487911175733,-0.07635985329775553,-0.0076243896980906535,-0.033750902227146606,0.13046725679097074,0.13158675129794142,0.4319617085964177,1.2175459386673815,0.0
3.3433433433433435,0.42777794501666705,0.07629127683261638,1.2139851367796253,-0.07818271689740075,-0.007063066160116024,0.028066176898731462,0.13091465513003445,0.13126287887962748,0.433535350582245,1.215980854298209,0.0
3.3633633633633635,0.4292731071401092,0.07475810617210775,1.2123868687344805,-0.07991340225724071,-0.006936030308983303,0.006351792556636052,0.13079788510321547,0.1314164593670532,0.43509187733476284,1.214381664048413,0.0
3.3833833833833835,0.43073930068908434,0.0733096774487568,1.2107545792812904,-0.08161447265950302,-0.005836802251447214,0.05496140287680445,0.131215882942777,0.13117751103995479,0.43663122740496,1.212748620448673,0.0
3.4034034034034035,0.43217705142327706,0.07188753670963707,1.2090909549506559,-0.08318121653172865,-0.004351462855652894,0.07426696978971599,0.13146355549750524,0.13108579769575812,0.4381533400219318,1.2110819813755038,0.0
3.4234234234234235,0.4335909797641429,0.07069641704329185,1.2073983616305226,-0.08462966600666356,-0.003535876479550035,0.040779318805142996,0.13130184739008807,0.13126677150562982,0.4396581550952781,1.2093820100105355,0.0
3.4434434434434436,0.4349869727999844,0.06979965179207442,1.2056771403401203,-0.08606106452011492,-0.003324876599707486,0.01054999399212737,0.13110564403025887,0.13141606542048223,0.44114561321747664,1.2076489747989532,0.0
3.4634634634634636,0.4363681209239392,0.06905740619774062,1.2039266348054476,-0.08752527673363088,-0.003208384683172014,0.005824595826773628,0.13106081356657215,0.13141400664904002,0.44261565566622757,1.205883149407107,0.0
3.4834834834834836,0.43773511195155074,0.06834955138057869,1.2021461801652904,-0.08902273200786451,-0.0028090116906841424,0.019968649624393545,0.1311618118422511,0.13130625268657853,0.44406822440677224,1.204084812679296,0.0
3.5035035035035036,0.43908838326530664,0.06766356568779552,1.2003357055100112,-0.09052373276395863,-0.0022297987781388184,0.02896064562726622,0.13125356093193397,0.13123458875741043,0.4455032620941839,1.2022542485937369,0.0
3.5235235235235236,0.4404296402166334,0.06706284756633739,1.198495540913053,-0.09200822984790707,-0.0019302257847985478,0.014978649667013493,0.13118665007176272,0.13130004439574192,0.4469207120756319,1.2003917462177192,0.0
3.5435435435435436,0.4417611541460959,0.0665756964731256,1.1966256981597516,-0.09349213766507848,-0.0018248127405910486,0.0052706522103749594,0.13113184568068012,0.13133871136804498,0.44832051839261794,1.198497599661959,0.0
3.5635635635635636,0.44308444229807525,0.06616440759896683,1.1947259684215674,-0.09498648690921127,-0.0026323689293050864,-0.04037780943570187,0.13080040951814548,0.1316059294754669,0.4497026257831855,1.1965721080341547,0.0
3.5835835835835836,0.44439960453217403,0.06575811170493898,1.1927954292417386,-0.09652695899143729,-0.0031386495592125446,-0.02531403149537291,0.13085349873579608,0.13150411533073594,0.4510669796841014,1.1946155753917558,0.0
3.6036036036036037,0.44570357833633595,0.06519869020809721,1.1908333808796538,-0.0981024181042394,-0.00362553300745519,-0.02434417241213226,0.13083794498310006,0.13150537822650038,0.4524135262330098,1.1926283106939473,0.0
3.6236236236236237,0.44699444319459336,0.06454324291287153,1.1888396356548336,-0.09968726124101276,-0.004165233902380055,-0.026985044746243265,0.1308031099722019,0.13153796838492976,0.4537422122705585,1.1906106277528619,0.0
3.6436436436436437,0.4482700260111725,0.06377914082895805,1.1868141837951085,-0.10127259298625237,-0.004034107654622952,0.006556312387855156,0.13104140668488196,0.13135651566822082,0.45505298534249783,1.188562845184026,0.0
3.6636636636636637,0.4495286626629421,0.06293183258848051,1.1847578891319697,-0.10281473315693648,-0.004539578405787511,-0.02527353755822787,0.13083913634345712,0.1315742924978036,0.4563457937017514,1.1864852863560456,0.0
3.6836836836836837,0.4507706039527694,0.062097064491364845,1.1826710125263804,-0.10434383027946,-0.004721342271990969,-0.009088193310173048,0.1309450987384767,0.1314971389970427,0.45762058631045877,1.1843782793395434,0.0
3.7037037037037037,0.45199370760480984,0.06115518260202061,1.1805540012286748,-0.10585056488528306,-0.004293744440673394,0.021379891565878772,0.13118884615822324,0.13133819780515726,0.45887731284199057,1.182242156855353,0.0
3.7237237237237237,0.4531974787806495,0.060188558791982386,1.1784081367704378,-0.1072932229118544,-0.004038948486001694,0.012739797733584978,0.13118040996589536,0.13141099560745764,0.4601159236829352,1.1800772562219768,0.0
3.7437437437437437,0.45438357861689127,0.05930499181209097,1.1762344073800093,-0.10868646952142653,-0.003858535666626661,0.009020640968751666,0.1311872620363481,0.13144367205701446,0.4613363699350574,1.1778839193023214,0.0
3.7637637637637638,0.45555314181484124,0.058478159897498015,1.1740334292005512,-0.11004890897289847,-0.004027866934069325,-0.008466563372133192,0.13107955653327164,0.1315544861776133,0.462538603417229,1.1756624924497123,0.0
3.7837837837837838,0.4567065770959981,0.057671764057842634,1.1718052769771392,-0.11140761117060072,-0.0036753270294813145,0.017626995229400484,0.13127296734697058,0.13139908661936117,0.4637225766673307,1.1734133264532012,0.0
3.803803803803804,0.45784354821916423,0.05684855615830741,1.1695505371625141,-0.11273699073125587,-0.003783767138514502,-0.005422005451659381,0.13113979430565484,0.1315453663294114,0.46488824294412573,1.171136776482172,0.0
3.823823823823824,0.458965650085051,0.056105093294338805,1.1672694346103238,-0.11405512760950916,-0.004601048399348453,-0.04086406304169751,0.13087452404553773,0.13176561925321092,0.46603555622910553,1.168833202030256,0.0
3.843843843843844,0.4600721100026501,0.05532299587995235,1.1649613261292635,-0.1154054240530212,-0.004912569134313927,-0.015576036748273622,0.13100953358164016,0.1316167137508976,0.467164471228306,1.166502966858563,0.0
3.863863863863864,0.4611600134704817,0.05439517339158093,1.1626260184863286,-0.11676538214674274,-0.005509862257192709,-0.029864656143939218,0.13089612770858322,0.13172252949749833,0.4682749433740962,1.1641464389382392,0.0
3.883883883883884,0.4622276155155343,0.053380102252630846,1.1602634195716768,-0.11812994573259294,-0.004983656026418346,0.026310311538718163,0.13130087263380893,0.13140966757666467,0.46936692882693704,1.1617639903923611,0.0
3.903903903903904,0.46327266786195753,0.05225261732116059,1.1578749046737427,-0.1194257448967112,-0.0040562717559334575,0.04636921352424449,0.13152640395483353,0.13131971678973073,0.4704403844771127,1.1593559974371725,0.0
3.923923923923924,0.46429749311804774,0.051241262804511294,1.1554625179208478,-0.12061933764474268,-0.0035725676741679858,0.02418520408827352,0.13144478291209524,0.13146262392028196,0.4714952679464322,1.1569228403226752,0.0
3.943943943943944,0.4653054746601005,0.05039907710263874,1.1530272064997202,-0.12176557105637556,-0.0028129722689607356,0.03797977026036252,0.1315873322457197,0.1313695061695751,0.4725315375899024,1.1544649032725836,0.0
3.963963963963964,0.4662991488823397,0.04968371111195816,1.150569732079832,-0.12287372099441093,-0.0033908206669692057,-0.02889241990042346,0.13114942867260343,0.13177174687911689,0.4735491524973721,1.1519825744236514,0.0
3.983983983983984,0.4672813846794212,0.049111789854076035,1.1480895973231655,-0.12400673783333088,-0.004399522870234086,-0.05043511016324402,0.13094328142287104,0.13189446756550563,0.4745480724951473,1.1494762457643797,0.0
4.004004004004004,0.46824971292206174,0.048416412132026965,1.1455855815024896,-0.12520079103379436,-0.005059387757629008,-0.03299324436974607,0.13100061572016597,0.13178770218830296,0.47552825814757677,1.1469463130731183,0.0
4.024024024024024,0.46919998513971256,0.04751361088254024,1.1430569603860483,-0.1264310558220651,-0.004979936057903809,0.003972584986259957,0.13125009318994402,0.13158291999997157,0.47648967075860943,1.144393175855567,0.0
4.044044044044044,0.4701301552546618,0.04650850574746023,1.1405044079693876,-0.12762762083304113,-0.0056506931145119425,-0.03353785283040667,0.13100394722250025,0.13184196321135105,0.4774322723733215,1.141817237281689,0.0
4.064064064064064,0.471040121190213,0.04549829677755942,1.1379281401833645,-0.12881338930114777,-0.005722839913599995,-0.003607339954402669,0.13119943212172264,0.1316840403592525,0.4783560257794153,1.139218904122047,0.0
4.084084084084084,0.47192762970174323,0.04437542557651331,1.1353287227572824,-0.12997087130410512,-0.006234380999409972,-0.025577054290498863,0.13105251233739773,0.13184668499942018,0.4792608945086879,1.1365985866835673,0.0
4.104104104104104,0.47279216043319333,0.043226536572503665,1.132706409607747,-0.13111565747676548,-0.00637061121582969,-0.0068115108209859075,0.13117591424961195,0.13176081481708707,0.4801468428384715,1.1339566987447491,0.0
4.124124124124124,0.4736318395776639,0.04198395722353027,1.1300617671804292,-0.13223212136589532,-0.006520529587231212,-0.007495918570076155,0.13118303499706682,0.1317961563237177,0.48101383579304297,1.1312936574903238,0.0
4.1441441441441444,0.47444613513032896,0.0407147776332522,1.1273954429561508,-0.13331621121391632,-0.006617899838315328,-0.004868512554205779,0.13121141425066707,0.13180983550617148,0.48186183914500486,1.1286098834453766,0.0
4.1641641641641645,0.47523445050607244,0.03941576878717402,1.1247080773996436,-0.13436827782535532,-0.006605762703927628,0.0006068567193850422,0.13126399930125895,0.13180559964870314,0.48269081941663694,1.1259058004089402,0.0
4.1841841841841845,0.47599657205348395,0.03810607737057437,1.1220004048325642,-0.13538362835396955,-0.006848101524655371,-0.012116941036387248,0.13118050940851525,0.1319057384270702,0.4835007438812175,1.123181835387073,0.0
4.2042042042042045,0.47673224898718536,0.036783846685071404,1.1192726920631568,-0.1363856384703726,-0.006503776887420272,0.017216231861754985,0.13140277322525762,0.1317585918258112,0.48429158056431554,1.1204384185254288,0.0
4.2242242242242245,0.47744096317393026,0.03543570933724387,1.1165260651876328,-0.13733134377619863,-0.0067543310484634,-0.012527708052156517,0.13121217779730812,0.1319582658569245,0.4850632982450529,1.1176759830413332,0.0
4.2442442442442445,0.4781239257969403,0.03414813115050321,1.1137606861849905,-0.13826895013211207,-0.006951964776292508,-0.009881686391455386,0.1312160873645134,0.13195835756737304,0.48581586645733693,1.114894965155372,0.0
4.2642642642642645,0.47878014464047486,0.03281094217672896,1.1109766262996266,-0.13920299426820018,-0.007016440970628052,-0.0032238097167772177,0.13125902612400947,0.13194006814981354,0.48654925549106326,1.1120958040225082,0.0
4.2842842842842845,0.47940933826674176,0.031459681313344826,1.1081742638143055,-0.1401181242660533,-0.007997368881494625,-0.049046395543328535,0.13089432068219997,0.13222196282331491,0.48726343639328856,1.1092789416627333,0.0
4.3043043043043046,0.4800109822697262,0.03008220014922322,1.1053523882333698,-0.14109377904678885,-0.008718971737192232,-0.03608014278488027,0.13090503982998655,0.13215430140288295,0.48795838096937366,1.1064448228912682,0.0
4.324324324324325,0.4805809900577229,0.028500389399834694,1.1025101466299099,-0.14211208017299123,-0.008613994789402078,0.005248847389507538,0.13118778271872306,0.1319557495388497,0.48863406178409674,1.103593895248321,0.0
4.344344344344345,0.48111651537400385,0.02677626581404635,1.09964878290838,-0.1430681860764903,-0.00795731669543159,0.03283390469852443,0.131458042860489,0.13186778873320465,0.48929045216273603,1.1007266089284156,0.0
4.364364364364365,0.4816184904896681,0.025098755783211024,1.0967710201587089,-0.14388813748356197,-0.008127960793950808,-0.008532204925961046,0.13119876660581706,0.1321461645650127,0.48992752619212343,1.0978434167093005,0.0
4.384384384384385,0.4820895122888544,0.023551089959313272,1.0938771787537431,-0.14469207024828654,-0.008706695817849622,-0.02893675119494047,0.1310079011115783,0.13227311873040287,0.49054525872166704,1.0949447738804503,0.0
4.404404404404405,0.48252854527682426,0.02195164939849437,1.0909663225172277,-0.14554281182576903,-0.008580108921011345,0.006329344841913845,0.13123887983089866,0.1320971296934531,0.49114362536434436,1.0920311381711694,0.0
4.424424424424425,0.4829333790600515,0.02024168916136368,1.0880392640673606,-0.14635292249335666,-0.008125750882744382,0.022717901913348142,0.13140357237345748,0.13205749582090517,0.49172260249766486,1.0891029696783128,0.0
4.444444444444445,0.48330458944121385,0.018560519058117987,1.0850978764996904,-0.14706937838350873,-0.007646269883767179,0.02397404994886014,0.13147276276353229,0.13210136035634754,0.49228216726460267,1.0861607307936292,0.0
4.464464464464465,0.48364386203922527,0.01696362990057227,1.0821438637694198,-0.14770063651352325,-0.006941175206940661,0.03525473384132578,0.1316196983380265,0.13208146761513204,0.492822297574499,1.0832048861307468,0.0
4.484484484484485,0.4839529805559898,0.015455925838227072,1.0791791353290965,-0.14823642201616585,-0.005927683568181571,0.05067458193795457,0.13181891865931888,0.13203551180519288,0.493342972103934,1.0802359024518022,0.0
4.504504504504505,0.4842345490915944,0.014078426780230387,1.076205992521206,-0.1486571403945245,-0.00446431646304258,0.07316835525694958,0.132100428240266,0.13194474500544692,0.4938441702975689,1.0772542485937369,0.0
4.524524524524525,0.48449284394823544,0.012914742832051605,1.0732272950123276,-0.14893487544391862,-0.0034855543215605907,0.048938107074099416,0.13201913686481206,0.13208548892517158,0.49432587236895703,1.0742603953942587,0.0
4.544544544544545,0.484733411614411,0.012028383308778253,1.0702439588317485,-0.1491668090289599,-0.002408242226435189,0.05386560475627012,0.13210667465790776,0.13202806507044532,0.49478805930132547,1.071254815617494,0.0
4.564564564564565,0.484960317533997,0.011345295979298014,1.0672564499723385,-0.14937544297049557,-0.0018051169684398267,0.030156262899768083,0.13197355966885405,0.1321265348853316,0.4952307128483256,1.0682379838793312,0.0
4.584584584584585,0.48517789850130755,0.010879048365528181,1.0642642718041682,-0.14960890840851898,-0.0017104175393468383,0.004734971454649437,0.1317789222516865,0.13221974334754008,0.4956538155347533,1.0652103765724743,0.0
4.604604604604605,0.4853882426815343,0.010517209011338468,1.0612659314194297,-0.14991701923692616,-0.0013110872605209833,0.01996651394129275,0.13186727191571257,0.1320787098671704,0.49605735065723894,1.0621724717912135,0.0
4.624624624624625,0.4855918306738412,0.01017939961534446,1.0582606553139142,-0.15026380527577216,-0.0010000786634988034,0.015550429851109007,0.13185843787330892,0.13208188851909236,0.49644130228490685,1.0591247492559313,0.0
4.644644644644645,0.4857901390605185,0.009915419333863707,1.0552483692215364,-0.15061430461889277,-0.0005808555603751724,0.020961155156181542,0.1319205687900645,0.13202581812138436,0.4968056552600042,1.0560676902373454,0.0
4.664664664664665,0.48598491449006803,0.00973877147747833,1.0522291715860113,-0.15095988177625916,-0.0012179718732977577,-0.03185581564612925,0.13155637322280572,0.13232744812848843,0.49715039519849946,1.0530017774805136,0.0
4.684684684684685,0.4861772568656684,0.009617118780017224,1.0492021439751127,-0.15135138054492567,-0.0012724616500192406,-0.002724488836074155,0.1317071375034391,0.13210974877754775,0.4974755084906501,1.049927495128602,0.0
4.704704704704705,0.4863652614183202,0.009400227632592273,1.04616630065756,-0.1517921658776315,-0.0022182985101872675,-0.04729184300840135,0.13139437718979471,0.1323898202144527,0.49778098230154,1.0468453286464312,0.0
4.724724724724725,0.4865483936855226,0.009156613360119158,1.0431211662464752,-0.15225672055424613,-0.0029191298944950214,-0.03504156921538768,0.13141296314585446,0.1322997552147313,0.49806680457158625,1.0437557647438191,0.0
4.744744744744745,0.4867229182132678,0.008726226387260746,1.0400656850010497,-0.15277406227127607,-0.0033679726937895296,-0.022442139964725404,0.13148870927711043,0.13224662084771574,0.49833296401701493,1.040659291298721,0.0
4.764764764764765,0.48688629375292725,0.008168776982971464,1.0370001956165913,-0.15327446922291899,-0.00404770963417474,-0.0339868470192606,0.13141096927411167,0.13235272574917395,0.49857945013030697,1.0375563972801893,0.0
4.784784784784785,0.48703634837034593,0.007502730870934988,1.033925123180218,-0.1537536218186604,-0.0039545590765898185,0.0046575278792461705,0.13169524157444676,0.13215674057543858,0.4988062531806126,1.0344475726711595,0.0
4.804804804804805,0.48717044906005125,0.006705034485265588,1.030841775726959,-0.1541673726629465,-0.003505679795360194,0.022443964061481195,0.13191007333253946,0.1321148565788276,0.4990133642141358,1.031333308391076,0.0
4.824824824824825,0.48728923052025724,0.005939073010298553,1.0277527254506043,-0.15445251381774192,-0.0034355743623580856,0.0035052716501054147,0.13185310217853632,0.13227223588141968,0.4992007750544875,1.0282140962183703,0.0
4.844844844844845,0.4873944177148471,0.005259359729491299,1.024659472312252,-0.15466265691761832,-0.00349210956768823,-0.0028267602665072427,0.1318328856761626,0.13232297860977807,0.49936847830300873,1.0250904287128038,0.0
4.864864864864865,0.48748628179355213,0.004593203935252053,1.0215624738424505,-0.15484992349007706,-0.003589052111699631,-0.004847127200569951,0.13183279865937436,0.13234482730428565,0.49951646733906235,1.0219627991376858,0.0
4.884884884884885,0.4875646860430757,0.00392021247617741,1.0184620555392667,-0.15502091515918986,-0.003852047188392612,-0.013149753834649112,0.13178169236889398,0.13240501211122563,0.4996447363202946,1.0188317013819832,0.0
4.904904904904905,0.4876291394371791,0.003222669705172599,1.015358354092866,-0.1551850723200442,-0.003947477415213232,-0.004771511341031001,0.1318431882148475,0.1323641196836754,0.4997532801828658,1.0156976298823284,0.0
4.924924924924925,0.4876786335806361,0.002474707172850318,1.0122516743085714,-0.15533398921471947,-0.003974434924519439,-0.001347875465310392,0.13189080727426108,0.13236425171333002,0.49984209464164997,1.0125610795449425,0.0
4.944944944944945,0.4877129726408106,0.0017169530087235265,1.009142725236183,-0.15544745361941262,-0.00429526929381086,-0.016041718464570965,0.1318029345315012,0.13247117780433715,0.4999111761904045,1.0094225456674837,0.0
4.964964964964965,0.48773228464037327,0.0009655999781346088,1.0060317910815013,-0.15554670773408993,-0.005181314185123476,-0.04430224456563082,0.13157377367181375,0.13264726031538435,0.49996052210190806,1.0062825238608344,0.0
4.984984984984985,0.48773475316171855,0.00012342606726323572,1.0029180823778323,-0.15568543518344594,-0.0051838945624180215,-0.00012901886472727053,0.1318503623636982,0.1323885451885118,0.49999013042806856,1.003141509970838,0.0
5.005005005005005,0.4877173680331364,-0.0008692564291054712,0.9998018503844459,-0.1558115996693185,-0.005590679894865402,-0.020339266622369033,0.13174355240667635,0.13255737405752588,0.5,1.0,0.0
5.025025025025025,0.4876793605258814,-0.001900375362751916,0.9966840164886948,-0.1558916947875579,-0.004689245062544236,0.04507174161605835,0.13225002602190056,0.13220309157525115,0.49999013042806856,0.9968584900291618,0.0
5.045045045045045,0.4876198763543677,-0.0029742085756851496,0.9935668284618073,-0.15585940134437135,-0.004578403005722443,0.005542102841089594,0.13207846682070504,0.13249718742120556,0.49996052210190806,0.9937174761391656,0.0
5.065065065065065,0.4875422194939986,-0.0038828430184553817,0.9904521191581548,-0.1557354651826288,-0.0044246731728282435,0.007686491644710024,0.1321084484475011,0.13248438743068855,0.4999111761904045,0.9905774543325163,0.0
5.085085085085085,0.4874472290563194,-0.004749521883963223,0.9873401425800047,-0.15559882890750656,-0.0050044949414148245,-0.028991088429329084,0.1318491432720451,0.13270868140756586,0.49984209464164997,0.9874389204550577,0.0
5.105105105105105,0.48733510188274215,-0.00560635867886246,0.9842303799536648,-0.15548813131699346,-0.0051196418286520145,-0.00575734436185945,0.1319727549814425,0.1325578828427221,0.4997532801828658,0.9843023701176715,0.0
5.125125125125125,0.4872033784614739,-0.006586171063414003,0.9811224155507136,-0.15539822014756052,-0.0046004853546613165,0.025957823699534886,0.13223934661254544,0.13239821694353893,0.4996447363202946,0.9811682986180168,0.0
5.145145145145145,0.48705187782539855,-0.007575031803766366,0.9780178293607059,-0.15522930950038388,-0.004281574537894901,0.015945540838320747,0.1322443489120962,0.13249439606151503,0.49951646733906235,0.9780372008623143,0.0
5.165165165165165,0.4868826837932631,-0.008459701606770946,0.9749181268136382,-0.15498512735338466,-0.004158722758946847,0.006142588947402751,0.13220831496747776,0.13256029701378916,0.49936847830300873,0.9749095712871964,0.0
5.185185185185185,0.48669711153489686,-0.009278612918310787,0.971823750928837,-0.15471879424006235,-0.004242907619764261,-0.004209243040870687,0.13214568937029156,0.13262156449937604,0.4992007750544875,0.9717859037816297,0.0
5.205205205205205,0.4864957848618532,-0.010066333652184132,0.9687346781548645,-0.15445363869862486,-0.004670842420934542,-0.0213967400585141,0.13201243569649398,0.13272232277394289,0.4990133642141358,0.9686666916089239,0.0
5.225225225225225,0.48627818530946276,-0.010879977619520115,0.9656504202630887,-0.1542128945887898,-0.004870074139424299,-0.00996158592448776,0.13206873558650986,0.13265080850323321,0.4988062531806126,0.9655524273288405,0.0
5.245245245245245,0.4860429598273845,-0.011761274103912272,0.9625707394726916,-0.15398403951985465,-0.005517863347445213,-0.03238946040104579,0.13190330910684522,0.1328038696529841,0.49857945013030697,0.9624436027198108,0.0
5.265265265265265,0.4857889403513901,-0.01270097379971935,0.959495444237427,-0.15376476176322815,-0.005606383762216497,-0.004426020738564188,0.1320758939672456,0.1326452191396815,0.49833296401701493,0.9593407087012791,0.0
5.285285285285285,0.4855133496599351,-0.013779534572749469,0.9564247233895709,-0.153536042392808,-0.004932253165042819,0.03370652985868397,0.1324090733902678,0.13246472257285824,0.49806680457158625,0.956244235256181,0.0
5.305305305305305,0.48521641886908623,-0.014846539542441745,0.9533608323744379,-0.15319455075664878,-0.004961365403807371,-0.001455611938227644,0.1322415490254722,0.1327217117030342,0.49778098230154,0.9531546713535689,0.0
5.325325325325325,0.4849004791623377,-0.015796985337427,0.9503051036223182,-0.1527864376059848,-0.004749508818747696,0.010592829252983766,0.13233584773966056,0.1326503759817768,0.4974755084906501,0.9500725048713982,0.0
5.345345345345345,0.48456572566741163,-0.016737674746302035,0.9472578684602164,-0.15236175810509092,-0.004967056459072632,-0.010877382016246823,0.13220834044631793,0.13279528209434904,0.49715039519849946,0.9469982225194864,0.0
5.365365365365365,0.48421276605619373,-0.017647980560894158,0.9442193800588239,-0.15192442006962792,-0.004954991390795402,0.0006032534138615438,0.1322815663553601,0.1327254151976584,0.4968056552600042,0.9439323097626547,0.0
5.385385385385385,0.48384073323677557,-0.018601640970909532,0.9411896751534509,-0.15148524526865312,-0.004773537152392629,0.009072711920138548,0.13236938973733808,0.13269315016510505,0.49644130228490685,0.9408752507440689,0.0
5.405405405405405,0.48344968273495725,-0.019552525090916033,0.9381695681713991,-0.15100534910258842,-0.004508759183096634,0.013238898464799729,0.13243914704350454,0.1326871780777736,0.4960573506572389,0.9378275282087862,0.0
5.425425425425425,0.4830405685496663,-0.020455709264547133,0.9351599978210182,-0.15047851751904118,-0.004634267027837724,-0.006275392237054464,0.1323300567058643,0.13281793060302094,0.4956538155347533,0.9347896234275258,0.0
5.445445445445445,0.4826146570088455,-0.02129557704104213,0.9321612791629573,-0.14993593290304538,-0.005337017817241557,-0.03513753947019164,0.13210246115066224,0.13298945327554457,0.4952307128483256,0.9317620161206687,0.0
5.465465465465465,0.4821711339027072,-0.02217615530691349,0.9291725682313469,-0.14943554658052424,-0.005682201003190305,-0.017259159297437432,0.13217743508590454,0.1328741181094545,0.4947880593013255,0.9287451843825061,0.0
5.485485485485485,0.48170772716494925,-0.023170336887896985,0.9261932432306307,-0.14896625003580977,-0.006660811490328186,-0.04893052435689403,0.1319310263553318,0.13308924293318722,0.494325872368957,0.9257396046057412,0.0
5.505505505505505,0.4812226231269563,-0.02425520189964716,0.9232228238422191,-0.1485209694205766,-0.007043500840489801,-0.019134467508080715,0.1320839048482352,0.13291926740009047,0.4938441702975689,0.9227457514062631,0.0
5.525525525525525,0.480711851725148,-0.02553857009041306,0.9202610242323174,-0.14808998049508518,-0.0068219053774328815,0.011079773152845935,0.1323346844837126,0.13279735643681911,0.493342972103934,0.9197640975481977,0.0
5.545545545545545,0.4801740122716546,-0.026891972674670764,0.9173097347870642,-0.14756447226265404,-0.006457059451765025,0.018242296283392793,0.13246383669680625,0.13282058311618006,0.492822297574499,0.9167951138692534,0.0
5.565565565565565,0.4796100979926648,-0.028195713949492548,0.9143712086178045,-0.14692630846298577,-0.0062338139299723235,0.011162276089635145,0.13247230585658457,0.1329047139561835,0.49228216726460267,0.9138392692063707,0.0
5.585585585585585,0.4790216143312411,-0.02942418307118639,0.9114468144148006,-0.1462197101501983,-0.0061900074446050715,0.002190324268362513,0.13243421189914417,0.13297818952622253,0.49172260249766486,0.9108970303216873,0.0
5.605605605605605,0.47840925270235707,-0.03061808144419922,0.9085370678444941,-0.1454873285153233,-0.005873555947799853,0.015822574840260964,0.13255114495012382,0.13291161103622565,0.4911436253643443,0.9079688618288304,0.0
5.625625625625625,0.47777332302614695,-0.031796483810506135,0.9056427013806738,-0.14471832319101396,-0.005642239957746472,0.011565799502669177,0.13256079272020765,0.1329592128286195,0.49054525872166704,0.9050552261195497,0.0
5.645645645645645,0.4771150677583265,-0.03291276339102025,0.902764555356615,-0.14390730120293957,-0.005432167325128375,0.010503631630904797,0.1325769969181541,0.13297510497310264,0.48992752619212343,0.9021565832906995,0.0
5.665665665665665,0.47643544164401136,-0.0339813057157579,0.8999030943463467,-0.14307305051341634,-0.005290043479454524,0.007106192283692443,0.13257230342064433,0.13300251131976903,0.48929045216273603,0.8992733910715844,0.0
5.685685685685685,0.4757350172193328,-0.03502122123392771,0.8970586427846752,-0.14222257808358,-0.004717918203238764,0.028606263810788075,0.1327556830577416,0.13288196658950951,0.48863406178409674,0.896406104751679,0.0
5.7057057057057055,0.4750145159163448,-0.03602506514940133,0.8942321176105382,-0.14132625870684845,-0.0042163444006407275,0.02507869012990179,0.1327941393228954,0.13292139520298296,0.4879583809693737,0.8935551771087318,0.0
5.7257257257257255,0.47427654496910615,-0.03689854736193256,0.8914246660717361,-0.14037257694010813,-0.0043756980553178535,-0.007967682733856299,0.1325815757446191,0.1331159049040568,0.4872634363932886,0.8907210583372669,0.0
5.7457457457457455,0.4735227238283034,-0.03769105704013834,0.8886360104596632,-0.13943278060364084,-0.004228345505951259,0.0073676274683298106,0.13266657590545652,0.13299907157257604,0.4865492554910633,0.887904195977492,0.0
5.7657657657657655,0.47275278820011657,-0.03849678140934102,0.8858656576919665,-0.13851763838483813,-0.004529964370883504,-0.01508094324661232,0.13251932574398392,0.13314161252168832,0.485815866457337,0.8851050348446281,0.0
5.7857857857857855,0.47196709304666495,-0.03928475767257993,0.883113522256948,-0.13760677175092625,-0.0046367546285735585,-0.005339512884502852,0.13256422203916804,0.13307314851294558,0.4850632982450529,0.8823240169586668,0.0
5.8058058058058055,0.4711642588165828,-0.040141711504108515,0.880379231679408,-0.13671452887699612,-0.0042842626848304125,0.017624597187157337,0.132751494287654,0.13295144071959514,0.4842915805643156,0.8795615814745712,0.0
5.8258258258258255,0.47034430001612226,-0.04099794002302723,0.8776637376757682,-0.13577470018198848,-0.004440085922852584,-0.007791161901108477,0.13261844764844874,0.13313273810740006,0.4835007438812175,0.876818164612927,0.0
5.8458458458458455,0.4695083539008945,-0.04179730576138636,0.8749677426486601,-0.13479975135541003,-0.004406098956879095,0.0016993482986744461,0.13267955757093028,0.13307162456209434,0.48269081941663694,0.8740941995910598,0.0
5.865865865865866,0.46865575923790387,-0.0426297331495317,0.8722912245504376,-0.13382590491112487,-0.00417511460700412,0.011549217493748761,0.13277925841134247,0.13302891026503702,0.48186183914500486,0.8713901165546234,0.0
5.885885885885886,0.4677866527076138,-0.04345532651450269,0.8696350089744119,-0.13281077880128556,-0.003847170721293469,0.0163971942855326,0.13285893918610317,0.13301752387078603,0.48101383579304297,0.8687063425096762,0.0
5.905905905905906,0.46690218097820524,-0.044223586470429205,0.8670000915460642,-0.13174587141738722,-0.0038751633080051653,-0.0013996293355848684,0.13276931610401446,0.1331367245333652,0.48014684283847153,0.8660433012552509,0.0
5.925925925925926,0.4660034792967721,-0.0449350840716573,0.8643868945890992,-0.13065984784824924,-0.0038089327839420134,0.00331152620315767,0.13280446559056533,0.1331008087877714,0.479260894508688,0.8634014133164327,0.0
5.945945945945946,0.46509058491007965,-0.04564471933462349,0.8617953848634996,-0.1295754862799833,-0.003929993014782895,-0.006053011542044167,0.1327553616517941,0.1331651363010858,0.4783560257794152,0.860781095877953,0.0
5.965965965965966,0.4641636632375983,-0.04634608362406742,0.8592257675179231,-0.1284808672788245,-0.003968389393247681,-0.0019198189232392327,0.13278606033430232,0.13313995514143398,0.47743227237332153,0.858182762718311,0.0
5.985985985985986,0.4632222384206201,-0.04707124084890772,0.8566781008919964,-0.12738333129633905,-0.003950280993226488,0.0009054200010595896,0.1328240346816545,0.1331334941864866,0.4764896707586094,0.855606824144433,0.0
6.006006006006006,0.4622660445990394,-0.04780969107903358,0.8541528296962987,-0.1262635597848858,-0.003703509312566801,0.01233858403298434,0.13293208504550202,0.13307462789135166,0.4755282581475768,0.8530536869268818,0.0
6.026026026026026,0.46129546690693174,-0.048528884605382475,0.8516506609149782,-0.12510843906602329,-0.00386226543691675,-0.00793780621749745,0.13282672600480863,0.13321636690762423,0.4745480724951473,0.8505237542356203,0.0
6.046046046046046,0.46031154144839687,-0.04919627292674276,0.8491721146074295,-0.1239273153774384,-0.00431439520319027,-0.022606488313676017,0.13271026465125196,0.13330304437836019,0.4735491524973721,0.8480174255763486,0.0
6.066066066066066,0.45931367693808617,-0.049893225515535496,0.8467167240365963,-0.12276952854166112,-0.004930245024744041,-0.030792491077688493,0.13262119174481116,0.13335424527421286,0.4725315375899024,0.8455350967274163,0.0
6.086086086086086,0.4583001155400318,-0.05067806990271801,0.8442838982615836,-0.12164128875063497,-0.005611216748013061,-0.03404858616345108,0.1325620118269723,0.13338467247697117,0.47149526794643226,0.8430771596773249,0.0
6.106106106106106,0.4572684332731334,-0.05158411334492232,0.8418731782111125,-0.12053600252355148,-0.006262455662509378,-0.03256194572481585,0.13253937171832528,0.13339632551803268,0.4704403844771127,0.8406440025628275,0.0
6.126126126126126,0.456215706953813,-0.05263631596601651,0.8394843656761292,-0.11944062674916747,-0.006437493782808981,-0.008751906014980194,0.1326964413251127,0.13328435622137086,0.46936692882693704,0.8382360096076389,0.0
6.146146146146146,0.45513953543780067,-0.05380857580061906,0.837118092621077,-0.1183136527526108,-0.0065945195227112155,-0.007851286995111737,0.13273562403843048,0.1333318716484365,0.46827494337409614,0.8358535610617609,0.0
6.166166166166166,0.45403887896563466,-0.05503282360830073,0.8347756176310107,-0.11712374950331317,-0.006140360919715248,0.02270793014979839,0.1329910590249456,0.13318987803013008,0.46716447122830607,0.8334970331414371,0.0
6.186186186186186,0.45291338354667493,-0.056274770947987246,0.8324585946748851,-0.1158511478062795,-0.005803396517846259,0.016848220093449433,0.13302757961838343,0.13327655001315325,0.46603555622910553,0.8311667979697439,0.0
6.206206206206206,0.4517651546366659,-0.05741144550045163,0.8301688360644927,-0.11448793051962308,-0.006030490404960958,-0.011354694355734895,0.1328507149818465,0.1334629407764218,0.4648882429441257,0.8288632235178278,0.0
6.226226226226226,0.45059551090595834,-0.05848218653537708,0.8279064649258838,-0.11311855693044322,-0.006480830216579609,-0.02251699058093249,0.1327348345572437,0.13352332458495939,0.4637225766673307,0.8265866735467988,0.0
6.246246246246246,0.4494034202749673,-0.05960453154955173,0.8256706277551601,-0.1117918585361857,-0.0067562570598135785,-0.013771342161698528,0.13276135651760923,0.13347452471857804,0.462538603417229,0.8243375075502878,0.0
6.266266266266266,0.4481866496237249,-0.060838532562120747,0.8234609583056628,-0.11048347247486254,-0.006153962035563835,0.030114751212487252,0.13309740001594123,0.13324289072691048,0.46133636993505744,0.8221160806976787,0.0
6.286286286286286,0.44694465948199547,-0.062099507086470954,0.8212789715790408,-0.10909933633109768,-0.005980227455608036,0.008686728997789866,0.13302416104538753,0.1334230195786418,0.4601159236829352,0.8199227437780232,0.0
6.306306306306306,0.44567961878051576,-0.06325203507398536,0.819126240467442,-0.10763655557994548,-0.005682211110913045,0.014900817234749626,0.1330843225579589,0.13339137787118246,0.4588773128419906,0.8177578431446472,0.0
6.326326326326326,0.44439245441034697,-0.0643582185084392,0.8170031641101664,-0.1061538178637806,-0.005686143990978723,-0.00019664400328388114,0.13299869357340352,0.13349410163997888,0.45762058631045877,0.8156217206604565,0.0
6.346346346346346,0.44308444338455644,-0.06540055128952758,0.8149099747345303,-0.10465946878180261,-0.005970120762080453,-0.014198838555086562,0.1328801717883696,0.13357303054915867,0.45634579370175143,0.8135147136439544,0.0
6.366366366366366,0.4417553664274417,-0.06645384785573737,0.8128460576068389,-0.1031958563845713,-0.006020495251077461,-0.002518724449850367,0.13293717510142877,0.13350023337730677,0.45505298534249783,0.811437154815974,0.0
6.386386386386386,0.4404044563136259,-0.06754550569078985,0.8108111447980519,-0.10174564043935114,-0.006464271148182055,-0.022188794855229656,0.13279021521211284,0.13363464772799613,0.45374221227055844,0.809389372247138,0.0
6.406406406406406,0.43903142966954495,-0.06865133220404651,0.8088050222047238,-0.10030612966640796,-0.00691034845866223,-0.02230386552400883,0.13274265497243887,0.13363510919777385,0.45241352623300973,0.8073716893060527,0.0
6.426426426426427,0.43763440212206134,-0.0698513773741816,0.8068269543791275,-0.09890339127981511,-0.007074451876326408,-0.008205170883208877,0.13282151225612077,0.1335709779602388,0.4510669796841015,0.8053844246082442,0.0
6.446446446446447,0.4362113464028591,-0.07115278596011206,0.8048771217973034,-0.0974916290912073,-0.0066244373616518686,0.022500725733726995,0.13307653105972173,0.13343516214985376,0.4497026257831855,0.8034278919658452,0.0
6.466466466466467,0.4347616416777253,-0.07248523625668965,0.8029572599286456,-0.09599309343289145,-0.005898940263954508,0.03627485488486798,0.13326608230210307,0.1334148169421515,0.448320518392618,0.8015024003380412,0.0
6.486486486486487,0.4332874036568351,-0.07371190104451097,0.8010698601456786,-0.09436998914835235,-0.005580419924022423,0.015926016996604234,0.13318750786118683,0.13356734580494237,0.44692071207563194,0.7996082537822808,0.0
6.506506506506507,0.4317913325908459,-0.07480355329946067,0.7992160060892685,-0.09269270282050772,-0.005202947952474245,0.018873598577408997,0.13322353159054237,0.1335460421629642,0.44550326209418395,0.7977457514062631,0.0
6.526526526526527,0.430274589279302,-0.07583716557719426,0.7973958920646326,-0.09100570123179594,-0.00463379869830971,0.02845746270822675,0.1333264342611023,0.133493971020364,0.4440682244067723,0.795915187320704,0.0
6.546546546546547,0.4287391361121644,-0.07677265835688073,0.7956102480125034,-0.08928220260646315,-0.004699424317211458,-0.0032812809450874295,0.13312433095915877,0.13368374062920899,0.4426156556662276,0.7941168505928932,0.0
6.566566566566567,0.42718728601573597,-0.07759250482142278,0.7938588704202695,-0.08756887961169094,-0.005155360621937633,-0.022796815236308773,0.1329317832272969,0.13376632118959075,0.44114561321747664,0.7923510252010468,0.0
6.586586586586587,0.4256186009843461,-0.0784342515694932,0.7921400972579076,-0.08593865811809581,-0.005473146181774139,-0.01588927799182518,0.13291977347000225,0.13370162752107026,0.4396581550952781,0.7906179899894645,0.0
6.606606606606607,0.4240312668451522,-0.0793667069596964,0.7904527532889465,-0.0843671984480533,-0.005643726686677109,-0.008529025245148637,0.13295322159209197,0.1336675482334029,0.43815334002193174,0.7889180186244962,0.0
6.626626626626627,0.42242393105365156,-0.08036678957503238,0.7887967937230309,-0.08279797829577637,-0.005547393626027447,0.004816653032483078,0.133058574961438,0.13361323847311865,0.43663122740496013,0.7872513795513271,0.0
6.646646646646647,0.42079587433740984,-0.08140283581208727,0.7871729424011301,-0.0811925660950405,-0.005222435049334098,0.016247928834667545,0.13318227557736798,0.13358209671860985,0.43509187733476273,0.7856183359515869,0.0
6.666666666666667,0.41914761074608853,-0.08241317956606571,0.7855825434840593,-0.07951994585354076,-0.004979397154290091,0.012151894752200416,0.13319991993783814,0.13363752064294707,0.43353535058224507,0.7840191457017912,0.0
6.686686686686687,0.41748042389508633,-0.08335934255011047,0.7840266559542429,-0.07779437649081751,-0.004768390045498363,0.01055035543958631,0.13321256799821082,0.1336589055290509,0.4319617085964177,0.7824540613326185,0.0
6.706706706706707,0.41579530476188525,-0.08425595666005362,0.7825057575028284,-0.07604492257072748,-0.004606639614610464,0.008087521544394993,0.13321190429059243,0.1336800731606931,0.4303710135019718,0.7809233299890341,0.0
6.726726726726727,0.41409332023194767,-0.0850992264968788,0.7810201241358002,-0.07428166835140772,-0.004806074864829215,-0.009971762510937543,0.13307996387991458,0.13378633767498274,0.4287633280968261,0.7794271933912617,0.0
6.746746746746747,0.41237504397644054,-0.08591381277535715,0.7795693464157493,-0.07253888600255146,-0.005051056465365487,-0.012249080026813667,0.13302653342014356,0.13378498542670167,0.4271387158496476,0.7779658877966138,0.0
6.766766766766767,0.4106396510338747,-0.08676964712829262,0.7781525774109502,-0.0708384502399502,-0.005217287842538806,-0.008311568858665939,0.13303255048919596,0.1337633253991319,0.425497240897346,0.7765396439621841,0.0
6.786786786786787,0.4088860007806254,-0.08768251266246183,0.7767695498532426,-0.06915137788537663,-0.00504374276472046,0.008677253890917329,0.13316198554074857,0.13368155268048235,0.4238389680425417,0.7751486871084073,0.0
6.806806806806807,0.40711365658294196,-0.08861720988417314,0.7754209360710951,-0.0674306891073763,-0.0050112963737471,0.001622319548668036,0.13314519403283157,0.13375489333129104,0.4221639627510076,0.7737932368834952,0.0
6.826826826826827,0.40532302414165366,-0.08953162206441602,0.7741075463936475,-0.06566948387237646,-0.004609628655734215,0.020083385900644152,0.13329994599395997,0.13366171805777446,0.4204722911490846,0.7724735073287511,0.0
6.846846846846847,0.40351425168336813,-0.09043862291427548,0.7728302620466045,-0.06386421735214796,-0.004050178593736843,0.02797250309986863,0.13342133964961356,0.1336483261884016,0.4187640200210709,0.7711897068447706,0.0
6.866866866866867,0.4016891050266442,-0.09125733283619869,0.7715906582645057,-0.06198018910494093,-0.0036925166525605085,0.017883097058816765,0.13340064113458788,0.1337229408229437,0.4170392168065856,0.7699420381585325,0.0
6.886886886886887,0.3998498612466659,-0.09196218899891427,0.7703895095041625,-0.06005743801715562,-0.0035382562856093136,0.00771301834755975,0.13333897750351992,0.13377127779652928,0.41529794959790634,0.7687306982913855,0.0
6.906906906906907,0.39799807600012954,-0.09258926232681716,0.7692265891962118,-0.05814601539753398,-0.003688265458293216,-0.007500458634195094,0.13321489531936592,0.13384115509931677,0.41354028713728086,0.7675558785279372,0.0
6.926926926926927,0.3961342657717954,-0.09319051141670692,0.7681010621076939,-0.056276354425894806,-0.003827147345715666,-0.006944094371122555,0.13318389725014101,0.13381315106789418,0.4117662988142138,0.766417764385847,0.0
6.946946946946947,0.39425775089124604,-0.09382574402746656,0.767012018387816,-0.05445218599389944,-0.0038045875651361713,0.0011279890289747534,0.1332319884172553,0.13376133030027648,0.40997605466272613,0.7653165355865315,0.0
6.966966966966967,0.3923679727831837,-0.09448890540311765,0.7659593680218002,-0.05263251830078847,-0.0036703727552557385,0.006710740494021572,0.1332891354993312,0.13373972736901157,0.408169625358592,0.7642523660267839,0.0
6.986986986986987,0.39046507127201735,-0.09514507555831594,0.7649436053812485,-0.050788132027583865,-0.0035482046152367514,0.006108407000949408,0.13330869086915875,0.1337554632496549,0.40634708221654703,0.763225423751314,0.0
7.007007007007007,0.38854975158955435,-0.09576598412314938,0.7639652223289571,-0.048919152614570374,-0.0036841043179220204,-0.0067949851342634674,0.13322403317563564,0.13383540950324235,0.4045084971874737,0.7622358709262116,0.0
7.027027027027027,0.3866221874829232,-0.09637820533155772,0.7630241174355721,-0.04705524466925029,-0.00347335834557322,0.010537298617440013,0.13334088338476485,0.13372422876281828,0.402653942855561,0.7612838638133392,0.0
7.047047047047047,0.38468208329615183,-0.0970052093385696,0.7621203395040719,-0.04518889657500959,-0.00343977568309906,0.0016791331237079703,0.13331113638069678,0.13379610615643814,0.40078349243543826,0.760369552745656,0.0
7.067067067067067,0.3827304081662599,-0.09758375649459583,0.761254482432565,-0.04329285357534144,-0.003687638507608845,-0.012393141225489238,0.133202348732269,0.1338739655843047,0.3988972197692855,0.7594930821034784,0.0
7.087087087087087,0.3807676061475579,-0.09814010093510057,0.7604260547252829,-0.04142138536410584,-0.00450670420878343,-0.04095328505872933,0.1329463426784807,0.1340265315459515,0.39699519932391764,0.7586545902916815,0.0
7.107107107107107,0.37879197197256714,-0.09878170874953757,0.7596334871574378,-0.03962837839225202,-0.0044836372941584445,0.0011533457312492834,0.13317989396094224,0.13375187425791824,0.39507750618784515,0.7578542097178422,0.0
7.127127127127127,0.3768007205394755,-0.09956257165458243,0.7588761256839167,-0.037868073676055256,-0.004670927259581032,-0.00936449827112937,0.13314978127211466,0.13386730586821677,0.3931442160683095,0.7570920667713316,0.0
7.147147147147147,0.37479368161881865,-0.10035194603284205,0.7581552035760286,-0.036046105394405344,-0.004556522788586021,0.005720223549750573,0.13326332852376963,0.13379400648436102,0.391195405288294,0.7563682818033557,0.0
7.167167167167167,0.37277029313445253,-0.10116942421830614,0.7574712815066295,-0.03419610346995783,-0.0045347015248277224,0.0010910631879149282,0.13326546468606582,0.13385469903175456,0.3892311507835117,0.7556829691079516,0.0
7.187187187187187,0.3707315408176268,-0.10193761584128679,0.7568252596829883,-0.0323010911820578,-0.005321523641202041,-0.039341105818715964,0.1329509637959059,0.13409606614931158,0.3872515300993669,0.7550362369039383,0.0
7.207207207207207,0.3686768897573289,-0.10273255301489632,0.7562160215598878,-0.030461906155029146,-0.005536378371215502,-0.010742736500673027,0.13307072009029564,0.1338959565325945,0.3852566213878946,0.7544281873178278,0.0
7.227227227227227,0.366603334734876,-0.10367775112264471,0.7556423289280373,-0.028684631592521232,-0.0055620004657169,-0.0012811047250699224,0.13315871116142478,0.13388259850627587,0.3832465034046749,0.7538589163676986,0.0
7.247247247247247,0.3645101244442681,-0.10466051453039521,0.7551052515407912,-0.02685386936230404,-0.005606237260601352,-0.002211839744222598,0.1331728040605501,0.1339232516006185,0.3812212555057239,0.753328513948033,0.0
7.267267267267267,0.3623969671834038,-0.10565786304321506,0.7546055676370129,-0.02498419518891505,-0.005350257504156094,0.012798987822262927,0.13330242860656938,0.13386339158206273,0.379180957644361,0.7528370638155215,0.0
7.287287287287287,0.36026353325146654,-0.10667169659686361,0.7541442768326857,-0.023064540216363366,-0.004702033883077975,0.032411181053905926,0.1335099504368313,0.1337935263894598,0.377125690368052,0.7523846435758372,0.0
7.307307307307307,0.35811130061786006,-0.10761163168032484,0.7537233901659354,-0.02104433333751473,-0.004548116644367283,0.007695861935534575,0.1333911003478363,0.13396921633178926,0.37505553481522985,0.7519713246713806,0.0
7.327327327327327,0.3559427533028239,-0.10842736575180874,0.7533437269232744,-0.018983162133047838,-0.0045117130213346915,0.0018201811516295801,0.133327070702862,0.13398009246068837,0.3729705727120911,0.7515971723699979,0.0
7.347347347347347,0.3537582285432259,-0.1092262379798978,0.7530044660077178,-0.016963045777833346,-0.004109417943218222,0.020114753905823464,0.1334578294871317,0.1338641508925639,0.3708708863693696,0.7512622457546749,0.0
7.367367367367367,0.35155802346134046,-0.11001025409427219,0.7527057918292215,-0.01493370892481087,-0.003740622446994041,0.018439774811209057,0.13348797608020133,0.13388967383739997,0.36875655867908697,0.7509665977142068,0.0
7.387387387387387,0.34934408321441407,-0.1106970123463191,0.7524485000395245,-0.01286458948485232,-0.0039032277517033784,-0.008130265235466928,0.13329543642561795,0.13403361859433238,0.36662767311128,0.7507102749348465,0.0
7.407407407407407,0.3471178369737419,-0.11131231203360926,0.7522318397588431,-0.01083301403406867,-0.004258652430543664,-0.017771233942014193,0.13315990156711272,0.1340458380700666,0.3644843137107057,0.750493317892932,0.0
7.4274274274274275,0.34487866310915777,-0.11195869322920515,0.7520539455862865,-0.008894708627832265,-0.004693493904155599,-0.02174207368059677,0.13306737921788686,0.1340410241449962,0.36232656509352346,0.7503157608484956,0.0
7.4474474474474475,0.34262496870363973,-0.11268472027590282,0.7519133353602852,-0.007030511300063781,-0.00484082849193781,-0.007366729389110514,0.13313046259377853,0.1339499821221138,0.36015451244395336,0.7501776318398526,0.0
7.4674674674674675,0.34035488264381625,-0.11350430299117457,0.7518095540706464,-0.005189064481938652,-0.004582909046811425,0.012895972256319294,0.1333001262848771,0.13386349744034132,0.35796824151091566,0.750078952679175,0.0
7.4874874874874875,0.33806773003694945,-0.11435763034333953,0.751743798475517,-0.003287779756474877,-0.00397724706374216,0.030283099153463222,0.13349944559221863,0.13381269864925913,0.3557678386046427,0.7500197389490459,0.0
7.5075075075075075,0.3357648580565166,-0.11514359902164047,0.7517182398298936,-0.0012779322811694292,-0.003687851792680521,0.01446976355308191,0.13345302128117234,0.13393945126651324,0.3535533905932738,0.75,0.0
7.5275275275275275,0.3334484129923602,-0.11582225320781958,0.7517340426179195,0.000790139401297997,-0.0031947989948723074,0.0246526398904107,0.1335436585745295,0.13387064252791966,0.3513249848994246,0.7500197389490459,0.0
7.5475475475475475,0.33111976587956127,-0.116432355639948,0.7517914977091145,0.002872754559747575,-0.0029338606815335904,0.013046915666935886,0.1334935094434256,0.13394005266218612,0.3490827094967363,0.750078952679175,0.0
7.5675675675675675,0.3287809221356935,-0.11694218719338832,0.7518908599613373,0.004968112611139875,-0.00286857375508794,0.003264346322282525,0.133411456887075,0.13396920054809047,0.34682665290640247,0.7501776318398528,0.0
7.587587587587588,0.3264327751927548,-0.11740734714693417,0.7520313112965729,0.007022566761778549,-0.00268819412709517,0.009018981399638484,0.13343488431097997,0.13390607636255386,0.3445569041936742,0.7503157608484956,0.0
7.607607607607608,0.3240758757521723,-0.11784497202912801,0.7522122275846019,0.009045814401451798,-0.002869691113468504,-0.009074849318666697,0.13329817753945394,0.13399887876339886,0.34227355296434425,0.750493317892932,0.0
7.627627627627628,0.3217105084461362,-0.11826836530180486,0.7524329241149602,0.011034826517912367,-0.002590406052117521,0.013964253067549122,0.1334348914905081,0.13383173003150578,0.33997668936120967,0.7507102749348465,0.0
7.647647647647648,0.3193359539575993,-0.11872772442684434,0.7526929123167964,0.012999410091808135,-0.0020784702851662134,0.025596788347565375,0.13357155198716364,0.13378240447750855,0.3376664040605121,0.7509665977142069,0.0
7.667667667667668,0.31695336982273353,-0.11912920674328724,0.7529934537524099,0.015027071780674472,-0.0015490802341485781,0.026469502550881752,0.13363549463026583,0.1337858456515882,0.33534278826836006,0.7512622457546749,0.0
7.687687687687688,0.31456493214095926,-0.11942188408871368,0.7533355149615447,0.01710306045673905,-0.0012570724987836645,0.014600386768245691,0.13358343864018787,0.13384261969973402,0.33300593371712583,0.7515971723699979,0.0
7.707707707707708,0.31217295703241255,-0.11959875542733704,0.7537191322860197,0.01918086622375289,-0.0014241777530493553,-0.008355262713284533,0.13340555809215154,0.13394176381750375,0.3306559326618259,0.7519713246713805,0.0
7.727727727727728,0.309778742676543,-0.11971071779347688,0.7541431034794046,0.021198559669244787,-0.0020260200861075156,-0.030092116652908035,0.13318350115583247,0.13401689673540504,0.3282928778764782,0.7523846435758372,0.0
7.747747747747748,0.30738175016347785,-0.11984962565325588,0.7546052146597285,0.023105559016197576,-0.0029951114628285216,-0.04845456883605028,0.13295202244670445,0.13407419682481456,0.32591686265043934,0.7528370638155215,0.0
7.767767767767768,0.30497951676544366,-0.12011166990170959,0.7551028468982783,0.024881611927492074,-0.003971265150426294,-0.048807684379888604,0.13283583306561403,0.13403529555171412,0.3235279807847223,0.753328513948033,0.0
7.787787787787788,0.3025680347916302,-0.12057409869067423,0.755633660815116,0.02654069584188231,-0.004621238090798766,-0.0324986470186236,0.13288101193569155,0.13393659434332528,0.32112632658829227,0.7538589163676986,0.0
7.807807807807808,0.3001436299266577,-0.12122024324862299,0.7561968199094196,0.02815795471518018,-0.0053115618259727765,-0.0345161867587005,0.13284325885589648,0.13398447002405367,0.31871199487434493,0.7544281873178278,0.0
7.827827827827828,0.297703696424801,-0.12199667509283739,0.7567924335904302,0.02978068405053588,-0.005902376404072866,-0.029540728905004567,0.13284312819257207,0.13398225868901492,0.31628508095656227,0.7550362369039383,0.0
7.847847847847848,0.295245344921844,-0.12291757514785,0.7574204238760006,0.03139951427851872,-0.006137870920275222,-0.011774725810117771,0.13296335616473928,0.1339217994515608,0.3138456806453503,0.7556829691079516,0.0
7.867867867867868,0.2927656802905246,-0.12398323156597234,0.7580816333187003,0.03306047213497995,-0.005325502478309073,0.040618422098307475,0.13342507382767013,0.133703028571087,0.3113938902440563,0.7563682818033557,0.0
7.887887887887888,0.2902645927526565,-0.12505437689340418,0.7587796247428118,0.03489957120557701,-0.005211059545034929,0.005722146663707212,0.1332971874517819,0.1340021467470647,0.30892980654516716,0.7570920667713315,0.0
7.907907907907908,0.28774476610282257,-0.12599133249169578,0.7595169192578256,0.03686472575069107,-0.004663092940939763,0.027398330204758355,0.13346333267964328,0.13387580029335744,0.3064535268264882,0.7578542097178422,0.0
7.927927927927928,0.2852070612894478,-0.1268852406687404,0.7602940724800682,0.038857661112131354,-0.004488799122521204,0.008714690920927939,0.1333744878373261,0.13400957805841102,0.3039651488473028,0.7586545902916815,0.0
7.947947947947948,0.28265346590293117,-0.12767976932583072,0.7611117238292422,0.04088256745869823,-0.0042192516063575426,0.01347737580818309,0.13339404499819754,0.13395959889773698,0.3014647708445123,0.7594930821034785,0.0
7.967967967967968,0.280084821607648,-0.12843221476415762,0.7619693881832028,0.04288321769803214,-0.0041044217798006394,0.005741491327845066,0.13333717241759943,0.1339953272730056,0.2989524915287595,0.760369552745656,0.0
7.987987987987988,0.27750196465071997,-0.12914284784640406,0.7628667197264007,0.044866577159896774,-0.0037047494570011793,0.01998361613997308,0.13343353564901653,0.1338952402390954,0.29642841008052967,0.7612838638133392,0.0
8.008008008008009,0.274905335116709,-0.1298314767005492,0.7638036282119948,0.04684542427969887,-0.003132980699183166,0.028588437890900716,0.13353622406614277,0.13385386069809088,0.2938926261462366,0.7622358709262116,0.0
8.028028028028029,0.27229675065294834,-0.13042922318803435,0.7647809911220509,0.048868145502806236,-0.0028331086040311745,0.01499360475759951,0.13346846760305622,0.13392883175424827,0.29134523983428806,0.7632254237513139,0.0
8.048048048048049,0.26967828681222866,-0.13092319203598313,0.7657988852674975,0.05089470727233336,-0.002392607104319242,0.02202507498559665,0.13351341771237413,0.1338537615067581,0.2887863517111338,0.7642523660267839,0.0
8.068068068068069,0.267051678186748,-0.13133043127403282,0.7668568300639395,0.05289723982209564,-0.0026964610185436413,-0.015192695711219957,0.13323426486667295,0.1340463002895699,0.2862160627972954,0.7653165355865315,0.0
8.088088088088089,0.2644184857604084,-0.13165962131698064,0.7679535094173773,0.054833967671891394,-0.003077236792000252,-0.01903878867283052,0.13310395332762046,0.13399151446441435,0.2836344745633782,0.766417764385847,0.0
8.108108108108109,0.2617775440164982,-0.1320470871955091,0.7690861418067725,0.05663161946976152,-0.003508159079124994,-0.021546114356237097,0.13301593077317495,0.1339691895762544,0.2810416889260654,0.767555878527937,0.0
8.128128128128129,0.2591271111324508,-0.1325216442023714,0.7702530542911497,0.05834562421885673,-0.003567744943310444,-0.0029792932092725065,0.13310957026487552,0.1338469632580176,0.2784378082440939,0.7687306982913855,0.0
8.148148148148149,0.2564658513709177,-0.13306298807665462,0.7714537853440018,0.060036552642608,-0.0039586487997145476,-0.0195451928202052,0.13298860924393135,0.1339622764659026,0.275822935314215,0.7699420381585325,0.0
8.168168168168169,0.25379313939761855,-0.13363559866495883,0.7726882183522608,0.061721650412949976,-0.0038943072432524773,0.0032170778231035493,0.13312134688117822,0.1338218834327813,0.2731971733671346,0.7711897068447706,0.0
8.188188188188189,0.2511074078650343,-0.1342865766292114,0.7739562019828938,0.06339918153165172,-0.0035420179712328435,0.017614463600981636,0.1332760237891007,0.13378186490188224,0.27056062606343795,0.7724735073287511,0.0
8.208208208208209,0.2484092000055818,-0.13491039297262628,0.775259403754966,0.06516008860360847,-0.003477134610733449,0.003244168024969773,0.1332149108044395,0.13389512069980247,0.2679133974894985,0.773793236883495,0.0
8.228228228228229,0.24569965825828494,-0.13547708736484362,0.7765985675956726,0.06695819203532612,-0.003167969098042958,0.01545827563452457,0.13330271525002543,0.133815868952446,0.265255592153367,0.7751486871084072,0.0
8.248248248248249,0.24297904688247415,-0.13603056879053899,0.7779737866408278,0.06876095225776443,-0.002740953909469919,0.021350759428651937,0.13338474164082856,0.13379628304505456,0.2625873149806478,0.7765396439621841,0.0
8.268268268268269,0.24024818428617642,-0.13654312981488634,0.7793859553604403,0.07060843598062508,-0.001655119954212033,0.054291697762894296,0.13368999492273975,0.1336178123564084,0.2599086713103549,0.7779658877966138,0.0
8.288288288288289,0.2375088920143901,-0.13696461358931583,0.7808369214707739,0.07254830551668034,-0.0004840810492095362,0.058551945250124825,0.13384509649587953,0.13362282134988723,0.2572197668907533,0.7794271933912617,0.0
8.308308308308309,0.234765846152448,-0.13715229309710555,0.7823290291419079,0.07460538355670199,9.596560143482098e-05,0.029002332532217855,0.13369113947945163,0.13376709514432633,0.25452070787518555,0.7809233299890341,0.0
8.328328328328329,0.23202390136567058,-0.13709723933887139,0.7838621005085841,0.07665356833380516,8.893798074781224e-06,-0.004353590168001988,0.13340532079632114,0.13387402475078009,0.25181160081788045,0.7824540613326185,0.0
8.348348348348349,0.22928506128269738,-0.13694200414866062,0.7854334467667462,0.07856731290810474,1.475232375060374e-05,0.0002929262837911258,0.1333471467669433,0.13374108816258026,0.24909255266974545,0.7840191457017911,0.0
8.368368368368369,0.2265493861629813,-0.13678375598580508,0.7870402002207906,0.08033767270222111,-0.0005621542764611598,-0.028845330010588175,0.13309380153561062,0.13386748328563514,0.246363670774146,0.7856183359515868,0.0
8.388388388388389,0.22381661625396362,-0.13663849545088372,0.7886804463637198,0.08201230714645957,-0.0009919302516163242,-0.021488798757758224,0.13304341113419796,0.13374657684165803,0.24362506286266614,0.7872513795513271,0.0
8.408408408408409,0.22108468533631154,-0.13659654588260395,0.7903516148378502,0.08355842370652156,-0.001659278118934423,-0.033367393365904933,0.13291266394085421,0.13379933951321774,0.2408768370508576,0.7889180186244963,0.0
8.428428428428429,0.21835190583956882,-0.13663897483713658,0.7920525192941775,0.08504522281636323,-0.0024326862693655124,-0.038670407521554456,0.1328010683823888,0.13380406206937107,0.2381191018339697,0.7906179899894645,0.0
8.448448448448449,0.21561484934112446,-0.13685282492221737,0.7937815442261361,0.08645124659793121,-0.002003719212308123,0.02144835285286943,0.13320554354260528,0.13344279014801685,0.2353519660826664,0.7923510252010468,0.0
8.468468468468469,0.2128708748043312,-0.13719872683966294,0.7955392960290495,0.08788759014567149,-0.001611592740904351,0.019606323570188634,0.13332258252500878,0.13354450316760452,0.23257553903872907,0.7941168505928932,0.0
8.488488488488489,0.2101217479282822,-0.13745634380244942,0.7973289910296347,0.08948475002926264,-0.00137469500819693,0.011844886635371027,0.1333165150369922,0.13360448623546928,0.229789930310744,0.795915187320704,0.0
8.508508508508509,0.20736878330139827,-0.13764823134419696,0.7991513995099121,0.09112042401386618,-0.0008692914398121648,0.025270178419238253,0.13343592787423783,0.13351055692632774,0.22699524986977343,0.7977457514062631,0.0
8.528528528528529,0.20461330916395526,-0.1377737068721501,0.801006868396203,0.09277344431454847,-0.0008612121500445996,0.00040396448837825075,0.13329802791096862,0.13365876302541738,0.22419160804501614,0.7996082537822808,0.0
8.548548548548549,0.20185745487323106,-0.13779271453621023,0.8028955202828417,0.09443259433193248,-0.0013173293282877207,-0.02280585891215605,0.13308335075457023,0.13374643450181414,0.22137911551945078,0.8015024003380411,0.0
8.568568568568569,0.19910159308427472,-0.13779308944781693,0.8048154412443969,0.09599604807775479,-0.0025184218997742285,-0.06005462857432538,0.13271959332026773,0.13391640423328885,0.21855788332546644,0.8034278919658453,0.0
8.588588588588589,0.196343496515832,-0.13790482842213664,0.8067637278308735,0.09741432932383129,-0.003372515795535216,-0.04270469478804938,0.13268942439986808,0.13373911186477774,0.21572802284047943,0.8053844246082442,0.0
8.608608608608609,0.19357875928006582,-0.13823686178830835,0.8087372695365942,0.09867708528603793,-0.004507544159874153,-0.05675141821694684,0.13251946762377456,0.13382998484118833,0.21288964578253644,0.8073716893060526,0.0
8.62862862862863,0.19080362711856624,-0.13875660807497833,0.8107348596295706,0.09987950464881806,-0.005100530267877974,-0.029649305400191076,0.1326239036414402,0.13366197547914685,0.21004286420590304,0.8093893722471381,0.0
8.64864864864865,0.18801309090056062,-0.139526810900281,0.8127555143449297,0.1010327357679554,-0.004516037024996311,0.02922466214408312,0.13309373870466337,0.13338621009057786,0.20718779049664193,0.8114371548159741,0.0
8.66866866866867,0.18520500728656364,-0.140404180699849,0.814802073806448,0.10232797307591693,-0.0036536131675551182,0.0431211928720596,0.13335724028203316,0.13342370669030995,0.20432453736817457,0.8135147136439544,0.0
8.68868868868869,0.1823819264637656,-0.141154041139902,0.8168789815935976,0.10384538935747932,-0.003076195401195303,0.028870888317990756,0.13335488083035515,0.13355364607342352,0.20145321785683137,0.8156217206604565,0.0
8.70870870870871,0.17954720744119881,-0.14173595112834017,0.8189881106986748,0.10545645525386088,-0.0025838833045909093,0.024615604830219733,0.13334929492336536,0.13356268079292272,0.19857394531739012,0.8177578431446473,0.0
8.72872872872873,0.17670293080854427,-0.1422138316327273,0.821129487197495,0.10706882494100997,-0.0018233570489932089,0.03802631277988499,0.13346767208386748,0.1334576951151395,0.19568683341860119,0.8199227437780233,0.0
8.74874874874875,0.17385140791553108,-0.14257614465065993,0.8233032823250475,0.10868975637762383,-0.0015324164593660562,0.014547029481357634,0.1333324321722834,0.13357810345703888,0.19279199613869824,0.8221160806976787,0.0
8.76876876876877,0.17099563571266077,-0.1427886101435151,0.8255092502259531,0.11029839504528285,-0.0014746172819559505,0.002889958870505289,0.13320591864753795,0.13358061693136905,0.1898895477609007,0.8243375075502876,0.0
8.78878878878879,0.1681372050136,-0.14292153495303866,0.8277455234165759,0.11181365953113952,-0.002233750903028613,-0.03795668105363314,0.13284771287745747,0.133768853666234,0.18697960286890034,0.8265866735467986,0.0
8.80880880880881,0.16527632903827913,-0.14304379876604373,0.8300095537132397,0.11320151483319041,-0.0033369939088830833,-0.05516215029272354,0.13256993344701393,0.13378323160643696,0.18406227634233888,0.8288632235178279,0.0
8.82882882882883,0.16240993705586726,-0.143319599120593,0.8322974053579932,0.11439258223767633,-0.004416471671089736,-0.053973888110332546,0.13243152079968037,0.13371961878536773,0.1811376833522729,0.8311667979697439,0.0
8.84884884884885,0.15953369760415695,-0.14381197258551615,0.8346060489868852,0.11543218144459706,-0.005422181579380023,-0.050285495414514395,0.13234818059949716,0.13368237822987197,0.1782059393566254,0.8334970331414371,0.0
8.86886886886887,0.15664295817691493,-0.14453697136210117,0.8369336601415052,0.11638055773099966,-0.005650741780760618,-0.01142801006902977,0.1325735065271604,0.13347385713449605,0.17526716009562973,0.8358535610617607,0.0
8.88888888888889,0.15373411488278063,-0.14544216470671417,0.8392804481491478,0.11733940038213019,-0.006007056919097411,-0.01781575691683968,0.1325577323312048,0.13358447033507426,0.17232146158725853,0.8382360096076389,0.0
8.90890890890891,0.15080619895982705,-0.14639579614767864,0.8416477923809472,0.11836721158996832,-0.006262493107033672,-0.01277180939681299,0.13257477052476138,0.1335847339866146,0.16936896012264566,0.8406440025628277,0.0
8.92892892892893,0.1478577863298423,-0.14742063149923706,0.8440359188207488,0.11940632199007602,-0.006369240200317925,-0.005337354664212658,0.13262133422001934,0.1335764286652845,0.16640977226149348,0.8430771596773248,0.0
8.94894894894895,0.14488793790299465,-0.14849242134238394,0.8464453655425691,0.1204723360910177,-0.006452535013906794,-0.0041647406794433905,0.13262644927433623,0.1336023857313525,0.16344401482747137,0.8455350967274163,0.0
8.96896896896897,0.14189607401521195,-0.14959319438913407,0.8488765670151588,0.12156007362948383,-0.006204424064183731,0.012405547486153128,0.13275210345898472,0.1335378880218518,0.16047180490360463,0.8480174255763487,0.0
8.98898898898899,0.13888215837666382,-0.15069578192740674,0.8513304034080779,0.12269181964595101,-0.006226189977323767,-0.001088295657001831,0.13266522067887232,0.1336456763553456,0.15749325982765247,0.8505237542356202,0.0
9.00900900900901,0.1358468826051127,-0.151763788577555,0.8538071659421902,0.12383812670561833,-0.005855378575164088,0.01854057010798393,0.1327955530989781,0.13353978879368347,0.15450849718747375,0.8530536869268817,0.0
9.02902902902903,0.1327904725118019,-0.1528205046655407,0.8563071912424629,0.12500126501363473,-0.0057595537289029,0.00479124231305939,0.13270741114664644,0.1336399474194344,0.15151763481638703,0.855606824144433,0.0
9.04904904904905,0.12971426844593012,-0.1538102032935893,0.858830640804906,0.12617247812215338,-0.005549756419633529,0.010489865463468553,0.13271874493983488,0.1335954520073489,0.14852079078851746,0.8581827627183108,0.0
9.06906906906907,0.12661842206263704,-0.1547923191646536,0.8613770000672397,0.1273179631166833,-0.004855289095219372,0.03472336622070785,0.1329196005661173,0.13347735879549788,0.14551808341413588,0.860781095877953,0.0
9.08908908908909,0.12350413011952528,-0.15571459715558816,0.8639474747999769,0.12852373663686067,-0.0045193058588338855,0.01679916181927431,0.13282775537448943,0.13360182713184304,0.14250963123498803,0.8634014133164327,0.0
9.10910910910911,0.12037422664358022,-0.15649517379725325,0.8665425363627733,0.12975307813981876,-0.004494506817015357,0.0012399520909264095,0.1326652609204378,0.13365014575351453,0.13949555301961478,0.8660433012552508,0.0
9.12912912912913,0.11723013575707146,-0.1572045443254381,0.8691604729789297,0.1308968308078199,-0.004734861109172771,-0.012017714607870666,0.13247931739877117,0.13366853489565447,0.13647596775866253,0.8687063425096762,0.0
9.14914914914915,0.11407217434160641,-0.1578980707732523,0.8717987781335874,0.13191525773288187,-0.005400056806890027,-0.033259784885862856,0.13219420932863007,0.13372021802211478,0.13345099466018764,0.8713901165546235,0.0
9.16916916916917,0.11089905937279314,-0.1586557484406634,0.8744539672157607,0.1327594541086645,-0.005605642053253557,-0.010279262318176486,0.13224476377842403,0.13354085082813963,0.13042075314494853,0.8740941995910597,0.0
9.18918918918919,0.10770795694166325,-0.15955512155649407,0.8771240999658149,0.13350663750270336,-0.005131495849655846,0.023707310179885536,0.13251936408044732,0.13340093864136246,0.12738536284169114,0.876818164612927,0.0
9.20920920920921,0.10449852670138696,-0.16047151201381493,0.8798111503515911,0.1343525192888111,-0.005088973630731044,0.0021261109462400903,0.1324061274561328,0.13357811855893856,0.12434494358242719,0.8795615814745714,0.0
9.22922922922923,0.10127213872637733,-0.16131939875048104,0.8825160566692438,0.13524531588263786,-0.004376935885961723,0.03560188723846604,0.1326710672541807,0.13341444677258785,0.1212996153977037,0.8823240169586669,0.0
9.24924924924925,0.09802943325359183,-0.162135273639275,0.8852403001009591,0.1362121715857638,-0.0041238495250699335,0.012654318044589448,0.13255599002596563,0.13358645876029612,0.1182494985118623,0.8851050348446281,0.0
9.26926926926927,0.09477272723865177,-0.16283530074700314,0.8879847159584046,0.137220792872273,-0.0032403811831285645,0.044173417097068526,0.13280910101427662,0.13341640507422628,0.11519471333829544,0.8879041959774918,0.0
9.28928928928929,0.09150386071142558,-0.16344332636130976,0.8907505167940198,0.13829004178076432,-0.0034885854309708573,-0.012410212392114588,0.13239076982668088,0.13372606386472458,0.11213538047469072,0.8907210583372667,0.0
9.30930930930931,0.08822581107380052,-0.16390248188125306,0.8935360821797329,0.1392782692856555,-0.00338470650482658,0.005193946307213888,0.13239310940541102,0.1335322279447708,0.10907162069827116,0.893555177108732,0.0
9.32932932932933,0.08493760582255894,-0.16441026256207927,0.8963385504561652,0.14012341382161272,-0.0030617035658334958,0.016150146949654196,0.13246387503138068,0.1334698242955085,0.1060035549610274,0.8964061047516789,0.0
9.34934934934935,0.08163945637031036,-0.1649074726124287,0.8991580283843902,0.14097389641125305,-0.002265892785272295,0.03979053902806001,0.13269179548613688,0.13337223936921497,0.1029313043849407,0.8992733910715843,0.0
9.36936936936937,0.07833295250156014,-0.16532519343751126,0.9019964323080504,0.14192019618301105,-0.001798459527376236,0.023371662894802924,0.13263224946658903,0.1334935101772321,0.09985499025720375,0.9021565832906991,0.0
9.38938938938939,0.07502134511500731,-0.1655803693276414,0.9048546644780866,0.14291160850180912,-0.0017008206671013325,0.004881943013745192,0.13245472513940496,0.13354829044789623,0.09677473402543013,0.9050552261195497,0.0
9.40940940940941,0.0717064296309882,-0.16574577420095604,0.9077308889721483,0.1438112247030807,-0.001689057383756216,0.0005881641672558268,0.13234326700952515,0.1335034510546408,0.09369065729286229,0.9079688618288305,0.0
9.42942942942943,0.06838870909430139,-0.16588602683433978,0.9106227717634379,0.14459413956448014,-0.0019040538139201057,-0.0107498215081945,0.13217732189567,0.1335074395900442,0.09060288181356883,0.9108970303216872,0.0
9.44944944944945,0.06506776626020189,-0.1660471417049756,0.913527896868288,0.1452562552425038,-0.001384418789516298,0.025981751220190405,0.1324225581634379,0.13328413424439225,0.08751152948763816,0.9138392692063706,0.0
9.46946946946947,0.061743168960521407,-0.16622986498402412,0.9164465734490251,0.14593382903686153,-0.0012290928823505722,0.007766295358286317,0.13233887326166874,0.1334229755598429,0.08441672235636682,0.9167951138692534,0.0
9.48948948948949,0.058416837202460783,-0.16631658790303097,0.9193796074036827,0.14665169773287806,-0.0010342898742239579,0.009740150406330694,0.13232563597508518,0.13338380362998073,0.08131858259744189,0.9197640975481975,0.0
9.50950950950951,0.05508952189732351,-0.16636576525686386,0.9223262078071547,0.1473300201735965,-0.0010632963788411254,-0.0014503252308583747,0.13221349624666778,0.13342153487391348,0.07821723252011549,0.9227457514062631,0.0
9.52952952952953,0.05176186473136747,-0.16638285829780208,0.9252852587745201,0.14795254836827004,-0.000970825106557686,0.004623563614171982,0.13221338214021935,0.13335291584792952,0.07511279456037856,0.9257396046057412,0.0
9.54954954954955,0.04843397783963151,-0.16639434458679783,0.9282557287356936,0.14852349805867698,-0.0012137374479451156,-0.012145617069371475,0.13204571284449618,0.1334193004038375,0.07200539127612608,0.928745184382506,0.0
9.56956956956957,0.045106269852873845,-0.16638539933788354,0.9312361054546577,0.1490188359482057,-0.0016838979725835625,-0.023508026231922354,0.13185499577262466,0.1334167331834882,0.06889514534231901,0.9317620161206687,0.0
9.58958958958959,0.041777374254914124,-0.166444779897986,0.9342235139546561,0.14937042499991535,-0.0014889086342030806,0.009749466919024074,0.1320549116939342,0.1332151093673228,0.0657821795461412,0.9347896234275258,0.0
9.60960960960961,0.03844551839554063,-0.16659279296867469,0.9372179187080787,0.14972023767113124,-0.0010841393867067845,0.020238462374814817,0.13221358243607134,0.13323047627536425,0.06266661678215227,0.9378275282087861,0.0
9.62962962962963,0.03511122324520528,-0.16671475751676781,0.9402218915908347,0.15019864413779818,-0.0001433345669639372,0.047040240987142365,0.13253054745066303,0.1331619093228705,0.05954858004743477,0.940875250744069,0.0
9.64964964964965,0.0317763470703481,-0.16674380874285902,0.9432391042639828,0.15086063365740648,0.0005395570581233165,0.03414458125436268,0.132557901566532,0.13329876402871,0.056428192436740715,0.9439323097626549,0.0
9.66966966966967,0.02844422323125164,-0.16660619195482287,0.9462719776321289,0.15164366840730306,0.0017253132782994696,0.05928781100880766,0.13282325507006534,0.13316872716940745,0.053305577137630025,0.9469982225194863,0.0
9.68968968968969,0.025118116333732825,-0.16630534487594079,0.9493224994779413,0.15252609229062272,0.002046741190732914,0.016071395621672195,0.13256064537716508,0.13339883569216623,0.05018085742560749,0.9500725048713982,0.0
9.70970970970971,0.021802628273116794,-0.1657744030308016,0.9523901648018087,0.15338326619336884,0.002014057319922996,-0.0016341935404958798,0.13230897513493226,0.13335631041453055,0.047054156659256954,0.953154671353569,0.0
9.72972972972973,0.018498557965422026,-0.16520351538473838,0.9554705954955629,0.15402153468771032,0.002615751260159658,0.03008469701183313,0.13247893472439876,0.13308643832418518,0.043925598275371576,0.956244235256181,0.0
9.74974974974975,0.015206079732390309,-0.16462391165158585,0.9585622990798799,0.15458517921585196,0.002914470428961369,0.014935958440085549,0.13240642968997743,0.13316127469932473,0.040795305784078736,0.9593407087012792,0.0
9.76976976976977,0.01192792051095046,-0.16390796107199238,0.9616652936521695,0.1551497286144777,0.002339797950034509,-0.028733623946343045,0.13199283291586342,0.1333067051522285,0.03766340276396652,0.9624436027198106,0.0
9.78978978978979,0.008664989161421568,-0.16314656747644463,0.9647755924043651,0.15551493760977778,0.0017807925017211945,-0.027950272415665663,0.1318121009228309,0.13314836727059803,0.03453001285720303,0.9655524273288404,0.0
9.80980980980981,0.005414915844523213,-0.16250366584491777,0.9678881716122599,0.15562896039474558,0.0014077518734998164,-0.018652031411068897,0.13178703573586256,0.13303101954222432,0.03139525976465657,0.968666691608924,0.0
9.82982982982983,0.002175499380402247,-0.16197082320604828,0.971000924704873,0.15563765463065113,0.0011243041966983024,-0.014172383840075724,0.13178769261228232,0.13299279255654733,0.02825926724101234,0.9717859037816295,0.0
9.84984984984985,-0.0010550837315866945,-0.16152915559944708,0.9741132981939397,0.1556186744533337,0.0015476045186868974,0.02116501609942976,0.13208441400238485,0.13282279852525694,0.02512215908988483,0.9749095712871962,0.0
9.86986986986987,-0.00427755762177112,-0.1611236945092213,0.9772271721254149,0.155693696573761,0.0015605479447550186,0.0006471713034060488,0.13202785316517432,0.1330051365713537,0.021984059158932697,0.9780372008623139,0.0
9.88988988988989,-0.007490656012035383,-0.16065491951321315,0.9803444067712673,0.1558617322926251,0.002085099605436881,0.02622758303409316,0.13223664464954235,0.132853873749829,0.018845091334967267,0.9811682986180168,0.0
9.90990990990991,-0.01069408090642923,-0.16017124471969238,0.9834658515853726,0.15607224070526132,0.0023486972331434887,0.013179881385330352,0.13221922678501088,0.13296085838878055,0.015705379539064118,0.9843023701176716,0.0
9.92992992992993,-0.013886049779816959,-0.1595984436693864,0.986592826102383,0.15634872585052081,0.002961368733956168,0.030633575040633982,0.13237102443744161,0.13283810516983044,0.012565047721668906,0.9874389204550574,0.0
9.94994994994995,-0.017065259226561925,-0.15896047233724833,0.9897257534417645,0.1566463669690738,0.0031723157914480796,0.010547352874595555,0.13227113545279856,0.13294534683161066,0.00942421985770423,0.9905774543325162,0.0
9.96996996996997,-0.020229047228281144,-0.15818940008596094,0.9928647309318902,0.15694887450628606,0.0026342989239903714,-0.026900843372885386,0.13191656848479266,0.1330651682776054,0.006283019941676196,0.9937174761391657,0.0
9.98998998998999,-0.02337658235292701,-0.15737675623229336,0.996006273259346,0.15707711637278693,0.001666736442804639,-0.04837812405928662,0.13157549001094831,0.13304166236875853,0.0031415719827795636,0.9968584900291617,0.0
10.01001001001001,-0.026510420313635884,-0.15669189803544376,0.9991449840359834,0.15693553883187095,0.0013117664762634805,-0.017748498327057917,0.13165770585419015,0.13276804141153972,6.123233995736766e-17,0.9999999999999999,0.0
10.03003003003003,-0.02963402978637791,-0.15618047363710125,1.002278040027889,0.1566527995952771,0.0006195842276133865,-0.03460911243250471,0.13151561661581795,0.1328737224984517,-0.003141571982779441,1.003141509970838,0.0
10.05005005005005,-0.032749060972308244,-0.15575155929651666,1.0054049108605263,0.15634354163186626,0.0002633107527520279,-0.017813673743067932,0.13157380057247536,0.13275004020589773,-0.006283019941676296,1.0062825238608344,0.0
10.07007007007007,-0.035858135391776236,-0.1554537209733996,1.0085246361545197,0.15598626469966664,-9.89848578473169e-05,-0.01811478052996724,0.1315763411839396,0.13278032292424038,-0.009424219857704107,1.0094225456674837,0.0
10.09009009009009,-0.03896323982863736,-0.1552552218430562,1.0116377109315682,0.15565373885242192,0.0006894154321309999,0.03942001449891584,0.13206619898971328,0.13250942710722988,-0.012565047721668785,1.0125610795449425,0.0
10.11011011011011,-0.04206566518749599,-0.15512126794293168,1.014747386617133,0.1554837842782443,0.0017598211610325603,0.05352028644507801,0.13239450841795788,0.13257556048893687,-0.015705379539063997,1.0156976298823281,0.0
10.13013013013013,-0.045161634318409256,-0.15479845654566304,1.0178595097464993,0.1556061564683098,0.0015594642910133807,-0.010017843500959002,0.1320040948560943,0.13295612424914258,-0.018845091334967368,1.0188317013819832,0.0
10.15015015015015,-0.048247094476578774,-0.15427300790847578,1.0209739272146428,0.15572087340717514,0.0009810027050075332,-0.028923079300292358,0.1317036826854687,0.13291695925528085,-0.021984059158932576,1.0219627991376858,0.0
10.17017017017017,-0.051323033188194964,-0.15379693558080954,1.0240856080413043,0.1555840413330752,0.0005891116542808178,-0.01959455253633577,0.13164227648557053,0.1327636623749072,-0.02512215908988471,1.0250904287128038,0.0
10.19019019019019,-0.054391595594579095,-0.15342812031920666,1.0271913780671402,0.15528850129179156,3.89825531061627e-05,-0.027506455058732754,0.13151669160248908,0.1327699324068547,-0.028259267241012218,1.0282140962183703,0.0
10.21021021021021,-0.05745421455741532,-0.15313094814181122,1.0302894777997023,0.15490498662810473,-0.0007880702019657172,-0.041352637753594,0.13131432427294434,0.13279664848898642,-0.03139525976465689,1.0313333083910763,0.0
10.23023023023023,-0.060513348717792015,-0.15295670801883465,1.033377314344313,0.15439182723053804,-0.001121046977504104,-0.01664883877691932,0.1314099325628424,0.13262114049951662,-0.034530012857202905,1.0344475726711595,0.0
10.25025025025025,-0.06357230514526152,-0.15294782137347498,1.0364537139927796,0.15381998242332795,-0.001045089229653194,0.0037978873925454994,0.13159802517061067,0.132559922450289,-0.037663402763966396,1.0375563972801893,0.0
10.27027027027027,-0.06663224688316606,-0.1529970868952269,1.039520567276026,0.15334266416231107,-0.0010468993335408145,-9.05051943810159e-05,0.13162729183604105,0.132640533893169,-0.04079530578407862,1.0406592912987207,0.0
10.29029029029029,-0.06969277078606166,-0.15302619514478036,1.0425795123770878,0.15294725505309417,-0.0013031070854456427,-0.01281038759524143,0.13152489195394912,0.13271676211924,-0.04392559827537145,1.043755764743819,0.0
10.31031031031031,-0.07275393639779462,-0.15305828058664817,1.0456301698916652,0.15253287572887747,-0.0015675830857385714,-0.013223800014646432,0.13147025395336048,0.13269436755497377,-0.047054156659257274,1.0468453286464312,0.0
10.33033033033033,-0.07581696985042784,-0.1531516726316607,1.0486714061425377,0.1520618125436283,-0.0013644005341389102,0.010159127579983078,0.13163614218648603,0.13256969483722017,-0.050180857425607364,1.0499274951286017,0.0
10.35035035035035,-0.07888278281351913,-0.15329064815456445,1.0517038400563647,0.1516216956913488,-0.0011769613594706924,0.00937195873341089,0.13168145002447357,0.1326175262203078,-0.0533055771376299,1.0530017774805136,0.0
10.37037037037037,-0.0819503641475677,-0.15337906670242898,1.0547288617117876,0.15125108277114716,-0.0014426317471842218,-0.013283519385676477,0.13149421754927237,0.13273252592667886,-0.0564281924367406,1.0560676902373451,0.0
10.39039039039039,-0.08501932242706983,-0.15344791397510624,1.0577454096133558,0.15082739507840875,-0.0012209567847641658,0.011083748121002806,0.13162583404671696,0.13256073948433394,-0.059548580047434865,1.0591247492559313,0.0
10.41041041041041,-0.08809037952018486,-0.15355285465575175,1.0607528961274695,0.150374325705677,-0.0014021373563595028,-0.009059028579766829,0.13148217817125407,0.1326833611670786,-0.06266661678215214,1.0621724717912138,0.0
10.43043043043043,-0.09116291341782606,-0.15362669488205974,1.0637510201842066,0.14990620283685802,-0.0012699336660761925,0.006610184514165514,0.13155142255042726,0.13256228696726804,-0.06578217954614109,1.065210376572474,0.0
10.45045045045045,-0.0942374886092684,-0.1537287595721166,1.0667390227630942,0.1494001289443797,-0.0012715063478925047,-7.863409081563903e-05,0.1315034600158983,0.1326048119805671,-0.06889514534231889,1.0682379838793312,0.0
10.47047047047047,-0.09731359828691723,-0.15380548388244145,1.0697168345038386,0.14889058703721533,-0.0013125739030931194,-0.00205337776003071,0.13145408016521457,0.13259248493948625,-0.07200539127612618,1.0712548156174941,0.0
10.49049049049049,-0.1003914213767151,-0.15389115448989382,1.0726835518374451,0.14833586668033125,-0.0010056462154750551,0.015346384380903206,0.1315763139084015,0.13249049652693534,-0.07511279456037843,1.0742603953942587,0.0
10.51051051051051,-0.10347100006727668,-0.1539789345280787,1.0756394860308514,0.1477967096703139,-0.0007760274172090288,0.011480939913301316,0.1315794994927831,0.1325315365308998,-0.07821723252011537,1.0772542485937369,0.0
10.53053053053053,-0.10655108954238227,-0.15400447375527956,1.0785853048740248,0.14729094215866806,-0.0006864674954967453,0.0044779960856141795,0.13151474338185343,0.1325526080733704,-0.08131858259744176,1.0802359024518022,0.0
10.55055055055055,-0.10963076921459407,-0.15398398361059018,1.0815203725893126,0.14675338576438604,-0.0007163475981151612,-0.0014940051309207981,0.13142872296343522,0.1325491003812634,-0.08441672235636692,1.0832048861307466,0.0
10.57057057057057,-0.11270975443595323,-0.15394926106795798,1.0844433744310278,0.14615009208576624,-0.0006659817235995333,0.002518293725781398,0.13141637154985886,0.13249263405998798,-0.08751152948763805,1.0861607307936292,0.0
10.59059059059059,-0.11578824629688582,-0.15392459304662962,1.0873533035325624,0.14549645507673464,-0.0003989118275692458,0.013353494801514371,0.13149299771198592,0.13242556220043436,-0.09060288181356872,1.0891029696783128,0.0
10.61061061061061,-0.11886610183764333,-0.15389277703787566,1.0902503153415428,0.14485059044902418,7.753741433960802e-05,0.02382246209544269,0.13160837106175588,0.1323838664962949,-0.09369065729286216,1.0920311381711694,0.0
10.63063063063063,-0.1219423980388191,-0.15381481005878805,1.093135515537885,0.14426000981710457,0.0008863154632412105,0.04043890244508014,0.13180365821883624,0.13231874549193148,-0.09677473402543023,1.0949447738804503,0.0
10.65065065065065,-0.12501452444082667,-0.1536063201003783,1.0960108453193182,0.14376648907166317,0.0002378257728767857,-0.03242448451822125,0.13124350405669136,0.13269121560589298,-0.09985499025720362,1.0978434167093007,0.0
10.67067067067067,-0.12807990925381227,-0.15326924064927955,1.0988735333450181,0.14313440128499036,0.00011139836283846799,-0.006321370501915884,0.13124605736319186,0.13239134527301452,-0.1029313043849406,1.1007266089284156,0.0
10.69069069069069,-0.13114113783563028,-0.15306142909090092,1.1017191901373167,0.14228283961493046,0.00034868425426709456,0.01186429457143132,0.13137690679087755,0.1322879936790458,-0.10600355496102727,1.103593895248321,0.0
10.71071071071071,-0.1341986174269551,-0.15287397956624185,1.1045482413077072,0.14145255851952718,0.0005644355643886237,0.010787565506076454,0.13140191832739256,0.1323125938965163,-0.10907162069827148,1.1064448228912684,0.0
10.73073073073073,-0.13725138762524153,-0.15263850991432076,1.1073614392814222,0.14065989868574932,0.0006741547866852494,0.005485961114831289,0.13136308987938433,0.13233160862605378,-0.1121353804746906,1.1092789416627333,0.0
10.75075075075075,-0.14029832430025688,-0.15234683375076694,1.11015850706071,0.13985338896439037,0.00010772390454347247,-0.028321544107088842,0.13104475811261257,0.13246883825206685,-0.11519471333829533,1.1120958040225082,0.0
10.77077077077077,-0.1433392623469735,-0.15204690233583168,1.1129367786707582,0.13891358050241048,-0.00022921930494793652,-0.01684716047457045,0.13099952637736276,0.13231671005982584,-0.11824949851186219,1.114894965155372,0.0
10.79079079079079,-0.14637661106357686,-0.15186743583016776,1.1156933511743232,0.13782862517824676,-1.7241804329545045e-05,0.010598875030919573,0.13119512417078708,0.13217133557122662,-0.12129961539770358,1.117675983041333,0.0
10.81081081081081,-0.14941164665742723,-0.15175177969251946,1.118428991378441,0.13678201020589392,0.00037465260545490263,0.01959472048922238,0.1313381204351776,0.13218163136531028,-0.12434494358242751,1.120438418525429,0.0
10.83083083083083,-0.15244342355606463,-0.1515888449318706,1.1211459922828575,0.13585004522081587,0.0005740722739491663,0.009970983424713168,0.13131268711019115,0.13226181507407178,-0.127385362841691,1.1231818353870728,0.0
10.85085085085085,-0.15547056263140388,-0.15135695376696268,1.1238451843062351,0.13495960116887934,0.0009796473635860614,0.020278754481844765,0.13140208799019842,0.1321982096536579,-0.13042075314494841,1.1259058004089402,0.0
10.87087087087087,-0.15849211186429094,-0.15107746164435265,1.126526968036021,0.13408918648929938,0.001078581311693719,0.004946697405382873,0.13130312214962428,0.1322783184622459,-0.13345099466018753,1.1286098834453764,0.0
10.89089089089089,-0.16150681579346934,-0.15073519645891975,1.1291910813184858,0.1332056641232365,0.0017091665314367017,0.031529260987149144,0.13150023227310037,0.13210477014381453,-0.1364759677586626,1.1312936574903238,0.0
10.91091091091091,-0.1645138444782826,-0.1503514342406633,1.1318378916060914,0.13234051438027994,0.0015898439452003623,-0.0059661293118169825,0.13124679189442565,0.13231139385377474,-0.13949555301961464,1.1339566987447491,0.0
10.93093093093093,-0.1675112347685858,-0.14986951451515967,1.1344667203350982,0.13144143645034262,0.0021533943625328266,0.028177520866623236,0.1314471016055226,0.13205161261396006,-0.1425096312349879,1.136598586683567,0.0
10.95095095095095,-0.17049911507096352,-0.1493940151188868,1.1370767064914347,0.13049930781682362,0.0022640594937744546,0.005533256562081396,0.13132314463100497,0.1321869424711998,-0.14551808341413577,1.1392189041220468,0.0
10.97097097097097,-0.1734751906061858,-0.1488037767611133,1.1396680345661134,0.1295664037339392,0.0018951261988402704,-0.018446664746709196,0.1310657888197593,0.13224204586707397,-0.14852079078851754,1.1418172372816893,0.0
10.99099099099099,-0.17643889782572683,-0.14818536097705176,1.1422377273611897,0.12848463975381322,0.0009598704625202651,-0.04676278681600027,0.13070287251165594,0.1322907752607535,-0.1515176348163869,1.1443931758555668,0.0
11.01101101101101,-0.17939222041886713,-0.14766612965701428,1.1447811563984285,0.127171451861942,0.0009325706060414662,-0.0013649928239399534,0.13091571677058075,0.1319576154095676,-0.15450849718747364,1.1469463130731183,0.0
11.03103103103103,-0.1823386467158966,-0.14732131485147373,1.1472965721054984,0.12577078535349673,0.0009990520660105712,0.003324072998455257,0.13100963612629915,0.13199133066896077,-0.15749325982765236,1.1494762457643797,0.0
11.05105105105105,-0.18527806662645047,-0.14697099552769227,1.1497858946048674,0.1244661249684422,0.0006138135924368253,-0.019261923678687287,0.1308400352154258,0.1321270390284474,-0.16047180490360474,1.1519825744236514,0.0
11.07107107107107,-0.1882104227670848,-0.14661780703171676,1.1522486486673538,0.12313770312432623,0.000444183672840701,-0.008481495979806224,0.13086174530448985,0.13203577886732115,-0.16344401482747126,1.1544649032725836,0.0
11.09109109109109,-0.19113711924303844,-0.1463348237976822,1.1546838326995785,0.12175920161123968,0.00016070359869559955,-0.014174003707255071,0.1308020200433205,0.13207276752235764,-0.16640977226149337,1.1569228403226752,0.0
11.11111111111111,-0.19405916214018756,-0.14610214485745635,1.1570911386368732,0.1203652968647281,0.0005897248933898158,0.021451064734710812,0.13108177428229958,0.1318952683206477,-0.16936896012264555,1.1593559974371723,0.0
11.13113113113113,-0.1969772475417855,-0.14590427007989706,1.159472110307777,0.11904858354519254,0.00043904000452122787,-0.0075342444434294,0.13092614422180193,0.1321076319563002,-0.1723214615872586,1.1617639903923611,0.0
11.15115115115115,-0.19988997602183592,-0.14563642400252036,1.1618276145194655,0.11777521058442643,0.0005967918032485189,0.007887589936364549,0.1310066335460473,0.131995623115204,-0.17526716009562962,1.1641464389382392,0.0
11.17117117117117,-0.202797705705434,-0.14538648417990468,1.1641572107334963,0.11647981070154567,0.00037703734617103735,-0.010987722853874081,0.13086078127527478,0.13210132948990316,-0.1782059393566253,1.166502966858563,0.0
11.19119119119119,-0.20569963942652306,-0.1450966860544522,1.1664603303627064,0.1151559814605065,-0.00044750192107383726,-0.041226963362243726,0.13052025185702557,0.13219927647075105,-0.1811376833522728,1.168833202030256,0.0
11.21121121121121,-0.2085970758625144,-0.14487182179956642,1.16873340707567,0.11365383564818492,-0.0005540007705935321,-0.005324942475984758,0.1306755883650377,0.13194160802215746,-0.18406227634233915,1.1711367764821723,0.0
11.23123123123123,-0.2114926894994999,-0.14478068184927498,1.1709749552302795,0.11207740773047331,-0.0014938395567647025,-0.046991939308558495,0.13031620030233193,0.13217496597023665,-0.18697960286890022,1.1734133264532012,0.0
11.25125125125125,-0.21438717559208725,-0.14472430462936817,1.1731831392403331,0.11040920050267622,-0.0021682944423758272,-0.03372274428055622,0.13026017232640463,0.13203257493381637,-0.18988954776090058,1.1756624924497123,0.0
11.27127127127127,-0.21728426775670143,-0.14485460823070875,1.1753550492789384,0.10859550193026005,-0.002468709868878634,-0.01502077132514034,0.13035770409242203,0.1319535648181839,-0.19279199613869813,1.1778839193023212,0.0
11.29129129129129,-0.22018635239623577,-0.14510423197671685,1.1774909909632802,0.10679708421709198,-0.00307086254800186,-0.03010763395616136,0.13021416339010672,0.13206925133212882,-0.19568683341860107,1.1800772562219766,0.0
11.31131131131131,-0.22309489448167338,-0.1454271042718806,1.1795905844074195,0.10497967220696265,-0.0030859019497484507,-0.0007519700873295475,0.13040928942480864,0.13194429661071078,-0.1985739453173904,1.182242156855353,0.0
11.33133133133133,-0.22601229823468152,-0.14587018765040763,1.1816548983783526,0.10321569854665716,-0.002623018446149117,0.023144175179966718,0.13069047685851767,0.131935048446141,-0.20145321785683126,1.1843782793395434,0.0
11.35135135135135,-0.22893849479413958,-0.14630982797290287,1.183687995791176,0.10165487064116148,-0.0022192190460393604,0.020189970005487858,0.1307739126122062,0.13205595685665825,-0.20432453736817446,1.1864852863560456,0.0
11.37137137137137,-0.23187143504137409,-0.1466470123617249,1.1856929394049938,0.10024718069089503,-0.0024148677199620798,-0.009782433696135993,0.13052763716616653,0.13221978187628125,-0.20718779049664182,1.1885628451840258,0.0
11.391391391391391,-0.23480969491338194,-0.14691299360039273,1.1876685389134034,0.0987799754204807,-0.0025272397384104614,-0.0056186009224190835,0.1304631525292458,0.13214766838764327,-0.21004286420590312,1.190610627752862,0.0
11.411411411411411,-0.23775435264749997,-0.14723288670590182,1.1896127974804567,0.0972129283526628,-0.001819872491595614,0.03536836234074235,0.1308100045673544,0.1319783056022559,-0.21288964578253633,1.1926283106939473,0.0
11.431431431431431,-0.24070595980768342,-0.14758035800917224,1.191528373936781,0.09577882281621178,-0.00044954730654274915,0.06851625925264324,0.13126663400447333,0.13195805346363,-0.21572802284047932,1.1946155753917558,0.0
11.451451451451451,-0.24366149432248044,-0.14777672573985118,1.1934217668584681,0.09466964608436058,0.0005702446138165365,0.05098959601796428,0.131303197421987,0.13215087364353217,-0.21855788332546633,1.1965721080341547,0.0
11.471471471471471,-0.24661581981754205,-0.14771627475308008,1.1952964021139232,0.09373176277274783,0.0018432999698224607,0.06365276780029619,0.1314853462521513,0.13209772641224526,-0.22137911551945086,1.198497599661959,0.0
11.491491491491491,-0.24956496432168762,-0.14745722520727925,1.1971542090697538,0.09289034779153453,0.0031964903273516343,0.06765951787645869,0.1316208058895247,0.13208845359835514,-0.22419160804501603,1.2003917462177192,0.0
11.511511511511511,-0.2525037812685386,-0.14694084734255036,1.1989970679696764,0.09214294499613146,0.0041014923982186135,0.045250103543348935,0.13148673708601202,0.1321562255137741,-0.22699524986977335,1.2022542485937369,0.0
11.531531531531531,-0.2554269581393508,-0.14615884354060796,1.200823998594226,0.09134653122748171,0.004624821948765964,0.02616647752736754,0.13127436723904562,0.13212943909864786,-0.22978993031074388,1.204084812679296,0.0
11.551551551551551,-0.2583311577165881,-0.14520997886186465,1.2026314615582496,0.09037314820118413,0.005297809740230266,0.033649389573215116,0.13125846047012105,0.13196199603430359,-0.23257553903872916,1.205883149407107,0.0
11.571571571571571,-0.2612142780165506,-0.14415601499812505,1.204416751854077,0.08926451479136549,0.005782007268406935,0.024209876408833493,0.13115961725677028,0.1319266181470784,-0.2353519660826663,1.2076489747989532,0.0
11.591591591591591,-0.26407344969264007,-0.14295858380447254,1.2061778909146672,0.08805695302951345,0.005479826253711027,-0.015109050734795418,0.13076359282107528,0.1320139138866375,-0.2381191018339696,1.2093820100105355,0.0
11.611611611611611,-0.2669069385843209,-0.14167444458404146,1.2079103195295293,0.08662143074310143,0.005010003043180661,-0.023491160526518236,0.1305140150615521,0.13188758099162223,-0.2408768370508575,1.2110819813755036,0.0
11.631631631631631,-0.26971586794828517,-0.14044646819821258,1.2096085047419771,0.0849092606223895,0.004209125245680273,-0.040043889875019445,0.130231872314048,0.1318559982471102,-0.24362506286266625,1.212748620448673,0.0
11.651651651651651,-0.27250220444814394,-0.13931682499293793,1.2112678429822625,0.08296691201426565,0.003485237809454248,-0.03619437181130125,0.13011115169723272,0.13173762957521049,-0.2463636707741459,1.214381664048413,0.0
11.671671671671671,-0.2752692458597225,-0.13835207057892868,1.2128848453427148,0.08085011802261524,0.0031838294770309998,-0.015070416621162402,0.13021721759944566,0.13160815645643853,-0.24909255266974534,1.2159808542982087,0.0
11.691691691691691,-0.2780198733152858,-0.1375313727781667,1.2144592176820288,0.07871861696570359,0.0032310810161330144,0.002362576955100726,0.1304020035936321,0.13157650987961303,-0.2518116008178804,1.2175459386673815,0.0
11.711711711711711,-0.28075489951210414,-0.13675130984091496,1.2159932744271649,0.07670283725680005,0.002589830373190963,-0.03206253214710262,0.13016236869256895,0.13180176630280044,-0.2545207078751858,1.219076670010966,0.0
11.731731731731731,-0.28347459336876735,-0.13598469283315914,1.2174868413924234,0.07467834826292624,0.0026471200264810073,0.0028644826645022117,0.13038606725537424,0.13160004570067252,-0.2572197668907532,1.2205728066087382,0.0
11.751751751751751,-0.2861809830726852,-0.1353194851958923,1.2189402908647233,0.07267247361499893,0.0019403326019605755,-0.0353393712260216,0.13011286237049488,0.1318461665614658,-0.2599086713103548,1.2220341122033862,0.0
11.771771771771771,-0.28887408600886616,-0.1346551468090498,1.2203532598843576,0.07064845098170955,0.0014078281143821813,-0.026625224378919718,0.13007221452786633,0.13174800731492697,-0.2625873149806477,1.2234603560378159,0.0
11.791791791791791,-0.29155675879255893,-0.13413363918463897,1.221723737440064,0.06852387778531495,0.0012235307010040187,-0.009214870668908158,0.13019032833713523,0.13167944115875074,-0.2652555921533669,1.2248513128915928,0.0
11.811811811811811,-0.2942309877183845,-0.1337114462912792,1.223052501769241,0.06643821645884765,0.0010226093665178068,-0.010046066724310597,0.1302129777490619,0.13173915055797839,-0.2679133974894984,1.226206763116505,0.0
11.831831831831831,-0.29689758620416823,-0.13332992428918508,1.2243408137375964,0.06441559841776416,0.0010441252204508424,0.001075792696651784,0.13032261691930008,0.1317253098403382,-0.27056062606343784,1.2275264926712488,0.0
11.851851851851851,-0.29955722516951605,-0.13298194826738993,1.2255901319205433,0.0624659091473486,0.0009117902407888419,-0.006616748983100043,0.13028975554439298,0.1318089858722754,-0.2731971733671345,1.2288102931552294,0.0
11.871871871871871,-0.3022101997181481,-0.1326487274316033,1.226801246007416,0.060555704343638696,0.001593558174487523,0.03408839668493402,0.1306669007373402,0.13165408559345754,-0.2758229353142149,1.2300579618414675,0.0
11.891891891891891,-0.30485649901919804,-0.13231496505249685,1.2279774851410543,0.05881195668191788,0.0014084321050446605,-0.009256303472143103,0.1304075559149724,0.1319442353254009,-0.278437808244094,1.2312693017086145,0.0
11.911911911911911,-0.3074938358367218,-0.1318668408761873,1.2291193352995093,0.05709250792274649,0.0016351997797152886,0.011338383733531347,0.13051406662768414,0.1317954248528078,-0.2810416889260653,1.2324441214720627,0.0
11.931931931931931,-0.31012265158318,-0.13144078732290768,1.2302262034009033,0.055343405069696906,0.0013821984740946176,-0.012650065281033539,0.1303146547423377,0.1319167748610564,-0.2836344745633781,1.233582235614153,0.0
11.951951951951951,-0.3127423317798387,-0.13098400983293498,1.2312969645956942,0.053538059739541406,0.0015096006659820942,0.006370109594373816,0.13040696020309897,0.13178142465491524,-0.28621606279729533,1.2346834644134685,0.0
11.971971971971971,-0.31535384182018533,-0.13057550201733392,1.2323310166265755,0.05170260154406426,0.0017651848515397941,0.012779209277884954,0.13049000433450947,0.13177883713796965,-0.28878635171113387,1.235747633973216,0.0
11.991991991991991,-0.3179561555337547,-0.13011568567847062,1.2333295851296737,0.04992842515490926,0.0007980636217506197,-0.048356061489458715,0.12993009429416644,0.13204584752085827,-0.29134523983428795,1.2367745762486861,0.0
12.012012012012011,-0.3205492524355377,-0.1296548450891489,1.2342883624619996,0.04793886661629596,0.0015388131898413104,0.037037478404534516,0.1305097481078458,0.13155085204337477,-0.2938926261462365,1.2377641290737884,0.0
12.032032032032031,-0.32313636098069376,-0.12935542725780244,1.2352086447694703,0.046014115373543316,0.0018532317822408106,0.015720929619974976,0.1305119475394463,0.13179931786923663,-0.29642841008052956,1.2387161361866608,0.0
12.052052052052051,-0.32571522583664464,-0.12894324279754435,1.236094177990269,0.044276661039935154,0.003411986593174218,0.07793774054667035,0.13114670357610062,0.13156993591931077,-0.2989524915287594,1.239630447254344,0.0
12.072072072072071,-0.328284042677981,-0.12844084206681944,1.2369509978815931,0.04284099456620782,0.004138209013427763,0.036311121012677146,0.13102783339383264,0.1318992887862632,-0.30146477084451234,1.2405069178965213,0.0
12.092092092092091,-0.33083658446142855,-0.1276270891723778,1.237782233459746,0.041561778907644,0.004007154940215865,-0.0065527036605948635,0.13062118025564273,0.13201868567224098,-0.30396514884730275,1.2413454097083185,0.0
12.112112112112111,-0.3333701700416807,-0.12667927901260517,1.2385836424529517,0.040070449660290997,0.0037086907517503392,-0.014923209423276391,0.13037900264062038,0.13189850378929663,-0.30645352682648813,1.2421457902821578,0.0
12.132132132132131,-0.33588564121399334,-0.1257735586156316,1.2393498866270451,0.03831220870467026,0.004033414760972873,0.01623620046112672,0.13054299706893727,0.13165892465725765,-0.3089298065451672,1.2429079332286685,0.0
12.152152152152151,-0.33838406232616913,-0.12492105560878981,1.240079883409821,0.03649983913878935,0.004373849211078159,0.017021722505264285,0.13059933597184603,0.1316761089076498,-0.31139389024405634,1.2436317181966443,0.0
12.172172172172171,-0.34086407843985406,-0.12400080568424748,1.2407747507317162,0.03474336609476049,0.004441584142117775,0.003386746551980728,0.13050070833961988,0.1317320094967062,-0.3138456806453502,1.2443170308920484,0.0
12.192192192192191,-0.3433245438194188,-0.12302326897823607,1.2414338825666482,0.032956591746604945,0.004730514433586429,0.014446514573432614,0.1305706591660511,0.1316394446460959,-0.31628508095656216,1.2449637630960617,0.0
12.212212212212211,-0.345765107589343,-0.12202818849621057,1.242056975751515,0.031154659243341692,0.004847492662366617,0.005848911439009374,0.13052095667792837,0.13167655829106056,-0.318711994874345,1.2455718126821722,0.0
12.232232232232231,-0.3481846362614015,-0.12097643360292754,1.2426438718498258,0.02934480491554676,0.0047832088751247346,-0.003214189362094142,0.13042180194903644,0.13168311079615222,-0.3211263265882922,1.2461410836323012,0.0
12.252252252252251,-0.3505828699593456,-0.11991168489720516,1.2431932301059663,0.02746791280702408,0.005019892015907972,0.01183415703916183,0.13051995348714185,0.13157156485149357,-0.32352798078472217,1.246671486051967,0.0
12.272272272272271,-0.35296004291815425,-0.11885864794043052,1.2437048877019004,0.025582879796706894,0.005297402585655299,0.013875528487366302,0.13057904392675243,0.13157338696944143,-0.32591686265043923,1.2471629361844785,0.0
12.292292292292291,-0.3553151827137458,-0.11775698977957609,1.2441797769889165,0.02374446435080487,0.005400327646198758,0.005146253027172792,0.13053298056336585,0.13161204483109712,-0.32829287787647826,1.2476153564241628,0.0
12.312312312312311,-0.35764734474029497,-0.11660810132745765,1.244617816240711,0.02190196258972764,0.0056603258530670275,0.01299991034341348,0.13059594565549382,0.13154560344213403,-0.330655932661826,1.2480286753286194,0.0
12.332332332332332,-0.3599562747537731,-0.1154465006739069,1.245018985359269,0.020058455927895045,0.0062659605334070435,0.03028173401700078,0.1307857733320801,0.13146268685143347,-0.3330059337171257,1.248402827630002,0.0
12.352352352352352,-0.3622405582734491,-0.11421417598379799,1.2453848960709326,0.018295535583180828,0.005991792361903172,-0.0137084085751936,0.13048110172556157,0.13169157966068362,-0.33534278826835995,1.248737754245325,0.0
12.372372372372372,-0.3644980396176062,-0.1128740672078555,1.2457144436704488,0.016477379975806377,0.005662360913274379,-0.016471572431439752,0.13034502479006227,0.13159566500440528,-0.337666404060512,1.2490334022857932,0.0
12.392392392392392,-0.36672988204709855,-0.11159212147461717,1.2460042307106878,0.014489352011947957,0.005432087037618868,-0.011513693782775569,0.13032165281809938,0.13151275422490852,-0.3399766893612096,1.2492897250651536,0.0
12.412412412412412,-0.36893723865997186,-0.11036783064366482,1.2462527259010887,0.012424759520041483,0.004869067468741619,-0.028150978443862582,0.13015074189695983,0.13157093636252448,-0.34227355296434436,1.249506682107068,0.0
12.432432432432432,-0.37112088697957074,-0.10918241597994549,1.246458301206918,0.010278765291462075,0.00379811288574965,-0.05354772914959857,0.1298411501788145,0.13163957261217496,-0.34455690419367413,1.2496842391515044,0.0
12.452452452452452,-0.37328355477678243,-0.10813338986058407,1.2466174365832903,0.007956768818615033,0.003733222399939523,-0.0032445242905063537,0.1301403169808576,0.13132852241912774,-0.34682665290640236,1.2498223681601472,0.0
12.472472472472472,-0.3754290140242153,-0.10727296237164316,1.2467300153437464,0.005628938022809659,0.0032282620481274508,-0.025248017590603772,0.1300388367767479,0.13152678628957334,-0.3490827094967364,1.249921047320825,0.0
12.492492492492492,-0.3775577726776979,-0.10643793267413071,1.2467975136310976,0.0033749143675584877,0.003112259271424539,-0.005800138835145678,0.13017932266300306,0.1314382297740786,-0.35132498489942454,1.249980261050954,0.0
12.512512512512512,-0.3796717701391382,-0.10569987307201445,1.2468207475648603,0.0011616966881360276,0.0031265335590881754,0.0007137143831816885,0.13029232100254692,0.13146913112702,-0.35355339059327373,1.25,0.0
12.532532532532532,-0.38177119927282005,-0.10497145668409195,1.246801889604465,-0.0009428980197610987,0.002569278001173309,-0.02786277789574342,0.13008279543900605,0.1316471653359771,-0.3557678386046426,1.249980261050954,0.0
12.552552552552552,-0.38385628206735123,-0.10425413972655792,1.246740510262926,-0.0030689670769438486,0.002380473254273743,-0.009440237344978477,0.13016952368474058,0.13152740667087323,-0.35796824151091555,1.249921047320825,0.0
12.572572572572572,-0.3859289430994893,-0.10363305160690171,1.2466361639107701,-0.0052173176077930745,0.0017906041125629636,-0.029493457085539136,0.13000081088279225,0.13165075973802398,-0.36015451244395347,1.2498223681601472,0.0
12.592592592592592,-0.3879902242162093,-0.10306405583600269,1.246488218279514,-0.007397281562803637,0.0017463797211612882,-0.0022112195700839214,0.1301761530344408,0.13150667034031396,-0.36232656509352335,1.2496842391515044,0.0
12.612612612612612,-0.39004217121756196,-0.10259735006763254,1.2462971795879647,-0.00955193457746458,0.0013893407767287347,-0.017851947221627834,0.13008139022819504,0.13163714047298555,-0.36448431371070567,1.249506682107068,0.0
12.632632632632632,-0.39208516592774284,-0.10214973550904456,1.246063615128576,-0.011678222969439466,0.0013870751311170087,-0.00011328228058646653,0.1302092990208339,0.13156129066529765,-0.3666276731112801,1.2492897250651536,0.0
12.652652652652652,-0.39412085533708846,-0.10178447046728074,1.2457883357992132,-0.013763966468139823,0.0021903154802043333,0.04016201745436605,0.13063232250644857,0.13144495487505012,-0.368756558679087,1.2490334022857932,0.0
12.672672672672672,-0.3961490379503531,-0.10140913066323134,1.2454759219091902,-0.015620694501149288,0.002860992902637996,0.03353387112168289,0.1307487587154498,0.1315954852637256,-0.37087088636936955,1.248737754245325,0.0
12.692692692692692,-0.39816685839699556,-0.10089102233212231,1.2451303556638795,-0.017278312265536153,0.004063641560087239,0.06013243287246203,0.13108305985244145,0.13151596750132813,-0.37297057271209105,1.248402827630002,0.0
12.712712712712712,-0.40017133000641814,-0.10022358047112909,1.2447554342082252,-0.018746072782718427,0.004557222664047922,0.024679055198033956,0.13091422282318524,0.13173241441549563,-0.3750555348152299,1.2480286753286194,0.0
12.732732732732732,-0.4021578669713715,-0.09932684824766905,1.244351872437387,-0.02017808854191034,0.004850989527749539,0.014688343185080626,0.13079536850639445,0.1317032418767365,-0.3771256903680519,1.2476153564241628,0.0
12.752752752752752,-0.40412419251749243,-0.09831627730604489,1.2439174941580786,-0.021718913965413658,0.004097985909408697,-0.037650180917042406,0.13028089132514126,0.13187107569712914,-0.37918095764436077,1.2471629361844785,0.0
12.772772772772772,-0.4060693047331935,-0.09725561078505522,1.2434471855189309,-0.023515431957391662,0.0030775820810384205,-0.05102019141851408,0.12993940652938088,0.13176600720939433,-0.38122125550572394,1.246671486051967,0.0
12.792792792792792,-0.40799613641651034,-0.09634158416584024,1.2429343754587054,-0.025640503011266764,0.0018876265620386176,-0.05949777594999041,0.12966568648426802,0.13168931961722838,-0.3832465034046751,1.2461410836323012,0.0
12.812812812812812,-0.4099087367624099,-0.09563001729497728,1.2423739242261234,-0.028022561629103174,0.0008312849776649535,-0.052817079218683546,0.1295505514747078,0.13158533137303122,-0.3852566213878947,1.2455718126821722,0.0
12.832832832832834,-0.4118120788399917,-0.0951671038790904,1.2417626388878145,-0.030564266915442565,0.0007493176322665358,-0.004098367269921223,0.12990382806910575,0.13137188827157426,-0.38725153009936686,1.2449637630960617,0.0
12.852852852852854,-0.4137101311325572,-0.09490261462827665,1.2411026414742463,-0.03299987067840358,0.0008906006820266337,0.007064152488004537,0.13012171944087714,0.13146124074500495,-0.3892311507835115,1.2443170308920484,0.0
12.872872872872874,-0.4156029236426488,-0.0946396255045783,1.2403985271358215,-0.03520571692123994,0.00046394412593053216,-0.021332827804805464,0.1299534404978992,0.1316875979152995,-0.39119540528829405,1.2436317181966443,0.0
12.892892892892894,-0.4174903530061704,-0.094371468176079,1.23965119496245,-0.03736660866858086,0.0008415092543278139,0.01887825641986368,0.13029092814433602,0.13152947897274728,-0.39314421606830957,1.2429079332286683,0.0
12.912912912912914,-0.41937367285834953,-0.09416599260895911,1.2388633417668702,-0.039392659778992985,0.0006633795575221181,-0.00890648484028525,0.1301436909269383,0.13175148084570812,-0.3950775061878452,1.2421457902821578,0.0
12.932932932932934,-0.42125173383177883,-0.09390304867146505,1.2380361102859723,-0.041361574044892116,0.0009749637658779545,0.015579210417791357,0.13034411198907886,0.13165203306775586,-0.3969951993239175,1.2413454097083185,0.0
12.952952952952954,-0.42312494725460903,-0.09366067114150972,1.2371710320123737,-0.04325391367992704,0.0008616536691073633,-0.005665504838530063,0.13020729112990384,0.13180076076719577,-0.39889721976928555,1.2405069178965213,0.0
12.972972972972974,-0.4249923156820548,-0.09336842137228803,1.2362683161227148,-0.045135794482937246,0.0010511564725249297,0.009475140170877777,0.13031136990706887,0.13172774845322963,-0.4007834924354382,1.239630447254344,0.0
12.992992992992994,-0.4268541285608554,-0.09309064394002893,1.2353284568709133,-0.04699296259007282,0.0010342987588320585,-0.0008428856846441641,0.1302396305148146,0.13180263957269617,-0.40265394285556105,1.2387161361866608,0.0
13.013013013013014,-0.4287098163019581,-0.09278438705513363,1.2343515334731814,-0.048846169886591406,0.0013156887461858058,0.014069499367686733,0.13036026778483428,0.13174197109240773,-0.40450849718747367,1.2377641290737884,0.0
13.033033033033034,-0.4305590490145155,-0.09246163562787184,1.2333384676181334,-0.0506532927524038,0.0008010314273883833,-0.025732865939871813,0.13000824306808653,0.1319322486681857,-0.4063470822165468,1.2367745762486861,0.0
13.053053053053054,-0.43240094788033706,-0.09209494329107541,1.2322868941784106,-0.05257867198613175,0.00041589958791741604,-0.01925659197354911,0.12992944631928913,0.13182940727919254,-0.40816962535859197,1.235747633973216,0.0
13.073073073073074,-0.43423743066615567,-0.09182413929093138,1.2311941589085684,-0.054636763492113154,-6.493892778109882e-05,-0.02404192578492654,0.1298045955821936,0.1318274346095591,-0.409976054662726,1.2346834644134685,0.0
13.093093093093094,-0.43607021268083157,-0.09163910073379412,1.23005842097532,-0.0567868966624163,-2.5444830989107748e-05,0.0019747048395986865,0.12998507628390435,0.13172121068793485,-0.4117662988142137,1.233582235614153,0.0
13.113113113113114,-0.4379012122552774,-0.0915499787222907,1.2288808197545167,-0.058880061040166375,0.00043048757878558284,0.022796620488733606,0.13024530035234794,0.13172551916561565,-0.4135402871372808,1.232444121472063,0.0
13.133133133133134,-0.4397299237171275,-0.09143557309250383,1.227665312336699,-0.06077537089089141,0.00026281818672525614,-0.008383469603017345,0.1300401067270343,0.1319409233705216,-0.4152979495979064,1.2312693017086145,0.0
13.153153153153154,-0.4415547068228156,-0.09123915528440711,1.2264120841726738,-0.06266140820126376,0.00011495442976627512,-0.007393187847950145,0.1299875729121931,0.13191981338619158,-0.4170392168065855,1.2300579618414675,0.0
13.173173173173174,-0.44337606112034894,-0.0910677148766667,1.2251200788540333,-0.06460026593201999,-0.0003499384556025698,-0.02324464426844343,0.12977749200432862,0.13197158691406788,-0.41876402002107094,1.2288102931552294,0.0
13.193193193193194,-0.4451948925126684,-0.09094156961597288,1.2237869866517457,-0.06665461011438042,-0.0001398106375786433,0.01050639090119504,0.1300199147144092,0.1318264006521794,-0.4204722911490845,1.227526492671249,0.0
13.213213213213214,-0.4470130375348779,-0.09090725111047442,1.2224142856057338,-0.06863505230059182,0.0005129164538288574,0.03263635457037365,0.1303232773474251,0.13184766313582943,-0.42216396275100765,1.2262067631165048,0.0
13.233233233233234,-0.4488296681146894,-0.09083152899057305,1.2210068217043162,-0.07037319507088556,0.0013537364486895548,0.042040999743033415,0.1305660897869546,0.13194449203414804,-0.4238389680425416,1.2248513128915928,0.0
13.253253253253254,-0.45064230143905026,-0.0906316662180447,1.2195696582967526,-0.07185817037818291,0.002396558140854155,0.05214108460822844,0.13081141968104915,0.13201473310647946,-0.4254972408973458,1.223460356037816,0.0
13.273273273273274,-0.4524476521105651,-0.09026753357574052,1.2181074948142452,-0.07310817412536466,0.003475032483402975,0.053923717127439263,0.13097135132893659,0.1320912457513306,-0.42713871584964763,1.2220341122033862,0.0
13.293293293293294,-0.4542414946970135,-0.08969212932242067,1.216623849406474,-0.07418227038856062,0.004142063170159448,0.033351534337821814,0.13086548086417704,0.13219839841307363,-0.42876332809682627,1.2205728066087382,0.0
13.313313313313314,-0.45601998429975965,-0.0889244801373069,1.2151187481902934,-0.07525506080902811,0.005387171034948095,0.06225539323943055,0.1311542653097516,0.13205154100286012,-0.4303710135019719,1.2190766700109659,0.0
13.333333333333334,-0.45777977108993095,-0.08798933950856629,1.2135943031522765,-0.0762222519008484,0.005092338329918829,-0.014741635251465282,0.13050011223197241,0.13235700567168354,-0.4319617085964176,1.2175459386673815,0.0
13.353353353353354,-0.45951658796685146,-0.0868408438460268,1.2120453426592253,-0.07744802465255812,0.005300986168593445,0.010432391933728653,0.13051365495888695,0.1320554050038429,-0.4335353505822449,1.215980854298209,0.0
13.373373373373374,-0.461231504338641,-0.08574581858947841,1.2104676270866617,-0.07888577862817843,0.005478939556014489,0.008897669371049731,0.13046429209759317,0.132014943517488,-0.4350918773347628,1.214381664048413,0.0
13.393393393393394,-0.4629236027563512,-0.08460492088550949,1.2088598473792485,-0.08038898537065715,0.005326277750116619,-0.007633090294896063,0.1302741728272808,0.13204036583939174,-0.4366312274049602,1.2127486204486728,0.0
13.413413413413414,-0.46459250238460886,-0.083444981412883,1.2072195869912206,-0.0820130194013906,0.00566509959631965,0.016941092310148814,0.13044236902040146,0.13188850535898214,-0.4381533400219318,1.2110819813755038,0.0
13.433433433433434,-0.4662386913668999,-0.08230944911455051,1.205547120538375,-0.08362332264228434,0.005951150240413448,0.014302532204686995,0.13048152054629547,0.13193878323900327,-0.43965815509527806,1.2093820100105355,0.0
13.453453453453454,-0.467860593422024,-0.08109510275620598,1.203843794870495,-0.08516628339400385,0.005562986624433809,-0.01940818079898502,0.13017919575925802,0.13207473430334585,-0.4411456132174767,1.2076489747989532,0.0
13.473473473473474,-0.46945727076378996,-0.07983386708829676,1.2021071667199932,-0.0868314075250865,0.0051753322060974225,-0.01938272091682275,0.13006052438689877,0.1319879377294681,-0.44261565566622757,1.205883149407107,0.0
13.493493493493494,-0.4710302666779443,-0.07864979570771598,1.2003342311137806,-0.08864678031063018,0.004806986617855006,-0.01841727941212466,0.1299969897694397,0.131945596898729,-0.4440682244067723,1.2040848126792958,0.0
13.513513513513514,-0.4725810878359982,-0.07754105790269737,1.1985234608852233,-0.09053851142786166,0.004414957535004689,-0.01960145414251986,0.12994177050288525,0.13194187721141207,-0.4455032620941839,1.2022542485937369,0.0
13.533533533533534,-0.47411196465803424,-0.07654384110180114,1.1966740248741266,-0.09247180055483574,0.005840805460871876,0.07129239629335513,0.13084421182743572,0.13164077801047677,-0.4469207120756318,1.2003917462177194,0.0
13.553553553553554,-0.47562396994593525,-0.07560026439505216,1.1947948746367825,-0.09395751186720792,0.007137449440883892,0.06483219900059625,0.13117097891950041,0.13194331089753783,-0.44832051839261794,1.198497599661959,0.0
13.573573573573574,-0.47711117058837127,-0.07436003212180162,1.1928953320030973,-0.09497713168425849,0.007479590116699261,0.017107033790763622,0.13091601047185114,0.1322302187111426,-0.44970262578318543,1.196572108034155,0.0
13.593593593593594,-0.478568642984161,-0.0728736197894875,1.1909758556622583,-0.09597381704195128,0.007561189270512625,0.004079957690662885,0.13074073055632127,0.13219402973104705,-0.4510669796841014,1.1946155753917558,0.0
13.613613613613614,-0.4799952118740626,-0.07132844449507736,1.1890333207700352,-0.09712674461115259,0.00774460938761724,0.009171005855225269,0.1307211529081232,0.13208498360933238,-0.4524135262330097,1.1926283106939475,0.0
13.633633633633634,-0.48139077334502933,-0.06977807354833915,1.1870658401217726,-0.09837403241313196,0.008353935972138325,0.030466329226048475,0.13091892694053747,0.13196206349560943,-0.4537422122705585,1.1906106277528619,0.0
13.653653653653654,-0.4827544281293408,-0.06818273921557261,1.1850745396912052,-0.0995650215283725,0.008665768483191835,0.015591625552669118,0.13086794348724262,0.13204707041471833,-0.4550529853424978,1.188562845184026,0.0
13.673673673673674,-0.48408424029417296,-0.06649060824160895,1.1830599258684762,-0.10073069113645147,0.009734296521512016,0.05342640191600263,0.13123984092147298,0.13185465094777388,-0.45634579370175143,1.1864852863560453,0.0
13.693693693693694,-0.48537847938356726,-0.06471195446971534,1.1810246680893721,-0.10176288895520236,0.009914049814473766,0.008987664648080422,0.130992311858206,0.13210066550784239,-0.45762058631045877,1.1843782793395436,0.0
13.713713713713714,-0.4866334885658363,-0.06275045911345238,1.1789687239463158,-0.1027972071528175,0.010686201295976713,0.038607574075140066,0.13120857263000843,0.1318653808306238,-0.4588773128419906,1.1822421568553527,0.0
13.733733733733734,-0.4878484393186395,-0.060747537640160894,1.1768918230171788,-0.10384504645685304,0.011311956679335086,0.03128776916791107,0.13124175391645276,0.13189937346617567,-0.4601159236829352,1.1800772562219768,0.0
13.753753753753754,-0.48902037330964354,-0.05859669955020167,1.1747949479897681,-0.10484375137053412,0.011851124487424146,0.02695839040444472,0.1312448769662039,0.13186879696887993,-0.46133636993505733,1.1778839193023214,0.0
13.773773773773774,-0.49014669858954346,-0.05631626399499638,1.1726776829062495,-0.10586325417593472,0.01183383039717179,-0.0008647045126264144,0.1310234487615801,0.13193675592578538,-0.462538603417229,1.1756624924497123,0.0
13.793793793793794,-0.49122503285499236,-0.053916713272444516,1.1705377479057217,-0.1069967500263938,0.010705167547261696,-0.056433142495513865,0.13046496228116367,0.13208931145854183,-0.46372257666733074,1.173413326453201,0.0
13.813813813813814,-0.4922558238212201,-0.051539548311386796,1.1683691505599925,-0.10842986728646449,0.009638987613322124,-0.05330899669698841,0.13025394375457225,0.13187986080295133,-0.46488824294412573,1.171136776482172,0.0
13.833833833833834,-0.49324339306207654,-0.049378462042823465,1.1661657376236871,-0.1101706468152636,0.008239108452437716,-0.0699939580442312,0.1299830611211176,0.13188206101604827,-0.4660355562291054,1.168833202030256,0.0
13.853853853853854,-0.4941922821046529,-0.047444452128817705,1.1639236033034008,-0.11210671601430998,0.007457657817187891,-0.039072531762503,0.13011478789490946,0.13167043221443886,-0.4671644712283059,1.1665029668585631,0.0
13.873873873873874,-0.49510757938397026,-0.04576486396586787,1.1616416489664778,-0.11409771684615491,0.006155067815516009,-0.06512950008360666,0.12991132020100174,0.13185821860089772,-0.46827494337409614,1.1641464389382392,0.0
13.893893893893894,-0.49599206917638916,-0.04422448962094444,1.1593197040158134,-0.1160972475332215,0.004026964078450012,-0.10640518685331386,0.12944606600607583,0.13204111507318028,-0.4693669288269371,1.161763990392361,0.0
13.913913913913914,-0.49685133826201294,-0.042963454281188654,1.1569536581784248,-0.11830229186943535,0.002677005079908463,-0.06749794992709274,0.12956355210257853,0.13178858058398338,-0.4704403844771127,1.1593559974371723,0.0
13.933933933933934,-0.49769402245289346,-0.04213420954402701,1.1545415954673939,-0.12060313555154295,0.0026194241209582672,-0.002879047947526081,0.13015515533482935,0.13160646408759233,-0.47149526794643215,1.1569228403226752,0.0
13.953953953953954,-0.49852525720247354,-0.041561737479004095,1.1520896449438933,-0.12259752617502921,0.0030373802398414333,0.020897805944140983,0.1306162188236184,0.1317515890812299,-0.47253153758990246,1.1544649032725836,0.0
13.973973973973974,-0.49934480820797505,-0.040977550275077136,1.1496068270591209,-0.12414089423862433,0.002694286800196325,-0.017154671982274116,0.13048835779984908,0.13211354454129548,-0.4735491524973721,1.1519825744236514,0.0
13.993993993993994,-0.5001513972141675,-0.04032945030961944,1.1470966356974561,-0.12550956808323668,0.002755812794028293,0.0030762996915783963,0.13068901132534183,0.1320691709198652,-0.47454807249514736,1.1494762457643797,0.0
14.014014014014014,-0.5009462334126769,-0.03974180992546888,1.1445614169054938,-0.12676093959811546,0.0027391959851218663,-0.0008308404453426874,0.13073211239391688,0.1321654280397593,-0.47552825814757677,1.1469463130731183,0.0
14.034034034034034,-0.5017291343792017,-0.03914504832624238,1.1420032593084184,-0.12790787985377283,0.002806121948361505,0.0033462981619591173,0.13080753415645374,0.13219029082817474,-0.4764896707586093,1.1443931758555672,0.0
14.054054054054054,-0.5025003225268314,-0.03855940738148269,1.1394236714451638,-0.12897939316272808,0.0032521724439386213,0.02230252477883156,0.1310286019274781,0.1321520255351334,-0.4774322723733215,1.141817237281689,0.0
14.074074074074074,-0.5032595624766826,-0.037961997492556104,1.1368253819710288,-0.1299144737067468,0.003921501646152741,0.033466460110680135,0.1312341287321643,0.13217255125201605,-0.47835602577941516,1.139218904122047,0.0
14.094094094094094,-0.5040047983780661,-0.03726179506917715,1.1342117530138056,-0.1306814478611535,0.003974136028149458,0.0026317190998085133,0.13104796240268507,0.13235429278382493,-0.479260894508688,1.1365985866835673,0.0
14.114114114114114,-0.5047337493242997,-0.036447547311678076,1.131582724720096,-0.13145141468547986,0.0044044410692808044,0.02151525205653817,0.13118877671099424,0.13223131849625147,-0.4801468428384715,1.1339566987447494,0.0
14.134134134134134,-0.505445855777992,-0.03560532268461308,1.1289385756624974,-0.1322074528799283,0.0042004166130635255,-0.010201222810895125,0.13093988429985284,0.13237835702418876,-0.48101383579304297,1.1312936574903238,0.0
14.154154154154154,-0.5061395514624143,-0.03468478422111845,1.126277804694042,-0.13303854842277207,0.0038815615342506753,-0.015942753940676062,0.13080605488052394,0.1323366250119045,-0.4818618391450048,1.1286098834453768,0.0
14.174174174174174,-0.5068155884929603,-0.0338018515272967,1.1235978306781895,-0.1339987007926218,0.0033701205549932964,-0.025572048962905047,0.13064409397846416,0.13233105435060039,-0.482690819416637,1.1259058004089402,0.0
14.194194194194194,-0.5074753604461789,-0.032988597660929826,1.1208961957058778,-0.13508174861557942,0.0030661265910427887,-0.015199698197564313,0.13065942696742308,0.13224799995871928,-0.4835007438812175,1.123181835387073,0.0
14.214214214214214,-0.5081207758370961,-0.03227076954585987,1.1181719252993105,-0.13621352032837025,0.0026734901918713727,-0.019631819958612733,0.13059945094092995,0.13227809970322674,-0.4842915805643156,1.1204384185254286,0.0
14.234234234234235,-0.5087527879110518,-0.03160060369778669,1.1154246033179782,-0.1373660990666119,0.0017398743708110969,-0.04668079105305938,0.1303073908817755,0.13239537260024445,-0.4850632982450529,1.1176759830413332,0.0
14.254254254254255,-0.5093732262179033,-0.031021915342569373,1.1126516678746816,-0.1386467721648251,0.0012040042192242196,-0.026793507579393246,0.1303672864452953,0.13227165834259105,-0.48581586645733693,1.1148949651553721,0.0
14.274274274274275,-0.5099856453305429,-0.03062095563198392,1.1098522073923043,-0.1399730241188625,0.0007273968627279056,-0.02383036782486926,0.13037267476380793,0.13229774973955935,-0.4865492554910633,1.112095804022508,0.0
14.294294294294295,-0.5105921119864032,-0.030323332793013354,1.1070267182466969,-0.1412744572803726,0.00027786072972107426,-0.02247680665039963,0.13037255769607525,0.13233971460747473,-0.4872634363932886,1.1092789416627329,0.0
14.314314314314315,-0.5111944595051574,-0.030117375937709343,1.1041758487352198,-0.142543475573852,-0.00016211119059647046,-0.021998596015940296,0.13036234171312708,0.13238513615933686,-0.4879583809693737,1.106444822891268,0.0
14.334334334334335,-0.5117948561990999,-0.03001983469712325,1.1013001472722717,-0.14378507314740782,0.00034113918015390076,0.025162518537450985,0.13082416054941634,0.13226712468373,-0.4886340617840967,1.103593895248321,0.0
14.354354354354355,-0.5123947593197977,-0.02999515603489095,1.0984047329083213,-0.1447707181975223,0.0007780262574523775,0.021844353864851368,0.13096028096491016,0.1324375037650903,-0.489290452162736,1.100726608928416,0.0
14.374374374374375,-0.512992127144544,-0.02986839123731445,1.0954941665111675,-0.14552831985769318,0.0010125644092390655,0.011726907589256404,0.13096012557569103,0.13256808113986232,-0.48992752619212343,1.0978434167093007,0.0
14.394394394394395,-0.5135855405626656,-0.02967067090607824,1.0925703948856316,-0.14618858127679718,0.0017557750395653722,0.037160531516232054,0.13125023142677134,0.13251760915747152,-0.4905452587216671,1.09494477388045,0.0
14.414414414414415,-0.5141737687792473,-0.02941141082908375,1.089636980895791,-0.1466706994920234,0.00207335969950254,0.015879232996768994,0.13115445342810242,0.13267634932329853,-0.49114362536434436,1.0920311381711696,0.0
14.434434434434435,-0.5147539175727418,-0.029007439674727933,1.0866948631464233,-0.14710588746839048,0.0021880076319621693,0.005732396622885102,0.13105463132597917,0.1327109330496665,-0.4917226024976648,1.0891029696783128,0.0
14.454454454454455,-0.5153248583315183,-0.028547037938826077,1.0837430815923645,-0.1475890777029341,0.002428001320291384,0.011999684416357043,0.13108269421098773,0.13266450666580815,-0.4922821672646027,1.0861607307936292,0.0
14.474474474474475,-0.5158863900530585,-0.028076586077006034,1.0807813730295683,-0.148085428139815,0.003234572026796155,0.04032853532512798,0.1313770772487944,0.13257184259901283,-0.49282229757449897,1.0832048861307468,0.0
14.494494494494495,-0.5164371227217903,-0.027536633436589558,1.0778127337949253,-0.1484319617321582,0.0033542581747368692,0.00598430739691664,0.13114962733215968,0.13276558077039347,-0.4933429721039341,1.0802359024518022,0.0
14.514514514514515,-0.5169741265182477,-0.026850189822867382,1.0748366624807073,-0.14880356571089814,0.0035712107184312646,0.010847627184591771,0.13115400259082832,0.1327084077182466,-0.49384417029756883,1.0772542485937369,0.0
14.534534534534535,-0.5174969235800286,-0.026139853089048398,1.0718523827795212,-0.14921398505930838,0.003787444360660011,0.010811682111299608,0.13114741949263234,0.13269838289954175,-0.494325872368957,1.074260395394259,0.0
14.554554554554555,-0.518004682139388,-0.025387927967967076,1.0688596539405073,-0.14963644195069437,0.004008755675963313,0.011065565765016999,0.13115331967732155,0.13269600279038507,-0.49478805930132547,1.0712548156174941,0.0
14.574574574574575,-0.5184967293310851,-0.02460235958485733,1.0658585334768227,-0.15005602318422576,0.004559333096458245,0.02752887102458812,0.13133115635514145,0.13264218906204397,-0.4952307128483256,1.0682379838793314,0.0
14.594594594594595,-0.5189718857340325,-0.023757820147368873,1.0628508637941079,-0.15038348413574004,0.004595565500266258,0.0018116201902298942,0.13115267650029777,0.13277985857458746,-0.4956538155347533,1.0652103765724743,0.0
14.614614614614615,-0.5194281778752112,-0.022814607058936703,1.0598360375678488,-0.15074131131295734,0.004706055713184628,0.0055245106457345325,0.13115169804616686,0.13273273752988246,-0.4960573506572389,1.0621724717912138,0.0
14.634634634634635,-0.5198655956238133,-0.021870887430104968,1.056813348673979,-0.15113444469349252,0.0050840963828915385,0.018902033485148434,0.13128259899428915,0.13267865542208965,-0.49644130228490685,1.059124749255931,0.0
14.654654654654655,-0.5202837399531554,-0.02090721646710576,1.0537839410032361,-0.1514703835371425,0.00562704698298161,0.0271475300042929,0.13142596997613157,0.1326839279882667,-0.4968056552600042,1.0560676902373454,0.0
14.674674674674675,-0.5206808825269088,-0.01985712868767208,1.0507500160922942,-0.15169624554709024,0.005705686762809732,0.00393198899117948,0.13127677645921423,0.1328105338197783,-0.49715039519849946,1.0530017774805136,0.0
14.694694694694695,-0.5210548884432136,-0.018700295815240065,1.0477112323066484,-0.1519391892822901,0.005480961946832804,-0.011236240799091387,0.13109959343662128,0.1328348820779974,-0.4974755084906501,1.0499274951286017,0.0
14.714714714714715,-0.5214057907058497,-0.017545113131807268,1.0446653284344654,-0.15229519360914962,0.0057379525892277405,0.012849532119483696,0.13126973807419573,0.13269458547436164,-0.49778098230154,1.046845328646431,0.0
14.734734734734735,-0.5217343228684187,-0.016426608128451987,1.0416127586735047,-0.1526284880480351,0.005900207154025667,0.008112728239613655,0.13128010357230915,0.13274922298869712,-0.49806680457158625,1.043755764743819,0.0
14.754754754754755,-0.5220394152986518,-0.015254621511657773,1.0385544870348273,-0.15291358193386195,0.00584667536224094,-0.0026765895895407774,0.13120242479832728,0.1328049583139024,-0.49833296401701493,1.0406592912987211,0.0
14.774774774774775,-0.5223207857059918,-0.01406852036699751,1.0354901904026093,-0.15321483161090108,0.006347020838248404,0.025017273800047625,0.1314638227711335,0.1326902721442402,-0.49857945013030697,1.0375563972801893,0.0
14.794794794794795,-0.5225785264838357,-0.012887038892196499,1.0324220494962144,-0.1534070453197449,0.006850204080865181,0.025159162130491415,0.13157474470530528,0.13275501023430572,-0.4988062531806126,1.0344475726711593,0.0
14.814814814814815,-0.5228107824173592,-0.011612796676173117,1.029352658460719,-0.1534695517747607,0.007516346937775246,0.03330714284513374,0.13173968729419624,0.13276053121631665,-0.4990133642141358,1.031333308391076,0.0
14.834834834834835,-0.5230153457536011,-0.010228166812091278,1.0262845306789325,-0.1534063890893282,0.007736571829782288,0.011011244599957195,0.13162128911406656,0.132881549412887,-0.4992007750544875,1.0282140962183706,0.0
14.854854854854855,-0.5231896317332051,-0.008714298980199552,1.023217684652454,-0.15334230132392745,0.007706882928237627,-0.0014844450776570692,0.13149411397009894,0.13289284050105307,-0.49936847830300873,1.025090428712804,0.0
14.874874874874875,-0.5233332299429341,-0.007179910486450838,1.020150395481617,-0.15336445854186156,0.008353605822807104,0.03233614472802379,0.13178013777437875,0.13270288138012434,-0.49951646733906235,1.0219627991376858,0.0
14.894894894894895,-0.523446005942943,-0.005638800000444443,1.017084087470984,-0.1533154005316353,0.00876928865458398,0.020784141588365546,0.13178376517706325,0.13279330427936203,-0.49964473632029466,1.018831701381983,0.0
14.914914914914915,-0.5235255449379969,-0.003976949752695762,1.0140201323775118,-0.15319775467361502,0.009227218966434636,0.02289651559202528,0.13184866106807158,0.1327729242229869,-0.4997532801828658,1.0156976298823284,0.0
14.934934934934935,-0.5235699357176764,-0.0022195389839767127,1.010959173133321,-0.15304796220954417,0.009061403180743636,-0.008290789285093587,0.13160907909954106,0.13289636369235772,-0.49984209464164997,1.0125610795449427,0.0
14.954954954954955,-0.5235775764603038,-0.000382037131369581,1.0078994698105448,-0.1529851661388085,0.008849643198166042,-0.010587999129461772,0.13152352357064173,0.13282789537303263,-0.4999111761904045,1.0094225456674837,0.0
14.974974974974975,-0.5235489341242254,0.0014321168039160724,1.0048387452591887,-0.15303622756780869,0.0081475264598968,-0.03510583691409126,0.13126007506963042,0.1328895227791349,-0.49996052210190806,1.0062825238608346,0.0
14.994994994994995,-0.5234853682709604,0.0031782926632552095,1.001774018163311,-0.15323635479388828,0.00813167001695488,-0.0007928221477679215,0.13147415478985394,0.1326663369379598,-0.49999013042806856,1.003141509970838,0.0
15.015015015015015,-0.523389248491877,0.004805988954172385,0.9987051812195589,-0.15344184718760534,0.007659050732340436,-0.023630964231445138,0.1313291278254475,0.13281116614973154,-0.5,1.0,0.0
15.035035035035035,-0.5232609901545954,0.006412916864079854,0.9956322364035416,-0.15364724080086534,0.007588838255547937,-0.0035106238403978494,0.13148625443050047,0.1327089813015009,-0.49999013042806856,0.9968584900291622,0.0
15.055055055055055,-0.5231024198842107,0.007928513519233493,0.9925560166848615,-0.15381098593400352,0.007626920479052967,0.0019041111744269772,0.1315975112772703,0.13273011883491811,-0.49996052210190806,0.9937174761391657,0.0
15.075075075075075,-0.5229134388517274,0.009449051624165254,0.98947848909953,-0.15387637926657613,0.006963467451334314,-0.03317265138682258,0.13134352703068805,0.13293062763246707,-0.4999111761904045,0.9905774543325166,0.0
15.095095095095095,-0.5226936519088131,0.01098934714570979,0.9863988618864444,-0.15398136065427714,0.0054330041991501165,-0.0765231626101853,0.13087413192701713,0.13308773745560226,-0.49984209464164997,0.9874389204550575,0.0
15.115115115115115,-0.5224463891725513,0.012363136813094689,0.9833125301066175,-0.1543165889913501,0.004822445116664309,-0.03052795412534552,0.13109379325438866,0.13278931539777442,-0.4997532801828658,0.9843023701176719,0.0
15.135135135135135,-0.5221774281342122,0.01344805191695253,0.9802183713206859,-0.15470793929657634,0.00426567446672074,-0.027838532498319923,0.13113983779834376,0.13284118003027579,-0.4996447363202946,0.9811682986180168,0.0
15.155155155155155,-0.5218895504208939,0.014393885665916118,0.9771178566773006,-0.15502573216926493,0.00449278255054843,0.01135540419016447,0.13153663560959555,0.13274405556928964,-0.49951646733906235,0.9780372008623144,0.0
15.175175175175175,-0.5215845762916237,0.015248706463512701,0.974015442505042,-0.1551207086129269,0.004439348614509513,-0.0026716968032555223,0.1315588057817767,0.13293710577456813,-0.49936847830300873,0.9749095712871961,0.0
15.195195195195195,-0.5212616988568668,0.016143871737843096,0.9709143155205423,-0.15505634922498557,0.004397977429269508,-0.0020685592634059197,0.13162452088542087,0.13299612415435863,-0.4992007750544875,0.9717859037816297,0.0
15.215215215215215,-0.5209210715495657,0.01703136536505742,0.9678163234186558,-0.1548996050943267,0.004246370291317147,-0.00758035689912997,0.13161535408010872,0.13306315889831216,-0.4990133642141358,0.9686666916089237,0.0
15.235235235235235,-0.5205628614212715,0.017910506414711525,0.9647223211594812,-0.1547001129587298,0.0040349445359242385,-0.01057128777127362,0.13159870818013614,0.13309803252693445,-0.4988062531806126,0.9655524273288405,0.0
15.255255255255255,-0.5201876783214728,0.018759154989935554,0.9616325774145323,-0.15448718724744284,0.0038094090861120677,-0.011276772492363337,0.13159020265093588,0.13311597687226584,-0.49857945013030697,0.962443602719811,0.0
15.275275275275275,-0.5197965635389653,0.01955573912537728,0.9585472312370037,-0.154267308876432,0.0039603758073576256,0.007548336060397813,0.13176740023949227,0.13305518631873864,-0.49833296401701493,0.9593407087012791,0.0
15.295295295295295,-0.5193901689313661,0.02031973037995646,0.9554680062700326,-0.15396124834855274,0.0038548740631094204,-0.005275087214433082,0.13170996309137722,0.13316237564423394,-0.4980668045715862,0.9562442352561807,0.0
15.315315315315315,-0.5189683978952488,0.02108855180586536,0.9523956311114615,-0.15361875792855548,0.004521801953136799,0.03334639449922045,0.13208440734602186,0.13301869807381245,-0.49778098230154,0.9531546713535688,0.0
15.335335335335335,-0.5185310858127296,0.02186560412596226,0.949333519206305,-0.15310559525782483,0.004482764247373875,-0.001951885290453384,0.1318853336587409,0.13324785580067786,-0.4974755084906501,0.9500725048713984,0.0
15.355355355355355,-0.5180757913893158,0.02276472117068489,0.9462820948042087,-0.15257122010481733,0.0043891661484706385,-0.0046799049476418594,0.13184226062632176,0.1332434242922129,-0.49715039519849946,0.9469982225194866,0.0
15.375375375375375,-0.517602381368553,0.02367050103814143,0.9432406439855964,-0.15207254093061634,0.0037168164957974152,-0.033617482636354605,0.13154737817341827,0.1333505687064225,-0.4968056552600042,0.9439323097626547,0.0
15.395395395395395,-0.5171110547144862,0.024566332703338915,0.9402063770264376,-0.15171334795793773,0.002434168676714945,-0.06413239095708288,0.13114248766753867,0.13341939035080544,-0.4964413022849068,0.9408752507440686,0.0
15.415415415415415,-0.5166046616381724,0.025319653815686162,0.9371743187055912,-0.15160291604231768,0.0012477241914921893,-0.059322224264391724,0.13098817873889654,0.13331198284662232,-0.49605735065723894,0.9378275282087863,0.0
15.435435435435435,-0.5160887287073225,0.025796646542498667,0.9341406052090816,-0.15168567482548012,0.0010607894880951144,-0.009346735173381214,0.13133980779800106,0.13309332089814874,-0.4956538155347533,0.9347896234275259,0.0
15.455455455455455,-0.5155676206256216,0.02605540408504534,0.9311072168888971,-0.15166941600922648,0.0009014881043010346,-0.007965069193530365,0.131430355715638,0.13320185847291774,-0.4952307128483256,0.9317620161206687,0.0
15.475475475475475,-0.5150423874932577,0.026261656618190365,0.9280771037701057,-0.151505655939571,0.0013563120822729913,0.022741198894485302,0.13179971944891256,0.1331877076828514,-0.4947880593013255,0.9287451843825061,0.0
15.495495495495495,-0.5145135864653971,0.026440051393028824,0.9250555255477528,-0.15107891111763866,0.002001728984717621,0.03227084511782627,0.13204435106148263,0.13328785245524033,-0.494325872368957,0.9257396046057411,0.0
15.515515515515515,-0.5139794367708204,0.026707484728837206,0.9220475791796904,-0.1503973184031242,0.0027402310469465336,0.03692510310673721,0.13223207336270837,0.13337937627905028,-0.4938441702975689,0.9227457514062632,0.0
15.535535535535535,-0.5134371517236301,0.027114252359510253,0.9190573832958957,-0.14950979418973204,0.0030601910914938787,0.015998002222303888,0.13213920342694144,0.13352876633874458,-0.4933429721039341,0.9197640975481979,0.0
15.555555555555555,-0.5128839391650031,0.02766062793135072,0.9160857500510168,-0.14858166224394473,0.0033532421508641296,0.014652552963065906,0.1321376768628949,0.13353283537727803,-0.492822297574499,0.9167951138692534,0.0
15.575575575575575,-0.5123185820083117,0.028267857834568956,0.9131326944169842,-0.14765278170162663,0.003685192607555284,0.016597522828703914,0.13216262518578376,0.13351888025954567,-0.4922821672646027,0.9138392692063709,0.0
15.595595595595595,-0.5117401942748809,0.02891938667154093,0.9101983565580832,-0.1467168929450491,0.004481206099989126,0.03980067461545235,0.13241017499490398,0.13343178551811485,-0.49172260249766486,0.9108970303216873,0.0
15.615615615615615,-0.5111474231402,0.02963855673404668,0.9072850898818805,-0.14566333381013652,0.0053889234472463635,0.045385867356232984,0.13256596156268866,0.13345255522437532,-0.49114362536434436,0.9079688618288306,0.0
15.635635635635635,-0.5105369195902201,0.0305251774989987,0.9043954757535517,-0.14448070641643745,0.005926108264881481,0.026859240874680407,0.13248447579841122,0.13355144995075832,-0.49054525872166704,0.9050552261195497,0.0
15.655655655655655,-0.5099050627665035,0.03159284118582857,0.9015297304301056,-0.14328726617230148,0.006139653851357565,0.010677279316217227,0.13234470488064642,0.13358549345897397,-0.4899275261921235,0.9021565832906995,0.0
15.675675675675675,-0.5092498469765696,0.03276078949669431,0.8986862515562765,-0.14217394369145897,0.006317012370800449,0.008867925964008105,0.13229371495856634,0.13353544129814768,-0.48929045216273603,0.8992733910715842,0.0
15.695695695695695,-0.508570336220669,0.033975537795025636,0.8958635148519338,-0.14113683521712955,0.006245745694250408,-0.003563333836261163,0.13215604643553644,0.1335455065692629,-0.48863406178409674,0.896406104751679,0.0
15.715715715715715,-0.5078660974683958,0.0352119376136608,0.8930596049205646,-0.14019549656846075,0.006448311710658333,0.010128300811012294,0.1322424476761911,0.13344194348959504,-0.48795838096937366,0.8935551771087317,0.0
15.735735735735735,-0.5071375471802115,0.03642751440921646,0.890274250643782,-0.13926771383913053,0.006968117011230263,0.025990265018606157,0.13241896832282407,0.1333755901095859,-0.48726343639328856,0.8907210583372668,0.0
15.755755755755755,-0.5063836104303634,0.03769683749240853,0.8875090607144862,-0.1382594964647872,0.00711637190967003,0.007412744911294844,0.13232614856906916,0.1334824738278325,-0.4865492554910633,0.8879041959774921,0.0
15.775775775775776,-0.5056023224522693,0.03906439890470397,0.8847642098682771,-0.13724254231045502,0.007160455806762906,0.0022041948431838574,0.13228536393506254,0.13348626546033315,-0.485815866457337,0.885105034844628,0.0
15.795795795795796,-0.5047929979125961,0.04046622698365876,0.8820391260150494,-0.13625419266138414,0.006917357814894346,-0.01215489960576833,0.13214926705279717,0.13352726260217676,-0.48506329824505284,0.8823240169586666,0.0
15.815815815815816,-0.5039557216227388,0.04186381449286285,0.8793323797811354,-0.13533731169570043,0.006912209612054502,-0.00025741015522449777,0.13222129962178167,0.13344082528235293,-0.48429158056431554,0.8795615814745711,0.0
15.835835835835836,-0.5030910949601567,0.04323133312910413,0.87664374672553,-0.1344316527802724,0.006372676031063959,-0.026976679063850574,0.13199339609333074,0.13356362792767743,-0.48350074388121755,0.8768181646129272,0.0
15.855855855855856,-0.5021995019652071,0.04457964974747983,0.8739716524591906,-0.13360471331697,0.006139508163420456,-0.011658393397604386,0.13207132575119565,0.1334622317631741,-0.482690819416637,0.87409419959106,0.0
15.875875875875876,-0.5012830932970903,0.0458204334058425,0.8713157475545624,-0.13279524523140845,0.006074434323701178,-0.0032536920025381614,0.1321587225997651,0.13344181827981733,-0.48186183914500486,0.8713901165546234,0.0
15.895895895895896,-0.5003426472946717,0.04702230012093145,0.8686770145202523,-0.1319366517155063,0.005833189785877051,-0.012062226909066597,0.13211806536495796,0.13351582681710877,-0.4810138357930429,0.8687063425096759,0.0
15.915915915915916,-0.49937852499450414,0.04820611500837926,0.8660559324662123,-0.13105410270199763,0.005655984820769327,-0.008860248274614967,0.1321542149344048,0.13351738655496578,-0.48014684283847153,0.8660433012552509,0.0
15.935935935935936,-0.49839154910158606,0.04934879464590463,0.8634530486982016,-0.13014418840053082,0.005276661480810788,-0.018966167018709464,0.1320778293914938,0.13358428676828613,-0.47926089450868803,0.8634014133164329,0.0
15.955955955955956,-0.49738264436194185,0.05044523698221183,0.86086820916763,-0.12924197652858152,0.005156983330601022,-0.005983907532857508,0.13218308732764283,0.13353508383874033,-0.4783560257794152,0.8607810958779529,0.0
15.975975975975976,-0.4963532461612054,0.05146991003682295,0.858302235096504,-0.12829870355629472,0.005055218680947914,-0.005088232506729382,0.13222384449660607,0.1335668966061896,-0.47743227237332153,0.858182762718311,0.0
15.995995995995996,-0.4953039695315915,0.052463831480695555,0.8557561858256975,-0.12730246354032773,0.005184550751314077,0.00646660349250535,0.13236278705175092,0.13355020573036136,-0.4764896707586094,0.855606824144433,0.0
16.016016016016017,-0.4942350174667898,0.05344760324008304,0.85323185525365,-0.12621652860237498,0.005082481012365926,-0.0051034869751718625,0.1323157672478731,0.1336447854616736,-0.4755282581475768,0.8530536869268818,0.0
16.036036036036037,-0.4931460075693061,0.05445049487418604,0.8507299243288636,-0.12509654623931526,0.005052514143411708,-0.001498343477548735,0.13236112956948937,0.13364285910007492,-0.4745480724951474,0.8505237542356205,0.0
16.056056056056057,-0.49203739370327665,0.05543069330147299,0.8482510169594231,-0.12394536847202668,0.005120825219970774,0.003415553795945679,0.13242867541219608,0.13363954059498406,-0.47354915249737217,0.8480174255763486,0.0
16.076076076076077,-0.49090933207469895,0.05640308142888497,0.8457960630119753,-0.12274769737238979,0.005275358764462244,0.007726677190300948,0.13250422802864753,0.13364421393129192,-0.4725315375899025,0.8455350967274166,0.0
16.096096096096097,-0.48976181726605067,0.05737574043241302,0.8433662265155366,-0.12149182482193704,0.005874390933838616,0.02995160843244135,0.13275470135175338,0.13357073955393073,-0.4714952679464322,0.8430771596773249,0.0
16.116116116116117,-0.4885940486319039,0.05838843170733798,0.8409641022500876,-0.12010621327245397,0.006343382810155852,0.02344959377721589,0.13279779648996673,0.1336439099084404,-0.47044038447711267,0.8406440025628273,0.0
16.136136136136138,-0.48740336580839383,0.05953414117550539,0.8385913727525747,-0.11863647487564517,0.0062150625329583965,-0.006416013901340126,0.13258574552053443,0.13378860173587873,-0.46936692882693704,0.8382360096076389,0.0
16.156156156156158,-0.4861886511358764,0.06073573362587125,0.8362470006264073,-0.11721860630836567,0.006922668773642719,0.035380311990436925,0.13292829343580745,0.13355468110536023,-0.4682749433740962,0.835853561061761,0.0
16.176176176176178,-0.48494966693750685,0.06194920991847787,0.8339325712709736,-0.11572146777168506,0.006786839111493396,-0.0067914831543539195,0.13264715675300262,0.13377526619435587,-0.467164471228306,0.833497033141437,0.0
16.196196196196198,-0.4836836320273148,0.0633017455096021,0.831647140774528,-0.11427152482228366,0.006189037599184514,-0.029890075666096798,0.13240252657296628,0.13383831111926395,-0.46603555622910553,0.8311667979697439,0.0
16.216216216216218,-0.48239162158062054,0.06460052233471368,0.8293879953324204,-0.11295727210538165,0.006176603454511547,-0.0006217072877926118,0.13257391295177223,0.13364038769985795,-0.4648882429441258,0.828863223517828,0.0
16.236236236236238,-0.48107522287197924,0.06581993543206602,0.8271547324152257,-0.11166314585972806,0.005181920958707855,-0.04973412484915786,0.13215824493822032,0.13388157256099348,-0.46372257666733085,0.826586673546799,0.0
16.256256256256258,-0.4797347520748603,0.0670235398559465,0.8249447431339203,-0.11049946406527499,0.004102588777320967,-0.05396660913377567,0.1320010195898019,0.13385063376230905,-0.46253860341722897,0.8243375075502876,0.0
16.276276276276278,-0.47837454635757704,0.06801028586416447,0.8227552404676919,-0.10947513331142215,0.0036498896213546686,-0.02263495786802064,0.13217791633222623,0.13368050897843672,-0.4613363699350574,0.8221160806976786,0.0
16.296296296296298,-0.4769991093529941,0.06877185022914534,0.8205863253428625,-0.10844575624146871,0.003921856165062183,0.013598327110908151,0.13252692541595062,0.1335691986994371,-0.4601159236829351,0.8199227437780231,0.0
16.316316316316318,-0.4756098953570873,0.06946069979533905,0.8184415067081492,-0.10724093173566097,0.004030081654763515,0.0054112744052964325,0.13257268961445554,0.13370378065736493,-0.4588773128419905,0.8177578431446471,0.0
16.336336336336338,-0.47420622884986335,0.07018332536119846,0.8163234294235654,-0.10590386422918846,0.004672413702479975,0.03211660230126938,0.13288752226206996,0.13364222971294681,-0.4576205863104588,0.8156217206604566,0.0
16.356356356356358,-0.47278709070284797,0.07095690735077023,0.8142358187321475,-0.10438053457089799,0.00462049447998265,-0.0025959612155723386,0.1326920542836522,0.13386455027404146,-0.45634579370175155,0.8135147136439547,0.0
16.376376376376378,-0.4713505073158323,0.07182916935078387,0.8121790325472937,-0.1028393092426884,0.005078529213049545,0.02290173655701459,0.13292249475796292,0.13374386998957574,-0.4550529853424979,0.8114371548159741,0.0
16.396396396396398,-0.46989675089688643,0.07268782094729162,0.8101546688353156,-0.10121818559890561,0.005860058926423689,0.03907648556718322,0.13313650162876656,0.1336910075115104,-0.45374221227055855,0.8093893722471381,0.0
16.416416416416418,-0.46842360995883414,0.07365704690261372,0.8081650755840752,-0.0994796625620167,0.006120344307122875,0.013014268927076748,0.1330016617105473,0.13383669552147995,-0.45241352623300995,0.807371689306053,0.0
16.436436436436438,-0.46692790411601054,0.07478529214118072,0.8062103639970034,-0.09773557935358936,0.005920528445420383,-0.009990793200703816,0.13280800901076226,0.13392078808921223,-0.4510669796841013,0.805384424608244,0.0
16.456456456456458,-0.4654086602171979,0.07596219494063142,0.8042888723503794,-0.09607458233120181,0.005526979625548033,-0.019677441117921718,0.13267326541024066,0.13391861366976268,-0.4497026257831855,0.8034278919658453,0.0
16.476476476476478,-0.46386677908293067,0.07709405671336055,0.8023985462670455,-0.09451630416668996,0.005170745867110622,-0.017811688055521798,0.13263234230700147,0.133869652837413,-0.448320518392618,0.8015024003380413,0.0
16.496496496496498,-0.4623036987896509,0.07815401466399041,0.8005380342982944,-0.09302559843755784,0.004625888094729472,-0.027242888763380574,0.13251635524397612,0.13389933952489733,-0.44692071207563183,0.7996082537822808,0.0
16.516516516516518,-0.4607209123533055,0.07913932181727117,0.7987060379965653,-0.09159981508645854,0.00410680695544204,-0.025954057120285784,0.13248240866175393,0.13388258631517339,-0.445503262094184,0.7977457514062631,0.0
16.536536536536538,-0.4591208916205259,0.08000103663898048,0.7969017905573075,-0.09021237196288617,0.0040930255657438104,-0.0006890696518296602,0.13267879448305098,0.1337693089588134,-0.4440682244067724,0.7959151873207042,0.0
16.556556556556558,-0.45750534189916575,0.08077748606800725,0.7951265065764973,-0.08876419904050994,0.003795524453999695,-0.014875055766943595,0.1325982678986031,0.13387926122922528,-0.4426156556662276,0.7941168505928932,0.0
16.576576576576578,-0.45587440074491636,0.08154705771246977,0.7933805954519174,-0.08729555622899424,0.0034795040314272514,-0.01580102132234631,0.13259101902663797,0.13390538423941784,-0.44114561321747675,0.7923510252010469,0.0
16.596596596596598,-0.45422865309389193,0.08228738255122124,0.7916643143328884,-0.0858140559514492,0.0022535640531646662,-0.06129699912588342,0.13217272402569086,0.1341338566992907,-0.4396581550952781,0.7906179899894645,0.0
16.616616616616618,-0.4525696239952003,0.08295145493458347,0.789974828274752,-0.08447430290682419,0.0010295966182942554,-0.06119837197769739,0.13203466979389053,0.13409842108735406,-0.4381533400219317,0.7889180186244961,0.0
16.636636636636638,-0.45090230946287424,0.08336572661630129,0.7883095562694904,-0.08326360026307954,0.00010989344169184976,-0.045985159087074325,0.13204660429633763,0.13401421854554574,-0.4366312274049601,0.787251379551327,0.0
16.656656656656658,-0.4492317276129709,0.08352909249516692,0.7866674131804868,-0.0821071544501798,-0.0002992130522911206,-0.020455324979071217,0.1322228378526074,0.13393594176009505,-0.4350918773347629,0.785618335951587,0.0
16.676676676676678,-0.44756165922397445,0.08350341944982234,0.7850498306844156,-0.08087912480356034,-0.00016619869533038864,0.006650717545674388,0.13250114068955235,0.13390145999107406,-0.43353535058224496,0.7840191457017911,0.0
16.696696696696698,-0.4458936206373818,0.08340192932963346,0.7834603977089213,-0.07947164877471474,0.00011423934389848489,0.014021901635534644,0.13266084630931438,0.13397578057721485,-0.4319617085964177,0.7824540613326186,0.0
16.716716716716718,-0.4442273050616145,0.08331577878836462,0.7819025549605213,-0.07789213742000095,0.0008092800906288815,0.0347520369879046,0.1329476575311379,0.13398179664531917,-0.430371013501972,0.7809233299890341,0.0
16.736736736736738,-0.4425614638578447,0.08329206018849214,0.7803806110371536,-0.07609719616838508,0.001488165938352719,0.033944292013450554,0.13305675607909462,0.13406844116777938,-0.4287633280968264,0.7794271933912619,0.0
16.756756756756758,-0.44089311176049095,0.08341760486768597,0.7788974310668386,-0.07415899851575063,0.0017849665026206133,0.01484002781226509,0.1329582676075389,0.13419552296093704,-0.42713871584964747,0.7779658877966138,0.0
16.776776776776778,-0.4392198100929566,0.08366508337671869,0.7774533996288155,-0.07220157190115611,0.002255188258293525,0.023511087353481768,0.1330504280128741,0.13416175583612847,-0.4254972408973459,0.7765396439621841,0.0
16.796796796796798,-0.4375403898892687,0.08397101018439539,0.7760493437954624,-0.07020279166765678,0.002805964815457523,0.027538827397865756,0.13311657802026686,0.13414925043458772,-0.42383896804254145,0.7751486871084071,0.0
16.816816816816818,-0.4358530418071216,0.08436740410735513,0.7746860178330125,-0.06816629812249701,0.0034504502228548573,0.03222426987856378,0.1331990104726801,0.1341345450581714,-0.4221639627510075,0.7737932368834951,0.0
16.836836836836838,-0.43415588575085595,0.08485780281328172,0.773364382356304,-0.06608177383542385,0.004557071980425435,0.055331087359609454,0.13346446673407675,0.13403937955989492,-0.42047229114908463,0.7724735073287511,0.0
16.856856856856858,-0.43244605330901315,0.08549162209213952,0.7720869142582781,-0.063873404901295,0.005368051418645712,0.0405489713610469,0.13342700910926206,0.1341163967182548,-0.41876402002107105,0.7711897068447707,0.0
16.876876876876878,-0.43071890854171385,0.0863572383649636,0.7708541420532746,-0.06163861025017563,0.0055925596851205605,0.011225412735091454,0.13320124182578616,0.13422210808116108,-0.4170392168065856,0.7699420381585325,0.0
16.896896896896898,-0.4289718549540229,0.08735267938454816,0.769664231025976,-0.059495551364930226,0.006380931909082617,0.039418610575863516,0.13342170258205316,0.13403118653695445,-0.41529794959790645,0.7687306982913855,0.0
16.916916916916918,-0.42720317816877734,0.08843383926227814,0.7685175755964084,-0.05733277147837909,0.0061578270430742545,-0.011155243970716516,0.13301197716906618,0.1342382146328546,-0.4135402871372812,0.7675558785279373,0.0
16.936936936936938,-0.4254103045433698,0.08964368127037685,0.7674111156675955,-0.05532299644064615,0.006178828334000009,0.0010500638279465693,0.13304326901432306,0.13410778208308757,-0.41176629881421356,0.766417764385847,0.0
16.956956956956958,-0.4235938394306413,0.090823255636426,0.7663433524625545,-0.05338816025204772,0.005859092864282352,-0.015986774260930762,0.13286321772837298,0.13414617951814198,-0.40997605466272613,0.7653165355865315,0.0
16.976976976976978,-0.42175378092881366,0.09200292509138054,0.7653121527248714,-0.05155998688415473,0.005445325400354198,-0.020688374034497352,0.13276805629018387,0.13412919628444298,-0.4081696253585921,0.7642523660267839,0.0
16.996996996996998,-0.4198912590027517,0.09312609630309714,0.7643158304538218,-0.04981611355248335,0.004757306423692838,-0.03440094974500003,0.13259446975028766,0.13416667459511078,-0.4063470822165469,0.7632254237513139,0.0
17.017017017017018,-0.41800849423638475,0.0941382383183478,0.7633523477812283,-0.048174133629673724,0.004781764722891705,0.0012229139808010991,0.13284699406247463,0.13398082199897418,-0.4045084971874738,0.7622358709262116,0.0
17.037037037037038,-0.41610788206063015,0.09503060878773072,0.7624226773538582,-0.04648352136850819,0.004671964523691546,-0.0054900110142610285,0.1328286998006945,0.13404697428381934,-0.40265394285556116,0.7612838638133393,0.0
17.057057057057058,-0.41418924425701464,0.09593189018077627,0.7615274978307579,-0.04475897615501433,0.004358627846436774,-0.015666835002694918,0.13275937118114192,0.13412064961334177,-0.4007834924354383,0.760369552745656,0.0
17.077077077077078,-0.41225287679183176,0.09681837325914504,0.7606668451970603,-0.04303263168487801,0.0037316809517558306,-0.03134734597520873,0.1326032912647403,0.1342006407187826,-0.39889721976928566,0.7594930821034785,0.0
17.097097097097098,-0.41030031192075966,0.09762824355360557,0.7598395673328371,-0.04136389321116165,0.003381827948368474,-0.017492651514829132,0.1326739699545061,0.13413179295181993,-0.39699519932391764,0.7586545902916816,0.0
17.117117117117118,-0.40833399345765226,0.09831592315537063,0.7590456719101562,-0.039694771134045355,0.003127055693707092,-0.012738614190162074,0.13270704460441518,0.13413028234013485,-0.39507750618784504,0.7578542097178421,0.0
17.137137137137138,-0.4063554758354635,0.09892588110943795,0.7582856019208991,-0.03800349946285314,0.0031764225554398295,0.002468341517095296,0.13285494119476873,0.13409480098687165,-0.3931442160683094,0.7570920667713315,0.0
17.157157157157158,-0.40436585673601805,0.09948095497227226,0.7575609960841644,-0.0362302918367364,0.0035081670492459697,0.016587223008967006,0.1330313323562745,0.13407846081988778,-0.39119540528829416,0.7563682818033557,0.0
17.177177177177178,-0.4023649766478585,0.10004400440797832,0.7568741934616169,-0.03434013112737494,0.004017634154858387,0.02547335348705028,0.13318700840145092,0.13408868953514586,-0.38923115078351167,0.7556829691079516,0.0
17.197197197197198,-0.40035135336176936,0.10068116430445707,0.7562276139995886,-0.0323289731014127,0.004339857952689957,0.01611118797314673,0.13317932094911678,0.1341679893355435,-0.38725153009936697,0.7550362369039383,0.0
17.217217217217218,-0.3983226926816795,0.10143303400449193,0.7556222754248858,-0.030266928735138445,0.004131356408103601,-0.010425079301953341,0.13297094583966396,0.13429422591182766,-0.3852566213878948,0.7544281873178279,0.0
17.237237237237238,-0.3962779052912699,0.10223936952048343,0.7550569191195479,-0.028267815266895868,0.003906341072800064,-0.011250769005710965,0.13291939377326556,0.13426834938894597,-0.38324650340467525,0.7538589163676988,0.0
17.25725725725726,-0.39421818650946044,0.10298593909047157,0.7545303662289257,-0.02632764453110911,0.004196411935932078,0.014503540758744512,0.13311734661835356,0.13413077476172977,-0.3812212555057238,0.7533285139480329,0.0
17.27727727727728,-0.3921444203593923,0.10368830750340842,0.7540434805759093,-0.02434428265081837,0.004708761407195765,0.025617471010183586,0.13326153521445508,0.13409729360292946,-0.3791809576443609,0.7528370638155215,0.0
17.2972972972973,-0.3900549344299374,0.1044742964727444,0.7535978625779984,-0.022280899895542546,0.0045309097043536,-0.008892587895760362,0.13301295267876276,0.13427452994501105,-0.3771256903680517,0.7523846435758372,0.0
17.31731731731732,-0.3879482307106456,0.10533518596458774,0.7531924098125492,-0.020272638272463454,0.004748855878872005,0.01089730577993003,0.13315999128948597,0.134159441849472,-0.37505553481522974,0.7519713246713805,0.0
17.33733733733734,-0.38582445744654703,0.10618866320492946,0.7528275634485733,-0.018242318198794336,0.0043251417682169,-0.02118570872481346,0.13288717773852896,0.1343015243431056,-0.37297057271209116,0.7515971723699979,0.0
17.35735735735736,-0.38368314895534994,0.10706542455985571,0.752501346915702,-0.01631082664356228,0.0041334562512927876,-0.009584279290309479,0.13293253474177583,0.1342170355122507,-0.3708708863693698,0.7512622457546749,0.0
17.37737737737738,-0.38152602704465305,0.10785609553484377,0.7522131540095227,-0.014409645308964396,0.004107294713467689,-0.0013080805961350368,0.1329863553564954,0.1341691519312706,-0.368756558679087,0.7509665977142068,0.0
17.3973973973974,-0.379354020299072,0.10860033727905252,0.7519630422988163,-0.012505585535319982,0.004390927949279055,0.014181657830541093,0.13313891677430675,0.1341083252058948,-0.3666276731112802,0.7507102749348465,0.0
17.41741741741742,-0.37716695749655316,0.10935314012594337,0.7517523375518007,-0.010535237350779637,0.004402815021770444,0.0005943493710238897,0.13306529058535957,0.13419281984593132,-0.36448431371070544,0.750493317892932,0.0
17.43743743743744,-0.3749636062034523,0.11016756465504193,0.751581161128581,-0.00855882116098587,0.004091523564362084,-0.015564577468612173,0.13292566228241123,0.134267633287822,-0.3623265650935232,0.7503157608484956,0.0
17.45745745745746,-0.37274406995114834,0.11097681261519943,0.7514485176020583,-0.0066321763261317345,0.00381870727556579,-0.013640819408731457,0.13290369634823385,0.1342397964209087,-0.3601545124439534,0.7501776318398526,0.0
17.47747747747748,-0.37050979531356315,0.11171373187925934,0.7513536402313514,-0.00474386853534275,0.003863528346860968,0.0022410482274556366,0.133020501072347,0.13415824369033108,-0.3579682415109157,0.750078952679175,0.0
17.4974974974975,-0.36826194743428553,0.11239239396387969,0.7512970220112293,-0.002830911006108027,0.004173180420596223,0.01548259798558799,0.13316292280920372,0.134113020675468,-0.3557678386046426,0.7500197389490459,0.0
17.51751751751752,-0.36599999227288876,0.1130977580698375,0.7512800682283787,-0.0008476891425274811,0.004069615847156289,-0.005178234809403971,0.13302776537593733,0.1342312176238406,-0.35355339059327384,0.75,0.0
17.53753753753754,-0.3637229837610748,0.11385042559069858,0.7513024874013363,0.0011209586478845685,0.004140144139286708,0.0035264080236372675,0.13309837537147856,0.1341862876023014,-0.3513249848994248,0.7500197389490459,0.0
17.55755755755756,-0.3614308150413619,0.11460843598564807,0.7513646265862369,0.0031069592450322548,0.003524029101779593,-0.030805759035170903,0.13279541126104288,0.1343423668327988,-0.34908270949673637,0.750078952679175,0.0
17.57757757757758,-0.3591234125766191,0.11537012323713924,0.7514642731492646,0.004982328151379835,0.002852322448800245,-0.03358534045233363,0.13269102969251098,0.13432314196923212,-0.3468266529064027,0.7501776318398526,0.0
17.5975975975976,-0.3568034138799274,0.11599993483458348,0.7515995717268248,0.006764928878011257,0.002450457048999062,-0.020093278460034357,0.13273435474157017,0.13423746646934187,-0.34455690419367424,0.7503157608484956,0.0
17.61761761761762,-0.35447367649380734,0.11648686930600427,0.7517698714851715,0.008514987917336313,0.0024845373476612437,0.0017040058105464821,0.13290821272267894,0.1341501273378385,-0.34227355296434414,0.7504933178929322,0.0
17.63763763763764,-0.3521355928911792,0.11690418013140917,0.7519764270584911,0.010327778665978731,0.002449844164931909,-0.0017346689776320647,0.13291267108072713,0.13420434492709357,-0.33997668936120956,0.7507102749348465,0.0
17.65765765765766,-0.34978909327080676,0.11732498101862203,0.7522200748989875,0.012182392024815086,0.002471055255779859,0.0010605439359312025,0.13295950764220615,0.13422138767831537,-0.33766640406051235,0.7509665977142068,0.0
17.67767767767768,-0.34743422215277875,0.11774355590139991,0.7525017284296124,0.014082676531244643,0.0023802145777304163,-0.004542045360857132,0.1329239548286576,0.13426648543026698,-0.33534278826835995,0.7512622457546749,0.0
17.6976976976977,-0.3450710316848864,0.1181595233946184,0.7528214947170153,0.015988314370145185,0.0024269615547933233,0.0023373365048529353,0.13298357522510984,0.13424545512062322,-0.3330059337171259,0.7515971723699979,0.0
17.71771771771772,-0.34269983149033084,0.1185600097277791,0.753179912063095,0.01792086730398351,0.0024631057637377373,0.001807197135854873,0.13298800972468428,0.13425960440426785,-0.33065593266182614,0.7519713246713805,0.0
17.73773773773774,-0.34032046875930594,0.11896813655124465,0.7535772205368173,0.01986542368611842,0.002531502088101791,0.00341980187709266,0.13300865119054037,0.13426136929822086,-0.3282928778764786,0.7523846435758371,0.0
17.75775775775776,-0.33793231916213806,0.1194074798583931,0.7540137166638163,0.021824806349953332,0.001905719931270185,-0.03128912350758626,0.13268782645472432,0.1344159165241952,-0.32591686265043923,0.7528370638155215,0.0
17.77777777777778,-0.3355357170000074,0.11983010810653463,0.7544869010038995,0.02365921700415672,0.0018229245536599975,-0.004139785831078369,0.13285194277919488,0.13426756964556907,-0.32352798078472217,0.753328513948033,0.0
17.7977977977978,-0.33313301194337663,0.12013525283153811,0.7549969794708553,0.025503923347789306,0.0018354497579053553,0.0006262418952932445,0.13288578632118767,0.13425317571984116,-0.321126326588292,0.7538589163676988,0.0
17.81781781781782,-0.33072416355222184,0.12044241955774021,0.755544207423049,0.027361397609681648,0.0013588784657387102,-0.023828584597636124,0.13266337809822687,0.13437528092325693,-0.3187119948743448,0.7544281873178278,0.0
17.83783783783784,-0.32830944878607676,0.12073573830725515,0.7561270651251958,0.029142885107341997,0.0011298859628191776,-0.011449646878250152,0.13271831301579276,0.13431234033146544,-0.3162850809565623,0.7550362369039383,0.0
17.85785785785786,-0.32589080672885146,0.12093210286126592,0.7567454046379131,0.030916975635865627,0.0011215442360221685,-0.00041710988732991845,0.13279606775989788,0.13427284011842552,-0.3138456806453505,0.7556829691079515,0.0
17.87787787787788,-0.3234692780549434,0.12107643369540294,0.7573997616036925,0.03271784828897143,0.001429737159975819,0.015409620826968408,0.13295914089902855,0.1342361412771589,-0.31139389024405634,0.7563682818033557,0.0
17.8978978978979,-0.32104484721245397,0.12122154212447263,0.7580919755455663,0.03461069709368719,0.001820292055576438,0.019527717494016522,0.1330494629728024,0.13426031396850732,-0.3089298065451674,0.7570920667713315,0.0
17.91791791791792,-0.3186164240047021,0.12142116038759365,0.7588237066807829,0.03658655676083033,0.0024269745044508528,0.030334093235734546,0.13320493508770448,0.13424931202244644,-0.3064535268264879,0.7578542097178423,0.0
17.93793793793794,-0.3161822335191486,0.12170952427767502,0.7595970567527075,0.03866750359622699,0.0027799560290960082,0.01764904484453259,0.13314785275809995,0.13432648073155767,-0.3039651488473025,0.7586545902916816,0.0
17.95795795795796,-0.31373992365287356,0.12211549331375145,0.7604122801613379,0.04076117043151844,0.0030524311430214055,0.013623721936418018,0.13312602050131278,0.13433813547309362,-0.30146477084451234,0.7594930821034785,0.0
17.97797797797798,-0.3112880749205753,0.12259243661491293,0.761269184034634,0.04284519366480462,0.003225367667318346,0.008646789852220109,0.13307589456568322,0.13433900357864428,-0.2989524915287596,0.760369552745656,0.0
17.997997997998,-0.3088258393041519,0.1231117808211708,0.7621669970715068,0.04489065184364488,0.003659360310203982,0.02169959319309634,0.133186075805976,0.1342600271848584,-0.29642841008052956,0.7612838638133392,0.0
18.01801801801802,-0.306352245818864,0.12367967426439704,0.7631061415881256,0.046957225830942445,0.0037667678473495354,0.005370334902656832,0.1330560024347666,0.13431945776834364,-0.2938926261462367,0.7622358709262116,0.0
18.03803803803804,-0.303865722284317,0.12432617672734973,0.7640855267705924,0.04896925912333898,0.0038904517408183763,0.006184149517078975,0.1330450680193202,0.1342882223749091,-0.2913452398342883,0.7632254237513139,0.0
18.05805805805806,-0.3013656434502576,0.12500394170296922,0.7651044888106848,0.05094810200462414,0.003693826633529088,-0.00983130425446743,0.13287850573607235,0.13432929144605835,-0.28878635171113387,0.7642523660267838,0.0
18.07807807807808,-0.29885149206415523,0.12570756930511978,0.7661611296806107,0.05283204349628988,0.003268210348975835,-0.021280867404590176,0.13271716444378776,0.13433935866203758,-0.28621606279729567,0.7653165355865313,0.0
18.0980980980981,-0.29632429131178395,0.12636003761856487,0.767253175876343,0.05460230978661822,0.0030755536299171024,-0.009632893570642311,0.1327512949807843,0.1342492370957253,-0.28363447456337826,0.766417764385847,0.0
18.11811811811812,-0.2937854615420366,0.12694148848736786,0.7683797704468178,0.05632972852373979,0.0025993246562047625,-0.023811511480852747,0.13258720714539007,0.13429713434475882,-0.2810416889260651,0.7675558785279373,0.0
18.13813813813814,-0.29123604398223923,0.12747087798986878,0.7695391619240767,0.057969573862944095,0.0023936261765417815,-0.010284992124846718,0.1326568348781977,0.1342248873328295,-0.278437808244094,0.7687306982913855,0.0
18.15815815815816,-0.288677978422844,0.1279032779697614,0.7707312858904957,0.05960619832094836,0.002409493414680341,0.000793288232974438,0.13274882282221503,0.13418838248960538,-0.27582293531421526,0.7699420381585323,0.0
18.17817817817818,-0.2861122009499812,0.12828887364314034,0.7719569354616023,0.061282478555329825,0.0027127878357385148,0.015164641820955838,0.13291038921354917,0.13415886039642094,-0.27319717336713445,0.7711897068447706,0.0
18.1981981981982,-0.28353807917852664,0.12870608857272858,0.7732180350399418,0.06305497891697619,0.0022942376476828043,-0.020927595739090636,0.13261740477697748,0.13434087216611343,-0.270560626063438,0.7724735073287511,0.0
18.21821821821822,-0.2809547192859902,0.12916799462682174,0.7745129039641708,0.06474344621145152,0.0019666358408102474,-0.016380184317868463,0.13259945918945673,0.1343011618326588,-0.26791339748949855,0.773793236883495,0.0
18.23823823823824,-0.2783639770653252,0.12953711103325008,0.7758406601209141,0.06638780783716611,0.001990601903769544,0.0011982014507973641,0.13271913911038344,0.13421548633113162,-0.2652555921533674,0.775148687108407,0.0
18.25825825825826,-0.2757670903962566,0.12984433345343008,0.777201778781802,0.06805593304439429,0.002101845668190092,0.0055620783241141876,0.1327737555984292,0.13421795258782493,-0.2625873149806477,0.7765396439621841,0.0
18.27827827827828,-0.2731638948391626,0.13015977785469923,0.7785970737139425,0.06976474660702757,0.0021430298495234536,0.002059090164789705,0.13276297545719112,0.13425516972354312,-0.2599086713103547,0.7779658877966139,0.0
18.2982982982983,-0.2705540454575976,0.13049246907824918,0.7800269031150243,0.07149147005409122,0.0022823248025333025,0.006964619238264931,0.13281523207350512,0.13424552646873697,-0.257219766890753,0.7794271933912618,0.0
18.31831831831832,-0.26793720886423916,0.13084182966792218,0.7814918649564522,0.07324809207139514,0.0022009881528905514,-0.004066971705401267,0.13271886048745396,0.13429674641377068,-0.2545207078751856,0.7809233299890341,0.0
18.33833833833834,-0.2653127521556125,0.1312228354313321,0.7829912554560314,0.07496952497896041,0.001875776341287488,-0.01626074222053931,0.13257285054413187,0.1343321520118428,-0.2518116008178805,0.7824540613326185,0.0
18.35835835835836,-0.2626816375396392,0.13155573079866578,0.7845234036603482,0.07660741021584243,0.0023964543971424766,0.026033740048700196,0.13292722526155387,0.13414329289449536,-0.2490925526697457,0.784019145701791,0.0
18.37837837837838,-0.2600448391011734,0.13183992192329116,0.7860907327367046,0.07836645381782037,0.002848935707919761,0.02262389079043257,0.13296715709705603,0.13419559341375112,-0.24636367077414584,0.7856183359515869,0.0
18.3983983983984,-0.25740041738240094,0.13222108593862233,0.787694570820976,0.08019190421357032,0.00341735259261036,0.028420657168242942,0.13308113973683083,0.1341984124020621,-0.24362506286266639,0.787251379551327,0.0
18.41841841841842,-0.2547466905092309,0.13268634365850412,0.7893366082811514,0.08210187300876458,0.00416922342717245,0.03759334240100791,0.13322569115618865,0.1341723833668522,-0.24087683705085727,0.7889180186244964,0.0
18.43843843843844,-0.2520815245592395,0.13325829749956875,0.7910185568137025,0.08409742662755398,0.005135787390944973,0.04832798702879937,0.13339746158757468,0.13413253866301678,-0.23811910183396937,0.7906179899894648,0.0
18.45845845845846,-0.2494016583237126,0.1339933117763436,0.7927423205598612,0.08618818730793325,0.005706323273430638,0.028526569303296317,0.1332895964261644,0.13420740926222852,-0.23535196608266626,0.7923510252010468,0.0
18.47847847847848,-0.2467034891037897,0.13490846099614612,0.7945073517541629,0.08825155971508467,0.006343605915931214,0.031863893514512937,0.1333309171152828,0.13414155349438062,-0.23257553903872932,0.794116850592893,0.0
18.4984984984985,-0.24398473089963155,0.13593791020790724,0.7963132337057276,0.09029409757823785,0.006886478863040742,0.02714339418037392,0.1333017014460098,0.13410518854777723,-0.22978993031074385,0.7959151873207041,0.0
18.51851851851852,-0.2412425273018488,0.137110179889137,0.7981589388253023,0.09228525597873632,0.006773472219796497,-0.005650603676985916,0.13300442239746732,0.1341880893452848,-0.22699524986977349,0.7977457514062631,0.0
18.53853853853854,-0.23847475815824384,0.13838845718024848,0.8000412368413428,0.09411490080202121,0.0062787708704785065,-0.024735360572579503,0.13275158400188627,0.1341791195263888,-0.2241916080450164,0.7996082537822806,0.0
18.55855855855856,-0.23568222514799236,0.13962665051257375,0.8019562149901833,0.09574890744202937,0.006056916712076158,-0.011093022695130373,0.13276526619999643,0.1340208965562784,-0.22137911551945083,0.8015024003380411,0.0
18.57857857857858,-0.23286648329439494,0.14078709267987063,0.8039017112201478,0.0972748114982194,0.00528414734339937,-0.0386388099776252,0.13247205568052822,0.13409854234994567,-0.2185578833254667,0.8034278919658451,0.0
18.5985985985986,-0.23002851858589266,0.14189823542511404,0.8058745060447601,0.09863974123061804,0.004352977092237682,-0.04655888447332877,0.1322991958149285,0.13407552494829392,-0.21572802284047948,0.8053844246082441,0.0
18.61861861861862,-0.22717189549545352,0.14283115452195655,0.8078716866584846,0.09985903068622656,0.004114433144815511,-0.011927597585856362,0.13251255813925927,0.13387402540029053,-0.2128896457825361,0.8073716893060529,0.0
18.63863863863864,-0.22429972373923623,0.1436085878108651,0.8098934212704514,0.10108673059833663,0.003322695822307897,-0.03958730133748491,0.132271109697802,0.13401667705611275,-0.2100428642059031,0.809389372247138,0.0
18.65865865865866,-0.22141324907316942,0.1443237333033413,0.8119382249611163,0.1022401845332504,0.002719653789017371,-0.030152573706485684,0.1322975246935753,0.13396783723214056,-0.2071877904966422,0.811437154815974,0.0
18.67867867867868,-0.21851541652087214,0.14489162761486424,0.8140057533590648,0.10337641989742215,0.0019351783058170857,-0.03922428828637867,0.13217478651627015,0.1340116160058803,-0.20432453736817444,0.8135147136439546,0.0
18.6986986986987,-0.21560875255233422,0.14533319842689588,0.8160948206067522,0.10445336238436932,0.0013046274179353862,-0.031528103442489665,0.13218695241605585,0.13398007238697957,-0.20145321785683143,0.8156217206604565,0.0
18.71871871871872,-0.21269655652386715,0.14560980142335342,0.8182051248486167,0.10551521209322744,0.001095696215786607,-0.01044716409557788,0.13235087953777583,0.13390892124260384,-0.1985739453173906,0.817757843144647,0.0
18.73873873873874,-0.20978129005460958,0.1457633234628795,0.8203380230761368,0.10664491137600164,0.0010696025774533375,-0.0013053326556463091,0.13246412986772826,0.13391871107386707,-0.19568683341860166,0.819922743778023,0.0
18.75875875875876,-0.20686362598536545,0.14588320346220662,0.8224953163838457,0.10786466538544556,0.0008967902573616632,-0.008641319029284403,0.13243450397184406,0.13399702499665272,-0.19279199613869807,0.8221160806976788,0.0
18.77877877877878,-0.20394346907755573,0.14600784539048592,0.8246777016904426,0.10911926532985117,0.00034030317106037927,-0.02782511922384418,0.13224933097830435,0.1340946984331969,-0.18988954776090056,0.8243375075502877,0.0
18.7987987987988,-0.20102149163440008,0.1460988721577827,0.8268838581354224,0.11030782224898954,-0.00040212448729198613,-0.037122218628929594,0.13208721190554418,0.13411402274026157,-0.18697960286889997,0.8265866735467989,0.0
18.81881881881882,-0.1981002820387304,0.1460604797834841,0.8291116476782847,0.1113894771431136,-0.000570602807692661,-0.008424821333212866,0.1322681648685155,0.133976043982446,-0.18406227634233893,0.8288632235178279,0.0
18.83883883883884,-0.19518273216483278,0.14587749369488037,0.8313616852434452,0.11250187825802414,-0.00048301814849347375,0.0043782558685966436,0.13239200470615992,0.1339548077122346,-0.18113768335227295,0.8311667979697438,0.0
18.85885885885886,-0.19226949896271586,0.14566166010584555,0.8336354684765361,0.11368916165454644,-0.0002688706712917688,0.010706321390735176,0.1324924094937135,0.13397853666089474,-0.17820593935662565,0.8334970331414369,0.0
18.87887887887888,-0.18936055033075339,0.14544743159812384,0.8359348130044191,0.11496722639414972,0.0005141521430513072,0.03915001820078229,0.13281860506835366,0.13391424317451636,-0.1752671600956296,0.8358535610617608,0.0
18.8988988988989,-0.18645465892539512,0.14529457026791368,0.838263573736818,0.1164380366199478,0.000937974942293335,0.021189936705833898,0.13274739665865104,0.13403811318910008,-0.17232146158725878,0.8382360096076387,0.0
18.91891891891892,-0.1835488976055704,0.14528806599123584,0.8406225010138461,0.11794636385140148,0.0014276469969788106,0.02448231535236847,0.13281105218194086,0.13403172042020284,-0.1693689601226453,0.8406440025628279,0.0
18.93893893893894,-0.18064143483027748,0.14537313876464622,0.8430124114730708,0.11949552296124039,0.0016683805857879168,0.012035297270871412,0.13270896595238926,0.13406659752816763,-0.16640977226149312,0.843077159677325,0.0
18.95895895895896,-0.1777302662649702,0.14555842826536355,0.845432275626375,0.12099320766521139,0.0016457996561378002,-0.0011305364737757527,0.13255770761549474,0.13408025712813396,-0.1634440148274712,0.8455350967274164,0.0
18.97897897897898,-0.17481443443602807,0.14579159144710716,0.8478800228173964,0.12238735955106693,0.0014625261775009404,-0.009165284550933078,0.13241775270478237,0.1340557486778346,-0.1604718049036049,0.8480174255763485,0.0
18.998998998999,-0.17189405044833792,0.14601919938450714,0.8503531879757806,0.12365825791920998,0.0012245933628372773,-0.011898383817709164,0.13231567542356223,0.13401032334923174,-0.15749325982765233,0.8505237542356203,0.0
19.01901901901902,-0.16897005749617022,0.14619964760838403,0.8528495607277398,0.12481863759795427,0.0013170797319403194,0.004622441881663294,0.13241061655114936,0.1339041900522277,-0.1545084971874738,0.8530536869268817,0.0
19.03903903903904,-0.16604321421693713,0.14634216396165461,0.8553689525141276,0.12596958931939264,0.0012696918923036625,-0.0023714169252173935,0.132338099813884,0.13392583075409034,-0.15151763481638728,0.8556068241444328,0.0
19.05905905905906,-0.16311290514497792,0.14651545359796034,0.8579105853448754,0.1270816415373892,0.000730659812817543,-0.026953807415786735,0.13207262705611425,0.13400662275738562,-0.14852079078851751,0.8581827627183108,0.0
19.07907907907908,-0.16017977674515382,0.14665641999120452,0.860471700344854,0.1280557499989315,0.0007174186529803251,-0.0006644365659445976,0.13223334542211215,0.13385937994968922,-0.14551808341413616,0.8607810958779528,0.0
19.0990990990991,-0.1572459468187715,0.14669149631911674,0.8630524789914209,0.12903893232834832,0.0009607687510183043,0.012164947722073764,0.1323553294598915,0.13381630875436842,-0.14250963123498808,0.8634014133164327,0.0
19.11911911911912,-0.15431146600211018,0.14672404083306595,0.8656540700545554,0.13007955315672395,0.0013197525315057814,0.017946446021856872,0.13245436457862692,0.13382517383412662,-0.1394955530196144,0.8660433012552511,0.0
19.13913913913914,-0.1513752158064319,0.1468125097839143,0.8682780496895827,0.13119898175136527,0.0014517629527960355,0.0065975692375639,0.13238766952283706,0.13389126609321184,-0.13647596775866258,0.8687063425096762,0.0
19.15915915915916,-0.14843585954122773,0.14696781326020789,0.8709243840423698,0.13231671763935743,0.0015855026220401222,0.006683807848754463,0.13238511435676426,0.13388188168502316,-0.13345099466018792,0.8713901165546233,0.0
19.17917917917918,-0.14549299856608403,0.14714304875718565,0.8735928720786854,0.13342440181577664,0.0019073663007848783,0.0160897792181805,0.13246903848356828,0.13383021441155865,-0.1304207531449484,0.8740941995910598,0.0
19.1991991991992,-0.14254602758731513,0.14734854893844457,0.8762839675686501,0.13455477449823822,0.002165995389900351,0.012927802496340741,0.13245738692374087,0.1338379759359067,-0.1273853628416912,0.876818164612927,0.0
19.21921921921922,-0.13959354309551905,0.14762422458980404,0.8789975867888965,0.13568096101232122,0.0021360910904157752,-0.0014991488234015193,0.13232025015400636,0.13387755768352608,-0.12434494358242767,0.879561581474571,0.0
19.23923923923924,-0.13663447853168648,0.14795322819162904,0.8817322584487254,0.13673358299144445,0.0018574678875833742,-0.013935414701298849,0.1321534220207637,0.13388280055578583,-0.12129961539770419,0.8823240169586665,0.0
19.25925925925926,-0.13366912368163758,0.1482677425024442,0.8844855663733784,0.13766539623265056,0.001731244460323467,-0.006315762521120686,0.13215068754542197,0.13379870164707194,-0.11824949851186214,0.8851050348446282,0.0
19.27927927927928,-0.1306984193393102,0.1485352171163693,0.8872562062276654,0.13853199271435346,0.001400962160639356,-0.016519086734979788,0.13200920422226137,0.13380841052013825,-0.11519471333829528,0.8879041959774919,0.0
19.2992992992993,-0.12772307473574396,0.14876723017831162,0.8900422079626273,0.1393000867480948,0.0013265803087771282,-0.003724456287043097,0.13207444834506438,0.13372814853563247,-0.11213538047469035,0.890721058337267,0.0
19.31931931931932,-0.12474441955994002,0.148932758790197,0.8928433344496518,0.1400563243512231,0.001425222237858105,0.004926325519483859,0.1321483207130692,0.13369332534459388,-0.10907162069827121,0.8935551771087319,0.0
19.33933933933934,-0.12176312643572915,0.14906465621054402,0.895660148223364,0.14084068868561242,0.0022517922466099307,0.041322366192838175,0.1325329323426412,0.13357511102910047,-0.10600355496102745,0.8964061047516788,0.0
19.35935935935936,-0.11877826898459072,0.14924287255692104,0.8984965784198865,0.1418215098261249,0.002473842721994063,0.011095948222570349,0.1323578392307764,0.1337461192604453,-0.10293130438494098,0.899273391071584,0.0
19.37937937937938,-0.11578677951877576,0.14957447329074752,0.9013525373696003,0.14279794748569072,0.0026838943246862168,0.010495534729767001,0.13235821310030751,0.13373301208235752,-0.0998549902572036,0.9021565832906993,0.0
19.3993993993994,-0.11278749165697732,0.1499643930899218,0.9042278129739781,0.14376378021889374,0.0023442423652034953,-0.01699021081409732,0.1320763590154587,0.13380461530651133,-0.09677473402543041,0.9050552261195495,0.0
19.41941941941942,-0.10977982336147821,0.15038341477495581,0.9071192669559042,0.14457269909630385,0.0021282578574279543,-0.010807436730147333,0.13204175558243614,0.13370781256316885,-0.09369065729286191,0.9079688618288309,0.0
19.43943943943944,-0.10676509222110236,0.15073655701879216,0.910024937760176,0.14528354021359216,0.0019187064517742062,-0.010486427752249734,0.13198387694415162,0.13365915742202608,-0.09060288181356846,0.9108970303216876,0.0
19.45945945945946,-0.10374382885030257,0.15106316853998925,0.9129432329475821,0.14591475937030468,0.0011343019549202177,-0.039229869865544345,0.13165521000930394,0.13373815772371786,-0.087511529487638,0.9138392692063707,0.0
19.47947947947948,-0.10071736081279505,0.15132340187537616,0.9158704410170944,0.14636040347561757,0.0009520437310109717,-0.009123323667511313,0.13182371597092307,0.13355890867479775,-0.0844167223563671,0.9167951138692532,0.0
19.4994994994995,-0.09768889327447884,0.1514233769158099,0.9188063970330879,0.14679780079967597,0.0012896686541126387,0.016870094363564552,0.13207185916935107,0.13346909527516865,-0.08131858259744172,0.9197640975481977,0.0
19.51951951951952,-0.09465885797656887,0.15150176489549894,0.9217534372609003,0.147352011390623,0.0013649187375810046,0.0037505173188055064,0.13202092699333928,0.13357243429714907,-0.07821723252011556,0.922745751406263,0.0
19.53953953953954,-0.09162604826725354,0.15164048546576664,0.9247123240284467,0.14794433837731946,0.0015071584156862643,0.007099116300852984,0.13207291491058848,0.13357321889540544,-0.07511279456037884,0.925739604605741,0.0
19.55955955955956,-0.08859028289688481,0.1517882685184367,0.9276838251968353,0.1485750584194286,0.001867957775640832,0.0180262079597018,0.1321956879905653,0.13353445949390774,-0.07200539127612615,0.9287451843825059,0.0
19.57957957957958,-0.08555082680993405,0.15197280434753838,0.9306691701449854,0.1492672474075007,0.001993438627554209,0.0062592839097490496,0.13211992811716633,0.13358801491342467,-0.06889514534231929,0.9317620161206684,0.0
19.5995995995996,-0.08250619664770376,0.15223150811151423,0.9336680116269952,0.1499420741004913,0.0018559440651828149,-0.006890617924057643,0.13198158129350218,0.13361531944452051,-0.06578217954614127,0.9347896234275257,0.0
19.61961961961962,-0.07945627341953776,0.15249616140829944,0.9366786878765404,0.15053381247726202,0.0022367868980647477,0.019025175251176238,0.13218426852622733,0.1334701139169523,-0.0626666167821519,0.9378275282087866,0.0
19.63963963963964,-0.07640142486774383,0.15274242758969625,0.9397020374002771,0.1511674761868341,0.0025281043472846617,0.014547746041146403,0.13217744123863162,0.13348772108056964,-0.05954858004743483,0.9408752507440689,0.0
19.65965965965966,-0.07334015595616519,0.15306344557893153,0.9427382017793061,0.1518082189514517,0.00273726844472457,0.010438829084080812,0.13215638529486376,0.13349090166220023,-0.056428192436741,0.9439323097626545,0.0
19.67967967967968,-0.07027143897158428,0.1534358492290457,0.9457868980277692,0.15243481242315,0.0030754474854865622,0.016888298519577977,0.13221733155041202,0.13343606297695185,-0.053305577137629866,0.9469982225194864,0.0
19.6996996996997,-0.0671942011038626,0.15386189338608441,0.9488481991221257,0.15306505471782608,0.0029700824554176604,-0.005290403928710441,0.13201773657736524,0.13349958888995886,-0.050180857425607545,0.9500725048713982,0.0
19.71971971971972,-0.06410724794492952,0.1543476579466537,0.9519200697557338,0.15359353168040887,0.0028415399607919826,-0.00645088743805302,0.1319509774285927,0.13344332287618368,-0.047054156659257454,0.9531546713535686,0.0
19.73973973973974,-0.06101099435354375,0.15481267956928818,0.9550006748991678,0.15403025717169938,0.002658160443057055,-0.009194483647755873,0.13187372207364145,0.133400184087074,-0.04392559827537208,0.9562442352561805,0.0
19.75975975975976,-0.05790577209242966,0.1552611130557043,0.9580882205640725,0.1543772832452338,0.002087692945945019,-0.028550924004157822,0.13164033984262294,0.13343326601024247,-0.04079530578407858,0.9593407087012793,0.0
19.77977977977978,-0.05479258562449396,0.155659323396785,0.9611797312815348,0.1545755358731118,0.001822168591209922,-0.013305843245943664,0.13169042434240993,0.13330991815014123,-0.03766340276396636,0.9624436027198108,0.0
19.7997997997998,-0.05167372935059115,0.15594281369514074,0.9642741200032625,0.15471943608638822,0.0017908076617209206,-0.00159979210381311,0.13177296932959015,0.1332446791939372,-0.03453001285720265,0.9655524273288407,0.0
19.81981981981982,-0.04855018111862555,0.15617741159827997,0.9673716393611947,0.15487596789661212,0.001732214899595361,-0.0029636634913747205,0.131775235869297,0.13325948441948499,-0.03139525976465663,0.968666691608924,0.0
19.83983983983984,-0.04542208607503232,0.1564047521796615,0.9704725363573811,0.1550448498093147,0.0016753987479892001,-0.002877268922871737,0.13178155918589993,0.13326058901097274,-0.028259267241012402,0.9717859037816294,0.0
19.85985985985986,-0.0422896192546296,0.15662334102013584,0.9735769148738218,0.15521892582203953,0.0014901673388528134,-0.00930071512276642,0.13171744671141586,0.13328012270416018,-0.02512215908988511,0.9749095712871959,0.0
19.87987987987988,-0.039153281577890026,0.1568168838369789,0.9766841080167326,0.15535965714553543,0.0017389146470869696,0.012395627515971418,0.13190278614371673,0.13317523081671515,-0.021984059158932538,0.9780372008623142,0.0
19.8998998998999,-0.0360132151293509,0.15700332242695636,0.9797953024206114,0.15555972019394362,0.001067881512800846,-0.03359678480321529,0.13149773058191855,0.13337006266161383,-0.01884509133496755,0.9811682986180166,0.0
19.91991991991992,-0.032868159296723085,0.15725279163139078,0.9829073743598854,0.1556035969637011,-0.0006152207558281304,-0.084204719915253,0.1308908172539016,0.13350267565215576,-0.015705379539063737,0.9843023701176721,0.0
19.93993993993994,-0.029721192116359724,0.157348359018168,0.9860132960898902,0.15529608650024146,-0.001920054583153848,-0.06529602001431935,0.13079267058691374,0.13328280126933442,-0.012565047721668525,0.9874389204550579,0.0
19.95995995995996,-0.026578636846522844,0.15712776349184399,0.9891083602495894,0.15475320798495928,-0.0034740385936142116,-0.07775903680492846,0.130481025900576,0.13325756061870755,-0.009424219857704069,0.9905774543325164,0.0
19.97997997997998,-0.023446363382329055,0.1566136732096895,0.9921875772795409,0.15396085149757746,-0.003582376053586804,-0.005481532545665607,0.1310279541038047,0.13296182638192383,-0.00628301994167648,0.9937174761391655,0.0
20.0,-0.020330342950437577,0.15580102159457387,0.9952546652188595,0.1533543969659327,-0.003134581518628477,0.022320376620903675,0.1314030706765361,0.13299025040590692,-0.0031415719827794027,0.9968584900291619,0.0
