time,x,x_dot,z,z_dot,theta,theta_dot,u1,u2,x_ref,z_ref,theta_ref
0.0,0.27395604855596334,-0.0012224312049589538,1.3020370878759355,0.003947360581187278,-0.24349359126741027,0.009512447032735119,0.05632337492751251,0.05809496365973006,0,1,0
0.02002002002002002,0.27352304266566935,-0.021650294514700616,1.2998410558579647,-0.10980160089854353,-0.24213568244152006,0.06789544129451199,0.05632339379531005,0.058486871883290895,0,1,0
0.04004004004004004,0.27268058306564014,-0.042122980001460385,1.2953776965121155,-0.2231679672924593,-0.23964287029495943,0.1246406073280337,0.05632337490492506,0.058704615830120516,0,1,0
0.06006006006006006,0.2714301652368867,-0.06252089143767159,1.28865312481144,-0.3362285850337773,-0.23480355964303978,0.24196553259597897,0.05632338418875195,0.05791133021999008,0,1,0
0.08008008008008008,0.26977960258037154,-0.082528132825757,1.279659775627508,-0.44966745919659257,-0.22920946394655586,0.279704784824199,0.056323423923320334,0.0582309558043975,0,1,0
0.10010010010010009,0.26773634340999863,-0.10216295851864471,1.2684074439226791,-0.5626165852414515,-0.22262177085220008,0.32938465471778594,0.056323579603383106,0.05832594497308277,0,1,0
0.12012012012012012,0.2653099102543983,-0.12132165778001518,1.2549033506440717,-0.6752046639303768,-0.2148591303566535,0.3881320247773277,0.07250120804223346,0.07446604873643112,0,1,0
0.14014014014014015,0.26240650525547765,-0.1451702499460335,1.2396210332278168,-0.7641158708127432,-0.20668105138292817,0.4089039486862682,0.10968904500751392,0.11218931160960453,0,1,0
0.16016016016016016,0.2588066159016146,-0.17999446769315328,1.2236519556684116,-0.7984538779702612,-0.19705103981430827,0.4815005784309946,0.13191703012702166,0.13435222415346743,0,1,0
0.18018018018018017,0.25440294480586606,-0.2201835547874262,1.207646885367379,-0.8002535150516259,-0.18664046786165156,0.520528597632835,0.14255132240144877,0.14526647357710787,0,1,0
0.20020020020020018,0.24917142541130993,-0.26157596972780645,1.1919266982183738,-0.7860093574502568,-0.1752281039930537,0.570618193429893,0.14745379438850958,0.15022032779951286,0,1,0
0.22022022022022023,0.2431301322608021,-0.30206465752539136,1.1766429046957465,-0.7641896761313648,-0.1636530901258355,0.578750693360909,0.14801833975122378,0.15129488010124367,0,1,0
0.24024024024024024,0.23632543454593427,-0.3402348857433915,1.161827752499886,-0.7407576097930271,-0.15135390270966267,0.61495937080864,0.14800636646433435,0.15135617781213254,0,1,0
0.2602602602602603,0.22880885379639496,-0.3758290374769652,1.1474898570235654,-0.7168947738160264,-0.13818754583352824,0.6583178438067222,0.14740778371361346,0.15062670465282604,0,1,0
0.2802802802802803,0.22063865521893306,-0.4085099288730952,1.1336175654170204,-0.6936145803272559,-0.12518527229059878,0.6501136771464723,0.14573144755521858,0.14940479038741838,0,1,0
0.3003003003003003,0.21187907351443275,-0.4379790852250149,1.120176013075055,-0.6720776170982696,-0.11168369126388634,0.6750790513356205,0.1456310445301038,0.14926450443834682,0,1,0
0.3203203203203203,0.2025878924241957,-0.464559054511852,1.1071684751009034,-0.6503768987075864,-0.09800790896307966,0.6837891150403336,0.14541410051840775,0.14912910101289475,0,1,0
0.34034034034034033,0.19282500862822516,-0.48814418979852664,1.0945960773194443,-0.6286198890729578,-0.0840571631724276,0.6975372895326044,0.1459935635301836,0.14964532419767407,0,1,0
0.36036036036036034,0.18264903691966786,-0.5087985854278652,1.082480559337513,-0.6057758990965625,-0.07028045636861377,0.6888353401906916,0.14646364567423045,0.15027005113719993,0,1,0
0.38038038038038036,0.17211973225082539,-0.5264652334421231,1.0708429349589002,-0.5818812189306474,-0.055922127892472966,0.7179164238070399,0.14841468198308175,0.1517962398725331,0,1,0
0.40040040040040037,0.1612946646144933,-0.5412533818166048,1.0597385159976789,-0.5552209480610597,-0.04202523122302451,0.694844833472423,0.14926962413150013,0.15281873710606217,0,1,0
0.42042042042042044,0.15023636118752237,-0.5529151713485466,1.0491982558070252,-0.5270130095326854,-0.028438787659764438,0.6793221781630036,0.15066076476486676,0.15423188188592363,0,1,0
0.44044044044044045,0.1390051697174058,-0.561559573505828,1.0392658086840159,-0.4966223561504652,-0.01459778616811675,0.6920500745823845,0.15282053157079561,0.15595689751473157,0,1,0
0.46046046046046046,0.12766127534870614,-0.567194718434984,1.029999894963453,-0.4632956860281403,-0.0015771161168116126,0.6510335025652567,0.15367171221437256,0.15701062255553772,0,1,0
0.4804804804804805,0.11626771520934309,-0.5696780069681526,1.0214290336266079,-0.42854306684225296,0.010522252127064079,0.6049684121937847,0.15424145467819828,0.15783431562284106,0,1,0
0.5005005005005005,0.1048841156400162,-0.5691799784663442,1.0135732558949468,-0.39278888658305255,0.022250360189797227,0.5864054031366576,0.15520253842376805,0.1586497173040367,0,1,0
0.5205205205205206,0.09356674237391732,-0.5658686633049439,1.0064575146000199,-0.35578706474634925,0.03301202665708467,0.5380833233643718,0.15525928775362607,0.15892009645988892,0,1,0
0.5405405405405406,0.08236958905091737,-0.5598576661499975,1.0000846282380187,-0.31864431810006205,0.043664367526483394,0.5326170434699361,0.1561225397222033,0.15939210201735013,0,1,0
0.5605605605605606,0.07134295036187258,-0.5513319344522398,0.9944718686542363,-0.2806379791891187,0.054013154168821714,0.5174393321169162,0.15678693756435325,0.1597199847438669,0,1,0
0.5805805805805806,0.060536934011646976,-0.54030081751128,0.9896308993233088,-0.24204846654637518,0.06349862061773706,0.47427332244576703,0.15666576998372675,0.15959446734984728,0,1,0
0.6006006006006006,0.04999971266921157,-0.5268610671217704,0.9855545995703857,-0.2038149876461539,0.07133575656652916,0.3918567974396044,0.1551457033301596,0.15860830523604375,0,1,0
0.6206206206206206,0.03977265591782599,-0.5113528375692789,0.9822022427729535,-0.1676178398716091,0.07810177278720058,0.3383008110335716,0.15357459635061857,0.15722731658012185,0,1,0
0.6406406406406406,0.029888247553089494,-0.49422041823682494,0.9795267732014418,-0.1337734785755883,0.08422343697162106,0.3060832092210236,0.15227279585285894,0.15583550608613334,0,1,0
0.6606606606606606,0.02037378666328806,-0.47572304449007174,0.977485192727479,-0.10207902369813457,0.08968877254339969,0.2732667785889321,0.15097838519037018,0.15445077504271007,0,1,0
0.6806806806806807,0.011253298874052357,-0.4560243894617852,0.9760348773148647,-0.07251577063071732,0.09414128241248029,0.22262549345403,0.14923244725060442,0.15285887134969828,0,1,0
0.7007007007007007,0.0025461804224949664,-0.43535592257786954,0.9751236965740094,-0.045559037042764636,0.098015371503136,0.19370445453278495,0.14766423534438994,0.1511705047982928,0,1,0
0.7207207207207207,-0.005732835898786226,-0.4139508160640596,0.9747011415544052,-0.021127750980209976,0.10107598060962124,0.15303045532426274,0.14594046776642006,0.1494874502064613,0,1,0
0.7407407407407407,-0.013571764970237044,-0.3919464535725408,0.9747147678616386,0.0006813153616677635,0.10242135860414116,0.0672688997259938,0.1432093621078463,0.1474480334280016,0,1,0
0.7607607607607607,-0.020965314405064286,-0.3696774717413621,0.9750924372136681,0.018883467601477685,0.1031064998114425,0.0342570603650676,0.14080874602560264,0.1451116079065276,0,1,0
0.7807807807807807,-0.027915349397432374,-0.34750174961840435,0.9757633517465973,0.03354572664646291,0.10285915540793106,-0.01236722017557304,0.13849411369516929,0.14307538152155805,0,1,0
0.8008008008008007,-0.0344265483690249,-0.3255599485796264,0.9766627887585231,0.044971850596285536,0.1025169421794068,-0.01711066142621126,0.13686197783110257,0.14119940327043778,0,1,0
0.8208208208208209,-0.04050584059768781,-0.30396461143314546,0.9777389250288923,0.053806813518461,0.10185569293960096,-0.03306246199029036,0.1355884099324168,0.13982523083140078,0,1,0
0.8408408408408409,-0.04615911434901249,-0.2826636875662337,0.9789527145953036,0.06068947832057183,0.10063175366324834,-0.06119696381763142,0.13428472731997468,0.13859925850278867,0,1,0
0.8608608608608609,-0.05139345898986234,-0.2617172320424927,0.9802670254443271,0.06571554245117152,0.09901659035457783,-0.08075816543352594,0.13308523860785867,0.13738977956754672,0,1,0
0.8808808808808809,-0.05621809612007832,-0.2412318565107989,0.9816467664104255,0.06898704830491953,0.09737712693632176,-0.08197317091280105,0.13228436593608378,0.13634661401809683,0,1,0
0.9009009009009009,-0.06064245485086743,-0.22121793653945562,0.9830653516491206,0.0709292619347528,0.09513485405310367,-0.11211364416090717,0.13137664653145006,0.13558707958630445,0,1,0
0.9209209209209209,-0.06467602557600487,-0.20167853625687165,0.9844988200106756,0.07167341807774821,0.09264871134227635,-0.12430713554136452,0.1305331594562937,0.1346875104098185,0,1,0
0.9409409409409409,-0.0683307280637458,-0.18273512438704645,0.9859223237964302,0.07117518928772931,0.09023979232500776,-0.12044595086342928,0.13006369875818324,0.13395639160461345,0,1,0
0.960960960960961,-0.07161809526298163,-0.16436835996179178,0.9873190988592934,0.06983875314315995,0.08720252678989301,-0.15186327675573869,0.12942303783980127,0.13352936810698576,0,1,0
0.980980980980981,-0.07454965791361569,-0.14657813253170274,0.9886742975735232,0.06775993571149182,0.08432168725486187,-0.144041976751555,0.129010665815595,0.13284319309886689,0,1,0
1.001001001001001,-0.07713896795854713,-0.12946550224657244,0.989972813123497,0.06492577749869446,0.08132331398246569,-0.14991866361981057,0.1287933385045401,0.13252726563669923,0,1,0
1.021021021021021,-0.07939805465632024,-0.1129543348886552,0.9912078007474413,0.06174938119721093,0.07788921923338012,-0.17170473745427858,0.12840935102348677,0.13227470574252534,0,1,0
1.0410410410410411,-0.08133974707456143,-0.0970846209120594,0.9923708956727789,0.05815474626688153,0.0744329099318218,-0.1728154650779145,0.12811482833026264,0.13186737694439116,0,1,0
1.0610610610610611,-0.08297823606091277,-0.08192444931756673,0.9934528656783184,0.054098500276974035,0.07057457071687216,-0.19291696074748194,0.1277851340485838,0.13169247349633653,0,1,0
1.0810810810810811,-0.08432772854655224,-0.06747462428197308,0.9944473540618456,0.049724419176360286,0.06660271975839538,-0.19859254792384018,0.12749191575550017,0.13139813185704807,0,1,0
1.1011011011011012,-0.08540361432648096,-0.05379428899643572,0.995346840604177,0.04497432711657205,0.061964199939782,-0.23192599093066835,0.12701760969410592,0.13132065181841843,0,1,0
1.1211211211211212,-0.08622234693188001,-0.04093663026995245,0.9961443050873872,0.03987322416050631,0.057861831264948045,-0.2051184337416983,0.12694039220024322,0.1308864619129313,0,1,0
1.1411411411411412,-0.08680269165657194,-0.029017236234596094,0.9968334216800799,0.03445582963463872,0.05468231865093229,-0.1589756307007875,0.12759364382050573,0.13088939331241634,0,1,0
1.1611611611611612,-0.08715948330902927,-0.01783958262286653,0.9974249318986779,0.029575510929895,0.051034373753477705,-0.18239724487272888,0.1279667436853912,0.1315000213188543,0,1,0
1.1811811811811812,-0.08730479487777502,-0.007265578437287935,0.9979341590627488,0.025461358203547065,0.048113372281554344,-0.14605007359616862,0.1284769199414064,0.13147800430400505,0,1,0
1.2012012012012012,-0.08725203182653866,0.0026381525618179233,0.9983691379913642,0.021748946430768062,0.04471319976260758,-0.1700086259473377,0.12874935856209938,0.13199241339058676,0,1,0
1.2212212212212212,-0.08701194157742911,0.012004512455477295,0.9987421322026908,0.01864971056633237,0.04085360084363915,-0.19297994594842222,0.12860367000209172,0.13212496023963083,0,1,0
1.2412412412412412,-0.08659814993188161,0.020689582277374982,0.9990536071807189,0.015573748901405747,0.0374185843502516,-0.17175082466937716,0.12870115297370985,0.1319464024208067,0,1,0
1.2612612612612613,-0.08602565130176333,0.028624931505914056,0.9993030498309631,0.012472132512210616,0.03400782673595001,-0.17053788071507994,0.12889441382308245,0.13211779281136896,0,1,0
1.2812812812812813,-0.08530800980587731,0.03588207479430081,0.9994964274335999,0.009668880131841872,0.031334655616709554,-0.13365855596202303,0.12937338390822,0.13209927349813613,0,1,0
1.3013013013013013,-0.08445846758840252,0.04247711087373981,0.9996410737880006,0.007232317720032567,0.029328560980755446,-0.10030473179770522,0.13010164002096047,0.13232953120742866,0,1,0
1.3213213213213213,-0.08348717428262672,0.04856466528878927,0.999751560125927,0.00552431689632023,0.027843975931080896,-0.07422925248372736,0.13084080700823647,0.13262360863328287,0,1,0
1.3413413413413413,-0.08240164154689161,0.05427663678675571,0.9998434517159427,0.004594579500780766,0.02663717728258591,-0.060339932424749464,0.13143009393543398,0.13289599714728845,0,1,0
1.3613613613613613,-0.08120746066261539,0.05970904421381157,0.9999296899870603,0.004311913555880042,0.025557903536675163,-0.053963687295537126,0.13182039064828524,0.13305161889530992,0,1,0
1.3813813813813813,-0.07990908622296643,0.06491872198244839,1.0000184928643008,0.004440143862026927,0.024127392658893358,-0.07152554388909024,0.13187030173583814,0.13318538828953028,0,1,0
1.4014014014014013,-0.07851093140214924,0.06990774104085923,1.000112688620144,0.004709787792153311,0.022712445767585875,-0.07074734456537408,0.13184027502236034,0.13301968663914684,0,1,0
1.4214214214214214,-0.0770188961313935,0.0746017635377869,1.0002095129808235,0.004841218033976973,0.021443279310620074,-0.06345832284829037,0.13187583679341483,0.1328334020115907,0,1,0
1.4414414414414414,-0.07543878636661751,0.07900548823879944,1.0003068609937995,0.004867400648800977,0.020371290255042755,-0.05359945277886588,0.1319623784309156,0.1326551652074579,0,1,0
1.4614614614614614,-0.07377586342486481,0.08314614708763504,1.000403483608528,0.004831130736426863,0.019621896472330702,-0.03746968913560259,0.13211910567140991,0.13244844903983452,0,1,0
1.4814814814814814,-0.07203438416892956,0.08707396279676274,1.0004987285648506,0.004762247816124003,0.0188330970410289,-0.03943997156509057,0.13218293593003086,0.13237169213911804,0,1,0
1.5015015015015014,-0.07021741625996523,0.09084839544821587,1.0005924640205752,0.004686772786233647,0.017996024526766567,-0.04185362571311671,0.13216318229691576,0.1322216487406369,0,1,0
1.5215215215215214,-0.0683286337863885,0.09443912367883668,1.00068223538015,0.004488567978742733,0.017903004101934586,-0.00465102124159892,0.13237340844580123,0.13176552937456326,0,1,0
1.5415415415415414,-0.06637118447471166,0.09787246558384176,1.0007644639454705,0.004111428266013769,0.01751089106935076,-0.01960565162919118,0.13240391046343739,0.13178125311063113,0,1,0
1.5615615615615615,-0.06434567124988445,0.10127566124136045,1.0008398473463531,0.003769170044131704,0.017166661705857858,-0.017211468174645174,0.13235985573344086,0.1315078788168153,0,1,0
1.5815815815815815,-0.06225362867940028,0.10460212852420876,1.0009037166328325,0.003193464323967784,0.016402193264437804,-0.0382234220710027,0.13221670225953822,0.13145021243765914,0,1,0
1.6016016016016015,-0.06009666482618276,0.10784819266087564,1.000953130440944,0.0024706904055705995,0.015570777853671516,-0.04157077053831409,0.13210047349969506,0.1312126221154665,0,1,0
1.6216216216216217,-0.05787798954419986,0.11093376409914527,1.0009829104771284,0.0014890018092218805,0.014720606981201928,-0.04250854362347969,0.13205510127166945,0.13102025737174286,0,1,0
1.6416416416416417,-0.05560130182246558,0.11383438608671385,1.000989604314198,0.0003346918534783336,0.014392661077472668,-0.016397295186462907,0.13215583804815242,0.13060831309470539,0,1,0
1.6616616616616617,-0.05326975262428461,0.11657745990904862,1.0009686726555118,-0.0010465829343060604,0.013622671945551357,-0.03849945659606557,0.13212892821752262,0.13068555410716054,0,1,0
1.6816816816816818,-0.05088499032950212,0.11923811473912439,1.000920904315934,-0.002388416978896639,0.013128675604499504,-0.024699817052592728,0.13215497731867906,0.13036207729451993,0,1,0
1.7017017017017018,-0.04844995469489336,0.12175178173043791,1.00084195943601,-0.003947243996195032,0.012301413640128213,-0.04136309821856434,0.1321494598560035,0.13040182204987757,0,1,0
1.7217217217217218,-0.04596695539786537,0.12414996485139979,1.0007323988169678,-0.0054780309521132615,0.0118437795734209,-0.022881703335365655,0.13221999722607108,0.13006629917003334,0,1,0
1.7417417417417418,-0.0434391060215141,0.12639246881756327,1.000588365648766,-0.00720165841009435,0.011044174124663114,-0.039980272437889305,0.13224322803066024,0.1301408877465016,0,1,0
1.7617617617617618,-0.04086816150556921,0.12854722579724454,1.0004113617465036,-0.008850195113122827,0.009845263108239488,-0.059945550821181366,0.132239970705656,0.13025782796911053,0,1,0
1.7817817817817818,-0.03825760460358228,0.13052784509934645,1.0002031368029574,-0.010411247177316472,0.009018369296626798,-0.0413446905806346,0.13236401965730984,0.13001149355093275,0,1,0
1.8018018018018018,-0.03561197895325642,0.1322812825162929,0.99996195650931,-0.012059014682367806,0.007926034817986356,-0.0546167239320221,0.13245772106643072,0.13014446581447645,0,1,0
1.8218218218218218,-0.032935180387884976,0.13383992826857238,0.9996912393531722,-0.01353585780688926,0.007903887224143811,-0.0011073796921271944,0.13263655534241547,0.12947562819817854,0,1,0
1.8418418418418419,-0.030231261357315853,0.13519595152845618,0.9993837893918529,-0.015372498065961412,0.007719860575536119,-0.009201332430384717,0.13267907024512007,0.12942701965217962,0,1,0
1.8618618618618619,-0.027500464888404214,0.13653982344558196,0.9990395507519054,-0.017211931997374467,0.00754785383172743,-0.008600337190434463,0.1326782548537121,0.1292289342795867,0,1,0
1.8818818818818819,-0.024743343904736172,0.137856049183402,0.9986556162886291,-0.019196723163815772,0.006820274592427976,-0.036378961964972686,0.1326993580329974,0.12943881439751978,0,1,0
1.901901901901902,-0.021960812921807536,0.1391265491464318,0.9982354495821049,-0.02100833532621032,0.006160681276906068,-0.03297966577609547,0.13281514951839207,0.1293635524587339,0,1,0
1.921921921921922,-0.019155795556861657,0.14025086824729394,0.997779704885341,-0.022787234838192914,0.005560734590260504,-0.029997334332278178,0.13295281970828288,0.12931287280195508,0,1,0
1.941941941941942,-0.016331013953200368,0.14123908018306444,0.9972897205232238,-0.024499218105857937,0.005146592259272944,-0.020707116549378114,0.13306335181677936,0.129146880091299,0,1,0
1.961961961961962,-0.013488553769154893,0.1421230092022737,0.9967647203083959,-0.02625001074139624,0.004174486112959516,-0.04860530731567128,0.13316808368349597,0.1294711922296833,0,1,0
1.981981981981982,-0.010630361509913422,0.14290961296207355,0.9962111015002718,-0.027680940406206157,0.003495123462553838,-0.03396813252028391,0.1333416774579001,0.12933082425366363,0,1,0
2.002002002002002,-0.007760109383387173,0.14351260632631244,0.9956294006205831,-0.029085043984433,0.0026153200722645125,-0.04399016951446628,0.13349632134420308,0.1294892398672707,0,1,0
2.022022022022022,-0.0048807090259815784,0.14397001787027974,0.9950242918357436,-0.030255439241975615,0.0020571122959976143,-0.027910388813344903,0.13363557099922865,0.1292959668912388,0,1,0
2.042042042042042,-0.001995185121298132,0.14427619523417232,0.994395007075436,-0.03146423801537683,0.0007554051950674916,-0.06508535504650614,0.1337983729275091,0.12983383450368766,0,1,0
2.062062062062062,0.0008939066856966799,0.1444545903497406,0.9937519541512272,-0.032152646210442754,-0.00023190042311659962,-0.049365280909204556,0.13404739947194988,0.12979969638457683,0,1,0
2.0820820820820822,0.0037811121770856978,0.14436027456945089,0.993098336550735,-0.032680880024609185,-0.0004274817457203224,-0.009779066130186143,0.13413746508682048,0.12925931728626236,0,1,0
2.1021021021021022,0.006662778596517675,0.14408332097159884,0.9924274936883238,-0.033542143120558324,-0.0007283876711181707,-0.015045296269892407,0.13407164066448812,0.12911886963794592,0,1,0
2.1221221221221223,0.009538324245423538,0.14377728244529314,0.9917363852085539,-0.03455542398849858,-0.0015315909553289997,-0.040160164210541444,0.13413999042568261,0.12939573503405824,0,1,0
2.1421421421421423,0.012406334205083268,0.14340049798298649,0.9910301433058399,-0.035312095135696914,-0.002206163226031361,-0.03372861353511808,0.1343285312372222,0.1294033105786166,0,1,0
2.1621621621621623,0.015263498283326831,0.1428582039121782,0.9903116836519427,-0.035922982694860946,-0.002561101745880704,-0.017746925992467126,0.13442738926552855,0.12918422632732227,0,1,0
2.1821821821821823,0.01810755816992829,0.14220299433007297,0.9895792311962877,-0.036622622782752884,-0.0035466026890180542,-0.049275047156867535,0.134568848828192,0.12963947805674017,0,1,0
2.2022022022022023,0.02093698630055675,0.1414714065314231,0.9888416353453325,-0.0368797925477582,-0.004662104005472863,-0.05577506582274038,0.1348859332715768,0.1299835952386465,0,1,0
2.2222222222222223,0.023748055651671922,0.14055346755575862,0.9881086841761604,-0.03664755845860699,-0.006175265650517411,-0.07565808225222737,0.13526665099894686,0.13059327061309145,0,1,0
2.2422422422422423,0.026536141536340988,0.13940429423345338,0.9873950272399377,-0.0356828468111345,-0.0075277333462185035,-0.06762338478505467,0.1356329873676677,0.13084877208416915,0,1,0
2.2622622622622623,0.02929540934768283,0.13796339056709192,0.9867098260287095,-0.0342600605614068,-0.009111923740542498,-0.0792095197161996,0.13592920132861921,0.13130243034160777,0,1,0
2.2822822822822824,0.03202039601108287,0.13624933317000204,0.9860641258663766,-0.032285008116647196,-0.01067015593339494,-0.07791160964262223,0.13621879380243657,0.13160449686481007,0,1,0
2.3023023023023024,0.03470475369113738,0.13421788400272566,0.9854666023338922,-0.029876176624223177,-0.01213336299096764,-0.07316035287863497,0.13641913925357854,0.13178031737008328,0,1,0
2.3223223223223224,0.037342222525608204,0.1318734417235413,0.9849227216486517,-0.02719403426202424,-0.013408585689330349,-0.06376113491813547,0.13651208947587426,0.13179056548047077,0,1,0
2.3423423423423424,0.03992738096690349,0.12925792206476436,0.9844338962190273,-0.024441271481216213,-0.015251411030657388,-0.09214126706635191,0.1366608026961242,0.13237430341887538,0,1,0
2.3623623623623624,0.04245500667494395,0.12638128540202304,0.9840108602789371,-0.02115179700450729,-0.017196548602678986,-0.09725687860107969,0.13697641490459384,0.13286578340857455,0,1,0
2.3823823823823824,0.04491775230325495,0.12313728141554975,0.9836654034006052,-0.0172728439165988,-0.019332809672607077,-0.106813053496405,0.1372513301021512,0.1334025950603598,0,1,0
2.4024024024024024,0.04730725347826702,0.11947505875060366,0.9834093521716263,-0.012802561448944892,-0.020600475526451223,-0.06338329269220701,0.1373253197835737,0.13304352258889146,0,1,0
2.4224224224224224,0.04961526929458493,0.11540079081589573,0.9832382462156524,-0.008555297798697393,-0.021666235277593943,-0.05328798755713619,0.13703839442704555,0.1327273860813778,0,1,0
2.4424424424424425,0.05183751693508648,0.1111123820250776,0.9831429750730937,-0.004763557127934243,-0.023556438993854022,-0.09451018581300363,0.13693157301311212,0.13329593577718518,0,1,0
2.4624624624624625,0.05396949825407868,0.10659906594960979,0.983130219518621,-0.0006377777236330068,-0.02539634652327898,-0.09199537647124817,0.13713771722432394,0.1336570136364418,0,1,0
2.4824824824824825,0.05600298500335961,0.10167433746404637,0.9832081360200867,0.0038958250732879394,-0.026013252661179365,-0.030845306895018576,0.1370229518855058,0.1329027682267077,0,1,0
2.5025025025025025,0.057931492218640475,0.09642536076404334,0.9833635938785898,0.007772892925158502,-0.026814725360239464,-0.040073634953005303,0.13648954542486383,0.13261381067881506,0,1,0
2.5225225225225225,0.05975323847602507,0.09108731286922951,0.9835842829184415,0.011034451992578326,-0.02811197737437415,-0.06486260070673425,0.13629538373222524,0.13290492073381382,0,1,0
2.5425425425425425,0.061464678668745804,0.085572009636037,0.983871498152885,0.014360761722176568,-0.028731575156080484,-0.03097988908531668,0.13625820946842354,0.13259754223093626,0,1,0
2.5625625625625625,0.06306125373961596,0.07982875354350806,0.9842199380869218,0.017421996701839464,-0.029583734536018647,-0.04260796899690817,0.13592706518148837,0.1325793648580866,0,1,0
2.5825825825825826,0.06454054587071718,0.07396460655506078,0.984624307769512,0.0202184841295155,-0.030026051645723143,-0.022115855485225114,0.1357682819058395,0.13232362237894657,0,1,0
2.6026026026026026,0.06589979696413857,0.06796255467106954,0.9850783231687488,0.02270076996183791,-0.030782986151151603,-0.03784672527142317,0.1354695496913662,0.1324018975825109,0,1,0
2.6226226226226226,0.0671371954374805,0.06186992366709672,0.9855786264376055,0.025015163442836587,-0.031052826105974016,-0.013491997741120441,0.13535718369403654,0.13215291888212644,0,1,0
2.6426426426426426,0.06825016913067376,0.05564868465966312,0.986119737825057,0.027055569372572145,-0.031240718381199798,-0.009394613761288976,0.13502263329022368,0.1319294174506258,0,1,0
2.6626626626626626,0.06923827788186633,0.049405437559628486,0.9866933281017227,0.028679513833286423,-0.03175383346471672,-0.025655754175846614,0.13475016836897385,0.13204983203300724,0,1,0
2.6826826826826826,0.070101158631492,0.043144037481283176,0.9872970972173603,0.03018845578187847,-0.032655930964636704,-0.0451048749959983,0.13465756275693777,0.13242909079722642,0,1,0
2.7027027027027026,0.07083649548891906,0.03676684287135312,0.9879352025108569,0.031905264674831534,-0.0330674725461521,-0.02057707907577063,0.13468150965165782,0.13236494481215122,0,1,0
2.7227227227227226,0.07144065399021877,0.030207925064985774,0.9886069069384109,0.033585221377702694,-0.032684343841731085,0.019156435221051017,0.13442708241526966,0.13178527216923372,0,1,0
2.7427427427427427,0.07191255964051355,0.023595282514738358,0.9892997804231094,0.03464367423492509,-0.031827547194529494,0.04283983236007931,0.13391930522302728,0.1311148804413352,0,1,0
2.7627627627627627,0.07225481541154544,0.017112788551594274,0.9899964117043881,0.03483156406393697,-0.0314091201172851,0.02092135386221981,0.1333580341956583,0.13097950040273332,0,1,0
2.7827827827827827,0.07247106878094932,0.01081266847019435,0.9906865923473366,0.03450903214742243,-0.03079597320917025,0.03065734540574262,0.1332087425533396,0.13085999557462447,0,1,0
2.8028028028028027,0.07256326675485265,0.004609898695166896,0.9913664007687172,0.03399042106902748,-0.030113898412847482,0.03410373981613841,0.13298725316872542,0.13074120803368094,0,1,0
2.8228228228228227,0.0725344285579737,-0.0014419098439470267,0.9920308824235063,0.033224082739455894,-0.029974404537034136,0.0069746937906675355,0.1327258445215157,0.1309981547052706,0,1,0
2.8428428428428427,0.07238741553407886,-0.007350651194742204,0.9926800656241169,0.03245916003052839,-0.030144295637788705,-0.008494555037728568,0.1327067562597411,0.13138575506096212,0,1,0
2.8628628628628627,0.07212240923016117,-0.013250315195884682,0.993319436360791,0.0319685368337035,-0.029728139039647355,0.02080782990706742,0.13282401306535155,0.13132873429474734,0,1,0
2.8828828828828827,0.07173928109187044,-0.019156406914536454,0.9939498740702183,0.03152188547136213,-0.029755417849925928,-0.0013639405139284494,0.13247656733000893,0.13146916341220574,0,1,0
2.9029029029029028,0.07123995426034427,-0.02496634157630875,0.9945683681843365,0.030924705705910993,-0.03003754721506087,-0.014106468256747126,0.13234041444704062,0.13173314988693152,0,1,0
2.9229229229229228,0.07062427452858581,-0.030783986587922817,0.9951768170166618,0.030422441616270023,-0.030083592480821673,-0.0023022632880401322,0.13228691742144125,0.13177172426818906,0,1,0
2.942942942942943,0.06989128163863702,-0.03664964449743978,0.9957749732322361,0.029907810778711127,-0.029892258378646657,0.00956670510875077,0.1320891535852112,0.13165317155461992,0,1,0
2.962962962962963,0.06904091995469593,-0.04251808419705469,0.9963581540313656,0.02915903995647731,-0.02917563983005056,0.03583092742980468,0.13192467410670147,0.13135748132501066,0,1,0
2.982982982982983,0.06807428443965216,-0.048331775752188263,0.9969195781094427,0.028071203903850782,-0.028120713784415687,0.05274630228174376,0.13164655131089423,0.13103610007264274,0,1,0
3.003003003003003,0.06699485033989648,-0.053971704987783704,0.9974504665999161,0.026544424523670843,-0.027379206572977478,0.03707536057191052,0.13122217125315205,0.13098610081301673,0,1,0
3.023023023023023,0.06580698421362148,-0.059393306313750345,0.9979439360213536,0.024673471071872264,-0.026586497563233502,0.039635450487198694,0.1310824134925123,0.13099706559482532,0,1,0
3.043043043043043,0.06451415695424831,-0.06464136296865827,0.9983981890565999,0.022712651762316557,-0.026475322734761067,0.005558741423621429,0.13067487348194237,0.13123688828868293,0,1,0
3.063063063063063,0.06311938159646095,-0.06973876788936775,0.9988108567851877,0.020633386429383723,-0.02609729117948974,0.018901577763566595,0.1307175016917253,0.1313374788313743,0,1,0
3.083083083083083,0.061623376251508793,-0.07480026724760787,0.9991841058235706,0.018662451919151616,-0.025890222068586786,0.010353455545147902,0.13044877959733342,0.13140758582400622,0,1,0
3.103103103103103,0.06002806453785645,-0.07976558568261707,0.9995150658265594,0.016548000149432914,-0.02613739361722963,-0.012358577432142396,0.1300828448992531,0.1315911184879708,0,1,0
3.123123123123123,0.058334278722754894,-0.08468929075507785,0.9998010916078408,0.014301289064073306,-0.026145095122531912,-0.00038507526511413065,0.12999904297929424,0.131625572409502,0,1,0
3.143143143143143,0.056541312304872166,-0.08964832089413649,1.0000414652755234,0.01201868338412962,-0.026091209827306883,0.002694264761251208,0.129731171206656,0.131583866674553,0,1,0
3.163163163163163,0.054649352498994164,-0.09459799029389993,1.0002316400645623,0.009508739451943266,-0.025803745639027282,0.0143732094139801,0.1295527273475465,0.13151439222534575,0,1,0
3.183183183183183,0.05265892994442582,-0.09952112772841695,1.0003679928970142,0.006817641622587988,-0.025452372758170045,0.017568644042862198,0.129289798692745,0.13146145846650814,0,1,0
3.203203203203203,0.05057142562301112,-0.10437521607073526,1.0004459213738024,0.003896423839415316,-0.024975651650219633,0.023836055397520955,0.12909360861518815,0.13143150070298587,0,1,0
3.2232232232232234,0.04838857414494328,-0.10914257390339158,1.0004621621333991,0.0008120379798373374,-0.024625155763507323,0.017524794335614945,0.1287773600254527,0.1314456578370878,0,1,0
3.2432432432432434,0.046112122943130184,-0.11382256009065486,1.0004123419743203,-0.002491007953946132,-0.023565051662732563,0.053005205038738054,0.12896539080978833,0.13140667208508736,0,1,0
3.2632632632632634,0.04374363633016923,-0.11842433064804794,1.000298760613372,-0.005679068047415846,-0.02231756209469423,0.06237447840191683,0.12890136061988317,0.13141505469882425,0,1,0
3.2832832832832834,0.041287709207466335,-0.12279635613514471,1.0001207496355957,-0.008900548888807543,-0.02158966850506249,0.03639467948158732,0.12850734618019588,0.13155898416643474,0,1,0
3.3033033033033035,0.038749435670554624,-0.12691367684558535,0.9998747736656939,-0.012298798495091936,-0.021170934329281806,0.020936708789033975,0.12820870868532627,0.1316954591373236,0,1,0
3.3233233233233235,0.03613170611173946,-0.1308864779407584,0.9995585543487271,-0.015810965848338715,-0.020619481916677982,0.02757262063019149,0.1281071831654092,0.13175323494951738,0,1,0
3.3433433433433435,0.03343581377519437,-0.13479461682725433,0.9991715426104074,-0.019350586915985082,-0.019010698583713678,0.08043916664821499,0.12865434355197208,0.13181890513513106,0,1,0
3.3633633633633635,0.030664287253897204,-0.13857632606485826,0.9987229252926249,-0.02243086588912933,-0.017718810303858405,0.06459441399276353,0.12846185355322962,0.13199578603011694,0,1,0
3.3833833833833835,0.02782296884439175,-0.14206592047527267,0.9982126517011357,-0.025513679574455727,-0.015585738966833523,0.10665356685124422,0.12914126148711083,0.13227422604161654,0,1,0
3.4034034034034035,0.024916748216291564,-0.14531103140500945,0.997655059355358,-0.02787961728888356,-0.013094405915564582,0.12456665256344704,0.12962581579735208,0.13261107003335149,0,1,0
3.4234234234234235,0.021954155933443676,-0.14812961414239434,0.997062498134112,-0.029628061062304756,-0.011117361931932841,0.09885219918158693,0.12958663738956483,0.13298137234865,0,1,0
3.4434434434434436,0.01894500885330218,-0.1504573540070747,0.9964400455311329,-0.031122630148954528,-0.00960200000372188,0.07576809641054826,0.12944432662519076,0.13324282803569532,0,1,0
3.4634634634634636,0.015896977670288963,-0.15240155915066098,0.9957895884550092,-0.03252285380618379,-0.008129315844670597,0.07363420795256391,0.1294590585731919,0.13340260834787887,0,1,0
3.4834834834834836,0.012815876632654606,-0.15405505188171778,0.9951138002318072,-0.033789411160101805,-0.0063908762549199725,0.08692197948753143,0.12970593942020106,0.13357923917931086,0,1,0
3.5035035035035036,0.009707442596822704,-0.15542170179159512,0.994419030186519,-0.03473850226440823,-0.004475462818438034,0.09577067182409683,0.12999564975941685,0.13382947289212707,0,1,0
3.5235235235235236,0.006578618725996506,-0.15644119354130995,0.9937133449920494,-0.03528425972347809,-0.0027666224661140196,0.08544201761620072,0.13005511952734575,0.13408765574483142,0,1,0
3.5435435435435436,0.003436940642452373,-0.15708390417720663,0.993001501992705,-0.03559214996722144,-0.0011961288260877948,0.07852468200131123,0.13010030471316134,0.1342906405341163,0,1,0
3.5635635635635636,0.00028947947024338767,-0.15737305861044926,0.9922872080927111,-0.035714694999693875,-0.00036404794313165187,0.041604044147807155,0.1295954800415762,0.1343563782950852,0,1,0
3.5835835835835836,-0.002857884191953572,-0.157368183109848,0.9915639729469718,-0.036161757286960035,0.000734678730666976,0.05493633368993139,0.12966746188302997,0.13436219777262254,0,1,0
3.6036036036036037,-0.006001798017148317,-0.15719569125973723,0.9908329600679173,-0.03655064395272559,0.001860470410055776,0.056289583969440005,0.12969486552087023,0.13445923857983857,0,1,0
3.6236236236236237,-0.00913790193107,-0.1568051956960841,0.9900960194598398,-0.03684703040387312,0.0029486934520451214,0.05441115209946732,0.1297295805796406,0.1345997625504751,0,1,0
3.6436436436436437,-0.01226206171690137,-0.15620798929156848,0.9893557468584537,-0.03701363006930628,0.004599077106442032,0.08251918271984554,0.13029321863947055,0.13485168940685788,0,1,0
3.6636636636636637,-0.015369548506745809,-0.155374339492222,0.9886242171807843,-0.03657648388347011,0.005716613319550744,0.055876810655435545,0.13016679800018136,0.13510998268519853,0,1,0
3.6836836836836837,-0.018454143978679224,-0.15422977359667078,0.9879033509587366,-0.03604331110238601,0.007100170179710465,0.06917784300798596,0.1304710383289022,0.13528360704671313,0,1,0
3.7037037037037037,-0.021511616269779897,-0.15287361455503362,0.9872001942953507,-0.03515783316929498,0.008983424287149986,0.09416270537197605,0.13112748922152148,0.1356147999975273,0,1,0
3.7237237237237237,-0.024536231856749417,-0.15123077934847592,0.986529326407592,-0.03354339438793285,0.010705614303764276,0.08610950083071459,0.13142995939938895,0.1359936274675084,0,1,0
3.7437437437437437,-0.027520501535247776,-0.149213483924918,0.9859007494053231,-0.03142885011344358,0.012346136505118722,0.08202611006772229,0.1316519242248209,0.1362357771803243,0,1,0
3.7637637637637638,-0.030457438614499642,-0.1468468539625934,0.9853212312073161,-0.028975909900350625,0.01366987369389341,0.06618685943873454,0.13159490708342833,0.13635219942222573,0,1,0
3.7837837837837838,-0.033340880113845374,-0.1441720749672866,0.9847915302475244,-0.02648504798958179,0.015403420190965932,0.08667732485362586,0.1320249936158439,0.1364682835850209,0,1,0
3.803803803803804,-0.03616521070687645,-0.14121652965155376,0.984319621706528,-0.0235954270498215,0.01671430334178406,0.06554415754090626,0.13196128712237043,0.1366159601934715,0,1,0
3.823823823823824,-0.0389233765578223,-0.1379082925472924,0.9839065949060588,-0.020651340023461126,0.0173907671578045,0.033823190801022036,0.13145221367184468,0.13648615103471148,0,1,0
3.843843843843844,-0.041610766509839754,-0.13436949760087277,0.9835428474012353,-0.01818737524117696,0.018454253713665793,0.053174327793064594,0.13156136411111022,0.1363110267645087,0,1,0
3.863863863863864,-0.04422454911724223,-0.13068913037012403,0.9832273101210561,-0.015776864008960167,0.01922987413287143,0.03878102096028207,0.13142300532405338,0.1363115889081063,0,1,0
3.883883883883884,-0.04676118517187842,-0.12683180273180933,0.9829578215481787,-0.013474428643873774,0.020906859875117745,0.08384928711231557,0.1321901217979712,0.1364127345198551,0,1,0
3.903903903903904,-0.04921738579320505,-0.12281003106633182,0.9827471419124559,-0.010533981786134685,0.022869449815740565,0.09812949703114139,0.13296837199154146,0.13685987130178362,0,1,0
3.923923923923924,-0.05158594069114088,-0.11842774489679114,0.9826132334458451,-0.00669542333054406,0.024398530085617053,0.07645401349382393,0.133134806235047,0.13715040334475134,0,1,0
3.943943943943944,-0.05385920935305869,-0.11366343309589064,0.9825626230573744,-0.0025305194235347005,0.02610635559399339,0.08539127541881675,0.13345264766697215,0.13718677066881452,0,1,0
3.963963963963964,-0.05603042817171716,-0.10856094093292337,0.982600337287745,0.0018857115185305562,0.02661420086681372,0.02539226364101623,0.13271290614609715,0.13708282112724046,0,1,0
3.983983983983984,-0.05809331685155854,-0.10314443399206868,0.9827136298332005,0.005664627272776457,0.026694875685761534,0.0040337409473912775,0.13192116154350267,0.13648111367245902,0,1,0
4.004004004004004,-0.06004677067664856,-0.09767269125450115,0.9828817442199989,0.008405719339912967,0.027012568834618743,0.015884657442860457,0.13167266667843364,0.13599124815744865,0,1,0
4.024024024024024,-0.06189114280996327,-0.09221860666573563,0.983093689443969,0.010597261198506623,0.027898562667270883,0.04429969163260723,0.13203337818974537,0.13585781851373618,0,1,0
4.044044044044044,-0.06362472023509129,-0.08667887125640064,0.9833527599707439,0.01295352633874281,0.028072436975156316,0.008693715394271655,0.1317368406954494,0.13589186316897925,0,1,0
4.064064064064064,-0.06524467584003939,-0.08099778024740459,0.9836549318756971,0.01510859524766113,0.028699707823512624,0.03136354241781514,0.13190350468271217,0.13563582585923978,0,1,0
4.084084084084084,-0.06675016936688455,-0.07527467634225807,0.9839988261061346,0.01719471152187924,0.028883285473585166,0.009178882503627181,0.13174611777260614,0.13562463366349217,0,1,0
4.104104104104104,-0.06813920340776468,-0.06945170204400648,0.9843818409552784,0.01915074245718629,0.029329078218697475,0.02228963725561535,0.13184674523259304,0.1354147542841926,0,1,0
4.124124124124124,-0.06941115792303194,-0.06359772576336307,0.9848023054892412,0.021023226698142612,0.029699972899186498,0.018544734024451597,0.13191089701768616,0.13536862843558295,0,1,0
4.1441441441441444,-0.07056444396165905,-0.05766430193135494,0.9852604048607503,0.022904968575452926,0.030054047812969022,0.017703745689126034,0.1319540974778128,0.13525922563816392,0,1,0
4.1641641641641645,-0.0715978203061794,-0.05166881722601749,0.9857550850715646,0.024734010540714436,0.030442375386025358,0.019416378652816986,0.1320292457803203,0.1351383390701151,0,1,0
4.1841841841841845,-0.07250992791816878,-0.04560538059946929,0.986285597756388,0.02652563424116938,0.030546790660216882,0.005220763709575799,0.13189969619923292,0.13501933269469327,0,1,0
4.2042042042042045,-0.07329983375879916,-0.039495292031519094,0.9868481874385335,0.028129484107274637,0.03110739192566265,0.02803006327228854,0.13212819667237274,0.13476516106681263,0,1,0
4.2242242242242245,-0.07396689965249602,-0.03335329468484307,0.9874424362991975,0.029712443033198706,0.03108426151619415,-0.0011565204734249879,0.13193407078784763,0.13475554069878315,0,1,0
4.2442442442442445,-0.07450933321291636,-0.027121678021016997,0.9880652342757434,0.031139898827299246,0.031050831951522466,-0.0016714782335845574,0.13175659828710298,0.13440903540827523,0,1,0
4.2642642642642645,-0.0749276823621157,-0.02091745745996679,0.9887088031467693,0.03217844355129499,0.031079491804541354,0.001432992650944409,0.13171930440827326,0.13414672025867297,0,1,0
4.2842842842842845,-0.07522192684373838,-0.014712224081134002,0.9893686946923714,0.03299457728010545,0.03023725725119778,-0.04211172766717853,0.13117661065840794,0.13400762832885935,0,1,0
4.3043043043043046,-0.07539275238585609,-0.008541277105885297,0.9900347973859568,0.03330513467926876,0.029572953476234617,-0.033215188748157834,0.1308916569033848,0.13347499548384376,0,1,0
4.324324324324325,-0.07544430626799288,-0.0025776941068391644,0.9906951015786641,0.033015209635368865,0.029595736139973534,0.0011391331869453278,0.1311904844882327,0.133161278687585,0,1,0
4.344344344344345,-0.07537942431671343,0.003244097563972324,0.9913494700484751,0.03271842349054798,0.030062354946825926,0.023330940342619306,0.13168868796749386,0.1331540141004589,0,1,0
4.364364364364365,-0.07519746267733125,0.009098081969109134,0.9920051751696338,0.03278525605793719,0.029734376400183747,-0.01639892733210858,0.13156225732452856,0.13332562967214825,0,1,0
4.384384384384385,-0.07489674170090674,0.015036048821225768,0.9926628297371113,0.03288272837387376,0.028990338008432443,-0.037201919587564955,0.13119142060023073,0.13305151925116956,0,1,0
4.404404404404405,-0.07447941782508949,0.02086619379086275,0.9933129189426924,0.03250446027905361,0.02883931583288127,-0.00755110877755872,0.1312822449984028,0.132579614798239,0,1,0
4.424424424424425,-0.07394872115288051,0.026534833610448838,0.993949890026938,0.03184855421228278,0.028940270716775254,0.005047744194699531,0.1315323883495787,0.1324494337244329,0,1,0
4.444444444444445,-0.07330530237309058,0.03217093898949689,0.9945755459960198,0.031282798454089954,0.02901972040229096,0.003972484275784831,0.13166139351705133,0.13235907004897704,0,1,0
4.464464464464465,-0.07254903446785174,0.037813395261941884,0.9951904553881536,0.030745469606691233,0.029263323931339864,0.012180176452445094,0.1317899211969964,0.13213638423803556,0,1,0
4.484484484484485,-0.07167993140651602,0.043455153066786184,0.9957932219338306,0.030138327283845502,0.02974951960804678,0.024309783835346183,0.1319631292491326,0.13188452948291388,0,1,0
4.504504504504505,-0.0706974194126228,0.04912559969466135,0.9963826614297453,0.02947197479573437,0.030611757018626767,0.04311187052899905,0.1321898997808451,0.1315673149230152,0,1,0
4.524524524524525,-0.06959951605880434,0.05489516769092276,0.9969573876378929,0.028736310407379728,0.03098890489982287,0.018857394059805556,0.13210018949235905,0.13148111925484815,0,1,0
4.544544544544545,-0.06838331493059431,0.06081005641050112,0.9975147043917945,0.027865837695080425,0.0314221429931938,0.021661904668546398,0.13196722491145305,0.13101180032979848,0,1,0
4.564564564564565,-0.06704758896876906,0.06678629809126292,0.9980456604963942,0.026547805229986628,0.03137949829528436,-0.0021322348954718393,0.13171987604053778,0.13077814443379684,0,1,0
4.584584584584585,-0.06559095902764209,0.07283149705634842,0.9985431011942821,0.024872034894396503,0.030827635990240528,-0.02759311525219162,0.13136814076281,0.13049420141883247,0,1,0
4.604604604604605,-0.06401436247990377,0.07882982738691556,0.9989976455850019,0.022727219535987848,0.030527200387841326,-0.015021780119960094,0.13122038784650447,0.12993240624480146,0,1,0
4.624624624624625,-0.06232035378691778,0.08470043464929955,0.9993988885300686,0.020062147253334963,0.030110207723844793,-0.020849633199826738,0.1311454646208522,0.12967066420435094,0,1,0
4.644644644644645,-0.06051052896966939,0.09049124086241984,0.9997419249059134,0.01715181879223752,0.029762173434638474,-0.017401714460316253,0.13109699206578265,0.12931451627531124,0,1,0
4.664664664664665,-0.05858634269578065,0.09620931369443697,1.0000208611255126,0.013946810979961689,0.028380619851849396,-0.0690776791394537,0.13089390630256176,0.12954626398133812,0,1,0
4.684684684684685,-0.05654985581227001,0.10182434417553173,1.0002362166737446,0.01076777741159771,0.02751710579367659,-0.043175702908640146,0.13086594717737543,0.1289782868970038,0,1,0
4.704704704704705,-0.05440625089351244,0.10718024593787853,1.000379376283407,0.007157980483116747,0.02576869585975701,-0.08742049669597915,0.13085125302040818,0.1293392926792138,0,1,0
4.724724724724725,-0.05215921677401321,0.11235170597496177,1.0004556245433933,0.0038124129993173782,0.024216410185239307,-0.07761428372588566,0.13089034046094838,0.12909132485564004,0,1,0
4.744744744744745,-0.04981579354230098,0.11717116158561133,1.0004621064711017,0.00032409638542047533,0.022867043820537617,-0.06746831823508392,0.13107519239533422,0.12897314918788938,0,1,0
4.764764764764765,-0.047381913997715464,0.12169397722927594,1.0004000210448847,-0.003104271310852779,0.021256377553157145,-0.0805333133690239,0.1312225982189145,0.12912201486467628,0,1,0
4.784784784784785,-0.04486326497524555,0.1259324511234957,1.0002739402033871,-0.006304042074882036,0.02035114188061805,-0.045261783626954835,0.13142930931128086,0.12869604895338294,0,1,0
4.804804804804805,-0.04226626647338405,0.12984992509307494,1.0000808113711275,-0.00965644161297822,0.01975103502355255,-0.030005342853274806,0.13162925388879135,0.12848230571008618,0,1,0
4.824824824824825,-0.03959429311047127,0.13359866814563923,0.999820563772708,-0.01301237992097165,0.018745482420392562,-0.0502776301579997,0.13171614877034846,0.12861666961439244,0,1,0
4.844844844844845,-0.036849775825360025,0.13722586425556216,0.9994965825660626,-0.016199060332271278,0.017579042223693952,-0.058322009834930424,0.1318168067477842,0.12863141861915303,0,1,0
4.864864864864865,-0.03403671404403745,0.1406530890661287,0.9991107106819275,-0.019293594206755842,0.0163356267976659,-0.062170771301402826,0.1319788331194501,0.1286656907297089,0,1,0
4.884884884884885,-0.031159617241751005,0.14385484011432217,0.9986659950595892,-0.02223578111691148,0.014892285320836479,-0.07216707384147106,0.13216818000913944,0.1288215025201894,0,1,0
4.904904904904905,-0.02822345351091188,0.14680818654195613,0.9981676849290131,-0.02491550652880333,0.013576080040014005,-0.06581026404112367,0.1323768300949444,0.12879426749720543,0,1,0
4.924924924924925,-0.025233873758564142,0.1494789876173869,0.9976186052058779,-0.02745398615676143,0.012290968998156137,-0.06425555209289335,0.13258243313129617,0.12882465382536196,0,1,0
4.944944944944945,-0.02219586798024554,0.15190028891593016,0.9970223722071615,-0.02981164993581624,0.010681342205599846,-0.08048133962781466,0.13279711722411736,0.12911052826383548,0,1,0
4.964964964964965,-0.01911420510032236,0.1540831439961589,0.9963865102212497,-0.03179309929559253,0.008480118307343541,-0.11006119491281528,0.1331008703635335,0.12970156541644576,0,1,0
4.984984984984985,-0.01599566283318172,0.15592711335703205,0.9957243842782715,-0.033106297148908934,0.00712220843749785,-0.06789549349228449,0.13339216634951506,0.12935543516318845,0,1,0
5.005005005005005,-0.012848460415027421,0.15736012090771492,0.9950352895705955,-0.03445473538380041,0.005332608808600527,-0.08947998144486626,0.13363301340485606,0.1297728908899997,0,1,0
5.025025025025025,-0.009678661209133417,0.15848996029470017,0.994329045662251,-0.035312195417226744,0.0048177742937620775,-0.025741725741922447,0.1337248513571274,0.12891676785736936,0,1,0
5.045045045045045,-0.00649264242170452,0.15930093937144482,0.99359439011877,-0.03673277717404945,0.0034902721919021647,-0.06637510509299555,0.13378325734630409,0.12935892496541762,0,1,0
5.065065065065065,-0.0032926664473897724,0.15999879871573738,0.9928387758397632,-0.03778071395034419,0.0021864329793077945,-0.06519196062971855,0.1339526549000196,0.12941182921851752,0,1,0
5.085085085085085,-8.355807429012057e-05,0.16045541865498258,0.9920655377256969,-0.038661905703312474,0.00013221831744987216,-0.10271073309289608,0.13429729294425202,0.13017461810509764,0,1,0
5.105105105105105,0.0031291655248950443,0.16063617995925825,0.9912911133196302,-0.03872122030333716,-0.0014674973236119676,-0.079985782053092,0.13465430154171895,0.13019641605813081,0,1,0
5.125125125125125,0.00633721941981239,0.1604026947458673,0.9905211251245326,-0.03849940975487958,-0.0024384188295304044,-0.048546075295921864,0.13479651015066696,0.12985728471763666,0,1,0
5.145145145145145,0.009534571407003985,0.1598675993595797,0.9897526472719078,-0.03842389263124002,-0.003618883267870072,-0.059023221916983316,0.13484309133334316,0.12995761735352945,0,1,0
5.165165165165165,0.012717436206583842,0.15914323997899288,0.988987847083511,-0.03824000941984304,-0.004998108312639699,-0.06896125223848136,0.13500901161393497,0.13019482417974088,0,1,0
5.185185185185185,0.015881208440977686,0.15818861171969212,0.9882326788651283,-0.037758410919129806,-0.006582300941360065,-0.07920963143601822,0.1352760555457998,0.13056212108413479,0,1,0
5.205205205205205,0.01902055467034491,0.15696731146836126,0.9874965071987637,-0.03680858331823459,-0.008507258422851183,-0.0962478740745558,0.1356375274926709,0.1311459638689836,0,1,0
5.225225225225225,0.02212895385765848,0.15541995936567843,0.9867932818207473,-0.03516126890082003,-0.010185727833436676,-0.08392347052927465,0.1359741162559877,0.1313428948702595,0,1,0
5.245245245245245,0.025199065724842373,0.15350559335919464,0.9861308173778838,-0.03312322214317901,-0.012306051138305714,-0.10601616524345187,0.13628617129946566,0.1319836261470696,0,1,0
5.265265265265265,0.028223732628603736,0.15123334518806822,0.9855231273354784,-0.03038450212026518,-0.013830763917507781,-0.07623563896010348,0.13653081211017304,0.1318957496271196,0,1,0
5.285285285285285,0.03119429449773138,0.1485280934563822,0.9849723871312548,-0.02753701021118171,-0.014546391875728787,-0.03578139791105027,0.13640520435701242,0.13125560322202262,0,1,0
5.305305305305305,0.03410547676468507,0.14555911334768432,0.9844671201126838,-0.025263350928553245,-0.01595773846846158,-0.07056732963663959,0.13627013455447015,0.13158848634534653,0,1,0
5.325325325325325,0.03695414079063779,0.142433201297636,0.984010173058227,-0.02284735272284026,-0.017082112510561177,-0.05621870210497992,0.13638348577423903,0.13156066290706686,0,1,0
5.345345345345345,0.03973503505384075,0.13904471316014821,0.983602681827813,-0.02037456152070275,-0.018610207133895412,-0.07640473116671165,0.1364820695774332,0.1319805742207386,0,1,0
5.365365365365365,0.04244340913625511,0.13541870412071785,0.9832522064945136,-0.01752376666496595,-0.019855623559844077,-0.06227082129743351,0.13664722056886122,0.13204281915005775,0,1,0
5.385385385385385,0.04507318568241493,0.1314888273079909,0.9829619537087623,-0.014512639287569547,-0.020877954132557688,-0.05111652863568035,0.13664285605109702,0.13196626894269423,0,1,0
5.405405405405405,0.047619527114180195,0.12731707158826316,0.9827305738830148,-0.011568991287373903,-0.021764306079465258,-0.04431759734537864,0.13656114470448202,0.13186787940405992,0,1,0
5.425425425425425,0.05007875831656171,0.12296156011907575,0.9825552624341116,-0.008765572445159974,-0.02300658872758881,-0.06211413240617743,0.13655383930815174,0.13218291485325911,0,1,0
5.445445445445445,0.05244758170278872,0.1184411693113507,0.9824404508698501,-0.005740578213077071,-0.024798253160698933,-0.08958322165550604,0.1367859630434587,0.13291276995723364,0,1,0
5.465465465465465,0.05472050456464371,0.1136461430927492,0.9824002214531238,-0.0020114708363140246,-0.026152923774413202,-0.0677335306857135,0.13704109600364406,0.1330472959728383,0,1,0
5.485485485485485,0.05689082369798588,0.10851595666710843,0.9824401071424836,0.0019942844679953576,-0.0281183483871329,-0.09827123063598454,0.13710007751989073,0.1336888245934998,0,1,0
5.505505505505505,0.05895250670087015,0.10308415014421345,0.9825702730292302,0.006508294337327412,-0.029389136259492667,-0.06353939361798874,0.13724228122434254,0.13358418072208186,0,1,0
5.525525525525525,0.06089765126421867,0.09725722816742624,0.9827909818893623,0.0110354430066062,-0.029954720374635476,-0.02827920575714015,0.13691196757587776,0.1329586498705737,0,1,0
5.545545545545545,0.06272182238065667,0.09120855582190017,0.9830878536306167,0.014843587062717847,-0.03030545568529565,-0.017536765533008793,0.13638186097821572,0.13242735139000955,0,1,0
5.565565565565565,0.0644235040007515,0.08508408100474155,0.9834450381071392,0.01785922382612609,-0.030742943158042674,-0.021874373637351435,0.1359667320421575,0.13220966618550928,0,1,0
5.585585585585585,0.06600180363139095,0.07891498153197231,0.9838530713756651,0.020401663426295475,-0.031307303039776954,-0.028217994086713757,0.13572567455277626,0.13220907532145168,0,1,0
5.605605605605605,0.06745505399468005,0.07266251816445493,0.9843082796618913,0.02276041431130444,-0.031512391029639736,-0.010254399493138559,0.13556098874355127,0.13197090107721232,0,1,0
5.625625625625625,0.06878149176034029,0.06632188828301207,0.9848045892407609,0.024815478943478214,-0.03174710542517224,-0.011735719776625582,0.13526677000687937,0.1318506017676967,0,1,0
5.645645645645645,0.06998065086281613,0.05995795512379193,0.98533580335773,0.02656070584845333,-0.031943155393476336,-0.009802498415204976,0.1350704379328021,0.13179260948506025,0,1,0
5.665665665665665,0.07105192294756127,0.05356360423725686,0.9858980990928975,0.028114786758374834,-0.03215252258369331,-0.010468359510848567,0.13488856237676572,0.13178954583728444,0,1,0
5.685685685685685,0.07199452426993525,0.04713006611869912,0.9864886891162693,0.029529501168589895,-0.031831504354325905,0.016050911468370427,0.134730296390044,0.13144640288465761,0,1,0
5.7057057057057055,0.07280819190057504,0.040683381531989846,0.9871001007817266,0.030570583272863595,-0.03153029162781829,0.015060636325379875,0.13436056316644435,0.1312324711450732,0,1,0
5.7257257257257255,0.07349498729122417,0.03433976953245638,0.9877237168014781,0.031180800987571436,-0.03190131911763877,-0.01855137449102402,0.1341094162283145,0.13159144295509134,0,1,0
5.7457457457457455,0.07405585008567751,0.028043139722667244,0.9883611633157963,0.03187232571590925,-0.031876220883748356,0.0012549116945207994,0.1342056837916315,0.1316266884871013,0,1,0
5.7657657657657655,0.07448978230528921,0.021696610980584816,0.9890143317899422,0.032658423707298996,-0.032296915620418414,-0.0210347368335022,0.13397102202882824,0.1318837878401803,0,1,0
5.7857857857857855,0.07479681126027433,0.015351447749255967,0.9896835461990674,0.03346072045625567,-0.0324483683544558,-0.007572636701869504,0.1339758988391898,0.1319359025256867,0,1,0
5.8058058058058055,0.07497522506256124,0.008920690114345401,0.990369585206626,0.03430195037792885,-0.03203474491202685,0.020681172121447502,0.13380852607702137,0.13159927704449048,0,1,0
5.8258258258258255,0.07502527548589341,0.0025025211666082608,0.991064953588465,0.03476841909195105,-0.03214344612928302,-0.005435060862808837,0.13333311502406542,0.13165958047107698,0,1,0
5.8458458458458455,0.07494870537138157,-0.003828505725592145,0.991763549781481,0.03492980965079876,-0.03198910504939354,0.007717053994473791,0.13324928184262214,0.13162185476947982,0,1,0
5.865865865865866,0.07474526674302535,-0.010171931417810462,0.9924635573230957,0.03500037708073569,-0.03156418586229187,0.02124595935508356,0.1330145754685159,0.13141259007959682,0,1,0
5.885885885885886,0.07441595129610748,-0.01646577234589404,0.9931584197443363,0.034743121062031694,-0.030982823162620382,0.02906813498357401,0.13271691756239973,0.13120142181512134,0,1,0
5.905905905905906,0.07396307220264399,-0.022643954673174805,0.9938406586758183,0.034111946574098634,-0.030762246492647003,0.011028833498669,0.13234489745894656,0.1312598329530705,0,1,0
5.925925925925926,0.07338906139512127,-0.02870054037613547,0.9945057104885923,0.03325259063870058,-0.03038950032129979,0.018637308567360636,0.1322387405300549,0.13126635043347096,0,1,0
5.945945945945946,0.07269514408501225,-0.03469586550545121,0.9951521390567957,0.03232142841017171,-0.030189261867973494,0.010011922666314385,0.13197124489532286,0.1313252694818091,0,1,0
5.965965965965966,0.07188294577997234,-0.04060991525199534,0.9957769140151416,0.031238747917296417,-0.02985207830901943,0.016859177947703596,0.1318367743369973,0.13132423947208893,0,1,0
5.985985985985986,0.07095348109524911,-0.04647323423616141,0.996378068753511,0.0300577369184726,-0.029408633328282727,0.022172249036834797,0.13163012170031085,0.13126510654035883,0,1,0
6.006006006006006,0.06990824067945503,-0.05226202078970398,0.996951724807682,0.02868280270855284,-0.02865895448771583,0.03748394202834464,0.1314765484542894,0.13111734577977507,0,1,0
6.026026026026026,0.06874957026300786,-0.05793352082235826,0.9974934923250051,0.027088375866153674,-0.028342003892794686,0.015847529746057177,0.13105742462909634,0.13118571769718632,0,1,0
6.046046046046046,0.06748077030072447,-0.06343999811416949,0.997998286930251,0.025239730262297724,-0.028329411644883364,0.0006296123955658803,0.13081363805585047,0.13137924460210973,0,1,0
6.066066066066066,0.06610329498922282,-0.0688737655750821,0.9984654291492009,0.02335711094749284,-0.02847163011881745,-0.007110923696703843,0.1305997039232117,0.13152981928453739,0,1,0
6.086086086086086,0.06461740965642254,-0.07429426664001423,0.9988940126012321,0.02142917260155875,-0.02865449672976527,-0.00914333054739162,0.13036629045820805,0.13160160218491238,0,1,0
6.106106106106106,0.06302279792637755,-0.07973058650224954,0.9992816595611216,0.01938234799447124,-0.028767133412709513,-0.005631834147211542,0.13011572718840791,0.1315904910648858,0,1,0
6.126126126126126,0.06131878568028444,-0.08520061230465552,0.9996245085087301,0.017142447380424607,-0.02828014994081181,0.024349173594884713,0.13005389945156537,0.13140782224832298,0,1,0
6.146146146146146,0.05950537284192069,-0.0906706419181876,0.9999189636823834,0.014722758682665506,-0.027736134921898702,0.027200750945656212,0.1297090311870191,0.13126813543953417,0,1,0
6.166166166166166,0.057584467648229734,-0.09604525968454776,1.0001579440702177,0.011949019391715821,-0.02642628028677588,0.06549273175614044,0.12980633739202155,0.13108502493845486,0,1,0
6.186186186186186,0.05555864260146411,-0.10129125233828098,1.0003402854037755,0.009117066677889954,-0.02521853753042382,0.06038713781760285,0.12949305734344305,0.13102099943035,0,1,0
6.206206206206206,0.05343358781630395,-0.1062527392580081,1.0004605859887898,0.006015029250716545,-0.02464978011906574,0.028437870567904422,0.12903242692602965,0.13118188073130566,0,1,0
6.226226226226226,0.05121421710549499,-0.11096853554044818,1.0005145810866023,0.00269975489062639,-0.024312496243189957,0.016864193793789038,0.128794062686096,0.1313385248963123,0,1,0
6.246246246246246,0.048902759092243536,-0.1155729006625725,1.0005011735533251,-0.0006703766638548572,-0.023727114763418836,0.029269073988555834,0.12874394173484438,0.1313771544801058,0,1,0
6.266266266266266,0.046500202576597,-0.12012782578232686,1.0004202849715165,-0.004044429090433817,-0.02204119516861605,0.0842959797401398,0.12919737894397187,0.13131970651032704,0,1,0
6.286286286286286,0.044009361115686825,-0.12454207304550846,1.000277894900248,-0.007119503563419538,-0.020836163837020482,0.060251566579778135,0.12882110568309862,0.13142041280633057,0,1,0
6.306306306306306,0.0414367679879077,-0.12862965638895638,1.0000701263810399,-0.010388425960407184,-0.01944031443193041,0.06979247025450368,0.1289509862912183,0.13160387706500626,0,1,0
6.326326326326326,0.038787345303587774,-0.1324711342159963,0.9998017796895606,-0.013417334573960672,-0.01837290639467867,0.05337040186258711,0.1287268402996046,0.13176812834438031,0,1,0
6.346346346346346,0.0360667240947412,-0.13603106044232846,0.9994721317603128,-0.016482396462391056,-0.017609010632008374,0.03819478813351457,0.12849602409844818,0.13193226825607207,0,1,0
6.366366366366366,0.03327895275260728,-0.13938856710669587,0.9990803294341605,-0.019590116307615264,-0.01652052996738986,0.05442403323092585,0.12861828443714285,0.13204300422686902,0,1,0
6.386386386386386,0.030427382264994023,-0.14257852438066304,0.9986299347011562,-0.022519736650211508,-0.01587821853868611,0.03211557143518709,0.12824564515198383,0.1321573326311162,0,1,0
6.406406406406406,0.027516299425689766,-0.14555414196521277,0.9981172477455023,-0.025634347782699313,-0.015202951507392759,0.03376335156466778,0.12815684796103033,0.13226305266996205,0,1,0
6.426426426426427,0.02454814036823601,-0.14840795287268768,0.9975426178248564,-0.028731496032288775,-0.014145067017946447,0.052894224472315746,0.12831305700207127,0.13237080059100848,0,1,0
6.446446446446447,0.02152527846399571,-0.15114309521201505,0.9969100538731028,-0.03162819758768012,-0.012294696871431058,0.09251850732576938,0.12891420980852553,0.13261001778381545,0,1,0
6.466466466466467,0.018451748568210122,-0.15367649478927942,0.9962321195192425,-0.03389671769301871,-0.010070565612940117,0.11120656292454716,0.12944595896399672,0.13299546136515117,0,1,0
6.486486486486487,0.015334986763966219,-0.1558380902121951,0.9955225400521265,-0.03547897335580046,-0.008319527160333691,0.08755192263032141,0.1294346467228593,0.13337708621649663,0,1,0
6.506506506506507,0.012183495543484722,-0.1575745610240748,0.9947869286996184,-0.03678056762540374,-0.006464578502144137,0.09274743290947751,0.1297186210374944,0.13368614155838823,0,1,0
6.526526526526527,0.0090039835002717,-0.15897560216065115,0.9940341587920268,-0.03763849537957663,-0.0043435755875264725,0.10605014573088321,0.13013386740277819,0.13399575855826704,0,1,0
6.546546546546547,0.005804145923178648,-0.15999187885465255,0.9932750392163165,-0.037955978785516195,-0.0029906020092477395,0.06764867891393667,0.12978691300943954,0.13421983498141174,0,1,0
6.566566566566567,0.00259239468252324,-0.16058756203277041,0.992507800981095,-0.03836191176107389,-0.00210396534229781,0.04433183334749648,0.1294051261420022,0.13425507802068662,0,1,0
6.586586586586587,-0.0006261170322672087,-0.16092558573952243,0.9917273375083013,-0.03902317363968592,-0.0010273999401231937,0.05382827010873082,0.12940790247629638,0.13425490302429607,0,1,0
6.606606606606607,-0.003847921298431687,-0.16109021330822393,0.9909337087869637,-0.039681436066881334,0.00024482565850680784,0.06361127993150009,0.12955665575614497,0.13437597998592196,0,1,0
6.626626626626627,-0.00706889977868836,-0.16104892401283363,0.9901309313609994,-0.04013887129821743,0.00185888728728911,0.0807030814391151,0.12996696493466786,0.13463540315769626,0,1,0
6.646646646646647,-0.01028411119361759,-0.1607605707464614,0.9893289377154694,-0.0400996822764993,0.003763641407432318,0.0952377060071604,0.1304989493941916,0.1350133800992762,0,1,0
6.666666666666667,-0.013487066269065717,-0.1601477537724064,0.9885412011647587,-0.03938682753553017,0.005565239457857122,0.0900799025212402,0.13079402369861381,0.13538873942300284,0,1,0
6.686686686686687,-0.016670244450210814,-0.1591589090572548,0.987777619147227,-0.03817910087658799,0.007322926511355665,0.08788435267492702,0.13105087437451557,0.13567964374714736,0,1,0
6.706706706706707,-0.019826488046493156,-0.15781217981411713,0.987046250016055,-0.03656845655860113,0.009010275568338019,0.08436745284911776,0.1312382211074124,0.13590853735791078,0,1,0
6.726726726726727,-0.02294860723542612,-0.15610595944664815,0.9863531844002719,-0.03465328078915431,0.010228380660680252,0.060905254617111666,0.13102332154413235,0.13600222371913506,0,1,0
6.746746746746747,-0.02603005299213082,-0.15407228783523505,0.9856965353208382,-0.03283245397168389,0.011371508584388132,0.05715639618539406,0.13093661382688304,0.13597933264132772,0,1,0
6.766766766766767,-0.029066118474085294,-0.1518032740977237,0.9850745977854279,-0.03109687677051611,0.012591334967684916,0.06099131916483916,0.1310140882394235,0.13601143149480124,0,1,0
6.786786786786787,-0.03205250237459061,-0.14931919502526578,0.9844889127533867,-0.02928425160206283,0.014212839162691416,0.0810752097503249,0.13148558201831773,0.13619725978217637,0,1,0
6.806806806806807,-0.03498410544094485,-0.14658015331771196,0.9839491249376866,-0.026989390785002915,0.015621914313998146,0.07045375756533656,0.13163244796312137,0.1364354724676686,0,1,0
6.826826826826827,-0.037854774745662664,-0.1435334652358908,0.9834608088011803,-0.02441580682531605,0.017463525819779196,0.09208057528905253,0.13221000063790894,0.13666353210042798,0,1,0
6.846846846846847,-0.040658795030773735,-0.1402010142555536,0.9830357657487439,-0.02125215262181883,0.019464286324680495,0.10003802524506505,0.1327754922566206,0.1370154561411099,0,1,0
6.866866866866867,-0.04338850964904609,-0.136485730913618,0.9826874044260195,-0.01741806613621597,0.021162339886715415,0.08490267810174587,0.13293524448062033,0.1372498003279264,0,1,0
6.886886886886887,-0.04603585191734698,-0.13236711341504434,0.9824213433302419,-0.013303054788880778,0.02255331771279602,0.06954889130402997,0.1328484051708655,0.13724711369062875,0,1,0
6.906906906906907,-0.04859403297252086,-0.12790905275869396,0.982236042521009,-0.009265040461642844,0.02350485314902608,0.04757677181150355,0.13248971775924492,0.13707286464258905,0,1,0
6.926926926926927,-0.05105788912917117,-0.12319280783251568,0.982123413089575,-0.005631471571705513,0.024416051359494057,0.045559910523398514,0.13229822264029845,0.13681400349943648,0,1,0
6.946946946946947,-0.05342400079468676,-0.11830558327577949,0.9820766313956604,-0.0023390846957306428,0.025475405618908577,0.052967712970725486,0.13236542347505112,0.13667554931277054,0,1,0
6.966966966966967,-0.05568891103900441,-0.11324551221588271,0.982094495751882,0.0008932178110824442,0.026616488314263748,0.057054134767758856,0.13253074026792336,0.1366569898754266,0,1,0
6.986986986986987,-0.05784843672431256,-0.10797628426540715,0.9821790165529098,0.004226040051389936,0.027679850305112903,0.053168099542458123,0.13261809527518637,0.136650001467143,0,1,0
7.007007007007007,-0.059897972941376665,-0.10247681085320531,0.9823312064688061,0.007609495794813488,0.028349252398344533,0.03347010466158122,0.13239374682312524,0.13654139494726436,0,1,0
7.027027027027027,-0.06183388357979648,-0.09679553192099086,0.9825459602368773,0.010737688403562087,0.029402000016606793,0.05263738091311328,0.1326051860313528,0.1363531437957835,0,1,0
7.047047047047047,-0.06365341373371652,-0.09097650769600225,0.9828234922677217,0.01387660154221843,0.03016164468576961,0.03798223345814043,0.13256836895885477,0.1363379368931389,0,1,0
7.067067067067067,-0.0653524234471422,-0.08495048567128416,0.9831628571362937,0.016968243428600364,0.030493937648751277,0.016614648149083075,0.13222094176805982,0.13611670214377128,0,1,0
7.087087087087087,-0.06692800477846031,-0.07877906656590554,0.9835554913860071,0.019631712485668605,0.030025540428211588,-0.02341986102698429,0.13140561331248057,0.13570819482599494,0,1,0
7.107107107107107,-0.06838029682654935,-0.07261460240445212,0.9839831878907193,0.021384825235612078,0.030584313390165,0.027938648097670146,0.131684227550595,0.13519651485621567,0,1,0
7.127127127127127,-0.06971098407726131,-0.06653436253559795,0.9844425230122167,0.022966756074871794,0.03080570646923742,0.011069653953621139,0.13172484297124218,0.1352936094566855,0,1,0
7.147147147147147,-0.07091823407654511,-0.06036249996419036,0.984935443728182,0.0246460357982655,0.03135622946948826,0.027526150012542456,0.1319635805486923,0.1351507768797652,0,1,0
7.167167167167167,-0.07200113160753799,-0.054144876549643506,0.9854633165866687,0.02639364292433741,0.03172625028542317,0.018501040796745714,0.1320413687983885,0.13515848281640702,0,1,0
7.187187187187187,-0.07295711017048877,-0.04779892814753929,0.9860273121566695,0.028199778500039727,0.030984989113611104,-0.03706305859060358,0.13130856378605177,0.1350003431143479,0,1,0
7.207207207207207,-0.0737859410810821,-0.04144154552966604,0.9866141632065278,0.029342552492919255,0.030932352417290206,-0.002631834816044551,0.13127434246390632,0.13438988495165127,0,1,0
7.227227227227227,-0.07449093448066414,-0.035249669979102595,0.9872143981148699,0.030011745417100007,0.031068691318939187,0.006816945082448589,0.13150207134613773,0.13432364020814422,0,1,0
7.247247247247247,-0.07507231253457379,-0.02906890269548268,0.9878304054091713,0.030800364715070305,0.03112387800641164,0.002759334373622551,0.13159403043650025,0.13428604892258705,0,1,0
7.267267267267267,-0.07552989443355355,-0.022879094948988515,0.988462962248755,0.031627841979183384,0.03151787237530861,0.019699718444848524,0.13186800556449596,0.13414073457938108,0,1,0
7.287287287287287,-0.07586374880862043,-0.016692718753343445,0.9891139549153705,0.032549633330774416,0.03237279668259426,0.04274621536428235,0.13236245719413525,0.13409586380193778,0,1,0
7.307307307307307,-0.07607183561286081,-0.010404340212018911,0.989789977889065,0.033801148684726647,0.03252770755025911,0.007745543383242903,0.1322575093262089,0.13419873687366027,0,1,0
7.327327327327327,-0.07615106036780715,-0.003961237747317414,0.9904908725560921,0.03504473335135892,0.032478543490032576,-0.0024582030113270547,0.1319893127590064,0.13384551366935385,0,1,0
7.347347347347347,-0.07610158726582544,0.002473655099085618,0.9912073971813907,0.035826231264931244,0.032861527911178225,0.01914922105728198,0.13207214528913158,0.13341679591376368,0,1,0
7.367367367367367,-0.07592382319516294,0.008888203533124767,0.9919344232201537,0.0363513019381506,0.033152288957221,0.014538052302138216,0.13210336898766226,0.1332530813899465,0,1,0
7.387387387387387,-0.07561617355032159,0.01538248224206762,0.992669930120102,0.03677534499741519,0.03269653975706532,-0.022787460007783266,0.13169521472217555,0.1330965666929944,0,1,0
7.407407407407407,-0.07517801039881213,0.021908157575473465,0.9934055108157067,0.036779034780235656,0.03194155515784062,-0.03774922996123492,0.1312394348448853,0.13264101215183105,0,1,0
7.4274274274274275,-0.07461175035735122,0.028313002073045306,0.9941277283297398,0.03611087570165793,0.031037652164839058,-0.04519514965007813,0.13091299817499566,0.1322338611919646,0,1,0
7.4474474474474475,-0.07392108623209477,0.034533206262822316,0.9948258249838728,0.034904832706649694,0.03047070484460759,-0.028347366011573824,0.13088788728822678,0.13180750954860423,0,1,0
7.4674674674674675,-0.07311010353594524,0.040549134807476635,0.9954932449989656,0.03337100075464035,0.030398567681607105,-0.0036068581500241677,0.13113825269926135,0.13152003255407071,0,1,0
7.4874874874874875,-0.07218131358721531,0.046439497436496065,0.9961295305986301,0.031814279983221935,0.030747453466560246,0.017444289247656928,0.13148564320699963,0.13133569182286686,0,1,0
7.5075075075075075,-0.07113479015289499,0.05232617171601641,0.9967371290540555,0.030379922771272952,0.030639502042196457,-0.005397571218189408,0.13150533729404257,0.13138183379779994,0,1,0
7.5275275275275275,-0.06996959588590447,0.05825971334952629,0.9973169959214302,0.028993343368734856,0.030763884846822773,0.0062191402313161205,0.13153308069404915,0.13099571573392382,0,1,0
7.5475475475475475,-0.06868629068158795,0.06416526021582619,0.9978638587486925,0.0273431413631183,0.030543468307548848,-0.011020826963696322,0.13145233635854534,0.130870083911263,0,1,0
7.5675675675675675,-0.06728463395986024,0.07008283608638545,0.9983746727849994,0.025540701815342504,0.030026337758908117,-0.02585652743203658,0.13126629436792553,0.1306286892794273,0,1,0
7.587587587587588,-0.0657660190110308,0.07593074744147217,0.9988431637143879,0.023424546469424552,0.02962486805733316,-0.02007348507874771,0.1311913376464458,0.13023742128448124,0,1,0
7.607607607607608,-0.06413256782066987,0.0816725595180467,0.9992625229313755,0.02096796084938039,0.028706049893926323,-0.04594090817034206,0.13103953455325598,0.13018872256489628,0,1,0
7.627627627627628,-0.062386551621592685,0.0873008099538589,0.999629868509449,0.01836727890367302,0.02836181415708342,-0.0172117868421451,0.1310759588831999,0.12962369229800835,0,1,0
7.647647647647648,-0.06053194696301567,0.09273023292885058,0.9999375198520982,0.015382567132459122,0.028290148618018894,-0.0035832769532264126,0.13122031740650714,0.12932413981588478,0,1,0
7.667667667667668,-0.05857028562755217,0.09808306677317516,1.0001832674832625,0.012287381558209437,0.02820535546803822,-0.004239657499033376,0.13126797074753704,0.12909630542557282,0,1,0
7.687687687687688,-0.05650195931200115,0.10341631577755088,1.0003645041808,0.009061834876879008,0.027768540913784882,-0.02184072771266698,0.13120921780771616,0.12898903500247025,0,1,0
7.707707707707708,-0.05432733304682377,0.10873131325886902,1.0004788365460384,0.005716618261922919,0.02668435331494736,-0.05420937994187624,0.13108608611162006,0.12904320795885632,0,1,0
7.727727727727728,-0.052048163360635225,0.11395848430942743,1.0005253490971653,0.00232562755633939,0.024984008098300287,-0.08501726083235375,0.13099890249346186,0.12916353509832132,0,1,0
7.747747747747748,-0.049668675468270654,0.11897439461822867,1.0005047063916812,-0.001032135274200687,0.022756200188207405,-0.11139039550464416,0.13101169317769532,0.1293764885034945,0,1,0
7.767767767767768,-0.047195600127251464,0.12365376705095937,1.0004204809603214,-0.0042112715679913475,0.020478007920658833,-0.1139096133774287,0.13115759413283493,0.12944699313159475,0,1,0
7.787787787787788,-0.04463780923164888,0.1278895447801291,1.0002761403397613,-0.007217031028001021,0.018590944081118083,-0.09435319197703712,0.13141587335238905,0.12934189573429558,0,1,0
7.807807807807808,-0.04200403451299929,0.13168873593247962,1.0000741980831733,-0.010097112829396902,0.016609796323665254,-0.09905738787264164,0.13166111689481097,0.1295321308517023,0,1,0
7.827827827827828,-0.03930164043036564,0.13511970413168267,0.9998212996335477,-0.01264492248128152,0.014719743787054713,-0.09450262683052715,0.13188703798257845,0.12959275369963158,0,1,0
7.847847847847848,-0.03653853583451054,0.13815522979275488,0.9995218713044349,-0.014971416455640471,0.013259328623117921,-0.07302075819683945,0.13213212052918652,0.1294423029135622,0,1,0
7.867867867867868,-0.0337227221058225,0.14079068643440204,0.999177472638055,-0.0172199333189956,0.013142667830532565,-0.0058330396292678305,0.13235103182525382,0.12861312900466076,0,1,0
7.887887887887888,-0.030859274172105516,0.14317239668584916,0.9987791844388787,-0.01991440995881595,0.012067765734297407,-0.05374510481175797,0.13239181607991662,0.129072298651258,0,1,0
7.907907907907908,-0.027949195979875465,0.14550390961150256,0.9983344688358705,-0.022235780150409994,0.011526178303969856,-0.027079371516377456,0.13245291460135056,0.1286114319997552,0,1,0
7.927927927927928,-0.024996438347145017,0.14763788163652236,0.9978374997030427,-0.024848456641393176,0.010457600496179083,-0.053428890389538575,0.13256848116528086,0.12888760441509498,0,1,0
7.947947947947948,-0.022003328176708453,0.14965550852182818,0.9972941538636204,-0.027167291971113956,0.009478813121298998,-0.04893936874400438,0.1327122623957711,0.12881668879254374,0,1,0
7.967967967967968,-0.018973956605075615,0.1514685785816418,0.9967055999377321,-0.029427696294414076,0.008263979082448778,-0.06074170194251098,0.13290673043962117,0.12901546826471888,0,1,0
7.987987987987988,-0.0159123984142728,0.1530779095401407,0.9960777440577219,-0.03139279400051444,0.007390044038656499,-0.0436967521896139,0.13308856632078023,0.1288312903923719,0,1,0
8.008008008008009,-0.01282347988898376,0.154445926264452,0.9954106306264225,-0.03335567156496389,0.006710977895124959,-0.03395330717657695,0.13321389046734092,0.12866710295028913,0,1,0
8.028028028028029,-0.009710447209410425,0.15565163397866674,0.994703747693051,-0.0353441466685778,0.0056495155424250605,-0.05307311763499506,0.13334428529204798,0.12889150945082595,0,1,0
8.048048048048049,-0.0065761696973678325,0.15671387560212963,0.9939624077817812,-0.037066995563488574,0.0047464586659405625,-0.045152843824224825,0.1335192672768673,0.12882485971849955,0,1,0
8.068068068068069,-0.003424289364517895,0.15759401664249686,0.993188274084799,-0.038706684849108816,0.0028550322619339437,-0.09457132020033096,0.13383508296891325,0.12967727554959735,0,1,0
8.088088088088089,-0.0002584848469970014,0.1582902258760447,0.9923987030123942,-0.03947855362024403,0.0008467901834793191,-0.1004121039227312,0.13429809686078448,0.1301692869608183,0,1,0
8.108108108108109,0.00291387568179563,0.15861802643963158,0.9916078859922584,-0.039540851006789966,-0.0012391731459886032,-0.10429816647339613,0.13475832162807885,0.13065266749498497,0,1,0
8.128128128128129,0.006084650958390626,0.1585387638297498,0.9908298182909374,-0.03890338506604859,-0.0028555529576276568,-0.08081899058195269,0.1350679795406039,0.1306309877988945,0,1,0
8.148148148148149,0.009245966860679636,0.1580657951144505,0.9900687526299868,-0.038053283047530896,-0.004903586721379713,-0.10240168818760279,0.1353269186345517,0.13115229733257405,0,1,0
8.168168168168169,0.012391014298430763,0.15725237188755636,0.9893362189507566,-0.03662668396151227,-0.006365683401860747,-0.0731048340240518,0.13553400384405695,0.13097157278928295,0,1,0
8.188188188188189,0.01551167088234128,0.15603282919552586,0.9886325492163635,-0.03518348671965881,-0.0074540881088425975,-0.054420235349092405,0.13554151526638294,0.13070050386938356,0,1,0
8.208208208208209,0.018602481185830032,0.1545405151744376,0.9879537787533748,-0.03393852314943631,-0.00890181495153548,-0.07238634213464425,0.1355657563601821,0.13093121315980913,0,1,0
8.228228228228229,0.021658881868408544,0.15282003412892559,0.9873036307921302,-0.03250739806222793,-0.010023269371783472,-0.05607272101239934,0.13566420825681735,0.13080368415737254,0,1,0
8.248248248248249,0.024675184811614945,0.15081514716032005,0.9866816002820303,-0.031101525504996216,-0.01097723468106849,-0.047698265464251044,0.1356680539843705,0.13067360579699264,0,1,0
8.268268268268269,0.027646604891205417,0.14857100397952352,0.986085748184292,-0.029792604886917224,-0.011075382260889256,-0.004907378991038366,0.13549829097086868,0.1298925226256744,0,1,0
8.288288288288289,0.030569703456040247,0.14615492824174148,0.9855019238732844,-0.029191215550376206,-0.011045070820430648,0.0015155720229305097,0.13516699028293108,0.12938535141374297,0,1,0
8.308308308308309,0.03344465467727992,0.1437475610619833,0.9849176898081897,-0.02921170325473567,-0.011737108720444908,-0.0346018950007129,0.1351122059376469,0.12973321855859757,0,1,0
8.328328328328329,0.03627179368287187,0.1413569502795974,0.9843373882810272,-0.029015076358125183,-0.013238748260960248,-0.07508197702576698,0.13553205598701554,0.13067881044480023,0,1,0
8.348348348348349,0.03904793136146296,0.1388068839295546,0.9837812110251157,-0.02780886279557393,-0.014588164120892021,-0.06747079299658855,0.13606136094059287,0.13114825680287942,0,1,0
8.368368368368369,0.041767422140784244,0.13597453896606426,0.9832638558016297,-0.025867761174304348,-0.0166312647185398,-0.10215502988238911,0.13655116174676965,0.1321631204552419,0,1,0
8.388388388388389,0.04442439306707354,0.13284854631446497,0.9828075004835258,-0.02281776590519268,-0.018446523879378403,-0.09076295804192999,0.13707012293979423,0.13264750635691366,0,1,0
8.408408408408409,0.047010764214679646,0.12931855738030515,0.9824268235844569,-0.019033844953448013,-0.02050924003970791,-0.10313580801647525,0.1373926056137429,0.13326132983992126,0,1,0
8.428428428428429,0.049519132401541925,0.12541840934311382,0.9821354967892996,-0.014566339757867211,-0.022648889830289395,-0.1069824895290742,0.13769796024943196,0.13378138806503184,0,1,0
8.448448448448449,0.05194028707090116,0.12105773346796199,0.9819455029160609,-0.009499693661933454,-0.023236135948268146,-0.029362305898937652,0.1376046008458182,0.13280432202327255,0,1,0
8.468468468468469,0.0542665110946198,0.11631120118593205,0.9818407101569233,-0.005239637956877109,-0.023812157900929356,-0.028801097633060525,0.136975162901143,0.13224050653121633,0,1,0
8.488488488488489,0.05649605988750385,0.11147743964420231,0.9818033146298857,-0.0018697763518804138,-0.024518280800978794,-0.03530614500247233,0.13663604095873746,0.13207428197991383,0,1,0
8.508508508508509,0.05862670493941352,0.10653225259548374,0.9818257174603335,0.0011201415223908986,-0.024827757093014033,-0.015473814601761626,0.13640553923406232,0.13167089715986985,0,1,0
8.528528528528529,0.060656388315146685,0.1014841687866583,0.9818984095536184,0.0036346046642431328,-0.02568507023329755,-0.04286565701417587,0.13618463950647414,0.13190414453792645,0,1,0
8.548548548548549,0.06258414297931492,0.09638773320841183,0.9820214992318685,0.0061544839125057356,-0.027045739121303786,-0.06803344440031199,0.1363472786602797,0.13254608295083609,0,1,0
8.568568568568569,0.06440673859110252,0.09112978058938045,0.982206772319318,0.009263654372470268,-0.029249346704144565,-0.11018037914203875,0.13672378496153448,0.13369047299649245,0,1,0
8.588588588588589,0.06611786532633629,0.08555633676168836,0.9824765556672322,0.0134891673957136,-0.030957627678454138,-0.08541404871547865,0.13714764611620747,0.13405050461308574,0,1,0
8.608608608608609,0.06770884128814124,0.07954879809024734,0.98284213635723,0.018279034499882822,-0.03293758369026706,-0.09899780059064654,0.13712045818851246,0.13446742849786206,0,1,0
8.62862862862863,0.0691723966946438,0.07317777032512765,0.9833089970904071,0.02334303665885575,-0.034185487207612344,-0.06239517586726448,0.13706359853306063,0.13420783216470697,0,1,0
8.64864864864865,0.07050034913276715,0.06639762190616749,0.9838721118682179,0.02815573889053884,-0.033932946113496315,0.012627054705801846,0.13652359988282964,0.1328933759342547,0,1,0
8.66866866866867,0.07168899944769537,0.05943251574641137,0.9845037742482331,0.031583119000760676,-0.033277421824879194,0.032776214430856085,0.13548587185937297,0.13172370139486614,0,1,0
8.68868868868869,0.07274089312065646,0.05259468364805439,0.9851712787617379,0.03337522567524344,-0.032900932569581286,0.018824462764895196,0.13469564083179508,0.1312401487798582,0,1,0
8.70870870870871,0.0736593761781299,0.04592415287367234,0.9858558242498844,0.034227274407325176,-0.032562982163003906,0.016897520328869153,0.13431706019550174,0.13102711563154495,0,1,0
8.72872872872873,0.07444618575425813,0.03934047880641163,0.9865486881433407,0.03464319467281911,-0.031842649818861674,0.03601661720711204,0.13406197102416154,0.13065576443588553,0,1,0
8.74874874874875,0.07510348727426246,0.03286507600021673,0.987240633896233,0.034597287644611466,-0.03163228050250182,0.01051846581799195,0.13370460500316553,0.1307667112084175,0,1,0
8.76876876876877,0.07563438127160362,0.026544699867058152,0.9879281070348042,0.03437365692856273,-0.031649114226876184,-0.0008416862187179113,0.13369463143849364,0.13107697960394046,0,1,0
8.78878878878879,0.07604016131781267,0.02028900231045317,0.9886155864084766,0.03437396868362199,-0.03259302635980625,-0.047195606646502526,0.13367357358966644,0.13188042805792546,0,1,0
8.80880880880881,0.0763205498331109,0.014019425764911317,0.9893146570235746,0.0349535307548994,-0.03389743143902384,-0.06522025396087983,0.1339338212958062,0.13266373601490325,0,1,0
8.82882882882883,0.07647142581030493,0.00754379885970158,0.9900406431106499,0.03629930435376785,-0.0351228287983847,-0.061269867968043276,0.13406350622984706,0.1330594816797646,0,1,0
8.84884884884885,0.07648756490905498,0.0008069549375023183,0.9908011311081508,0.038024399875046126,-0.036210129016756534,-0.05436501091859137,0.13392258170960772,0.1331537417369112,0,1,0
8.86886886886887,0.07636391865177732,-0.006182312863883017,0.9915952335905226,0.03970512411858912,-0.036324619890742815,-0.005724543699314619,0.13373741441741827,0.13263582566231957,0,1,0
8.88888888888889,0.07609710460458435,-0.013340702359647977,0.9924123586467493,0.04085625281133598,-0.03654204912558482,-0.010871461742100155,0.13302064763985963,0.13225386838325748,0,1,0
8.90890890890891,0.07568738181948256,-0.02048613925508986,0.9932362022529626,0.04119218031066911,-0.03659325721627436,-0.0025604045344767255,0.13256685196523732,0.13196705999947866,0,1,0
8.92892892892893,0.07513445917808878,-0.027646132069688995,0.9940557610964275,0.040977942173241716,-0.03642407780444508,0.008458970591463949,0.13212326746529196,0.13164723732131284,0,1,0
8.94894894894895,0.07443880147534626,-0.03478288513712573,0.9948597270144834,0.04019829590279796,-0.036184771331199156,0.011965323662296225,0.13165604009553247,0.13139516424192998,0,1,0
8.96896896896897,0.07360148167224344,-0.041865990155141176,0.9956374855974925,0.03888792915045644,-0.03551551311052822,0.03346291103354704,0.13136147807333384,0.13107001856336756,0,1,0
8.98898898898899,0.07262424182056795,-0.048861992583774515,0.9963799154524465,0.0371214927477017,-0.035124051588899266,0.019573076081447514,0.13081755864017158,0.13094774711319052,0,1,0
9.00900900900901,0.07150992705057506,-0.05571573849964488,0.9970772739399579,0.03486792437556827,-0.03423614812535669,0.0443951731771287,0.13070657671953867,0.13075618426016083,0,1,0
9.02902902902903,0.07026070489451765,-0.062461107802870536,0.9977251711227405,0.03239485913912902,-0.03363311644275409,0.030151584130130485,0.13023232870552365,0.13069686763070887,0,1,0
9.04904904904905,0.06888034005860558,-0.06901824179560359,0.9983158659906542,0.02953474339568523,-0.03286220801809768,0.03854542123282056,0.1300839782348412,0.13067985140860974,0,1,0
9.06906906906907,0.06737119301969542,-0.07545735194550782,0.998847035897757,0.02655849535513907,-0.03149295121945941,0.06846283993191365,0.13007918196548227,0.13050152530402273,0,1,0
9.08908908908909,0.06573688195302746,-0.08171555333339811,0.9993161174860401,0.023454079414156285,-0.03050420002728943,0.049437559608498736,0.12964047894516845,0.13050814079309825,0,1,0
9.10910910910911,0.06398316262740728,-0.08768596628100904,0.999716934452941,0.020040848345041412,-0.029840895451504364,0.03316522878925314,0.12938413696551485,0.13068942659266597,0,1,0
9.12912912912913,0.06211414173160757,-0.09345104478998516,1.0000485511526882,0.016580834987359273,-0.029448702209715384,0.01960966208944951,0.12914188513145286,0.13087510369587407,0,1,0
9.14914914914915,0.060132778514960177,-0.09906816083236977,1.0003102659366485,0.013085739198019562,-0.029509641560580897,-0.00304696754327553,0.1287605383855231,0.13107052282603365,0,1,0
9.16916916916917,0.05804048236087346,-0.10461480770433569,1.0004994304742385,0.009458226879497489,-0.029006457568034057,0.025159199627342393,0.12884474209716898,0.13107949280521314,0,1,0
9.18918918918919,0.055836921914562514,-0.11017802231554741,1.0006174806676706,0.005902509671601476,-0.027686830438943207,0.06598135645454212,0.12899158849323436,0.13093788311779667,0,1,0
9.20920920920921,0.0535246771122798,-0.11561224011413539,1.0006646131156545,0.002356622399195192,-0.02681997776789783,0.043342633552268806,0.12851454910949534,0.13097224933521678,0,1,0
9.22922922922923,0.051108677985516174,-0.12079995633818161,1.0006344790326531,-0.001506704150071834,-0.025152249714899128,0.08338640264993522,0.1288821866636361,0.13103207228525782,0,1,0
9.24924924924925,0.048592724219494995,-0.12579768830105903,1.0005335687831147,-0.00504551247691673,-0.023964472221782825,0.05938887465581494,0.12848736625446022,0.1311356318505574,0,1,0
9.26926926926927,0.0459830119783271,-0.1304856120583949,1.0003577994853647,-0.008788464887502625,-0.022024121087217862,0.09701755672824824,0.1289450663456981,0.1312864413736948,0,1,0
9.28928928928929,0.043284889336861546,-0.13490613207327753,1.0001163638054702,-0.012071783994729222,-0.02131797533475415,0.0353072876231857,0.12815319362183383,0.13147764972571035,0,1,0
9.30930930930931,0.04050566378036718,-0.13896127782471854,0.9998005974703577,-0.01578831675562461,-0.02017594632367555,0.05710145055392987,0.12840224863868038,0.13166691897255808,0,1,0
9.32932932932933,0.03764804843782006,-0.14288076712735565,0.9994171201863706,-0.019173864199350577,-0.018746976963555293,0.07144846800601304,0.12849968262412204,0.13176856561820632,0,1,0
9.34934934934935,0.03471632046825042,-0.1465863984784822,0.9989690350436223,-0.02240425713741242,-0.0167498686522141,0.09985541556705932,0.12891674492791141,0.13197146629450865,0,1,0
9.36936936936937,0.03171626879429719,-0.15000258369766156,0.9984656929049257,-0.025167106934833153,-0.015077586750546487,0.0836140950833808,0.128832497879552,0.13223023329912353,0,1,0
9.38938938938939,0.028655806643715705,-0.15302310752907422,0.9979098681737194,-0.02779123656031269,-0.013775584633039252,0.06510010587536172,0.1286880536598304,0.13247881159531863,0,1,0
9.40940940940941,0.02554144282036022,-0.15571819116777422,0.997303256218759,-0.030330597748018627,-0.01252950617699059,0.06230392280243333,0.12866167401284329,0.13265387701006942,0,1,0
9.42942942942943,0.022378407439714913,-0.15815176903226533,0.9966481807184376,-0.03275377501606749,-0.011495084827526113,0.05172106747322372,0.1284875456449046,0.13278740989406201,0,1,0
9.44944944944945,0.019171165903674403,-0.1603620768020255,0.995944150173527,-0.03520152724553366,-0.009620189251905019,0.09374477878105465,0.1291062392061623,0.1330064306553084,0,1,0
9.46946946946947,0.01592408847413915,-0.16235387147676256,0.9952036694368948,-0.03702403683161023,-0.008109535718007902,0.07553267669485575,0.129022838718515,0.13327283890352484,0,1,0
9.48948948948949,0.012644391317223974,-0.1639848578457589,0.9944295618075021,-0.038705381469632726,-0.006524821135702834,0.07923572911525337,0.12922345376113203,0.13354506426430623,0,1,0
9.50950950950951,0.009338104026930588,-0.1653143645146693,0.9936289167362429,-0.040032253562961174,-0.005153049114578297,0.06858860105622683,0.12918317580882116,0.1337574631289563,0,1,0
9.52952952952953,0.006011322032197638,-0.1663390997366475,0.9928043550810183,-0.04122808276123168,-0.0036242365082215936,0.07644063031783506,0.12939294294628456,0.1339760294712744,0,1,0
9.54954954954955,0.002669642047365526,-0.1670839992416056,0.9919622768716078,-0.04210391047052407,-0.0024327041267575363,0.059576619073202795,0.12924119878253207,0.13415082786264346,0,1,0
9.56956956956957,-0.0006808771477950625,-0.16752595975802942,0.9911030668729487,-0.04296049993295592,-0.0014637892922607079,0.048445741724841354,0.1290689835311149,0.13424676941311345,0,1,0
9.58958958958959,-0.004035955415852275,-0.16775391340286064,0.9902256256948984,-0.04387205890251611,0.00023113239589431272,0.08474608440775094,0.12966266442967486,0.13446794543213395,0,1,0
9.60960960960961,-0.007391722093569026,-0.16778833388583753,0.9893420500653505,-0.04417878147739529,0.002159439128162213,0.09641533661339495,0.13017564511460603,0.13487875740729086,0,1,0
9.62962962962963,-0.01074175931723084,-0.16750186118309074,0.9884660357258808,-0.04380071697348387,0.004659389199859162,0.12499750358484737,0.13109137253079467,0.13542892430308728,0,1,0
9.64964964964965,-0.014078164203498913,-0.1668202443134036,0.9876192831679745,-0.04233762789530888,0.006887143621901551,0.11138772110211946,0.13144702623429297,0.13593517453823184,0,1,0
9.66966966966967,-0.01739137317131564,-0.16566044839083632,0.9868144993894726,-0.040239188925097966,0.009635676717986858,0.1374266548042654,0.13231646680049378,0.13641434498567226,0,1,0
9.68968968968969,-0.020671858165529616,-0.1640242497106988,0.9860715719884545,-0.03714637005090285,0.01146797757505676,0.09161504285349478,0.13207063822762838,0.13670425835238,0,1,0
9.70970970970971,-0.023908759307149637,-0.16184505708100105,0.9853910043556875,-0.03402838163834941,0.012915234752994753,0.07236285889689974,0.13178560917180432,0.1366481821874018,0,1,0
9.72972972972973,-0.027095325999146828,-0.1593283345998596,0.9847676066294659,-0.031169886311078344,0.01499811740226053,0.10414413246328891,0.13228865101945797,0.13669242052427838,0,1,0
9.74974974974975,-0.03022542987052568,-0.1565051935689426,0.9842093610082502,-0.027912281060789815,0.016737022512495515,0.08694525551174923,0.13232437833692828,0.13687790947872724,0,1,0
9.76976976976977,-0.03329040965908198,-0.15324898942781498,0.9837193664733432,-0.024499726745349185,0.017544794206179895,0.04038858468421874,0.1316168224147658,0.136738090164111,0,1,0
9.78978978978979,-0.03628385214561383,-0.14967212432659258,0.9832848962750648,-0.02172350991392402,0.018336388717857827,0.039579725583896705,0.13128343225966788,0.13640456118647248,0,1,0
9.80980980980981,-0.03920288333619063,-0.1459515595288399,0.9828959639193072,-0.01944661778787714,0.01928042874565513,0.04720200138986501,0.13127644752785447,0.13627283342532895,0,1,0
9.82982982982983,-0.042044477363400085,-0.14207970136047263,0.9825504152501247,-0.0172774334591266,0.02027350784434534,0.049653954934510316,0.13136874432218945,0.1362907254881363,0,1,0
9.84984984984985,-0.04480530102737113,-0.13804118319855252,0.9822497710620683,-0.015032209402816478,0.02193785342997201,0.0832172792813336,0.13208968557549886,0.1364929048212917,0,1,0
9.86986986986987,-0.04748084290017399,-0.1337770936401431,0.9820075844390183,-0.012109331152505592,0.023138291880704747,0.06002192253663727,0.1321876187039169,0.13678419026678412,0,1,0
9.88988988988989,-0.05006485046258895,-0.12920037812074767,0.9818294262958441,-0.008907907158707404,0.024802712829015874,0.0832210474155568,0.13273497879238283,0.13690865112056136,0,1,0
9.90990990990991,-0.05255217025201644,-0.12436598947137448,0.9817250802804228,-0.005217300771064137,0.02614994686321028,0.06736170170971993,0.13287526856971668,0.13710822670202844,0,1,0
9.92992992992993,-0.054936423114032816,-0.11921264310081893,0.9816993534072772,-0.001286343657282982,0.0277872437498256,0.08186484433076582,0.13327224207147934,0.13715694735975437,0,1,0
9.94994994994995,-0.057211902039919486,-0.11377394629433366,0.9817586381959199,0.0029642394321339315,0.028962026196771132,0.05873912234727668,0.13319123860618165,0.1372041987677959,0,1,0
9.96996996996997,-0.059371934966178014,-0.10800164631292648,0.9819021820662941,0.007177193518708418,0.02933030304542133,0.01841384243250973,0.1325028571304185,0.13690411678906403,0,1,0
9.98998998998999,-0.06141235963412322,-0.1020212333972603,0.9821151393040211,0.010647861886347417,0.029212865884561477,-0.00587185804299243,0.13170172879339243,0.13632401522565177,0,1,0
10.01001001001001,-0.0633328725256908,-0.09602564457837864,0.982376952633597,0.01309066647879966,0.029639059267372782,0.021309669140565275,0.13168607734390098,0.1358537026694845,0,1,0
10.03003003003003,-0.06513396167478996,-0.09005445745495876,0.9826803973996281,0.015172238301553894,0.029670123721853126,0.0015532227240172454,0.1314324658483573,0.13574038964242935,0,1,0
10.05005005005005,-0.06681450424165354,-0.08402712834317891,0.9830199551945894,0.016977889748066136,0.02997033610016398,0.015010618915542931,0.1314863049056975,0.13550300658352527,0,1,0
10.07007007007007,-0.06837451796350733,-0.07800068609268922,0.9833928743911593,0.018645959828496303,0.03020530729520113,0.01174855975185738,0.13153612981112625,0.13546010236542305,0,1,0
10.09009009009009,-0.06981355926996581,-0.07195206532292424,0.98379919473873,0.02031601737853436,0.03150367840681614,0.06491855558075069,0.13241578865208617,0.13546815927324019,0,1,0
10.11011011011011,-0.07113033248300228,-0.06583866065182348,0.9842520065247208,0.022640589299539823,0.03301406668576697,0.07551941394754186,0.1332164848636312,0.13588173472219653,0,1,0
10.13013013013013,-0.0723186006977556,-0.05941341073766621,0.9847690929603992,0.025854321783920508,0.03322876319447504,0.010734825435403467,0.13275097636686514,0.1360317657087594,0,1,0
10.15015015015015,-0.07337281484406884,-0.05271070731566193,0.9853455356399711,0.028822133978597817,0.03302003067361654,-0.0104366260429254,0.13207728613477324,0.13546604596442968,0,1,0
10.17017017017017,-0.07429309157008954,-0.04601383630103519,0.9859629063738253,0.03086853669271135,0.03293438823068437,-0.004282122146608578,0.13178083548063926,0.13492889240438652,0,1,0
10.19019019019019,-0.07508070947082478,-0.03938089503676229,0.9866088571974128,0.03229754117937134,0.03263870324627369,-0.014784249220534763,0.1314949012405938,0.13461663159699963,0,1,0
10.21021021021021,-0.07573636713869795,-0.03278288339365914,0.9872745201079555,0.033283145527137986,0.03202226897420665,-0.030821713603351196,0.13109560413253266,0.13427909083723708,0,1,0
10.23023023023023,-0.07626206417353874,-0.026284851742039393,0.9879490086867104,0.03372442893774733,0.031828094062555705,-0.009708745582547407,0.13112561829790503,0.13388340780337096,0,1,0
10.25025025025025,-0.0766606436893066,-0.019928975788392596,0.9886269814795886,0.03389863964390668,0.03197474813997896,0.007332703871163138,0.13143249846411587,0.13378184930302567,0,1,0
10.27027027027027,-0.07693280680070701,-0.013608155570020406,0.9893115020387722,0.03422602795917962,0.031998213963703795,0.001173291186241798,0.13157114285052193,0.1337958700473349,0,1,0
10.29029029029029,-0.07707797690253225,-0.007258505091262132,0.9900048084545086,0.03466532078681864,0.03173258385170445,-0.013281505599967765,0.13146827024826718,0.13368429142917687,0,1,0
10.31031031031031,-0.07709639676488657,-0.0009209931177158008,0.9907037158449332,0.034945369521230736,0.0314137465317602,-0.01594186599721319,0.1313646615978833,0.1334276987833115,0,1,0
10.33033033033033,-0.07698968481343076,0.005335597572790761,0.9914029194426808,0.034960179887375126,0.031493566324263526,0.0039909896251660824,0.13154034576171927,0.133140708056149,0,1,0
10.35035035035035,-0.07675920147065496,0.011524167138789617,0.99210081008561,0.03489453214646152,0.03151439488275361,0.0010414279245037949,0.13165277438944803,0.13306565709607646,0,1,0
10.37037037037037,-0.07640458300709561,0.017730923177967144,0.9927979317145292,0.03485608144596266,0.031064694934958084,-0.02248499738977695,0.13145094155903247,0.13295601912801214,0,1,0
10.39039039039039,-0.07592642226449461,0.023908037130049648,0.99348966898803,0.03458686367504203,0.031032109588047283,-0.0016292673455408357,0.1314996910584432,0.1325229033668574,0,1,0
10.41041041041041,-0.07532652558726982,0.029994833861239495,0.9941703882966529,0.03403596543114589,0.030579958382485256,-0.022607560278101922,0.1313834181951629,0.1324582192058025,0,1,0
10.43043043043043,-0.07460553640597599,0.03604945906469156,0.9948374214194444,0.033351656139575706,0.030381304128871967,-0.009932712680665824,0.13137516662198395,0.13207126841568942,0,1,0
10.45045045045045,-0.07376544402811343,0.042004618893128155,0.9954849801279901,0.032377935427283185,0.0300181286080387,-0.018158776041664,0.13133766970931413,0.131915907780031,0,1,0
10.47047047047047,-0.07280730835929042,0.0479067834411506,0.9961102465326499,0.031263320232986586,0.029579242319577526,-0.021944314423059448,0.13125968979767966,0.13166871407794709,0,1,0
10.49049049049049,-0.07173305118310287,0.05371285880937724,0.9967084648789464,0.029910917314821584,0.02942616966797217,-0.0076536325802698205,0.13132944325090276,0.1313250550454976,0,1,0
10.51051051051051,-0.07054456961994818,0.05942407815773493,0.9972756508475316,0.02835929842925692,0.02916336860062101,-0.013140053367558812,0.13135084004639436,0.13117598301707606,0,1,0
10.53053053053053,-0.06924265658924109,0.06509565153535424,0.9978099557142518,0.02671524333601196,0.02873286291499573,-0.021525284281265065,0.13128016693270603,0.1309788754809478,0,1,0
10.55055055055055,-0.0678286134544507,0.07070215673951935,0.9983074700882412,0.024875718699470216,0.028154068394110703,-0.028939726044252698,0.13118823146844738,0.1307572934114745,0,1,0
10.57057057057057,-0.06630449649441424,0.07620584800182315,0.9987636292738198,0.022807959278929396,0.02761163042048358,-0.027121898681357434,0.13115433239877522,0.13047732425959635,0,1,0
10.59059059059059,-0.06467294938908337,0.08157735526654342,0.9991738829797115,0.020512685294588016,0.027231120183853454,-0.01902551183150729,0.13120022064508993,0.1301864858173421,0,1,0
10.61061061061061,-0.06293640866377355,0.08682703626549108,0.9995347004589887,0.01804087396385863,0.027005197413882413,-0.011296138498553343,0.13127835094776355,0.1299171794327801,0,1,0
10.63063063063063,-0.06109672385156065,0.09198424061064513,0.9998433324814859,0.015431601124857466,0.027045685297859823,0.002024394198869437,0.1313806217182785,0.12957967263680004,0,1,0
10.65065065065065,-0.05915429233133094,0.09712157601148554,1.0000963633619537,0.012651544023389201,0.025714406800062033,-0.06656392488989056,0.13114937856894462,0.129999671516067,0,1,0
10.67067067067067,-0.05710964580872832,0.10223232613013085,1.0002966319129607,0.010013427550349252,0.024819394581344877,-0.0447506109358585,0.13107617339215136,0.12945439309020393,0,1,0
10.69069069069069,-0.054968387129813494,0.10706293394574143,1.0004351598778638,0.0069263982451583245,0.02421611049516551,-0.0301642043089681,0.13121484514520834,0.12918560171501928,0,1,0
10.71071071071071,-0.05273409756307335,0.11171447833700704,1.0005101613874259,0.003750075478103384,0.02355345728877147,-0.03313266031970235,0.1312924924411466,0.12907136819203713,0,1,0
10.73073073073073,-0.05040924671771477,0.11624254226792938,1.000521207641969,0.0005523127271552398,0.02275413853809294,-0.03996593753392669,0.131331666669739,0.128975186615224,0,1,0
10.75075075075075,-0.04799628755115107,0.12064795832818498,1.0004675722102114,-0.002681771587876501,0.021302725475261138,-0.07257065314158917,0.13133386198072378,0.12920447894557194,0,1,0
10.77077077077077,-0.04549864020147729,0.12488236748368871,1.0003528129666057,-0.005737962180288734,0.02001671209382016,-0.06430066907204791,0.13142963140347846,0.12902468721377514,0,1,0
10.79079079079079,-0.042922279783,0.12881802092386466,1.000175864014594,-0.008847447600590863,0.01918299439474398,-0.04168588495380668,0.13162169384017453,0.12873563525286955,0,1,0
10.81081081081081,-0.04027230308968679,0.13249883466566062,0.9999354478231821,-0.012020809570587588,0.018469090929164152,-0.03569517327898913,0.13176698594224096,0.12859260664951816,0,1,0
10.83083083083083,-0.03755194635290624,0.13601783683902727,0.999631719028123,-0.015186439752958752,0.01754127852835557,-0.04639062004042591,0.1318566444961138,0.12861299700973314,0,1,0
10.85085085085085,-0.03476421844773769,0.13938639525842778,0.9992664178598945,-0.018265058411423778,0.01675562662851649,-0.03928259499195001,0.13196439856399933,0.12842659381268845,0,1,0
10.87087087087087,-0.03191267496108712,0.1425771743325282,0.9988385008702314,-0.02139584948315141,0.01565583548394689,-0.05498955722847526,0.13209073656816323,0.12856035472931837,0,1,0
10.89089089089089,-0.029000731966123555,0.14559714974817828,0.9983519311714494,-0.02432848493910309,0.014986528446926902,-0.03346535185099331,0.13222398666776225,0.12821995201312786,0,1,0
10.91091091091091,-0.026032355896982044,0.14841880345707548,0.9978037640591058,-0.027408355617179653,0.013613612092407726,-0.06864581772595159,0.13238352065208717,0.12864807565100692,0,1,0
10.93093093093093,-0.023010605093491662,0.1510875401745191,0.9972028021642029,-0.030048094745144374,0.012803744511507384,-0.04049337904500849,0.13254521023408136,0.12827284862966973,0,1,0
10.95095095095095,-0.0199405931070141,0.15350059932387825,0.9965460082919,-0.032839693615146104,0.011557596780175625,-0.06230738656657825,0.13273746734832087,0.12856898838258396,0,1,0
10.97097097097097,-0.016825354950326984,0.15576190783435578,0.9958407117754757,-0.03526482582121559,0.009854592951817962,-0.08515019141787214,0.13299001012282236,0.12898021313703728,0,1,0
10.99099099099099,-0.013669547263879936,0.15779038432235243,0.9950968507437997,-0.037193051583800936,0.007623955562954622,-0.11153186944315444,0.1333890442384533,0.1296299949609351,0,1,0
11.01101101101101,-0.010480237937755817,0.15946546630620598,0.994330070429322,-0.03833901572388516,0.006155301806773369,-0.07343268780904842,0.1337286477904182,0.1293903629885194,0,1,0
11.03103103103103,-0.007266017160034706,0.1607110388860556,0.9935419502792147,-0.03940600750536654,0.00473995147592106,-0.0707675165425998,0.1339422411728286,0.12945846774860356,0,1,0
11.05105105105105,-0.004032428117678374,0.16167945211781656,0.9927367237560581,-0.04026132615782707,0.0029083183963872286,-0.09158165397667395,0.1341739811562389,0.1298722600425175,0,1,0
11.07107107107107,-0.0007851993342746313,0.16236143917018714,0.9919240009681893,-0.04063613939343965,0.0012440008448488366,-0.08321587757690026,0.1344488169373232,0.1299714235088438,0,1,0
11.09109109109109,0.002468577549536058,0.16268884419053448,0.9911093575069806,-0.04073217306043761,-0.0005341020727257124,-0.08890514587870621,0.13471277349212107,0.13024952252051183,0,1,0
11.11111111111111,0.005722016913141306,0.16267196818026242,0.9903008393708601,-0.04042590680602251,-0.0017122338744580596,-0.05890659008659406,0.13486421267367804,0.12994604625235134,0,1,0
11.13113113113113,0.008968527053862965,0.1623255070360829,0.9894961908556886,-0.04023242575857209,-0.0033959659746410583,-0.08418660500912456,0.13501760304092378,0.13036461070690428,0,1,0
11.15115115115115,0.012203187528512462,0.16173302373247486,0.9887038763015377,-0.03961572770754913,-0.004819285355383392,-0.07116596903708917,0.13522528686663174,0.1303634694496121,0,1,0
11.17117117117117,0.015419596245599729,0.16082043585436334,0.9879269266977205,-0.038847480190856064,-0.006562800022336156,-0.08717573334760859,0.1354568033118843,0.13077373589375157,0,1,0
11.19119119119119,0.018612298694114463,0.15963512242573671,0.9871748118220061,-0.037605743785721873,-0.008813232884196961,-0.1125216430930085,0.13585031275666723,0.131514566887781,0,1,0
11.21121121121121,0.021773885743522795,0.1580793524704166,0.9864642731987611,-0.035526931162248594,-0.010441697743476003,-0.08142324296391816,0.13617301988559102,0.13146397394216608,0,1,0
11.23123123123123,0.02489597183207303,0.15610430442751183,0.9857992336204855,-0.033251978913780234,-0.012757902409297438,-0.11581023329103593,0.13643678181456553,0.1322207218684319,0,1,0
11.25125125125125,0.027971699688206206,0.15378639280665876,0.9851947051833644,-0.030226421856055757,-0.014825866377044604,-0.10339819838732034,0.1367855001666605,0.1324928550898852,0,1,0
11.27127127127127,0.03099169994020425,0.1510000125999021,0.9846597204796317,-0.026749235186634652,-0.016549743222572105,-0.08619384227633523,0.13692191454851593,0.1324824099456475,0,1,0
11.29129129129129,0.0339479897169716,0.1478144888383675,0.9841959659389712,-0.023187727033025313,-0.018493815338625572,-0.09720360580263093,0.13698737886281503,0.1327799595131068,0,1,0
11.31131131131131,0.03683336963934714,0.14426899611877722,0.9838086437699519,-0.01936610845096284,-0.0199071259806982,-0.07066553210358786,0.13702763758531702,0.1325695278283846,0,1,0
11.33133133133133,0.039640133252078415,0.1403381806365636,0.9834950256403201,-0.015680906481590054,-0.020879805770437496,-0.048633989486919216,0.136826119151234,0.1321505231705027,0,1,0
11.35135135135135,0.04236304423753155,0.1361455492726567,0.9832457434227101,-0.012464110880502883,-0.021858063994112036,-0.04891291118367953,0.1365842808872198,0.1319760833164327,0,1,0
11.37137137137137,0.044998704774854355,0.13178302686613996,0.983054492705682,-0.009562535851404853,-0.02328619367387039,-0.07140648398786859,0.13654751211848937,0.13232423097684695,0,1,0
11.391391391391391,0.04754307230800763,0.12721837665766392,0.9829257487689553,-0.0064371968363328095,-0.02459207767879825,-0.06529420024634214,0.13667223009988236,0.13248973173148104,0,1,0
11.411411411411411,0.04999014676351997,0.12235372277561694,0.982863624488059,-0.003106214044819888,-0.025165272171979232,-0.028659724658996882,0.13658533333436892,0.13202756098313193,0,1,0
11.431431431431431,0.05233493091901085,0.11723920777454404,0.9828598030096426,-0.00019107392081894924,-0.025138336849889475,0.0013467661045413887,0.13618182211330107,0.13129268333138383,0,1,0
11.451451451451451,0.0545759716910761,0.11205203860326272,0.9828973155442532,0.0018756267305318455,-0.025348043481746917,-0.0104853315928179,0.13577245396307708,0.1310866761712875,0,1,0
11.471471471471471,0.05671352845566226,0.10687783822930791,0.9829670141965212,0.0034849326133997533,-0.025293057899936994,0.002749279090552108,0.13559641711461257,0.13079368720989928,0,1,0
11.491491491491491,0.05874707569518176,0.10167736197597524,0.983061903393696,0.004744459858738816,-0.025116787679080373,0.008813511042887745,0.1353732762018615,0.13053539099382835,0,1,0
11.511511511511511,0.06067732602199047,0.0965125163404354,0.9831748365924599,0.005646659938192958,-0.025254352855832926,-0.006878258837571153,0.1352525195003922,0.13067482224108234,0,1,0
11.531531531531531,0.06250514585211406,0.0913909915061794,0.983306092423031,0.00656279152855959,-0.025649100304821995,-0.019737372449396468,0.13535741083929811,0.13103227308127993,0,1,0
11.551551551551551,0.06422979449965167,0.08623243237688079,0.9834624890220846,0.007819829952678279,-0.025864705099995226,-0.01078023975860523,0.13549801996718297,0.1311540359456195,0,1,0
11.571571571571571,0.06584985077040978,0.08100281353790528,0.9836478511323667,0.009268105514106976,-0.02617909320826458,-0.015719405413411505,0.13551495489886903,0.13133746771118215,0,1,0
11.591591591591591,0.06736481107960982,0.07574801546000158,0.9838650997919413,0.010862432978727679,-0.027078975682967105,-0.04499412373507144,0.1356275713211935,0.13196854285520715,0,1,0
11.611611611611611,0.0687731924199297,0.07041906701599411,0.98412518982106,0.013004501455935066,-0.028055241272418572,-0.04881327947252054,0.13591272087550213,0.13248059391561784,0,1,0
11.631631631631631,0.07007137187190622,0.06490897259882585,0.9844397964084919,0.015730329371594295,-0.02924013152593854,-0.0592445126759466,0.1360640325299564,0.13296910363989822,0,1,0
11.651651651651651,0.07125526948552485,0.059194880680931386,0.9848182421394498,0.01892228654789547,-0.030299884423779077,-0.0529876448919772,0.13615872312193358,0.13320375759995914,0,1,0
11.671671671671671,0.07232003510438256,0.05323828094288577,0.9852652157572784,0.02234868089143326,-0.030953010064260184,-0.032656282024009005,0.1360493938778348,0.13304491431414775,0,1,0
11.691691691691691,0.07326167874481687,0.047082182021715366,0.9857765636268745,0.025567393479802508,-0.03126064185143826,-0.01538158935885892,0.1357138494071207,0.13268129847482524,0,1,0
11.711711711711711,0.07407845786381086,0.04083895594969957,0.986341800278308,0.02826183257167627,-0.032065576996111754,-0.04024675723363322,0.13529408147797456,0.13279382144334417,0,1,0
11.731731731731731,0.07476903233091074,0.03452872335499436,0.9869562944623109,0.03072470920014525,-0.03224124008094579,-0.008783154241662601,0.13517679210684738,0.13248611763265877,0,1,0
11.751751751751751,0.07533106194049519,0.028101480479221855,0.9876136123424865,0.03286589400877508,-0.03297696328306049,-0.03678616010569971,0.13469624706817004,0.13258909917858896,0,1,0
11.771771771771771,0.0757639866041775,0.021646233184115685,0.988308106622737,0.034724714012529634,-0.03351275638108832,-0.0267896549013592,0.1345773949920604,0.1325889013919406,0,1,0
11.791791791791791,0.07606503891079855,0.015052615331052063,0.9890378898403027,0.036489160878284015,-0.03370991919363311,-0.0098581406272106,0.13430231742935142,0.13233123154134213,0,1,0
11.811811811811811,0.07623263826521132,0.008379967720638024,0.9897949748423306,0.03785425010139528,-0.033866768029993645,-0.007842441818001505,0.13388671542609668,0.13211962510188144,0,1,0
11.831831831831831,0.07626641619636768,0.0016888965578177387,0.9905700264799173,0.03875258187933471,-0.03379153593955938,0.003761604521735124,0.13355389421868819,0.1318639483661188,0,1,0
11.851851851851851,0.07616635478755013,-0.005003070440877215,0.9913542954411498,0.03921344806162658,-0.033790927456626256,3.0424146673842592e-05,0.13313935806295546,0.13172431632731962,0,1,0
11.871871871871871,0.07593284548937163,-0.011675464908924781,0.9921395783937914,0.0392641476320775,-0.03308403378060037,0.03534468380130848,0.13295001283773145,0.1312881497714412,0,1,0
11.891891891891891,0.07556692401769063,-0.018296073584049558,0.9929166121245145,0.03885168653615686,-0.033032723548457474,0.0025655116071559916,0.13232220381289056,0.13129164387056555,0,1,0
11.911911911911911,0.07507149801277065,-0.02477130024599972,0.9936762507350988,0.037981930529212296,-0.0326045925365461,0.021406550595575755,0.13225686786798183,0.13120937436021396,0,1,0
11.931931931931931,0.07444731926284054,-0.031208937496505135,0.9944163283484247,0.037003880666295,-0.032522183169682535,0.004120468343180979,0.13185662229263115,0.1312599856169077,0,1,0
11.951951951951951,0.0736961626939685,-0.0375578284436019,0.995131737328319,0.03577044899471803,-0.03209178011903727,0.02152015253226309,0.13177443201581868,0.13118799150391244,0,1,0
11.971971971971971,0.0728186433521752,-0.04387596708966571,0.9958202238387373,0.0344243255209071,-0.03151819700406711,0.028679155748504215,0.13150687103151606,0.13104688880121457,0,1,0
11.991991991991991,0.07181736213441796,-0.05006406088786205,0.99647581138684,0.03277937740514051,-0.03189394820778537,-0.0187875601859204,0.1309403907757537,0.13134447845567868,0,1,0
12.012012012012011,0.07069391080786776,-0.05617256632751,0.997094614984734,0.030940179894693186,-0.03085257607440538,0.052068606668988895,0.13133662727915163,0.13107195326831292,0,1,0
12.032032032032031,0.06944749680613022,-0.06232070008687706,0.997678449240333,0.029191712779949797,-0.030117528528705216,0.036752377284993865,0.130748114149172,0.13087997793800948,0,1,0
12.052052052052051,0.06808209664078581,-0.06827000826722042,0.9982159114336773,0.026873109667215265,-0.028340230937455576,0.08886487956246485,0.13092012592914115,0.13055383681837343,0,1,0
12.072072072072071,0.06660139710904867,-0.07403497658685718,0.9987048437362004,0.02444661512615302,-0.027197209336857195,0.05715108002989882,0.13032578407573317,0.13051846223036506,0,1,0
12.092092092092091,0.065012891941731,-0.07942525836588342,0.9991361618387588,0.02156590512791918,-0.026709233591228457,0.024398787281413453,0.13001315645757058,0.1308270567434681,0,1,0
12.112112112112111,0.06332106581575554,-0.08459130629877326,0.9995099768430811,0.018690750216114344,-0.026319822097711873,0.019470574675802425,0.12995205464294415,0.13106103743210334,0,1,0
12.132132132132131,0.061527621730289084,-0.08967220427332281,0.999828948316759,0.0159485736838956,-0.025390382642850314,0.04647197274304754,0.13007168789810925,0.13105072684145821,0,1,0
12.152152152152151,0.05963431652192053,-0.09466526041842767,1.0000947817555637,0.013291671940239398,-0.0244100678464455,0.049015739820206475,0.12990015210351544,0.13104025058315888,0,1,0
12.172172172172171,0.05764509412571009,-0.09946111981052183,1.0003049199280787,0.010506908625747739,-0.023611252472574257,0.039940768693524704,0.12968476189534142,0.1311395515924424,0,1,0
12.192192192192191,0.0555638000938429,-0.1040647015933594,1.0004577859332764,0.0076433002598886406,-0.022595563266111805,0.05078446032308109,0.12968920796087754,0.13120102426050412,0,1,0
12.212212212212211,0.05339377276519818,-0.1085013664322361,1.0005544800493216,0.004834705802259203,-0.021679247473817227,0.04581578961468326,0.12951588743629283,0.13128199378835798,0,1,0
12.232232232232231,0.05113916262837624,-0.11273050684109695,1.0005937744477322,0.001964719920531174,-0.02086952982965398,0.04048588220811205,0.12936934769193661,0.13140142682926534,0,1,0
12.252252252252251,0.04880350925199856,-0.11678266881888397,1.0005753967866835,-0.0009188830524356909,-0.019777815016723876,0.05458574064644993,0.12942926627212378,0.13146980534318703,0,1,0
12.272272272272271,0.04639009184967317,-0.12067087011626938,1.0005013652935395,-0.0037015746571967133,-0.01861317279596861,0.05823211103770235,0.12938229177992155,0.13154939790155581,0,1,0
12.292292292292291,0.0439033390477151,-0.12433764009790353,1.0003722988137569,-0.006453323989135642,-0.017548879115382877,0.05321468402921952,0.12927841415803742,0.13168162395910754,0,1,0
12.312312312312311,0.041347777430331294,-0.1277780808691905,1.0001887533996299,-0.009177270706353605,-0.01631828354918403,0.06152977830986762,0.12934365650778373,0.13180592536876884,0,1,0
12.332332332332332,0.038727487097052773,-0.13101451666392586,0.999953660605713,-0.011754639695841763,-0.014770080618619967,0.07741014652812093,0.12952466497170678,0.13192545613740236,0,1,0
12.352352352352352,0.03604770659692102,-0.1339890250065879,0.9996716000562509,-0.014103027473106608,-0.013889132393979877,0.04404741123191271,0.12914265861649799,0.13212379903492286,0,1,0
12.372372372372372,0.03331443108256194,-0.13666377571795377,0.9993399875542924,-0.016580625097921377,-0.013013746987190723,0.04376927033935431,0.12912032026235176,0.1322796824626024,0,1,0
12.392392392392392,0.03053110797640595,-0.13916615530779952,0.9989608959756385,-0.018954578932692583,-0.012020702311601229,0.049652233779358054,0.12913062583959936,0.13238136474323456,0,1,0
12.412412412412412,0.02770137598690182,-0.14148659947520645,0.9985360739152457,-0.021241103019641844,-0.011257702034226715,0.038150013868593326,0.12893914475815538,0.13250672689945842,0,1,0
12.432432432432432,0.02482934786316212,-0.143601406186985,0.9980646326740784,-0.023572062058362937,-0.010865985942402314,0.019585804591067804,0.1286113186290313,0.13260841861783632,0,1,0
12.452452452452452,0.0219176108014928,-0.14558685308346597,0.9975433002773467,-0.026066619836585224,-0.009634050306736018,0.06159678178314038,0.12906711804382942,0.1326937485579621,0,1,0
12.472472472472472,0.018968084754291348,-0.14747630236007253,0.9969801564646881,-0.02815719063293275,-0.008722168259688513,0.04559410235217396,0.1288838483383057,0.1328625908960695,0,1,0
12.492492492492492,0.015985392357761828,-0.14913461982647588,0.9963750758792044,-0.030254029274186654,-0.007468677124131261,0.06267455677762987,0.1291659407653405,0.13306622689370487,0,1,0
12.512512512512512,0.012973118875581573,-0.15061367410901275,0.995735326247672,-0.03198748157661989,-0.006082466298032282,0.06931054130467897,0.12936757969521662,0.13329830475457377,0,1,0
12.532532532532532,0.009936424571227852,-0.15183471521768607,0.9950674051240859,-0.03339605617930704,-0.005127113501207759,0.04776763984091039,0.12918174850636074,0.1335120648075849,0,1,0
12.552552552552552,0.006880504982875834,-0.15279597941760095,0.9943717896144869,-0.034780775479949885,-0.003853718827563944,0.06366973368182048,0.1294421944339744,0.13368749076053285,0,1,0
12.572572572572572,0.0038093534289986002,-0.15355757769386166,0.9936549841239236,-0.035840274528163046,-0.0028800656443384726,0.04868265916083607,0.12930639255390966,0.13385760888013865,0,1,0
12.592592592592592,0.0007276852507428636,-0.15408340891278682,0.9929175394980527,-0.03687223129354243,-0.0014542569498657515,0.07129043472311915,0.12969778794031497,0.13405801355363084,0,1,0
12.612612612612612,-0.0023604365396059264,-0.1544060895174395,0.9921682554463508,-0.03746420258509438,-0.00026462490131334344,0.05948160242700637,0.12968953376891187,0.1342859630201128,0,1,0
12.632632632632632,-0.0054496140913818155,-0.15445887758879448,0.9914104100277861,-0.03789227092823514,0.001217279789886969,0.07409523455928595,0.13004017361526818,0.1345218802287329,0,1,0
12.652652652652652,-0.008535428029730953,-0.1542906969174569,0.9906527050045486,-0.037885251161872,0.003345642318090697,0.10641812640932419,0.1308120457998422,0.13490142190485835,0,1,0
12.672672672672672,-0.011611822257441924,-0.1538197113855486,0.9899121953503013,-0.037025482712363535,0.00536760638153781,0.10109820317133489,0.1311989905020107,0.13534796039071256,0,1,0
12.692692692692692,-0.014670636114206185,-0.15294069283821302,0.9892011934470405,-0.035550095163040286,0.007808001716781714,0.12201976676099245,0.1319291364206716,0.1357704693983868,0,1,0
12.712712712712712,-0.01770342086811822,-0.1516392376956018,0.9885367126122755,-0.033224041738249485,0.009674659844902615,0.09333290640461822,0.13193002638796952,0.13609364034615906,0,1,0
12.732732732732732,-0.020700562901756935,-0.14985710168193575,0.9879234458353586,-0.030663338845843966,0.01136883015909471,0.08470851570790877,0.1319542929092309,0.13619555576497316,0,1,0
12.752752752752752,-0.023654281613968587,-0.14768593561058263,0.9873631491539377,-0.028014834071042792,0.01221340351973953,0.04222866803020382,0.13132013824909983,0.13610356417933822,0,1,0
12.772772772772772,-0.02655810974620201,-0.14519140661167107,0.9868449446859834,-0.025910223397720786,0.012824310727666778,0.030545360393907303,0.13085716393849606,0.1358187735269283,0,1,0
12.792792792792792,-0.02940885166052715,-0.142537095716257,0.9863576758948078,-0.024363439558776987,0.013274859727817605,0.022527450004577496,0.13047348397631436,0.1355739045897163,0,1,0
12.812812812812812,-0.03220433339863473,-0.13977408690537918,0.9858919719749448,-0.02328519599315056,0.013801311281837574,0.026322577697427064,0.13034363965525472,0.13542855209655316,0,1,0
12.832832832832834,-0.03494324527194017,-0.13694559366527195,0.9854437122943217,-0.02241298403115323,0.015067609897443438,0.0633149307760345,0.13094046385060457,0.1355403280586584,0,1,0
12.852852852852854,-0.037623315033060524,-0.1340034880560178,0.9850233485873496,-0.02101818534860536,0.016472165929946922,0.07022780162011764,0.13145329334489586,0.13591173775139748,0,1,0
12.872872872872874,-0.04023913400643413,-0.13079094866868024,0.9846438805841556,-0.018973400159700848,0.0173846995660491,0.04562668179908314,0.1314073923240771,0.13613448448231918,0,1,0
12.892892892892894,-0.04278562125301061,-0.12732436232882394,0.9843078019239974,-0.01680393300791448,0.018894245825708453,0.07547731297585947,0.1319861018013977,0.13625876816321497,0,1,0
12.912912912912914,-0.04525866851631854,-0.12365236316539636,0.9840254242187713,-0.014118885261307619,0.019914136860712407,0.05099455174179056,0.13197405084734679,0.13647781190253802,0,1,0
12.932932932932934,-0.04765263239696558,-0.119698194032352,0.9837996552938123,-0.011288446247947217,0.02127287682167369,0.06793699803819621,0.13232590707651107,0.13651854839906818,0,1,0
12.952952952952954,-0.049963166611383884,-0.11552671072091525,0.983636179795982,-0.00817377489151614,0.02223953659627651,0.04833298871854622,0.13226520972157,0.13660728240227882,0,1,0
12.972972972972974,-0.05218517501389881,-0.11110042012574654,0.9835352451474958,-0.005046732424308267,0.023390513987834993,0.057548869564383154,0.1324379975289396,0.13655299566542078,0,1,0
12.992992992992994,-0.05431473672375311,-0.10647808549271467,0.9834984665214236,-0.0018389313036102548,0.024317727818546575,0.04636069151978763,0.1324114967259204,0.13655143190224583,0,1,0
13.013013013013014,-0.05634756629723732,-0.1016414786742107,0.9835252664516397,0.0013399965108060372,0.02542102905264718,0.055165061686731375,0.1325836378736313,0.13647981730929282,0,1,0
13.033033033033034,-0.05827966965404269,-0.09660516784026836,0.9836169894812277,0.004586151479394073,0.02582647194975705,0.02027214483419991,0.13216947234293658,0.1363957496879971,0,1,0
13.053053053053054,-0.060107184276171406,-0.0913757311064361,0.9837660905456553,0.007455053221385576,0.02627262199568066,0.0223075022715148,0.13196418836793664,0.13605930666474186,0,1,0
13.073073073073074,-0.06182876393141402,-0.08607898276213051,0.9839644556643546,0.00991825593496476,0.026578156058442794,0.015276703109603287,0.1317773477427917,0.1358530288974867,0,1,0
13.093093093093094,-0.06344315757132821,-0.08071968199570925,0.9842061745024451,0.012085941904521004,0.027234471729489212,0.03281578351965363,0.13196506364185387,0.135687550546503,0,1,0
13.113113113113114,-0.0649493506033424,-0.07530965160070995,0.9844915076647535,0.014266658115417028,0.028158209341264652,0.04618688055161714,0.13233820221166825,0.1357261502144607,0,1,0
13.133133133133134,-0.06634437787580087,-0.06975136362292333,0.9848264460967039,0.016746921597519036,0.02851650542003183,0.017914803896015644,0.13217325709980246,0.13576601913214248,0,1,0
13.153153153153154,-0.067624912548886,-0.06402673365425668,0.9852089945533632,0.019127422832967297,0.02882738817699236,0.015544137799951938,0.1320283221645818,0.13550505219628536,0,1,0
13.173173173173174,-0.06878971456998847,-0.05824010105512367,0.9856330625039257,0.02120339752812585,0.02882017542675148,-0.0003606375665949589,0.13174776105281885,0.13528896028350568,0,1,0
13.193193193193194,-0.0698382609626181,-0.052427319631481,0.9860912260667934,0.02290817814338993,0.029293022952724842,0.02364237623737045,0.13192464902649656,0.13500152822462375,0,1,0
13.213213213213214,-0.07077082819568642,-0.04662836165341649,0.9865818218340867,0.024529788364664237,0.03005933530472831,0.038315617531849054,0.13229942361106264,0.13499252948144247,0,1,0
13.233233233233234,-0.07158554493418713,-0.040735836925035324,0.9871101864047688,0.0264182285341041,0.030915371009873065,0.04280178518154574,0.13260681794296597,0.1350217354393368,0,1,0
13.253253253253254,-0.07227945473178006,-0.03469548987964646,0.9876811840984443,0.028549884683778164,0.03187470145329179,0.047966522087630886,0.13286365449953857,0.1349709793944947,0,1,0
13.273273273273274,-0.07284923405591551,-0.02848896620677238,0.9882977289321153,0.030827241683548744,0.03280435843092613,0.0464828487905193,0.13300011094301606,0.13486948660841824,0,1,0
13.293293293293294,-0.07329107781891057,-0.022092188149753646,0.9889601825190087,0.033122679344671634,0.033343260287665634,0.026945092737241178,0.1328194489064441,0.1346878504446732,0,1,0
13.313313313313314,-0.07360200541698712,-0.015546379903827182,0.9896630239538274,0.035142071740932784,0.03429705766872708,0.04768986894517248,0.13290892770596985,0.1342444112452298,0,1,0
13.333333333333334,-0.07377948784318727,-0.008874121310007626,0.9904009088536287,0.036894244990066535,0.033943222888195894,-0.017691739144486227,0.13224050397749834,0.13417757866180086,0,1,0
13.353353353353354,-0.07382085805689792,-0.002068510685532054,0.9911627944643043,0.03809428053377643,0.033949113515329074,0.00029453122896758513,0.1318967664299233,0.1333920822921406,0,1,0
13.373373373373374,-0.0737281508507549,0.0046353603071507665,0.991931988619093,0.0384597077394357,0.03388037923822366,-0.003436713992931223,0.13172985159306508,0.1330453790442819,0,1,0
13.393393393393394,-0.07350166098796229,0.011324493139630387,0.9927008793284412,0.03844453546740986,0.03349322463044032,-0.01935773053739522,0.13144333207212014,0.1327463353332003,0,1,0
13.413413413413414,-0.07314242233825118,0.017961932485555946,0.993460805130272,0.03799629009154041,0.03346439336172754,-0.0014415635936815968,0.13142251412634834,0.13227069588549709,0,1,0
13.433433433433434,-0.07265226484463588,0.024507874680764645,0.9942044725346654,0.03718337021966773,0.033349125317956196,-0.005763402356289219,0.13141464863641114,0.13207757561112118,0,1,0
13.453453453453454,-0.07203132204739691,0.03104713986194871,0.9949289214745584,0.03622244699465089,0.03263676492886296,-0.03561801963308053,0.13112529482245036,0.13195285651567945,0,1,0
13.473473473473474,-0.07128058097056772,0.037537053841459965,0.995628050196342,0.03495643608918288,0.0318844991848374,-0.037613287390222364,0.13090506521668896,0.13156108458646804,0,1,0
13.493493493493494,-0.07040330357344629,0.043863869856071575,0.9962929076406402,0.03324287221490313,0.03110877871389026,-0.03878602374648585,0.1308101879378537,0.13128488741829245,0,1,0
13.513513513513514,-0.06940275528111785,0.05002741461642223,0.996918120383331,0.03126063713454297,0.03027476964658223,-0.04170045357433935,0.13075652575452776,0.1310742626713563,0,1,0
13.533533533533534,-0.06828303803028477,0.05598586254165423,0.9974999012940062,0.029089045533757484,0.030914754788242713,0.03199925686991001,0.131270616768927,0.1303890779683377,0,1,0
13.553553553553554,-0.06704722564643752,0.06179061919236254,0.9980358509748363,0.026797484041500313,0.03141259227200934,0.024891873972608815,0.1316042712642006,0.13050129536763475,0,1,0
13.573573573573574,-0.06569247127951776,0.06773771834598817,0.998532533041522,0.024834103334289207,0.031079719310326832,-0.01664364830327659,0.13142424730857685,0.13057152426899657,0,1,0
13.593593593593594,-0.06421719646999581,0.07376374047609735,0.998988293094009,0.022788002624351694,0.030494258505469506,-0.02927304046447788,0.13120048675865567,0.13026419930488262,0,1,0
13.613613613613614,-0.06262323841827193,0.07969790258619436,0.9993953406182421,0.020352376211653644,0.029959632716779247,-0.026731289656304898,0.13112077052634277,0.12991115040800133,0,1,0
13.633633633633634,-0.06091342296806202,0.08549077251049532,0.9997473774012688,0.01760183915133657,0.029748770700377025,-0.01054310103823241,0.13117279462592715,0.12949703125999448,0,1,0
13.653653653653654,-0.05908996263540067,0.09117301663306755,1.0000391501755277,0.014588638712937274,0.029253928356488344,-0.02474211740725778,0.13115376869271322,0.12939643039891802,0,1,0
13.673673673673674,-0.057154324484351884,0.0967819075524394,1.000268963023859,0.011490642416566523,0.029363515707686173,0.005479367358430465,0.13122405626769137,0.1287985231429971,0,1,0
13.693693693693694,-0.055108309674291873,0.10230074050300063,1.000429112246726,0.00800746114334901,0.028688924710853627,-0.03372955003193377,0.13116559369480482,0.12896503423070227,0,1,0
13.713713713713714,-0.05295210946898416,0.10781001026538568,1.0005212460043416,0.004606687880785202,0.028481568373809957,-0.010367817025294025,0.13114376137233708,0.12837417428104433,0,1,0
13.733733733733734,-0.05068860116639968,0.11317541512922413,1.0005364261645928,0.0007590080125652126,0.028116168473482528,-0.01826999516905841,0.1311760518660544,0.12822247507294648,0,1,0
13.753753753753754,-0.048318838781236544,0.1184881192581569,1.0004729753547463,-0.0031725404923209325,0.027642679496564106,-0.023674448974590707,0.13115687716564753,0.12799409931295125,0,1,0
13.773773773773774,-0.04584431286720641,0.12372629570150681,1.0003273376382202,-0.0072818858263062475,0.026660286397358544,-0.04911965506373794,0.13114904518167217,0.1280556957797058,0,1,0
13.793793793793794,-0.043266647588050475,0.12888326395779676,1.0001004340688706,-0.01134517846747641,0.024693328462401003,-0.0983478968283621,0.1311824275295577,0.1285230604026868,0,1,0
13.813813813813814,-0.04058985784672439,0.13383948706630402,0.9997998569574144,-0.0150288555728101,0.0227407726225337,-0.09762779204778572,0.1313498241522499,0.12852597491286505,0,1,0
13.833833833833834,-0.037821439817821316,0.13842090144515387,0.999428390797974,-0.018573307972017207,0.02046254327303827,-0.11391146750247912,0.13163375439599423,0.1288831947556259,0,1,0
13.853853853853854,-0.03496917920284702,0.1426130307487149,0.9989957757566416,-0.021630752066617787,0.01867288765781105,-0.08948278075675022,0.1319156019473436,0.128717498553479,0,1,0
13.873873873873874,-0.032041598006616344,0.14637905981153368,0.9985039794964727,-0.024589813008439747,0.016394684900629515,-0.11391013782306059,0.13221401128579552,0.12920463666350251,0,1,0
13.893893893893894,-0.029045252358738078,0.14981728239391323,0.9979648287593457,-0.026957536856354238,0.013365746169981728,-0.15144693646826546,0.13254888024545533,0.12995722656854616,0,1,0
13.913913913913914,-0.02598931575143156,0.152796830365326,0.9973946317204037,-0.028509851947100158,0.010966192340782851,-0.11997769136253894,0.13292939404953705,0.12988554378865996,0,1,0
13.933933933933934,-0.022885988400714936,0.15516636753583116,0.9967981686024315,-0.02982315589860625,0.009640770339587053,-0.0662710999212171,0.13319486431820113,0.12935683373885246,0,1,0
13.953953953953954,-0.019744672076573995,0.1570658162070471,0.9961716789591447,-0.03132448216434109,0.00868702187373282,-0.047687423109945115,0.13326217671809235,0.12903364164142525,0,1,0
13.973973973973974,-0.016570208647098843,0.15872317147375764,0.9955114541699331,-0.03301123946058074,0.007039938894332262,-0.08235414874752385,0.1333332654151864,0.12941883897224205,0,1,0
13.993993993993994,-0.013366678273850045,0.16017651866243987,0.9948243200810397,-0.034356704444668824,0.005712165774924552,-0.06638865570692536,0.13349090465850502,0.12925907821321217,0,1,0
14.014014014014014,-0.010140440641135251,0.1613118816357397,0.9941103216313628,-0.03569992248384673,0.0042874942786236755,-0.07123357451321614,0.13367566689358593,0.12939248287813868,0,1,0
14.034034034034034,-0.00689675890738761,0.16218408668738207,0.9933742310912131,-0.03680452700748123,0.002908472114499783,-0.06895110786873962,0.13386148541257686,0.12944599216486288,0,1,0
14.054054054054054,-0.0036413819574765854,0.1627688474955512,0.9926196430230527,-0.03772940340801949,0.0018357740881338222,-0.05363490094788236,0.13401304611651732,0.12929017273868015,0,1,0
14.074074074074074,-0.0003797631675887983,0.16308093949438934,0.9918465314177274,-0.03865558026626893,0.0009369496733234683,-0.04494122034212916,0.13409594671659375,0.1291388799218209,0,1,0
14.094094094094094,0.002884185434233768,0.1631974300911283,0.9910539105982592,-0.039631040973410143,-0.0005167857620410017,-0.07268677135160392,0.13427022809199715,0.12957141728198532,0,1,0
14.114114114114114,0.006146613996580688,0.163121428117346,0.9902507937667137,-0.040155841577277814,-0.001652095273698417,-0.0567654751551078,0.13450094285547926,0.12951340499800473,0,1,0
14.134134134134134,0.009402179416568908,0.16277827099941103,0.9894397505114002,-0.0405521627656739,-0.0033514256860368934,-0.0849665201899404,0.13478929877015589,0.13010122032533616,0,1,0
14.154154154154154,0.012646310397957442,0.16220654906942666,0.9886337635658864,-0.04029934727569337,-0.0051555270732120346,-0.09020506894337725,0.13518305578588313,0.13053682817353368,0,1,0
14.174174174174174,0.015872358876593166,0.1613024239317862,0.9878450979439124,-0.03943328109870157,-0.007128169948176046,-0.09863214335627332,0.1355928044958444,0.13105267914887966,0,1,0
14.194194194194194,0.019073028440751663,0.16003347820792496,0.9870874189853402,-0.03788394792860544,-0.008913836554406949,-0.08928332995485662,0.13592685138625393,0.13127752923765407,0,1,0
14.214214214214214,0.02224058242092402,0.15837769900861787,0.9863689287016368,-0.035924514185170606,-0.010768570311396348,-0.09273668754075057,0.13618322683170267,0.13160029819324612,0,1,0
14.234234234234235,0.025368145355213097,0.1563781467144538,0.9856981122832172,-0.03354082092097713,-0.01308591741472379,-0.11586735491795692,0.13652371821981088,0.13229958449596205,0,1,0
14.254254254254255,0.02844794745702682,0.15399010509068617,0.9850902548837641,-0.030392869972656188,-0.01503005390189525,-0.097206824181748,0.13684084778682776,0.13245492403620962,0,1,0
14.274274274274275,0.03147080674352034,0.15114296432467605,0.9845521855036611,-0.02690346900515419,-0.016897035157795552,-0.09334906270074438,0.13696911206665272,0.13261217939711045,0,1,0
14.294294294294295,0.034428988850557764,0.14790910535187124,0.9840879584766872,-0.023211351348697437,-0.01871065583312309,-0.09068103376403035,0.13705415677432212,0.13275454076598697,0,1,0
14.314314314314315,0.037315078609344667,0.14430448793934503,0.9837007537223766,-0.019360237715525825,-0.02048081521062998,-0.08850796897220446,0.13711719979439832,0.13289351462313242,0,1,0
14.334334334334335,0.040121438214034404,0.140317980234487,0.9833933623801456,-0.01536956711155073,-0.021371408437215165,-0.04452966153033052,0.13699541438199087,0.1322845975438382,0,1,0
14.354354354354355,0.0428415599422253,0.13600608640954476,0.9831547485121752,-0.011930693398521368,-0.022280843464885996,-0.04547175169072524,0.1366568502628542,0.13201905889135887,0,1,0
14.374374374374375,0.04547226359547873,0.13153518266267156,0.9829758264767905,-0.008946101769235482,-0.023325734978680342,-0.052244576099760985,0.13650727455155312,0.1320363580847811,0,1,0
14.394394394394395,0.04800979635857528,0.12687663815482775,0.9828545031617583,-0.006066165751609285,-0.023863907187356145,-0.026908610935777007,0.1363912031036073,0.13166598662749016,0,1,0
14.414414414414415,0.05045059942995181,0.12204015356882651,0.9827834265588229,-0.003553830146770658,-0.024734572008197536,-0.043533241622139035,0.13620526004068934,0.131772873287459,0,1,0
14.434434434434435,0.052792677335732105,0.11710389528901473,0.9827613297897261,-0.0011048384548428465,-0.025734407839816956,-0.049991792216558965,0.13625716134253932,0.13201634406147778,0,1,0
14.454454454454455,0.0550324875739988,0.1119905119133345,0.9827924593585788,0.0015564784426366127,-0.02656479453326919,-0.04151933533028534,0.1363115865138385,0.13207851370880608,0,1,0
14.474474474474475,0.05716590566937985,0.10667090476905278,0.9828783943181707,0.004296747979593431,-0.02682519647763142,-0.013020097846045978,0.13619223839587427,0.13169015324042613,0,1,0
14.494494494494495,0.05919042116267521,0.1012257746647676,0.9830114809897915,0.006654333581040809,-0.027653658379925304,-0.04142309567306872,0.13598110193970164,0.13195695833638077,0,1,0
14.514514514514515,0.06110490764361443,0.09572432404696128,0.9831924750302318,0.00904970202201496,-0.02833280464947852,-0.033957313898076075,0.13606141446941786,0.13207856110879582,0,1,0
14.534534534534535,0.06290616476707207,0.09006285617288229,0.9834242356192928,0.011588029453052918,-0.028951654128307625,-0.03094247414798611,0.13600917312407199,0.1321268385181047,0,1,0
14.554554554554555,0.06459164450972277,0.08427398713253503,0.9837065850162262,0.014117469846667403,-0.02950518906456562,-0.02767674671627897,0.13592289907602653,0.1321450464158994,0,1,0
14.574574574574575,0.06615891376452296,0.07836346274000966,0.9840384019183976,0.016590845108574212,-0.029694111541877694,-0.009446123342635802,0.13578439713049237,0.13191020817061125,0,1,0
14.594594594594595,0.06760641748349569,0.0723751859486369,0.9844140519878324,0.018782503471737853,-0.030296427331677925,-0.03011578845854625,0.13554925695324607,0.13209307181064847,0,1,0
14.614614614614615,0.06893342923391611,0.06635058752102124,0.9848327026505403,0.020932533135395646,-0.030767197349935847,-0.023538499239136635,0.13554057412303477,0.1321714033831754,0,1,0
14.634634634634635,0.07013758271243051,0.06020767392571958,0.9852952784098934,0.02312878796765026,-0.03092739734280353,-0.008009997160693299,0.13539998403506392,0.13199369152841742,0,1,0
14.654654654654655,0.07121730232810608,0.053985980783778365,0.9857969732093762,0.025084739974142057,-0.030873185605892004,0.0027105903166978855,0.13512882435537338,0.131735722617071,0,1,0
14.674674674674675,0.072172622001587,0.04776598367404628,0.9863299009628442,0.026646387673399507,-0.03119264950767327,-0.01597319052460583,0.1348439931058712,0.13185749878455416,0,1,0
14.694694694694695,0.07300403285231491,0.04157054253639524,0.9868916293993288,0.028086421824230358,-0.031736197333925624,-0.027177385539567736,0.13478273788101658,0.1321382284263837,0,1,0
14.714714714714715,0.07371003670549642,0.035300192659075386,0.98748534697848,0.02968587895755785,-0.03176690681066328,-0.0015354665960204301,0.13476129069275697,0.13198079771226545,0,1,0
14.734734734734735,0.07428890685175323,0.02894350731284028,0.9881083124198887,0.03114827207043824,-0.03183021913852082,-0.0031656075298510805,0.13444294778521151,0.1318678609317575,0,1,0
14.754754754754755,0.07474098071080579,0.022603692952628353,0.9887541130841496,0.032290033213046354,-0.032041885619449324,-0.010583313442277054,0.13420480311782823,0.1319247124561567,0,1,0
14.774774774774775,0.07506594204261709,0.01624806659056517,0.9894200391247517,0.033296302030107645,-0.03167079605205525,0.018554491055971158,0.13408484185983874,0.13161778212707065,0,1,0
14.794794794794795,0.07526346353517949,0.009876074628119708,0.9900997273467409,0.03398441109945549,-0.031242944392960798,0.021392597918144074,0.1336847855725969,0.1313497267310748,0,1,0
14.814814814814815,0.07533540051248815,0.0035968488654332326,0.9907833207728824,0.03417967130707976,-0.03060539447358526,0.03187751348242291,0.13340493516996368,0.13109668877598493,0,1,0
14.834834834834835,0.07528410133512552,-0.0025649588681317045,0.9914629787743603,0.03398290007389368,-0.030344148468942966,0.013062320304332551,0.13304920925628064,0.13115433472163335,0,1,0
14.854854854854855,0.0751123764287349,-0.008586245319530755,0.9921343680776717,0.03356946516557301,-0.030272991660776877,0.003557863075334922,0.1329214145763387,0.13134660622488828,0,1,0
14.874874874874875,0.07482098503160504,-0.014569569856492763,0.9927984811461988,0.03320565342635467,-0.029496583184370234,0.03882044958501431,0.13294841704594357,0.13110157732802305,0,1,0
14.894894894894895,0.07441074974853701,-0.020511764153401568,0.9934521030474229,0.03268109506120624,-0.028896123667197165,0.030023004733987713,0.13256284919253608,0.13099300779584716,0,1,0
14.914914914914915,0.07388499914851568,-0.026287530001066442,0.9940880146463792,0.03179557994781386,-0.028205979361900117,0.03450724741993286,0.13240364410657415,0.13094524671841232,0,1,0
14.934934934934935,0.07324665002510383,-0.031917456170592086,0.9947032328552635,0.03076091044421639,-0.028079280957263326,0.0063349552860008235,0.13209316984319133,0.13118681270480428,0,1,0
14.954954954954955,0.07249845447083994,-0.03740977771319433,0.9952968298071465,0.029679847594152084,-0.027951656902579527,0.006381240628327091,0.132076240802469,0.13138532403764008,0,1,0
14.974974974974975,0.07164124419864891,-0.04286051360955123,0.995871524891869,0.028734754236128358,-0.028263464795070185,-0.015590354463832813,0.13183985578050877,0.13167011972462583,0,1,0
14.994994994994995,0.0706752032856119,-0.04830204565185044,0.9964280630517987,0.027826907996482225,-0.02785245565951917,0.02055049965013577,0.13195830232026814,0.13155782872616997,0,1,0
15.015015015015015,0.06959970119893102,-0.05377510433404383,0.9969665146641803,0.02692258061908457,-0.02785273926888167,-1.4135624285680631e-05,0.13149012248470607,0.13158006997629584,0,1,0
15.035035035035035,0.06841638179088555,-0.05916597040227338,0.9974803341908941,0.025690976335692207,-0.027409678545098633,0.022153083137011406,0.13144653383900487,0.13148096212160715,0,1,0
15.055055055055055,0.0671255275769801,-0.0645427106952724,0.9979674274945829,0.02435466518443932,-0.026816342660821845,0.029666843038903275,0.13117726871521732,0.13132418073379887,0,1,0
15.075075075075075,0.06572960247294456,-0.06979625520177722,0.9984215538391271,0.02270631722720853,-0.026886552325760822,-0.0035104339373999566,0.1306624018135667,0.13146730501600062,0,1,0
15.095095095095095,0.064231518192244,-0.07490421403502774,0.9988372970493704,0.020787160512162502,-0.027792066026307537,-0.045275637212708074,0.13019355746154945,0.131831136053216,0,1,0
15.115115115115115,0.06263054704999071,-0.08004855711266397,0.9992131261309481,0.018791454078884353,-0.02773034511001153,0.003086092583925497,0.1304105886062557,0.1317269287997886,0,1,0
15.135135135135135,0.06092354393661802,-0.08535015566863452,0.999550648878632,0.01687613738419388,-0.027577179684509585,0.007658316105565457,0.13001241898119456,0.1315346357542446,0,1,0
15.155155155155155,0.05911078848722983,-0.09063777246940957,0.9998411595875062,0.014525535443708583,-0.02658833520702898,0.049442267201264184,0.13006232979286875,0.13128019772749086,0,1,0
15.175175175175175,0.05719349209800259,-0.09586481946136206,1.0000816855539203,0.012026298320707049,-0.025848206858017052,0.037006457839092455,0.12959575539675017,0.13118311546529624,0,1,0
15.195195195195195,0.05517580072810745,-0.10088456849475691,1.0002640256649953,0.009117005553754075,-0.025057619673490655,0.03952939571330076,0.1294287575502131,0.13120181085691615,0,1,0
15.215215215215215,0.05306086723658323,-0.10574667457621112,1.0003861089038528,0.006104161942882088,-0.024342248582742754,0.03576858578489313,0.12919864570156672,0.13123945384104066,0,1,0
15.235235235235235,0.050851992379646445,-0.11044374284683929,1.0004452151002459,0.0029553098196504987,-0.02365042708270649,0.03459109965530708,0.1290202471240153,0.13130018036404087,0,1,0
15.255255255255255,0.04855214377223914,-0.1149924303703651,1.000439725151288,-0.00027449744789902805,-0.022935063799050193,0.03576818087639025,0.12887083349461473,0.1313603320591322,0,1,0
15.275275275275275,0.0461639854464399,-0.1194079162899622,1.0003684384513332,-0.003564334997737302,-0.02178990236118993,0.057258080181713154,0.12897103914390798,0.1313915119151582,0,1,0
15.295295295295295,0.04369062970978327,-0.12366778683283153,1.0002334241189588,-0.0067507166187146354,-0.020873247747187743,0.04583272853198236,0.12872301121739796,0.1314878889298106,0,1,0
15.315315315315315,0.0411362119316472,-0.12772088890680328,1.0000325923239157,-0.01004158975214893,-0.019109287298602888,0.08819801054773084,0.12918849206353575,0.13158018769469731,0,1,0
15.335335335335335,0.03850482166159538,-0.1315695135025913,0.9997743399012403,-0.012912621133771195,-0.018045945440068382,0.05316706800598638,0.1287496600861347,0.13175206232331343,0,1,0
15.355355355355355,0.03580332590137296,-0.13507478801112094,0.9994549015389221,-0.015971918115906363,-0.017000757908915726,0.052259337011695495,0.12874968028273714,0.1319495010312106,0,1,0
15.375375375375375,0.033036216594218334,-0.13835546535773108,0.9990773347060966,-0.0188783416412783,-0.016528100543192203,0.023632810704329932,0.12830237572531666,0.13207652175707088,0,1,0
15.395395395395395,0.03020793702867871,-0.14141397827698127,0.9986370197988775,-0.022015745360951338,-0.016665613325807387,-0.006875718575203828,0.12771675456080211,0.13213716624373836,0,1,0
15.415415415415415,0.02732038474614496,-0.14437761412668734,0.9981262694467404,-0.02553751760685311,-0.01666761259058122,-0.00010006633829248279,0.12748754386177397,0.13209654111902713,0,1,0
15.435435435435435,0.024372739901901024,-0.14738224221219684,0.9975411436962673,-0.029256287523652,-0.01557418845766714,0.054671081255756884,0.12799655039461788,0.132131009153722,0,1,0
15.455455455455455,0.021365265544647318,-0.15037371786268527,0.9968897627054094,-0.03256904954289385,-0.014420847896228127,0.05766687874997879,0.12805100100264105,0.1323309854721362,0,1,0
15.475475475475475,0.018301915028587898,-0.15316752580297097,0.9961760260792334,-0.035686831308801424,-0.012579842168563804,0.0920501139386139,0.1286962226647291,0.13268424820331606,0,1,0
15.495495495495495,0.015187098321879514,-0.15574083533541921,0.9954148508713463,-0.0380587603943563,-0.010504029277699344,0.10379044858559103,0.12916582727150278,0.13310796369186892,0,1,0
15.515515515515515,0.012027869479706651,-0.1579614421086431,0.9946196124272272,-0.03976192220595669,-0.008299138192235597,0.11024433440741585,0.12962878226504942,0.1335687318013417,0,1,0
15.535535535535535,0.008832486201188896,-0.1597691639258878,0.9938041211230123,-0.040774565210743144,-0.006518290196872798,0.08904215388477862,0.12963161068394113,0.13392572836741354,0,1,0
15.555555555555555,0.005609470548476058,-0.16115078263564192,0.9929738084916558,-0.04151563156782591,-0.004741777490776775,0.08882536297712779,0.1298064651968326,0.13419026695565614,0,1,0
15.575575575575575,0.0023657668001248995,-0.1621851874175579,0.99213525026214,-0.04192791147579055,-0.002902306939294494,0.09197322884866721,0.13001681537508503,0.13443348655539378,0,1,0
15.595595595595595,-0.0008919106898423322,-0.16288387449836159,0.991295213464414,-0.042001839886299505,-0.0005423726884690363,0.11799638948174299,0.13066241575155044,0.13478209704608493,0,1,0
15.615615615615615,-0.00415630406896958,-0.1632196689563624,0.9904684564780107,-0.041337849320159936,0.0019511204656241885,0.12467431142598939,0.13118395226962798,0.13521585981107023,0,1,0
15.635635635635635,-0.0074178920363277435,-0.16307939836790816,0.989669135561004,-0.03996604585033573,0.004048469445476855,0.10486707918179407,0.13127054950684167,0.1355518506207092,0,1,0
15.655655655655655,-0.010666743858901765,-0.1624425911287011,0.9889034783870878,-0.038282858695807435,0.005797112250035231,0.08743174712768188,0.1311884988451591,0.13570257424628177,0,1,0
15.675675675675675,-0.013894642376265368,-0.16139492586818013,0.9881724453775337,-0.036551650477704124,0.0075067134958954,0.08547964759799753,0.13123080339022944,0.13577877002953684,0,1,0
15.695695695695695,-0.017094545187194797,-0.15999514054647138,0.9874777248737777,-0.03473602518779681,0.008937436494563415,0.07153571498966325,0.13108716994853378,0.13582453177660644,0,1,0
15.715715715715715,-0.020259949744834017,-0.15827022788196096,0.986817787137614,-0.03299688680818597,0.01065982093083166,0.08611877030846395,0.13136313458858698,0.1359083786791042,0,1,0
15.735735735735735,-0.023385290850637588,-0.1562670552901786,0.9861978825072947,-0.030995231515968183,0.012717015696861756,0.1028592744829625,0.1318773421032836,0.1361633080090788,0,1,0
15.755755755755755,-0.026463375398864737,-0.15390422741135756,0.9856292997408289,-0.028429138323285717,0.014341843129041493,0.08124089794786013,0.13187841546887757,0.13639081358441243,0,1,0
15.775775775775776,-0.029486100509152062,-0.15113625551436632,0.9851152805469693,-0.025700959692979357,0.015828191916215383,0.07431695969475541,0.13188634175491418,0.13644255531344912,0,1,0
15.795795795795796,-0.032446926172770986,-0.1480412831809461,0.9846565696195655,-0.022935546370188,0.016967605736691302,0.056970209204972956,0.13167325203793095,0.13641305750316815,0,1,0
15.815815815815816,-0.035340294105431644,-0.14466839663303294,0.9842494320529704,-0.020356878329751627,0.018340830877824295,0.0686607788177827,0.1318421077894135,0.13638204833554546,0,1,0
15.835835835835836,-0.038161341277267065,-0.14105235859177093,0.9838957868431676,-0.017682260490141315,0.0190787209344554,0.03689403254751075,0.1314423213120968,0.13634899730784478,0,1,0
15.855855855855856,-0.04090514423291412,-0.13719014778235292,0.983589076137419,-0.015335535287430528,0.02012124848351944,0.052125921802505984,0.13155023357942885,0.13621801833475475,0,1,0
15.875875875875876,-0.043568878491795276,-0.1331867129440575,0.9833288595671724,-0.013010828512328057,0.02130904679227955,0.059389481110299285,0.1317993527969862,0.13630087040731595,0,1,0
15.895895895895896,-0.046148255209480446,-0.1289688358842585,0.98311992992217,-0.010446482250122228,0.02225019579398788,0.04705704340979901,0.13180157241820134,0.13638382999556622,0,1,0
15.915915915915916,-0.04863872440876526,-0.12452345996424054,0.9829634037965168,-0.007826306282659965,0.023215094478398,0.04824456202803887,0.13188687256969903,0.136370813735786,0,1,0
15.935935935935936,-0.051036493743491285,-0.11988846673630141,0.9828602223804925,-0.005159070801211319,0.023898834013900732,0.034186645779302846,0.13176454920644443,0.13634577377565313,0,1,0
15.955955955955956,-0.053338107117382655,-0.1150806686945686,0.9828080674797744,-0.002607745035902717,0.024824155815371438,0.046265807316443475,0.1319496872127395,0.13628052465035967,0,1,0
15.975975975975976,-0.05554086104461838,-0.1101376963617865,0.9828086047545643,2.6863739491381558e-05,0.025712798844726614,0.044431923644963574,0.13209347937279467,0.13633388289597365,0,1,0
15.995995995995996,-0.05764127008512747,-0.10502045202545449,0.9828646174021469,0.0028006323791270504,0.0268072306143031,0.0547214218989923,0.1324016881406722,0.13637611540757785,0,1,0
16.016016016016017,-0.0596355992457372,-0.09971645803048648,0.9829811570187791,0.005826980831610663,0.027575571171076573,0.038416928229354816,0.13237786751017586,0.1364218981066768,0,1,0
16.036036036036037,-0.06151973988803393,-0.0942070321148366,0.9831583813099677,0.008861214559428877,0.028366319105878727,0.039537369273026264,0.13241299691838299,0.13630104371513677,0,1,0
16.056056056056057,-0.06329085473653112,-0.08855574242485972,0.9833948848253147,0.01182517576734931,0.029208564169436995,0.04211230239201259,0.13252499706584167,0.13622262287159237,0,1,0
16.076076076076077,-0.06494596218410488,-0.08275537237868773,0.9836910257833228,0.014807047900405854,0.03008733239621712,0.04393854092747735,0.13266005817139145,0.1361616763146416,0,1,0
16.096096096096097,-0.0664820890805278,-0.07680634482114596,0.9840477543562973,0.017836428648725325,0.03141958221833632,0.06661270401895154,0.13312180858747732,0.13612475901722734,0,1,0
16.116116116116117,-0.0678955156898522,-0.07067133046622051,0.9844712066041623,0.02117261239324731,0.03253626676226763,0.0558345250779193,0.13328909790997132,0.13620148223953582,0,1,0
16.136136136136138,-0.06918067946696632,-0.06425818885570572,0.9849647763522797,0.02467848740587236,0.03289153217876948,0.017763653561719467,0.1328223234261337,0.13602192685796244,0,1,0
16.156156156156158,-0.0703343163107013,-0.05768184218674939,0.9855186924651494,0.027695805643486764,0.03416811157161629,0.06382943893254134,0.1331627076896542,0.1355428659557277,0,1,0
16.176176176176178,-0.07135450182154879,-0.051009275542374284,0.9861308057241168,0.030605662948368917,0.03438876558067138,0.011033252891450025,0.13273679117708603,0.135567290373375,0,1,0
16.196196196196198,-0.07223652518963526,-0.04410116840432335,0.9867949537440225,0.03320740099528483,0.0340039854116936,-0.019238376781160613,0.13196035849900178,0.13500774570501892,0,1,0
16.216216216216218,-0.07298087256199712,-0.03721736861809285,0.98749128395335,0.03481651046637107,0.03425597506423632,0.012600193518676316,0.13190125697064595,0.13435458326078956,0,1,0
16.236236236236238,-0.0735888136593011,-0.03039705486519893,0.9882092774863663,0.035899676650821055,0.03328036984578994,-0.04877948177049897,0.13117826040097913,0.1342585262708425,0,1,0
16.256256256256258,-0.0740601862341297,-0.02356862874142995,0.9889367573214027,0.03637399175182134,0.032147726148251766,-0.05663134414996544,0.13052593215972372,0.1335959206266416,0,1,0
16.276276276276278,-0.07440004087249248,-0.016992731918138895,0.9896543773446048,0.03588100116010152,0.031711240273629364,-0.02182339235932374,0.13061047021068062,0.1330974504455865,0,1,0
16.296296296296298,-0.07461342371344701,-0.010669142047726595,0.9903561635402833,0.035089309783923266,0.03209239336466355,0.01905861882439825,0.13124487796736733,0.13300846704092642,0,1,0
16.316316316316318,-0.07470163427159185,-0.004410527907242322,0.9910502613680308,0.034704891387371095,0.03222572122462641,0.006667412178700842,0.13154458210162978,0.1332409196480066,0,1,0
16.336336336336338,-0.07466350372991148,0.0019065270840179739,0.9917445101451915,0.034712438858034746,0.03295852949487835,0.03664149359654459,0.13201018348715204,0.1330703578248184,0,1,0
16.356356356356358,-0.07449796148698612,0.008277112146268095,0.9924432615957692,0.03493757252888717,0.03280295435574595,-0.007777633452822737,0.13187068751316786,0.13325372993437026,0,1,0
16.376376376376378,-0.0742028459460844,0.014755777045086314,0.993147067101676,0.0351902752953371,0.033224249289255506,0.02106592495813935,0.13196911811093273,0.1327366729134513,0,1,0
16.396396396396398,-0.07377921913392078,0.021181340608180367,0.9938497426292475,0.03513377637857507,0.03399797400426125,0.03868747924576681,0.13226122227998569,0.13251198951283003,0,1,0
16.416416416416418,-0.07322518107745049,0.027701902823514736,0.9945522311160679,0.035124424341020824,0.034091342374906825,0.004669715498721971,0.13208739171922457,0.13248873779793915,0,1,0
16.436436436436438,-0.07253788341419186,0.03436488316293147,0.9952515104648587,0.034963967439537995,0.03357833772826869,-0.025648892669778163,0.13162409307761466,0.1321711546784287,0,1,0
16.456456456456458,-0.0717175775534525,0.04101529303696818,0.995936006486372,0.034224801075667895,0.032785554571577946,-0.03963777869441439,0.13121100208401412,0.1317245452795581,0,1,0
16.476476476476478,-0.07076697139770298,0.04753030778747609,0.9965930677683482,0.03285306409881031,0.03199801137907805,-0.03937573452105716,0.13098192275452325,0.13128789656296316,0,1,0
16.496496496496498,-0.06968952825495599,0.05387215713734986,0.9972129601450619,0.030994618835682063,0.03093564574401159,-0.0531168143759596,0.13077842727066616,0.13106632732728574,0,1,0
16.516516516516518,-0.06848876457796321,0.06003818384963863,0.9977895178614553,0.028827885819669802,0.029864544282531356,-0.053553554497185185,0.13066327421833732,0.13077339469979138,0,1,0
16.536536536536538,-0.06716948041431069,0.06596420818262623,0.9983168624179507,0.026367227824767036,0.02938385562720964,-0.024032820581575434,0.13083285573810363,0.13035762027258466,0,1,0
16.556556556556558,-0.06573576838209493,0.07168560161078785,0.9987915142483674,0.02373259152083486,0.028508521135867267,-0.043765021533440335,0.13087407963533196,0.13043657489255628,0,1,0
16.576576576576578,-0.06418969424613657,0.07730370679791719,0.9992153514340201,0.02119185928263488,0.027569828039331834,-0.04693284194237637,0.13085537751798007,0.13026002522873226,0,1,0
16.596596596596598,-0.06253431224000618,0.08276910030651963,0.9995856226403956,0.01851356031877591,0.025444568663794662,-0.10626110155548833,0.13059165925230493,0.13060979975043335,0,1,0
16.616616616616618,-0.060773655913528034,0.08803281632390718,0.9999037488811024,0.0159063120353408,0.023277401966191255,-0.10835640137146717,0.13044474894954067,0.13039605838940488,0,1,0
16.636636636636638,-0.05891640518852233,0.09286253625028543,1.000164650832745,0.013045097582133002,0.02144958554113569,-0.09138878442080889,0.1305816103997358,0.13021759511716244,0,1,0
16.656656656656658,-0.05697130361369031,0.09725507874160111,1.0003679651943571,0.010165718080601084,0.020223587087958614,-0.061297716102924435,0.1308882191568167,0.13000998235010341,0,1,0
16.676676676676678,-0.05494569799059372,0.10128028115482954,1.0005153657754748,0.007370029055886218,0.019641601414426633,-0.029096821307859823,0.13125945752150692,0.1297943822936153,0,1,0
16.696696696696698,-0.05284433983132946,0.10506790796321308,1.0006093051187948,0.0046969671659977865,0.01920333560931674,-0.021910513373191713,0.13151376607819942,0.12975244881739462,0,1,0
16.716716716716718,-0.0506697901253104,0.10872748530095303,1.0006530204676287,0.002185767441701065,0.019250968562241313,0.002384845835821596,0.1317317986958298,0.12942820911054742,0,1,0
16.736736736736738,-0.0484237862078461,0.11230019587321524,1.0006450157386808,-0.0004002364473946942,0.019235979110642534,-0.0007457865432215875,0.13183623142574027,0.12932251545639126,0,1,0
16.756756756756758,-0.04610605761119842,0.11588642983238412,1.0005853144227668,-0.0029850657957023233,0.01868981786659359,-0.027303866676027307,0.13179936741701107,0.1293965076310225,0,1,0
16.776776776776778,-0.04371704460031857,0.11945065054399252,1.0004745135413506,-0.005540044070801248,0.018324792848424223,-0.01824644004500276,0.13183309734703424,0.12909563632734247,0,1,0
16.796796796796798,-0.04125908177086374,0.12289814147274172,1.0003087419202026,-0.00828858105740058,0.018022733087861616,-0.015097459519531486,0.1319031845138376,0.1288957709746161,0,1,0
16.816816816816818,-0.038733804642059666,0.12626385644020358,1.0000861527993095,-0.01112945604465365,0.017801511813007365,-0.011054698227174281,0.13195052681474745,0.12865416445245415,0,1,0
16.836836836836838,-0.03614286620638954,0.12954692178350638,0.9998039412493465,-0.014110577498147798,0.01813795192486754,0.016829416936401005,0.13200319345371617,0.12808319464212944,0,1,0
16.856856856856858,-0.03348707558280553,0.13278953117920048,0.9994544994216248,-0.017472091386083924,0.018055196765341962,-0.004129212579076554,0.13197729780382858,0.1280513116315428,0,1,0
16.876876876876878,-0.03076502494991313,0.1361025316446201,0.9990370095691661,-0.02087449262293642,0.017176831580404606,-0.04390855121147115,0.13196702715809666,0.12832177348811727,0,1,0
16.896896896896898,-0.027977687452571336,0.13936687486708976,0.9985553940114426,-0.02408077788617785,0.016992788334652426,-0.009191005210325155,0.13206744367720233,0.12774756865789422,0,1,0
16.916916916916918,-0.02512785783149891,0.14249148105362128,0.9980027536344167,-0.027632018851294234,0.01546110417434007,-0.0765716701170189,0.13222839076398,0.12857275824964778,0,1,0
16.936936936936938,-0.022216630434329955,0.14556136985844786,0.9973937736885293,-0.030448997294367303,0.014210876628874804,-0.062497228387713,0.1324535604567154,0.12846064716713756,0,1,0
16.956956956956958,-0.01924970671809235,0.14834618581188025,0.9967302775712701,-0.033174805862964465,0.01248381524374568,-0.08633722268171302,0.1327761728493173,0.12894567377192195,0,1,0
16.976976976976978,-0.016231906070461443,0.15089003238154539,0.9960243517821233,-0.035296289457335484,0.010601101073634238,-0.09411800822915904,0.1331097549886372,0.1292689252809413,0,1,0
16.996996996996998,-0.013169739282047932,0.15310833942067556,0.9952858556127734,-0.036924808467498176,0.008330668999409381,-0.1135019487778802,0.13350986404173962,0.1298388177621789,0,1,0
17.017017017017018,-0.010071017312008193,0.1549360985019869,0.994529273595129,-0.03782910088221958,0.006959666976605962,-0.06852804457434362,0.13379767395135095,0.12945744436662268,0,1,0
17.037037037037038,-0.006944352819354307,0.15633322463269433,0.9937533202482356,-0.038797667344672576,0.005387363979712685,-0.07859047727591931,0.1339833224874463,0.12966470104607083,0,1,0
17.057057057057058,-0.003795026354283553,0.15746632325353768,0.992963874667654,-0.039472279029076726,0.003527412088712527,-0.09297010746025916,0.13420646903849948,0.1299948534137106,0,1,0
17.077077077077078,-0.0006290400694944328,0.158299314239456,0.9921691833790668,-0.03973456442936216,0.0012413144326828287,-0.11427443351597011,0.13456303158286667,0.13058600581784352,0,1,0
17.097097097097098,0.0025460539997171536,0.15875470346057932,0.9913833225345272,-0.03929304222698078,-0.0006967372117670785,-0.09686875747221163,0.13490262868784447,0.13067686871515324,0,1,0
17.117117117117118,0.005721295287016991,0.15876206436499185,0.9906126806554194,-0.03853209395539035,-0.0025213326116424145,-0.09119218331648818,0.13513438072603567,0.13080621392399716,0,1,0
17.137137137137138,0.008888870118595172,0.15837874157890902,0.9898625927885047,-0.03750439334573456,-0.00395547373283615,-0.07166515521804623,0.1352528398918796,0.1306363710954617,0,1,0
17.157157157157158,0.01204149522177517,0.15763125515899987,0.9891322640128326,-0.036516438783604235,-0.005023007161420317,-0.05332981875561522,0.1352457626359624,0.1303361123688269,0,1,0
17.177177177177178,0.015173505825932472,0.1566005302078651,0.9884171010506139,-0.035758148110937214,-0.005856450235464448,-0.04161966806092371,0.13516352203788262,0.1300310046582962,0,1,0
17.197197197197198,0.018280911020813164,0.15537025974403462,0.9877113284963847,-0.035288627711458645,-0.006927832254641233,-0.05351045991402924,0.13515468315456153,0.1301117720274377,0,1,0
17.217217217217218,0.021360732208736098,0.15399105939614677,0.9870159807778919,-0.034767385924638974,-0.008680613380530803,-0.0875739906869285,0.13540784742759024,0.13078677923986526,0,1,0
17.237237237237238,0.024408521487570348,0.1523894639417125,0.9863447663065014,-0.03356072356952515,-0.010437478142909745,-0.08777112685008764,0.13581610607531563,0.1312179320254085,0,1,0
17.25725725725726,0.027416943514183778,0.15042110133067144,0.9857100379302842,-0.03173641881085725,-0.01150122726951274,-0.053107117804833896,0.13600084112208585,0.1309597388043021,0,1,0
17.27727727727728,0.030379123561178556,0.14810900234973884,0.9851106004445175,-0.029971874288338918,-0.012253283563810639,-0.037513106111058035,0.13591535265049884,0.13065014993683322,0,1,0
17.2972972972973,0.03329151055653085,0.14561934976761473,0.9845405148965793,-0.028504277396909562,-0.013880971407715794,-0.08128502304816886,0.13601220261547356,0.13132490016033485,0,1,0
17.31731731731732,0.03615055003964202,0.14295197415555855,0.9840111404753183,-0.026468721063048192,-0.014956294650916243,-0.053655734882022264,0.13626344425287337,0.1312528579372018,0,1,0
17.33733733733734,0.03895040446576225,0.13999272130601126,0.983525000529537,-0.024306997289068915,-0.016833905720494383,-0.09375874902411836,0.13646979090254863,0.13203504493229956,0,1,0
17.35735735735736,0.04168630796431321,0.13679517492754803,0.9830966263367181,-0.02141870964093931,-0.01836618439623824,-0.07647943970736788,0.13681615785432924,0.13224951730410867,0,1,0
17.37737737737738,0.04435072346222355,0.13322077489551692,0.9827341419928312,-0.018124217194349604,-0.01963706805355701,-0.0633955524706225,0.13689777187198876,0.13224240542343343,0,1,0
17.3973973973974,0.046937476956612746,0.12933767471945967,0.9824384704436449,-0.014783577459314719,-0.02045618722571907,-0.04079130891901965,0.13679126640800895,0.13191070370143204,0,1,0
17.41741741741742,0.04944203209128041,0.1252277567333834,0.982202949827646,-0.011776030799941816,-0.021579994835437533,-0.056008618117485635,0.1366590607045523,0.13204870242142622,0,1,0
17.43743743743744,0.05186137931759959,0.12096736131595918,0.982027530239848,-0.008770979389898275,-0.02307041139054833,-0.0743210946518945,0.13677498015728903,0.13251441851601609,0,1,0
17.45745745745746,0.05419086696028202,0.11647438213412138,0.9819206604401841,-0.005343489983193534,-0.02445084488420763,-0.06880245642273149,0.13695664750141423,0.13276094224611634,0,1,0
17.47747747747748,0.05642435581770199,0.11167444287099855,0.9818884684479938,-0.00160959960951371,-0.02535605648025206,-0.04501952097230223,0.13693080264359075,0.1325550047668703,0,1,0
17.4974974974975,0.05855650020371514,0.10660721930065727,0.9819273024965589,0.00194170242825281,-0.025855089914642783,-0.02468614063401897,0.1366658956385467,0.13213270615134062,0,1,0
17.51751751751752,0.06058447761353989,0.10139887049123766,0.9820268087556622,0.004975312955165647,-0.026832822921583357,-0.048595652009228774,0.1364249221968773,0.13232128937108945,0,1,0
17.53753753753754,0.06250623348561365,0.09608779360368816,0.9821860805621753,0.00796359032565265,-0.027517522908910377,-0.03391608285328187,0.13641727634766743,0.13226163459370313,0,1,0
17.55755755755756,0.06431861794025423,0.09061922273202876,0.9824039371826635,0.010892831024410236,-0.029035318318127567,-0.07554312552817914,0.1363676204143269,0.1329221183371071,0,1,0
17.57757757757758,0.06601867075742943,0.08500264085875979,0.9826892662754123,0.014266454637442486,-0.03055877578240905,-0.07579729182360516,0.13663769324126881,0.13341687930757298,0,1,0
17.5975975975976,0.06760003623783775,0.07906827402041608,0.9830531276084762,0.01819306665319647,-0.03166250825599108,-0.054779510048980656,0.13667208823778146,0.13339978773999317,0,1,0
17.61761761761762,0.06905664220489535,0.07283029835288028,0.983495488608293,0.022118049990835727,-0.032131329067108576,-0.022998596942132056,0.1363943610913143,0.13290521155423365,0,1,0
17.63763763763764,0.07038486473099732,0.06641112630509861,0.9840046664390754,0.025458891539121703,-0.032626305961397095,-0.024269023309172168,0.135909866292357,0.13261859296611442,0,1,0
17.65765765765766,0.07158337700657982,0.05992561377912495,0.9845690798800353,0.028220672047996352,-0.03298362428467947,-0.01734627727385544,0.13557623462271606,0.13238205150640914,0,1,0
17.67767767767768,0.07265082844138443,0.05337257174023062,0.9851801245252353,0.03055223225999963,-0.033424414765179,-0.021478458882957897,0.13524623877342215,0.13229844830936113,0,1,0
17.6976976976977,0.07358612746471978,0.046764951166767085,0.9858315339219972,0.03257046983809384,-0.03362394126685222,-0.009370971503357976,0.1350133259822235,0.1321054643096977,0,1,0
17.71771771771772,0.07438805629565737,0.04009644154687958,0.9865168484100708,0.03426572440367974,-0.03377882411713669,-0.007092295825120507,0.13469412227311553,0.13195019942433683,0,1,0
17.73773773773774,0.07505630697842065,0.03341253413816453,0.9872289206602597,0.03560361250944176,-0.03383515136920331,-0.002115666045711199,0.134423335468218,0.13181102126007513,0,1,0
17.75775775775776,0.07559124057141979,0.026746679649956598,0.9879615642563371,0.036632179803868514,-0.03474662275184609,-0.044827522377551436,0.1341036016080631,0.1322762412113668,0,1,0
17.77777777777778,0.07599226215678269,0.02005107926814475,0.9887168271932932,0.03776314684780649,-0.03489374067958696,-0.006559825962352085,0.13423992967147144,0.13216748936708309,0,1,0
17.7977977977978,0.07625619533000771,0.013196658661251168,0.9894948883741981,0.03890305904524018,-0.034866055321973365,0.0022329273209769646,0.1338598313992625,0.13189390751534563,0,1,0
17.81781781781782,0.07638347925631091,0.006364196315159502,0.9902859380614636,0.03955248436327367,-0.03543149576429394,-0.027374411777777476,0.13342179923046987,0.13208235556451564,0,1,0
17.83783783783784,0.07637435400814974,-0.00045626240805868735,0.9910861733663916,0.040011765246401106,-0.035625658014198584,-0.008759675613968051,0.13336208245974088,0.13204514821269803,0,1,0
17.85785785785786,0.07622692945536223,-0.007371227639375274,0.9918939659867113,0.040389631015988164,-0.035486046577050984,0.007982389426443335,0.13306416232298382,0.13177420061366976,0,1,0
17.87787787787788,0.07594094998975175,-0.014298973280524178,0.9927007476044215,0.04033908088551169,-0.03488891131326755,0.030916043014763098,0.1327322221441685,0.13136473347946342,0,1,0
17.8978978978979,0.07551775040847097,-0.021159979064038513,0.9934954431567662,0.03973477761723254,-0.0341425463971641,0.03843687661560001,0.1322948092419047,0.13102737244138882,0,1,0
17.91791791791792,0.0749602949476881,-0.027872773039143765,0.9942665485177604,0.038555268049710094,-0.033073255765143084,0.05464609947750075,0.13199900376068582,0.13070277261420415,0,1,0
17.93793793793794,0.07427240348284724,-0.034394573242043584,0.9950048651633869,0.03691583228132421,-0.032298036161324734,0.04000263662383648,0.13157216473249048,0.13064276606853678,0,1,0
17.95795795795796,0.07345880468351443,-0.04067993996664011,0.9957032105832982,0.034917270995564846,-0.031591719054391364,0.036615510688055054,0.13140030392087815,0.13070812235100707,0,1,0
17.97797797797798,0.07252297596002522,-0.04679143617446093,0.9963599891526692,0.03283892846854773,-0.030980314552946756,0.031924774513029316,0.13123607893407058,0.1308057338905108,0,1,0
17.997997997998,0.07146786527967183,-0.05275553401766905,0.9969741788925542,0.030709486994252307,-0.02999259593436074,0.05079791707503033,0.13123271324982677,0.13075196431503394,0,1,0
18.01801801801802,0.07029656902573654,-0.05856481269676428,0.9975448787519043,0.02853499296750385,-0.029397247597570092,0.03122899983652229,0.1308976034575639,0.13086135944926028,0,1,0
18.03803803803804,0.0690132972903255,-0.06416358677055181,0.9980687284780015,0.02619248630486235,-0.02874654163200459,0.03404257386471075,0.13084654467118484,0.1309816651627886,0,1,0
18.05805805805806,0.06762096060723918,-0.06961683415431615,0.9985466821222255,0.023897682211199044,-0.02847992395459596,0.014872219642998407,0.1305729491290458,0.1311763359821243,0,1,0
18.07807807807808,0.06612258602786235,-0.07491872896884198,0.9989774990353656,0.02154084565700141,-0.02847808672577474,0.0016544094228701754,0.13038343304314487,0.13140736812012407,0,1,0
18.0980980980981,0.06451939324352358,-0.0801596392169381,0.9993616745730718,0.01920877688531035,-0.028138144229002134,0.018577102600071803,0.1303809525045509,0.13143983598182366,0,1,0
18.11811811811812,0.06281208430717079,-0.08536544681763937,0.9996995012961727,0.016891336155042517,-0.0281320276563475,0.0018870936073194303,0.12998497391618677,0.13151394737364336,0,1,0
18.13813813813814,0.061002276294361786,-0.09049040064045033,0.999986099542936,0.01432991233816738,-0.027738434067629547,0.021257337831196522,0.1299585495103646,0.13149660711937838,0,1,0
18.15815815815816,0.05909039367909869,-0.09559413076315464,1.0002206732478431,0.011728685245350477,-0.02702021977276898,0.03748005294151449,0.1298303336987182,0.13139264431663114,0,1,0
18.17817817817818,0.05707836615608511,-0.10060137615067934,1.0003996811352716,0.00895039437142316,-0.025891494398274845,0.05799499014069792,0.12979373291247062,0.13129690117504464,0,1,0
18.1981981981982,0.05497002409162788,-0.10541710322286138,1.0005210965168831,0.00607076908057912,-0.025660366554686214,0.013072536415068593,0.12913436053476793,0.13143692881131186,0,1,0
18.21821821821822,0.05277005211345354,-0.10999859890871688,1.0005772096018404,0.002805654247865594,-0.02527453283010126,0.02075190066468981,0.12910097369067217,0.1315585575540581,0,1,0
18.23823823823824,0.05047952553106119,-0.11452632911961762,1.0005692225987366,-0.0003993501551851912,-0.02439584984170353,0.04533478732317607,0.12915978628940822,0.13153158726343678,0,1,0
18.25825825825826,0.04810037858507657,-0.11895734729923116,1.0004975238400267,-0.0035849379354966765,-0.02336467161263885,0.052889808894510476,0.1290743324151682,0.13155349343915193,0,1,0
18.27827827827828,0.045636479763271134,-0.1231949410902719,1.0003611428363417,-0.006819050184248391,-0.022383506275033868,0.05030400709572678,0.12894749654503485,0.13165866307982238,0,1,0
18.2982982982983,0.04309208774771064,-0.12721960077802494,1.000159749062004,-0.010069688716882831,-0.021235799911342074,0.058535892430789244,0.1289819508534234,0.13177941600127083,0,1,0
18.31831831831832,0.04047145275316538,-0.1310317497272626,0.9998956313201662,-0.013205887091886748,-0.020330337320286395,0.04630888917721573,0.12877684722291688,0.13192384074900634,0,1,0
18.33833833833834,0.037779423337968826,-0.13460147075982773,0.999567904445483,-0.016386343734157205,-0.01969642122441603,0.03259597300419766,0.12853987147062565,0.13207408183504776,0,1,0
18.35835835835836,0.035019160749333124,-0.13801312943178495,0.9991752903722463,-0.01963070366183766,-0.017940652665011506,0.08857001541050041,0.1292017398509514,0.13219181127182458,0,1,0
18.37837837837838,0.032193445212384895,-0.14128577684741145,0.9987293208762386,-0.022298474800388966,-0.016230370988243738,0.08616913357149346,0.1292427780137625,0.13239112459836358,0,1,0
18.3983983983984,0.029309101118360166,-0.14421720470123642,0.9982336298540678,-0.024784551108536897,-0.01433267298821311,0.09541260501888388,0.12954377735741476,0.13268807315029546,0,1,0
18.41841841841842,0.026372677664708334,-0.14682117268259165,0.9976971384572563,-0.02682456984057825,-0.012163124465698269,0.10888189952799149,0.12993360145873553,0.13299128834372617,0,1,0
18.43843843843844,0.023391412956088264,-0.14906323543100347,0.9971301801960761,-0.028347913059009192,-0.009684943971261578,0.12419816313737386,0.13042441653651507,0.13333752665677323,0,1,0
18.45845845845846,0.020373975324035357,-0.15087188160264534,0.9965452223291531,-0.02924789334615319,-0.007672646600059908,0.10078156120408771,0.13040971106806987,0.13367050442819514,0,1,0
18.47847847847848,0.01732981176970491,-0.15220817771652217,0.9959470534391972,-0.029908444497792664,-0.005544594442004968,0.10645527061306852,0.13071337658842347,0.13394871773797548,0,1,0
18.4984984984985,0.014266732963314627,-0.15315394031951426,0.9953443372927192,-0.030135807323901073,-0.0035062249313143625,0.10186465317110116,0.13086303010016367,0.13419127355233024,0,1,0
18.51851851851852,0.01119330253315783,-0.1536715215078398,0.9947429257089717,-0.030070579187371962,-0.002263961727855181,0.06195165719955618,0.13044941075994484,0.1343502799786039,0,1,0
18.53853853853854,0.008117364868171849,-0.15379688324929913,0.994139094233827,-0.03019157375723802,-0.0014745615006697937,0.03921176943949118,0.13005513344435363,0.1343484876931235,0,1,0
18.55855855855856,0.005043226941308261,-0.15370689634317938,0.9935270286470723,-0.030603279337731333,-0.00032286962045834105,0.057257383402734466,0.13017068687760935,0.1343277466837897,0,1,0
18.57857857857858,0.0019740667692105763,-0.15345800860488423,0.992908194254377,-0.03094171963476536,0.00016342575813087343,0.02393881989164385,0.1296472509172943,0.1343380305216837,0,1,0
18.5985985985986,-0.0010860991153890526,-0.15300829422998144,0.9922750756504474,-0.03165593019648225,0.0004717312367064677,0.015022795194364065,0.12931837170027055,0.1342589897190596,0,1,0
18.61861861861862,-0.004136370254362377,-0.15251355694866622,0.9916217370053266,-0.03266693225603729,0.001653138033716878,0.05870185315962909,0.12982975521070467,0.13430977481469966,0,1,0
18.63863863863864,-0.007175555747715785,-0.15195927466767042,0.9909566149739688,-0.03325610156789313,0.0021662719763801195,0.02534550415251039,0.12946889112960763,0.1344710703803666,0,1,0
18.65865865865866,-0.010199993972908756,-0.15122191125964854,0.9902768738110779,-0.033987058144544016,0.002924069670849503,0.03767290521671543,0.1295986379092107,0.13454665408467897,0,1,0
18.67867867867868,-0.013208250205008005,-0.1504128116049624,0.9895856828432434,-0.03455954839171954,0.0034709957801329493,0.027255192451276028,0.12945365812237739,0.13463425442919486,0,1,0
18.6986986986987,-0.016198351232338884,-0.149505051366544,0.9888823238546564,-0.035167949429354056,0.0042146626376125765,0.03724150729394874,0.1295852919684181,0.1347332061671258,0,1,0
18.71871871871872,-0.0191692938682088,-0.14854713179349588,0.9881703437467593,-0.03559900539485653,0.005478320504945114,0.06339858215274434,0.13010627798816465,0.13497838054797456,0,1,0
18.73873873873874,-0.022119133061619826,-0.1474919596705513,0.9874612042101167,-0.03545697683212497,0.006966891375296656,0.0747910306045108,0.13061356113084843,0.13536427797498338,0,1,0
18.75875875875876,-0.025043811842943048,-0.14623393906616106,0.9867682158823148,-0.03464941639009919,0.008279018187707,0.06607945991071193,0.13080671607418695,0.13568517857790346,0,1,0
18.77877877877878,-0.027938436193904667,-0.1447312175480809,0.9860990434598396,-0.033458621123762466,0.009129249418378801,0.04302003120286626,0.13058050132367863,0.13578877703639025,0,1,0
18.7987987987988,-0.03079915637867039,-0.14303600923828627,0.9854519053048737,-0.03235690774829335,0.009757249563072175,0.03181994252600195,0.13030688559658943,0.1357120089201313,0,1,0
18.81881881881882,-0.0336245121508933,-0.14126778861114545,0.9848216409237337,-0.03151321905699823,0.011073331818491983,0.0659855148359941,0.130788666043311,0.13577901075596183,0,1,0
18.83883883883884,-0.03641354221333973,-0.1394515031223215,0.9842163790307135,-0.0302630946510128,0.012693032548995908,0.08071232942856948,0.1313438179035367,0.13612437200716962,0,1,0
18.85885885885886,-0.03916268524932911,-0.13745715179946896,0.9836493844678024,-0.028349728145553192,0.014461953502868732,0.08743734787225048,0.13184966888213553,0.1364964341263979,0,1,0
18.87887887887888,-0.04186765239862832,-0.13524835746496078,0.9831335149393244,-0.025793476423896358,0.01690539178089704,0.12015295174849636,0.13282227560083126,0.136951219969132,0,1,0
18.8988988988989,-0.044522961593421,-0.13276545973963383,0.9826896812222911,-0.02219168585167097,0.018924663317951593,0.0974497894661854,0.13306939990115188,0.13737307246729233,0,1,0
18.91891891891892,-0.0471212967101902,-0.12991675583845982,0.9823274482937103,-0.018111646429034078,0.021026247055731875,0.0995788238575194,0.13335516786668156,0.13751068461719326,0,1,0
18.93893893893894,-0.04965706463030987,-0.12678839600598354,0.9820526835283245,-0.013738238269287155,0.022845826566173795,0.08279817305816374,0.13331931235955533,0.13756399310020212,0,1,0
18.95895895895896,-0.05212487871562956,-0.12339070426598457,0.9818651539245816,-0.009376480187143542,0.024375492610587704,0.06476245828968472,0.13306692897843536,0.13742868260535285,0,1,0
18.97897897897898,-0.05452111782650566,-0.11981195554380508,0.9817585603089467,-0.005329680781743526,0.025747692461154242,0.05234300057129056,0.1327806199503433,0.13719404736435192,0,1,0
18.998998998999,-0.05684397606076108,-0.11614291171277072,0.9817245564155863,-0.001700194668018839,0.02709948380960302,0.04563563958665921,0.13258354386929105,0.1369740897659723,0,1,0
19.01901901901902,-0.059093160237983326,-0.1124592088611124,0.9817562313522955,0.001583746835460525,0.02888907911628605,0.06083657433337809,0.13282306327479432,0.13688358424878083,0,1,0
19.03903903903904,-0.06126876053684804,-0.10878001494323544,0.9818549047941163,0.004933672091037598,0.030590465957141013,0.048239755282503946,0.13288580860115395,0.136955301021425,0,1,0
19.05905905905906,-0.0633700011472546,-0.1050620305203288,0.9820214674125781,0.008328130923089096,0.03182639387668651,0.014638160980904077,0.13248035206806044,0.13684716267199856,0,1,0
19.07907907907908,-0.06539849110630197,-0.10142449795236844,0.9822470314184556,0.01127820029387254,0.03378026997566953,0.03904794628840584,0.13275034918081688,0.13664942857168597,0,1,0
19.0990990990991,-0.06735852207973571,-0.09800154867168716,0.9825311612238552,0.014206490269979992,0.036162436819885554,0.047503481912140204,0.13326221723607115,0.13685172448413288,0,1,0
19.11911911911912,-0.0692529145987469,-0.09471962595055933,0.982882534580958,0.01756866785514082,0.03883143329160228,0.047260296753594846,0.13372923856490854,0.13709161595236524,0,1,0
19.13913913913914,-0.07108437689315346,-0.09157311472032836,0.983309316293368,0.021339085620504468,0.041428340937681184,0.02670560129058438,0.13386424117897702,0.1372506335156654,0,1,0
19.15915915915916,-0.0728567684083617,-0.0886195757604117,0.9838131337328699,0.025190871975092264,0.04423660867464828,0.01829906844374183,0.13397351200767182,0.1372220225789873,0,1,0
19.17917917917918,-0.07457661353638839,-0.08599225640133472,0.9843919980479042,0.0289432157517152,0.04748805470519024,0.019960432401557104,0.13425823539015763,0.13721690885720275,0,1,0
19.1991991991992,-0.07625188487664863,-0.0837635670130118,0.9850462836026622,0.03271427773789911,0.05093214232714271,0.006951540409607946,0.1344576468461422,0.137298241191586,0,1,0
19.21921921921922,-0.07789144366724018,-0.08197793952957758,0.9857757144238704,0.03647154106040583,0.054358119178112584,-0.019609634919639622,0.13439636510972075,0.13729720876022822,0,1,0
19.23923923923924,-0.07950651588837115,-0.08075361105654814,0.9865742485380463,0.039926705708796785,0.05785439739068297,-0.044967542980978735,0.13420888255319624,0.1371670564080868,0,1,0
19.25925925925926,-0.08111201223325921,-0.08027481724440279,0.9874313012353797,0.04285263486666952,0.061894640270537385,-0.04829274194165383,0.13427477406270458,0.13700314872712482,0,1,0
19.27927927927928,-0.0827259748312593,-0.08069812990000456,0.9883385848953535,0.04536418299869241,0.0661442902101649,-0.07167555900669788,0.13434588647512385,0.13709904339248835,0,1,0
19.2992992992993,-0.08436857290913301,-0.08212990389368487,0.9892906055474022,0.04760103260243476,0.07112617332167452,-0.0696513456324068,0.1346586641071163,0.1371049949090835,0,1,0
19.31931931931932,-0.08606338476931347,-0.0847405930090229,0.9902828687622605,0.04961316074290928,0.07678125587339335,-0.07121844938096729,0.13521270344778125,0.13738037741975806,0,1,0
19.33933933933934,-0.08783601440287561,-0.08863148167810725,0.9913169402497292,0.051703574373435236,0.08367774954379378,-0.04003003249041696,0.13622027190563155,0.13765863904293102,0,1,0
19.35935935935936,-0.0897133149319392,-0.09386502645317944,0.9923995047618018,0.054128225603632354,0.09046209883288227,-0.08075052936761998,0.1369085659878563,0.1385427662468974,0,1,0
19.37937937937938,-0.09172223539568358,-0.10044602318721961,0.9935398453675588,0.05701703028784857,0.09774910071894974,-0.09028342285081205,0.13737100665251556,0.13883999705424938,0,1,0
19.3993993993994,-0.09389435236211346,-0.10860584832149443,0.9947339035288235,0.05970290806323579,0.10505301693965347,-0.12876044733125028,0.13774182865169615,0.1394533954484734,0,1,0
19.41941941941942,-0.09626469355474189,-0.11851705963142102,0.9959791934480364,0.062264495960645615,0.11308438676049389,-0.13035364960210527,0.13824329688190926,0.13976553764641883,0,1,0
19.43943943943944,-0.09887335018505594,-0.13043283151570226,0.9972689430401994,0.0644874796081492,0.12177426627178921,-0.1349013849595883,0.13911206440424906,0.1405044805644019,0,1,0
19.45945945945946,-0.10176309523023411,-0.1444872522589086,0.9986057398179465,0.06683983888735769,0.13062904424031982,-0.17013169222236968,0.13993938642897272,0.14164507265198248,0,1,0
19.47947947947948,-0.10498062646474661,-0.16087656172562528,0.9999951592314236,0.06947097067384896,0.14079296046429068,-0.14018028088922357,0.14107783679320277,0.14230396581725738,0,1,0
19.4994994994995,-0.1085777604288792,-0.17985669820662958,1.0014379510773157,0.07213959229460554,0.1521854574175196,-0.10533463042790314,0.14301687349553313,0.1437073477188919,0,1,0
19.51951951951952,-0.11260782217049045,-0.20150308708056236,1.0029541284103773,0.0758088666530816,0.16407062149846738,-0.10669977714822698,0.1450897950531796,0.1457550484946967,0,1,0
19.53953953953954,-0.11712528103455318,-0.22587294320313608,1.0045721460569428,0.08090088232827447,0.17672044621778113,-0.08838661651398329,0.1469861361545663,0.14745281979446004,0,1,0
19.55955955955956,-0.12218671755831499,-0.2530718261880908,1.0063107171749301,0.08692855589936965,0.19024924000810606,-0.05529751533263048,0.1490432439110929,0.14919101711122562,0,1,0
19.57957957957958,-0.127849710161227,-0.2831496301456015,1.0081890855918876,0.09391842084787573,0.20425500610450326,-0.039648932431990275,0.15105736144420023,0.15119442851004328,0,1,0
19.5995995995996,-0.1341716743422041,-0.3160982090488534,1.0102275805930356,0.10192475005740641,0.21872831490726666,-0.022464792125904808,0.15262602996373748,0.15284244139283398,0,1,0
19.61961961961962,-0.14120950900164086,-0.3518917329718383,1.0124339506298192,0.11031850183917892,0.2343224168558515,0.0435551390964625,0.15416198131092299,0.15392593756288872,0,1,0
19.63963963963964,-0.14901844970251427,-0.3904470350436696,1.0148064582672058,0.11862538186933175,0.25053217771446784,0.09049437036311028,0.15587773122535228,0.15551163822692088,0,1,0
19.65965965965966,-0.15765033916009807,-0.4315944728791904,1.0173516542738803,0.1272598003337199,0.26733483893698307,0.1441825887700517,0.15709618824019422,0.15662756128206215,0,1,0
19.67967967967968,-0.16715100556080678,-0.4750333200354358,1.020062940005222,0.1355642865670755,0.2848717783676024,0.2173682557108745,0.1579213576598033,0.15719838721681206,0,1,0
19.6996996996997,-0.17755845490751682,-0.5203724673355011,1.0229217081313215,0.14293840630498572,0.30269073423800885,0.2681920215771981,0.15823298421686582,0.15763819092818976,0,1,0
19.71971971971972,-0.1889016617772889,-0.5671603434886041,1.0259020482642611,0.14901700664698062,0.3211080171686215,0.34394171553322034,0.15798278204638905,0.15729461488068447,0,1,0
19.73973973973974,-0.20120015818416953,-0.6149248203440317,1.0289621242147304,0.1530037975234676,0.3401006146382375,0.4261289256292232,0.15802151509291792,0.1572058043410429,0,1,0
19.75975975975976,-0.21446657170569672,-0.6633206760763588,1.0320688100210946,0.15533429031820625,0.3594069522381206,0.49533042513158004,0.1583943609294742,0.15767293286933812,0,1,0
19.77977977977978,-0.22870748461321727,-0.7120456453760278,1.0352020958990804,0.15666429389928474,0.3794842615347161,0.6047002238475069,0.1597342520454892,0.15862153464428622,0,1,0
19.7997997997998,-0.24392597821575535,-0.7609246801269035,1.0383616728782747,0.15797884895971587,0.4001648520796086,0.7233475897543532,0.16372056707279015,0.16210341965735686,0,1,0
19.81981981981982,-0.26012792798785317,-0.8100974886048905,1.0416130730370252,0.16257000793752188,0.42106362870925745,0.837767708925346,0.1764003727505017,0.1744059826811711,0,1,0
19.83983983983984,-0.2773568864635087,-0.8614479237827762,1.045238245352726,0.18125861578503574,0.4419895487073991,0.9598090183482666,0.19316885411274548,0.19085314021030184,0,1,0
19.85985985985986,-0.2956586611808214,-0.9150887358656349,1.0496188809752172,0.21903178112455793,0.46269820958587143,1.0815014779669958,0.20322433058455847,0.20094077149068418,0,1,0
19.87987987987988,-0.31501326763071613,-0.9677303224947365,1.054977009049527,0.26790640371548463,0.4835861548422046,1.2449842764603116,0.20492506992254905,0.20231686054746303,0,1,0
19.8998998998999,-0.3353275797302642,-1.015715604977404,1.061329881949273,0.31764364498729275,0.5037940753197305,1.345897252566049,0.20543832740526574,0.2034288998536313,0,1,0
19.91991991991992,-0.3564751026470039,-1.057376145836982,1.068681335284968,0.3675726667847559,0.5234716000685231,1.426788852912566,0.1992382743299557,0.19787058111429692,0,1,0
19.93993993993994,-0.3782858421593521,-1.0905369756174108,1.0768767342760066,0.4097699495519249,0.5436340144500073,1.5744874541410552,0.20014392109009094,0.19836470206357526,0,1,0
19.95995995995996,-0.4006029813907634,-1.1158569615705627,1.0859216978162352,0.452248177011428,0.5637188835248377,1.693199399879345,0.20337032512458844,0.20124663688263963,0,1,0
19.97997997997998,-0.42324732589565933,-1.1322172252447977,1.0958771152207314,0.4977708702248066,0.5843801628455095,1.9131603980278524,0.21154603043187287,0.2075930219310954,0,1,0
20.0,-0.44601466558449054,-1.1383669844415594,1.1069022142837834,0.5512549531526061,0.6041385417397164,2.107758580399455,0.22181080625168428,0.21632604630106647,0,1,0
