time,x,x_dot,z,z_dot,theta,theta_dot,u1,u2,x_ref,z_ref,theta_ref
0.0,0.27395604855596334,-0.0012224312049589538,1.3020370878759355,0.003947360581187278,-0.24349359126741027,0.009512447032735119,0.05632337492751251,0.05809496365973006,0,1,0
0.02002002002002002,0.2735229532571218,-0.021654764942077714,1.2998410558579647,-0.10980160089854357,-0.24191117118355093,0.07912100419296358,0.056323393327679945,0.05834751950257488,0,1,0
0.04004004004004004,0.2726807052916621,-0.04211239827298284,1.2953756929260187,-0.22326814659730274,-0.2388122571724426,0.1549457005554189,0.056323374917615986,0.05830797188363015,0,1,0
0.06006006006006006,0.2714324713563546,-0.0624116967653733,1.2886435065434072,-0.3366093191305794,-0.23416759656494943,0.23223303037466023,0.05632338691341029,0.05797741230100767,0,1,0
0.08008008008008008,0.2697850896079748,-0.08236908741899078,1.2796438370942667,-0.4499834724570295,-0.2283793614867394,0.28941175391050056,0.056323443557363025,0.05806082501470518,0,1,0
0.10010010010010009,0.2677465165835444,-0.10192865122151923,1.2683829939051277,-0.5630421594569458,-0.2214230642932268,0.34781485967563186,0.05632366667237502,0.05801622990929336,0,1,0
0.12012012012012012,0.265327103539416,-0.12097065220642104,1.2548662550438787,-0.6758369430624522,-0.21336288505250853,0.40300896203591297,0.07227976843951761,0.07394131451365342,0,1,0
0.14014014014014015,0.2624353545792121,-0.14458744801019757,1.2395611053331057,-0.7652574855386495,-0.20433332050169953,0.4514782275404463,0.11012637151949559,0.11191131147740582,0,1,0
0.16016016016016016,0.25885132280026674,-0.17920158894726765,1.2235725922566825,-0.7994256538211643,-0.1942091974703715,0.5062061515664047,0.13199921937744155,0.13387235037084572,0,1,0
0.18018018018018017,0.25447343623684204,-0.21889432817123516,1.2075442454268497,-0.8014173414916362,-0.18301396557251717,0.5597615948927194,0.14344356925934693,0.1453405518986622,0,1,0
0.20020020020020018,0.24927648330361496,-0.25984764666135474,1.1918172281050587,-0.7863508660895507,-0.17075863776157715,0.6127663905470004,0.1486519447526005,0.150473304294232,0,1,0
0.22022022022022023,0.24328086961934714,-0.2997806842133915,1.176550689889814,-0.763326910762242,-0.1576191679673246,0.656973489712626,0.15036454928233994,0.15210650392352257,0,1,0
0.24024024024024024,0.2365327696521736,-0.3374049983586765,1.1618022615859431,-0.7374214151935409,-0.14366864466489754,0.6975261651213526,0.15060601707569682,0.15219792397696524,0,1,0
0.2602602602602603,0.22909055068423917,-0.37211094839672093,1.1475855752909734,-0.7108343147484821,-0.12904095795395676,0.73138433554704,0.1503481606463068,0.15175846009434346,0,1,0
0.2802802802802803,0.22101857206952952,-0.40359893073548214,1.1338989304249516,-0.6843322433010927,-0.11399363098665373,0.7523663483651502,0.15005926496760896,0.15134532664997552,0,1,0
0.3003003003003003,0.21238388700745015,-0.43173425310396796,1.1207400619486585,-0.6579434238146536,-0.09861287444350049,0.7690378271576636,0.15022171162258507,0.1513382255229547,0,1,0
0.3203203203203203,0.20325370687759636,-0.45650900649268894,1.108118563939026,-0.6310749004816165,-0.08307769882770563,0.7767587807897427,0.15071766050446161,0.15168395775239943,0,1,0
0.34034034034034033,0.193695786526383,-0.47789601756066835,1.0960532862724315,-0.6032638833297265,-0.06751599533328057,0.7780851747212539,0.15158466383501057,0.15239461828926681,0,1,0
0.36036036036036034,0.18377806121187434,-0.4958862657254332,1.0845729540543059,-0.5740166109062853,-0.05210127253695322,0.7707361398163668,0.15264375872943656,0.15332837237761868,0,1,0
0.38038038038038036,0.17356881849377742,-0.5104621359048466,1.0737113657580404,-0.5430794148132716,-0.03687636474661763,0.7612453895167797,0.15393176004002945,0.15444221873096844,0,1,0
0.40040040040040037,0.16313629473458824,-0.5216261879594594,1.0635072471412745,-0.5102059308382904,-0.022054328878936345,0.7411017933840643,0.15510377734509667,0.15550930206807248,0,1,0
0.42042042042042044,0.15254893712596013,-0.5293678804314056,1.0539957950238918,-0.47557260586913125,-0.00771815050876881,0.7168089185083768,0.15621853068191047,0.15651432361571113,0,1,0
0.44044044044044045,0.14187426657544444,-0.5337335275257848,1.0452093195004928,-0.4393237761699479,0.006101091925703018,0.6909621217235915,0.1572149343950821,0.15736543269445624,0,1,0
0.46046046046046046,0.1311784682443699,-0.5347899165537268,1.0371750434062836,-0.40171380471045526,0.01921818950555981,0.6558548789928395,0.1578509258818569,0.15793049248786664,0,1,0
0.4804804804804805,0.12052590455093516,-0.532628184671737,1.0299096499455112,-0.36326967303862157,0.03155627392912961,0.6169042211784904,0.1581834988902951,0.1582078658452569,0,1,0
0.5005005005005005,0.10997782698681983,-0.5274038782057661,1.0234202299938415,-0.3244709975834778,0.04311470493453276,0.5779215502701577,0.1582417867101317,0.15818166986122428,0,1,0
0.5205205205205206,0.09959173324039872,-0.5193046873210563,1.0177046373692464,-0.28577963122974925,0.05378830655276537,0.53368008091163,0.15790891134956136,0.15781094906605198,0,1,0
0.5405405405405406,0.08942085049645242,-0.508544137197315,1.0127493121777444,-0.2477662595750968,0.06362894680931222,0.4920320128273426,0.15732960759667555,0.15714331677251647,0,1,0
0.5605605605605606,0.07951354513375908,-0.4953652681346669,1.0085323140903215,-0.21084990437114248,0.07259288708704316,0.4481970138865459,0.1564355094461376,0.15617647969616297,0,1,0
0.5805805805805806,0.0699132931249503,-0.48001260044043853,1.005022422525907,-0.17549457822073045,0.08060937923890434,0.4008246075930592,0.1552153985775106,0.15492637316942787,0,1,0
0.6006006006006006,0.06065830423713879,-0.46274944439057564,1.002179365805084,-0.1421528360411498,0.08759387849736953,0.3492249629232619,0.15366806012988046,0.15341223390375688,0,1,0
0.6206206206206206,0.05178101765591632,-0.44386432906112333,0.9999542497530908,-0.11125580259965864,0.09360884367641464,0.3007482589522541,0.1519332582301105,0.15168432496575562,0,1,0
0.6406406406406406,0.04330794681146956,-0.42365354222233825,0.9982925216348473,-0.08308640591217517,0.09871031736472118,0.2550736844153253,0.15007380107143023,0.149810648703781,0,1,0
0.6606606606606606,0.03526020530035487,-0.4023870755557343,0.9971359786452902,-0.05782714947785156,0.10291750411855455,0.21035933769167092,0.1481202994772289,0.14784855243356607,0,1,0
0.6806806806806807,0.027653989032578964,-0.3803108133887953,0.9964241163140075,-0.03559311656413874,0.10622082428142302,0.1651660081434228,0.1460940305444529,0.14584310901935682,0,1,0
0.7007007007007007,0.020500838816796232,-0.35765751078913666,0.9960951506738472,-0.01644828200801602,0.10869675438356666,0.12379650510718163,0.14407872619334108,0.14382486042712062,0,1,0
0.7207207207207207,0.013807982550343165,-0.33464281332265333,0.9960877413162618,-0.0003704678792745171,0.11035855653906547,0.08309010777494064,0.14209686417493694,0.1418589264525314,0,1,0
0.7407407407407407,0.00757898344062438,-0.31144995548593923,0.9963422654247236,0.012726205423093878,0.11115496401500778,0.03982037379711552,0.14014410099418081,0.13998928411533443,0,1,0
0.7607607607607607,0.0018139005392494197,-0.288254145068748,0.9968014001021163,0.022956733869631443,0.11123679576706443,0.0040915876028317436,0.13832405319551094,0.1381899686834351,0,1,0
0.7807807807807807,-0.003490520502507607,-0.26522105208785135,0.9974112843060162,0.03049421019499917,0.110622141056652,-0.03073273552062248,0.13665259037243,0.13656055365032024,0,1,0
0.8008008008008007,-0.008339995598587852,-0.24247375480401231,0.9981231365362682,0.03559261151259916,0.10944351600002487,-0.05893125283135454,0.13517309352489187,0.13506902434374748,0,1,0
0.8208208208208209,-0.012742420326201861,-0.2201212363807005,0.9988933951593384,0.038512931153510635,0.1077256805111939,-0.08589177444154922,0.1338834662621437,0.13378019014107217,0,1,0
0.8408408408408409,-0.016707189889709963,-0.19823847817540502,0.9996845625982049,0.03955837194332407,0.10549115474879917,-0.11172628811973645,0.13276827613477735,0.1326816424808265,0,1,0
0.8608608608608609,-0.02024512444453009,-0.1768967277410064,1.0004647640909483,0.03901007463716845,0.10280402200760395,-0.13435663705975975,0.1318319746140379,0.13175104093137166,0,1,0
0.8808808808808809,-0.0233683844890488,-0.15616300222593557,1.0012074542637834,0.03713450864175446,0.09974758714633207,-0.1528217430635948,0.13108124757678227,0.1309800761250509,0,1,0
0.9009009009009009,-0.02609016402424205,-0.13608897675966242,1.001891347112546,0.034194642438128135,0.09630758182083965,-0.17200026627461937,0.13049228832847257,0.1304076302482635,0,1,0
0.9209209209209209,-0.028424432812375288,-0.116713439406662,1.0025005875121549,0.030462019980446006,0.09256342869468359,-0.1872076563078041,0.1300533376277339,0.1299620304263136,0,1,0
0.9409409409409409,-0.030386114579709623,-0.09808408836671673,1.003023510750608,0.026146161922663058,0.08858909903484506,-0.19871648299192557,0.12976527566430598,0.129644139561476,0,1,0
0.960960960960961,-0.03199075720512987,-0.08023213127101267,1.0034526235564056,0.02145564028987981,0.08435237471906261,-0.21183621578912268,0.12959865150831149,0.12949315855485788,0,1,0
0.980980980980981,-0.03325438033001836,-0.06318115624442436,1.003784709670108,0.01660430568512188,0.07997029525398527,-0.21910397325386674,0.12954034598980038,0.1293991825520659,0,1,0
1.001001001001001,-0.034193707525554375,-0.04696635977680079,1.0040190143217047,0.011715232579836494,0.07545056569211651,-0.2259864780934384,0.12958429513618744,0.12942320021221773,0,1,0
1.021021021021021,-0.03482570976900256,-0.03160011217240926,1.0041580073161185,0.006949649720690144,0.07079435406359146,-0.23281058142625286,0.1296995167286826,0.1295398376039736,0,1,0
1.0410410410410411,-0.035167721638061464,-0.01710059345294512,1.0042065419183972,0.0024267301139382566,0.06607481278075417,-0.23597706414186304,0.1298771215247327,0.12969284417123494,0,1,0
1.0610610610610611,-0.035237480506265045,-0.0034879434101789206,1.0041708855509002,-0.001782818374856738,0.06128287838503267,-0.23959671978607658,0.13010618569738175,0.12992299112260292,0,1,0
1.0810810810810811,-0.035052894564604926,0.00922929708300609,1.00405913567357,-0.005587493866513063,0.05647500764971087,-0.24039353676609018,0.1303700041226459,0.13017110921014735,0,1,0
1.1011011011011012,-0.03463211775488996,0.021038840485748188,1.003880098730679,-0.008951847144550407,0.05162061228247415,-0.24271976836183523,0.1306582502339736,0.13048297066043155,0,1,0
1.1211211211211212,-0.03399343380116386,0.031934197686304996,1.003643799198886,-0.011814976589647535,0.04686430711375119,-0.23781525843614865,0.13096483548422463,0.1307367428399848,0,1,0
1.1411411411411412,-0.033155404485571104,0.04190146577963776,1.0033595911326032,-0.014210403314139159,0.042266365240706004,-0.2298970936522592,0.13129034428785707,0.13097965048364307,0,1,0
1.1611611611611612,-0.03213619706401012,0.05096037107804925,1.00303683590753,-0.016137761253664593,0.03770605199914976,-0.22801566207781235,0.13160317122889187,0.1312990780074138,0,1,0
1.1811811811811812,-0.030953490583394846,0.059135324030763714,1.0026857223763144,-0.017555676560776882,0.033321018673638896,-0.2192516662755425,0.13190234611149199,0.1315278848275333,0,1,0
1.2012012012012012,-0.029624857996058178,0.06643162936683342,1.0023148031761826,-0.018545960006585024,0.029005744438750636,-0.21576371174441308,0.13218457985450255,0.13181797233553402,0,1,0
1.2212212212212212,-0.028167256173054905,0.07288009115016356,1.0019331790446802,-0.019081206575124073,0.024776197965286215,-0.21147732367322142,0.13243984927909566,0.1320852392194132,0,1,0
1.2412412412412412,-0.026597495139445617,0.07848805168046434,1.001549124982,-0.019202703134000448,0.020733229714799142,-0.20214841252435348,0.13268154943980182,0.13228416000740806,0,1,0
1.2612612612612613,-0.024932088178027136,0.08327034807092405,1.0011696161396013,-0.018975442119942242,0.016847100144993795,-0.19430647849026747,0.13289757708755257,0.1324837704320069,0,1,0
1.2812812812812813,-0.02318691115233746,0.08725885128448375,1.0008011673559953,-0.018422439180296245,0.01319790824955123,-0.18245959477212806,0.13308951905964242,0.13261280198035488,0,1,0
1.3013013013013013,-0.021377260641834876,0.09048252552512917,1.0004488116998997,-0.01761778280477978,0.009785505848932046,-0.17062012003095917,0.1332525051207262,0.13271428291416285,0,1,0
1.3213213213213213,-0.01951752923805011,0.09298657018923834,1.0001166694638564,-0.016607111802172655,0.006600698782012135,-0.15924035334599548,0.13338290833022615,0.13279011382928352,0,1,0
1.3413413413413413,-0.017621191269273525,0.0948168984388292,0.9998079332761096,-0.015436809387336827,0.0036230193228645622,-0.14888397295737862,0.13348268976099198,0.13284997891894296,0,1,0
1.3613613613613613,-0.015700834163136727,0.09601785530683996,0.9995250510154394,-0.014144113033509438,0.0008399942785594447,-0.13915125221525587,0.1335562807970437,0.13289382716408207,0,1,0
1.3813813813813813,-0.013768211337224343,0.09663114129561921,0.9992698001239462,-0.012762544574660811,-0.0017950055325661439,-0.13174999055627945,0.13360301003484903,0.132944759243994,0,1,0
1.4014014014014013,-0.011834336133599339,0.09669376018125023,0.9990436277846974,-0.011308616962441573,-0.0042453281661348746,-0.12251613167843649,0.13363679125037584,0.13296301820949502,0,1,0
1.4214214214214214,-0.009909628824857243,0.09623536543710481,0.9988472744420015,-0.009817667134792714,-0.0064991894648555645,-0.11269306493603451,0.13365418963213166,0.13295867810254097,0,1,0
1.4414414414414414,-0.008003769703832176,0.09529295605125342,0.9986808780467025,-0.008319819764951069,-0.008553787701390782,-0.10272991182676088,0.1336536538032089,0.13293469192273968,0,1,0
1.4614614614614614,-0.006125655130935317,0.09390572864484294,0.9985440010644344,-0.006843849113401948,-0.010399913719539376,-0.09230630090742958,0.13363814740917626,0.1328886103253186,0,1,0
1.4814814814814814,-0.004283356967104569,0.09211490819153743,0.9984356440016178,-0.005417853140830702,-0.012077888936331216,-0.08389876083959208,0.1336020573338885,0.13284709854810609,0,1,0
1.5015015015015014,-0.0024841176893101065,0.08996196388972312,0.9983545630555949,-0.00405404730114401,-0.01359349879680949,-0.07578049302391374,0.133556320285668,0.1327999416132414,0,1,0
1.5215215215215214,-0.0007345419392579839,0.08747878750260613,0.9982992837003776,-0.0027639677608635037,-0.014873244964262265,-0.06398730837263879,0.13351634821699518,0.1327080327710291,0,1,0
1.5415415415415414,0.0009594991258419197,0.08470205325499518,0.9982677529498424,-0.001576537526756815,-0.01602741225347104,-0.05770836446043871,0.13344489623121522,0.13265294644350642,0,1,0
1.5615615615615615,0.0025930307637736525,0.08167658189658664,0.9982580037980515,-0.00048745758954161643,-0.017027929475576742,-0.05002586110528522,0.1333799807122114,0.1325861587282701,0,1,0
1.5815815815815815,0.0041616183312495805,0.07842937837379642,0.9982679961160116,0.0004996158980016601,-0.017928438806181574,-0.04502546653024135,0.13330286019125961,0.13254186407293944,0,1,0
1.6016016016016015,0.005661410019294382,0.07498958440224004,0.9982958492102736,0.0013926547131010328,-0.01870088973545243,-0.03862254646354289,0.13323434154230338,0.13248877626058939,0,1,0
1.6216216216216217,0.007088963249775669,0.07137766152406438,0.9983396844752583,0.0021917632492393577,-0.01934788698534591,-0.03234986249467413,0.13316379416228075,0.1324343824816834,0,1,0
1.6416416416416417,0.008441321066741853,0.06761789084830921,0.9983975819465079,0.0028948735624742855,-0.01982299507029515,-0.02375540424746209,0.13310262517572422,0.13235610053084512,0,1,0
1.6616616616616617,0.00971609332192237,0.06373861275902584,0.9984674157612822,0.003491690738718813,-0.020229982845232877,-0.020349388746886188,0.13301384148993864,0.1323150729759507,0,1,0
1.6816816816816818,0.010911506730793732,0.059770670443568145,0.9985472165949871,0.003990041685249803,-0.020504687499398367,-0.013735232708274446,0.13294888115911266,0.13225566918128734,0,1,0
1.7017017017017018,0.012026108099482465,0.0557300684344366,0.9986351021254755,0.004394276524414577,-0.02071532721131852,-0.010531985596007674,0.132866759697081,0.13222163191298375,0,1,0
1.7217217217217218,0.013058913039718388,0.05164024701179619,0.9987293232895011,0.004711058201282002,-0.020799006648719996,-0.004183971870073515,0.13280789164086595,0.13216871170251066,0,1,0
1.7417417417417418,0.014009244234262907,0.04751655972722592,0.9988282022251789,0.004943946783885546,-0.020833821487968335,-0.0017407419624173815,0.13272805722474573,0.13214338780247398,0,1,0
1.7617617617617618,0.01487690731411452,0.04338315399258067,0.9989301709538819,0.005098436435152411,-0.020832292642976053,7.644224961416129e-05,0.13265330129908315,0.13213270425964338,0,1,0
1.7817817817817818,0.015661854233103185,0.0392473459494333,0.9990339588806182,0.005189396336811383,-0.02072394341051302,0.005417461623151696,0.13260353486083648,0.13210054613575908,0,1,0
1.8018018018018018,0.016364231472794533,0.03511886198456742,0.9991383515173505,0.005219631836616957,-0.020578664896210883,0.007263925715107016,0.13253190927395547,0.13208983114994094,0,1,0
1.8218218218218218,0.016984519179635588,0.031014385342052732,0.9992421379317696,0.005189320720954671,-0.02026889777846608,0.015488355887240115,0.13250440580009065,0.13203674606830956,0,1,0
1.8418418418418419,0.017523437454535367,0.026945913744988892,0.999344137072238,0.005099957023418785,-0.01992329708052104,0.017280034897251956,0.13243417905866975,0.13201851319894842,0,1,0
1.8618618618618619,0.01798231074639385,0.022943664592924153,0.9994430652911971,0.004946410947954618,-0.019529643059652952,0.0196827010434047,0.1323800450186679,0.13200744341957762,0,1,0
1.8818818818818819,0.018362629105968,0.019015917978707404,0.9995379868431441,0.004746077597351587,-0.019149545057868374,0.019004900089229053,0.1323126546462347,0.13202330435584234,0,1,0
1.901901901901902,0.018666019014807828,0.015169495441991435,0.9996281724631279,0.0045092809991875045,-0.01872502341682198,0.02122608205231946,0.13227225426798478,0.1320294253725236,0,1,0
1.921921921921922,0.01889406389104677,0.011402243811947162,0.9997131473222759,0.004248742957400904,-0.018260919439619154,0.023205198860141413,0.13223070832152958,0.1320356868556383,0,1,0
1.941941941941942,0.019048512518522097,0.007722431373766379,0.9997924247392398,0.003963870848194351,-0.017748206906040707,0.025635626678922253,0.13219500577464244,0.13203962951479148,0,1,0
1.961961961961962,0.019131307004623375,0.00413972430506395,0.9998655727099285,0.003657398534433616,-0.01726473027028685,0.024173831787692807,0.13213534486235665,0.13206971099966178,0,1,0
1.981981981981982,0.01914451447063059,0.0006603733003607837,0.999932194354696,0.003331082238380474,-0.016728215761876213,0.026825725420531757,0.13211050126219628,0.13208143363617725,0,1,0
2.002002002002002,0.019090128523875857,-0.002719297337736723,0.9999921338087263,0.0029969727015143935,-0.016190716865434957,0.02687494482206272,0.13206608425033947,0.13210531601409278,0,1,0
2.022022022022022,0.018970310472938567,-0.005990902546864528,1.0000451279195433,0.002649705540843623,-0.01560211210278544,0.029430238132476073,0.13204408466352596,0.13211746712088093,0,1,0
2.042042042042042,0.01878728944186829,-0.009151051553513794,1.0000910708977522,0.002297148910449555,-0.015071414686074886,0.02653487083552773,0.1319828625183667,0.132160640765635,0,1,0
2.062062062062062,0.018543413302983106,-0.012193806944259202,1.0001297375785199,0.0019333340383823501,-0.01449417320122276,0.02886207424260643,0.1319657735561554,0.13218107538037085,0,1,0
2.0820820820820822,0.018240798889788964,-0.015130720659707041,1.000161215156642,0.0015738789060988669,-0.013823763264774672,0.03352049682240424,0.13196518713222732,0.13218203482324486,0,1,0
2.1021021021021022,0.017881800983004875,-0.017949895339204356,1.0001855482996598,0.0012166571508884,-0.013151484275016983,0.03361394948788448,0.13193318593881304,0.13220549891853275,0,1,0
2.1221221221221223,0.01746913554688761,-0.020633271805863423,1.000202653437485,0.0008552568912629408,-0.012518571764969148,0.03164562550239158,0.13189201194270897,0.13224650424756515,0,1,0
2.1421421421421423,0.01700547939332665,-0.023182807678048027,1.0002125694029422,0.0004957982728601162,-0.011862522139519197,0.03280248127249745,0.1318784050102961,0.13227421199404218,0,1,0
2.1621621621621623,0.016493356394258696,-0.025606149953397637,1.0002155427181054,0.00014866575816281706,-0.011164628720386179,0.03489467095665123,0.13187357657176604,0.13229456597964817,0,1,0
2.1821821821821823,0.015935432049499796,-0.027896217237944918,1.0002118403488771,-0.00018511846141555833,-0.010521272383991085,0.032167816819754586,0.1318332848124704,0.1323401207255983,0,1,0
2.2022022022022023,0.015334485027882908,-0.030047351080844407,1.0002015771907247,-0.0005131579076201596,-0.009882712353531008,0.031928001523003624,0.13181585405949145,0.13237707805720128,0,1,0
2.2222222222222223,0.014693103302569,-0.032069086265695386,1.0001850752238581,-0.0008250983433257611,-0.009276530620393528,0.030309086656873988,0.13178640250851179,0.13241938788062355,0,1,0
2.2422422422422423,0.014013819275805172,-0.03396420133819137,1.0001625555971505,-0.001125981335377594,-0.008646729496224907,0.03149005620843107,0.1317809994354424,0.1324482141557215,0,1,0
2.2622622622622623,0.013299069636099718,-0.03573748198527272,1.0001343930380673,-0.0014081279541651205,-0.008033436873954629,0.03066463111351391,0.1317601756509464,0.1324851139243414,0,1,0
2.2822822822822824,0.012551358668307961,-0.03738554838958786,1.000100852501701,-0.0016770268183104963,-0.007411134111044247,0.031115138145519073,0.13175233999138053,0.13251673776943748,0,1,0
2.3023023023023024,0.011773125676384366,-0.0389116495961798,1.000062310918329,-0.0019270791685982705,-0.006773374843564058,0.031887963374009475,0.13174958105391116,0.13254600675027375,0,1,0
2.3223223223223224,0.010966838992479794,-0.040314334195228584,1.0000191840306798,-0.0021563443824652666,-0.006111213384301127,0.0331080729631466,0.13175458609808305,0.13257315578403353,0,1,0
2.3423423423423424,0.010135065943258192,-0.0415886524610801,0.999971969754634,-0.0023607138022902646,-0.005501907842806795,0.030465277074716603,0.131729309790684,0.13261808257664193,0,1,0
2.3623623623623624,0.009280424925858153,-0.04273205087000198,0.9999209793582295,-0.0025495198202235376,-0.0048991715089501415,0.030136816692832677,0.13172342449296928,0.13265224957375704,0,1,0
2.3823823823823824,0.008405341326650034,-0.04375417996040599,0.9998666488725305,-0.002716524284948828,-0.004312747789209039,0.02932118598705515,0.1317134060252051,0.13268670317149092,0,1,0
2.4024024024024024,0.007512154871369492,-0.04465932276402705,0.9998093554033407,-0.002864673459491706,-0.00363571878060062,0.0338514504304209,0.13175405163208287,0.13269720246929093,0,1,0
2.4224224224224224,0.006603197960234958,-0.045447845556726686,0.9997498697420943,-0.0029742830623203584,-0.0029363540099384268,0.03496823853310964,0.1317747041016377,0.13272376361157875,0,1,0
2.4424424424424425,0.005681191355230589,-0.04610033025021844,0.999688903756578,-0.0030482992758156463,-0.002320007447562362,0.030817328118803246,0.1317520488156522,0.1327735289353417,0,1,0
2.4624624624624625,0.004748870504881189,-0.04661604251747005,0.9996268693506661,-0.003101720295594449,-0.001699287763002402,0.03103598422799799,0.13176302945572302,0.1328002713585146,0,1,0
2.4824824824824825,0.0038086037282913546,-0.047013338829491706,0.9995643326510874,-0.0031268349789407243,-0.0009559041553381688,0.037169180383211646,0.13183192542038472,0.1328000786956291,0,1,0
2.5025025025025025,0.002862874978360246,-0.04728643749655542,0.9995023168128249,-0.003100791913122164,-0.0002335757904252063,0.036116418245648124,0.13185037510974854,0.1328335791233959,0,1,0
2.5225225225225225,0.0019146262228805805,-0.04741243777398328,0.9994415949131703,-0.0030360949827278726,0.00043448799131361014,0.033403189086940815,0.1318528212884989,0.1328709189604127,0,1,0
2.5425425425425425,0.0009666454837070107,-0.04739903695867849,0.9993827569808201,-0.002941896617510804,0.0011658688484157418,0.03656904285510658,0.13190494052796362,0.1328774001139949,0,1,0
2.5625625625625625,2.1582531503278155e-05,-0.047253147610186626,0.9993266693267774,-0.0028043827021358063,0.0018669995573836029,0.035056535448393066,0.13192231599132884,0.13290324159370945,0,1,0
2.5825825825825826,-0.0009177249084874234,-0.04696537199953508,0.9992739675942934,-0.0026350866241966475,0.002601477405753226,0.03672389241848119,0.13196792417630424,0.13291132439132722,0,1,0
2.6026026026026026,-0.00184850619498213,-0.046539064324735334,0.9992254401830953,-0.0024263705599057617,0.003294139911032097,0.03463312526394352,0.1319834566909702,0.1329328634024714,0,1,0
2.6226226226226226,-0.0027679239171858154,-0.04597088611018427,0.99918162634611,-0.0021906918492683594,0.0040245126363919,0.03651863626799016,0.13203224341437933,0.13293140993133465,0,1,0
2.6426426426426426,-0.0036732658588207105,-0.045267097081744756,0.9991432153324517,-0.0019205506829169106,0.004749751694800186,0.036261952920414335,0.13206764856127307,0.13293736948570203,0,1,0
2.6626626626626626,-0.004561664684874995,-0.044419941302714226,0.9991108049131363,-0.001620520965764384,0.005426699520491017,0.03384739128454155,0.13208292611414302,0.13294747826024822,0,1,0
2.6826826826826826,-0.005430283812317144,-0.04343095637210745,0.9990847536460401,-0.0013025633548122046,0.00604682771218583,0.031006409584740623,0.13208795036622792,0.1329514597349316,0,1,0
2.7027027027027026,-0.006276527359598052,-0.0423121773640454,0.9990651760889014,-0.0009788778569353722,0.006697114096007917,0.03251431919110436,0.1321275459371143,0.13292969192400933,0,1,0
2.7227227227227226,-0.007098018673660439,-0.04107456570311935,0.9990523169616118,-0.0006429563644840739,0.007406300701500287,0.03545933027461847,0.13218868255405639,0.1329018119951158,0,1,0
2.7427427427427427,-0.007892241467148866,-0.039711139674421324,0.9990466470588858,-0.0002834951363010029,0.008139798533449299,0.036674891597450535,0.13224430344022242,0.13288131528349742,0,1,0
2.7627627627627627,-0.008656413003308923,-0.038208576808002846,0.9990486610907423,0.00010070159282554616,0.00880323397690698,0.03317177217288413,0.13225925681512504,0.1328763599617121,0,1,0
2.7827827827827827,-0.00938771730584639,-0.03656521512687334,0.9990584783886279,0.0004908648942830215,0.009458291258553485,0.03275286408232511,0.1322898082147413,0.13284417472527718,0,1,0
2.8028028028028027,-0.01008359538196276,-0.03479390380581857,0.9990760462043125,0.0008783907842277014,0.010090185276144692,0.03159470087956039,0.13231399619471035,0.13281016799065207,0,1,0
2.8228228228228227,-0.010741497154297957,-0.03289508861675984,0.9991011891857157,0.0012571490701609213,0.010635198349159169,0.027250653650723728,0.13230837048082766,0.13278555518573018,0,1,0
2.8428428428428427,-0.01135899671327555,-0.030874977948879577,0.9991334288858612,0.0016119850072750085,0.011114719963572777,0.023976080720680443,0.1323017852929444,0.13274641074819046,0,1,0
2.8628628628628627,-0.011934054523158445,-0.02875289049414478,0.9991720598741823,0.00193154941605541,0.011616833024637547,0.025105653053238412,0.13232871487131484,0.13268021412889627,0,1,0
2.8828828828828827,-0.012464814085864053,-0.026537978135280384,0.9992164747702896,0.0022207448053624245,0.012035912400325682,0.020953968784406793,0.1323207920112864,0.13264392571623496,0,1,0
2.9029029029029028,-0.012949369764250592,-0.02422778391932699,0.9992659915486398,0.00247583891751153,0.012388946109459602,0.017651685456695942,0.13231146748834502,0.13259587815658894,0,1,0
2.9229229229229228,-0.013386166353498109,-0.021839829462375813,0.9993197367594224,0.0026872605391287403,0.01272338326603889,0.016721857828964383,0.13231860017823976,0.13253209099312707,0,1,0
2.942942942942943,-0.013773897390322778,-0.019386551841233418,0.9993768508575065,0.0028557049042052546,0.013037563815438143,0.01570902746996264,0.1323292493931958,0.13246953435617015,0,1,0
2.962962962962963,-0.014111345881969026,-0.01687242458231242,0.9994365457857223,0.0029847464107915314,0.013358681800845476,0.01605589927036667,0.13235234161967543,0.13239759806464269,0,1,0
2.982982982982983,-0.014397359409057342,-0.01430067635441578,0.9994980801272996,0.0030767170788665696,0.013666365654779604,0.015384192696706517,0.1323719015077828,0.13233058810530862,0,1,0
3.003003003003003,-0.014630731674339667,-0.011668613264116223,0.9995607329850889,0.003132642889462148,0.013893819347029074,0.011372684612473528,0.13236666206188324,0.13228061033558666,0,1,0
3.023023023023023,-0.014810347440954445,-0.008980788330738893,0.9996236693188195,0.0031468166865327497,0.014076365875716722,0.009127326434382126,0.13236728011788065,0.13221420146464127,0,1,0
3.043043043043043,-0.014935361601198481,-0.006250708012201836,0.9996859021550919,0.0031116418136200898,0.014139505474906978,0.0031569799595132578,0.1323424900187824,0.13217265390072652,0,1,0
3.063063063063063,-0.015005172597101202,-0.0034905497951360823,0.9997464394989185,0.003026867191327551,0.01417735625118882,0.0018925388140918352,0.13234342360933982,0.13209840202473344,0,1,0
3.083083083083083,-0.015019601015619909,-0.0007214209259353258,0.999804193251742,0.002887687641172574,0.01414527858867907,-0.001603883125487638,0.13233611394496125,0.1320450988488173,0,1,0
3.103103103103103,-0.014978559894441334,0.002052056058928716,0.9998582657494752,0.0027036248866649246,0.01401434835770056,-0.006546511548925458,0.13231895801446913,0.13200435260324084,0,1,0
3.123123123123123,-0.01488227706162234,0.0048141416409497075,0.9999078039827939,0.002476911665930918,0.013853605011366175,-0.008037167316719268,0.13232277303296205,0.1319429228743652,0,1,0
3.143143143143143,-0.014731339327935985,0.007546886684317711,0.9999519652625496,0.0022080639877862613,0.013645003662663809,-0.01043006743511835,0.13232723731681229,0.13189481807573827,0,1,0
3.163163163163163,-0.014526459847643095,0.01024397401464452,0.9999901161315737,0.0019075434512069007,0.01340571416997617,-0.011964474634382015,0.1323388512126052,0.13184423045505358,0,1,0
3.183183183183183,-0.014268523946911242,0.012896795036592608,1.0000216952498329,0.0015789559129616995,0.013118921348611656,-0.014339641068225554,0.13234889981411926,0.1318045736327975,0,1,0
3.203203203203203,-0.013958541346456743,0.015499130022724922,1.0000462819302243,0.0012293340195699155,0.01279114181778477,-0.016388976541344517,0.1323622142242226,0.13176641143478948,0,1,0
3.2232232232232234,-0.013597690505770728,0.01804254203430071,1.0000635285897013,0.0008623329738510677,0.01239779823741334,-0.01966717901857144,0.13237104692108376,0.13174306881076753,0,1,0
3.2432432432432434,-0.013187355778481437,0.02051673636446459,1.00007324282832,0.00048571193094732693,0.012023246733151964,-0.01872757521306892,0.1324034993755754,0.1316906043656849,0,1,0
3.2632632632632634,-0.012729129549843936,0.022911311431875,1.000075153693929,9.55432804461359e-05,0.011616220547728972,-0.020351309271149438,0.1324274694101326,0.1316629672882903,0,1,0
3.2832832832832834,-0.01222450314508767,0.02523132023781331,1.0000692311243347,-0.0002961284797134674,0.011107247487623508,-0.025448653005273228,0.13243361577463852,0.13166759342791398,0,1,0
3.3033033033033035,-0.011675118218824406,0.027469246313163175,1.0000556599448844,-0.0006785589725106234,0.01051880465490738,-0.029422141635806396,0.13244543264805417,0.13167132098287088,0,1,0
3.3233233233233235,-0.01108302829012805,0.029604496434817835,1.0000346993522775,-0.0010480296303426097,0.009896738507964535,-0.03110330734714226,0.13247143360308378,0.1316655389991167,0,1,0
3.3433433433433435,-0.01045063078786828,0.03161987511298846,1.000006679876523,-0.0014009737877225645,0.009335430875520537,-0.02806538162219968,0.13252235824459196,0.13162454568055643,0,1,0
3.3633633633633635,-0.009780360520179335,0.03351351338444727,0.999971779348626,-0.001745026394849952,0.008699429802560119,-0.03180005364802086,0.13254344968078347,0.13164305683717173,0,1,0
3.3833833833833835,-0.009074503082417128,0.03529287188811038,0.9999306113024101,-0.0020584023107971857,0.008106927243358299,-0.02962512796009109,0.13258946947396172,0.13161367318394204,0,1,0
3.4034034034034035,-0.00833558342626882,0.03694598280741544,0.9998834498773804,-0.0023580712514842065,0.00751205445889321,-0.02974363922325456,0.13262689143013628,0.13160559680695208,0,1,0
3.4234234234234235,-0.007565920437406091,0.03848314944313643,0.9998307543235295,-0.0026347776925446658,0.006830158823645864,-0.03409478176236711,0.13264464136800178,0.13163805337210285,0,1,0
3.4434434434434436,-0.006767861649051867,0.03990293941771119,0.9997732912620356,-0.002873153074692368,0.006069316639687824,-0.038042109197902074,0.1326657285693742,0.13167798756753374,0,1,0
3.4634634634634636,-0.005944110705396964,0.04118754718274517,0.9997119878649443,-0.003065169854564979,0.005274622195220529,-0.03973472222336474,0.13269886743858678,0.1317088195998422,0,1,0
3.4834834834834836,-0.005097682400857048,0.042321415226995784,0.9996478143081444,-0.003208677839995825,0.004480394590703036,-0.03971138022587467,0.13273894795072005,0.1317296542830071,0,1,0
3.5035035035035036,-0.004231709741038721,0.04329863299091636,0.9995816931323752,-0.0033060587884594385,0.003681237285599581,-0.039957865255172774,0.13277521784666255,0.1317543798704621,0,1,0
3.5235235235235236,-0.0033493041243912542,0.04412028083237335,0.9995145448194145,-0.003357415648038754,0.002842185885034101,-0.04195257002827403,0.13280152261348296,0.13179770148909564,0,1,0
3.5435435435435436,-0.0024536062689353303,0.0447848927727962,0.9994474145464128,-0.003356513650084426,0.0019737133590407544,-0.043423626299667305,0.1328286194473078,0.1318424842076944,0,1,0
3.5635635635635636,-0.0015478770830959815,0.04528645929196744,0.9993813779398286,-0.0033018303292108486,0.0010192057181528,-0.0477253820443977,0.13284271265033035,0.13192037389729708,0,1,0
3.5835835835835836,-0.0006355558947106924,0.04561605941926446,0.9993178050183615,-0.003178646073354421,8.360930642349139e-05,-0.046779820586465445,0.13287715895138688,0.1319594238649995,0,1,0
3.6036036036036037,0.0002796209686455785,0.04575884316781354,0.9992577881735966,-0.0030008422382512166,-0.0008531264228004057,-0.046836786461194865,0.13290092272966578,0.13200592165150038,0,1,0
3.6236236236236237,0.001193990989104771,0.04571850102295962,0.9992023673730333,-0.0027710400281637498,-0.0017934700660972168,-0.04701718216484054,0.1329176488199304,0.13205329715465974,0,1,0
3.6436436436436437,0.002103857077019237,0.045493304395723314,0.9991524870072177,-0.0024940182907792043,-0.0026729858522353254,-0.043975789306905426,0.13294165978660813,0.13207050936160877,0,1,0
3.6636636636636637,0.0030055830890493435,0.04508630060150533,0.9991087482591741,-0.002186937402183431,-0.0035980205412648593,-0.04625173445147672,0.13293487549494565,0.13213105835245,0,1,0
3.6836836836836837,0.003895705042662745,0.04450609768067008,0.9990719347766989,-0.0018406741237583922,-0.004484053158889216,-0.04430163088121776,0.13294364474234993,0.13215958139861272,0,1,0
3.7037037037037037,0.004770592346448307,0.043744365189278094,0.9990425818370546,-0.001467646982210197,-0.005303342847213526,-0.04096448441621541,0.1329503518193829,0.13217058049402722,0,1,0
3.7237237237237237,0.005626811486364004,0.04281095699578487,0.9990209314365973,-0.0010825200228636203,-0.006118455141316961,-0.040755614705171785,0.13293464843672798,0.13220308874726863,0,1,0
3.7437437437437437,0.006461173357399114,0.041718093551755486,0.9990072103372226,-0.0006860549687321324,-0.006917580510086958,-0.0399562684384999,0.13291822203295162,0.13223297884944443,0,1,0
3.7637637637637638,0.0072705236381825685,0.04046751403917271,0.9990015930855366,-0.000280862584301935,-0.007720738083148491,-0.04015787865307664,0.13289265256454108,0.13227273902274794,0,1,0
3.7837837837837838,0.00805173047338549,0.039060341760146146,0.999004262689412,0.00013348019376757122,-0.00845056410501415,-0.03649130109328299,0.13288054258138315,0.13228012982643603,0,1,0
3.803803803803804,0.008801713569657742,0.03749915481361254,0.9990151192498902,0.0005428280239058404,-0.009187623967792474,-0.03685299313891615,0.13283997007148396,0.1323148733161538,0,1,0
3.823823823823824,0.009517674400032572,0.03579804151874147,0.9990340464411843,0.0009463595647054999,-0.009950147079664963,-0.03812615559362462,0.13279234647726706,0.1323622873344863,0,1,0
3.843843843843844,0.010196731099440371,0.03395283497039002,0.9990610089516978,0.0013481255256730207,-0.010631475891123772,-0.0340664405729402,0.13276723597305065,0.13236824284687917,0,1,0
3.863863863863864,0.010835969517506868,0.03196192090332487,0.9990956877370794,0.0017339392690779677,-0.01129673718305986,-0.03326306459680444,0.13271408376241844,0.13239094046212407,0,1,0
3.883883883883884,0.011432719682538625,0.029837508251587867,0.9991375977756053,0.0020955019262955767,-0.01182235975879542,-0.026281128786778157,0.1326889410379622,0.132362526346243,0,1,0
3.903903903903904,0.011984443516439217,0.027586191695029533,0.9991859111369348,0.0024156680664768775,-0.012267951074070763,-0.02227956576376719,0.13263735895895132,0.1323433470626341,0,1,0
3.923923923923924,0.01248917772302049,0.025236710329063668,0.9992395505298691,0.0026819696467197916,-0.012704087261437067,-0.02180680936831509,0.13256522908213694,0.13235108858145186,0,1,0
3.943943943943944,0.012945224330211202,0.022802330359535647,0.9992975367757754,0.0028993122953145734,-0.013066602773843262,-0.018125775620309724,0.13251392360475547,0.13234054046032848,0,1,0
3.963963963963964,0.013351012708105237,0.020289418894701733,0.999358928772525,0.0030695998374821363,-0.013493462093207651,-0.021342965968219642,0.1324192256661113,0.13238028961010154,0,1,0
3.983983983983984,0.013705187449048932,0.017708737047184807,0.9994228915393858,0.003198138343043596,-0.013904675656760996,-0.020560678177667203,0.1323519045145383,0.13240339578277865,0,1,0
4.004004004004004,0.014006127555562456,0.01504700532567619,0.9994887458922288,0.0032927176421530787,-0.014231213351436688,-0.016326884733784616,0.13229949149176035,0.1323985714352449,0,1,0
4.024024024024024,0.014252277491400291,0.012307496791891756,0.9995556204534646,0.0033437280617877323,-0.01443786139301356,-0.010332402078843565,0.13225196711801845,0.13237303715206397,0,1,0
4.044044044044044,0.01444249339387705,0.0095107951238379,0.9996224142817879,0.0033396914161654065,-0.014653786108929317,-0.010796235795787845,0.1321599054314924,0.13238628852650755,0,1,0
4.064064064064064,0.014576009910638095,0.006675825838052318,0.9996879485344373,0.0032767126324706876,-0.014760266833307183,-0.0053240362188930485,0.13211203460525772,0.13236781769039446,0,1,0
4.084084084084084,0.014652100519085064,0.003804530422348454,0.9997512293248925,0.003164039522754768,-0.014847896876175262,-0.004381502143403988,0.13203083991560233,0.1323732229029314,0,1,0
4.104104104104104,0.014670409703812224,0.000915459236358036,0.999811129774771,0.0029950224939310362,-0.014844816932330567,0.000153997192234653,0.13197941526215126,0.1323615557050764,0,1,0
4.124124124124124,0.014630688812761214,-0.0019860445525505094,0.9998667130163144,0.002779162077163541,-0.01478526406704059,0.002977643264498619,0.1319167790971537,0.13235815030493678,0,1,0
4.1441441441441444,0.014533032620035921,-0.004882809636264571,0.9999170043947821,0.002514568923392392,-0.014663587296488433,0.0060838385276080495,0.1318611665863643,0.13235630001530893,0,1,0
4.1641641641641645,0.014377753382404183,-0.007763961881586954,0.9999611603210413,0.0022077963129592654,-0.014475153176382998,0.009421706005271865,0.13181182771302172,0.13235509048588281,0,1,0
4.1841841841841845,0.014165422015480274,-0.010616568346195475,0.9999984438673198,0.0018641773139245251,-0.0142529414615106,0.011110585743619759,0.13175494311354333,0.13236559358417757,0,1,0
4.2042042042042045,0.013896821861743052,-0.013430007686861114,1.0000281841776288,0.001487015515453381,-0.013922934844536805,0.016500330848689716,0.13173306081872854,0.13235954502106845,0,1,0
4.2242242242242245,0.013572936034494948,-0.01619429136240527,1.000049986027107,0.0010900924739046464,-0.013591613458377144,0.016566069307982982,0.13167435734894062,0.13238194854596252,0,1,0
4.2442442442442445,0.013195112882243449,-0.018891157612574982,1.0000633362690485,0.0006675120970713401,-0.013202423025582218,0.019459521639746204,0.13164555892870727,0.1323963695639984,0,1,0
4.2642642642642645,0.012764710898518121,-0.02152009918626637,1.0000680465974596,0.00023551642055768846,-0.012749681143467853,0.022637094105718503,0.13162380746430868,0.13240982791349787,0,1,0
4.2842842842842845,0.012283362176147901,-0.024067436118511053,1.000064021589934,-0.00020125037628427277,-0.012329558967045014,0.021006108821141563,0.13156775281534283,0.1324496660228278,0,1,0
4.3043043043043046,0.011752869128807847,-0.026524652367002712,1.0000510511471195,-0.0006485221407241253,-0.011838185512442466,0.02456867273012777,0.13155941929990123,0.13246881937594013,0,1,0
4.324324324324325,0.011174900067157607,-0.02889845308251201,1.0000293235101108,-0.0010863818504386316,-0.011226342980910756,0.030592126576585423,0.13157838839990924,0.13247550421207988,0,1,0
4.344344344344345,0.010551421317887923,-0.031173937463484222,0.9999992491686045,-0.0015037170753122613,-0.010521020495267052,0.0352661242821851,0.13159855172188212,0.13249096729501328,0,1,0
4.364364364364365,0.009884923082595642,-0.03332491176461405,0.9999613904150725,-0.0018929376765980692,-0.009849872333912726,0.03355740806771634,0.13157346558724536,0.13253897837542483,0,1,0
4.384384384384385,0.009178209818866084,-0.035335663186477934,0.999916123352771,-0.002263353115075616,-0.009177539922216376,0.03361662058481753,0.13156653577903288,0.1325815862161584,0,1,0
4.404404404404405,0.008433905966553969,-0.037215192615605755,0.9998640094645279,-0.0026056944121570008,-0.008405226511636695,0.03861567052898403,0.1316069496127194,0.13260164618120326,0,1,0
4.424424424424425,0.007654677407886756,-0.03896142793336063,0.9998059754018725,-0.0029017031327679146,-0.007570309045398703,0.041745873311899606,0.13164170959688695,0.13263071634698773,0,1,0
4.444444444444445,0.006843582745990907,-0.04055473309479243,0.9997429983338555,-0.00314885340085102,-0.0067035683089805434,0.04333703682090797,0.13167274478115462,0.13266858765028708,0,1,0
4.464464464464465,0.006003905421303681,-0.04198386623436132,0.9996761293682985,-0.0033434482778485868,-0.005789713353157483,0.04569274779115315,0.13171741182508456,0.13270312705646456,0,1,0
4.484484484484485,0.0051390500632878845,-0.043242767900789784,0.9996065694496455,-0.003477995932651673,-0.004824337096822961,0.048268812816726035,0.13177141324531075,0.1327357762041948,0,1,0
4.504504504504505,0.004252596976019571,-0.044322654363415696,0.9995356269444475,-0.00354712525990186,-0.003797637926606624,0.05133495851081686,0.13183821776234855,0.13276543216700395,0,1,0
4.524524524524525,0.003348372281906946,-0.04521123470563124,0.9994647521717821,-0.003543738633273517,-0.002799727383675733,0.04989552714654465,0.13186982696814595,0.13281105204687177,0,1,0
4.544544544544545,0.002430391411753203,-0.04589904350768715,0.9993951066020629,-0.003482278485962777,-0.0017800088299694194,0.05098592768531561,0.13192360095813907,0.13284080241432145,0,1,0
4.564564564564565,0.0015025955634338432,-0.046389792415968,0.9993279395460539,-0.0033583528004490315,-0.0007955902176386226,0.049220930616539836,0.13195240196631777,0.13287686105700017,0,1,0
4.584584584584585,0.0005689980953706685,-0.04667987340315873,0.9992642189966342,-0.003186027470986865,0.00014644820934425878,0.047101921349144066,0.13197439992135532,0.1329076920516015,0,1,0
4.604604604604605,-0.0003665681382370626,-0.046778311680386556,0.9992047297071711,-0.0029744644731522244,0.001118491223193284,0.04860215069245126,0.1320274434103177,0.13291738016716256,0,1,0
4.624624624624625,-0.0013004014253101936,-0.04669166435365655,0.9991503986952345,-0.0027165505968297994,0.0020798258013283457,0.04806672890675308,0.132067288678018,0.1329329558769632,0,1,0
4.644644644644645,-0.002228704713398343,-0.046415164404407475,0.9991020402742322,-0.0024179210501117498,0.0030452140382459343,0.04826941184587945,0.1321150662278822,0.1329406676408977,0,1,0
4.664664664664665,-0.003147664492046123,-0.04594798893238901,0.9990604654579994,-0.002078740811638862,0.0039006999635469676,0.04277429626505172,0.13211009005300464,0.13296647995734212,0,1,0
4.684684684684685,-0.00405356297265372,-0.04529492403037982,0.9990259675194089,-0.001724896929528124,0.00479782553518683,0.04485627858199306,0.13216355062364055,0.1329494224579301,0,1,0
4.704704704704705,-0.004943004554179193,-0.04447207907627365,0.9989990681512685,-0.0013449684070206728,0.00559271712319503,0.039744579400410096,0.13215840475457233,0.13296215913771114,0,1,0
4.724724724724725,-0.005812526345887116,-0.04347608958539614,0.9989798581115695,-0.0009605019849484914,0.006389972802573915,0.039862783968944174,0.13219052451661847,0.13294239545066958,0,1,0
4.744744744744745,-0.006659042685364705,-0.04232581697387945,0.9989684977896898,-0.0005680160939898233,0.0071867822153788745,0.03984047064024797,0.13222624204843722,0.13292148899847914,0,1,0
4.764764764764765,-0.007479438386365111,-0.041019785050020297,0.998965181279171,-0.00016582552593680136,0.007933437610758903,0.037332769769001455,0.13224253728472626,0.13290858574087075,0,1,0
4.784784784784785,-0.008270666394037365,-0.039561400383612735,0.998969930872158,0.0002374796493485849,0.008723283896778445,0.03949231430097698,0.1322965764893845,0.13286703910994715,0,1,0
4.804804804804805,-0.009029834864191278,-0.03795842350769571,0.9989829027524717,0.0006485940156830193,0.009513164770715487,0.039494043696852,0.13234038259734024,0.13283446574760133,0,1,0
4.824824824824825,-0.009753860625938792,-0.03620128808737569,0.9990042306624726,0.0010663955000419002,0.010229125422083991,0.03579803256842536,0.13235126716048093,0.1328124916104777,0,1,0
4.844844844844845,-0.010439697339550785,-0.0342918356805996,0.999033715116808,0.001474222716771335,0.010892780481640054,0.03318275297780305,0.13236100529241396,0.13277363669991576,0,1,0
4.864864864864865,-0.011084592830481275,-0.03224477454652451,0.9990708902988723,0.0018587591032143116,0.01150984268243047,0.030853110039520813,0.1323689025954074,0.13272657283396772,0,1,0
4.884884884884885,-0.011685996835728253,-0.0300702002623489,0.9991151421645664,0.002212593284704489,0.012065527886974911,0.027784260227222114,0.13236822928925268,0.13267831291059506,0,1,0
4.904904904904905,-0.012241566885930819,-0.027778502510128266,0.9991657129121368,0.0025285373785236304,0.012590203882686194,0.026233799785563887,0.13237650326682604,0.1326169217994783,0,1,0
4.924924924924925,-0.01274919224237775,-0.025381267822346534,0.9992217848425108,0.002803596518697735,0.01307208735319035,0.02409417352520779,0.13238138568617383,0.1325565868787933,0,1,0
4.944944944944945,-0.01320687154349209,-0.022883965055717007,0.9992825066921708,0.0030360924830021394,0.01347356498082665,0.02007388138181488,0.13237035327443933,0.13250354877700832,0,1,0
4.964964964964965,-0.013612770367174707,-0.02029494118413081,0.9993469013854548,0.003219734664198441,0.013765973288099405,0.014620415363637888,0.13234314496325467,0.13245480128907536,0,1,0
4.984984984984985,-0.01396545445233633,-0.017634204258081126,0.9994138199682486,0.003345929139691611,0.014091462306309031,0.016274450910481374,0.13236429365380425,0.1323609405561578,0,1,0
5.005005005005005,-0.014263816521780392,-0.014918103472203082,0.9994821677830328,0.00341739073920524,0.014320805174334195,0.011467143401258154,0.1323501322913896,0.13231242621455236,0,1,0
5.025025025025025,-0.014506740549611345,-0.012146201391547658,0.9995509975940003,0.0034414905483797016,0.014624011141681027,0.015160298367341634,0.1323902574196859,0.13220496005951443,0,1,0
5.045045045045045,-0.014693339220691073,-0.009329933553986388,0.9996192988404472,0.003415062322342748,0.014790412407382604,0.008320063285078682,0.13237000003156318,0.13217027318564697,0,1,0
5.065065065065065,-0.014822531043328428,-0.006459591131867726,0.9996862409949463,0.0033471077249569007,0.014903034167422648,0.005631088002002029,0.13236437844133186,0.13209996479244993,0,1,0
5.085085085085085,-0.014893713232938581,-0.0035591094805077135,0.999750690941522,0.0032224973287859385,0.014883180324099826,-0.0009926921661409143,0.13233538102291795,0.13206037162871453,0,1,0
5.105105105105105,-0.01490657362716475,-0.0006430197113084912,0.9998116282211866,0.00304686398323165,0.014851688191446536,-0.0015746066326644327,0.13234066868708066,0.1319797582341303,0,1,0
5.125125125125125,-0.014861298187082936,0.0022637720040907033,0.9998679410848138,0.002815643181357554,0.014826041816868927,-0.0012823187288805212,0.13236062190356665,0.13189974497339413,0,1,0
5.145145145145145,-0.014758067798226419,0.005161519442825879,0.9999187453740439,0.0025402144615075902,0.014721834472157956,-0.00521036723554859,0.1323596098554611,0.13185295970586228,0,1,0
5.165165165165165,-0.01459705949353965,0.0080504152343385,0.9999633388839662,0.002229675496111923,0.014540000478146587,-0.009091699700568364,0.13235625128541817,0.1318068281884629,0,1,0
5.185185185185185,-0.01437875621332188,0.010915164010888437,1.000000999437968,0.001883027700088727,0.01428009664867937,-0.01299519147336103,0.13235406333776556,0.13176625713259682,0,1,0
5.205205205205205,-0.01410393443335592,0.013741088998298017,1.000031109558118,0.0015055060075040677,0.013928918599937248,-0.01755890243710584,0.13235029809827561,0.1317378001608002,0,1,0
5.225225225225225,-0.01377370550555098,0.016511446390247056,1.0000532126222461,0.001105153206404105,0.013546539476758915,-0.019118956158916844,0.13236503926608237,0.1316931302436219,0,1,0
5.245245245245245,-0.013389484093748962,0.019211070590100948,1.000066891108802,0.000683924327791285,0.013064273597221152,-0.02411329397688815,0.13236705276805566,0.13168459014355346,0,1,0
5.265265265265265,-0.012952871270936434,0.021830641140626394,1.0000720757072654,0.0002592299231772664,0.01258817148187893,-0.023805105767111128,0.13239685970579715,0.13163937819583627,0,1,0
5.285285285285285,-0.012465843202944554,0.02435140339959403,1.0000685702304213,-0.0001752738422079737,0.012141452772002414,-0.022335935493825912,0.13243864834148916,0.13159003280331347,0,1,0
5.305305305305305,-0.011930265275922409,0.02677889635110724,1.0000562937322734,-0.000613824907391013,0.011573247831361863,-0.028410247032027654,0.13244565677795705,0.13160690954671414,0,1,0
5.325325325325325,-0.011347969448000855,0.02911479139607768,1.0000356288580334,-0.0010332437119968598,0.010984514884975973,-0.029436647319294233,0.13247488077906533,0.13158758469404366,0,1,0
5.345345345345345,-0.010721200931848677,0.03133842580760891,1.0000067555365562,-0.001443666073866351,0.010307184852072576,-0.033866501645170015,0.1324932065421924,0.13160681340935246,0,1,0
5.365365365365365,-0.010052331229130077,0.03344348513592993,0.9999702628830408,-0.0018246326757677166,0.009613159068738787,-0.034701289166689395,0.13252842750085933,0.13160275905146407,0,1,0
5.385385385385385,-0.009344055855303986,0.03541376869130456,0.9999266471612184,-0.002180786091123359,0.008898844854480713,-0.035715710712903824,0.13256547102637653,0.13160655946046249,0,1,0
5.405405405405405,-0.008599128911938567,0.037246347168270966,0.9998765464461202,-0.002505035754906955,0.008158047494415326,-0.0370398680032693,0.13260117346766073,0.13161740981648715,0,1,0
5.425425425425425,-0.007820356925705024,0.038938599311677195,0.9998206817032635,-0.0027932371428325154,0.007343367251173233,-0.040734012162104545,0.13262702155134168,0.13165578921648993,0,1,0
5.445445445445445,-0.007010646882737304,0.04048550214838598,0.9997600340089375,-0.003032384716299497,0.006437787381197589,-0.04527899349878225,0.1326503081454079,0.13171258894536694,0,1,0
5.465465465465465,-0.006173246020837341,0.04187004309499815,0.9996958185689583,-0.003210771998961367,0.005544510142341472,-0.04466386194280582,0.13269629032510463,0.13173295455901676,0,1,0
5.485485485485485,-0.005311675764826078,0.0430785128005631,0.9996290457734809,-0.003338639773867552,0.004560385705426541,-0.04920622184574659,0.13271966100559723,0.13180470801869382,0,1,0
5.505505505505505,-0.004429498963706668,0.04410884005597053,0.999561148009273,-0.0033948882103945247,0.0036212291478070367,-0.046957827880975175,0.1327688391020013,0.13182174974093414,0,1,0
5.525525525525525,-0.003530601499032028,0.044944873233731995,0.999493126780895,-0.0034010614189015,0.002731724484311768,-0.04447523317476343,0.1328142406893465,0.13183339762682056,0,1,0
5.545545545545545,-0.002618666339362367,0.04559675798348304,0.999425842468419,-0.0033642156237970603,0.0018457436139778685,-0.04429904351669499,0.13284359758749506,0.1318616875927106,0,1,0
5.565565565565565,-0.0016971763619255005,0.04607449887184333,0.9993601595929127,-0.003284143775318371,0.0009361042567945711,-0.04548196785916486,0.13286411208604887,0.13190465858634573,0,1,0
5.585585585585585,-0.0007696030754920756,0.046378664321671245,0.9992970253156249,-0.0031567138643908907,2.4068346365767323e-06,-0.04668487110789972,0.1328831074133341,0.1319537995046711,0,1,0
5.605605605605605,0.00016046596204904496,0.046503451877056026,0.9992374519066944,-0.0029786704465236077,-0.0009020883191712014,-0.0452247576903889,0.1329104121282131,0.13198262193170213,0,1,0
5.625625625625625,0.0010893841970876926,0.04644591175193238,0.9991822696226478,-0.002759114202330735,-0.0018128305711585105,-0.045537112599365444,0.1329246111435997,0.13202622440996367,0,1,0
5.645645645645645,0.002013608910691649,0.046211235680197825,0.9991323295051009,-0.0024970058773435442,-0.0027190204606870887,-0.0453094944764289,0.13293669829226365,0.1320669997622193,0,1,0
5.665665665665665,0.002929580588090993,0.04579858386996722,0.9990884054494136,-0.0021962027843672287,-0.0036220862938716233,-0.04515329165922678,0.13294359412248882,0.13210954358621518,0,1,0
5.685685685685685,0.0038337309741556533,0.045207519303232996,0.9990512167801588,-0.001859433462736472,-0.004463080111082434,-0.042049690860540535,0.13295728209594823,0.13212482834215677,0,1,0
5.7057057057057055,0.0047225503344868105,0.044440968016557836,0.9990211758237408,-0.0015020478208983843,-0.00529389551786592,-0.04154077033917424,0.13295124560122262,0.1321573211754639,0,1,0
5.7257257257257255,0.005592795975387425,0.04351228204503069,0.998998655174976,-0.0011260324382434922,-0.00617690686269205,-0.044150567241306525,0.13292768043429307,0.13222059962542265,0,1,0
5.7457457457457455,0.006441196089003051,0.04242000568078132,0.9989842209511454,-0.0007217111915302655,-0.007000510139305368,-0.041180163830665986,0.13292732206143973,0.13224178680934343,0,1,0
5.7657657657657655,0.007264350451422123,0.041157718120953604,0.9989781550643395,-0.00030329434029223776,-0.007846206095303435,-0.04228479779990325,0.1328984225579454,0.13229226435310337,0,1,0
5.7857857857857855,0.008059037041178805,0.03973432948783406,0.9989807488791413,0.0001296907400889256,-0.008638391406285105,-0.039609265549083464,0.13288258425813051,0.1323129055354332,0,1,0
5.8058058058058055,0.008821955443080523,0.03814592009508589,0.9989920416731377,0.0005646396998200636,-0.00934400319984529,-0.035280589678009205,0.1328645384239066,0.13231140411264497,0,1,0
5.8258258258258255,0.009550085475125819,0.0364065016022648,0.999011710994082,0.0009834660472189155,-0.010069661124702072,-0.03628289624283916,0.13281137592295814,0.1323474281978066,0,1,0
5.8458458458458455,0.010240681965012485,0.034529824494333256,0.9990394710975239,0.0013880051720948374,-0.01073331990222168,-0.033182938875980235,0.13277767688207973,0.13235515845959026,0,1,0
5.865865865865866,0.010890945843854277,0.03251319394208959,0.9990749029435811,0.0017715923028610546,-0.011331471777675958,-0.02990759377271408,0.13273682622003716,0.13235498766408083,0,1,0
5.885885885885886,0.011498332909430323,0.03036935327880223,0.9991173654351391,0.0021231245778982385,-0.011873031645549313,-0.02707799339366786,0.1326877721933287,0.1323538147662451,0,1,0
5.905905905905906,0.012060584725977073,0.028112590827337518,0.9991660828658472,0.0024358715354041234,-0.012407699717692993,-0.026733403607184108,0.13262177310646894,0.13237124739481143,0,1,0
5.925925925925926,0.01257562846668024,0.025752187035158327,0.9992203060426401,0.0027111588396463884,-0.01288170432641755,-0.023700230436227734,0.13256980297829227,0.13237146394997026,0,1,0
5.945945945945946,0.013041452135916601,0.02329118346181808,0.99927923839469,0.0029466176024971536,-0.013325712029898488,-0.022200385174047127,0.1325039244654732,0.13237976357007838,0,1,0
5.965965965965966,0.013456261419090428,0.020740464158691303,0.9993419996964554,0.003138065088270673,-0.013706886307790735,-0.01905871389461234,0.13244559459864608,0.13237649277700628,0,1,0
5.985985985985986,0.0138183925098232,0.018106554536638595,0.9994076515861227,0.003282594483363179,-0.014026822472934176,-0.015996808257172104,0.13238304946449753,0.1323705326808654,0,1,0
6.006006006006006,0.014126420173719996,0.015401383194839803,0.9994751568285506,0.00337526212139398,-0.014264201912296765,-0.011868971968129648,0.13232547827843968,0.13235521349175053,0,1,0
6.026026026026026,0.014379204949743178,0.012639238801159124,0.9995434169042352,0.0034130037842294535,-0.014492112057307244,-0.011395507250523828,0.1322436910958054,0.13236375451479687,0,1,0
6.046046046046046,0.014575907385731585,0.009835121799420376,0.9996113331616032,0.0033958128684011806,-0.014696815794209908,-0.010235186845133254,0.13216897351531517,0.13237380487143593,0,1,0
6.066066066066066,0.014715720966393066,0.006990679033074062,0.9996779352474874,0.0033301042942103123,-0.014862700616641824,-0.008294241121595762,0.13209852667260383,0.13238009555622443,0,1,0
6.086086086086086,0.014797929457454197,0.004110424553056526,0.9997422622988086,0.0032163525660591193,-0.014977954833157874,-0.005762710825802375,0.1320308362095372,0.13238227427560137,0,1,0
6.106106106106106,0.014821967129957606,0.0012018836251703777,0.9998033362363719,0.0030536968781660736,-0.015031349069771348,-0.0026697118306738274,0.1319666823704868,0.13238029665545636,0,1,0
6.126126126126126,0.01478744239844837,-0.0017262365754617684,0.9998601734195486,0.0028418591588362527,-0.014970026417675199,0.003066132604807611,0.1319228515035636,0.13236123181599344,0,1,0
6.146146146146146,0.014694245773469951,-0.004659831248920877,0.9999118424264797,0.002583450346557414,-0.014848675915155676,0.006067525125976201,0.1318619211305879,0.13235629823226358,0,1,0
6.166166166166166,0.014542665906650636,-0.007578993340965705,0.9999573752711678,0.0022766422344054267,-0.014596976205774059,0.012584985469080703,0.13183489105022494,0.1323349349789282,0,1,0
6.186186186186186,0.01433328341657568,-0.010469124503747786,0.9999960670170689,0.0019345872950524276,-0.014302596724049769,0.014718974086214379,0.1317808703454246,0.13233786187319466,0,1,0
6.206206206206206,0.014067193305952836,-0.013304505531142215,1.000027180733406,0.0015556858168537992,-0.014020190486883717,0.014120311858302582,0.1317143160248282,0.1323635288364821,0,1,0
6.226226226226226,0.013745620147851642,-0.016078657905059697,1.0000501334457312,0.0011476356162567099,-0.01371017373628577,0.015500837529897483,0.1316678756605464,0.13238446487173858,0,1,0
6.246246246246246,0.013369723462080235,-0.01879483428857037,1.0000645695611614,0.0007218057715047859,-0.01332601529715132,0.019207921956722444,0.13164307191239552,0.1323940868474265,0,1,0
6.266266266266266,0.012940734851164877,-0.021449430545767874,1.0000702878922008,0.00028591655196316977,-0.012784151295568215,0.02709320007915546,0.13165983084167435,0.13238280149039897,0,1,0
6.286286286286286,0.012460271223685844,-0.024023181373951624,1.000067396927915,-0.00014454821428561485,-0.012244570761816051,0.026979026687608033,0.13162064130778717,0.1324119304010271,0,1,0
6.306306306306306,0.011930491533664073,-0.026488984501088574,1.0000557823465364,-0.000580729068931757,-0.011642093612430335,0.030123857469285985,0.1316184077266936,0.13243292265180803,0,1,0
6.326326326326326,0.01135358196043257,-0.0288454786615751,1.000035755615336,-0.001001336560012347,-0.011030857181435219,0.030561821549755726,0.1315984513360992,0.1324670086730009,0,1,0
6.346346346346346,0.010731958830594041,-0.03108115649192645,1.0000075611414794,-0.0014097236928310897,-0.010410674982209673,0.031009109961277287,0.13158360124024834,0.1325039530634482,0,1,0
6.366366366366366,0.010068037712909584,-0.03319605588422288,0.9999715601087515,-0.0018000516363927458,-0.0097212079123036,0.03447335349530371,0.1315994189400559,0.13252797289247184,0,1,0
6.386386386386386,0.00936431949387391,-0.03518591095178366,0.9999283751841651,-0.0021592462293236014,-0.00904221259305391,0.0339497659624844,0.13158648652598906,0.132570109448944,0,1,0
6.406406406406406,0.00862353118026735,-0.03703941568032798,0.9998784721650394,-0.0024951509562814176,-0.008328511815903857,0.03568503885750259,0.13159782400909986,0.13260415020105332,0,1,0
6.426426426426427,0.007848348366175623,-0.03875914070458637,0.9998225538614128,-0.0027959151813330284,-0.007548008637664991,0.03902515891194324,0.13162936814958862,0.13263103175834584,0,1,0
6.446446446446447,0.007041565136410677,-0.04033916148824729,0.999761515139955,-0.003051936072891523,-0.006662580732412505,0.044271395262624316,0.13168907764195398,0.1326514823179865,0,1,0
6.466466466466467,0.006206262408632313,-0.04176513638891821,0.9996965721128009,-0.0032471513577031806,-0.0057172577410705226,0.04726614956709906,0.13174181186992076,0.13268337209767422,0,1,0
6.486486486486487,0.005345960980071304,-0.043015071428050417,0.9996290064027914,-0.0033782855004760794,-0.004800181801949605,0.045853796956045995,0.13176178326149698,0.1327333622203172,0,1,0
6.506506506506507,0.0044643639685271195,-0.044079850577209215,0.9995598796362857,-0.0034563383252870002,-0.0038567913058766886,0.047169524803645765,0.13180645316021547,0.13276821439188202,0,1,0
6.526526526526527,0.003565066863106265,-0.04496485527104274,0.9994903901634172,-0.0034744736434215383,-0.0028740081353062635,0.04913915852852127,0.1318610232414825,0.13279682418681396,0,1,0
6.546546546546547,0.002651822844379989,-0.0456622009363138,0.9994217866271596,-0.0034301768128777005,-0.0019589584462379895,0.04575248445341366,0.13186987791728144,0.1328443192444175,0,1,0
6.566566566566567,0.0017284972100620527,-0.04616628171589681,0.9993549161002401,-0.0033435263459805032,-0.0010848557629469094,0.043705134164554044,0.1318846267624655,0.13287935950106528,0,1,0
6.586586586586587,0.0007986618382848844,-0.04649176858885841,0.9992905234458719,-0.0032196327184101934,-0.00018910047264143073,0.04478776451527392,0.13192578840235533,0.13289589948479907,0,1,0
6.606606606606607,-0.00013425875807155014,-0.046646029817821726,0.9992294666626597,-0.003052839160613214,0.0007256883318396762,0.04573944022405535,0.13197153783015805,0.1329114793520206,0,1,0
6.626626626626627,-0.0010667661873195516,-0.046625371462400075,0.9991726537851733,-0.002840643874319519,0.0016709169617516225,0.047261431495597306,0.1320284361170591,0.13292295219186923,0,1,0
6.646646646646647,-0.001995284722047681,-0.046425926736406484,0.9991210932002264,-0.0025780292473471535,0.0026380921230129114,0.04835875806306445,0.13208725943147914,0.1329334011883311,0,1,0
6.666666666666667,-0.0029161036794618884,-0.04604094787071036,0.9990758023099304,-0.0022645445147959904,0.0035841889174327564,0.047304839720992246,0.13212909523551616,0.13294785988986815,0,1,0
6.686686686686687,-0.0038254429838684902,-0.04546696522033009,0.9990376016591495,-0.0019100325390470133,0.0045118803486079015,0.04638457155875728,0.1321691365606481,0.13295356900142263,0,1,0
6.706706706706707,-0.004719606093716232,-0.04470815549238708,0.9990071515170359,-0.001522507105675989,0.005415356872739368,0.04517382620657329,0.1322041736318192,0.1329528218755746,0,1,0
6.726726726726727,-0.005594952581694864,-0.043767324398931606,0.9989849386262881,-0.0011106445373908775,0.00625124039542963,0.04179417613451309,0.13221634413227198,0.13295387961093982,0,1,0
6.746746746746747,-0.006447972414098623,-0.04265099162018793,0.998971134440155,-0.0006902093066571582,0.007056323376316042,0.040254149044320627,0.1322377760767254,0.1329376784830874,0,1,0
6.766766766766767,-0.007275422964813525,-0.04137252753574511,0.9989657902619622,-0.0002672089096376382,0.007843143355527896,0.039340998960592614,0.13226416814903114,0.13291363027505237,0,1,0
6.786786786786787,-0.008074200105190834,-0.039938857018865424,0.9989689127082171,0.00015612231274686575,0.008641990858209402,0.03994237513407536,0.13230558855805108,0.13287862492159985,0,1,0
6.806806806806807,-0.008841235008063868,-0.03835174514365174,0.9989805667364758,0.0005827014129405273,0.009388048116097964,0.03730286289442824,0.1323224422225883,0.1328555008000106,0,1,0
6.826826826826827,-0.00957346673236442,-0.03661158621502762,0.999000626503297,0.0010029883410603642,0.01014409657857811,0.037802423124007146,0.1323611581531732,0.1328086723615937,0,1,0
6.846846846846847,-0.01026801551051495,-0.03472743890752646,0.9990289384518786,0.0014155974290802438,0.010880202962543986,0.03680531919829377,0.1323907600782894,0.13276541898422925,0,1,0
6.866866866866867,-0.010921950545618573,-0.03269675175518111,0.9990652645420096,0.0018163045065503272,0.011547363362675006,0.0333580200065511,0.132397331514059,0.13272720872573224,0,1,0
6.886886886886887,-0.011532437350800522,-0.03052434025909744,0.9991090991059777,0.0021917281984046525,0.012142908793453151,0.029777271538907222,0.13239471047023632,0.13268032735418347,0,1,0
6.906906906906907,-0.012096911420341135,-0.02822370347703066,0.9991596733106913,0.0025287102356809075,0.012651459427447725,0.025427531699728802,0.13238012611404443,0.13263123311462074,0,1,0
6.926926926926927,-0.012613119045311361,-0.025810381248511313,0.9992160106721516,0.00281686807301474,0.013111831070731087,0.02301858216416801,0.13237580427556053,0.13256673600884683,0,1,0
6.946946946946947,-0.013079151495692712,-0.023301622519067467,0.9992770623460167,0.0030525836932537684,0.013541716222698818,0.021494257598386496,0.1323799404740986,0.13249663152942107,0,1,0
6.966966966966967,-0.013493283459995833,-0.02070659821515605,0.9993418240829517,0.003238086846753177,0.013933032632285514,0.019565820479334792,0.13238360610888616,0.1324283322636257,0,1,0
6.986986986986987,-0.013853905248735122,-0.018031089436964427,0.9994093130489806,0.0033744483014475435,0.014268256531665907,0.01676119496901952,0.132381082819323,0.13236337250937077,0,1,0
7.007007007007007,-0.01415954879983445,-0.015282177554966334,0.9994785064171724,0.0034596684095894283,0.014514042419625053,0.012289294397957166,0.13236463164147425,0.13230649202448244,0,1,0
7.027027027027027,-0.014409017627100739,-0.012473441363314484,0.9995482981238162,0.003489585332187381,0.014748437972313769,0.011719777634436126,0.13237251863886876,0.13222291806360173,0,1,0
7.047047047047047,-0.01460141255489056,-0.009619746389491009,0.9996175527953246,0.0034627335754189676,0.014902149872552345,0.0076855950119287504,0.13236222283676424,0.13216476451090314,0,1,0
7.067067067067067,-0.014735888914663866,-0.006723817988665287,0.9996852436209038,0.003384541278961267,0.014960908089857249,0.0029379108652451778,0.13234348909997826,0.13211007711751835,0,1,0
7.087087087087087,-0.014811902620573256,-0.0038006852954694777,0.9997502754805678,0.0032515929832003477,0.01488624613798203,-0.0037330975937610806,0.1323102925788291,0.13207107248864478,0,1,0
7.107107107107107,-0.01482938534460684,-0.0008741362016791783,0.9998115776847664,0.0030651102099246556,0.014863685686870841,-0.0011280225555591584,0.13233482180202566,0.13197067558995057,0,1,0
7.127127127127127,-0.014788673469569302,0.0020355937518768564,0.9998680338440883,0.0028228079660952343,0.014755016670903074,-0.005433450798388521,0.13233048776170775,0.13192871967149228,0,1,0
7.147147147147147,-0.01468996292786872,0.004935527085029132,0.9999189634470675,0.0025464801489639265,0.014627982855694123,-0.006351690760447475,0.1323427645644319,0.13186131063428086,0,1,0
7.167167167167167,-0.014533744280391043,0.007810932373883837,0.999963560461087,0.0022298507009746184,0.014431204664209999,-0.00983890957420631,0.13234502620023866,0.13181807434608378,0,1,0
7.187187187187187,-0.014320540372217137,0.01066019540869527,1.0000012302265,0.0018834882706447197,0.014070902335285032,-0.018015116446248244,0.13231948901792048,0.13181473211857372,0,1,0
7.207207207207207,-0.014051259522673415,0.013464042477186097,1.0000315616389268,0.0015165706213435604,0.013730274576439029,-0.017031387942300195,0.13234261705660605,0.13174686687441997,0,1,0
7.227227227227227,-0.013727378927007502,0.016194029783295608,1.0000539179505668,0.001117815582001339,0.013360014123370985,-0.018513022653402177,0.13236316464525025,0.13170772539161932,0,1,0
7.247247247247247,-0.013350291112739481,0.018854390713401004,1.0000680486653226,0.0007065357377896105,0.012934049229758495,-0.02129824468062449,0.13237767793499416,0.131682122360606,0,1,0
7.267267267267267,-0.012921530045734477,0.021438053350250185,1.000073815782694,0.0002883558685674803,0.012496202617671193,-0.0218923306043653,0.1324048237007066,0.13164343105040968,0,1,0
7.287287287287287,-0.012442841759896048,0.02393441429192148,1.0000710769843675,-0.0001369399163231676,0.012060534541828575,-0.021783403792130982,0.13243895073779668,0.1316030722443465,0,1,0
7.307307307307307,-0.011915952823764184,0.026344446806593244,1.0000597686887636,-0.0005654147801993262,0.011511559026431431,-0.02744877576985713,0.13244649214506254,0.13161502656574492,0,1,0
7.327327327327327,-0.01134262948133104,0.028666167121657257,1.00004020766651,-0.0009780511126816775,0.010901375868858374,-0.030509157878652857,0.1324656476390473,0.13161283050531167,0,1,0
7.347347347347347,-0.010725098817323293,0.030876533200387305,1.0000126772756588,-0.001376519542558219,0.010296503430029422,-0.03024362194144749,0.1325042599320864,0.13159087759028396,0,1,0
7.367367367367367,-0.01006578164944626,0.03296585839385167,0.9999774576660557,-0.001760980480154759,0.009646490129736974,-0.03250066501462259,0.1325337027724323,0.13159539331276307,0,1,0
7.387387387387387,-0.00936705224584875,0.03493647017987549,0.9999350833844018,-0.0021187140826921386,0.008887885902628753,-0.03793021135541093,0.13254908274822266,0.1316347734554086,0,1,0
7.407407407407407,-0.008631494645511467,0.036777880016864176,0.9998863969963001,-0.0024343194050860015,0.00806848220270998,-0.04097018499593845,0.1325766723820257,0.13166505815804935,0,1,0
7.4274274274274275,-0.007862109973773639,0.03846923358689139,0.9998322886786118,-0.0027054158844156337,0.007206334236254424,-0.043107398322778046,0.13261054735368089,0.13169745431309524,0,1,0
7.4474474474474475,-0.007062154549955907,0.03999777119088656,0.9997737719603675,-0.0029258359122176364,0.006353350823673308,-0.04264917062905567,0.1326552212415274,0.13171237098784241,0,1,0
7.4674674674674675,-0.006235046383859891,0.041355408304800834,0.9997117591594326,-0.003100640046751352,0.005528468441085906,-0.041244119129370184,0.13270178569145963,0.1317194943210391,0,1,0
7.4874874874874875,-0.005384158798992584,0.04254437924336538,0.9996470712608013,-0.0032343949315598295,0.0047274348884471,-0.040051677631940306,0.1327438567576987,0.13172682287862275,0,1,0
7.5075075075075075,-0.004512710139025862,0.043572432998336096,0.9995804615873491,-0.0033304836726070846,0.00386544386436481,-0.04309955120411449,0.13276560211090926,0.13177398477120655,0,1,0
7.5275275275275275,-0.0036238790805922265,0.04444155292168175,0.999512968727877,-0.0033746429736099346,0.0030151829612224644,-0.04251304515711731,0.13280200036621392,0.13179548655597803,0,1,0
7.5475475475475475,-0.0027210336853343915,0.04514226976289174,0.9994454657530751,-0.003375148740089798,0.0021223456540020434,-0.04464186536102104,0.13282558204352296,0.1318451078174989,0,1,0
7.5675675675675675,-0.0018075094929476537,0.04567620961933688,0.9993790486586961,-0.0033208547189538295,0.001195456547683498,-0.046344455315927215,0.13284937750401082,0.1318976619121091,0,1,0
7.587587587587588,-0.0008868257021753183,0.04603418953861677,0.9993148566596315,-0.0032095999532307075,0.0002795472394421894,-0.04579546541206544,0.13288009834747472,0.13193462049889576,0,1,0
7.607607607607608,3.741072259178858e-05,0.04621182123835534,0.9992538966005308,-0.0030480029550387436,-0.0006850206875337503,-0.04822839634879698,0.13289372036437747,0.13200015938244625,0,1,0
7.627627627627628,0.0009615666232269049,0.046207795031755816,0.9991973411887226,-0.0028277705904055355,-0.0015851928913456828,-0.04500861019059663,0.13292694465581384,0.13201805753901213,0,1,0
7.647647647647648,0.0018818636294985276,0.04601485031358113,0.999145943338486,-0.00256989251182869,-0.0024475394831200347,-0.04311732958871758,0.1329455738804504,0.1320405156028859,0,1,0
7.667667667667668,0.002794785345026648,0.04564608577640601,0.9991003034133813,-0.0022819962552405202,-0.0032969313329841996,-0.042469592493208246,0.13295206733846296,0.13207089786730292,0,1,0
7.687687687687688,0.003696977099109105,0.045109587704122864,0.999060956060077,-0.0019673676652100284,-0.004163510480487895,-0.04332895737518475,0.13294830312080738,0.13211673623503264,0,1,0
7.707707707707708,0.004585145253973876,0.04440840774323856,0.999028509735751,-0.0016223162163047865,-0.005073055544828014,-0.045477253217006026,0.1329367544892616,0.13218019188707586,0,1,0
7.727727727727728,0.00545592352017757,0.043538913310184696,0.9990037149442228,-0.0012397395764069691,-0.006018753421081533,-0.04728489381267598,0.132924155655214,0.13224819869629895,0,1,0
7.747747747747748,0.006305777553079031,0.04249270164507304,0.9989873696248817,-0.0008172659670543685,-0.006988159366187262,-0.04847029725528624,0.1329087246083578,0.13231501617233554,0,1,0
7.767767767767768,0.007131013500622619,0.0412617973771794,0.9989802073727752,-0.0003581126053254213,-0.00793018296725874,-0.0471011800535741,0.13289623983913892,0.13235936055649317,0,1,0
7.787787787787788,0.00792783947474945,0.03984129870634158,0.9989826677332232,0.00012301802240167044,-0.008797482157463834,-0.04336495951025473,0.13288235976173848,0.1323754577904106,0,1,0
7.807807807807808,0.008692613980636263,0.0382387252943406,0.9989947479263015,0.0006040096539122742,-0.009635443750262223,-0.04189807963991928,0.13284487420675753,0.13240052607644456,0,1,0
7.827827827827828,0.009421972971074418,0.036467949521907704,0.9990162275067265,0.0010739790212481355,-0.010422635606813163,-0.03935959282754722,0.132805531360185,0.13241416488037014,0,1,0
7.847847847847848,0.010112660888909738,0.03453439589176603,0.9990466875669622,0.0015230030117859101,-0.011122512024484867,-0.034993820883585054,0.1327675810848111,0.13240743755693082,0,1,0
7.867867867867868,0.010761589084665199,0.03244640978777304,0.999085427833304,0.0019370133170875732,-0.011641163706397197,-0.025932584095616544,0.13274577327672338,0.13235258524319177,0,1,0
7.887887887887888,0.011366160947272106,0.0302285931303454,0.9991312762629269,0.002292421481140842,-0.012206400307272375,-0.028261830043758984,0.13265492662739742,0.13237607651094435,0,1,0
7.907907907907908,0.011924357967101399,0.0279098509914646,0.9991832060911899,0.0025964914131556,-0.012666945336580136,-0.02302725146538803,0.13261356134952249,0.13235547440520626,0,1,0
7.927927927927928,0.0124340740781117,0.02548580555051501,0.9992402679712347,0.0028530940022352485,-0.013127009147505699,-0.02300319054627836,0.1325371970481385,0.13236856429782667,0,1,0
7.947947947947948,0.012893558472424285,0.02297421971562928,0.9993014979846677,0.003061500671652298,-0.013523088642724668,-0.019803974760948355,0.1324814693885701,0.1323645884305144,0,1,0
7.967967967967968,0.013301097147305329,0.020376933744052163,0.9993659851265719,0.0032243570952082213,-0.013886379254907022,-0.018164530609117695,0.13241281827556978,0.13236942302786492,0,1,0
7.987987987987988,0.013655192130598773,0.017704749164672247,0.9994327608113084,0.003338784236824131,-0.014157784795965455,-0.013570277052921565,0.13236146534003668,0.132353872895601,0,1,0
8.008008008008009,0.013954498499665863,0.014965318453354526,0.9995008127191647,0.0034025953928160904,-0.014350909494676095,-0.009656234935531992,0.13230293160419618,0.13233800398453757,0,1,0
8.028028028028029,0.01419806017738879,0.012178083886146272,0.9995690228808919,0.003410508086360897,-0.014522907518293573,-0.00859990118087382,0.13222705570988172,0.13234205595062168,0,1,0
8.048048048048049,0.014385185929215878,0.009356287591354423,0.9996363165741443,0.0033646846626199586,-0.014619065779896731,-0.004807913080157975,0.13217232761654474,0.13233242168212891,0,1,0
8.068068068068069,0.014515339973018435,0.006507702190127837,0.9997017315386514,0.0032707482253511912,-0.014754380603899445,-0.00676574120013549,0.13207848179679688,0.1323601126833154,0,1,0
8.088088088088089,0.014588211250022028,0.0036435638501796427,0.9997642839746357,0.0031276217992148685,-0.014841379148296982,-0.0043499272198772015,0.1320180793910694,0.1323685704522954,0,1,0
8.108108108108109,0.014603354014583162,0.0007571382280567259,0.9998231990612618,0.0029457543313073735,-0.014876406313628637,-0.001751358266582521,0.13195581128728007,0.13237262454369067,0,1,0
8.128128128128129,0.014560485874863867,-0.0021434069859647513,0.9998776124281858,0.0027206683462003417,-0.014804734052301665,0.003583613066348425,0.1319139620391963,0.13235903964146936,0,1,0
8.148148148148149,0.01445958764001137,-0.00504491174262485,0.9999267044755122,0.0024546023663203076,-0.014717964793909076,0.004338462919629559,0.13184007694377717,0.1323704153197005,0,1,0
8.168168168168169,0.014300983095738733,-0.007930227213631883,0.9999695575910048,0.002142655774626017,-0.01451463558037315,0.010166460676796166,0.13181027360307992,0.13235797085939563,0,1,0
8.188188188188189,0.014085086619691514,-0.010794823802360987,1.000005555892258,0.0017999150626643668,-0.01421724980871092,0.014869288583111748,0.1317758591697257,0.1323490111660022,0,1,0
8.208208208208209,0.013812799499553085,-0.013614356006921426,1.0000340739481086,0.0014259027925343896,-0.013901219457673263,0.015801517551882766,0.1317203055514303,0.13236429981046854,0,1,0
8.228228228228229,0.013485334368936484,-0.01637325653083008,1.000054538004256,0.0010232028073684962,-0.013499117624352014,0.02010509166606247,0.13169933696923003,0.13236765523825827,0,1,0
8.248248248248249,0.013103995863119455,-0.01906692529085148,1.0000667110198496,0.0006086507796734322,-0.013028684647334794,0.023521648850860964,0.13167761897828262,0.13237603623489907,0,1,0
8.268268268268269,0.012670381441095557,-0.021680721101194848,1.0000704236939881,0.00018563370693083255,-0.012422035293711048,0.030332467681187438,0.13169394569494786,0.1323705704930907,0,1,0
8.288288288288289,0.012186402763772631,-0.024198933866146348,1.0000658682147021,-0.00022777396429912706,-0.011754788290883934,0.033362350141355565,0.13169032189499177,0.13238504726627856,0,1,0
8.308308308308309,0.011654526514921718,-0.026593812442545658,1.0000532423211703,-0.0006312946765845372,-0.011115659811260989,0.03195642398114719,0.13165944915267355,0.13242655097937106,0,1,0
8.328328328328329,0.011077437503822937,-0.028854450554939088,1.000032741690294,-0.0010250315438107291,-0.010516462142663456,0.029959883429876762,0.13162643865375892,0.13247461963533794,0,1,0
8.348348348348349,0.010457656278732876,-0.030989061254503084,1.0000046244900695,-0.0014058600112275242,-0.009862378590671086,0.03270417759961855,0.13163454177956824,0.13250063812070564,0,1,0
8.368368368368369,0.009797611345323629,-0.03300224667046238,0.9999694278723581,-0.001759830885571569,-0.009241953487357677,0.031021255165670256,0.13160741314503002,0.1325456842807474,0,1,0
8.388388388388389,0.009099876903439958,-0.034886722094183566,0.9999274492448073,-0.0020989313775440343,-0.008564928474764293,0.03385125062966926,0.1316227764838403,0.1325722689032597,0,1,0
8.408408408408409,0.008366938677027865,-0.03664691132060468,0.9998793388928168,-0.0024055175995215915,-0.007882918397960362,0.03410050384019662,0.1316202648183545,0.13260941611459792,0,1,0
8.428428428428429,0.007601481568658889,-0.03827285541844878,0.9998256386546451,-0.0026850119085812855,-0.0071821698359290954,0.03503742810156327,0.13162832125687426,0.1326447605255119,0,1,0
8.448448448448449,0.006806125389421149,-0.03976780896188704,0.9997670181479811,-0.0029310253332009368,-0.006300560471220909,0.04408046823540935,0.1317174410577211,0.13264596483731386,0,1,0
8.468468468468469,0.0059836761142565,-0.04112246375823242,0.9997048402969482,-0.0031088925516435315,-0.0053978641151670535,0.045134817802692725,0.13175204761685577,0.13268350688137168,0,1,0
8.488488488488489,0.005137613922577522,-0.04230310958394889,0.9996402002522723,-0.0032320022337949143,-0.0044924078837323515,0.04527281157173511,0.13178492231996347,0.13272569493480654,0,1,0
8.508508508508509,0.004271467718735323,-0.04330731019210997,0.9995742328358014,-0.0032983708235443865,-0.0035345223453535986,0.04789427691893762,0.13184249855196348,0.13275364666374262,0,1,0
8.528528528528529,0.0033888367190749447,-0.044131549983018915,0.999508223821918,-0.003300450694173286,-0.002623699122703521,0.0455411611325039,0.13185884093786354,0.1327990108882403,0,1,0
8.548548548548549,0.0024934986052018663,-0.04476690569365393,0.9994431025249964,-0.0032560648460781996,-0.0017592691785592355,0.04322149720721427,0.13187115954850248,0.13283842126415563,0,1,0
8.568568568568569,0.001589064843014078,-0.0452216881093894,0.9993796455851197,-0.003172846993832911,-0.0009796410032041417,0.038981408767754674,0.13185969316254362,0.1328788752976021,0,1,0
8.588588588588589,0.0006788855550595167,-0.045508964397728065,0.9993182885087873,-0.0030678538166191327,-0.00015254546716304623,0.04135477680205478,0.13190360428894388,0.1328861706786066,0,1,0
8.608608608608609,-0.00023395013656213358,-0.04564178458108251,0.9992597923556691,-0.002924807655910976,0.0006404693437418546,0.03965074054524503,0.13191778622976844,0.1329105660717838,0,1,0
8.62862862862863,-0.0011462421049287567,-0.04561459841833116,0.9992047280911596,-0.002753213225475854,0.0014975281199991121,0.042852938812862895,0.13197875674352658,0.132912142794729,0,1,0
8.64864864864865,-0.002054942220766682,-0.04543500579189626,0.9991540187090161,-0.0025354691071719673,0.0024930481130077853,0.049775999650433625,0.1320874696714993,0.13289972444898,0,1,0
8.66866866866867,-0.002956678861549423,-0.04508683203913704,0.9991090835477138,-0.002246758065114716,0.0035121742075029474,0.05095630472475818,0.13216167391785832,0.13291362088257874,0,1,0
8.68868868868869,-0.003847533896794031,-0.04454275176223041,0.999071215157947,-0.0018934194883440379,0.0044819619337652565,0.04848938631311536,0.1322016501714518,0.13293411549573,0,1,0
8.70870870870871,-0.004723530426329988,-0.04379982647679783,0.9990412914564127,-0.001496185076710284,0.0054232739432251665,0.04706560047299549,0.13224092408136082,0.1329363800822443,0,1,0
8.72872872872873,-0.005580905273485318,-0.04286874235776651,0.9990199059389657,-0.0010692758723480252,0.0063756548785437244,0.04761904676592796,0.13229356943078363,0.1329200462056419,0,1,0
8.74874874874875,-0.006415953943416611,-0.04175243349656463,0.9990075710847289,-0.0006167427118406495,0.00724572428155194,0.04350347015041081,0.13230477227622353,0.1329178655165492,0,1,0
8.76876876876877,-0.007224971797170096,-0.04045089268767427,0.9990043909148258,-0.00015900849515490165,0.00805899944150453,0.04066375799762948,0.13231629995786331,0.13289794574534705,0,1,0
8.78878878878879,-0.008004538412847734,-0.038978330783881854,0.9990102101888715,0.0002909637022808779,0.00874173768266356,0.03413691205795143,0.1322894014928982,0.13288760362303828,0,1,0
8.80880880880881,-0.00875150963363604,-0.03734856103941536,0.9990244452760249,0.0007117543576674134,0.009348351557772416,0.030330693755442808,0.13227322917413314,0.13285480691615495,0,1,0
8.82882882882883,-0.00946326627114305,-0.03558783187535052,0.9990463412294164,0.0010947976695786534,0.009920474496257813,0.028606146924269698,0.13227325609659482,0.13280982578257688,0,1,0
8.84884884884885,-0.010137482612362088,-0.03371081706095184,0.9990752042117895,0.0014431491186573287,0.010461451813669465,0.027048865870582743,0.13227879016760688,0.1327649882978785,0,1,0
8.86886886886887,-0.010772013114142926,-0.03172652508904191,0.9991104246035252,0.0017610195867800358,0.011052938616055358,0.029574340119294596,0.13232222965772836,0.1326989404519452,0,1,0
8.88888888888889,-0.011364759022021328,-0.02963729539392009,0.9991516406350714,0.0020608015773123435,0.011584170047197128,0.026561571557088628,0.132331105561475,0.13266396397069063,0,1,0
8.90890890890891,-0.011913469056046266,-0.027435501701246902,0.9991984357928858,0.0023397578907167556,0.012080145343047792,0.02479876479253309,0.13234328246470656,0.13261404966390108,0,1,0
8.92892892892893,-0.012416129144768254,-0.025133004436099376,0.9992502229225579,0.002589356483607002,0.012544442372304532,0.023214851462837048,0.13235568678836013,0.13255891702328423,0,1,0
8.94894894894895,-0.012870858325377313,-0.022736459030452908,0.9993063420137533,0.002805954559769843,0.012960308493536443,0.020793306061595483,0.1323607067160665,0.13250469046274901,0,1,0
8.96896896896897,-0.013275926420613038,-0.02025340476178625,0.9993660382543702,0.002984812030844055,0.013362431829597387,0.02010616680304713,0.13237665865911666,0.13243604145561594,0,1,0
8.98898898898899,-0.013629750837703252,-0.0176912208545107,0.9994285073926753,0.003123456915252462,0.013678429523960645,0.015799884718163043,0.1323672492336071,0.13238717549936574,0,1,0
9.00900900900901,-0.013930864307059252,-0.01505567346780002,0.9994928632656732,0.0032177936498928848,0.013984939084929317,0.015325478048433594,0.1323795896937734,0.1323094670325492,0,1,0
9.02902902902903,-0.0141780805193731,-0.012360810615692382,0.9995581193876423,0.003262806098453592,0.014202641510051961,0.010885121256132446,0.13236778692697657,0.13225763592400952,0,1,0
9.04904904904905,-0.014370294917085736,-0.009610719885631842,0.9996233159076628,0.003259826001025874,0.014376245897666682,0.008680219380736025,0.13236611850082972,0.13218790375403566,0,1,0
9.06906906906907,-0.014506764394094238,-0.006823473850425117,0.9996873833032636,0.0032033697800373413,0.014548296263514738,0.008602518292402815,0.13238149985532668,0.13210538983124803,0,1,0
9.08908908908909,-0.014586857806991618,-0.004004670644868971,0.9997493184445543,0.0030967570645360843,0.01462037230944023,0.0036038022962745003,0.1323686053155165,0.13205778306374566,0,1,0
9.10910910910911,-0.014609976898107915,-0.0011559545558148224,0.9998082172026616,0.002944937905363132,0.014597921313581693,-0.0011225497929267074,0.1323518528835293,0.13200683385111633,0,1,0
9.12912912912913,-0.01457591687918359,0.0017030009462162396,0.9998630751105386,0.002742895393850915,0.014486499561124858,-0.0055710876228417,0.13233661797974317,0.13195800629284002,0,1,0
9.14914914914915,-0.01448483003374241,0.004554342272059017,0.9999129477203567,0.0024936304909,0.014268226488079001,-0.010913653652292696,0.13231736863911958,0.1319219327816729,0,1,0
9.16916916916917,-0.014337270318049307,0.007377985784655186,0.9999570257871692,0.0022039033406276772,0.014045344652405532,-0.01114409178367351,0.13233001029719005,0.1318545161100221,0,1,0
9.18918918918919,-0.014134195983988533,0.01015371670303863,0.9999945147676835,0.0018744490257203946,0.01384367164454268,-0.010083650393142652,0.13235892241563507,0.13178442409260105,0,1,0
9.20920920920921,-0.013876508728904783,0.012884362754187488,1.0000248222315273,0.0015153731921879355,0.01353715961711516,-0.01532560137137589,0.13235684682813587,0.13176610716565137,0,1,0
9.22922922922923,-0.013565118790372597,0.015569496926609281,1.000047662841221,0.0011420304846785927,0.013252256876198788,-0.014245137045818753,0.13238634124145324,0.13170014224355842,0,1,0
9.24924924924925,-0.013201250767867436,0.018193401125258038,1.0000625187644456,0.0007427961612299194,0.012862174759455728,-0.01950410583715316,0.13238875244746415,0.13169097922552062,0,1,0
9.26926926926927,-0.012786133382882987,0.02075586924922246,1.000069311369725,0.00033963026397216753,0.012491696559073012,-0.018523910019135538,0.13242114216770134,0.13163441385918856,0,1,0
9.28928928928929,-0.012321274611483057,0.023242938569996516,1.000067709009469,-8.011801280085251e-05,0.011943877759639674,-0.027390939971666584,0.13240959865552288,0.1316666227693062,0,1,0
9.30930930930931,-0.011808230748317857,0.02565219315826003,1.0000580430444237,-0.00048329825226246787,0.011387731459719911,-0.027807314995988368,0.1324365508522114,0.13163656677181942,0,1,0
9.32932932932933,-0.011249202835730034,0.027951395629391168,1.0000403002996163,-0.0008871372403703017,0.010810477980245056,-0.02886267397374269,0.13246775455155868,0.1316211549128456,0,1,0
9.34934934934935,-0.010646437755949758,0.030138253989013777,1.0000147467543676,-0.0012776772624299975,0.010242678643728069,-0.028389966825849437,0.1325069579822843,0.13159578539654387,0,1,0
9.36936936936937,-0.01000221041560617,0.03221136701717937,0.9999816188783408,-0.001656393801340379,0.00959749007791595,-0.032259428290606004,0.13252746325627623,0.1316116918422625,0,1,0
9.38938938938939,-0.009318772937777556,0.03417187389143071,0.9999414857590417,-0.0020066559649533056,0.00887307853895349,-0.03622057694812285,0.13254762222715824,0.1316365641979775,0,1,0
9.40940940940941,-0.00859869284508463,0.03600400463464633,0.9998950453900958,-0.002322018447300443,0.008103831296358577,-0.038462362129745555,0.13257785800699579,0.13165684934297267,0,1,0
9.42942942942943,-0.007844827658863658,0.03769325931104858,0.9998430776711549,-0.002598385947046786,0.007277302537527096,-0.04132643794157409,0.1326070005967328,0.13169115178432791,0,1,0
9.44944944944945,-0.007060264262106,0.039228169837882916,0.9997865527108567,-0.0028262480149106495,0.00650232282929317,-0.03874898541169642,0.13265927135910566,0.13168228307923674,0,1,0
9.46946946946947,-0.0062482251890361796,0.04060195365349103,0.9997261422278286,-0.003020524151406198,0.005661548256248614,-0.042038728652227735,0.1326851185760462,0.13172664896038247,0,1,0
9.48948948948949,-0.0054117792593597405,0.041822296483821964,0.9996629106017926,-0.003161581301803806,0.004802503085196629,-0.04295225855259922,0.13271924557057962,0.13175604969131302,0,1,0
9.50950950950951,-0.004554224634391939,0.042877731248390075,0.9995978214107286,-0.003254459553195781,0.0039000079818611658,-0.04512475516677324,0.13274776169017935,0.131802862914703,0,1,0
9.52952952952953,-0.003678953823590112,0.04376354054009136,0.9995320098458168,-0.0032905782455907267,0.0029951465336229915,-0.04524307241190868,0.13278309786323686,0.13183666980422856,0,1,0
9.54954954954955,-0.002789492239128293,0.044473079223090954,0.9994665162811988,-0.003274678230900453,0.0020421519507031346,-0.04764972914599283,0.13280618070773326,0.13189477792735846,0,1,0
9.56956956956957,-0.0018893894372882909,0.0450051400920001,0.9994025555417176,-0.003198036974054789,0.0010565202864282384,-0.049281583213744824,0.1328301078153797,0.13195250559099478,0,1,0
9.58958958958959,-0.0009824270545013103,0.045348119139349025,0.9993413454836892,-0.0030605029014204874,0.00013790884492330798,-0.045930572075246506,0.13287075587507705,0.1319673495009635,0,1,0
9.60960960960961,-7.24638242037308e-05,0.045498161514878975,0.9992837119166295,-0.002881678352990487,-0.0007589322415887005,-0.04484205432560043,0.13289358109492982,0.13199583566360215,0,1,0
9.62962962962963,0.000836875952558777,0.04546698883812539,0.999230414176767,-0.0026648869931278655,-0.0015956192755925739,-0.041834351700193666,0.1329181279276739,0.13200393095038662,0,1,0
9.64964964964965,0.0017421081340562292,0.0452616090748726,0.9991819311293992,-0.002424152368383961,-0.0024531129271093887,-0.042874682575840754,0.13291970132428044,0.13204535539555456,0,1,0
9.66966966966967,0.0026399242666331783,0.04489080662884745,0.9991388918771772,-0.002151962611104514,-0.0032470797821720922,-0.03969834275313512,0.1329371775789081,0.13205260874021282,0,1,0
9.68968968968969,0.003527032795851039,0.044355426460893035,0.9991016514037349,-0.001862023672119157,-0.004118496818992831,-0.04357085184103698,0.13291886842988557,0.13212126851288777,0,1,0
9.70970970970971,0.004400329930548908,0.04366485673489345,0.9990709418929187,-0.0015354755408085192,-0.005009717162662028,-0.04456101718345983,0.13291440643735272,0.1321768790257369,0,1,0
9.72972972972973,0.0052563721387540625,0.04280211041025777,0.9990475030190399,-0.001171943693937864,-0.005813285586031471,-0.04017842116847215,0.1329283832633838,0.1321857066487489,0,1,0
9.74974974974975,0.0060917197305141125,0.041767379588002494,0.999031650559883,-0.000792622957844337,-0.006624029483668354,-0.0405371948818442,0.13290936585206636,0.13222589393001405,0,1,0
9.76976976976977,0.006903286427828993,0.04057833486574406,0.9990236747164197,-0.0003987921731638506,-0.007497947121074868,-0.043695881870325685,0.13287403687019275,0.13229524879947333,0,1,0
9.78978978978979,0.007687898649328859,0.0392306110749933,0.9990240531891966,1.892363884616787e-05,-0.008338998405361373,-0.04205256421432539,0.13285884949192495,0.13233118000168526,0,1,0
9.80980980980981,0.008442154733338342,0.03771280420047416,0.999033062090153,0.0004504450478175704,-0.009126351869147148,-0.039367673189288396,0.1328377857101331,0.13235153675941652,0,1,0
9.82982982982983,0.009162797572218152,0.03603214194399053,0.999050657616418,0.000879776313252086,-0.009867031717322883,-0.03703399240878691,0.13280469636312264,0.13236742778811258,0,1,0
9.84984984984985,0.009846751104998289,0.034197676639006844,0.9990765508714291,0.0012946627505570076,-0.010494770005532873,-0.03138691441049971,0.13278046758476572,0.13235000888328036,0,1,0
9.86986986986987,0.010491204276862209,0.03222265859319603,0.9991100904102646,0.0016769769417718787,-0.011121859772456265,-0.031354488346169496,0.13271844177735365,0.13236897536435885,0,1,0
9.88988988988989,0.011093715311970214,0.03012555175540022,0.999150606975942,0.00202582828387716,-0.011651469919184892,-0.026480507336431352,0.13268222412292735,0.1323538538429477,0,1,0
9.90990990990991,0.011651914269398399,0.02790994787140923,0.9991973077232459,0.0023350373651914286,-0.012160326020921949,-0.025442805086852937,0.13261867780800216,0.1323620904893442,0,1,0
9.92992992992993,0.012163765366115907,0.02559255483587542,0.9992493446122693,0.00260184445116972,-0.012584323296221257,-0.021199863764965278,0.1325730925247336,0.1323486768479021,0,1,0
9.94994994994995,0.012627372748025903,0.023180369095499767,0.99930581557356,0.002823548064531825,-0.012997818405849843,-0.02067475548142939,0.1325021183480139,0.13235946550281838,0,1,0
9.96996996996997,0.01304117534544689,0.0206901298710494,0.9993658049209017,0.002999467367083811,-0.01343408354840493,-0.021813257127754233,0.1324225175929139,0.13238899390083345,0,1,0
9.98998998998999,0.013403629709427926,0.01812271819905185,0.9994285473881859,0.003137123364208126,-0.013859171080578285,-0.021254376608667688,0.13235215275231185,0.13241199452297436,0,1,0
10.01001001001001,0.013713060262618166,0.015471527659511998,0.999493316605469,0.0032384608641601075,-0.014166991050995264,-0.01539099852084896,0.13230937643502763,0.13239483435191463,0,1,0
10.03003003003003,0.013967915363849503,0.012742755061566892,0.9995592004394303,0.003294191698059308,-0.014451710577810152,-0.014235976340744465,0.132229543861134,0.13240079439404037,0,1,0
10.05005005005005,0.014167048679184968,0.009956665766773282,0.9996250869105957,0.0032943235582724227,-0.014645263741645166,-0.009677658191750652,0.13217329355362867,0.1323869005001754,0,1,0
10.07007007007007,0.014309439634419687,0.0071195477617359395,0.9996899211209818,0.003241710519300308,-0.0147811878143222,-0.006796203633851864,0.13210383505907386,0.13237994753791812,0,1,0
10.09009009009009,0.01439435870564953,0.004245953561492162,0.9997525611229502,0.003132000098422683,-0.01474447970783825,0.0018354053241977503,0.13207685768657065,0.13233637496552128,0,1,0
10.11011011011011,0.014421373076077245,0.0013507185213857166,0.9998119559072169,0.002969739213337767,-0.014621353093564955,0.0061563307136644355,0.1320218539090528,0.1323131213099987,0,1,0
10.13013013013013,0.014390782882944922,-0.001529509656616195,0.9998669510587095,0.0027497575746267757,-0.014565139735838303,0.0028106678863325783,0.13192083256093565,0.13234429621076976,0,1,0
10.15015015015015,0.01430314094993408,-0.004382096650542046,0.9999165225415918,0.002478574144116886,-0.01448806042868738,0.003853965357546337,0.13185880195769642,0.13236252257906883,0,1,0
10.17017017017017,0.01415872745725064,-0.007220674634172012,0.9999600289623158,0.002175321036204299,-0.014335115690102396,0.007647236929249162,0.13181640710557166,0.13236380046263785,0,1,0
10.19019019019019,0.013957934769109785,-0.010039634407042712,0.9999968704165553,0.001842072711972739,-0.014140708924788957,0.00972033826567199,0.13176283348639475,0.13237360461517186,0,1,0
10.21021021021021,0.01370144929260827,-0.01282427382507574,1.0000264124543643,0.001477101890451143,-0.013917270092522834,0.011171941613306214,0.13170875955649577,0.13238999530654658,0,1,0
10.23023023023023,0.013390076089410957,-0.015568660159865645,1.000048113527617,0.001085053662626036,-0.013590995119148045,0.016313748668739473,0.13168812010242123,0.13238870039740144,0,1,0
10.25025025025025,0.0130247520052209,-0.018266204209502764,1.0000616672852067,0.000677687879495991,-0.013171651293214362,0.020967191296683986,0.1316697786098718,0.13238920007685515,0,1,0
10.27027027027027,0.012606834635882773,-0.02089586846690641,1.0000668335751557,0.00025831449745021063,-0.012707973142942312,0.023183907513602484,0.13164084943103002,0.13240534865421696,0,1,0
10.29029029029029,0.012138038940265104,-0.023439784780883446,1.000063451844405,-0.0001690865375396817,-0.012218763395903562,0.02446048735193746,0.13161187556509416,0.13243067938090936,0,1,0
10.31031031031031,0.01162023303174013,-0.02589029542624872,1.0000514985828395,-0.0005976630782689514,-0.011682311675213958,0.026822586034480303,0.13159771463626063,0.13245356066384226,0,1,0
10.33033033033033,0.011055362850803116,-0.028243509046850683,1.0000311338627585,-0.0010182360040500431,-0.01105524717797006,0.03135322486219491,0.13160898630517007,0.13246768135542095,0,1,0
10.35035035035035,0.010445588438343888,-0.0304887206229614,1.00000276586153,-0.0014184000614222412,-0.010386195020722775,0.03345260786236408,0.1316086252193712,0.13249476027869744,0,1,0
10.37037037037037,0.009793430798491962,-0.03260788199259631,0.9999668248992838,-0.0017970481123136392,-0.009719305917224105,0.033344455174933584,0.13159640672670095,0.1325349319027496,0,1,0
10.39039039039039,0.00910151612622263,-0.034595733613466594,0.9999237594425943,-0.0021532728344772333,-0.008967954460554912,0.03756757283345967,0.13162736016351062,0.13255713820976725,0,1,0
10.41041041041041,0.008372521714548829,-0.03644972058369004,0.9998743891938051,-0.002468512439459409,-0.008219308018932177,0.03743232208113662,0.13162708426921418,0.132598301302149,0,1,0
10.43043043043043,0.007609398148162529,-0.03815617831931499,0.9998193526335296,-0.0027518280137756672,-0.00740872454677537,0.04052917360784049,0.13166135483831823,0.1326271071587709,0,1,0
10.45045045045045,0.006815118733607196,-0.03971397072776663,0.9997596141539091,-0.0029869239810225933,-0.006581476161295111,0.04136241927401297,0.1316820519847323,0.1326649293742891,0,1,0
10.47047047047047,0.005992881787452194,-0.04111184730775012,0.9996960694646175,-0.003177234464578996,-0.005731957378206049,0.0424759391544532,0.1317104371439281,0.1327015225419636,0,1,0
10.49049049049049,0.005145931172888777,-0.042347530728170824,0.9996297070864453,-0.003318118908613911,-0.004827317621406228,0.04523198783999103,0.13175909383387227,0.13273005434155458,0,1,0
10.51051051051051,0.004277623530887781,-0.04341538210004979,0.9995616934347357,-0.0034006825854789396,-0.003910806700759294,0.045825546032346766,0.13179523037442387,0.13276665256728057,0,1,0
10.53053053053053,0.0033915219575483117,-0.04430507866697347,0.9994931261990901,-0.003428361782277583,-0.002991825235901799,0.04594907324287473,0.13183038782766865,0.13280283596881656,0,1,0
10.55055055055055,0.0024912313028653855,-0.045014532734146295,0.9994250784784233,-0.003402386033341984,-0.0020720596577433275,0.0459882789079235,0.13186623030391897,0.13283550268570885,0,1,0
10.57057057057057,0.0015803547591223123,-0.045543827187153656,0.9993585772581046,-0.0033250610159343474,-0.0011367032883049743,0.04676781847191766,0.13191077038217,0.13286130854345737,0,1,0
10.59059059059059,0.0006624939223703351,-0.04589304183759886,0.9992946725650077,-0.0031952346548455076,-0.00017693949015083768,0.04798818990770685,0.13196323689837125,0.13288210764678993,0,1,0
10.61061061061061,-0.0002586881581047414,-0.04605910402375382,0.9992344535467179,-0.0030109509144911036,0.0008027086608297022,0.048982407549026996,0.13201831103077272,0.13290064764611773,0,1,0
10.63063063063063,-0.0011794420119027,-0.04603769268989793,0.9991790101795798,-0.0027721683569051137,0.001809635830644861,0.050346358490757935,0.1320807149083797,0.13291351109727864,0,1,0
10.65065065065065,-0.0020958559150455226,-0.04582069515714114,0.9991294523332995,-0.0024778923140145593,0.0026763396871556594,0.043335192825539874,0.1320662166280675,0.13295514569006273,0,1,0
10.67067067067067,-0.003004048490239235,-0.045409628759685614,0.9990861719284908,-0.0021640202404368146,0.0035800332103103037,0.045184676157732175,0.13211756506242356,0.13294634584808684,0,1,0
10.69069069069069,-0.003900637889798289,-0.04482946997795269,0.9990497864126148,-0.0018192757938009568,0.004502520736167922,0.046124376292880964,0.13216834507653163,0.1329399778072795,0,1,0
10.71071071071071,-0.004782086856631197,-0.044072448341645386,0.999020936851687,-0.0014424780463880458,0.005405102704399454,0.045129098411576585,0.13220621138287253,0.1329388789259567,0,1,0
10.73073073073073,-0.005644793411602066,-0.04313532774854347,0.9990001469838453,-0.0010394933920876296,0.006276570006544609,0.043573365107257844,0.13223696978220728,0.13293299984345622,0,1,0
10.75075075075075,-0.006485213220180104,-0.042020990428901894,0.9989877610751107,-0.0006192954367344281,0.007062056359276166,0.03927431763657766,0.13223885943807676,0.13293133766407084,0,1,0
10.77077077077077,-0.007299984282765102,-0.04073855312924987,0.9989837554750106,-0.00020028000500545715,0.007839952518371704,0.03889480795477717,0.13226668669692335,0.13290222476798585,0,1,0
10.79079079079079,-0.008086080111012403,-0.03930479141236507,0.9989880835677981,0.00021640463937307728,0.008635672948916899,0.0397860215272593,0.13230949723336113,0.1328646552166794,0,1,0
10.81081081081081,-0.008840483584136959,-0.03772017365622782,0.9990007932923332,0.0006354862267506143,0.009412901413758598,0.03886142324208506,0.13234179094403062,0.13283309157848783,0,1,0
10.83083083083083,-0.009560103694182519,-0.03598100550227799,0.9990218627602563,0.0010534733961558235,0.010135335339900043,0.03612169630707233,0.13235651554493405,0.13280327694936545,0,1,0
10.85085085085085,-0.010241954668620098,-0.03409254872187893,0.9990510339605693,0.0014585600156479571,0.010835743596526485,0.03502041283132201,0.13237922324789578,0.13275655817747978,0,1,0
10.87087087087087,-0.01088323840718647,-0.032064186928318646,0.9990879167831694,0.0018441411300068608,0.011465850235540727,0.03150533195071214,0.13238108306854054,0.13271695824239077,0,1,0
10.89089089089089,-0.01148129910303331,-0.029903034792342006,0.9991319169805963,0.00220000987134394,0.012097646708796029,0.03158982366276499,0.13240649946691752,0.13265072942103995,0,1,0
10.91091091091091,-0.012033683841921753,-0.02761923694442214,0.9991823965684874,0.0025239793945553875,0.012615329011223812,0.025884115121389238,0.13238872464517848,0.1326137645524284,0,1,0
10.93093093093093,-0.01253803291986079,-0.025217453896951788,0.9992385101707999,0.0028056801156227623,0.013143534845007963,0.026410291689207464,0.13240940005337756,0.13253297694154503,0,1,0
10.95095095095095,-0.01299235493847758,-0.022716100930839523,0.9992993376683249,0.003041374876250399,0.013580198325301558,0.021833174014679886,0.1323977134373383,0.13248261611364318,0,1,0
10.97097097097097,-0.013394644841700715,-0.02011449516115675,0.9993639294702038,0.003229590093942633,0.01392144064887043,0.01706211617844345,0.1323766009448356,0.13242698925665317,0,1,0
10.99099099099099,-0.013743257770383623,-0.017430646434145384,0.9994311229578139,0.0033596743805037466,0.014158384120681988,0.011847173590577829,0.13234792664674358,0.1323721994012599,0,1,0
11.01101101101101,-0.014036994117621424,-0.014686817361890007,0.9994996613544891,0.003426919833761824,0.014419023142606402,0.0130319510962209,0.13236361319796627,0.13227787912927913,0,1,0
11.03103103103103,-0.01427499471071474,-0.011900029654665809,0.9995683658383374,0.003435224192419007,0.014631090536605763,0.010603369699967892,0.13236537169392026,0.1322124132077528,0,1,0
11.05105105105105,-0.01445629996743482,-0.009065262836003993,0.9996362781064011,0.003395613403183808,0.014746237844903625,0.005757365414893113,0.13234874920186568,0.13216093932879547,0,1,0
11.07107107107107,-0.014580184092614487,-0.006194206258983337,0.9997023781468465,0.003305002022269633,0.01482203295102793,0.003789755306215333,0.1323478360702299,0.13208950865632896,0,1,0
11.09109109109109,-0.01464627258741811,-0.0033044247401812087,0.9997655892929632,0.0031605573058378082,0.014829530265910149,0.0003748657441110391,0.1323414795717029,0.13203182444691178,0,1,0
11.11111111111111,-0.01465438763525769,-0.000405752391978913,0.9998249609591268,0.0029685833081777814,0.014840203586549996,0.0005336660319923066,0.13235818933884294,0.13195044568631756,0,1,0
11.13113113113113,-0.014604543434185848,0.00249221005359208,0.9998795379166887,0.002728847878099337,0.01474233436815311,-0.0048934609198443835,0.13234627036589852,0.1319132798608542,0,1,0
11.15115115115115,-0.014496805888457627,0.005386877286411049,0.9999285962602676,0.0024529171789470956,0.014612950145910712,-0.006469211112119935,0.13235316663541896,0.1318482184641332,0,1,0
11.17117117117117,-0.014331616960731174,0.008259446386322698,0.9999712843889816,0.0021344064356999593,0.014393504226493338,-0.010972295970868507,0.13234811048084058,0.13181134449528462,0,1,0
11.19119119119119,-0.014109542147790052,0.011103740647056047,1.0000069936520994,0.0017854631558942482,0.014065328546856663,-0.01640878398183388,0.1323369592361773,0.13178646712776082,0,1,0
11.21121121121121,-0.013831559253558227,0.013899144711591248,1.0000352083557091,0.0014107351804807462,0.013742971868808256,-0.016117833902420414,0.13235913008442882,0.13172414794093557,0,1,0
11.23123123123123,-0.013498973255084605,0.016629299923681073,1.0000553580418572,0.001007484307407473,0.013294769912996504,-0.022410097790587502,0.1323533970223123,0.13172250615575923,0,1,0
11.25125125125125,-0.013113139426580078,0.019291691425226375,1.0000673574976056,0.0005999727874170239,0.012816136568863259,-0.023931667206662236,0.13237055469120812,0.13168833941757369,0,1,0
11.27127127127127,-0.012675885449849256,0.021862698836541055,1.0000709850667004,0.00018137845474649653,0.012317920145937503,-0.02491082114628795,0.13239674161505213,0.13165838316569073,0,1,0
11.29129129129129,-0.01218912147908249,0.024338198538338296,1.0000662161755844,-0.00023844455579899107,0.011744357888751522,-0.02867811285929891,0.13241157355046115,0.13165717858251416,0,1,0
11.31131131131131,-0.011654882120527505,0.026711967927749262,1.0000532840614413,-0.0006466057071551841,0.011172987510747976,-0.028568518900177503,0.1324459071958033,0.13162943114217512,0,1,0
11.33133133133133,-0.011075471867206504,0.028970512666049972,1.0000323200005237,-0.0010482030458802071,0.010596621889014526,-0.02881828108667263,0.13248216374466162,0.13160949803031277,0,1,0
11.35135135135135,-0.010453162266041482,0.031115480058251082,1.0000035980551083,-0.0014360972707685906,0.009972055974538369,-0.031228295723807756,0.13250882690058377,0.13161122234259348,0,1,0
11.37137137137137,-0.009790228093781017,0.03314670861302322,0.9999675697373922,-0.0018014158858049934,0.009256150072628932,-0.03579529509547186,0.13252609500853077,0.13163859491936253,0,1,0
11.391391391391391,-0.00908916817760894,0.03505299580860392,0.9999249275771503,-0.002132108012091206,0.00850929850582152,-0.037342578340370434,0.13255842386568903,0.13164939927323063,0,1,0
11.411411411411411,-0.008352853373112647,0.03681574022481464,0.999876343025575,-0.0024292275787676123,0.007796381077301684,-0.0356458714259919,0.1326068576154294,0.13163721610041593,0,1,0
11.431431431431431,-0.007584252381489651,0.03843004958114978,0.9998223840654682,-0.0026979480053435155,0.007107068890033742,-0.034465609363397126,0.13265205648309772,0.13162898481524501,0,1,0
11.451451451451451,-0.006786159133686952,0.03990466239013495,0.9997636256298692,-0.0029379217799501032,0.006359282179244061,-0.037389335539483995,0.1326776946150986,0.13165827222237236,0,1,0
11.471471471471471,-0.005961318483884795,0.04124203249010785,0.9997009055782404,-0.0031360025814373338,0.005606872931185151,-0.03762046240294554,0.13271459197973162,0.13166992574395742,0,1,0
11.491491491491491,-0.005112682039442198,0.04243182222212987,0.9996349662494638,-0.003296966438829515,0.004838670579018948,-0.03841011760831019,0.13274932329188058,0.13169093994277092,0,1,0
11.511511511511511,-0.0042431974045625456,0.04347423174398265,0.9995666538674302,-0.0034156191016829793,0.004013986109275197,-0.04123422348718751,0.13277474254042645,0.13173552329634433,0,1,0
11.531531531531531,-0.0033558839732778173,0.04436567156423641,0.9994970232501694,-0.0034815308630364275,0.003141977311356819,-0.0436004398959189,0.13280232210409618,0.13178479060634515,0,1,0
11.551551551551551,-0.002454000199376813,0.04509418869505022,0.9994272283154528,-0.003489746735827621,0.002270570047228717,-0.04357036320640509,0.13283888313822928,0.13181881113390576,0,1,0
11.571571571571571,-0.001540961972790971,0.04565191132929209,0.9993583271186804,-0.003445059838619826,0.0013752963279342958,-0.0447636859647211,0.13286685273558455,0.13186595477507368,0,1,0
11.591591591591591,-0.0006201614236997863,0.046040027454559235,0.999291440975248,-0.0033443071716218902,0.0004103213732465978,-0.04824874773438488,0.13288256776098534,0.13193945781594926,0,1,0
11.611611611611611,0.00030488062787075245,0.04625210257852694,0.9992278963682457,-0.0031772303501138442,-0.0005691786873689279,-0.0489750030307763,0.13290788792029745,0.13199633133321692,0,1,0
11.631631631631631,0.0012303932214770665,0.0462756296803157,0.9991689115752581,-0.002949239649382562,-0.0015728983828474975,-0.05018598477392848,0.13292590764359793,0.132060008163226,0,1,0
11.651651651651651,0.0021525306723781234,0.046106872545052836,0.9991156927934967,-0.002660939088071318,-0.002563289604556699,-0.04951956108546007,0.13294529035965827,0.13210797944978592,0,1,0
11.671671671671671,0.0030673491722466107,0.04574092499342435,0.9990692288039514,-0.002323199477259163,-0.003508120016584495,-0.04724152060138977,0.13296269722625229,0.1321377094204239,0,1,0
11.691691691691691,0.00397097072480275,0.04518107762780697,0.9990302042173992,-0.0019512293276144391,-0.004409864511970076,-0.045087224769279045,0.13296977458907597,0.13216197721315487,0,1,0
11.711711711711711,0.004859742309868829,0.04443857925330396,0.9989990658968593,-0.0015569160269982398,-0.005350297362449431,-0.047021642523967774,0.13295190798631246,0.1322205440096847,0,1,0
11.731731731731731,0.005730103004012603,0.043518034707188735,0.9989763961666253,-0.0011334865116982432,-0.006211795123503339,-0.04307488805269534,0.13295687435936013,0.13223164591703915,0,1,0
11.751751751751751,0.006578436200741591,0.0424166598364494,0.9989624079495927,-0.0006994108516308647,-0.0071110285022881635,-0.04496166893924129,0.13292578283174789,0.13228710945649558,0,1,0
11.771771771771771,0.0074013685073244856,0.04114661532914474,0.9989574354793388,-0.00024862351269393484,-0.007967618105378018,-0.04282948015449268,0.13291045939770071,0.13231358444030675,0,1,0
11.791791791791791,0.008195395967687182,0.03970137301813478,0.9989616129005285,0.00020887105948887895,-0.00876411276061445,-0.03982473276182165,0.13289005470904394,0.13232683458122146,0,1,0
11.811811811811811,0.008957206620428176,0.03809053263704978,0.9989748012317089,0.000659416559019566,-0.009527303571469308,-0.0381595405427428,0.1328545242963113,0.13234552166971783,0,1,0
11.831831831831831,0.009683711841223878,0.03632526103978508,0.9989967172927563,0.001095803052369604,-0.010234727430598396,-0.035371192956454515,0.13281900229945787,0.13235313787104996,0,1,0
11.851851851851851,0.010371979945645106,0.034413405221061344,0.9990269130428688,0.0015097875056278558,-0.010914341818575585,-0.033980719398859424,0.13277018516840186,0.1323688993649853,0,1,0
11.871871871871871,0.011019254220475524,0.032363713741520896,0.9990648645160053,0.0018975736568200008,-0.01148461614607499,-0.02851371637497024,0.13273833671122043,0.1323503462987659,0,1,0
11.891891891891891,0.011622983746422445,0.030186476297345992,0.9991097904822839,0.0022462983139270184,-0.0120801217843866,-0.02977528191558066,0.13266324113155145,0.13237809793852068,0,1,0
11.911911911911911,0.012180961628008061,0.027898894079280787,0.9991609588311524,0.002558417443429019,-0.012594479914193093,-0.025717906490324592,0.13261906323173187,0.13237238509269605,0,1,0
11.931931931931931,0.012690949911610534,0.02549941418012359,0.9992175978917878,0.002831953031770402,-0.013098166957925405,-0.025184352186615775,0.1325481835803107,0.1323877678160004,0,1,0
11.951951951951951,0.013150978839801588,0.02300144640955272,0.9992788562487552,0.0030629178483718156,-0.013519416446487648,-0.021062474428112023,0.13249690690236407,0.13237885990991338,0,1,0
11.971971971971971,0.013559152538447673,0.020408684932304234,0.999343813289003,0.003247852012391589,-0.013877096575291452,-0.017884006440190097,0.13243449001814206,0.13237081999662761,0,1,0
11.991991991991991,0.013913954180370948,0.017740082096163786,0.9994114004088094,0.003379355990318123,-0.014279347016727537,-0.020112522071804154,0.1323378690194326,0.13240279700648214,0,1,0
12.012012012012011,0.014213967820252776,0.01500068199409144,0.9994806387843344,0.0034619187762461325,-0.014487382588459533,-0.010401778586599873,0.1323177028787201,0.13235707316931644,0,1,0
12.032032032032031,0.014457753671273672,0.012189292551044763,0.9995505289600665,0.003494508786604314,-0.014673147094926122,-0.009288225323329414,0.13223349961727743,0.13235406407800004,0,1,0
12.052052052052051,0.014644524160157395,0.009338524444186154,0.9996197669265151,0.003461898322432852,-0.014700669133154558,-0.0013761019114219373,0.13220095287769296,0.13231234952764365,0,1,0
12.072072072072071,0.01477369696063999,0.006458640024129813,0.9996872426975131,0.0033737885498974518,-0.014737454681817436,-0.001839277433143872,0.13211173367571627,0.1323194171325115,0,1,0
12.092092092092091,0.01484526974243816,0.0035786390899084693,0.9997517393280055,0.0032248315246223933,-0.014785144036502064,-0.002384467734231307,0.13203077302101232,0.132340030664179,0,1,0
12.112112112112111,0.014859171305855113,0.0006950781708475991,0.9998123632906747,0.0030311981334557006,-0.014787853386234505,-0.00013546748662190836,0.13197095797900907,0.13234794619110682,0,1,0
12.132132132132131,0.014815267646747763,-0.002195182955367499,0.9998683462266994,0.0027991468012366636,-0.014681824899381636,0.00530142434264326,0.1319336603837434,0.13233447852944139,0,1,0
12.152152152152151,0.014713641116193858,-0.005081326527695279,0.9999189396878915,0.0025296730596060346,-0.014516421586869853,0.008270165625589205,0.13188023298851015,0.1323326030208701,0,1,0
12.172172172172171,0.014554799032157568,-0.007942104201814428,0.9999633348177906,0.002219756494959485,-0.014315468994034556,0.010047629641764692,0.1318238728432622,0.13234153306575558,0,1,0
12.192192192192191,0.0143394521355195,-0.010767344831903503,1.00000084336941,0.001875427580966471,-0.01403992860211416,0.013777019596020021,0.13178751186070117,0.13234282962278468,0,1,0
12.212212212212211,0.014068472775307761,-0.013548968010586911,1.0000309627340813,0.0015059682335631223,-0.01372245637745737,0.015873611232839337,0.13174308106732993,0.13235384011724113,0,1,0
12.232232232232231,0.013743015549643866,-0.016272861283194773,1.0000532190417901,0.0011128153854355909,-0.013364986469054594,0.01787349542013878,0.1317039683104545,0.1323691873786977,0,1,0
12.252252252252251,0.013364375335389186,-0.01893201071273393,1.0000672838144031,0.0007032386306533012,-0.012930101014475366,0.02174427272896131,0.13168545869240883,0.13237707635816084,0,1,0
12.272272272272271,0.012934019236487142,-0.021517804945102255,1.0000730252938625,0.00028707397296883353,-0.012440338938295813,0.024488103808977802,0.13166439054734286,0.13239181352116514,0,1,0
12.292292292292291,0.012453717394033767,-0.024015092122668787,1.0000703788357554,-0.0001323229053576919,-0.011914829392373238,0.02627547729612866,0.13164300221475508,0.13241463069733506,0,1,0
12.312312312312311,0.01192543261858176,-0.02641423877260034,1.0000593967697717,-0.0005491032991892105,-0.011328904148040024,0.029296262216660787,0.1316387132945871,0.1324341681255783,0,1,0
12.332332332332332,0.011351261302622224,-0.028708565797976864,1.0000403368672108,-0.0009529951280485155,-0.010669597642698822,0.03296532526705993,0.13164757108552488,0.13245202599792685,0,1,0
12.352352352352352,0.01073358577247425,-0.030883776507398694,1.0000136281980583,-0.001335433457622206,-0.010037719411730555,0.03159391154841346,0.13162061038630865,0.1324954066007106,0,1,0
12.372372372372372,0.010075015921166839,-0.03292849256537057,0.9999795487208601,-0.0017039738599088714,-0.009369561554327433,0.03340789287015602,0.13162500891929635,0.13252696360174893,0,1,0
12.392392392392392,0.0093780597419732,-0.034847808959681925,0.9999386628167066,-0.002044295207678047,-0.008655417497550824,0.03570720283883057,0.13163800383757404,0.13255545920520612,0,1,0
12.412412412412412,0.008645384776089707,-0.03663374829417461,0.9998916161931283,-0.0023523311789177114,-0.007932804797137705,0.03613063502065582,0.13164081926626864,0.13259320835645055,0,1,0
12.432432432432432,0.007879834827654595,-0.038277497421755645,0.9998390401436384,-0.0026288024744916642,-0.007218771446449861,0.035701667534392294,0.13163961838747934,0.1326351128268091,0,1,0
12.452452452452452,0.007084218564298065,-0.03978081316782649,0.9997815657825977,-0.0028737180520381155,-0.006394989828847894,0.04118908088009831,0.13169572829062545,0.13265115253700507,0,1,0
12.472472472472472,0.00626139491051614,-0.04114118268909626,0.9997202872825002,-0.003063925004877464,-0.00558074183432907,0.04071239972594118,0.13170843865533927,0.13269292903521648,0,1,0
12.492492492492492,0.005414587654975297,-0.04234036277704214,0.9996560370312533,-0.003212512562342978,-0.004712913689348882,0.043391407249009445,0.13175446486509412,0.13272169762151945,0,1,0
12.512512512512512,0.0045470062160547645,-0.04337907194602662,0.9995899447180928,-0.0033046156580204475,-0.003815735724056743,0.04485889826460689,0.13179602622606323,0.13275389317463496,0,1,0
12.532532532532532,0.0036620909009236497,-0.04424576575655573,0.9995231221179132,-0.0033411300089805996,-0.0029490338548677237,0.04333509345945098,0.1318143103809074,0.1327965928270661,0,1,0
12.552552552552552,0.0027633425398360715,-0.044937418054378904,0.9994564883384213,-0.00333168897459256,-0.002041059872587581,0.04539869911400713,0.1318650616242033,0.13282024136742593,0,1,0
12.572572572572572,0.0018541902051287511,-0.04545761673536601,0.9993911569648184,-0.0032665686801429256,-0.0011571949841884723,0.044193244419955466,0.13189031373017468,0.13285455775849445,0,1,0
12.592592592592592,0.0009381679115620564,-0.04580111467833474,0.9993280183128814,-0.003156932596848635,-0.00022525757540199298,0.046596870439323965,0.13194948676627669,0.1328699778840691,0,1,0
12.612612612612612,1.876651874353362e-05,-0.045970069640926134,0.9992681811921506,-0.0029918560365444777,0.0006821647167356091,0.04537111460688011,0.1319810759255928,0.13289782208973203,0,1,0
12.632632632632632,-0.0009003823541969231,-0.04595744364702284,0.9992125258692361,-0.0027827661457199165,0.0016148496725591646,0.046634247791177766,0.1320349241350668,0.13290990812160627,0,1,0
12.652652652652652,-0.001815751563010214,-0.045768460440664537,0.9991620248333005,-0.002525051796778863,0.00260518740811197,0.049516886777640275,0.13210888191923356,0.13291167794345582,0,1,0
12.672672672672672,-0.0027236707211514533,-0.04539595790706197,0.9991177914472806,-0.002211669300992299,0.0035742135689443067,0.048451308041616827,0.13215372490611257,0.13292697449621674,0,1,0
12.692692692692692,-0.003620293743037176,-0.04483115109428614,0.9990807032022327,-0.0018544122523924862,0.004571571139190378,0.0498678785123035,0.13221864598284627,0.13292314315043946,0,1,0
12.712712712712712,-0.004501796786770223,-0.04407515218665237,0.9990516473745152,-0.0014527913858759182,0.0054940738780024975,0.04612513694060601,0.13223812849620706,0.13293491150969103,0,1,0
12.732732732732732,-0.005364295843029149,-0.04312495281294626,0.9990310642469014,-0.0010291563806956827,0.006379062499866524,0.04424943109320135,0.13226395555269435,0.1329263322096439,0,1,0
12.752752752752752,-0.0062041592299544,-0.041993169346262536,0.9990191840058592,-0.0005940120521102379,0.0071550913968381515,0.0388014448485814,0.1322529401263782,0.13292573292578302,0,1,0
12.772772772772772,-0.0070179572377356975,-0.04068990038906486,0.9990158066709318,-0.00016886674636793208,0.007881402552956874,0.036315557805936094,0.13225679203278495,0.13290157097611205,0,1,0
12.792792792792792,-0.007802679990095446,-0.039236137617987395,0.9990206036382198,0.00023984836439662369,0.008562618609916771,0.03406080284799492,0.13226174273072513,0.1328729243995757,0,1,0
12.812812812812812,-0.00855552727215333,-0.03764236410289416,0.9990331956181496,0.000629598996492895,0.009220000073778264,0.032869073193074576,0.1322761582042705,0.13283656217745574,0,1,0
12.832832832832834,-0.009273908283998062,-0.03591905059223659,0.9990532290210403,0.0010016701445371356,0.009918195384225453,0.034909765522359276,0.13232173473024741,0.13278282899641858,0,1,0
12.852852852852854,-0.009955280360952765,-0.03406860384773517,0.9990805539064898,0.0013662442724704385,0.010593997338458927,0.033790097711673794,0.13234980205327707,0.13274502743440242,0,1,0
12.872872872872874,-0.010596927523430789,-0.03208235812390125,0.9991149938285612,0.0017219961035715389,0.011181109912400858,0.029355628697096472,0.13234713424259112,0.13271702106018862,0,1,0
12.892892892892894,-0.011196301074803364,-0.029968677568628692,0.9991560613282837,0.0020533749861269515,0.011787602811456167,0.030324644952765687,0.13237964971804664,0.13265110034784783,0,1,0
12.912912912912914,-0.011751119930441197,-0.02774094278189166,0.999203231039476,0.0023584855596096846,0.01230166467828394,0.025703093341388535,0.13237284979198652,0.13261441680944108,0,1,0
12.932932932932934,-0.012259103262839901,-0.025399166619935208,0.9992558265145922,0.0026297737558127593,0.012805544080751618,0.025193970123383935,0.13238923817298032,0.13254602361167098,0,1,0
12.952952952952954,-0.012718278019401435,-0.022958737828076704,0.9993130486994227,0.002861109241522836,0.013223602228543622,0.0209029073896001,0.1323794935351522,0.1324980625830874,0,1,0
12.972972972972974,-0.01312676398927368,-0.02042429849361228,0.9993740142524843,0.0030482776530784514,0.013612959724943247,0.019467874819981072,0.13238492015622433,0.1324274543867621,0,1,0
12.992992992992994,-0.013482985340966445,-0.01781106758463826,0.9994377333126008,0.0031859530058268156,0.013931049394147068,0.015904483460191368,0.13237690896075152,0.13236936435799862,0,1,0
13.013013013013014,-0.013785512743880235,-0.015126370145689485,0.9995032040792523,0.003273538332577651,0.014217473631480687,0.014321211866680849,0.13238023830923412,0.13229611413509787,0,1,0
13.033033033033034,-0.014033142810778455,-0.012381503344911018,0.9995693723170882,0.0033084118917927176,0.014382655816268075,0.00825910923936937,0.13235386286960296,0.13225201310476034,0,1,0
13.053053053053054,-0.014224858291001773,-0.009585774011165905,0.9996351778036278,0.0032902743269771044,0.014500756430210367,0.005905030697114717,0.1323464381650905,0.13218152650521423,0,1,0
13.073073073073074,-0.014360090422042905,-0.006761606552056614,0.9996994575923945,0.0032139894383389827,0.014552951041014891,0.0026097305402262147,0.1323371388755373,0.13212184359925816,0,1,0
13.093093093093094,-0.014438483813625648,-0.003919669579137174,0.9997611845176865,0.0030863462645983842,0.014588911822544761,0.0017980390764935357,0.13234526828803767,0.13204732093896512,0,1,0
13.113113113113114,-0.014459924143064809,-0.0010720164719580437,0.9998193742903605,0.0029094886337007937,0.014600128004293047,0.0005608090874143145,0.13235614833638934,0.13197925035492836,0,1,0
13.133133133133134,-0.014424317692651347,0.0017803225206731452,0.9998731806127966,0.0026903161218063236,0.014502146544694972,-0.0048990729799036885,0.13234236479367906,0.1319429618503767,0,1,0
13.153153153153154,-0.014331713745755969,0.0046301973447689234,0.9999218646271683,0.002434200718579731,0.014347618181093837,-0.007726418180056576,0.13234082883830145,0.1318889759929051,0,1,0
13.173173173173174,-0.014182561487996972,0.007457612887949784,0.9999646134896338,0.002137443123277479,0.014109632744813347,-0.011899271814024916,0.13233510230529255,0.1318514913449551,0,1,0
13.193193193193194,-0.013977576218355646,0.010249263482066274,1.0000008005123453,0.0018093511355748006,0.013869889627311305,-0.011987155875101919,0.1323540758139228,0.1317878394553769,0,1,0
13.213213213213214,-0.013717769047697908,0.012990358532886943,1.0000297823254718,0.0014490906563191634,0.013610466981674715,-0.012971132281829622,0.1323745304685144,0.13173654728591966,0,1,0
13.233233233233234,-0.01340414886265581,0.015681009252104874,1.0000511210075862,0.001066934105720081,0.013311813803699552,-0.014932658898757924,0.13239138705999293,0.131695243752971,0,1,0
13.253253253253254,-0.013037805273571068,0.018317179454237165,1.0000644745112095,0.0006676751811676991,0.012976513813432355,-0.01676499951336002,0.13241004380686833,0.13165604329854536,0,1,0
13.273273273273274,-0.012619972056658178,0.020891660845644505,1.000069560700909,0.000254309484967275,0.012592600016878423,-0.019195689827696594,0.1324274918413474,0.13162598397259956,0,1,0
13.293293293293294,-0.01215200766216325,0.023398219724746375,1.000066216724129,-0.00016719883899089794,0.012125218039448334,-0.023369098871504457,0.1324376940036968,0.1316160050516775,0,1,0
13.313313313313314,-0.011635507164717281,0.025825024872298496,1.0000544719793856,-0.0005872372371702713,0.011657665978370549,-0.023377603053889414,0.13246968479748156,0.13157772823794625,0,1,0
13.333333333333334,-0.011072280619845873,0.028161327243570396,1.0000342628439238,-0.001010456773083926,0.01101794114843176,-0.03198624149693937,0.13246487844146063,0.13162066313516707,0,1,0
13.353353353353354,-0.010464258228583994,0.030401119563093965,1.000006182879682,-0.0014039982120861616,0.010376549199447051,-0.032069597449235585,0.13249898676948474,0.13160109978249435,0,1,0
13.373373373373374,-0.009813979013126393,0.03251396077288012,0.9999704824555957,-0.0017850212043161845,0.009692017724742775,-0.03422657373521361,0.13252964054311353,0.13160832519405496,0,1,0
13.393393393393394,-0.00912398071925524,0.03449991469355758,0.9999277559015763,-0.002136327700971007,0.008942269046439239,-0.037487433915176796,0.13255532445704943,0.13163127003328623,0,1,0
13.413413413413414,-0.008397006648298198,0.03634870354785209,0.9998787563603253,-0.0024499770625492257,0.008198082230219743,-0.03720934081097468,0.13259751399882957,0.13163021539431585,0,1,0
13.433433433433434,-0.007636013510648015,0.03804965688250918,0.9998241258184581,-0.002731527093355599,0.007417447513115598,-0.039031735855207216,0.132631365062588,0.13165200578151257,0,1,0
13.453453453453454,-0.006843916706173497,0.0396048402237259,0.9997647182755376,-0.0029703771460262043,0.006551959589264159,-0.043274396192571965,0.13265434349058144,0.1317022002541747,0,1,0
13.473473473473474,-0.0060238107390116775,0.041005298358090934,0.99970164565026,-0.003153631263880813,0.005660801380801567,-0.044557910423129704,0.13269057184578137,0.1317358688580914,0,1,0
13.493493493493494,-0.0051791061830469345,0.04223522779823713,0.9996359702256777,-0.0032837712291125267,0.004748895139448725,-0.045595312067642106,0.13272743813759902,0.13177320734240416,0,1,0
13.513513513513514,-0.004313308881327747,0.04328986508595936,0.999568814864563,-0.0033577680557401093,0.003816123115141284,-0.04663860121537197,0.13276178229720517,0.13181446028024008,0,1,0
13.533533533533534,-0.003430083772655665,0.044161255433604094,0.9995013194007448,-0.003374773190903463,0.003019605891106768,-0.0398258612017258,0.13282450572196916,0.13178332084679847,0,1,0
13.553553553553554,-0.002533057062832287,0.04485133549116889,0.9994339677300745,-0.0033675835335120747,0.0022006562812780504,-0.040947480491435845,0.13284686549301056,0.13181401733459447,0,1,0
13.573573573573574,-0.0016253235065308374,0.04538667781507249,0.999367556456591,-0.003320563674176267,0.001293980484649333,-0.0453337898314359,0.13285412202316846,0.13188076862372902,0,1,0
13.593593593593594,-0.000710108362950328,0.04576075717902547,0.9993031896129779,-0.0032183421806559133,0.0003613213582648608,-0.04663295631922361,0.13287674829658314,0.13193300429028904,0,1,0
13.613613613613614,0.00020902187311044092,0.04595651180303845,0.9992419807863742,-0.003060441330188653,-0.0005631964414323082,-0.04622588998485845,0.1329040016643024,0.13197439262242044,0,1,0
13.633633633633634,0.0011283949854707697,0.045968655618016434,0.9991849472858202,-0.002851675027696568,-0.0014485627930332654,-0.04426831758004786,0.1329313111568829,0.13199997347050832,0,1,0
13.653653653653654,0.0020444112645713625,0.04580081395502965,0.9991328688114348,-0.002603923719269022,-0.0023518463154857455,-0.045164176122624,0.13293954777995676,0.13204838011466627,0,1,0
13.673673673673674,0.002953566086734255,0.045457741108144635,0.9990865768722551,-0.0023145969589881583,-0.0031804839600067733,-0.0414318822260514,0.13296277632464823,0.13205611211739507,0,1,0
13.693693693693694,0.0038523819643014826,0.04494079387836136,0.9990465185486926,-0.0020029161781206324,-0.004069607571774561,-0.04445618058838943,0.1329494900670568,0.13211985619558037,0,1,0
13.713713713713714,0.004737577314222663,0.04425976749605902,0.9990134271298968,-0.0016545709397918207,-0.004890428358252947,-0.04104103932391928,0.13296294205417594,0.13213353472306727,0,1,0
13.733733733733734,0.005605701505845024,0.04340620958111806,0.9989876860464575,-0.0012870541719675044,-0.005701901650615316,-0.04057366461811839,0.13295459337855609,0.13216663732930264,0,1,0
13.753753753753754,0.006453556758853166,0.0423927626504071,0.9989696414183744,-0.0009022314041555182,-0.006495499886721837,-0.03967991180532612,0.1329434425280721,0.13219678469399748,0,1,0
13.773773773773774,0.007278008023159363,0.04122256321530984,0.9989595513515281,-0.0005045033423115815,-0.0073078347956553585,-0.04061674544667601,0.13291920781980757,0.13224394256979813,0,1,0
13.793793793793794,0.00807600875319723,0.039900036501893325,0.998957729787159,-9.107821845427379e-05,-0.00818305297055657,-0.043760908745060625,0.13288184182620613,0.1323164014744606,0,1,0
13.813813813813814,0.008844379133627702,0.03841851902152366,0.9989646676929874,0.00034689529141882695,-0.009018134623032059,-0.041754082623774516,0.13286514208230726,0.13235132673435288,0,1,0
13.833833833833834,0.009579741518849303,0.03676811926108002,0.9989806011553425,0.0007966731177507968,-0.009844082671196464,-0.04129740240822019,0.13282867223017905,0.13239178274764127,0,1,0
13.853853853853854,0.010278830971304517,0.03495447262276071,0.9990055535546145,0.001247619963601369,-0.010576686586262875,-0.03663019575332035,0.13280401577740647,0.1323931015798243,0,1,0
13.873873873873874,0.010938496954683422,0.032983299168945275,0.9990391411140596,0.0016793779722538635,-0.011311089085219482,-0.03672012494783061,0.13274300074885864,0.1324227296178884,0,1,0
13.893893893893894,0.011555949962860482,0.030872650408852974,0.9990808623819809,0.002086063396068413,-0.012071181090715939,-0.038004600274823,0.13267249955271154,0.13246645666690765,0,1,0
13.913913913913914,0.012128320252291233,0.028618514471537564,0.9991302825047512,0.002471006138516656,-0.012716791662285062,-0.03228052857845604,0.13263460234141428,0.13245633596798986,0,1,0
13.933933933933934,0.01265265651807006,0.02621681328894144,0.9991866489911759,0.0028183243212369165,-0.013201381409744218,-0.0242294873729579,0.1325964837702123,0.132411981305431,0,1,0
13.953953953953954,0.013126512456318934,0.02369279691244366,0.9992487030799236,0.0031027044373848497,-0.01359352086274575,-0.01960697265007645,0.13253131723446776,0.13238073704553846,0,1,0
13.973973973973974,0.01354811571497228,0.02108016293266732,0.9993149873857823,0.0033142152929326735,-0.013998664282378809,-0.020257170981653163,0.13243722840277933,0.13239084267733703,0,1,0
13.993993993993994,0.013915978035479473,0.018393116025359566,0.9993842338805946,0.0034623247406155378,-0.014314218237269517,-0.01577769774453539,0.13237957665747538,0.13237383347744058,0,1,0
14.014014014014014,0.014228608175432795,0.015631506997666144,0.9994553123810196,0.0035539250212497796,-0.014580920999319857,-0.013335138102516953,0.13230623550394058,0.1323670365851083,0,1,0
14.034034034034034,0.014484851007415658,0.012812141599143153,0.9995270169173776,0.003585226817896682,-0.014783659677169476,-0.010136933892480967,0.13223951505249254,0.13235752976244156,0,1,0
14.054054054054054,0.014683733617488714,0.009944130503652811,0.9995982028560567,0.0035592969339605517,-0.014895767437354478,-0.005605388009249972,0.13218222545780883,0.1323386725541467,0,1,0
14.074074074074074,0.014824547624992704,0.007040700375199464,0.9996677311281309,0.00347641360370791,-0.01493023410079218,-0.0017233331718850354,0.13212205570375263,0.13232263104780956,0,1,0
14.094094094094094,0.014906974178051643,0.004121327652946947,0.9997344677747027,0.0033368323285879096,-0.014960485889587436,-0.0015125894397629623,0.1320405198399831,0.13233278251205746,0,1,0
14.114114114114114,0.014930933902683532,0.0011979862315944566,0.9997973557402984,0.00314439827978904,-0.014898933265924615,0.0030776311831412226,0.13199490625718016,0.1323220807080205,0,1,0
14.134134134134134,0.014896428676333156,-0.0017252613175188164,0.9998555622382829,0.002910324899225017,-0.014834981820201197,0.0031975722861706814,0.13191793088386344,0.13233677223086315,0,1,0
14.154154154154154,0.014803774609144598,-0.004632703359427919,0.9999081720026229,0.002630488217000858,-0.014723143911502952,0.005591895434912568,0.131862540806945,0.13234458344738248,0,1,0
14.174174174174174,0.01465330940821484,-0.00752326004648785,0.999954488371576,0.0023158184476516283,-0.014570947861263915,0.007609802511951721,0.13180550206448893,0.1323546197384685,0,1,0
14.194194194194194,0.014445537618508995,-0.010388589485292263,0.9999938265246211,0.0019669076522589217,-0.01434365396665224,0.011364694730583755,0.13176505459749716,0.13235653215645943,0,1,0
14.214214214214214,0.014181141490299745,-0.01321980641046251,1.0000256298979573,0.0015901686668073913,-0.014068631813654397,0.013751107649892054,0.13171786626047902,0.1323661976028725,0,1,0
14.234234234234235,0.013861109820813566,-0.016001583474308925,1.0000493615334891,0.0011865817765914404,-0.013787581108333407,0.014052535266049552,0.1316592862255436,0.1323905556800448,0,1,0
14.254254254254255,0.013486563015782566,-0.01872734025155001,1.0000645362660339,0.0007587366272396755,-0.013417961953181009,0.018480957757619886,0.1316384141625646,0.13239694995059087,0,1,0
14.274274274274275,0.013058676303441426,-0.02139433561705697,1.000070961865239,0.0003212799602556086,-0.012991716828097447,0.021312256254177975,0.13160949546516504,0.1324107637724964,0,1,0
14.294294294294295,0.012578962884218056,-0.02398567096116851,1.0000684413586525,-0.00012602532932816499,-0.012513547268708123,0.023908477969466324,0.13158652933902396,0.13242944368468978,0,1,0
14.314314314314315,0.012049153113960284,-0.026490488512888558,1.0000569405821387,-0.0005750388256880988,-0.01198704384604997,0.02632517113290765,0.1315690495112437,0.13245170136513737,0,1,0
14.334334334334335,0.01147113210094594,-0.028901050650717207,1.0000365615432356,-0.0010189519451486583,-0.011329833938158097,0.032860495394593764,0.1315955568851804,0.13245713205510545,0,1,0
14.354354354354355,0.010847033889996246,-0.031204910547484692,1.000007809922073,-0.0014375810581229677,-0.010635608397928402,0.03471127701148474,0.13159298467086195,0.13248560264086592,0,1,0
14.374374374374375,0.010179484557754078,-0.033377466612108365,0.999971106291107,-0.0018351815483052402,-0.009919233830782342,0.03581872835730298,0.1315931479816708,0.1325220283779259,0,1,0
14.394394394394395,0.009471213998930002,-0.03541352794120383,0.9999270291327674,-0.002203857916976636,-0.009118534773335074,0.04003495287236357,0.13162733349422684,0.13254587776898044,0,1,0
14.414414414414415,0.008725092797814511,-0.03730606005577459,0.9998764731570918,-0.002527798783780586,-0.00832163723310597,0.039844877011455254,0.13163046930646108,0.13258925765535204,0,1,0
14.434434434434435,0.007944288426282576,-0.039040218576596744,0.9998201627297464,-0.0028155213672695994,-0.007511202179292484,0.04052175269067411,0.13164574138948273,0.13263002413066083,0,1,0
14.454454454454455,0.007131939671200708,-0.04061743775409336,0.999758960078026,-0.003060132586018367,-0.006660224399219214,0.04254888900366358,0.1316769704414762,0.13266374209771883,0,1,0
14.474474474474475,0.0062912210664170035,-0.04203593023918523,0.9996938566163511,-0.003255173083745885,-0.005731207179071643,0.04645086100737849,0.13173302315300225,0.1326895398117831,0,1,0
14.494494494494495,0.005425530798526761,-0.043284513394512114,0.9996260918523178,-0.003388238201665577,-0.0048432345411852295,0.04439863189432063,0.13174289733393757,0.13273985830464421,0,1,0
14.514514514514515,0.004538505696436174,-0.04435125510452934,0.9995565823494027,-0.0034754751457516837,-0.003927261064649701,0.04579867382677645,0.13178437818240588,0.1327732472397437,0,1,0
14.534534534534535,0.0036336414345117325,-0.04524321309622209,0.9994864571882804,-0.0035062580561111044,-0.002995931451359607,0.046566480664504695,0.13182379305678565,0.132806072294785,0,1,0
14.554554554554555,0.0027145382519730334,-0.045955159126934944,0.9994168028895024,-0.0034827149389006565,-0.002052325832127699,0.04718028096159545,0.1318659178281044,0.13283727858062205,0,1,0
14.574574574574575,0.0017848381990711363,-0.04648500264509486,0.9993487181189354,-0.0034042385283490325,-0.0010698138081294446,0.04912560119991268,0.13192442333363152,0.1328601580533059,0,1,0
14.594594594594595,0.0008482765466697937,-0.04682808262006713,0.9992834166326093,-0.0032650743163073347,-0.00013108352173185912,0.04693651431987928,0.13194906240266416,0.1328966877984456,0,1,0
14.614614614614615,-9.130925396166065e-05,-0.04697929003157272,0.9992218083381789,-0.0030804147215222916,0.0008152922625536138,0.04731878921427364,0.13199417774788724,0.13291604412426294,0,1,0
14.634634634634635,-0.0010302516374810205,-0.04694711917596799,0.9991648474966756,-0.0028480420751644344,0.001783791510468932,0.04842496239576589,0.132048574060516,0.1329279863613802,0,1,0
14.654654654654655,-0.0019648469226581367,-0.046729764258855805,0.9991135117353434,-0.0025667880666078407,0.0027610678552164227,0.04886381723737453,0.1321013606516675,0.13293918299474286,0,1,0
14.674674674674675,-0.0028912797250617633,-0.04632164012018132,0.9990687392902484,-0.002238622254746643,0.0036838325742892413,0.046138235953640964,0.1321257917480115,0.13295783401922953,0,1,0
14.694694694694695,-0.0038057264558144714,-0.0457223365376354,0.9990311541810204,-0.001879255461402464,0.004563562300167998,0.043986486293937886,0.13214853790636752,0.13296458030097433,0,1,0
14.714714714714715,-0.0047046156737458504,-0.04494446089656895,0.9990011756170728,-0.0014989281973810365,0.005471362395192456,0.045390004751222825,0.13220085894703038,0.13294905316493139,0,1,0
14.734734734734735,-0.005584501085249585,-0.043994270575186706,0.9989793280566542,-0.00109237802092561,0.006348724919248321,0.04386812620279327,0.13223254755385347,0.1329437592122502,0,1,0
14.754754754754755,-0.006441838696459325,-0.042866880560487014,0.9989659778196429,-0.0006675118505675774,0.007180571097776926,0.04159230892643031,0.13225430903046842,0.13293430614654528,0,1,0
14.774774774774775,-0.0072732498526073665,-0.041570557807402056,0.9989612797697095,-0.00023490249666994768,0.008037503410353872,0.042846615628847194,0.132303984113834,0.13290119463479336,0,1,0
14.794794794794795,-0.008075492507702156,-0.040112132754739495,0.9989654499560702,0.0002085093180355165,0.00886336159977451,0.041292909471031876,0.13233425885012134,0.13287794238348202,0,1,0
14.814814814814815,-0.008845252987814585,-0.03848802400562139,0.9989785594092285,0.0006554726579170081,0.009670605707631437,0.04036220539284637,0.132366484591297,0.1328434050780173,0,1,0
14.834834834834835,-0.009579310462036368,-0.03670287371108913,0.9990005390437418,0.0010989817256611086,0.010397317651313142,0.03633559718408526,0.13236988609666922,0.13281664489421693,0,1,0
14.854854854854855,-0.010274548306673485,-0.03476189223185582,0.9990310060916092,0.0015233523933748374,0.011059656406848436,0.0331169377767647,0.1323707358153789,0.1327757557345524,0,1,0
14.874874874874875,-0.010928213910456142,-0.032683280189132864,0.9990693317688997,0.0019162838645210023,0.011745341118713065,0.03428423559323165,0.13240486636963938,0.13270660722056615,0,1,0
14.894894894894895,-0.011537742581875092,-0.030476433570947516,0.9991149629680334,0.002281559956685439,0.012363357793390557,0.030900833733874193,0.13240888848485788,0.1326608849357929,0,1,0
14.914914914914915,-0.012100519575652311,-0.028138849688860997,0.9991672452878962,0.0026141159931456232,0.01293826561399321,0.028745391030132756,0.13241592945836284,0.1326001245301755,0,1,0
14.934934934934935,-0.012614160601248689,-0.02568205127981889,0.9992253483043193,0.0029051508211526632,0.013402435393099316,0.02320848895530541,0.13239429443601008,0.1325538931231984,0,1,0
14.954954954954955,-0.013076501790518114,-0.02311705946347123,0.9992882334425118,0.0031442569096236037,0.013810872469164777,0.020421853803273094,0.13238523901877317,0.13248549658383366,0,1,0
14.974974974974975,-0.013485780638474852,-0.020463942397836957,0.9993547255762356,0.003324606686188158,0.014117811246140921,0.01534693884880717,0.1323599257296138,0.13243094736672548,0,1,0
14.994994994994995,-0.01384052714648736,-0.017737325400625458,0.9994236170484792,0.0034445736121772965,0.014438575326074002,0.016038203996654014,0.13237376526134448,0.13233967059180282,0,1,0
15.015015015015015,-0.014139582818276129,-0.014952783589438422,0.9994937421292114,0.0035062540366094133,0.014658164672860945,0.010979467339347062,0.1323557598732108,0.13228894522759577,0,1,0
15.035035035035035,-0.014381808075739166,-0.012111262873151852,0.9995640638781121,0.003516087445036439,0.014861357461107168,0.010159639412311298,0.13236157352985614,0.13220746391742635,0,1,0
15.055055055055055,-0.014566425774978256,-0.009230884961954473,0.9996334488833569,0.003469250262236393,0.015017995837797948,0.007831918834538926,0.1323630267461266,0.13213902724118068,0,1,0
15.075075075075075,-0.014692687822143547,-0.0063131023582645805,0.9997008940638891,0.0033722590266099103,0.015046033474780049,0.0014018818491048878,0.13233648028220035,0.13209810783254494,0,1,0
15.095095095095095,-0.014760039801209837,-0.0033675989533145075,0.9997653925815094,0.0032249258810184106,0.01492806926466776,-0.005898210505614299,0.13229802445522523,0.1320638406078411,0,1,0
15.115115115115115,-0.014768527494302746,-0.0004243846546454358,0.9998258680315076,0.0030237724999118178,0.014844573961035425,-0.004174765181616902,0.13231561048655935,0.13197119831936632,0,1,0
15.135135135135135,-0.014718677070383452,0.002492521195964683,0.999881218828359,0.0027675398425665333,0.014707922793629227,-0.006832558370309921,0.13232007897582518,0.13191992683570128,0,1,0
15.155155155155155,-0.014610934422423774,0.005387132397983874,0.9999307606196579,0.0024770895649467908,0.01459291017913357,-0.005750630724782874,0.13234689787808254,0.13184171401021894,0,1,0
15.175175175175175,-0.014445879872931604,0.00825272747460846,0.9999737445776029,0.0021491978972519314,0.014391525618142558,-0.010069228049550762,0.13234816692874615,0.1318076425837758,0,1,0
15.195195195195195,-0.014224047624365896,0.011091612428285366,1.0000096965754546,0.0017975998925804076,0.01413449001036531,-0.01285178038886205,0.13235463892621352,0.13176270283555072,0,1,0
15.215215215215215,-0.013946295466763035,0.01388760788014304,1.000038063796221,0.001418361038313646,0.013810200074112627,-0.01621449681263441,0.13236059192828653,0.1317280913815084,0,1,0
15.235235235235235,-0.01361370097139191,0.016629724768556235,1.0000584421312628,0.001018916752095521,0.013425012370848132,-0.01925938516322477,0.1323698426389035,0.13169675137351963,0,1,0
15.255255255255255,-0.013227602463758049,0.01930492538169308,1.0000705285262055,0.0006043197471373733,0.01298502015718626,-0.02199961068309363,0.13238331868215827,0.13166975415252033,0,1,0
15.275275275275275,-0.012789592361253297,0.021900505125237595,1.0000741499233985,0.00018106985965245584,0.01253242179834763,-0.02262991794193146,0.13241036905836218,0.13163172597312503,0,1,0
15.295295295295295,-0.01230143084528683,0.024408075798323322,1.0000691733256029,-0.0002488298897769686,0.012003165596518395,-0.026462810091461668,0.13242497073706555,0.13162614257151614,0,1,0
15.315315315315315,-0.011764993673357196,0.026821858596481736,1.0000557619534558,-0.0006705686073492535,0.011506823941632265,-0.02481708274430661,0.13246651947402452,0.1315793345686075,0,1,0
15.335335335335335,-0.011182350133098241,0.029132177012947773,1.0000338702343867,-0.0010945859534538587,0.010890755099175928,-0.030803442122816806,0.13247618874155098,0.13160302920439543,0,1,0
15.355355355355355,-0.010555505811756691,0.03134221606707748,1.000004022245488,-0.0014923994449345566,0.010225640532460056,-0.03325572833579356,0.13250085036619944,0.1316043123213474,0,1,0
15.375375375375375,-0.009886886366537406,0.03343097226096423,0.9999666359253793,-0.0018693160054397162,0.009458568259735074,-0.03835361363624906,0.13251780132968077,0.1316398622862744,0,1,0
15.395395395395395,-0.00917911341426186,0.03538864761377723,0.9999225227836542,-0.0022056570862520383,0.008588566080976202,-0.04350010893794364,0.13253604274120945,0.1316881491603475,0,1,0
15.415415415415415,-0.008435240602343116,0.03719364059593716,0.9998727035562713,-0.0024909613691456085,0.0076932066520736956,-0.04476797144512543,0.13257350644451965,0.13171430011922147,0,1,0
15.435435435435435,-0.007658752440258866,0.03882440810421252,0.9998181561770852,-0.0027273689593025783,0.006871783552420894,-0.04107115498264012,0.13263269511719722,0.1317002168368448,0,1,0
15.455455455455455,-0.006853155785701817,0.040279832727852495,0.9997595813884782,-0.0029287394303535346,0.006023849250743918,-0.04239671508384865,0.13266744785799162,0.13172824888388265,0,1,0
15.475475475475475,-0.006021723201365593,0.04157162921681117,0.9996979361551195,-0.003082261667937804,0.005215682633833523,-0.04040833084551974,0.1327127718788372,0.13172765001627493,0,1,0
15.495495495495495,-0.005167791702348994,0.04269657495082997,0.9996339070947143,-0.0032014530202582416,0.004405394859971835,-0.04051438869308442,0.13274733011790357,0.13174575833344676,0,1,0
15.515515515515515,-0.004294546093051709,0.043662280464864235,0.9995682942790655,-0.0032806407824414385,0.003586138665631645,-0.040962809717009524,0.13277826194711345,0.1317692568845973,0,1,0
15.535535535535535,-0.0034051508838636836,0.04446976045940129,0.9995019207220814,-0.003318677849203764,0.002706168710486961,-0.04399849775723421,0.13279778573211706,0.1318218431904833,0,1,0
15.555555555555555,-0.0025028373130279793,0.04511567854178522,0.9994358682224459,-0.0033026249817757125,0.0018115755309704542,-0.0447296589758253,0.1328269564650265,0.13186230692251744,0,1,0
15.575575575575575,-0.0015910645465107356,0.04558863832586218,0.9993711790171491,-0.003234460264839204,0.0009132390109654922,-0.044916826000248135,0.13285612075317238,0.13190173580639244,0,1,0
15.595595595595595,-0.0006733688365494152,0.04588478549806602,0.9993088761079422,-0.003115145460349958,6.146368096066607e-05,-0.0425887665002413,0.1328910344665796,0.13191829348722361,0,1,0
15.615615615615615,0.00024673208570763006,0.04600504611285226,0.9992497248522577,-0.002957562784224277,-0.0007784054467046806,-0.04199345638326735,0.13291228418220388,0.13194661842632632,0,1,0
15.635635635635635,0.0011659230128834752,0.045959546358792264,0.9991944586858644,-0.0027633083196624214,-0.0016555748136993303,-0.043858468349732505,0.13291936231321783,0.1319990056103588,0,1,0
15.655655655655655,0.0020809227871438846,0.045749988713020474,0.9991439541408875,-0.0025252272488429065,-0.002561231027301535,-0.04528281068011021,0.13292710723618073,0.1320548944995548,0,1,0
15.675675675675675,0.0029882924741046115,0.04536848434803634,0.9990991457558257,-0.00224041925309251,-0.003459942058438791,-0.0449355515568628,0.1329390635424691,0.1320993011260986,0,1,0
15.695695695695695,0.0038845051339878706,0.04481063299416295,0.9990608562584433,-0.0019144748691170563,-0.004371677581156997,-0.04558677613591038,0.13294032388348684,0.13215259098457693,0,1,0
15.715715715715715,0.004766028494366527,0.04407616801893283,0.9990298777017853,-0.0015489278329022358,-0.005234693196361896,-0.043150780760244964,0.13294873860658254,0.13217856353569887,0,1,0
15.735735735735735,0.0056292953406374725,0.04316334231354727,0.9990066993713125,-0.0011589165236417752,-0.006040477894637186,-0.040289234913764516,0.13294926669944326,0.13219360918476647,0,1,0
15.755755755755755,0.006470974852298902,0.042083975583071455,0.9989915291718333,-0.0007585099739594815,-0.006862685811159121,-0.041110395826096706,0.13292524467233727,0.1322364330338111,0,1,0
15.775775775775776,0.007287929463410258,0.040847730555567834,0.9989846211036943,-0.0003454034069461255,-0.007668015651532112,-0.040266492018649604,0.13290616284514908,0.13226942400317346,0,1,0
15.795795795795796,0.008076980049755059,0.03945252931724,0.9989861534908362,7.661935709485232e-05,-0.008473965878330193,-0.040297511339903995,0.13287703863019834,0.13230979029895054,0,1,0
15.815815815815816,0.008834982241156586,0.0379001095700764,0.998996262865603,0.0005054687383354675,-0.009218135731372683,-0.03720849265212436,0.13285694888770705,0.13232351063409495,0,1,0
15.835835835835836,0.009558855354343691,0.03619365565935531,0.9990148221948679,0.0009279664632474839,-0.009985245963156811,-0.03835551158920674,0.13280693726210724,0.1323671277243573,0,1,0
15.855855855855856,0.010245694021669945,0.0343419333663127,0.9990417038963277,0.0013440850729910163,-0.010676992896397803,-0.03458734666204939,0.1327781036480521,0.1323735149730953,0,1,0
15.875875875875876,0.010892541214362318,0.032342359634618616,0.9990765396532036,0.0017417878437933033,-0.011306481379330212,-0.03147442414662046,0.1327354838978622,0.13237584222031346,0,1,0
15.895895895895896,0.011496758093544598,0.03021084395911403,0.9991186979745024,0.002107916064936957,-0.011910678223085608,-0.030209842187769793,0.13267697438746462,0.13238911386599486,0,1,0
15.915915915915916,0.012055930594046659,0.027958625025102983,0.9991674755606553,0.002438879307648453,-0.01245980803295842,-0.027456490493640684,0.13262352697077667,0.13239149567636085,0,1,0
15.935935935935936,0.012567771411199817,0.025592040857657913,0.9992220830264812,0.0027303732912909258,-0.012982520375340251,-0.02613561711909151,0.13255709028646448,0.13240232248456893,0,1,0
15.955955955955956,0.013030178333839945,0.023120346132006375,0.9992816656224882,0.0029791298003490467,-0.01342365988501986,-0.022056975483980217,0.13250377513537256,0.1323925870150205,0,1,0
15.975975975975976,0.013441185019452658,0.020550334280635612,0.9993452592764318,0.0031796826971777882,-0.013809546174661758,-0.019294314482095017,0.13243751230343864,0.1323871803368419,0,1,0
15.995995995995996,0.013799129192660412,0.01789720866038771,0.9994117763012621,0.003325851241514733,-0.014113924183700052,-0.015218900451914628,0.13237804825128355,0.13237170175195595,0,1,0
16.016016016016017,0.014102601998489662,0.015173640291462464,0.9994800836777755,0.003415368825673649,-0.014389473087804281,-0.013777445205211727,0.13230068215975543,0.1323729129933545,0,1,0
16.036036036036037,0.014350484352206306,0.012394117685832207,0.9995490353173216,0.0034475819773075117,-0.014599758388288408,-0.010514265024206442,0.13223684433373,0.13236532768145642,0,1,0
16.056056056056057,0.014541778142550546,0.009564689517211983,0.9996175574360047,0.0034261059341533563,-0.014740907796228225,-0.007057470396990709,0.13217361723733245,0.13235506166661845,0,1,0
16.076076076076077,0.014675743662514134,0.00669827599817937,0.9996845499114833,0.003349623773931282,-0.014813734561857464,-0.0036413382814620516,0.1321113255030892,0.13234493763805913,0,1,0
16.096096096096097,0.014751889694770587,0.0038073016128226528,0.9997489332987792,0.0032191693648008887,-0.014775506539388864,0.0019114011234302956,0.13206641139935343,0.13232127744219807,0,1,0
16.116116116116117,0.014770036641607382,0.0009073473418397199,0.9998096898094505,0.0030378255335616715,-0.014693945156945222,0.0040780691221819695,0.13200089191809047,0.13231755348441526,0,1,0
16.136136136136138,0.014730450523163642,-0.001979305922187034,0.9998657989461224,0.002805456833592075,-0.014624725267150024,0.003460994489759886,0.13192174426437514,0.13233754177390092,0,1,0
16.156156156156158,0.014633462745986538,-0.0048493888588552175,0.9999163927920791,0.0025296922978385625,-0.014397607264438663,0.011355900135568088,0.13190981378816602,0.1323120760926892,0,1,0
16.176176176176178,0.014479497107870271,-0.00769828190581336,0.9999609257068172,0.0022266457369013253,-0.01421349569288009,0.0092055785779287,0.13182397376296723,0.13233933957055813,0,1,0
16.196196196196198,0.014269525006805185,-0.010498605053254326,0.9999985476646134,0.0018810978898090443,-0.014027830365879483,0.009283266350030113,0.13176274686456024,0.13236607098632988,0,1,0
16.216216216216218,0.014004291621326485,-0.013261669273934957,1.0000287634733294,0.0015107904358003272,-0.013715977574819141,0.015592639553017143,0.13175059118384522,0.13235842468704206,0,1,0
16.236236236236238,0.013684673058345536,-0.015980928149047464,1.0000512959809433,0.0011266253807023655,-0.013467890396904268,0.01240435889574348,0.1316657339681886,0.1323990343943245,0,1,0
16.256256256256258,0.013311939968347095,-0.018636654499922054,1.0000655128368483,0.0007108427952449729,-0.013177003056005075,0.014544367044959768,0.1316283022832065,0.1324205986782458,0,1,0
16.276276276276278,0.012887090580930885,-0.021242469370810528,1.0000711989099809,0.0002843036566272683,-0.012758865234011778,0.020906891099664864,0.1316266485268314,0.1324178674555888,0,1,0
16.296296296296298,0.01241130103006991,-0.023789477543048748,1.0000683113426443,-0.00014437836682792418,-0.012203112580762725,0.02778763266245251,0.131638873244286,0.13241207246338949,0,1,0
16.316316316316318,0.01188629765677289,-0.02625016866485098,1.000056973603307,-0.0005668869668648307,-0.01161964510742309,0.02917337366698196,0.13161773889832415,0.13243640612044777,0,1,0
16.336336336336338,0.011314270871718001,-0.028601339252744423,1.0000372671623097,-0.0009853220498612844,-0.01092540216288404,0.03471214722695219,0.13164280295256398,0.1324468456286333,0,1,0
16.356356356356358,0.010697609537888323,-0.03083306669148392,1.0000097520576023,-0.0013757552353708784,-0.010272909682477524,0.03262462402032584,0.13161029197584045,0.1324933021742352,0,1,0
16.376376376376378,0.010039022803975783,-0.03292933669562698,0.9999746719706009,-0.0017540043500744785,-0.009517085674862202,0.037791200380766145,0.13164677963322705,0.13251099135941216,0,1,0
16.396396396396398,0.009341096283239248,-0.03489632603682678,0.9999328628357369,-0.0020904567431996235,-0.008683337368165603,0.041687415334830065,0.13168104137675385,0.13253301490996114,0,1,0
16.416416416416418,0.00860686372656745,-0.036711627833589895,0.999885193366254,-0.0023834734741428596,-0.007878567979308351,0.04023846944286257,0.13167765107544235,0.13258102118257117,0,1,0
16.436436436436438,0.007839633008793897,-0.03836153588867767,0.9998323591349081,-0.002641711567294798,-0.007098409831274557,0.039007907401689725,0.13167743671410673,0.13262815492415803,0,1,0
16.456456456456458,0.0070425818518081995,-0.03985255784928484,0.9997750856660707,-0.00286367344187161,-0.006313194219617239,0.039260780582865966,0.1316897968032166,0.13266613670275856,0,1,0
16.476476476476478,0.00621878294542357,-0.041189945319231445,0.9997141453789615,-0.00304701435545453,-0.005497603763504028,0.04077952280566056,0.1317164786829794,0.1326971524859253,0,1,0
16.496496496496498,0.005371347350666039,-0.04237177973787654,0.9996504167746455,-0.0031864302158031922,-0.004683202472886576,0.04072006453087248,0.13173397355159008,0.1327342320596555,0,1,0
16.516516516516518,0.004503482059434871,-0.0433932645615584,0.9995847296013907,-0.003284358662741833,-0.0038468171627793527,0.041819265505361206,0.1317653569117365,0.13276532355780146,0,1,0
16.536536536536538,0.00361836194014252,-0.04425600596461753,0.9995180273325583,-0.003335113441618334,-0.002932032410127653,0.04573923763258496,0.13182882708320698,0.13278373085935488,0,1,0
16.556556556556558,0.0027193094987080545,-0.04495262207172326,0.9994515378319851,-0.0033244750286593383,-0.002041256665787777,0.04453878721699379,0.13185451974978654,0.13282309471967965,0,1,0
16.576576576576578,0.0018099105356648416,-0.04546994815216064,0.9993862369099492,-0.0032650461017979244,-0.0011449391435549088,0.04481587611164341,0.1318935187176015,0.1328522556658754,0,1,0
16.596596596596598,0.0008937210091878245,-0.04580947632385085,0.9993231420593605,-0.0031547425294351323,-0.0003591134099566922,0.039291286679910824,0.13187738376045163,0.1328997838036715,0,1,0
16.616616616616618,-2.5769264383686632e-05,-0.04597451367857556,0.9992627221359991,-0.0030209961680694717,0.00042718173510693913,0.039314757253181565,0.1319020161736519,0.13291596642564402,0,1,0
16.636636636636638,-0.0009454964516158353,-0.045986359361607436,0.9992055818944557,-0.0028570120771663206,0.001248330510411546,0.04105743876523032,0.13194603683754716,0.13292287390859664,0,1,0
16.656656656656658,-0.0018624022681666917,-0.04584529082754282,0.9991524729761682,-0.0026554459143776758,0.0021267894666852274,0.04392294781368409,0.13200989241512895,0.1329260304203252,0,1,0
16.676676676676678,-0.0027732912153281245,-0.04554444735807164,0.9991043820725112,-0.0024045451828516797,0.0030630106228294296,0.046811057807210094,0.13208459959932561,0.13292917285686812,0,1,0
16.696696696696698,-0.0036747200405460377,-0.045071441260895656,0.9990624524791516,-0.0020964796679795645,0.004003313253666734,0.047015131541865186,0.13214200158223852,0.13294057499152842,0,1,0
16.716716716716718,-0.004563053125889104,-0.044416654267153285,0.9990276888032269,-0.0017381837962367867,0.004978267670263234,0.04874772082982502,0.13221299690688948,0.13293748955632334,0,1,0
16.736736736736738,-0.005434605657729114,-0.04357762659200049,0.999001078052185,-0.0013305375520949775,0.005929514105968703,0.04756232178527344,0.13225947410222805,0.13293980793429258,0,1,0
16.756756756756758,-0.006285551170511132,-0.04254727563910088,0.9989833190853883,-0.000887948339832923,0.0068068330589692635,0.04386594765002788,0.13227676082849169,0.132941841079927,0,1,0
16.776776776776778,-0.007112210097908063,-0.041332946369846545,0.9989746703302755,-0.00043243775563766863,0.007678038532997232,0.04356027370139854,0.13231407587527996,0.13291627455897717,0,1,0
16.796796796796798,-0.00791117354110775,-0.03994817215998432,0.9989752762764943,3.0297310935846662e-05,0.008528058351702283,0.04250099093525242,0.13234562908438888,0.1328885407277799,0,1,0
16.816816816816818,-0.008679065772541057,-0.038394611571665356,0.9989851610040964,0.0004942363801056411,0.009355564106254953,0.041375287727633665,0.13237528067606724,0.13285424806932486,0,1,0
16.836836836836838,-0.009412623942947854,-0.03667790852033988,0.9990042209873351,0.0009529991619323045,0.010205198917425459,0.0424817405585251,0.13242329733514374,0.13280227636174563,0,1,0
16.856856856856858,-0.010108616108089235,-0.034799608257069035,0.9990323609651772,0.0014069988921083336,0.010976511427222387,0.03856562548984636,0.13243180003300187,0.13277017694276277,0,1,0
16.876876876876878,-0.010763735671183125,-0.03275597815469451,0.9990691912354607,0.001841513514170378,0.011629228159087396,0.032635836593250485,0.13241211109278905,0.13273634522677508,0,1,0
16.896896896896898,-0.011375077831910033,-0.0305671080363454,0.9991138797183232,0.0022344241431285733,0.0123098376553229,0.034030474811775374,0.13244185752250506,0.13265442292274543,0,1,0
16.916916916916918,-0.011940064206131714,-0.028249318711084034,0.9991656180950758,0.0025869188376284845,0.01281179712109322,0.025097973288515884,0.13239690580169233,0.13262991472979346,0,1,0
16.936936936936938,-0.012456148851600743,-0.02580423227345146,0.9992233396958549,0.002886080038957183,0.013296001822294914,0.02421023506008492,0.13239741848831565,0.1325489381485018,0,1,0
16.956956956956958,-0.012921410941759009,-0.023263104507913263,0.9992858229944671,0.0031241649306149723,0.013684502532727376,0.019425035521623005,0.13237555701230375,0.13249434402115803,0,1,0
16.976976976976978,-0.013334037113316525,-0.02063130857787576,0.9993519068226765,0.0033041914104701203,0.014007724173521427,0.01616108203970254,0.13236063279822075,0.13242799295094823,0,1,0
16.996996996996998,-0.013692571797527782,-0.017926734210562876,0.999420363838236,0.0034228507779744707,0.014240650397416047,0.011646311194730752,0.13233764495304326,0.13237073483899936,0,1,0
17.017017017017018,-0.013995889218193811,-0.01516587103330143,0.9994899859799752,0.0034811070869583834,0.014510986184410088,0.013516789349702206,0.13236019163619564,0.13227422291661137,0,1,0
17.037037037037038,-0.014243128754156013,-0.012361976798110078,0.9995596638771762,0.0034838948600534755,0.014707061736820343,0.009803777620512731,0.13235529808123989,0.1322188346461248,0,1,0
17.057057057057058,-0.014433305513879223,-0.00950883798616049,0.9996284894301763,0.0034412776500069805,0.014818993069271374,0.005596566622551569,0.1323419772917995,0.13216319376443106,0,1,0
17.077077077077078,-0.014565722422494097,-0.0066208454307436675,0.9996954307088526,0.0033470639338117297,0.014831708081309734,0.0006357506019181542,0.13232153817222456,0.13211343065516373,0,1,0
17.097097097097098,-0.014640055452104964,-0.0037166514805433287,0.9997594429862643,0.003200613870585549,0.01482240504304664,-0.00046515191315497266,0.13232542738346928,0.13203971059231717,0,1,0
17.117117117117118,-0.014656336842438663,-0.0008140695166849315,0.9998194935959364,0.0030025304836028546,0.014767086921770398,-0.0027659060638121065,0.1323283358793425,0.13197998279858025,0,1,0
17.137137137137138,-0.014614702505016057,0.0020817168711302707,0.9998747446742323,0.0027625539147969895,0.014693421118252538,-0.003683290175892809,0.1323414878376374,0.13191234019721185,0,1,0
17.157157157157158,-0.014515459659210573,0.0049621422902742076,0.9999243960811082,0.0024825703437937993,0.014598943875965038,-0.004723862114374894,0.1323577180891017,0.1318481747708582,0,1,0
17.177177177177178,-0.014358980013546916,0.007823982283182897,0.9999677464026574,0.002167516077461134,0.014470477383592391,-0.006423324618632351,0.13237197533041734,0.1317901085254441,0,1,0
17.197197197197198,-0.014145694574802367,0.01066427193722741,1.0000041570814149,0.0018205339378747911,0.014260634609710198,-0.010492138694109511,0.1323733352637906,0.13175188187777429,0,1,0
17.217217217217218,-0.013876153544929123,0.01347705149366223,1.0000330948263048,0.0014468872444896288,0.013924948347150752,-0.01678431312797233,0.13236126124980294,0.13173524000390646,0,1,0
17.237237237237238,-0.013551267772710214,0.016244288610945415,1.0000541520349722,0.0010528604333704557,0.013532545518548655,-0.019620141430104956,0.13236787019845603,0.13169899492664883,0,1,0
17.25725725725726,-0.013172457186588094,0.01894052930610603,1.0000669145488879,0.000638125695785693,0.013155228617446854,-0.018865845055090265,0.1323989886325036,0.13164214634378854,0,1,0
17.27727727727728,-0.012741323827153176,0.02155666797174593,1.0000710290066583,0.0002057228885188924,0.01275589843090699,-0.01996650932699316,0.13242581091935796,0.13160468606121176,0,1,0
17.2972972972973,-0.012259354007374716,0.024098490988923076,1.0000663645573986,-0.00023322246298974588,0.012215379561953078,-0.027025943447695634,0.132423606933877,0.13162114239313166,0,1,0
17.31731731731732,-0.011728217321784395,0.026556834279516005,1.0000531597499078,-0.0006602403745442887,0.011679651205687565,-0.02678641781327556,0.13245625430241215,0.13158448552738486,0,1,0
17.33733733733734,-0.01115002854353219,0.02890943891261018,1.0000313886104402,-0.0010885569733780401,0.011013209182367615,-0.03332210116599766,0.13246326418731774,0.13161527019608743,0,1,0
17.35735735735736,-0.010526967770968922,0.031153038628163432,1.000001643133239,-0.001487273860057533,0.010334372012902562,-0.03394185847325258,0.1324970168492532,0.1316039735911319,0,1,0
17.37737737737738,-0.009861691971451952,0.03326378997584849,0.9999642921811881,-0.0018675476025441385,0.009636854725296195,-0.03487586438031846,0.13253382819630047,0.13160300946284387,0,1,0
17.3973973973974,-0.009156914514512374,0.035238872846978915,0.9999199014828518,-0.0022195349168122117,0.008942550749618009,-0.034715198783909204,0.13257551879650237,0.13159571422905886,0,1,0
17.41741741741742,-0.008415375346308167,0.037076958410210366,0.9998690137208346,-0.002544388100860985,0.008177010177263288,-0.038277028617736124,0.13260130125317177,0.13162558664687915,0,1,0
17.43743743743744,-0.007639812070103325,0.03877816381024211,0.999812484077723,-0.002826482155578349,0.007336364229744715,-0.04203229737592848,0.13262665608823326,0.13166632183897475,0,1,0
17.45745745745746,-0.006833262721880397,0.040327467411146393,0.9997513220418591,-0.0030581017931965533,0.006471831197248684,-0.04322665162480152,0.13266456044016667,0.13169417775904435,0,1,0
17.47747747747748,-0.005999063462641675,0.0417099629619361,0.9996865312706646,-0.0032395385597261558,0.005623816353469589,-0.04240074218895483,0.13271048087262927,0.13170833042701474,0,1,0
17.4974974974975,-0.005140629604082472,0.04292169292796014,0.9996190281861782,-0.0033751542243213913,0.004788681859493639,-0.04175672469879746,0.13275265436983794,0.13172405068697282,0,1,0
17.51751751751752,-0.0042612652598032884,0.04396821721395919,0.9995496928769598,-0.0034667654609211976,0.003879691793402656,-0.04544950330454915,0.13277429594361118,0.13178178501808632,0,1,0
17.53753753753754,-0.0033642825507533237,0.04484913545249823,0.9994797198918345,-0.003498649256266659,0.0029785334618569236,-0.045057916577286576,0.13281222641767357,0.1318106461683802,0,1,0
17.55755755755756,-0.0024532018790561286,0.04555403358485975,0.9994101147519827,-0.0034802569925885406,0.0019743332361689867,-0.050210011284396866,0.13282592153024353,0.13189553703643667,0,1,0
17.57757757757758,-0.001531579907750567,0.04608109856527809,0.9993423498300169,-0.0033882460982908326,0.0009547187180386355,-0.05098072590651753,0.1328569437928455,0.13195185691486308,0,1,0
17.5975975975976,-0.000603375454578769,0.04641022265858989,0.9992777273226046,-0.0032311253706180983,-3.329496398781485e-05,-0.04940068410132253,0.13289283336816124,0.13198832423108284,0,1,0
17.61761761761762,0.00032739351476060745,0.04653844846696882,0.9992173224276729,-0.003020244746580349,-0.0009638721409498778,-0.046528858848103136,0.1329252340142679,0.1320074119900817,0,1,0
17.63763763763764,0.0012568749083940772,0.04647406968167348,0.999161896197085,-0.0027713115293972876,-0.0019003574153721103,-0.04682426372111163,0.13293607522359988,0.13204986720110923,0,1,0
17.65765765765766,0.002181419218263957,0.04622721549349397,0.9991122322138054,-0.0024831991639784876,-0.0028224345856796133,-0.046103858515375164,0.1329470085943,0.13208533668369904,0,1,0
17.67767767767768,0.0030973729023564063,0.04579768420462247,0.9990690078264255,-0.0021612193689944234,-0.0037486931599910508,-0.04631292871557191,0.1329492755562332,0.13213018161514706,0,1,0
17.6976976976977,0.004001119618952454,0.045187335829802416,0.9990329070312741,-0.001805039757571271,-0.0046423021587848326,-0.044680449939689025,0.1329547428646884,0.1321600558888733,0,1,0
17.71771771771772,0.00488904901696367,0.044396469900560814,0.9990044354741908,-0.0014235778541630624,-0.005519316642365347,-0.04385072417902572,0.13294974690717049,0.13219456314316702,0,1,0
17.73773773773774,0.005757674728803477,0.043431285591990325,0.9989840092319835,-0.0010213121103653515,-0.006370509053035577,-0.0425596205335115,0.13294091736932653,0.13222439241382372,0,1,0
17.75775775775776,0.00660363114903904,0.042297821011778196,0.9989719151658176,-0.0006047033082915562,-0.007288731731841633,-0.04591113394030281,0.1329056436478932,0.13229606166744734,0,1,0
17.77777777777778,0.007423548379229962,0.04099586150954609,0.9989686656129589,-0.00016247764293617458,-0.008106661114310812,-0.04089646912345895,0.13290656146619526,0.13230213658111728,0,1,0
17.7977977977978,0.008213871907721755,0.03951617642458966,0.9989743321498962,0.00028332684686083377,-0.008880385562969596,-0.03868622243293912,0.13288044479700112,0.13231859713534894,0,1,0
17.81781781781782,0.008971471113344094,0.03787996028111695,0.9989887395716605,0.0007203710882136461,-0.009684157428031028,-0.04018859325307167,0.1328300945131577,0.13236499769766993,0,1,0
17.83783783783784,0.009693323043232885,0.03609259649443951,0.9990117962970527,0.0011528362696127275,-0.010417582716251568,-0.03667126441102705,0.13280208820058248,0.13237461848344545,0,1,0
17.85785785785786,0.010376319315967407,0.03414981363672612,0.9990431935000246,0.0015698601485951164,-0.011081455821515334,-0.03319365526318836,0.1327636177977108,0.13237568432172137,0,1,0
17.87787787787788,0.011017626295973831,0.03206534900032118,0.999082341244957,0.0019573872466203163,-0.011660534155480658,-0.02895391669826597,0.13272194515450841,0.1323642660278159,0,1,0
17.8978978978979,0.011614708043228991,0.029854087362758033,0.9991284186690434,0.0023038712043258113,-0.012183332899797387,-0.02613993721583652,0.13266721890781874,0.1323588253181901,0,1,0
17.91791791791792,0.012165348648872766,0.027532030282188712,0.999180502970285,0.0026042150620797923,-0.012630012687576651,-0.022333989388963218,0.13261611073788274,0.13234496142606816,0,1,0
17.93793793793794,0.01266759309282073,0.025112222197398223,0.9992376023457652,0.0028549687740094193,-0.013060439623309904,-0.02152134678666252,0.13254589693545432,0.1323525189938423,0,1,0
17.95795795795796,0.013119760101941977,0.022608350456062357,0.9992987628617709,0.0030580258002820535,-0.013449972274063129,-0.019476632537661527,0.13248411694059148,0.13235593890762518,0,1,0
17.97797797797798,0.013520241392645408,0.02002406453517155,0.9993630950903158,0.003216611427248215,-0.01379946678583654,-0.017474725588670248,0.13241995617870966,0.13235972601446677,0,1,0
17.997997997998,0.013867566759524443,0.01736626834395172,0.9994296819648648,0.0033293437274488752,-0.014060140490425409,-0.01303368522944363,0.13236883376235553,0.13234524537426534,0,1,0
18.01801801801802,0.014160477447136909,0.014645534380623278,0.9994975313007135,0.0033924667924330252,-0.014307879510392092,-0.012386950998334208,0.132291174991756,0.1323538335546601,0,1,0
18.03803803803804,0.01439802254178711,0.011877254732510096,0.9995656048072513,0.003403675326890112,-0.014496747913403366,-0.009443420150563724,0.13223036920380707,0.13235151478440493,0,1,0
18.05805805805806,0.014579336373961775,0.00906569160873321,0.999632953588869,0.0033674390808883545,-0.01467000510334498,-0.00866285949708056,0.13215365807880372,0.13236257304294333,0,1,0
18.07807807807808,0.01470376864091262,0.006221613347542277,0.9996985951824282,0.003282079677957636,-0.014815104952919116,-0.007254992478706963,0.13208198271111343,0.1323731316792319,0,1,0
18.0980980980981,0.014770702590546069,0.003346697481672422,0.9997616158686377,0.003151034310469893,-0.014871379953619854,-0.002813750035036796,0.13203025244112818,0.13236406264245487,0,1,0
18.11811811811812,0.014779682119334173,0.0004489764394052273,0.9998211088696993,0.0029746500530811204,-0.014906042521968907,-0.001733128417452723,0.13195377539127856,0.13237279078948402,0,1,0
18.13813813813814,0.014730546310722912,-0.002456790430563078,0.9998760702481406,0.0027480689220675558,-0.01484704994791054,0.0029496287029184727,0.13190669524078943,0.1323634111500125,0,1,0
18.15815815815816,0.014623237657192908,-0.0053654326765001925,0.9999256652410811,0.002479749647024419,-0.014701138117781985,0.007295591506427608,0.13185877852384065,0.1323532851478457,0,1,0
18.17817817817818,0.014458058278636277,-0.008258968927831624,0.9999690417076277,0.0021688233273288167,-0.014460365688622173,0.012038621457990673,0.1318199541707421,0.13234226655643627,0,1,0
18.1981981981982,0.014235716746830301,-0.011117076590298763,1.0000054746643106,0.0018216478341394186,-0.014256330313592877,0.010201768751464835,0.13173676961705033,0.13237102618077248,0,1,0
18.21821821821822,0.013957205869043266,-0.013925543889351726,1.0000341771614198,0.0014351248554636273,-0.013984761576320098,0.013578436863638615,0.13170041924866566,0.13238004178159188,0,1,0
18.23823823823824,0.013623377658083744,-0.016691410547976116,1.0000547619341658,0.0010292386372934986,-0.013613176891658708,0.018579234233069807,0.1316797084493459,0.13237851033325462,0,1,0
18.25825825825826,0.013235371000491717,-0.0194003328796014,1.0000669210422335,0.000607955403383422,-0.01317709575872242,0.021804056646814386,0.13165243311902303,0.13238746257506867,0,1,0
18.27827827827828,0.012794714332316093,-0.02203283340878122,1.0000704099426836,0.00017444502250011664,-0.012698413576435202,0.023934109114360988,0.1316249090546558,0.13240619706347959,0,1,0
18.2982982982983,0.012303167801767746,-0.02457732652741736,1.000065128343355,-0.00026407996642588264,-0.012157333250402415,0.027054016301639373,0.13161307606773223,0.1324234992157455,0,1,0
18.31831831831832,0.011762679528100332,-0.027024413683370704,1.0000511886681103,-0.0006969837622365978,-0.011596741330232684,0.02802959600848654,0.13158995571881646,0.1324531784783443,0,1,0
18.33833833833834,0.011175430401682188,-0.02936245632090724,1.0000287215060844,-0.0011233581013012244,-0.011021734572891299,0.02875033786706929,0.13157023284059827,0.1324872123392011,0,1,0
18.35835835835836,0.010543601538941573,-0.03159144313703069,0.9999979719507264,-0.0015374777678962758,-0.010295399730256557,0.03631674213173693,0.13161654930216532,0.13249132771182406,0,1,0
18.37837837837838,0.00986951609741278,-0.03370427207643967,0.9999597194092843,-0.0019126270721028901,-0.0095370151894882,0.03791922703841788,0.13162286632674894,0.13252277592331435,0,1,0
18.3983983983984,0.009156045817420676,-0.03567351399960516,0.9999145598848982,-0.002257976219302724,-0.00872590298004218,0.04055561047230111,0.13164843926815348,0.13255414579848535,0,1,0
18.41841841841842,0.008406183453910771,-0.03749311817549521,0.9998633721488384,-0.0025593868029911188,-0.007856435005897142,0.04347339870725185,0.1316841978354857,0.1325845019258967,0,1,0
18.43843843843844,0.007623123675468679,-0.03915298892210459,0.9998071697008987,-0.00281012239698332,-0.006927758789257599,0.046433810831977146,0.13172924543160897,0.1326152198748645,0,1,0
18.45845845845846,0.006810325976544539,-0.040639884946207,0.9997471074199323,-0.0030031140483172602,-0.006020341106786359,0.045370884123561946,0.1317449426674353,0.1326626270586223,0,1,0
18.47847847847848,0.005971430950214603,-0.0419447513164968,0.9996841503288368,-0.003147854554773085,-0.0050790137654854765,0.04706636706504417,0.13178744529283387,0.13269638287969768,0,1,0
18.4984984984985,0.005110017492172216,-0.043070672902119356,0.999619453649989,-0.0032348339423866903,-0.00412747945193732,0.04757671567740786,0.13182332124134033,0.13273222113512734,0,1,0
18.51851851851852,0.004229826450978239,-0.04400955205969884,0.9995541017802229,-0.0032675934883073443,-0.0032396977616736323,0.04438908451318437,0.13182698085513875,0.1327805302910165,0,1,0
18.53853853853854,0.003334602823890736,-0.04476118135437515,0.9994888823837789,-0.003260969822197437,-0.0023846513011186224,0.042752323027750526,0.13183979841189922,0.13281689730889332,0,1,0
18.55855855855856,0.002427806693400473,-0.04533980652451313,0.9994245368652351,-0.003217275927188496,-0.0014839937404877003,0.04503287803154608,0.13188813356792553,0.13283286976003933,0,1,0
18.57857857857858,0.0015128401404031376,-0.04574832764986678,0.9993620266540472,-0.003125510559401171,-0.0006441290779777148,0.04199323312549929,0.13189362324868767,0.13286981749304683,0,1,0
18.5985985985986,0.0005932311388679587,-0.04598045007675894,0.9993019857694213,-0.003002044231294578,0.00018026816357275257,0.04121986207752336,0.13191623247943868,0.13289249126739977,0,1,0
18.61861861861862,-0.0003277752210903966,-0.04605031799791777,0.9992450865205768,-0.0028449624422288706,0.0010911212923540039,0.04554265643906257,0.131988567773853,0.13289109850865294,0,1,0
18.63863863863864,-0.0012468919355835557,-0.04595583572465795,0.999192378031734,-0.0026354244421364775,0.0019303299534448879,0.04196043305454417,0.1319993805278487,0.13292352298194912,0,1,0
18.65865865865866,-0.0021605822987850443,-0.045684518160074426,0.9991444950700591,-0.002394148083747549,0.00278591352301894,0.042779178478702606,0.13204435992511282,0.13292979943323074,0,1,0
18.67867867867868,-0.003065546357382525,-0.04524820292987404,0.9991021879551416,-0.002115355745872284,0.003608571392434108,0.041132893470758415,0.13206947457832277,0.13294258762225325,0,1,0
18.6986986986987,-0.0039584561532358346,-0.04464548979266547,0.9990660056083825,-0.0018091173379530397,0.00443590462311384,0.041366661533986604,0.13210984732560346,0.13294149568735786,0,1,0
18.71871871871872,-0.004836122606647926,-0.04388332267060457,0.9990365144978074,-0.001474555528758104,0.005297044667392814,0.04305700221394865,0.1321668448727566,0.13293049581868943,0,1,0
18.73873873873874,-0.005695318504386521,-0.04295979488692973,0.999014377386445,-0.0011068555681168959,0.00615912058089611,0.043103795675164785,0.13221489272561765,0.1329237502622558,0,1,0
18.75875875875876,-0.006532674766021206,-0.04186781308173426,0.9990001835351041,-0.0007096925670442647,0.00697843978209383,0.04096596005988603,0.13224270215052294,0.13291977017937012,0,1,0
18.77877877877878,-0.007344818541190298,-0.040607188758454586,0.9989942599277704,-0.00029618036668810284,0.007722922500018288,0.037224135896223,0.13224932138199055,0.1329131866334526,0,1,0
18.7987987987988,-0.008128569480523672,-0.039187546966668645,0.9989965790520166,0.00011595621231165883,0.008413491462588029,0.034528448128486905,0.13225621636174664,0.1328920406766161,0,1,0
18.81881881881882,-0.008881086991349065,-0.037625875541269706,0.9990069014317903,0.0005161189886851458,0.009139015861643878,0.036276219952792496,0.13229949364224158,0.13284450069979611,0,1,0
18.83883883883884,-0.009599702176328898,-0.03593075924899163,0.9990251353917325,0.0009116979971135672,0.00985805420493694,0.035951917164652986,0.13233396442266454,0.13280716140461307,0,1,0
18.85885885885886,-0.010281614969198345,-0.03409563964347233,0.9990512068831344,0.0013035745700958085,0.01055212517975742,0.03470354874102407,0.13236075418438248,0.13276859785713896,0,1,0
18.87887887887888,-0.010924087467233251,-0.03212362490174533,0.9990849082034214,0.0016850660143499939,0.011271524904012448,0.03596998621275133,0.13240656174288873,0.1327099172605085,0,1,0
18.8988988988989,-0.01152441367144687,-0.03001631021068095,0.9991260145714081,0.0020553183993343403,0.011902602600315492,0.03155388481515217,0.13240858819650542,0.13267620518646836,0,1,0
18.91891891891892,-0.012079849265128187,-0.02777177968406584,0.999174019722843,0.0024002575717446415,0.01249385534371046,0.029562637169748253,0.13241834832076932,0.13261743686014377,0,1,0
18.93893893893894,-0.012587970608668498,-0.025406067177015546,0.9992281633453268,0.002707181124191729,0.01300577033054355,0.025595749341654754,0.13241047652054033,0.1325647466710624,0,1,0
18.95895895895896,-0.013046524196737871,-0.022927679403468654,0.9992875150294608,0.0029675842066972232,0.013434900097321022,0.021456488338873696,0.13239508659031937,0.1325070903477382,0,1,0
18.97897897897898,-0.013453579303552324,-0.020352755340722613,0.9993509629218497,0.003172394619444874,0.013791872236103977,0.017848606939147832,0.1323799990655383,0.13244335779768265,0,1,0
18.998998998999,-0.013807536597831578,-0.017697864713962695,0.9994173139344217,0.003317550628599409,0.01408787637237252,0.014800206813427105,0.13236834741061668,0.13237584153390347,0,1,0
19.01901901901902,-0.014107102014553249,-0.014978270836083557,0.9994853740228165,0.0034030044197378108,0.014367031415047554,0.01395775213375184,0.1323740804370891,0.13229541379045132,0,1,0
19.03903903903904,-0.014351181800532482,-0.01220398929896161,0.9995540192774105,0.0034322627297027277,0.014573109176220915,0.010303888058667934,0.13236483900528098,0.13223491248698135,0,1,0
19.05905905905906,-0.014538741467511005,-0.009377983348926122,0.9996222006786276,0.003409070060856925,0.01466427062612607,0.004558072495257708,0.13233816172226967,0.1321868725300957,0,1,0
19.07907907907908,-0.014669105741039575,-0.006518213676428557,0.9996888002560793,0.0033299788725821683,0.014758737103751642,0.00472332388127866,0.13234804256846566,0.13209983535968464,0,1,0
19.0990990990991,-0.014742004392636444,-0.0036449325798434697,0.9997526712733935,0.003193550865710224,0.014824736957931354,0.0032999927089856123,0.1323569084710836,0.1320294490855837,0,1,0
19.11911911911912,-0.014757151539277914,-0.000757357332073493,0.999812899297665,0.0030114012135762235,0.014845694356665917,0.0010478699367282018,0.13236187978661437,0.131965112307686,0,1,0
19.13913913913914,-0.014714356388321513,0.0021397575478199647,0.9998686041259218,0.002785241412838583,0.014782034430741026,-0.0031829962962445823,0.1323547848362642,0.13191595696464242,0,1,0
19.15915915915916,-0.01461362702858235,0.005036467986958108,0.9999189549065093,0.0025175390293714892,0.014660479133943572,-0.006077764839872625,0.13235439035130522,0.13185907932642407,0,1,0
19.17917917917918,-0.014455306674186633,0.007916017719785912,0.9999631111611988,0.0022078127344806095,0.0145029785357701,-0.007875029908673545,0.13236330385062725,0.1317986364258508,0,1,0
19.1991991991992,-0.01423994310708642,0.010768178355010724,1.000000321469742,0.0018605154271591285,0.014281441592586585,-0.011076847159175611,0.13236752279791922,0.1317533704562593,0,1,0
19.21921921921922,-0.013968215603083605,0.013586375200140737,1.0000299923013904,0.001483541582424558,0.013971130817701053,-0.015515538744276577,0.1323657876238895,0.13172238627657437,0,1,0
19.23923923923924,-0.013641059139596637,0.016357823174348356,1.0000516574823692,0.0010832590489416192,0.013577879253712155,-0.01966257819944504,0.13236690530774434,0.131696156479134,0,1,0
19.25925925925926,-0.013259774211511607,0.01906424640425147,1.0000649686121328,0.0006655564881742173,0.013148722033674386,-0.021457861001888453,0.1323835145133256,0.13165929588628106,0,1,0
19.27927927927928,-0.012825950076060685,0.021691206772546087,1.0000696536523006,0.00023425200839299345,0.01264493332850463,-0.025189435258487505,0.13239485716176355,0.13164629540704711,0,1,0
19.2992992992993,-0.012341347330597743,0.0242301372731471,1.0000657175002674,-0.0001968076016597361,0.012120257981730734,-0.026233767338695105,0.13242116381925823,0.13161779278599015,0,1,0
19.31931931931932,-0.011807998271363444,0.026667452961714952,1.0000531600952247,-0.0006278702521355102,0.01156727735910748,-0.027649031131162537,0.13244968152442202,0.13159886673942087,0,1,0
19.33933933933934,-0.011228047345728905,0.028997546281726946,1.000032156027029,-0.0010502034097842605,0.011050225732569863,-0.025852581326880765,0.13249490253097024,0.13155590972262557,0,1,0
19.35935935935936,-0.010603657024515939,0.031219516060648315,1.0000027714303958,-0.0014692298316672785,0.010422299077409372,-0.0313963327580246,0.13250836845706854,0.13157958892698285,0,1,0
19.37937937937938,-0.009936912754208639,0.03333721351536498,0.9999655863945125,-0.0018592517941700003,0.009752146620224451,-0.03350762285924606,0.13253646225194773,0.13158136292021846,0,1,0
19.3993993993994,-0.009230283952457162,0.03533144008757385,0.9999210762553619,-0.002225506957529117,0.008982815341271124,-0.03846656394766633,0.13255593621005843,0.1316188609436038,0,1,0
19.41941941941942,-0.008486451310666793,0.03719163208951843,0.9998701175799414,-0.0025479337710241643,0.008191906227319764,-0.039545455697567775,0.13259354036931603,0.13163211268270364,0,1,0
19.43943943943944,-0.007708455766191403,0.03889977722376953,0.9998134973810016,-0.002831009946992275,0.007369504665267724,-0.04112007810260194,0.1326306836886347,0.13165656574894782,0,1,0
19.45945945945946,-0.006899388920777428,0.04045334227069879,0.999752159529063,-0.003066892596925419,0.006454909026973028,-0.04572978191473474,0.13265452790508916,0.1317152876308557,0,1,0
19.47947947947948,-0.006062542716042147,0.041842310236764005,0.9996873562442191,-0.0032401642421987444,0.005580579943088139,-0.0437164541942445,0.13270579572421595,0.13172245116499384,0,1,0
19.4994994994995,-0.0052015329617309414,0.04305048771556028,0.9996199808754066,-0.0033687684406266075,0.004740695625740535,-0.04199421586738017,0.13275331697700127,0.13173096834145093,0,1,0
19.51951951951952,-0.004319774824299664,0.044087906871563866,0.9995508864296591,-0.0034547222873744154,0.003853337904069967,-0.04436788608352846,0.13277950799544372,0.13177575707168485,0,1,0
19.53953953953954,-0.00342058492276124,0.0449594950769212,0.9994811429222822,-0.00348717536884464,0.0029578385172311754,-0.04477496934193948,0.13281248485384783,0.13180893370735547,0,1,0
19.55955955955956,-0.0025074627926951927,0.04565610650330237,0.999411745932951,-0.0034698494665589886,0.002074165009499115,-0.04418367538660303,0.1328476213575388,0.13183626196421602,0,1,0
19.57957957957958,-0.0015839082284001,0.04617772821475463,0.9993436325660259,-0.0034056683462555266,0.0011569837896663801,-0.045859060991636766,0.13287001373149077,0.1318860732930268,0,1,0
19.5995995995996,-0.000653382275017049,0.04652629766915255,0.999277880176041,-0.0032876194992435674,0.00020713665502480026,-0.04749235673207896,0.13289064647653345,0.13194174875474152,0,1,0
19.61961961961962,0.0002804819462452466,0.04669321106311478,0.999215623107774,-0.0031128534133483664,-0.0006878617974799833,-0.04474992262523918,0.13292596908983145,0.13196078510969148,0,1,0
19.63963963963964,0.0012139800309997374,0.04667490423772454,0.9991576663020858,-0.0028978402844111943,-0.0015893338263552605,-0.04507360144376387,0.13294113529164286,0.1320031264096733,0,1,0
19.65965965965966,0.0021436084367651206,0.046481420288269154,0.9991048572748753,-0.0026404513605225092,-0.002492744929181692,-0.04517055514132152,0.13295291129051698,0.13204556506949378,0,1,0
19.67967967967968,0.003065830071462246,0.04611108173485627,0.9990579908568644,-0.00234332090054276,-0.0033719737235797104,-0.043961439719900984,0.13296576807656493,0.13207763823119809,0,1,0
19.6996996996997,0.003977140532336683,0.045565523043721835,0.999017720445998,-0.0020135205433179384,-0.004283894533764155,-0.04559604050922216,0.1329608332825369,0.1321352500819296,0,1,0
19.71971971971972,0.004874095402519001,0.044847743509115905,0.9989848107766571,-0.0016454834670439707,-0.0051804177009782135,-0.04482615836070296,0.1329629726245428,0.13217633867679862,0,1,0
19.73973973973974,0.00575313908089032,0.04395218391856592,0.9989598823709491,-0.0012464202854014345,-0.006061272344808488,-0.04404273219151375,0.1329579856205936,0.13221572028164005,0,1,0
19.75975975975976,0.006610797670073006,0.042882929459134286,0.9989434214176282,-0.0008230476660467195,-0.006957702593869657,-0.04482151245305844,0.13293899801740672,0.13226816546460807,0,1,0
19.77977977977978,0.007443616742020854,0.04164095359739242,0.99893589703894,-0.00037621893440654253,-0.007793982101787278,-0.04181397539588107,0.1329312770740564,0.13228849847379445,0,1,0
19.7997997997998,0.00824810836877461,0.04022458133768784,0.9989374656856637,7.843233618118394e-05,-0.008574333143093249,-0.039017552065298576,0.13291170847386538,0.13230213727786172,0,1,0
19.81981981981982,0.0090210382223289,0.03864649267771452,0.9989480077000513,0.0005271007193810285,-0.009322854415226099,-0.03742606360664248,0.13287832111720715,0.1323208669339541,0,1,0
19.83983983983984,0.009759387985492522,0.03691748815818113,0.9989672733918499,0.0009632845899299143,-0.0100336155896247,-0.03553805871993006,0.13284126885596856,0.13233614419179013,0,1,0
19.85985985985986,0.010460276918172045,0.03504444663397615,0.9989949066441657,0.0013816626157919982,-0.01071724324706257,-0.03418138287189344,0.13279627315180598,0.13235446196351042,0,1,0
19.87987987987988,0.011120943912878335,0.033033349735314535,0.9990304783243238,0.0017785840079040441,-0.011313354173006922,-0.029805546297217614,0.13276185734485024,0.1323465799197528,0,1,0
19.8998998998999,0.011738826486757668,0.030894128693966665,0.9990733274549976,0.0021424565336873023,-0.011958185826055888,-0.032241582652448385,0.13268460123880718,0.13238839777753558,0,1,0
19.91991991991992,0.012311678857289498,0.028642618526591508,0.999122897327579,0.002478493629071534,-0.012658500082454078,-0.035015712819909305,0.13260737873810655,0.13244538571693612,0,1,0
19.93993993993994,0.012836991732946404,0.02626564378284532,0.9991788532729946,0.0027977972707842903,-0.013270366542178951,-0.030593322986243936,0.1325652283319898,0.1324505212431039,0,1,0
19.95995995995996,0.01331211406192213,0.02375611644878632,0.9992406079691772,0.00308773480913083,-0.013855493460990749,-0.029256345940589824,0.13249165100379218,0.13246620800386896,0,1,0
19.97997997997998,0.013734644540494539,0.021126523928620425,0.9993072680701256,0.003333005047416638,-0.014240832502799637,-0.01926695209044444,0.13246346590087865,0.13241352410281929,0,1,0
20.0,0.01410238293285887,0.018386919618216608,0.9993776005997594,0.0035166264816931126,-0.01451513819350763,-0.013715284535399625,0.13239805866257803,0.13237411028461316,0,1,0
