time,x,x_dot,z,z_dot,theta,theta_dot,u1,u2,x_ref,z_ref,theta_ref
0.0,0.27395604855596334,-0.0012224312049589538,1.3020370878759355,0.003947360581187278,-0.24349359126741027,0.009512447032735119,0.056323375067221494,0.0563233821412111,0,1,0
0.02002002002002002,0.273529280942826,-0.021338380656865476,1.2998155844102406,-0.11107517328474525,-0.2433284363983661,0.008257743452204558,0.05632338717428713,0.05968294971821041,0,1,0
0.04004004004004004,0.27268863584235964,-0.04203225502331928,1.2953439752648523,-0.22358045726941717,-0.24070312362152213,0.13126563884219997,0.056323375450796555,0.05917428510643245,0,1,0
0.06006006006006006,0.271436675078006,-0.0625980382176829,1.2886174277969555,-0.33632737339484553,-0.2360890079445009,0.23070578385106316,0.056323374972008594,0.0585617971060049,0,1,0
0.08008008008008008,0.2697805460682034,-0.08280645049013095,1.2796310373518314,-0.44931952225621297,-0.23023630901139194,0.292634946655446,0.056323445888940275,0.05860869608464108,0,1,0
0.10010010010010009,0.26772836927647287,-0.10260883958652688,1.268390586505776,-0.5620225423027614,-0.22326832586093565,0.34839915752281525,0.0563236050803756,0.058595160577728046,0,1,0
0.12012012012012012,0.26529059507937924,-0.1218887098546813,1.254901840965702,-0.6744372770036988,-0.21533802492890156,0.396515046601704,0.07556687303444518,0.07791224196422156,0,1,0
0.14014014014014015,0.2623530947152036,-0.14687501820878043,1.239728609709358,-0.7586615628171971,-0.20660385775745138,0.4367083585725105,0.11094270080369309,0.11356688996292512,0,1,0
0.16016016016016016,0.2587095295592322,-0.18217825779857028,1.2239061469879,-0.7911231360729037,-0.1969177503516062,0.4843053702922574,0.13135133452372363,0.1341994805880405,0,1,0
0.18018018018018017,0.25426477962692673,-0.22223749661527462,1.2080370391858648,-0.7934553901017584,-0.18628966918429557,0.5314040583655332,0.1417299995731021,0.14473750493201276,0,1,0
0.20020020020020018,0.2489968134042546,-0.2633983111336058,1.192433032815225,-0.7802003185319842,-0.17471103615924502,0.578931651252523,0.14624192322748808,0.14930995170485475,0,1,0
0.22022022022022023,0.24292627624363422,-0.3035268580310196,1.1772345786824165,-0.7599227066404256,-0.162331462592389,0.6189786783428033,0.1474883059954195,0.150608064920877,0,1,0
0.24024024024024024,0.23609768135938225,-0.3414297442125984,1.1624872460274926,-0.737366632746199,-0.14919536408672054,0.6568049252834247,0.14738985148648676,0.15048132450222745,0,1,0
0.2602602602602603,0.22856658214002273,-0.3765549609679764,1.1481961884512526,-0.7145528788120038,-0.13540911582219797,0.6893124132261282,0.14691251104988942,0.1499363139990684,0,1,0
0.2802802802802803,0.22039357420749622,-0.408650396626326,1.1343547036876334,-0.6920742381809669,-0.12120264025851135,0.7103237781843319,0.14650014678603307,0.14950814689328168,0,1,0
0.3003003003003003,0.2116412867306583,-0.4376143738418959,1.1209583575837132,-0.6698173051960112,-0.10663243676763735,0.7285101745436995,0.14650683725155653,0.14943956751639403,0,1,0
0.3203203203203203,0.20237248246434314,-0.4634402133157572,1.1080135303563883,-0.6472413613662411,-0.09185268220450434,0.7389877281566515,0.14696655187790653,0.149835966576585,0,1,0
0.34034034034034033,0.19265002768669093,-0.48612273888261026,1.0955394024012342,-0.6237063977577022,-0.07696585837342691,0.7443411915538698,0.14784036195610809,0.15062418317735818,0,1,0
0.36036036036036034,0.18253699423245695,-0.5056516727116993,1.0835662024644837,-0.5986599968375214,-0.06212655280579086,0.7419652783818032,0.14898592642194783,0.15170859565668,0,1,0
0.38038038038038036,0.17209693309946617,-0.5220030566495397,1.0721316329659742,-0.5717284749254756,-0.04735765045882243,0.7384451173484219,0.15044452808828127,0.15303684730488548,0,1,0
0.40040040040040037,0.16139367264184976,-0.53516302288082,1.0612806395924148,-0.5425496686779759,-0.032862222635127024,0.7247713911847702,0.1517511430464759,0.15427624690381628,0,1,0
0.42042042042042044,0.1504920189809545,-0.545082683044763,1.0510535984826876,-0.5113520554863563,-0.018712132294202627,0.7075045170462201,0.15330170863821646,0.1557432202246255,0,1,0
0.44044044044044045,0.139456310040673,-0.5517854470140752,1.041496825323108,-0.47783865797898495,-0.004930843946017659,0.6890644174092482,0.1547430919771863,0.1570516623826976,0,1,0
0.46046046046046046,0.12835062881211007,-0.5552840614281458,1.0326516510782544,-0.4422587122426782,0.008299102239475413,0.6614973092746536,0.15599921028273178,0.15823614349429166,0,1,0
0.4804804804804805,0.11723839073547858,-0.5556119038315743,1.0245538581814682,-0.4048896448393143,0.020898496643838478,0.6299697202181535,0.15688758851069573,0.15906037247318644,0,1,0
0.5005005005005005,0.10618119204988902,-0.5528599342794782,1.0172275465711076,-0.3663155805180236,0.032862816806959794,0.5982160081560656,0.1574058083979911,0.1594787462251951,0,1,0
0.5205205205205206,0.09523802486868696,-0.5471583590601026,1.0106845439466847,-0.32715013122114844,0.04408346081224925,0.5610322002644734,0.15771166058638156,0.15971925080334612,0,1,0
0.5405405405405406,0.08446488497406249,-0.5386569947312239,1.0049302537016693,-0.2877145122507643,0.0546034131521368,0.5259976169943769,0.15773628297308917,0.15962023619277185,0,1,0
0.5605605605605606,0.07391398169953231,-0.5275451637265086,0.9999603885082604,-0.24849325967044394,0.06436896290353335,0.48827748756982753,0.15732675928079512,0.15909248277362245,0,1,0
0.5805805805805806,0.06363343917549184,-0.5140271262020236,0.9957575236672093,-0.21014324205255785,0.07329628400614147,0.44636605513040634,0.15671755970314538,0.15840207354998478,0,1,0
0.6006006006006006,0.053667166786891575,-0.4983136194300135,0.9922986591076873,-0.17294322797609704,0.08128829020844541,0.39960031011519725,0.15609554266074763,0.15775847544221483,0,1,0
0.6206206206206206,0.044054725503882716,-0.48062206415044306,0.9895612260807666,-0.1368716513460383,0.08839573544957553,0.35537226205650496,0.15471585788823466,0.15631509266828544,0,1,0
0.6406406406406406,0.03482908125102338,-0.46128221264296687,0.9874997278041178,-0.10307491383243833,0.09465456207830472,0.3129413314364596,0.15315455754088225,0.15467036489426106,0,1,0
0.6606606606606606,0.02601797474421039,-0.44055532534064945,0.9860632221326302,-0.07182528357437683,0.10006956000609447,0.2707498963894881,0.1517386159071073,0.15317282487760692,0,1,0
0.6806806806806807,0.017645055461482102,-0.4186459641364144,0.9852053643478936,-0.04289288923683121,0.10461841073457033,0.22744253642379136,0.1498112351235605,0.15118586308876986,0,1,0
0.7007007007007007,0.009728140811008945,-0.39584573252365785,0.9848653894493423,-0.016998744927567602,0.10836252699569093,0.18720581305602907,0.14769211752717165,0.1489805991883369,0,1,0
0.7207207207207207,0.0022800086656913987,-0.3724066072658773,0.9849769150887777,0.005576281971771908,0.11130261225772548,0.14700426310172748,0.14557725450076467,0.14679978405528554,0,1,0
0.7407407407407407,-0.0046905231868954326,-0.34852659262934155,0.9854744235835734,0.024875424739784446,0.11338099540765108,0.1039191574962821,0.14343881640126238,0.14465901901484812,0,1,0
0.7607607607607607,-0.011178567652529892,-0.32440222328172297,0.986293101074041,0.040933874523380175,0.11474172188268987,0.0680363237519381,0.14132423665637345,0.14247452010833495,0,1,0
0.7807807807807807,-0.01718318912710812,-0.30023107372891145,0.9873683399633286,0.05376194446438357,0.11539688763078576,0.0327582874047935,0.13934535275875756,0.14044512729514785,0,1,0
0.8008008008008007,-0.022706210061050423,-0.2761510466971151,0.9886402442433567,0.06359521400140403,0.1154743945532898,0.0038753461252019894,0.1375109184900399,0.13850146739783573,0,1,0
0.8208208208208209,-0.027752033218223608,-0.2522911578586593,0.990052719290945,0.07062375237941407,0.11499509926416282,-0.023964764456348764,0.13477960162275043,0.13599034981843824,0,1,0
0.8408408408408409,-0.03232992139478188,-0.2288944088279134,0.99152845998703,0.07378703480424859,0.11423460742756714,-0.038024591829783766,0.1328368616296306,0.13376822412327344,0,1,0
0.8608608608608609,-0.03644948491659603,-0.20597817609070776,0.9930063547075343,0.07389473602521439,0.11310071236537009,-0.05669475310985276,0.1326996441323188,0.13343901795429491,0,1,0
0.8808808808808809,-0.04011510717885861,-0.183281113113129,0.9944799054999626,0.07367753962141499,0.11160224682750267,-0.07492327689337176,0.1319864477715348,0.13253332397725842,0,1,0
0.9009009009009009,-0.04333448893901602,-0.16096908800787063,0.995925818459164,0.07229564796006781,0.10967434193639941,-0.09639524455516102,0.1312221182263402,0.13163963170466741,0,1,0
0.9209209209209209,-0.046116764254006536,-0.13911376574952555,0.997320392330588,0.06972869357120542,0.10736909140641492,-0.11526252649922494,0.1305292183619498,0.1308100066233961,0,1,0
0.9409409409409409,-0.048472410779984675,-0.11778232629890684,0.9986421072374427,0.06608574534273721,0.10474800579546203,-0.13105428054764467,0.12984980505451793,0.12997286865775998,0,1,0
0.960960960960961,-0.0504131866952247,-0.09703879576200157,0.9998696809045743,0.061378683356577535,0.10177047408317852,-0.14887658561417505,0.12931071935070376,0.12932163202016905,0,1,0
0.980980980980981,-0.05195147991902216,-0.07691466118987288,1.0009867489731785,0.055853403430209614,0.09854622646559476,-0.1612123808791886,0.12878482978583317,0.128641630251352,0,1,0
1.001001001001001,-0.05310090532096714,-0.05747127009724884,1.0019768310010029,0.04950410139121525,0.09508452926975942,-0.17308485979176505,0.12839515566565854,0.1281114581780588,0,1,0
1.021021021021021,-0.05387545573123861,-0.03872752051357349,1.0028277217365764,0.04254453677868014,0.09138710827987367,-0.18487104949428845,0.1273519478637341,0.12661471371546296,0,1,0
1.0410410410410411,-0.05429221820867255,-0.020838123871696933,1.0035033660995467,0.03378221814851298,0.08726030034958161,-0.20634039651460387,0.12775419741466257,0.12704632964812898,0,1,0
1.0610610610610611,-0.05436428049072603,-0.003603114102673992,1.0040175191723604,0.025707653640687667,0.08283554568499914,-0.22123773322912238,0.1277137284766016,0.12699320866478642,0,1,0
1.0810810810810811,-0.05410764506190682,0.012831771440960236,1.0043703293139685,0.01764050708041165,0.07825481419167599,-0.22903657466615784,0.1278203606324978,0.1270227255653647,0,1,0
1.1011011011011012,-0.05353908986704598,0.028427759743042104,1.0045653585189072,0.009751460246930209,0.07353370703644344,-0.2360553577616277,0.12806227002324766,0.1271996754568035,0,1,0
1.1211211211211212,-0.05267573996654367,0.04316749502511554,1.0046103122806045,0.0022476880848643147,0.0688397915200784,-0.23469577581825243,0.12839031328520215,0.127372984382061,0,1,0
1.1411411411411412,-0.051535204253245946,0.05702678566488618,1.00451407484721,-0.0048118716697285,0.06424368947380217,-0.22980510231381165,0.12886425324816975,0.1276568928135999,0,1,0
1.1611611611611612,-0.050134713169444206,0.07002455419008707,1.004289230955921,-0.011242194564439935,0.05962809425243716,-0.23077976106825004,0.12934059032572,0.12803222880810625,0,1,0
1.1811811811811812,-0.048491233126974884,0.08217400212346612,1.0039496445942913,-0.016979318081487692,0.05513141964161464,-0.22483373054112576,0.12978341678275723,0.1282961135386408,0,1,0
1.2012012012012012,-0.04662194862284638,0.09346422520642524,1.0035069580917986,-0.02213432512463235,0.0506447982203818,-0.2243310710616422,0.13028775303860052,0.1287080996378851,0,1,0
1.2212212212212212,-0.044543536541237626,0.10392060408043781,1.0029758056336695,-0.02655762290645229,0.046184170078366234,-0.2230314071007777,0.12984358312452635,0.12773286173125356,0,1,0
1.2412412412412412,-0.042274541443285484,0.11344975489760717,1.0023361782986782,-0.03198136674957115,0.04149237636667283,-0.23458968558467083,0.12992928795709147,0.12792331822454225,0,1,0
1.2612612612612613,-0.0398320043093371,0.12212685669741906,1.0015930882864006,-0.03715450061387304,0.03673031369857073,-0.23810313340510553,0.13108418178715905,0.12910685785585577,0,1,0
1.2812812812812813,-0.037232652029535095,0.1299676139901003,1.0007820330337187,-0.04055276263409836,0.03208211894025724,-0.2324097379156747,0.1319065487482753,0.12985881887493153,0,1,0
1.3013013013013013,-0.034494188910087875,0.13692315597236107,0.9999271047645232,-0.042746413459777845,0.027604759148216213,-0.22386798960205098,0.13271274055144291,0.13057105091094087,0,1,0
1.3213213213213213,-0.031634102624983916,0.14300431425519794,0.9990514520102642,-0.04378263771294449,0.023321188574796595,-0.21417852867098092,0.13323406074052735,0.13099107702084095,0,1,0
1.3413413413413413,-0.028669630163259283,0.14822362308623172,0.9981695596773221,-0.044094616647107183,0.019226534693483344,-0.20473269406566255,0.13381027891513014,0.1314811038813007,0,1,0
1.3613613613613613,-0.025617309489564113,0.15261603368475854,0.9972976559318677,-0.04359518727271964,0.015318984108089465,-0.19537752926969418,0.1342065992107845,0.1317963281805939,0,1,0
1.3813813813813813,-0.02249312955188732,0.15620899688383955,0.9964466161781125,-0.04255198768775981,0.011553159225005785,-0.18829124415418397,0.1346434297667654,0.1321896484522326,0,1,0
1.4014014014014013,-0.01931241042513675,0.1590359563375285,0.9956289862953506,-0.04088149413809712,0.007964205509900225,-0.17944768575527786,0.1350551283342941,0.13254185947068214,0,1,0
1.4214214214214214,-0.016089994812908973,0.16112078061138893,0.9948562531716814,-0.0386366561834627,0.004559738047113706,-0.170223373139326,0.13506447759642468,0.13226053719710065,0,1,0
1.4414414414414414,-0.01284020950174309,0.1624892655582941,0.9941244856507997,-0.03658837604408573,0.0011526703877136016,-0.1703533829700052,0.13455305766948236,0.1318222746260844,0,1,0
1.4614614614614614,-0.009576654760288135,0.16317773707274771,0.9934196612442112,-0.03524122032942489,-0.002150935704070274,-0.16518030458919378,0.1352879477360714,0.13258217091992827,0,1,0
1.4814814814814814,-0.006312763949454552,0.16319454054167915,0.9927639383937399,-0.03278614252356736,-0.005333218815030206,-0.1591141555479966,0.1356840740929923,0.1329923852599644,0,1,0
1.5015015015015014,-0.0030616760909904467,0.16255439292320528,0.9921692102231328,-0.02973640853035403,-0.008376689119211907,-0.15217351520908506,0.13594024013102757,0.13327779364355555,0,1,0
1.5215215215215214,0.00016387401013692564,0.16127750505636862,0.99164339505263,-0.026290758525135897,-0.011182066708910109,-0.14026887948491018,0.13592371566324385,0.13323590165643615,0,1,0
1.5415415415415414,0.003351820982156707,0.15939734860098906,0.9911854792574859,-0.022895789757203817,-0.013842182851078418,-0.1330058071084154,0.13585670601703345,0.13320954732997523,0,1,0
1.5615615615615615,0.006491032175387483,0.1569605596615388,0.9907939062931954,-0.019578648214526553,-0.01631975348624804,-0.12387853175848118,0.13603288526479052,0.13340497893233016,0,1,0
1.5815815815815815,0.00957091586574177,0.15399418451771432,0.9904739857915903,-0.015996025080258675,-0.01866710352673407,-0.1173675020243015,0.1361307009551982,0.1335705944180667,0,1,0
1.6016016016016015,0.012581593068533268,0.15053386013957493,0.990229403529826,-0.012229113088214423,-0.020849929897983375,-0.109141318562465,0.13611595023997325,0.13361140884781375,0,1,0
1.6216216216216217,0.015513773812469326,0.1466090371968029,0.9900603111630516,-0.008454618338720011,-0.02286600431822094,-0.10080372101187848,0.13656523647144264,0.13417449149994232,0,1,0
1.6416416416416417,0.01835850628606486,0.1422366236797766,0.9899814610787994,-0.00394250421261432,-0.024624018016011783,-0.08790068488954228,0.13674410654369365,0.13434212679990307,0,1,0
1.6616616616616617,0.02110774596227603,0.13746198381055852,0.9899977255266491,0.0008132223924853573,-0.02626070413827388,-0.0818343061131051,0.13622143129786426,0.1339075074756809,0,1,0
1.6816816816816818,0.02375489088419566,0.13235724609598137,0.9900946721760254,0.0048473324688158214,-0.027723513133241274,-0.0731404497483695,0.13586673842041874,0.13360980927999586,0,1,0
1.7017017017017018,0.026293813901245723,0.12694615085250316,0.9902623996509581,0.008386373746634116,-0.029087656781001184,-0.06820718238799509,0.1355313560295178,0.13339180724248265,0,1,0
1.7217217217217218,0.028719028724636414,0.12126074116953461,0.9904924917786235,0.011504606383271972,-0.030288726815057544,-0.060053501702817945,0.13532581336925883,0.133260736737143,0,1,0
1.7417417417417418,0.03102543461828991,0.11532029468267474,0.9907797542067313,0.014363121405389076,-0.03140782732891778,-0.05595502569301215,0.13508930233357827,0.13315330741285572,0,1,0
1.7617617617617618,0.0332085881969425,0.10915767893262962,0.9911189019751678,0.016957388421830314,-0.032460463208053014,-0.05263179395676147,0.13481777661827368,0.13303043783564394,0,1,0
1.7817817817817818,0.03526437345926312,0.102789263116031,0.9915039131301592,0.019250557749565633,-0.03337609711163858,-0.0457816951792786,0.1346231458891474,0.13294165148698261,0,1,0
1.8018018018018018,0.03718895592469604,0.0962291232716456,0.9919304188167695,0.0213252843305162,-0.034224965835733374,-0.04244343620473988,0.1343914164922499,0.13286450778803424,0,1,0
1.8218218218218218,0.03897898475973591,0.08950144175199334,0.9923936916147796,0.02316363990051041,-0.034880573238122214,-0.03278037011944128,0.13394984644822439,0.13245364222034103,0,1,0
1.8418418418418419,0.04063175772292612,0.08263864815951052,0.9928809666161627,0.02436375006914824,-0.03550478450873956,-0.031210563530867385,0.13374181121612636,0.13242767401695876,0,1,0
1.8618618618618619,0.04214499654364295,0.07566194103584128,0.9933886713015654,0.025385234270136003,-0.0360634006730669,-0.02793080821636732,0.133656081882249,0.13250786025236147,0,1,0
1.8818818818818819,0.04351646778433056,0.06857356203438075,0.9939166218232618,0.026397526084817623,-0.03660444026766953,-0.02705197973013138,0.13343111597218163,0.13248928248561648,0,1,0
1.901901901901902,0.04474428025162571,0.06139062336475738,0.9944611188507138,0.027224851372598537,-0.037059333245967906,-0.022744648914919143,0.1332456168649971,0.13246931831896933,0,1,0
1.921921921921922,0.04582661396692699,0.054116685765064204,0.9950190316395511,0.027895639441865423,-0.037427782768579956,-0.018422476130602904,0.1330686486965784,0.1324621388929553,0,1,0
1.941941941941942,0.0467619735702238,0.04676798016484032,0.9955875593572433,0.028426385884611938,-0.037695315090129446,-0.013376616077474337,0.1328660848729349,0.13242017895619193,0,1,0
1.961961961961962,0.047549281415053955,0.03936539224150794,0.9961630217881556,0.02877312154561868,-0.03793644410143079,-0.012056450565066771,0.1324873092043838,0.13225496701458178,0,1,0
1.981981981981982,0.0481879634174197,0.03193410011828757,0.996737322993715,0.02871506027796732,-0.03806507353401038,-0.006431471628980294,0.13216141056659753,0.13208965360912822,0,1,0
2.002002002002002,0.048677570370365485,0.02448034764728902,0.9973031588846968,0.028291794549091698,-0.03812984388412142,-0.003238517505551083,0.13190715676428347,0.13203032538193896,0,1,0
2.022022022022022,0.04901795499409821,0.01701923118663605,0.9978558776032459,0.02763593592745511,-0.03807591955675809,0.0026962163681660193,0.13142703477066775,0.1315136593694507,0,1,0
2.042042042042042,0.04920967323688734,0.009585912139456462,0.9983807260849197,0.02624242408368846,-0.03816528222870109,-0.004468133597149987,0.13087092975551864,0.13129798758761882,0,1,0
2.062062062062062,0.049253532937445055,0.0021929850278859277,0.9988663118051585,0.0242792860119432,-0.03820106478347728,-0.0017891277388097232,0.130890905328739,0.13153869133826782,0,1,0
2.0820820820820822,0.04914920263293421,-0.005216515225542365,0.9993165143106035,0.02251012527224961,-0.03808586326906191,0.005760075720768688,0.13081083337012397,0.13161687521334464,0,1,0
2.1021021021021022,0.04889676269039937,-0.012621997126741703,0.9997313297939788,0.02074077416876303,-0.03788026198432716,0.010280064236737805,0.13062835189348054,0.13163045101115928,0,1,0
2.1221221221221223,0.04849697004812594,-0.019989632113671697,1.0001083034177445,0.018848681188284432,-0.037606332931888656,0.013696452621925044,0.13038323575175081,0.13159432823838244,0,1,0
2.1421421421421423,0.04795095149323618,-0.027300927744488085,1.0004433320478663,0.0167514315060908,-0.03719168697790362,0.020732297699251716,0.13016030970192152,0.13153166846360964,0,1,0
2.1621621621621623,0.047260104232829295,-0.034542363020344344,1.0007322611491303,0.01444645506320274,-0.03661182350122405,0.0289931738339785,0.12993456598315678,0.1314437539673748,0,1,0
2.1821821821821823,0.046426435206867726,-0.04168345129807825,1.000970544063414,0.011914145714183337,-0.0359598611454023,0.03259811779108728,0.12966636430865003,0.1313671297029086,0,1,0
2.2022022022022023,0.04545255084423503,-0.04869421813163468,1.0011531994288514,0.00913276827186418,-0.03518537639804984,0.03872423736762273,0.1294669785111126,0.13132187473455903,0,1,0
2.2222222222222223,0.044341301316114926,-0.055562476406005104,1.0012767422730042,0.006177142207644249,-0.034316820895360124,0.043427775134486014,0.12927924965968823,0.13111079260893166,0,1,0
2.2422422422422423,0.043096046277375566,-0.06226275193696794,1.0013354233659586,0.002934054647713067,-0.03345126192892763,0.04327794832162459,0.1291861897656829,0.1312445273828299,0,1,0
2.2622622622622623,0.041720305890244794,-0.06878701935653858,1.0013300158447038,-0.00027037606274340435,-0.03254772986799059,0.045176603046852115,0.1290706864592699,0.13132846413278199,0,1,0
2.2822822822822824,0.04021759767024912,-0.07513541099978376,1.0012602199478535,-0.0034897948425144892,-0.031536038824021666,0.050584552198445924,0.1289836386346393,0.13138986021396407,0,1,0
2.3023023023023024,0.03859158025693691,-0.08130087066561041,1.0011258262664566,-0.006719684069845244,-0.030386750451268665,0.057464418637650096,0.12891422213951487,0.13144126329657116,0,1,0
2.3223223223223224,0.03684631634082896,-0.08726319580539744,1.0009267493385636,-0.009953846394655075,-0.02907926847030042,0.065374099048413,0.1289269580248349,0.13154743732637095,0,1,0
2.3423423423423424,0.034986372619728236,-0.09299718605503603,1.0006649441709365,-0.013090258381354306,-0.027688209873019558,0.06955292986404298,0.1289332254710359,0.1316842717784561,0,1,0
2.3623623623623624,0.03301687023925444,-0.09847511902368976,1.000342735753223,-0.016110420885671484,-0.026168003588947386,0.07601031420360838,0.12892655289933183,0.13176750389132352,0,1,0
2.3823823823823824,0.03094329614614382,-0.10367870465553088,0.9999614646651356,-0.019063554404373594,-0.024532040999198923,0.08179812948742307,0.12897316420483126,0.1318998043255627,0,1,0
2.4024024024024024,0.028771534001000285,-0.10858810725717688,0.9995239923087589,-0.02187361781883277,-0.022678256882900195,0.09268920581493667,0.12918226382924491,0.13211063270320303,0,1,0
2.4224224224224224,0.0265078878457692,-0.1131823077615543,0.9990367498036447,-0.024362125255709077,-0.0206814640112446,0.09983964358277976,0.12964516491095432,0.13247088568322068,0,1,0
2.4424424424424425,0.024159416995617647,-0.1174235425075775,0.9985121444415443,-0.026230268105016257,-0.018759888132154196,0.0960787939545198,0.12992020134100615,0.13290274463080623,0,1,0
2.4624624624624625,0.02173373700343927,-0.1212839996089189,0.9979608498557331,-0.027564729290561214,-0.016778587361965025,0.09906503850945882,0.13001029412856016,0.13305624546218092,0,1,0
2.4824824824824825,0.01923829084965514,-0.12477230768920641,0.9973866474564994,-0.028710119961683402,-0.014595282088488941,0.10916526367380418,0.13027924230957966,0.13326851186584932,0,1,0
2.5025025025025025,0.016680800024642305,-0.1278745412506418,0.9967968248315753,-0.02949113124620616,-0.012351521688450412,0.11218802000192643,0.13057986080634457,0.13358906618807265,0,1,0
2.5225225225225225,0.014069741312984345,-0.130552935582898,0.9962007328844696,-0.029804597355282687,-0.010078269022330786,0.11366263330598136,0.13075465619542043,0.13378425915331882,0,1,0
2.5425425425425425,0.011413833456287407,-0.13279539283484687,0.9956039777671908,-0.02983775586394301,-0.00766550266762867,0.1206383177351057,0.13105025114314953,0.1340122772401437,0,1,0
2.5625625625625625,0.008721977022385094,-0.13459282169511566,0.9950144178775514,-0.029477994481967824,-0.005213805142574982,0.12258487625268442,0.13130617270231493,0.13424379127780722,0,1,0
2.5825825825825826,0.0060035898338656095,-0.13591935942597425,0.9944393525789853,-0.02875326492830334,-0.0026697674257977065,0.12720188583886377,0.13153378010000624,0.13439929742552367,0,1,0
2.6026026026026026,0.0032683263585643516,-0.1367631737650629,0.993884506994696,-0.027742279214465346,-0.00011376843889155454,0.12779994934530758,0.1318255764727152,0.13464717052410335,0,1,0
2.6226226226226226,0.0005261520210152202,-0.13710871687745657,0.9933578975600583,-0.026330471731882077,0.0025214349296062352,0.13176016842488947,0.13224719822150088,0.13501636407269133,0,1,0
2.6426426426426426,-0.0022128532978183276,-0.1369502659416774,0.992871228387147,-0.024333458645562474,0.005224951208141748,0.13517581392677563,0.13250319904648616,0.13515429048079688,0,1,0
2.6626626626626626,-0.004938254707319732,-0.13627007047507023,0.9924302862404666,-0.022047107334021248,0.00792201118123938,0.1348529986548816,0.1329777182184641,0.13553465766146255,0,1,0
2.6826826826826826,-0.00763930107038643,-0.13505231815333488,0.9920476523672124,-0.0191316936627084,0.010577484520848966,0.1327736669804793,0.13322889866632878,0.13569272904169355,0,1,0
2.7027027027027026,-0.010305312633749838,-0.1333005781681704,0.9917292654539047,-0.015919345665384162,0.013253802769876123,0.13381591245135788,0.13348286146884358,0.13579833704447752,0,1,0
2.7227227227227226,-0.012925759131749537,-0.13102232489998494,0.9914802953648397,-0.012448504453247484,0.01596418940416994,0.1355193317146909,0.13372205512667135,0.13585617715391599,0,1,0
2.7427427427427427,-0.015490002934792626,-0.1282121901521545,0.9913049514825844,-0.008767194112769511,0.01865927206112062,0.13475413284753393,0.13388053717091955,0.13584945795320558,0,1,0
2.7627627627627627,-0.017987257808197064,-0.124862743670222,0.9912052566400208,-0.004984742128178076,0.0212375476411438,0.12891377900115902,0.1338943495016367,0.13574526545382892,0,1,0
2.7827827827827827,-0.020406924158596337,-0.1209833175199637,0.9911796170948531,-0.0012819772583844034,0.023749777883359992,0.12561151211080962,0.13408259814287005,0.13576923490569529,0,1,0
2.8028028028028027,-0.02273877152459916,-0.11659236830014111,0.9912309039391295,0.0025643422138185946,0.026171832078515013,0.12110270975775102,0.13424921199560283,0.1357686275936539,0,1,0
2.8228228228228227,-0.024972818344073784,-0.11170234097373126,0.9913612811338546,0.006518859736256392,0.02842882485657003,0.11284963890275097,0.13415503527055422,0.13562855999429627,0,1,0
2.8428428428428427,-0.027099625928132615,-0.10634037920294154,0.9915669676067169,0.010284323643119184,0.030599732484071943,0.10854538137509541,0.13406642728047027,0.13535483774878282,0,1,0
2.8628628628628627,-0.029110535946626975,-0.10054550092471806,0.9918422852762713,0.013765883477717756,0.03273223540533169,0.10662514606298751,0.13404259206608926,0.1350955697448434,0,1,0
2.8828828828828827,-0.030997155356008322,-0.09433097046906729,0.9921827258023684,0.017022026304859238,0.03469252062312848,0.09801426088983865,0.13394961258380395,0.13484425954957727,0,1,0
2.9029029029029028,-0.03275133726680817,-0.08770909553999241,0.9925828662730314,0.020007023533147216,0.03648134831606533,0.0894413846468436,0.1338260502327643,0.134560106305065,0,1,0
2.9229229229229228,-0.03436570184802095,-0.08071822906063886,0.9930363565273026,0.022674512713561,0.038138434561965764,0.0828543122950213,0.13370224100994976,0.13424002071459776,0,1,0
2.942942942942943,-0.03583358757557222,-0.07339428637756347,0.9935363273619608,0.02499854173291382,0.039653709722775946,0.07576375804050951,0.1338189705589644,0.13416165794844898,0,1,0
2.962962962962963,-0.037148627480965694,-0.06575199526967365,0.9940830636201748,0.027336812910699476,0.041050175090163905,0.06982326836939741,0.13353097315743997,0.13365694705930245,0,1,0
2.982982982982983,-0.03830549284054248,-0.057843267978839145,0.9946645592305849,0.02907478052050322,0.04230488342294849,0.06273541663922956,0.13330352802593334,0.13322424143274048,0,1,0
3.003003003003003,-0.03929925467216134,-0.04968809158094305,0.995270792650519,0.03031167099670232,0.04335203331286845,0.05235749449599809,0.13290307170770652,0.1326568636756301,0,1,0
3.023023023023023,-0.04012580060185612,-0.041327296484738936,0.9958872141014179,0.030821072544945347,0.044225350041045795,0.04366583640886689,0.131610424002697,0.13333141806095544,0,1,0
3.043043043043043,-0.04078159687416126,-0.032789813615257304,0.9965044935155607,0.030863970707137464,0.04657440208564797,0.11745260223010909,0.13166358369037495,0.1320331617181406,0,1,0
3.063063063063063,-0.04126424814067468,-0.024132563325670636,0.9971040555006091,0.029978099252420794,0.04944477143312996,0.14351846737409948,0.13250718266994643,0.13201970967362636,0,1,0
3.083083083083083,-0.041564247854736586,-0.014999985703095372,0.997697786660647,0.02968655800189357,0.05231609890525331,0.14356637360616734,0.13283590417210606,0.13177046490176542,0,1,0
3.103103103103103,-0.04167057660465718,-0.005316437496029756,0.9982863304753794,0.02942719073662005,0.05496014047207362,0.13220207834101516,0.13273311338519528,0.13121473248807186,0,1,0
3.123123123123123,-0.04157269115251666,0.004894272607025751,0.9988593778054621,0.02865236650413579,0.05706815372670711,0.10540066273167467,0.13231520221275916,0.13054166843054676,0,1,0
3.143143143143143,-0.041261445172568446,0.015562298997410707,0.9994002493068147,0.027043575067632223,0.05867167787465341,0.08017620739731496,0.13169161745846727,0.129660777823965,0,1,0
3.163163163163163,-0.04073015675927091,0.026564420664877044,0.9998862587272714,0.024300471022837382,0.05969447080656746,0.051139646595701894,0.13099928730974217,0.12878249115051388,0,1,0
3.183183183183183,-0.03997420927328254,0.03779737429941822,1.0002938620052422,0.020380163898533456,0.06005369247250294,0.017961083296774837,0.1303711417532869,0.12805273232800865,0,1,0
3.203203203203203,-0.03899111977285886,0.04915447502118413,1.0006028077627913,0.015447287877456235,0.05977699829222147,-0.01383470901407343,0.12984014094484808,0.12744053321342666,0,1,0
3.2232232232232234,-0.03778080060702071,0.06051595829190759,1.0007961881349485,0.00966901860785763,0.05894007969291237,-0.04184592996545571,0.12724584624198398,0.12348913304542888,0,1,0
3.2432432432432434,-0.03635037284095221,0.07152138830342496,1.000777361926863,-0.0009413104042759208,0.05660159251881695,-0.11692435870477033,0.12683492584335568,0.12366750913283373,0,1,0
3.2632632632632634,-0.03470340074504932,0.08234860479514414,1.0005432547694295,-0.011705357871667859,0.0533489831255197,-0.16263046966486266,0.12798550557026597,0.12513008795120445,0,1,0
3.2832832832832834,-0.032846598405802535,0.09284011696233922,1.0001332059339503,-0.020502441773965686,0.04950804525081124,-0.1920468937354237,0.12904161591604765,0.12636364625046553,0,1,0
3.3033033033033035,-0.03079058395683514,0.10280072244836982,0.999581914728212,-0.02756456028691162,0.045315241248939445,-0.20964020009358916,0.1300198432332308,0.12742318442423067,0,1,0
3.3233233233233235,-0.028548582520537245,0.11210007181489477,0.9989204091202822,-0.03307528039649043,0.04085791625530618,-0.22286624968166355,0.13090267862076804,0.12837688318349216,0,1,0
3.3433433433433435,-0.026135592456445547,0.1206495032045849,0.9981767300625749,-0.037183952885368084,0.03633492884377474,-0.22614937057657192,0.1317293112475988,0.12918288458494578,0,1,0
3.3633633633633635,-0.023567933724731132,0.1283829365857208,0.9973758610108159,-0.040043452587953374,0.031789182431237975,-0.22728732062683907,0.1324712023689205,0.12990476799235728,0,1,0
3.3833833833833835,-0.020862475329535946,0.13527291975975933,0.996540204616677,-0.04178281970694344,0.02726182722527807,-0.22636776029799482,0.1330869848900058,0.130500146105666,0,1,0
3.4034034034034035,-0.018036505862538712,0.14129847334986162,0.9956883329958164,-0.04259358104302959,0.02284853210608926,-0.22066475595943993,0.1336835273651116,0.1310353176791844,0,1,0
3.4234234234234235,-0.015107346700266066,0.14645795811363227,0.9948375468638686,-0.04253930659738782,0.018465936887358203,-0.2191297609365531,0.1319952641564464,0.12840022404498488,0,1,0
3.4434434434434436,-0.01209391823391357,0.15067142331762481,0.9939242491747017,-0.045664884458344095,0.013447468311055734,-0.25092342881512353,0.1332122157044229,0.13013906099537023,0,1,0
3.4634634634634636,-0.009012440102460056,0.1540739065726757,0.992992632381422,-0.046580839663985546,0.008277310341836121,-0.25850789846098055,0.13518476153266867,0.1323825095923895,0,1,0
3.4834834834834836,-0.00588171285370908,0.1565363624375488,0.992105482012456,-0.044357518448303046,0.0031543214227835684,-0.25614944595262773,0.13639199243064554,0.1337785535184689,0,1,0
3.5035035035035036,-0.0027219690363346474,0.15798719086872162,0.9913015463282604,-0.040196784209777736,-0.0017560629446330281,-0.24551921837082982,0.13722966869293426,0.1347260258241426,0,1,0
3.5235235235235236,0.0004463530527772635,0.15841610445559554,0.9906073118475889,-0.03471172403357649,-0.006388440192666767,-0.23161886240168691,0.13602010680705845,0.1307997559647255,0,1,0
3.5435435435435436,0.0036036092509885444,0.15786280991056403,0.9899466035851955,-0.033035413119671696,-0.012940706199129062,-0.32761330032311464,0.13487863782299558,0.1313507681097827,0,1,0
3.5635635635635636,0.0067315564980642215,0.15639736235378382,0.9893105680008647,-0.031801779216538574,-0.020057223576423533,-0.355825868864724,0.1392527101537478,0.1366303924918319,0,1,0
3.5835835835835836,0.009802534868675182,0.15354891853054803,0.9888419373124494,-0.023431534420762352,-0.027016393837158693,-0.34795851303675734,0.14123021882559772,0.13918281851762068,0,1,0
3.6036036036036037,0.012786152483420177,0.14918088073724975,0.9886071713943959,-0.011738295902674188,-0.033308151784516134,-0.31458789736787224,0.1414369944629382,0.1397054281457712,0,1,0
3.6236236236236237,0.015653348944962047,0.14335982307709347,0.988616174400486,0.00045015030450450307,-0.038756344397087056,-0.27240963062854606,0.14286117900052414,0.14106669491460969,0,1,0
3.6436436436436437,0.01837675959699757,0.13617053260177606,0.9889091749346366,0.014650026707530212,-0.04356826229774295,-0.24059589503279427,0.14145819266400217,0.13986416886124559,0,1,0
3.6636636636636637,0.020935109413173343,0.12791749080878873,0.9894465179620165,0.026867151368995857,-0.04755683845149242,-0.19942880768747362,0.13918923314213374,0.13762139717050878,0,1,0
3.6836836836836837,0.0233114710587722,0.11881808227994282,0.9901603816200663,0.035693182902487935,-0.050770306927674404,-0.16067342380909885,0.13673552140612633,0.13519131928548725,0,1,0
3.7037037037037037,0.025493173997863137,0.10908514695454687,0.990977594396149,0.04086063880413653,-0.05328923459393667,-0.12594638331311356,0.13601383715222137,0.13451363617105955,0,1,0
3.7237237237237237,0.027468562929581573,0.09876944658592175,0.9918767274560447,0.04495665299478952,-0.055143100008695885,-0.0926932707379601,0.1348015514094607,0.13338620728823458,0,1,0
3.7437437437437437,0.029229663136675497,0.08805501035469618,0.9928225751019262,0.04729238229407269,-0.05638518245227489,-0.06210412217895113,0.13373150273755172,0.13239138204001316,0,1,0
3.7637637637637638,0.030771066438544107,0.07707016509343045,0.9937841590193013,0.048079195868754684,-0.05706634541163163,-0.034058147967836405,0.13228054297593264,0.130971536098844,0,1,0
3.7837837837837838,0.03209053991871917,0.06597367400875334,0.994718736572747,0.04672887767228596,-0.057266169595117974,-0.009991209174318182,0.1323419513878722,0.1311639306069007,0,1,0
3.803803803803804,0.033185420163451274,0.05474401223660496,0.9956299421079732,0.04556027676131055,-0.05687711900439395,0.019452529536201805,0.13138440551610597,0.1302012118032331,0,1,0
3.823823823823824,0.03405685163647447,0.0435715736511597,0.9964893565487563,0.04297072203915672,-0.056079815083903264,0.03986519602453399,0.13066466054362008,0.12886885743533738,0,1,0
3.843843843843844,0.03470834600004881,0.03257471817871708,0.997266764862358,0.03887041568008938,-0.05551671997081544,0.028154755654391392,0.12939873342033983,0.12804390028778914,0,1,0
3.863863863863864,0.03514492862231206,0.021829131113162585,0.9979314888674414,0.03323620025417118,-0.05490367431968514,0.03065228255651444,0.12969874561384956,0.12862916889700127,0,1,0
3.883883883883884,0.03536825770467553,0.011166454118173689,0.9984968439435814,0.028267753806996036,-0.05412182215817424,0.03909260807554612,0.12974900508581697,0.1288860783846196,0,1,0
3.903903903903904,0.03538070624043906,0.0006224267881762939,0.9989675902462118,0.023537315131520728,-0.053200005076544515,0.046090854081485756,0.1298764746000676,0.1292387183453401,0,1,0
3.923923923923924,0.03518512595158305,-0.009779014442800353,0.9993510738866123,0.01917418202002265,-0.052095122484212115,0.05524412961661955,0.1299868482709317,0.12954680586027736,0,1,0
3.943943943943944,0.034784942817696,-0.020009156694352503,0.9996537473873817,0.01513367503847011,-0.050749277641976065,0.06729224211180224,0.13000742618820774,0.12971905622286695,0,1,0
3.963963963963964,0.03418448298902616,-0.030022991433492026,0.9998787523195003,0.011250246605931175,-0.049165004788800405,0.07921364265878342,0.13004001374296173,0.1298878516430607,0,1,0
3.983983983983984,0.033389030520503585,-0.03977262342612888,1.00002939690633,0.007532229341488372,-0.047418785144664834,0.0873109822067783,0.1301135760510534,0.13013082612993573,0,1,0
4.004004004004004,0.03240468211074984,-0.0492174204876874,1.0001107299427472,0.004066651820855806,-0.04550582326598326,0.09564809393407939,0.1301520778961719,0.13032418392529013,0,1,0
4.024024024024024,0.031238252093873688,-0.058321500843807536,1.000126564638521,0.0007917347886844113,-0.04347260576271005,0.1016608751636601,0.1290467252591528,0.1321130838003066,0,1,0
4.044044044044044,0.02989687954056885,-0.06706862766524184,1.0000874148679622,-0.001957488527936151,-0.0391283629847308,0.21721213889896254,0.12602230143080695,0.12783968763978634,0,1,0
4.064064064064064,0.028393353084271242,-0.0751763228148804,0.9998856636163486,-0.010087562580681747,-0.03361687119952164,0.2755745892604587,0.12844276451974557,0.12962053826980016,0,1,0
4.084084084084084,0.026741778131045068,-0.08257874766130871,0.9995843197386801,-0.015067193883420949,-0.027580063149677012,0.3018404024922308,0.1303222876277751,0.13118209167000267,0,1,0
4.104104104104104,0.024961713760739666,-0.08900321851527007,0.9992351872605065,-0.017456623908680528,-0.021421372748849636,0.3079345200413692,0.13281249467460857,0.133547326835726,0,1,0
4.124124124124124,0.023074799009616988,-0.09434573755613394,0.9989109301368763,-0.01621285618151169,-0.015481999682031443,0.29696865334090944,0.13350688863954135,0.13424614274244642,0,1,0
4.1441441441441444,0.02110501585319,-0.09848915782134936,0.9986327587495232,-0.013908569367651762,-0.009811721254625505,0.28351392137029696,0.13318293094229564,0.13394231123629893,0,1,0
4.1641641641641645,0.019076225899645805,-0.1014394976772098,0.9983917687584493,-0.012049499553693034,-0.004554396960114401,0.2628662147255552,0.1339195922871301,0.13476240401473902,0,1,0
4.1841841841841845,0.01701075527239204,-0.10327353136268834,0.9982112736745328,-0.009024754195825432,0.0002451244122823729,0.23997606861983872,0.1341512477583698,0.1351326309380731,0,1,0
4.2042042042042045,0.014929616287565702,-0.10405694924131685,0.9981002873763438,-0.005549314909445092,0.004521337208012985,0.21381063978653053,0.1337854525910285,0.13492119199573774,0,1,0
4.2242242242242245,0.01285202488012124,-0.10387957037222305,0.9980502381789036,-0.0025024598720130593,0.008290304289128714,0.18844835405578647,0.13060082284606989,0.1316633834996949,0,1,0
4.2442442442442445,0.010794599888442016,-0.10287124958396121,0.9979655891173517,-0.004232453077595113,0.01143418715608068,0.15719414334759813,0.1316298167467425,0.1328882656335035,0,1,0
4.2642642642642645,0.008772249279941427,-0.10111753042502948,0.9978796664862895,-0.004296131553110604,0.014097200886579812,0.1331506865249569,0.13210130058303496,0.13351110475548458,0,1,0
4.2842842842842845,0.006797533527975271,-0.09873578759830778,0.997808560918529,-0.0035552783880214676,0.016229233411879967,0.10660162626500794,0.13193695167043856,0.13351911625923965,0,1,0
4.3043043043043046,0.004880906377425873,-0.09583135752746993,0.9977498095766063,-0.0029375670961321355,0.017864776304968993,0.08177714465445109,0.13190440641745135,0.13366788907123872,0,1,0
4.324324324324325,0.0030307997695992826,-0.0925053303913295,0.9977049959935473,-0.002240679152950827,0.019003410057392547,0.056931687621177604,0.13175863372682994,0.13372404547274078,0,1,0
4.344344344344345,0.0012536000248992703,-0.08885998723500062,0.9976726707031213,-0.0016162645213035408,0.019731494753877685,0.03640423482425727,0.13160610492662092,0.13374443973224806,0,1,0
4.364364364364365,-0.0004463239601386953,-0.08499619925189827,0.9976507829510032,-0.0010943876059059331,0.020192709554177755,0.023060740015003446,0.13148490179714617,0.1337169813595425,0,1,0
4.384384384384385,-0.0020662017325102674,-0.0809938886185786,0.9976370661835409,-0.0006858383731162172,0.020414535320963767,0.011091288339300218,0.1313367134682033,0.13366275874620911,0,1,0
4.404404404404405,-0.003604275098250489,-0.07690366828701109,0.9976284790246213,-0.00042935794597781773,0.020315178493492743,-0.00496784137355117,0.1312245821419662,0.13370861621108357,0,1,0
4.424424424424425,-0.005059750749023933,-0.07277378253867221,0.9976240176990664,-0.00022306627774185166,0.019985830603005225,-0.016467394524375987,0.13283281692832,0.1358405626298804,0,1,0
4.444444444444445,-0.0064319887982269616,-0.06861190246015142,0.9976790852370173,0.002753376897544663,0.019883838068743352,-0.005099626713093577,0.13184116486009742,0.13467646366807998,0,1,0
4.464464464464465,-0.007722996137684445,-0.06455036697287414,0.9977617264703246,0.0041320616653620955,0.019836397052954667,-0.0023720507894343184,0.13149765396878893,0.1342348384096832,0,1,0
4.484484484484485,-0.008933447149797326,-0.06052255060564405,0.9978602967687815,0.00492851492284491,0.019701144723704787,-0.006762616462493815,0.13134612520535388,0.13407331632010064,0,1,0
4.504504504504505,-0.010063725985271235,-0.05651394177369544,0.9979701497080354,0.005492646962698593,0.019533408066400974,-0.00838683286519059,0.13120682972384629,0.13389031969335227,0,1,0
4.524524524524525,-0.011114439957546995,-0.052535698613788,0.9980865128020182,0.0058181546991400756,0.019124650969474973,-0.020437854846299883,0.13059316415610814,0.1342903157806233,0,1,0
4.544544544544545,-0.012086414670888328,-0.048598735667066614,0.9982062289645185,0.005985808125016258,0.019352276100230523,0.011381256537777378,0.1301756226230044,0.13334267087666238,0,1,0
4.564564564564565,-0.01298172223470552,-0.04476537819085965,0.9983091054609329,0.005143824820720103,0.019814979460014676,0.023135167989207284,0.13092959169351395,0.13376856119613292,0,1,0
4.584584584584585,-0.013799235613139085,-0.040875668921678245,0.998412615774418,0.005175515674252855,0.02031254070355386,0.0248780621769596,0.13131262260379103,0.133921367551158,0,1,0
4.604604604604605,-0.014537031966717587,-0.036889817678925116,0.998524660934387,0.0056022579984511935,0.02062394855046331,0.01557039234547257,0.13136823097525172,0.1338607842973822,0,1,0
4.624624624624625,-0.015193303424740881,-0.03281357290116474,0.9986451212692065,0.006023016740973843,0.020803767069978444,0.008990925975756799,0.13262345948933932,0.13479099451003687,0,1,0
4.644644644644645,-0.015766198534281718,-0.028644755477041924,0.9988063351172396,0.008060692401655852,0.020533814050270608,-0.013497650985392084,0.13229551903908043,0.13457836197610898,0,1,0
4.664664664664665,-0.016255282289866512,-0.024454187779239772,0.9990002477419558,0.009695631235809304,0.019983503822983077,-0.02751551136437595,0.1317654425859445,0.13406209819809564,0,1,0
4.684684684684685,-0.016662058800015023,-0.020338825507425575,0.9992113567308238,0.010555449443402025,0.019256869570725144,-0.03633171261289711,0.1313220580955238,0.13358826792534007,0,1,0
4.704704704704705,-0.016989034818665715,-0.016348800932534623,0.9994261067859058,0.010737502754097725,0.01832883199162166,-0.046401878955174156,0.13108748554956387,0.13335456863163186,0,1,0
4.724724724724725,-0.01723932099632911,-0.012514308883169652,0.9996376153778868,0.010575429599045408,0.01731487732882391,-0.05069773313988728,0.1307544162826441,0.13292357916443573,0,1,0
4.744744744744745,-0.01741686435374538,-0.008877167870813623,0.9998346365223866,0.009851057224991008,0.016215924925177493,-0.05494762018232096,0.13044268159129854,0.1325349891369211,0,1,0
4.764764764764765,-0.017525937900294296,-0.0054536773274458045,1.0000068794517947,0.00861214647040073,0.01511204659066118,-0.055193916725815334,0.13046239561173875,0.13241170238045682,0,1,0
4.784784784784785,-0.017570940467001507,-0.002250128335360585,1.0001529022423727,0.00730113952889838,0.013960496179969637,-0.05757752053457715,0.1306712721209361,0.13251883143616044,0,1,0
4.804804804804805,-0.017556234903463957,0.0007352781768774443,1.0002774747481098,0.006228625286852748,0.012840306217452453,-0.05600949812585913,0.1309073400700291,0.13259135103605763,0,1,0
4.824824824824825,-0.017486364361548237,0.00349352709578594,1.0003852508845006,0.005388806819541482,0.011754130583168997,-0.05430878171417271,0.13022949348182564,0.13222260814370393,0,1,0
4.844844844844845,-0.017365967315889914,0.006019852282916171,1.0004607990052128,0.003777406035614034,0.010992486950789382,-0.0380821816189809,0.1304695534304602,0.13211358983384383,0,1,0
4.864864864864865,-0.01719938392189042,0.0083291696999747,1.0005061381732205,0.0022669584003868594,0.01046733106396132,-0.026257794341402903,0.13083799329281748,0.1321213165315545,0,1,0
4.884884884884885,-0.01698961036702282,0.010488677743380038,1.0005268988704328,0.0010380348606166972,0.010000476295839516,-0.023342738406090434,0.13140197830374717,0.1324423087791907,0,1,0
4.904904904904905,-0.016738621242865785,0.012549456207851833,1.0005362329049632,0.00046670172652399757,0.00945713148257388,-0.027167240663281682,0.13169609027072948,0.13257912083302345,0,1,0
4.924924924924925,-0.016448294220986925,0.014516351093942935,1.0005405519147077,0.000215950487223375,0.00887174807134329,-0.02926917056152957,0.13189538666580428,0.1326077380130567,0,1,0
4.944944944944945,-0.01612086068309924,0.016371676894384152,1.0005432569974466,0.00013525413694392014,0.008308101074857435,-0.028182349824292872,0.13206689876100336,0.13258576359865043,0,1,0
4.964964964964965,-0.015758699191782303,0.018108074565846975,1.0005465857665923,0.0001664384572866533,0.007753880295464552,-0.02771103896964403,0.13223300214334907,0.13254890430310934,0,1,0
4.984984984984985,-0.015364095909142263,0.019730164132001987,1.0005524713544827,0.00029427939451500974,0.007169189075844115,-0.029234560981021777,0.13232085166826027,0.1324875085667611,0,1,0
5.005005005005005,-0.014939312292460694,0.021239180834078455,1.0005613210266742,0.00044248360958017114,0.006557363301711295,-0.0305912887066411,0.1323486541917678,0.13236086223449653,0,1,0
5.025025025025025,-0.01448681292069257,0.02262496858840614,1.0005716851543853,0.0005182063855604349,0.006055785540527251,-0.02507888805920215,0.13287371613479187,0.13205346722921132,0,1,0
5.045045045045045,-0.014008996285938895,0.023890831737683756,1.0005868035821275,0.0007559213871082164,0.0049929923161328065,-0.0531396612197222,0.13248185281430755,0.13184702617664795,0,1,0
5.065065065065065,-0.013508001102426111,0.02504975917563915,1.0005978212141817,0.0005508816027171054,0.0037016350014973205,-0.06456786573177442,0.13243796754783485,0.13181924936453676,0,1,0
5.085085085085085,-0.012988100581105649,0.025995026066023105,1.0006037027439774,0.00029407648978503766,0.002362008903570621,-0.06698130489633489,0.13254586194844103,0.13185320396439335,0,1,0
5.105105105105105,-0.012454429966513771,0.02668353072959388,1.0006065758092433,0.00014365326329718135,0.0010532049455757471,-0.06544019789974374,0.13277180179544457,0.1319759377469833,0,1,0
5.125125125125125,-0.011912312957940131,0.027105850428682004,1.000611624307578,0.00025242491674041926,-0.00015881168237574805,-0.06060083139757476,0.13280367803248927,0.1318702961367325,0,1,0
5.145145145145145,-0.011366966904188387,0.027267302687587237,1.000617762396533,0.0003069044477604721,-0.0012380399435020582,-0.053961413056315494,0.13293167190347424,0.13183799100291504,0,1,0
5.165165165165165,-0.010823185797167782,0.027189055351030233,1.0006264089161874,0.00043232598271607616,-0.0022383236476457187,-0.05001418520718302,0.13314391985150797,0.13194273161716036,0,1,0
5.185185185185185,-0.010285283926610302,0.026895093527874024,1.0006422549722165,0.0007923028014563333,-0.0030980848301336945,-0.042988059124398736,0.13315235813142456,0.13181461663326538,0,1,0
5.205205205205205,-0.009757252601128792,0.02640156627407547,1.000663514840092,0.0010629933937783902,-0.003787891937199752,-0.03449035535330298,0.13317023120568283,0.13166663817970717,0,1,0
5.225225225225225,-0.009242509835738448,0.025737138269517207,1.000688247597595,0.0012366378751450865,-0.004329823481453666,-0.027096577212695653,0.13149371839122723,0.1304358913654642,0,1,0
5.245245245245245,-0.008743670549136821,0.02494196433008133,1.0006733708836497,-0.0007438356972608521,-0.004207566755638218,0.0061128362907723575,0.13230496918418064,0.13078090828642833,0,1,0
5.265265265265265,-0.008262921920558847,0.02403743142889868,1.0006360383886455,-0.001866624750208245,-0.003749379807362664,0.022909347413777797,0.13283124342204541,0.1310037670616975,0,1,0
5.285285285285285,-0.007799897871512357,0.023151202452324528,1.00058736870296,-0.002433484284271395,-0.003046102036175259,0.03516388855937015,0.13319326955183963,0.13109796475098023,0,1,0
5.305305305305305,-0.007352829374879271,0.02235342483165433,1.0005341370315737,-0.0026615835693241012,-0.00229039072511099,0.037785565553213475,0.13332833371029232,0.13109058303953797,0,1,0
5.325325325325325,-0.006919036390905817,0.021689649198672698,1.0004782480154928,-0.0027944508040499733,-0.001439751865188254,0.04253194299613679,0.1334559281694552,0.131038155009814,0,1,0
5.345345345345345,-0.006495605108112214,0.02117156413968016,1.0004208252725013,-0.0028711371495722224,-0.0005321318853795124,0.045380998990437085,0.1334746578527931,0.13089051987773725,0,1,0
5.365365365365365,-0.006079196236909081,0.020820443560156665,1.0003599665415035,-0.0030429365498901117,0.000309371415585468,0.042075165048249014,0.13349604415371383,0.13083161879283284,0,1,0
5.385385385385385,-0.005666302517148875,0.02064468598801033,1.000295122344498,-0.003242209850271272,0.0011238577361277929,0.04072431602711625,0.13354954238251188,0.13078000854467958,0,1,0
5.405405405405405,-0.005253648399773927,0.020632705868747356,1.0002263242665943,-0.0034399038951815936,0.0018708725933137436,0.03735074285929752,0.13360075392229517,0.1307541530825738,0,1,0
5.425425425425425,-0.00483805115159879,0.02077986240875684,1.0001539488977862,-0.003618768440402525,0.002502947835211732,0.03160376209489946,0.13368249855803319,0.13092075574124423,0,1,0
5.445445445445445,-0.004416631375841409,0.02107098878786904,1.000081674001977,-0.00361374479046001,0.0031855258294850486,0.034128899713665846,0.13384110897846063,0.13092910456225848,0,1,0
5.465465465465465,-0.003986932866940369,0.02148492544505201,1.00001196755748,-0.0034853222248465267,0.003842343756999732,0.03284089637573421,0.1338315157265874,0.1308202018686858,0,1,0
5.485485485485485,-0.0035462847501994384,0.02203240583704652,0.9999430643853892,-0.003445158604536481,0.004382343303623282,0.02699997733117747,0.13381834482270286,0.13076691408849866,0,1,0
5.505505505505505,-0.003092116384406039,0.022708418289669973,0.999873970243555,-0.0034547070917092843,0.0047572703553071805,0.01874635258419492,0.13379003998994166,0.1307363822157007,0,1,0
5.525525525525525,-0.002622316764538683,0.023489980993367784,0.9998038049741516,-0.0035082634701684595,0.004947075718160691,0.00949026814267546,0.13355101042957,0.12947313930179147,0,1,0
5.545545545545545,-0.0021355276433195976,0.024339456060954282,0.9997103071465095,-0.004674891382100584,0.00411711141224325,-0.04149821529587199,0.1337484088164088,0.13036502828608193,0,1,0
5.565565565565565,-0.0016309534449961175,0.025228709916174003,0.999609629751862,-0.005033869732378507,0.002841995111874092,-0.06375581501845792,0.13404573676993148,0.13105620865264717,0,1,0
5.585585585585585,-0.001111798944750057,0.025957725012303024,0.9995164379134673,-0.004659591919730554,0.0014421105236330257,-0.0699942294120533,0.13433448900157546,0.13158964209717836,0,1,0
5.605605605605605,-0.0005830269813846461,0.026438598168270544,0.999442923441725,-0.003675723587115992,6.937741038465936e-05,-0.0686366556624183,0.134145590886469,0.13155067366739975,0,1,0
5.625625625625625,-5.018714976272949e-05,0.02664199158109583,0.9993857062146978,-0.002860861351358883,-0.0011146249339119892,-0.059200117214832426,0.13431720014882212,0.1320114030188454,0,1,0
5.645645645645645,0.0004813515528324198,0.02657693512975746,0.9993541449142884,-0.0015780650204682846,-0.0019504915877838847,-0.04179333269359477,0.1341585653422143,0.13178668856215356,0,1,0
5.665665665665665,0.001006926024950788,0.02627872360591841,0.9993425367751531,-0.0005804069567698798,-0.0024934593790635904,-0.027148389563985284,0.13384236600080085,0.13143492046346825,0,1,0
5.685685685685685,0.0015233520411707118,0.025821300810996182,0.9993409645644283,-7.861053623588535e-05,-0.0029354713300806887,-0.022100597550854896,0.1335149828841981,0.1311973027667557,0,1,0
5.7057057057057055,0.0020285947244993484,0.025262134166431846,0.9993410449439241,4.018974787654459e-06,-0.0033405344673320585,-0.02025315686256849,0.133344539108187,0.13116387386773357,0,1,0
5.7257257257257255,0.0025209237740916883,0.024616452479616996,0.9993397515292445,-6.467073397819795e-05,-0.003569859436294692,-0.011466248448131725,0.13320902928124578,0.1310887289471481,0,1,0
5.7457457457457455,0.002998831789683401,0.023895400779585647,0.9993339596719221,-0.0002895928661216413,-0.0036882772259209788,-0.005920889481314301,0.13315856576717722,0.1311409827541744,0,1,0
5.7657657657657655,0.0034615104204392473,0.02313393153779231,0.9993236964761475,-0.0005131597887305726,-0.003763213751160107,-0.003746826261956415,0.13307522450985157,0.13120621050087167,0,1,0
5.7857857857857855,0.003908536215417019,0.0223512897488886,0.9993086955690843,-0.0007500453531597665,-0.0037268842880020503,0.001816473157902813,0.13310985046420268,0.13135904617021424,0,1,0
5.8058058058058055,0.004339693616742261,0.021557870066262107,0.9992917369157478,-0.0008479326668232011,-0.003629761551533448,0.004856136823430176,0.13308020573719245,0.13147233443046835,0,1,0
5.8258258258258255,0.004755215265380426,0.02077608243190826,0.9992740617945747,-0.0008837560586549854,-0.003514964618428511,0.0057398466552468375,0.1335986083775845,0.1318848783416292,0,1,0
5.8458458458458455,0.005155427701441367,0.020010621803047076,0.9992694638901507,-0.00022989522120039213,-0.003434288322114678,0.004033814815691659,0.13317923760256173,0.1316748166217652,0,1,0
5.865865865865866,0.00554096061490372,0.019276645673117626,0.9992686092649677,-4.2731259149164674e-05,-0.0034759154223855983,-0.002081355013545994,0.1329866789481217,0.13176058010707173,0,1,0
5.885885885885886,0.00591219632463551,0.01856178548658948,0.9992699138225551,6.522787936953714e-05,-0.0035098396262604062,-0.0016962101937404112,0.13290221336330071,0.1318851728932473,0,1,0
5.905905905905906,0.00626904177345585,0.017842272441017,0.999273969712371,0.00020279449079327344,-0.0034852327322959183,0.001230344698224376,0.13281027863341943,0.13196959133663097,0,1,0
5.925925925925926,0.006611465092543121,0.017121165954363565,0.9992806628782973,0.0003346582963145177,-0.0034323533083166786,0.0026439711989619708,0.1327086076546678,0.13207961245412586,0,1,0
5.945945945945946,0.0069396436563937515,0.01640892819253152,0.999290115219322,0.00047261705123556683,-0.003315498755213751,0.005842727655146384,0.13257340414435392,0.13212570021012784,0,1,0
5.965965965965966,0.007253897565546169,0.01571269545762091,0.999301004987517,0.0005444884097502123,-0.003175384581697845,0.007005708675795265,0.13240855362709944,0.13216092196857776,0,1,0
5.985985985985986,0.007554755139004021,0.015042878672892555,0.9993114121506744,0.0005203581578763354,-0.0029525996928844627,0.011139244440669174,0.13228928305892923,0.13220505077826683,0,1,0
6.006006006006006,0.007842891239837248,0.014406805041661374,0.9993202256832465,0.0004406766286070322,-0.002730605768488369,0.011099696219804719,0.13221434212691524,0.13233611564881712,0,1,0
6.026026026026026,0.008119271090238196,0.013818992520047424,0.9993282810207229,0.0004027668738200762,-0.002506941177963813,0.01118322952622779,0.12979792608452317,0.13166797733222665,0,1,0
6.046046046046046,0.008384914298890883,0.013282160432634367,0.9992898843232871,-0.0019198348717891472,-0.0009121024569038214,0.07974193605299958,0.13032686976563762,0.13148009021058726,0,1,0
6.066066066066066,0.008640751006255897,0.012791835368250688,0.9992101281966337,-0.003987806332671748,0.0013489045999339623,0.11305035284188919,0.13123606597961981,0.13202123628519494,0,1,0
6.086086086086086,0.008893051082065112,0.012615003790460726,0.9991105432891939,-0.00497924537198909,0.0037965158512484427,0.12238056256572401,0.13186836401694976,0.13250375872924502,0,1,0
6.106106106106106,0.009150697808142833,0.012882336303886029,0.9990076596075953,-0.0051441840799292945,0.006233697605091985,0.12185908769217717,0.13214754073976825,0.13273462757827623,0,1,0
6.126126126126126,0.009423431537431097,0.013636686464413217,0.9989090113654193,-0.004932412108798218,0.008371930064143905,0.106911622952596,0.13217337139239896,0.13288680667835917,0,1,0
6.146146146146146,0.009720870211511417,0.014871933704015954,0.9988171843433333,-0.00459135110429751,0.010216224927211286,0.09221474315336906,0.13211754089508498,0.13294882310842582,0,1,0
6.166166166166166,0.010051458115071464,0.016529395178002358,0.9987322034064278,-0.004249046845279071,0.011731007874546357,0.07573914736675359,0.13194937725286748,0.13293118241184085,0,1,0
6.186186186186186,0.010422439734392743,0.018549080966063926,0.99865124327125,-0.00404800675888775,0.012925620015301627,0.05973060703776356,0.13200194023289394,0.13312614967290629,0,1,0
6.206206206206206,0.010839810913180705,0.02086855893939811,0.9985779024243477,-0.0036670423451101376,0.013832752541967232,0.045356626333280414,0.1318072430811194,0.1330498688601485,0,1,0
6.226226226226226,0.011308253632018043,0.023422135941866887,0.998508102785023,-0.003489981966235107,0.014392351151398341,0.02797993047155559,0.1353687069690331,0.1339263351434981,0,1,0
6.246246246246246,0.011832288067455426,0.026201721771869184,0.9985075348023649,-2.8399132903718545e-05,0.012275212080589069,-0.10585695354046365,0.12666226144321904,0.12697898095675778,0,1,0
6.266266266266266,0.012410773805738264,0.02892428691414187,0.9983442261490936,-0.00816543266356265,0.008868930800892329,-0.17031406398483712,0.1290308621212912,0.13034459091372405,0,1,0
6.286286286286286,0.013036804148047311,0.031301517115452315,0.9981033618741323,-0.012043213748066663,0.004872995562955041,-0.19979676189686435,0.13067666695639407,0.13264849616101393,0,1,0
6.306306306306306,0.013697811719104242,0.03305037855284655,0.9978436568550542,-0.012985250953904872,0.0007324737883103739,-0.2070260887322333,0.13147650869186606,0.13391652523715808,0,1,0
6.326326326326326,0.014378384681683055,0.03402864812894062,0.9975958689467128,-0.012389395417068554,-0.0032872838772200104,-0.20098788327651923,0.13307105501769476,0.1357900150578908,0,1,0
6.346346346346346,0.015062340288315053,0.03419778033159988,0.9974114123429587,-0.00922283018770526,-0.00710830343862599,-0.19105097807029897,0.13389597155369024,0.13691458947604257,0,1,0
6.366366366366366,0.015733573181547444,0.03356164466161963,0.9973190951654072,-0.004615858877575857,-0.010496743036858455,-0.1694219799116231,0.13279601214236658,0.1359160564945461,0,1,0
6.386386386386386,0.016377047069584226,0.032173694401839155,0.99728767330546,-0.0015710929973593393,-0.013489266400913101,-0.1496261682027323,0.13258635731839089,0.13581325399356886,0,1,0
6.406406406406406,0.016979346125934037,0.030114952817490458,0.9973123488756407,0.001233778509033077,-0.016001402879603107,-0.1256068239345002,0.13238771364527105,0.13566148401650424,0,1,0
6.426426426426427,0.017528727068366893,0.027469047121642783,0.9973877420492623,0.003769658681077105,-0.018092315309442632,-0.10454562149197642,0.13208004678784566,0.13555375657448906,0,1,0
6.446446446446447,0.018015376890773663,0.024332491120338424,0.9975075108798719,0.0059884415304826445,-0.0196386209711179,-0.07731528308376359,0.13185561235371374,0.13529232981803044,0,1,0
6.466466466466467,0.018431247763317823,0.02079354362720802,0.9976642810551162,0.007838508762214843,-0.020783199979350325,-0.05722895041162065,0.13141051884026775,0.13485997077672235,0,1,0
6.486486486486487,0.018770494019307696,0.016962312799493687,0.9978449103498132,0.009031464734848029,-0.02143746610321289,-0.03271330619312861,0.13117668998475063,0.1345614518567331,0,1,0
6.506506506506507,0.019028870152319494,0.012918806650589911,0.9980414035086888,0.009824657943780327,-0.021733432814902507,-0.014798335584480828,0.13076692094745093,0.13413388761698983,0,1,0
6.526526526526527,0.019204106842721207,0.008761834520085629,0.9982412916081377,0.009994404972448943,-0.02163488906597256,0.004927187446497148,0.12900722848008778,0.13295458647996236,0,1,0
6.546546546546547,0.019296046631410397,0.0045969894344595015,0.9984010169250024,0.007986265843232258,-0.020658207649253645,0.04883407083594597,0.12946462377899248,0.13293512019131845,0,1,0
6.566566566566567,0.01930500989912625,0.0004481633857926909,0.9985271071485633,0.00630451117804757,-0.019206317907675227,0.07259448707892098,0.12976099713185985,0.1329404104371961,0,1,0
6.586586586586587,0.019234715779313558,-0.003514705990634621,0.9986241381458523,0.004851549864449709,-0.017413688655488903,0.08963146260931676,0.13005247973369952,0.13298557495245886,0,1,0
6.606606606606607,0.019090827724045755,-0.007194402763390137,0.9986972324027927,0.003654712847025111,-0.015566498121465804,0.0923595267011544,0.13027246690139863,0.13309797280828897,0,1,0
6.626626626626627,0.018880230186727198,-0.010529876865927962,0.9987514604375989,0.0027114017403095576,-0.013609042923071338,0.09787275991972344,0.1319099750679124,0.13406498621945018,0,1,0
6.646646646646647,0.018609560589084993,-0.013533479882110296,0.9988255370176999,0.0037038290050523687,-0.01203442782683052,0.0787307548120408,0.13130825425003173,0.1336137123940495,0,1,0
6.666666666666667,0.018286783091723532,-0.016138874868073128,0.9989039599412904,0.003921146179523095,-0.01070345829249489,0.06654847671678152,0.13114532724555916,0.13351709845233123,0,1,0
6.686686686686687,0.017918111292077713,-0.018433589982290936,0.998982959984363,0.003950002153630331,-0.009456867494231287,0.06232953991318015,0.13104677513376076,0.13337306068425994,0,1,0
6.706706706706707,0.01750881675975403,-0.020464726616184113,0.9990590021465158,0.003802108107635415,-0.008286469417007537,0.0585199038611875,0.13099491694181709,0.13324756874925023,0,1,0
6.726726726726727,0.017063785806495424,-0.022251547662930308,0.9991295106511625,0.0035254252323349573,-0.007144606328348672,0.05709315443294334,0.13101770599082135,0.1331615325662598,0,1,0
6.746746746746747,0.016587606535952825,-0.023808963527129905,0.9991935936056092,0.0032041477223382145,-0.00605863889547299,0.05429837164378411,0.13103482600686933,0.1330650885657627,0,1,0
6.766766766766767,0.016084751734410086,-0.025142740077137026,0.999250115529624,0.0028260962007352784,-0.005060686068047381,0.04989764137128035,0.13105476780836442,0.13297780261041986,0,1,0
6.786786786786787,0.015559442293070973,-0.02626547206695559,0.9992981129364621,0.0023998703419063974,-0.004127908431186561,0.04663888184304098,0.1311229860338607,0.13291789256118228,0,1,0
6.806806806806807,0.015015520659964499,-0.02719608165532371,0.9993377375620728,0.0019812312805341254,-0.0032099536523509833,0.04589773894177888,0.13129579885618953,0.13290084977506267,0,1,0
6.826826826826827,0.014456604688120739,-0.027945798592187973,0.9993713207010454,0.0016791569486295493,-0.0023874110949020384,0.04112712787244729,0.13192787104703957,0.1332990181876633,0,1,0
6.846846846846847,0.013886188059537976,-0.02852083142913815,0.9994141432259863,0.002141126247046248,-0.0017262395042025598,0.03305857953497393,0.13179726383928958,0.13307830736557005,0,1,0
6.866866866866867,0.01330743121770441,-0.028937842091678333,0.9994610018663561,0.0023429320184913814,-0.0011178169550066506,0.030421127459795458,0.13178473395051293,0.1328988739375638,0,1,0
6.886886886886887,0.012722871738831524,-0.029227973943644278,0.9995090547243998,0.0024026429021827465,-0.000562899274442806,0.027745884028192235,0.13182532964098584,0.13276800901603045,0,1,0
6.906906906906907,0.01213486721919151,-0.029400225982000695,0.9995569668772282,0.002395607641417586,-0.00013199669461524217,0.021545128991378185,0.13186246727858106,0.1326738728716503,0,1,0
6.926926926926927,0.011545490217672223,-0.029468850075964375,0.9996038958399248,0.0023464481348340243,0.00027437889519532003,0.020318779490528106,0.13194193249402963,0.13256137944231716,0,1,0
6.946946946946947,0.01095636921713658,-0.02945605002678215,0.9996493536997019,0.0022728929888503153,0.0006211596585698189,0.01733903816872494,0.13201504511718096,0.13247873247347838,0,1,0
6.966966966966967,0.010369035889816315,-0.029366666366013244,0.9996932003059799,0.002192330313902036,0.0009003605720230165,0.013960045672659883,0.1320745420619798,0.1323922245006377,0,1,0
6.986986986986987,0.009784789553200664,-0.029212316830782525,0.9997350362174381,0.0020917955729098507,0.0011065580561126257,0.01030987420448044,0.13217316464300824,0.13235640150178785,0,1,0
7.007007007007007,0.009204654364124437,-0.02900675945381135,0.9997757926269946,0.0020378204778230525,0.0012633099878124226,0.007837596584989847,0.1322699207602304,0.1323079874875327,0,1,0
7.027027027027027,0.008629317815665248,-0.028766827422959402,0.9998161857983436,0.0020196585674535595,0.0014818320680297817,0.010926104010867996,0.13171126149539386,0.13191289239809786,0,1,0
7.047047047047047,0.008059287500929546,-0.02850151573678511,0.9998420856273963,0.0012949914526348976,0.002056653896197944,0.028741091408408078,0.13188659885381585,0.1316828619596824,0,1,0
7.067067067067067,0.0074953423015606205,-0.02819725996844628,0.9998526926111654,0.0005303491884563616,0.002795964614090611,0.03696553589463331,0.13217489400745946,0.1316688842488112,0,1,0
7.087087087087087,0.0069396196699693605,-0.027786131579563018,0.9998520793181822,-3.06646491603339e-05,0.0036704464289706398,0.04372409074400146,0.1324200498299656,0.1316082064389382,0,1,0
7.107107107107107,0.006395013136903177,-0.027230326653309194,0.9998429809629468,-0.000454917761771184,0.004429470377547863,0.037951197428861105,0.13263200822441373,0.13166899106289628,0,1,0
7.127127127127127,0.005864851177241242,-0.02650809798309675,0.9998294340688372,-0.00067734470548178,0.005140235611592547,0.03553826170223434,0.1328368895317164,0.1316873273582466,0,1,0
7.147147147147147,0.005352028895749396,-0.025641114074592308,0.9998147371423465,-0.0007348463245374624,0.005806554866468559,0.033315962743800366,0.13294159307803777,0.1316232769313397,0,1,0
7.167167167167167,0.004859289267044792,-0.02463698143523017,0.9997994800505176,-0.0007628545914451395,0.006353025098558169,0.02732351160448065,0.1329780724756325,0.13154981721941192,0,1,0
7.187187187187187,0.0043891618668533425,-0.02350637000957245,0.9997831010990822,-0.0008189475717692152,0.006811243256670593,0.02291090790562113,0.13303156659480916,0.13148258902222165,0,1,0
7.207207207207207,0.0039436976967194065,-0.0222732085066968,0.9997653847088779,-0.0008858195102158503,0.0072202100240827335,0.02044833837060698,0.13313529575577582,0.13144493116770445,0,1,0
7.227227227227227,0.003524581681689006,-0.02095580075152002,0.9997472989500472,-0.0009042879415317252,0.0076532898450872265,0.021653991050224766,0.13349269676921421,0.13146886050210732,0,1,0
7.247247247247247,0.0031334348272835178,-0.01955734272027442,0.999734482050544,-0.0006408449751598532,0.00784517306085702,0.009594160788489632,0.13343970559149776,0.13142401762880598,0,1,0
7.267267267267267,0.0027717644540270507,-0.018083518662823365,0.9997254676992321,-0.0004507175655986821,0.008107670095694852,0.013124851741891493,0.1335135799867358,0.13132141765635047,0,1,0
7.287287287287287,0.0024403081162911104,-0.016572816886797008,0.999719821398287,-0.0002823150472540216,0.0082755164406956,0.008392317250037468,0.13351362144719198,0.13126012648475927,0,1,0
7.307307307307307,0.0021400106250845426,-0.015014874560328397,0.9997166248095384,-0.00015982943743073378,0.008401305218110248,0.00628943887073243,0.133529116735804,0.13118901720368745,0,1,0
7.327327327327327,0.0018714211705326421,-0.01342947272759502,0.9997150466607573,-7.890743905545379e-05,0.008563553566395456,0.008112417414260479,0.13355079294930164,0.1310819594156462,0,1,0
7.347347347347347,0.001634980465814924,-0.011822035235885901,0.9997138166547802,-6.150029885310698e-05,0.008689833466699971,0.006313995015225617,0.13358134845396172,0.13103241498462315,0,1,0
7.367367367367367,0.0014312513415252815,-0.010186456214482123,0.9997126478051154,-5.844248324238279e-05,0.008801813947460163,0.005599024038009578,0.13361543098600928,0.13097894329594492,0,1,0
7.387387387387387,0.001260663528733172,-0.00852939063960547,0.9997112485542795,-6.996254179412145e-05,0.0088989700236771,0.004857803810846958,0.1336573020242954,0.1309379647260857,0,1,0
7.407407407407407,0.0011236093276968512,-0.006852710051816045,0.999709628468892,-8.100426937633332e-05,0.008953098217972608,0.0027064097147754943,0.13367807148143335,0.13089864457666217,0,1,0
7.4274274274274275,0.0010204158863486603,-0.0051596720674095455,0.999707509540182,-0.00010594643550425824,0.008962424556503578,0.00046631692654835067,0.1343763292627723,0.13146932998661928,0,1,0
7.4474474474474475,0.0009514520372039176,-0.003448192457237136,0.9997236886782768,0.00080895690474245,0.008794493463887167,-0.008396554630820504,0.13408453199928125,0.13122123051322768,0,1,0
7.4674674674674675,0.0009165814001585518,-0.0017435318522682915,0.9997501527121667,0.0013232016944950522,0.008626751265198327,-0.008387109934441977,0.13389400456004785,0.13097344617903922,0,1,0
7.4874874874874875,0.000915066085685751,-7.576572364004046e-05,0.9997804060169088,0.0015126652371037148,0.008400639856823554,-0.011305570418738756,0.13378277749032905,0.13084938406795177,0,1,0
7.5075075075075075,0.0009461472503578662,0.001554058233605758,0.9998109656682151,0.0015279825653197062,0.00819053856751753,-0.010505064465301233,0.13372909685824247,0.13074028294744627,0,1,0
7.5275275275275275,0.001008931814490574,0.0031392282066353885,0.9998394274549539,0.0014230893369371095,0.007875534620496961,-0.015750197351028346,0.1341060761458908,0.13042025912699898,0,1,0
7.5475475475475475,0.0011025562760284522,0.004681223076893913,0.9998666436153868,0.0013608080216427918,0.006940153581766127,-0.04676905193654171,0.13381955482955493,0.13051787137158402,0,1,0
7.5675675675675675,0.0012257492188495161,0.0061596471410531916,0.999889826468678,0.0011591426645604305,0.005673164487329393,-0.06334945472183683,0.1337602532905528,0.1307087037102085,0,1,0
7.587587587587588,0.0013749029367126394,0.007457685893156162,0.9999109549239752,0.0010564227648619598,0.0041484611582676,-0.07623516645308961,0.13371020294372396,0.13089493066005553,0,1,0
7.607607607607608,0.0015449647221719447,0.00850308927296526,0.9999320793193305,0.0010562197677635356,0.002707815017760156,-0.07203230702537222,0.13366963813142932,0.13089912153439667,0,1,0
7.627627627627628,0.0017300128989119195,0.009252408836998745,0.9999526901235619,0.0010305402115739191,0.001243462880736522,-0.0732176068511817,0.13360702050917472,0.13097321976354712,0,1,0
7.647647647647648,0.0019243526638367042,0.00971698824623924,0.9999729771787951,0.0010143527616564806,-6.49018807812122e-05,-0.06541823807588669,0.13365599775503065,0.13102758075466234,0,1,0
7.667667667667668,0.002122326468284749,0.00989869022240224,0.999994483014459,0.0010752917831988822,-0.001382666167271955,-0.06588821432453715,0.13362383636671155,0.13111610247542266,0,1,0
7.687687687687688,0.002318851094271305,0.009826231299327802,1.0000180446339206,0.001178080973075228,-0.0027100632857553555,-0.06636985592417004,0.1335764006554201,0.13120571049884444,0,1,0
7.707707707707708,0.002508785502737518,0.00949672042331067,1.00004428141093,0.0013118388504703698,-0.003989495482282884,-0.06397160982637642,0.13339735570474187,0.1311483103816292,0,1,0
7.727727727727728,0.002686950843766358,0.008908267051441992,1.0000696776582827,0.0012698123676345415,-0.005149198601728931,-0.057985155972302325,0.13342495077930347,0.13125466300075153,0,1,0
7.747747747747748,0.0028483924699805705,0.008072081310710614,1.0000962016643773,0.0013262003047254303,-0.006238082604004552,-0.05444420011378098,0.13343277174912618,0.1313845356579968,0,1,0
7.767767767767768,0.0029886266272577938,0.007011707863861175,1.0001258716361952,0.0014834985908893069,-0.007275213241705679,-0.05185653188505626,0.1333617283301799,0.13145540697147876,0,1,0
7.787787787787788,0.00310343642353565,0.005740489813892806,1.0001586581880622,0.0016393275933481828,-0.008219838246785263,-0.047231250253979194,0.13327656538893684,0.13149792947565722,0,1,0
7.807807807807808,0.003188845688304164,0.004270463238425717,1.0001938996549435,0.0017620733440744905,-0.00909990933929215,-0.0440035546253444,0.13318693827789232,0.13155841715581013,0,1,0
7.827827827827828,0.0032412392213799924,0.0026196766537914047,1.000231133711386,0.0018617028221207229,-0.009916397327088612,-0.04082439938982331,0.13296292938649248,0.13147736315749725,0,1,0
7.847847847847848,0.0032572787591374926,0.0008019768878750179,1.000265809643185,0.0017337965899438925,-0.010643023836614213,-0.036331325476279985,0.13294124646479993,0.13160486959824869,0,1,0
7.867867867867868,0.0032338480299850475,-0.0011715364576222553,1.0002994668050527,0.0016828580933866994,-0.01129287842768109,-0.032492729553343806,0.13288085528182386,0.13170569895198558,0,1,0
7.887887887887888,0.0031681987967281896,-0.003282461662842893,1.0003326757858675,0.0016604490407366433,-0.011880048473373166,-0.029358502284603648,0.13279910375597787,0.13179995282962106,0,1,0
7.907907907907908,0.0030578738487930836,-0.0055162473967553085,1.0003655941717655,0.0016459192948983068,-0.01237583460405367,-0.0247893065340253,0.13270634972952924,0.13185997755122694,0,1,0
7.927927927927928,0.00290067212275473,-0.007860086301917677,1.0003977106290327,0.0016058228633615264,-0.012771242118282202,-0.019770375711426563,0.1326034723561328,0.13188943646412252,0,1,0
7.947947947947948,0.0026948162341975924,-0.010292794427856872,1.0004279145802313,0.001510197559933369,-0.01318087646297015,-0.020481717234397085,0.1324232387575697,0.13191060541002364,0,1,0
7.967967967967968,0.0024388836030121933,-0.012796631559269953,1.0004538317083713,0.0012958564070055891,-0.01355345669643593,-0.018629011673289425,0.1323164495191012,0.13197867506335376,0,1,0
7.987987987987988,0.002131388033167826,-0.015374778492218367,1.0004748710389675,0.0010519665298073823,-0.013882783251920123,-0.016466327774209637,0.13221474155420213,0.13205622800848246,0,1,0
8.008008008008009,0.0017710090316055813,-0.018018950078112224,1.0004906591624083,0.0007894061720459007,-0.014200964350076634,-0.01590905490782546,0.13213131484145477,0.13218596830551144,0,1,0
8.028028028028029,0.0013565817392589088,-0.02072136461733362,1.0005018686853255,0.000560476145866359,-0.014511484626159886,-0.015526013804162755,0.12875632277826232,0.13064493489243204,0,1,0
8.048048048048049,0.0008879643559905799,-0.023430869163416447,1.0004356631543379,-0.0033102765493804283,-0.013395193696645737,0.05581454647570758,0.12878773256442444,0.1299970792735959,0,1,0
8.068068068068069,0.00036425145500089515,-0.026185645049484237,1.0002829572403755,-0.0076352956981182545,-0.01160873848625932,0.0893227605193207,0.13028039627960544,0.13120048561940567,0,1,0
8.088088088088089,-0.00021071106616107633,-0.028748126058098573,1.0000838201319668,-0.009956855420430632,-0.009490200124363928,0.10592691809476959,0.13136101466243658,0.13214143205325873,0,1,0
8.108108108108109,-0.0008302313478451651,-0.030976014084204435,0.9998683240948274,-0.010774801856972117,-0.007298417893938759,0.10958911152125853,0.1319282870761818,0.13270863389544377,0,1,0
8.128128128128129,-0.00148604212636929,-0.03279053892620625,0.9996533765373349,-0.01074737787462651,-0.00526305512833135,0.10176813828037039,0.13262013953901527,0.13352856573924926,0,1,0
8.148148148148149,-0.002169664945551601,-0.03418114095911554,0.9994614456397849,-0.009596544877497549,-0.003316712756116396,0.0973171186107477,0.13279750004724464,0.133786701535981,0,1,0
8.168168168168169,-0.002873009413204186,-0.03516722338262924,0.99929901461871,-0.008121551053748045,-0.0015402983165798934,0.08882072197682511,0.13275678739041316,0.13386934233852518,0,1,0
8.188188188188189,-0.003588290760600382,-0.03576406736980982,0.999166713243027,-0.00661506878415063,4.544067974606625e-06,0.07724211922772498,0.1326639623487624,0.13394548597424166,0,1,0
8.208208208208209,-0.004308411150798539,-0.03600601950990785,0.9990642864772914,-0.005121338286780165,0.001317391152230798,0.06564235421280956,0.13247709886297246,0.1339452456826472,0,1,0
8.228228228228229,-0.005027226021611453,-0.0359407435406457,0.9989889423299771,-0.0037672073657145956,0.002473133688082473,0.05778712679258374,0.13262647048424067,0.13476438161211793,0,1,0
8.248248248248249,-0.005739458904798402,-0.03561164415934747,0.9989550031556741,-0.0016969587151545928,0.003859516730745839,0.06931915213316833,0.13190759586469675,0.13393097983844512,0,1,0
8.268268268268269,-0.006440524291654562,-0.035053269342807974,0.9989394293261527,-0.0007786914760746488,0.005250233742723735,0.06953585059889486,0.13218304206946985,0.13420989474772216,0,1,0
8.288288288288289,-0.007124891034625148,-0.034218337148529294,0.9989504010257547,0.0005485849801045182,0.006553679146036155,0.0651722701656209,0.13213625696960135,0.13419082156025935,0,1,0
8.308308308308309,-0.007787028417555283,-0.0331068691465068,0.9989868956163738,0.0018247295309504535,0.007673346442627679,0.055983364829576235,0.13228638488693673,0.13442041467932156,0,1,0
8.328328328328329,-0.008421719038497845,-0.031734531047128096,0.9990544870353286,0.0033795709477430127,0.008563619603242898,0.04451365803076083,0.1318524170850013,0.13409631457969118,0,1,0
8.348348348348349,-0.009024636372355717,-0.030145866692893607,0.9991418878723465,0.004370041850892933,0.009289175636928949,0.03627780168430245,0.1308620591849109,0.13316205909810155,0,1,0
8.368368368368369,-0.009592521348568212,-0.028394248810624786,0.9992205416538252,0.003932689073937073,0.00985126714588433,0.028104575447769203,0.13078544010872217,0.13316046587535985,0,1,0
8.388388388388389,-0.010122514394388825,-0.02649965229103062,0.9992892717201334,0.0034365033154050723,0.01019011969440171,0.01694262742586909,0.1307033370711448,0.13319265640401368,0,1,0
8.408408408408409,-0.010612420740180605,-0.024495317289589025,0.99934732590143,0.0029027090648313884,0.010327426145976192,0.006865322578723902,0.1305085202661731,0.13309895568398608,0,1,0
8.428428428428429,-0.011060984004082034,-0.022428163195071498,0.9993904256754222,0.002154988699607224,0.010326834178020718,-2.95983977737016e-05,0.13110246720021826,0.1338449412967271,0,1,0
8.448448448448449,-0.011467474949924665,-0.020324547292131484,0.9994384276674234,0.002400099600058146,0.010266250136219034,-0.0030292020900841857,0.13097347210192808,0.1337316598136035,0,1,0
8.468468468468469,-0.01183195308524469,-0.018223906766001285,0.9994877388793144,0.0024655605945523317,0.010129331964182723,-0.006845908601815671,0.1308806266657186,0.13365566823546213,0,1,0
8.488488488488489,-0.012154731699698733,-0.016138930722702158,0.9995358596131321,0.002406036690885599,0.009958688929843617,-0.008532151716955235,0.13085455115126665,0.1336166960756013,0,1,0
8.508508508508509,-0.012436338077308597,-0.014080318880493216,0.9995818327706891,0.0022986578778530498,0.009640700243516976,-0.01589943431633186,0.1307860353869922,0.13360407469306154,0,1,0
8.528528528528529,-0.012677526176280256,-0.012059404948582979,0.999624464916563,0.0021316072936939556,0.00929621928841858,-0.017224047754919824,0.12981720147677514,0.13308334616324502,0,1,0
8.548548548548549,-0.01287978156625575,-0.010112769498774704,0.9996417044699919,0.0008619776714480238,0.009272421517525546,-0.0011898885446518757,0.13028776231047437,0.133335315387569,0,1,0
8.568568568568569,-0.013044367103349663,-0.00822927685469563,0.9996442884127987,0.00012919714034270247,0.009372663617416647,0.005012104994555267,0.130550727442876,0.13348979152832685,0,1,0
8.588588588588589,-0.013171369094330457,-0.006350099549039678,0.9996384135046374,-0.0002937454080626626,0.009548637793148696,0.008798708786602548,0.13072377513551287,0.13356540642780673,0,1,0
8.608608608608609,-0.013260424094775373,-0.00445275002224582,0.9996277666324394,-0.0005323436099064817,0.00978535155356605,0.011835688020867562,0.13086393684087907,0.13360384354012206,0,1,0
8.62862862862863,-0.013310829114719326,-0.0025202509971975918,0.9996149908915125,-0.0006387870463405021,0.009963937355099222,0.008929290076658662,0.1311040338298278,0.13397709883562142,0,1,0
8.64864864864865,-0.013321602373043352,-0.0005386629162012803,0.9996091652732467,-0.00029128091328913734,0.010197572590032927,0.011681761746685445,0.13097497107903824,0.13372351835906812,0,1,0
8.66866866866867,-0.013292212096422562,0.001469513831039463,0.9996046087614034,-0.00022782559216396567,0.010543216048747807,0.017282172935744015,0.1311057548385114,0.13368715676424905,0,1,0
8.68868868868869,-0.013221794597177088,0.003520874962273756,0.9996027098816745,-9.494398644444336e-05,0.010933675090387807,0.019522952081999792,0.13132845019956824,0.13376256430031455,0,1,0
8.70870870870871,-0.013109000915584158,0.005639684079646445,0.9996078685405732,0.0002579329449278002,0.011290517184044486,0.017842104682834016,0.1314244595445291,0.1337485556542117,0,1,0
8.72872872872873,-0.012952402011490722,0.007829945204671784,0.9996212773495319,0.0006704404479373829,0.011686489691703257,0.01979862538293852,0.13137382654217772,0.1335405479186301,0,1,0
8.74874874874875,-0.012750717863237246,0.010084207412673792,0.9996390825998426,0.0008902625155371803,0.01207845919971689,0.019598475400681572,0.13146405387749688,0.13347394694011677,0,1,0
8.76876876876877,-0.012502432675499199,0.012414259386902285,0.9996616128572612,0.00112651287092924,0.012351600253212377,0.013657052674774399,0.13147157934325832,0.13339701941754495,0,1,0
8.78878878878879,-0.012206113538680417,0.014815956840939077,0.999687817877128,0.0013102509933428607,0.012544297126490704,0.00963484366391626,0.13144755310023884,0.13325165307729295,0,1,0
8.80880880880881,-0.011860848994939372,0.017263227187052275,0.9997151722124287,0.0013677167650307737,0.012732611796681635,0.00941573350954642,0.13150556343837813,0.13312037833687582,0,1,0
8.82882882882883,-0.011465998265030438,0.01974253649544673,0.9997425801572961,0.0013703972433707742,0.012882281348717366,0.007483477601786841,0.13175825892278553,0.1330286665177006,0,1,0
8.84884884884885,-0.011020876893101456,0.02225606859644906,0.9997724170334594,0.0014918438081649758,0.012800643213364948,-0.004081906767621076,0.13163517094762564,0.13283111453633528,0,1,0
8.86886886886887,-0.010525070627204607,0.0247903132948425,0.9997999234525461,0.001375320954335053,0.012562702046094483,-0.011897058363523007,0.1315930134998157,0.1326726779084219,0,1,0
8.88888888888889,-0.009979029827702848,0.027302039975087938,0.9998221338517397,0.0011105199596795354,0.012172006950619454,-0.019534754773751606,0.13157897849160607,0.13253929107973678,0,1,0
8.90890890890891,-0.009383846680015379,0.029759157384373486,0.9998368804871314,0.0007373317695825682,0.011708642918044578,-0.023168201628743945,0.13160434138884236,0.13240221507330005,0,1,0
8.92892892892893,-0.008741167882424532,0.03213393987954232,0.9998425334835772,0.00028264982229297844,0.011151427496161935,-0.027860771094132136,0.13173364426857512,0.13238733939825625,0,1,0
8.94894894894895,-0.008052919061485319,0.03441244104696062,0.9998408170625882,-8.582104945072696e-05,0.010564317860035559,-0.02935548180631867,0.1318202523937772,0.13229215849173112,0,1,0
8.96896896896897,-0.007321387018559239,0.036576602146303996,0.9998316352367157,-0.00045909129362491015,0.009929783737485856,-0.03172670612748518,0.1318196268287666,0.13212500905756258,0,1,0
8.98898898898899,-0.00654901980673709,0.038618360591107424,0.9998125337254058,-0.0009550755654971939,0.0092835950005354,-0.03230943684752283,0.13197097409820355,0.13208787047205678,0,1,0
9.00900900900901,-0.005738415996535782,0.0405301905100654,0.9997852381077876,-0.0013647808809064813,0.008666175864501661,-0.030870956801686847,0.13219447570182563,0.1320982966970528,0,1,0
9.02902902902903,-0.004892153374016774,0.042313131125950386,0.9997532449666671,-0.001599657056029964,0.008001866751468873,-0.0332154556516395,0.1324879811446039,0.1317665429022287,0,1,0
9.04904904904905,-0.004012709118654665,0.043972212768105465,0.9997160133335569,-0.001861581655508543,0.006836769029570256,-0.05825488609493076,0.13263881627374727,0.1321132182331679,0,1,0
9.06906906906907,-0.0031027511031266443,0.045497900776401035,0.9996809395897295,-0.0017536871913675111,0.005515789912160582,-0.06604895587048386,0.1326793468590453,0.13215997365631307,0,1,0
9.08908908908909,-0.00216700301655397,0.04678740432863372,0.9996493489759178,-0.0015795306905846632,0.004306737145784288,-0.06045263831881461,0.13278040469504193,0.1320968602605003,0,1,0
9.10910910910911,-0.0012107446446470696,0.04781291859534501,0.9996218327534225,-0.0013758111247656301,0.0032276307433529213,-0.05395532012156838,0.1328673985831661,0.13199774829272828,0,1,0
9.12912912912913,-0.00023874408645628358,0.0486000279095393,0.999598231308287,-0.0011800722567796064,0.0021390417459041743,-0.05442944987243734,0.1329405485814309,0.13197415823374747,0,1,0
9.14914914914915,0.0007446934186215766,0.04917187525389301,0.9995792915426263,-0.0009469882830350465,0.0010782734249684856,-0.053038416046784484,0.13290838976462652,0.13182004717251913,0,1,0
9.16916916916917,0.0017351782744431787,0.04952424279108011,0.9995622614710693,-0.0008515035778490245,0.00014305363835977905,-0.04676098933043532,0.13289197613054715,0.13161764158805012,0,1,0
9.18918918918919,0.002728480496129989,0.04966511108434052,0.999543904423567,-0.000917852375115997,-0.0006997366188479866,-0.04213951286038827,0.13324934802851604,0.13180825342717958,0,1,0
9.20920920920921,0.003720841540799622,0.04961805223348167,0.9995323420318364,-0.0005781195865317778,-0.0014054541889304251,-0.03528587850412192,0.13333223037649625,0.1316991767459949,0,1,0
9.22922922922923,0.004708927096461562,0.04940427778309697,0.9995271796044002,-0.0002581213718089967,-0.0020777490432196447,-0.033614742714461,0.13313080006883798,0.12999058071959232,0,1,0
9.24924924924925,0.005689936894433428,0.049050489898593314,0.9995001121911891,-0.001353370660554218,-0.00378190519922203,-0.08520780780011922,0.13115317526775594,0.12862683601579233,0,1,0
9.26926926926927,0.006661315749607865,0.04856894275872183,0.9994016519469409,-0.00492301221240901,-0.005941934862791671,-0.10800148317848207,0.13246286700336724,0.1302555265417406,0,1,0
9.28928928928929,0.0076162500315693805,0.04774671409807581,0.9992753708308748,-0.0063140558033034765,-0.008112115754970551,-0.108509044608944,0.1332621960925235,0.13113437141566678,0,1,0
9.30930930930931,0.008546179575362441,0.04649647718965304,0.9991461126430973,-0.006462909388879466,-0.010191016322875862,-0.10394502839526548,0.1339557151847973,0.1318675096226821,0,1,0
9.32932932932933,0.009442437760551143,0.04481290925943507,0.9990349549889883,-0.005557882705448564,-0.012115112482318825,-0.09620480797214828,0.13431058901916096,0.1322378112889128,0,1,0
9.34934934934935,0.0102966914994653,0.042712686945707824,0.9989525504098166,-0.004120228958586001,-0.013744350137740552,-0.08146188277108656,0.13446816607457449,0.13232988405737264,0,1,0
9.36936936936937,0.011101328723280816,0.040231861190775854,0.998902488221713,-0.002503109405179898,-0.015119252410255666,-0.06874511362575532,0.13447871909694523,0.13230098319220507,0,1,0
9.38938938938939,0.011849899334294738,0.037428530550696074,0.9988843862812732,-0.0009050970219904256,-0.01616040894536068,-0.05205782675525075,0.13444063037618337,0.1321719219133501,0,1,0
9.40940940940941,0.012537031542853405,0.03435661042793332,0.9988956635149266,0.0005638616826737892,-0.01689439429687415,-0.03669926757567357,0.13435490629002247,0.13200290532917405,0,1,0
9.42942942942943,0.013158716043154746,0.031084225015067017,0.9989324578098396,0.001839714745650492,-0.017366700474206857,-0.02361530886663534,0.13401378919124754,0.1315720240847874,0,1,0
9.44944944944945,0.013712193398336906,0.02767386775910796,0.998983264898693,0.0025403544426685406,-0.017432611209940337,-0.003295536786674075,0.134211715202887,0.13160855594175278,0,1,0
9.46946946946947,0.014195639998115524,0.024172329988930912,0.9990515144516056,0.003412477645623883,-0.017292792548727134,0.006990933060660053,0.13404395928626034,0.13139373009174904,0,1,0
9.48948948948949,0.01460892870043132,0.020664435115789824,0.9991315207783925,0.004000316339349167,-0.016936146256053976,0.0178323146336581,0.13392332119161732,0.13121566774341648,0,1,0
9.50950950950951,0.014952776542983532,0.01719239212761057,0.9992188594751874,0.004366934839744474,-0.016470585544482098,0.0232780355785938,0.13379608259245995,0.13109495040788172,0,1,0
9.52952952952953,0.01522868021576393,0.01379518363901992,0.999309875863957,0.004550819438484083,-0.015844826238189003,0.03128796531465486,0.13410902700210048,0.13066109557491834,0,1,0
9.54954954954955,0.015438529909767561,0.0104924847001815,0.999402806677378,0.0046465406710487454,-0.015613658890821135,0.011558367368393517,0.1341303802383687,0.13101167993833582,0,1,0
9.56956956956957,0.01558479121258203,0.007313065140723481,0.9995031997417132,0.005019653216759989,-0.015598988985757916,0.0007334952531608818,0.13374180151200496,0.13086845969028116,0,1,0
9.58958958958959,0.015668534517300384,0.004187165235917632,0.9996031859669603,0.004999311262357205,-0.015580428377068828,0.0009280304344545584,0.13358545438437164,0.13084204616020215,0,1,0
9.60960960960961,0.015689938816360847,0.0010702149530231065,0.9997000595309273,0.004843678198351129,-0.015509019618820175,0.0035704379124324396,0.13335132731568272,0.13072019845590757,0,1,0
9.62962962962963,0.01564920660967145,-0.0020366103344698436,0.999788551134156,0.004424580161434968,-0.01528977471797024,0.010962245042496557,0.13316413117249315,0.13032412719600475,0,1,0
9.64964964964965,0.015546833610498063,-0.005118649958669359,0.9998600319049011,0.003574038537254951,-0.015152230863246175,0.006877192736203616,0.13310508524700707,0.13045105582924224,0,1,0
9.66966966966967,0.015383757230248398,-0.008153819012483226,0.9999155341705731,0.0027751132835961796,-0.015038776293209684,0.005672728501824318,0.13318811345479073,0.13069746504653518,0,1,0
9.68968968968969,0.01516051914372057,-0.011161904326391428,0.9999599588567757,0.0022212343101274084,-0.014875391721266673,0.008169228597150538,0.13318888147058836,0.13082649562427803,0,1,0
9.70970970970971,0.014877670784358395,-0.014142417968108693,0.9999952442234429,0.0017642683333589765,-0.01472878161968294,0.007330505079186714,0.1331466255393821,0.13096520674456827,0,1,0
9.72972972972973,0.014535877342700421,-0.017089672082898688,1.000022835949862,0.0013795863209593604,-0.014451362888537139,0.013870936557290027,0.1331730866453331,0.13108362853186387,0,1,0
9.74974974974975,0.014135744529066855,-0.020006640681678282,1.0000448948861473,0.0011029468142707203,-0.013998774086708835,0.0226294400914154,0.13317881138707086,0.131150401271409,0,1,0
9.76976976976977,0.013678513892439887,-0.02286153183134839,1.000062515253284,0.0008810183568403865,-0.013558961153243301,0.02199064667327657,0.13310035851138532,0.1312598363603397,0,1,0
9.78978978978979,0.013166017355741244,-0.025624826834932144,1.0000761847947008,0.000683477070836051,-0.013017375201312997,0.027079297596515183,0.1330579367781725,0.13133739179818027,0,1,0
9.80980980980981,0.012600057308351571,-0.028298002369483596,1.0000864508981255,0.0005133051712346658,-0.012356697397103537,0.03303389021047294,0.13301195822073797,0.13140057853202905,0,1,0
9.82982982982983,0.011982908742700814,-0.030857428282537826,1.0000935994368876,0.0003574269380984034,-0.011705792314359387,0.032545254137207574,0.13302488161865736,0.13171615701617106,0,1,0
9.84984984984985,0.011317163314738397,-0.033287271398120884,1.000102532117465,0.00044663402886740305,-0.010862259806455195,0.04217662539520962,0.13298711642893374,0.13172881224501914,0,1,0
9.86986986986987,0.01060548703380404,-0.035583814046717864,1.000112906191113,0.0005187036823921532,-0.00991622537294642,0.0473017216754388,0.13292375253331346,0.1317672582108385,0,1,0
9.88988988988989,0.009851276048895219,-0.03771054924544105,1.0001243886423756,0.0005741225631314101,-0.00887307174052742,0.05215768162094994,0.13286682280025025,0.131809669904397,0,1,0
9.90990990990991,0.00905837929503709,-0.039644837692906415,1.0001368020025574,0.0006206680090834774,-0.007847726728402888,0.051267250606226486,0.1328168576624841,0.13192990131627502,0,1,0
9.92992992992993,0.008230962346679995,-0.04137084741785473,1.0001512248472708,0.0007211422356696264,-0.006802964636785451,0.05223810458087195,0.13275818540110346,0.13202089439729228,0,1,0
9.94994994994995,0.007373172968747033,-0.042889468896648124,1.0001681679191052,0.000847153591719658,-0.0058123839701807725,0.049529033330233826,0.13258183280280825,0.13203075875574133,0,1,0
9.96996996996997,0.006489240640938839,-0.04419661639040973,1.0001851926832244,0.0008512382059587474,-0.004897130185475164,0.04576268923528049,0.13227793612736186,0.13195571922101987,0,1,0
9.98998998998999,0.00558313774876564,-0.04530514460865993,1.0001967097729008,0.00057585448381955,-0.00393931338863952,0.04789083984178214,0.13224943370207368,0.13208575554184152,0,1,0
10.01001001001001,0.004658519229833924,-0.04623092594658577,1.0002042471517758,0.0003768689437539444,-0.002928273043116075,0.05055201727617227,0.1322287842738169,0.13220581619705993,0,1,0
10.03003003003003,0.003719218637419975,-0.04696502962069746,1.0002092974619758,0.0002525155099998884,-0.0018910290181680756,0.05186220124739999,0.12980406209003936,0.1311177900894342,0,1,0
10.05005005005005,0.0027694581890035617,-0.04748802242082068,1.0001598358904138,-0.0024730785781038943,5.616274890130541e-05,0.09735958835346903,0.12955640900708512,0.13043015842743733,0,1,0
10.07007007007007,0.0018133428761656534,-0.04780576564189542,1.0000420617338666,-0.005888707827359899,0.002444527605912423,0.11941824285055584,0.13102504502206458,0.13168123801011122,0,1,0
10.09009009009009,0.0008584808416841576,-0.04774310172407479,0.9998963312625846,-0.007286523564098564,0.004906405342956261,0.12309388685219189,0.13179499211952583,0.1324292086114666,0,1,0
10.11011011011011,-8.572602826618686e-05,-0.047210343497517224,0.9997451439138889,-0.007559367434783193,0.0073229831237258645,0.12082888903848019,0.13239784750880787,0.13305572136590932,0,1,0
10.13013013013013,-0.0010095245524434871,-0.04618992620886501,0.9996066814278765,-0.006923124300620668,0.009643255404943003,0.1160136140608569,0.1327676677313733,0.13346606712872772,0,1,0
10.15015015015015,-0.001903240395647274,-0.044685792160189336,0.9994924326092519,-0.005712440931224952,0.01169883456753485,0.10277895812959231,0.13286630148697548,0.13370694876516664,0,1,0
10.17017017017017,-0.002757586867864471,-0.04271732361085985,0.9994073290213548,-0.004255179394856734,0.013385539525098829,0.08433524787819885,0.1327148167140146,0.1337592859582067,0,1,0
10.19019019019019,-0.0035644723793322544,-0.04034427557338916,0.9993497907752391,-0.002876912305784615,0.014817449746237433,0.07159551105693034,0.13255281892033025,0.1337330678417896,0,1,0
10.21021021021021,-0.004317274168512176,-0.037640089458996065,0.999316923111015,-0.001643383211203428,0.016020428001841842,0.06014891278022033,0.13238483175320598,0.13368173198984618,0,1,0
10.23023023023023,-0.005010354262682061,-0.03465400470849423,0.99930537689326,-0.0005773108877483854,0.01692516444216898,0.045236822016356724,0.13297345920722367,0.13404196031159374,0,1,0
10.25025025025025,-0.0056387454444640625,-0.031419559089100074,0.9993291166022334,0.0011869854486694041,0.01724894849021834,0.016189202402468454,0.13239509644475686,0.13382852565558997,0,1,0
10.27027027027027,-0.006199038160092578,-0.028014635781425767,0.9993763254873773,0.002360444257193336,0.01712077259800888,-0.006408794610473251,0.13189308005452496,0.13362343202914212,0,1,0
10.29029029029029,-0.006690113931651163,-0.02455378857792923,0.9994364883436385,0.0030081428130606875,0.01662425322536008,-0.024825968632440087,0.13152665231953992,0.13353231093485585,0,1,0
10.31031031031031,-0.007112613694870062,-0.021124988160944973,0.999502825835272,0.003316874581672989,0.015907583985052973,-0.03583346201535516,0.13145291528844816,0.13364580259834316,0,1,0
10.33033033033033,-0.007468506913609979,-0.017794660936995846,0.9995759548498003,0.0036564507264196934,0.015067504629106014,-0.04200396779734793,0.1312298028556484,0.13354969388038843,0,1,0
10.35035035035035,-0.007760687680501263,-0.014609038344564167,0.999651187202828,0.0037616176513794353,0.014107770471623543,-0.04798670787412357,0.13093305853057266,0.13338370551598375,0,1,0
10.37037037037037,-0.007992560182763201,-0.01159362511309692,0.9997217178803625,0.0035265338767253287,0.013042972599746365,-0.05323989359385918,0.13081076504168687,0.13339623698689304,0,1,0
10.39039039039039,-0.008167922182920187,-0.008768100007849267,0.9997859797460739,0.003213093285570917,0.011918385381432165,-0.05622936091570985,0.13078424495391455,0.13348174522159995,0,1,0
10.41041041041041,-0.00829097437017003,-0.006152609362492125,0.9998449084206389,0.0029464337282530664,0.01082068788483547,-0.054884874829834826,0.1307653178883605,0.13350830179989126,0,1,0
10.43043043043043,-0.00836613289391442,-0.0037579261872195176,0.9998986762995983,0.002688393947971017,0.009733159736602307,-0.05437640741165811,0.13085456719016297,0.13348048876642177,0,1,0
10.45045045045045,-0.008397725475038231,-0.001579629056190536,0.9999482466095116,0.0024785154956663176,0.008564863426614371,-0.0584148154993968,0.13078815452228565,0.13354431495581615,0,1,0
10.47047047047047,-0.008390025267496779,0.0003850103770726438,0.9999936282412646,0.0022690815876458595,0.007379664115779932,-0.059259965541721964,0.13072473387245376,0.13358036898912842,0,1,0
10.49049049049049,-0.008347567983500769,0.002122864199800527,1.0000344610192855,0.0020416389010463245,0.00611399081405513,-0.06328366508624014,0.13063447354550814,0.1336342344070783,0,1,0
10.51051051051051,-0.008275077812342308,0.003624508557923039,1.0000702463981614,0.0017892689437986713,0.004982759089615392,-0.05656158622198692,0.1305946142986071,0.1336009446558327,0,1,0
10.53053053053053,-0.008177539028390572,0.004876939197586833,1.0000999381595068,0.0014845880672709967,0.003987886909996966,-0.049743608980921276,0.12952082902078596,0.1332892355838592,0,1,0
10.55055055055055,-0.008059460223356348,0.005903940251711204,1.0001030401515654,0.0001550996029289261,0.0036588663501040774,-0.016451027994644464,0.12974856556984068,0.1330964501847501,0,1,0
10.57057057057057,-0.00792476148434765,0.0067349369504349,1.0000801089172024,-0.0011465617181455896,0.0037205841055131593,0.003085887770454078,0.13026887674298646,0.13333269920141474,0,1,0
10.59059059059059,-0.007774713513971053,0.007502398518829823,1.0000423785455905,-0.0018865185805985963,0.0039783937311312694,0.012890481280905527,0.1306643871295578,0.13352882331040172,0,1,0
10.61061061061061,-0.0076090543729159,0.008282957052757675,0.9999986249897395,-0.0021876777925531245,0.004271204831002891,0.014640554993581014,0.13092439228825142,0.13367212853659496,0,1,0
10.63063063063063,-0.007426759540594437,0.009114741616073162,0.9999548241715858,-0.0021900409076822157,0.00449725518970798,0.011302517935254441,0.13110604636656936,0.13378839766703754,0,1,0
10.65065065065065,-0.0072267510971538145,0.010000422172031105,0.9999153850600047,-0.0019719555790569166,0.004749386244900706,0.012606552759636312,0.13127923776420414,0.13384365977628396,0,1,0
10.67067067067067,-0.00700814969738968,0.010930069988206748,0.9998836847316752,-0.0015850164164745461,0.0049497774549637705,0.01001956050315325,0.13140264733110466,0.13388663666184203,0,1,0
10.69069069069069,-0.006769984679588929,0.01190825089003753,0.9998621773322477,-0.0010753699713787887,0.005065366997208704,0.005779477112246685,0.13129316820531672,0.13372411131174958,0,1,0
10.71071071071071,-0.006511557687046021,0.012921349627145416,0.9998468211670237,-0.0007678082611988551,0.0051565528227797254,0.004559291278551089,0.13127908066939914,0.1336135642354912,0,1,0
10.73073073073073,-0.0062324777975861275,0.013953994472994669,0.999835762580742,-0.0005529293140873915,0.00521744261846491,0.0030444897842592544,0.13115790095875085,0.13336839833831163,0,1,0
10.75075075075075,-0.005932530617035144,0.014997359027549142,0.9998235690007686,-0.0006096789986696192,0.005338815478968406,0.006068643025174655,0.1312549457894035,0.1332644908054535,0,1,0
10.77077077077077,-0.005611506201881677,0.016051220757673377,0.9998101384519683,-0.0006715274400157947,0.005381027784743896,0.002110615288774525,0.13131914267131736,0.1332062593218778,0,1,0
10.79079079079079,-0.0052689894984117615,0.017125835173495786,0.999795557814662,-0.0007290318653157056,0.0053304131923795645,-0.0025307296182165706,0.13128509495746354,0.13305035001235946,0,1,0
10.81081081081081,-0.004904939977987694,0.01820247602120337,0.9997770130122084,-0.0009272401226761452,0.005266946614686377,-0.003173328884659318,0.13135148263577853,0.13293272635968825,0,1,0
10.83083083083083,-0.004519626921193218,0.019265652839723802,0.9997537493072619,-0.0011631852473273868,0.0051382993178630985,-0.006432364841163895,0.1315430184633477,0.13298554486653102,0,1,0
10.85085085085085,-0.004113390991423344,0.02031179648849368,0.9997293918944261,-0.0012178706417912066,0.005014030208510901,-0.0062134554676099496,0.13169299149113653,0.13292794780872236,0,1,0
10.87087087087087,-0.0036867569014925484,0.021331704496539785,0.9997053128237388,-0.001203953534370139,0.004747751593023377,-0.013313930774376204,0.1317854234301921,0.13289558647455804,0,1,0
10.89089089089089,-0.003240285322540189,0.02232357894761797,0.9996824042842558,-0.0011454269741493761,0.0043573189054064475,-0.019521634380846427,0.13185958388818306,0.13284024363426852,0,1,0
10.91091091091091,-0.002775141269903985,0.023257202631810185,0.9996609492102914,-0.0010727536982251154,0.0039429593574572975,-0.02071797739745751,0.13195460101737483,0.13273617415004466,0,1,0
10.93093093093093,-0.002292920495797196,0.02411103870533945,0.9996408192915786,-0.0010064959356382186,0.0034389306744504063,-0.025201434150344516,0.1320255584046536,0.13266469086454125,0,1,0
10.95095095095095,-0.0017953447450495793,0.024878787537380848,0.9996220124092977,-0.0009403441140396396,0.002890562507041555,-0.027418408370442536,0.13214490682514346,0.13261047832977263,0,1,0
10.97097097097097,-0.0012844314815537113,0.025545663174793398,0.9996054997563709,-0.000825632646340002,0.0022196744751543174,-0.03354440159436193,0.13221589477485607,0.13256647327062415,0,1,0
10.99099099099099,-0.0007624723802503008,0.026097955065170528,0.9995916860122609,-0.0006906872055030592,0.0015864826842643465,-0.03165958954449852,0.13231657649260392,0.1324783576787094,0,1,0
11.01101101101101,-0.00023216261542691695,0.026515488241169193,0.9995807618573627,-0.0005462077449140205,0.0009451989758729118,-0.03206418541957174,0.132352702698624,0.13237444017881483,0,1,0
11.03103103103103,0.00030393298031342096,0.026804779787016897,0.9995717253362021,-0.00045182605803052625,0.00032312163132514136,-0.03110386722738851,0.1337966410025791,0.13300987437483364,0,1,0
11.05105105105105,0.0008432373590638664,0.02696521893752227,0.9995953835890975,0.001182912644768959,-0.0007602959248142225,-0.05417087780696819,0.1323970313773849,0.13178613792592517,0,1,0
11.07107107107107,0.001383217792978837,0.02699902169574854,0.9996128469306431,0.0008731670772798175,-0.002051025302054065,-0.06453646886199216,0.13259274215342978,0.13201527052551762,0,1,0
11.09109109109109,0.001919529327103941,0.026815576706255197,0.9996304134974668,0.0008783283411847016,-0.003330708175207293,-0.06398414365766142,0.13272893851087858,0.13205740628602994,0,1,0
11.11111111111111,0.002447053843941768,0.026376225841891334,0.9996507180467019,0.0010152274617562212,-0.004566663955455479,-0.06179778901240932,0.13288331380931678,0.1321112441489184,0,1,0
11.13113113113113,0.0029607178965283688,0.025683202629330052,0.999676829450728,0.0013055702013027558,-0.005741599404935864,-0.058746772474019236,0.1329583134240208,0.13209465359982245,0,1,0
11.15115115115115,0.003455626467897594,0.024745428568461274,0.9997095891064499,0.0016379827860983935,-0.006831283857352452,-0.0544842226208293,0.13297186306433328,0.1320106806214278,0,1,0
11.17117117117117,0.0039270804419601684,0.023572698703128697,0.999747924511845,0.0019167702697574932,-0.007706930430378051,-0.04378232865128001,0.13312747932047694,0.13198675877153845,0,1,0
11.19119119119119,0.004370768489839236,0.022184402393953372,0.9997937552220745,0.0022915355114751304,-0.008435178474635026,-0.03641240221284883,0.13313875922015567,0.1318729210595168,0,1,0
11.21121121121121,0.0047832201686943895,0.02062258394275768,0.9998455308188989,0.0025887798412229305,-0.008988450890555983,-0.027663620796047825,0.13314051520518738,0.13172995211171815,0,1,0
11.23123123123123,0.005161547648381853,0.018916373984373194,0.9999011314574536,0.0027800319277366354,-0.009342924723579732,-0.017723691651187465,0.13261440216009038,0.13068822208205944,0,1,0
11.25125125125125,0.005503731897355971,0.017109212448705908,0.9999373088081337,0.0018088675340038655,-0.009746860111793872,-0.020196769410707006,0.132727264543792,0.13080235596145678,0,1,0
11.27127127127127,0.0058083315196872185,0.015229981116562345,0.9999574288494708,0.00100600206685567,-0.010088639920025842,-0.0170889904115984,0.13307152904283154,0.13108626053550038,0,1,0
11.29129129129129,0.006073646301263209,0.013265739078799525,0.9999707953937407,0.0006683272134946708,-0.010293885147929996,-0.010262261395207726,0.13331241381243628,0.13122146132715742,0,1,0
11.31131131131131,0.006298265916793079,0.011230980776493473,0.9999829720366408,0.0006088321450034897,-0.0103527890099314,-0.0029451931000701505,0.1334344872026397,0.13123353938455276,0,1,0
11.33133133133133,0.006481376203114127,0.009155514316052396,0.9999959388888123,0.0006483426085804242,-0.010309587454308298,0.002160077781155202,0.13355211156810814,0.1312697670410198,0,1,0
11.35135135135135,0.006622768086210571,0.0070695941548222,1.000011972115247,0.0008016613217325678,-0.010251805151503918,0.0028891151402189934,0.1335736073380552,0.1312732181828239,0,1,0
11.37137137137137,0.0067225091618524505,0.004987053782093982,1.0000314405820585,0.000973423340572334,-0.009939301809411914,0.01562516710460019,0.133627125712504,0.131154498712459,0,1,0
11.391391391391391,0.006780861264037983,0.002917605109276636,1.0000533779925511,0.001096870524635017,-0.009493651777383054,0.022282501601442992,0.1335044075947906,0.13093227442370206,0,1,0
11.411411411411411,0.006799115962850637,0.00091273494063265,1.0000726847660142,0.0009653386731549558,-0.008959067219314285,0.026729227903438436,0.13355757871190307,0.1309129588825989,0,1,0
11.431431431431431,0.0067789945854348525,-0.0010060688707892109,1.0000898815460637,0.0008598390024782242,-0.008293465180223414,0.0332801019545435,0.1326404733624955,0.13032525191704458,0,1,0
11.451451451451451,0.006722840146555594,-0.002807721943962923,1.0000826967266783,-0.00035924096927158415,-0.0072682898848701995,0.05125876476766067,0.13310295091027152,0.1305155387729524,0,1,0
11.471471471471471,0.006633154727118967,-0.004484270971831327,1.000060842466812,-0.0010927129933115396,-0.006025247328953043,0.06215212779585768,0.1334064671884121,0.13061724697595525,0,1,0
11.491491491491491,0.006513929397944534,-0.005961266458721673,1.0000303648861246,-0.0015238790343739955,-0.004733774471619523,0.06457364286667605,0.13358741293443507,0.13069661604635419,0,1,0
11.511511511511511,0.006370005459874244,-0.007196196903514485,0.9999951597155046,-0.0017602585310040456,-0.003434055814480832,0.06498593285693459,0.13371339722409675,0.1307479690825208,0,1,0
11.531531531531531,0.006206444007580432,-0.008178072614690632,0.9999578851873728,-0.001863726406584921,-0.002180199406410948,0.06269282040349418,0.13506489653462925,0.1307457736739813,0,1,0
11.551551551551551,0.006028318668068984,-0.008906266975572404,0.9999385533644222,-0.0009665911475332686,-0.0021210310761251715,0.002958416514288846,0.13393116589580306,0.13038942696338932,0,1,0
11.571571571571571,0.005840607142829083,-0.009385576261995043,0.9999150884738621,-0.0011732445280009422,-0.0025954046332428587,-0.02371867785588435,0.1338789082611601,0.13077128582668116,0,1,0
11.591591591591591,0.005643539612426004,-0.009853376520153934,0.9998923773296227,-0.0011355572119751006,-0.0032576315701915988,-0.03311134684743704,0.13386627951030475,0.13100907469858378,0,1,0
11.611611611611611,0.005435259892618081,-0.010413985990396205,0.9998737506395841,-0.0009313345019326851,-0.003916405680784902,-0.032938705529665165,0.13412603114268223,0.13140827058174193,0,1,0
11.631631631631631,0.0052131907618777696,-0.011103456537015534,0.9998689596404613,-0.0002395499561356724,-0.004545163270219179,-0.031437879471713816,0.1339406748774807,0.13166478354283803,0,1,0
11.651651651651651,0.004974805704951526,-0.011919252846312206,0.9998790380198703,0.000503918970451307,-0.0049019928223176,-0.017841477604920976,0.13368960847215483,0.13138131889325322,0,1,0
11.671671671671671,0.004717700105143441,-0.012855279990404256,0.9998960443794263,0.0008503179777971739,-0.005051797099003727,-0.007490213834306415,0.13349932502552692,0.1311889107643105,0,1,0
11.691691691691691,0.004440520248614704,-0.013858992826436815,0.9999142970420047,0.0009126331289224405,-0.005004874227655169,0.002346143567427893,0.13338180761135413,0.13106993813826898,0,1,0
11.711711711711711,0.004142746083424614,-0.014888708259504505,0.9999302885480303,0.0007995753012815716,-0.00482649567446314,0.008918927659601412,0.13318279586609869,0.130914687357918,0,1,0
11.731731731731731,0.003824658668124199,-0.01590437076502072,0.9999387733748862,0.0004242413427924232,-0.00458588528632717,0.0120305194067985,0.13307047889820298,0.13088831887169103,0,1,0
11.751751751751751,0.0034870453631071253,-0.016880665250853695,0.999937706466001,-5.334544426369457e-05,-0.004335404933987502,0.012524017616983383,0.13295563384750483,0.13090030208259906,0,1,0
11.771771771771771,0.0031308938633310404,-0.017807574988804246,0.9999255761501538,-0.0006065157923631865,-0.004019264912341287,0.015807001082310763,0.13290719423036104,0.13094815842829596,0,1,0
11.791791791791791,0.0027572531480540606,-0.018682035763848984,0.9999023871630947,-0.001159449352956227,-0.003665567264945892,0.017684882369769835,0.1328596684722501,0.13101987160537726,0,1,0
11.811811811811811,0.0023674765896199612,-0.01948882792170497,0.9998685120175876,-0.0016937572753487424,-0.0033805675441123005,0.014249986041679576,0.13282332541780692,0.131182623524699,0,1,0
11.831831831831831,0.001962990785698241,-0.020224290196086025,0.9998258374697727,-0.00213372739074836,-0.00307698267810494,0.015179243300368031,0.132609920599751,0.13131739514395516,0,1,0
11.851851851851851,0.001544987193281522,-0.020900179620835947,0.9997732097208134,-0.0026313874479637744,-0.002593169568097061,0.024190655500393992,0.13277265023936397,0.1315118040929428,0,1,0
11.871871871871871,0.0011146970155980782,-0.021514508884172185,0.9997159316755228,-0.002863902264534242,-0.001998832745245078,0.02971684114259909,0.13276522520236042,0.13157573637108064,0,1,0
11.891891891891891,0.0006740881104586403,-0.022030445256971894,0.9996548496737259,-0.00305410008984438,-0.0013633181641122107,0.03177572905664337,0.13289912713095883,0.13182342423048532,0,1,0
11.911911911911911,0.0002255533809822544,-0.022426736473819292,0.9995956253656051,-0.002961215406038665,-0.0007269178517025904,0.03182001562048102,0.1327838063389903,0.13186397384461016,0,1,0
11.931931931931931,-0.00022832240288563998,-0.02269378919339472,0.9995371537197059,-0.0029235822949588907,-0.00012745046115730563,0.029973369527264232,0.1328580815284157,0.13212206229275578,0,1,0
11.951951951951951,-0.000684965736850225,-0.022832166698229253,0.9994843606445927,-0.002639653755657538,0.0004327658066014464,0.028010813387937608,0.13276145479432133,0.13221756438838084,0,1,0
11.971971971971971,-0.001141980636810307,-0.02285074499800411,0.9994372258417858,-0.0023567401403435163,0.0010295800281361176,0.029840711076733556,0.13284582721267635,0.13243819765077242,0,1,0
11.991991991991991,-0.00159709479695382,-0.02275570800717565,0.999400262946694,-0.0018481447545923672,0.0016353710945039943,0.03028955331839383,0.1326921019319322,0.1324383239907106,0,1,0
12.012012012012011,-0.0020478832541465444,-0.02253942285963621,0.9993711863770102,-0.001453828484194018,0.0022125426462579747,0.028858577587698993,0.13259049376851273,0.13249825826847136,0,1,0
12.032032032032031,-0.00249189077704113,-0.022200376144729264,0.9993493691133035,-0.0010908631853298592,0.0027353698754810623,0.026141361461154335,0.13204129975717485,0.13314046965062906,0,1,0
12.052052052052051,-0.0029267745596323995,-0.021744189129563475,0.9993361788814294,-0.0006595115937021504,0.004005256908041399,0.06349435162801688,0.13139510247544772,0.13209342664483023,0,1,0
12.072072072072071,-0.003350470615049681,-0.021184802770864063,0.9993065185924443,-0.0014830144492567856,0.005534654553649754,0.07646988228041769,0.13195928834462678,0.13250864610565755,0,1,0
12.092092092092091,-0.0037579109255503305,-0.020372015525032497,0.9992748945821884,-0.001581200512797505,0.007084278838694188,0.0774812142522217,0.13232347550027118,0.13285259622208687,0,1,0
12.112112112112111,-0.004142974927057784,-0.01925320007537264,0.9992517706139059,-0.0011561984141247859,0.008476311060152888,0.06960161107293492,0.13238814656460268,0.13300001282091256,0,1,0
12.132132132132131,-0.004499466888846897,-0.01782459808945565,0.9992402432778255,-0.0005763668040243385,0.009575795998237064,0.054974246904208796,0.13248944369666804,0.1332496730775105,0,1,0
12.152152152152151,-0.004821872051573023,-0.016120258136306336,0.9992454597049548,0.00026082135646704116,0.010460172364630472,0.0442188183196704,0.13208609225099688,0.1329603509340489,0,1,0
12.172172172172171,-0.005105896756013405,-0.014201235222019099,0.9992571058390088,0.0005823067026995497,0.011044014409413199,0.029192102239136295,0.1319970912309669,0.13303406349943211,0,1,0
12.192192192192191,-0.005348026832416322,-0.012106503820145876,0.9992749151999318,0.0008904680461495313,0.011311774491310784,0.013388004094879287,0.1319282974917654,0.13316862091032722,0,1,0
12.212212212212211,-0.00554598302783808,-0.009897809771087892,0.9992998323862968,0.0012458593182476897,0.011405892002480676,0.0047058755584946915,0.13219556784435996,0.1335299123665845,0,1,0
12.232232232232231,-0.005698504638199242,-0.007626080518058079,0.9993411513626526,0.0020659488177848396,0.011131969183825115,-0.013696140932778078,0.13265759223678467,0.13361645548025886,0,1,0
12.252252252252251,-0.005805142586048478,-0.005331897392461803,0.999406981134175,0.0032914885761229284,0.010145797411670224,-0.04930858860774459,0.13216847643684487,0.13362968836816386,0,1,0
12.272272272272271,-0.005867057272663677,-0.0030957343307599456,0.9994902645196329,0.00416416927289006,0.008780920370929719,-0.06824385203702521,0.13176908467250922,0.13354452170927728,0,1,0
12.292292292292291,-0.005888152493516907,-0.001054761042661476,0.9995838505797565,0.004679303006181534,0.00711896944378383,-0.08309754635729447,0.13146410945612377,0.1335454166262711,0,1,0
12.312312312312311,-0.005873830786437098,0.0007160853539904543,0.9996832771071135,0.004971326367849311,0.005338519773189728,-0.08902248352970517,0.13128665762339042,0.13357387305742333,0,1,0
12.332332332332332,-0.005830593304455245,0.0021618740990926233,0.9997863839778861,0.00515534353863204,0.0034735987056866446,-0.09324605337515414,0.13114508135003236,0.1336176639758159,0,1,0
12.352352352352352,-0.005765434667260662,0.0032579318597291533,0.9998917630500918,0.005268953610282713,0.001629035250285459,-0.0922281727700593,0.13102877471948274,0.13363810893196412,0,1,0
12.372372372372372,-0.005685650342921783,0.0039892162169439666,0.9999980245106125,0.005313073026038521,-0.00016707602453360635,-0.08980556374095326,0.1309161103628258,0.13363022509808348,0,1,0
12.392392392392392,-0.00559845138219669,0.004359948036254681,1.0001034001666527,0.00526878280200629,-0.0019008951701342028,-0.08669095728002982,0.13071899201015094,0.13352774549530338,0,1,0
12.412412412412412,-0.005510872843598847,0.0043789269298921294,1.0002034573725784,0.005002860296283296,-0.0035153347780792865,-0.08072198039725414,0.13059531591588716,0.1334674800657796,0,1,0
12.432432432432432,-0.00542964856910266,0.00406121372480934,1.0002954683546132,0.004600549101740048,-0.005054052472149997,-0.07693588470353559,0.129820074258121,0.13249172870220474,0,1,0
12.452452452452452,-0.005361037104170895,0.003430573246588288,1.0003534820493767,0.0029006847381727037,-0.00660219469288695,-0.07740711103684764,0.13010628525273082,0.13293650192849402,0,1,0
12.472472472472472,-0.005310995200298291,0.0025020951936301997,1.0003883295347378,0.00174237426805684,-0.008162856332150564,-0.07803308196318053,0.13035476507131816,0.13335855770910726,0,1,0
12.492492492492492,-0.005285589197213714,0.0012703001542287986,1.0004099279505132,0.0010799207887729916,-0.00963035943120422,-0.0733751549526829,0.13047774864191922,0.13359304266726163,0,1,0
12.512512512512512,-0.0052909567126956285,-0.0002683757740956896,1.000423538592763,0.0006805321124889259,-0.010882723453398798,-0.06261820110972885,0.13058600076316607,0.13373292720771882,0,1,0
12.532532532532532,-0.005332806956164259,-0.0020925121734314913,1.0004327927250776,0.00046270661573392523,-0.011976703964480464,-0.05469902555408323,0.12971277934138803,0.13399026799097954,0,1,0
12.552552552552552,-0.005415925877859431,-0.004155946084758639,1.0004285199097271,-0.0002136407675228381,-0.011987360517119846,-0.0005328276319691155,0.12945144897411986,0.13311848417959263,0,1,0
12.572572572572572,-0.005544417297202542,-0.006424570967155536,1.0003938964775863,-0.0017311716070481978,-0.011279514573586244,0.03539229717668024,0.1300515849535899,0.1332798453226626,0,1,0
12.592592592592592,-0.005718378218502089,-0.00869804606497735,1.00034022701085,-0.0026834733368188263,-0.010287612247809904,0.04959511628881698,0.13076948556043375,0.1337831083643791,0,1,0
12.612612612612612,-0.005935234591491935,-0.010842818649492256,1.0002856492398056,-0.0027288885522151044,-0.009144676256930469,0.057146799543971866,0.1309938274959323,0.1338535555785198,0,1,0
12.632632632632632,-0.006191162826293387,-0.012796411740072632,1.0002345729249575,-0.0025538157424017877,-0.007870034865023908,0.06373206959532789,0.1304939597625515,0.1333311662590044,0,1,0
12.652652652652652,-0.00648148427621919,-0.014516072496290146,1.0001718949657783,-0.0031338979589598,-0.006527781288463725,0.06711267882800918,0.13090964522246576,0.1335994636197682,0,1,0
12.672672672672672,-0.006801363163631758,-0.015993944370628385,1.0001078000028618,-0.003204748145828043,-0.00505337385021875,0.07372037191224878,0.13136451126716894,0.13383186966093583,0,1,0
12.692692692692692,-0.007145559898066517,-0.017209836721737967,1.000052508718003,-0.002764564242944045,-0.00366719282785882,0.06930905111799647,0.131521702234608,0.13390508462731837,0,1,0
12.712712712712712,-0.007508317643197317,-0.01813788725654,1.0000094609234251,-0.002152389728894444,-0.0023617765728577334,0.06527081275005435,0.13156115837310267,0.13385105076048465,0,1,0
12.732732732732732,-0.007884232164314017,-0.01879572605583502,0.9999784544844521,-0.0015503219486522062,-0.0010909060225107142,0.06354352751735097,0.1319125117902554,0.13404807781254022,0,1,0
12.752752752752752,-0.008268223431778507,-0.019199563373224465,0.9999676192123782,-0.0005417636036938634,0.00010804996261115494,0.05994779925609341,0.13175218360011798,0.13377153957844884,0,1,0
12.772772772772772,-0.008655319386025132,-0.01935479771233123,0.9999704752221531,0.00014280048874220198,0.0012369213403651555,0.056443568887699996,0.13185671389217862,0.13373957522328297,0,1,0
12.792792792792792,-0.009040848788315535,-0.019276470114520165,0.9999880887186758,0.0008806748261350902,0.002278693224688762,0.052088594216180284,0.1318060342694155,0.13356374888055572,0,1,0
12.812812812812812,-0.00942043487029482,-0.0189793040989643,1.0000170890398383,0.001450016058126476,0.00324828131608663,0.048479404569893365,0.13206699135280378,0.1336769898172143,0,1,0
12.832832832832834,-0.009790013736181297,-0.018478943294323757,1.000063003367138,0.0022957163649867333,0.004103579260177202,0.04276489720452863,0.13163122493440205,0.13304346057083877,0,1,0
12.852852852852854,-0.01014591344734829,-0.01779498555834967,1.000109966044501,0.002348133868140927,0.004851367117378311,0.03738939286005541,0.1314359569144862,0.1326991806734971,0,1,0
12.872872872872874,-0.010484865471580628,-0.016947601211616925,1.0001499706796992,0.002000231759910351,0.005451588836792075,0.030011085970688158,0.13182679391114444,0.13293458321256238,0,1,0
12.892892892892894,-0.010803986499955582,-0.015956051418747647,1.0001922873791034,0.002115834970203529,0.005922341905156952,0.023537653418243883,0.13207075090085385,0.13302157555100494,0,1,0
12.912912912912914,-0.01110100661556342,-0.014851005780391899,1.0002418050463786,0.0024758833637639776,0.006320794871993534,0.019922648341829184,0.13202065929731618,0.1328023480688954,0,1,0
12.932932932932934,-0.011374187849860738,-0.013659061714865932,1.0002945175128843,0.00263562332528538,0.0066446561995634175,0.01619306637849409,0.13202305515266374,0.13263728570710748,0,1,0
12.952952952952954,-0.011622048889861982,-0.012393052000062158,1.0003480028370593,0.0026742662087466235,0.006850787107586414,0.010306545401149718,0.13201382114763197,0.1324955376927397,0,1,0
12.972972972972974,-0.011843425439091757,-0.01106882746148876,1.0004000154916073,0.0026006327273964246,0.006968013400754443,0.005861314658401466,0.13205767640333463,0.1323753611216428,0,1,0
12.992992992992994,-0.012037616146142575,-0.009709535352540903,1.0004494206139352,0.0024702561163987874,0.00701362530720969,0.0022805953227622456,0.13209155772593653,0.13224758911907517,0,1,0
13.013013013013014,-0.012204275370082389,-0.00833296119699074,1.0004948262549036,0.0022702820484262463,0.007015951995103443,0.00011633439468771442,0.1321674370180363,0.13215011405002308,0,1,0
13.033033033033034,-0.012343335597676646,-0.006953011379712893,1.0005359145180857,0.0020544131591070463,0.007003107458528673,-0.0006422268287387809,0.13167554227083866,0.13192416236307258,0,1,0
13.053053053053054,-0.012454965076067297,-0.005581473919532518,1.0005620543686313,0.001306992527282167,0.00734284660721286,0.016986957434209464,0.13119044326296614,0.13102993567322915,0,1,0
13.073073073073074,-0.01253946598401858,-0.00422504539756418,1.000552824281614,-0.0004615043508722665,0.00787484138260313,0.02659973876951351,0.13187100197913423,0.13137278392558252,0,1,0
13.093093093093094,-0.01259548002977923,-0.002800702288032509,1.0005234044134101,-0.001470993410190981,0.008426931134836854,0.027604487611686126,0.13235800108943918,0.13162251276891962,0,1,0
13.113113113113114,-0.012620932147939794,-0.0012726059080281381,1.0004847093225506,-0.0019347545429778917,0.008930099006455824,0.025158393580948492,0.1326064960686135,0.13168119033147116,0,1,0
13.133133133133134,-0.012613713669733904,0.00036092391029446825,1.0004412793706003,-0.0021714975975118157,0.009356363186828037,0.021313209018610457,0.1328020289461819,0.1316981887886046,0,1,0
13.153153153153154,-0.012571899011525226,0.0020907329104338642,1.0003962497398229,-0.0022514815388711097,0.009652365874173171,0.014800134367256813,0.13297223042490208,0.13172135080717956,0,1,0
13.173173173173174,-0.01249391970379495,0.003898965386513756,1.000352470991222,-0.0021889374300461026,0.009895067779007592,0.012135095241720942,0.1329737029492736,0.1315286309394544,0,1,0
13.193193193193194,-0.012378765166999732,0.005757726839760963,1.0003070979760813,-0.0022686507570283915,0.01010979840574728,0.010736531336984243,0.13306831120109716,0.131409560703004,0,1,0
13.213213213213214,-0.01222554250413945,0.007661133143014131,1.000259760360766,-0.002366880765764426,0.010172813774654045,0.003150768445338059,0.13316062635046633,0.1313794747286419,0,1,0
13.233233233233234,-0.012033516704449809,0.009601289984482068,1.0002113732471083,-0.002419355682883596,0.0101497601199949,-0.0011526827329570877,0.13346494807964443,0.1316841716850881,0,1,0
13.253253253253254,-0.01180243645741801,0.011554012351589952,1.0001709570820299,-0.0020208082539190228,0.010148661955667137,-5.4908216388095807e-05,0.1334240767994812,0.13144449924028992,0,1,0
13.273273273273274,-0.011532536176704451,0.013495014035677898,1.0001343504156524,-0.0018303333188726919,0.010145012376928506,-0.00018247893693197178,0.13354454633048227,0.13139170541538717,0,1,0
13.293293293293294,-0.011223863578680977,0.015433629901173708,1.0001025528151115,-0.0015898800270470516,0.010042104882020352,-0.005145374745407529,0.1336835532981449,0.13142925943342443,0,1,0
13.313313313313314,-0.010876533421385063,0.017366507864795742,1.000078176158057,-0.0012188328527225213,0.009942157309724739,-0.004997378614780766,0.13376825371626808,0.13136002366002777,0,1,0
13.333333333333334,-0.010491025775334395,0.01927538230253336,1.000061447626391,-0.00083642658330721,0.009811236427639425,-0.006546044104265691,0.13379588505017986,0.13127056260891048,0,1,0
13.353353353353354,-0.010067813440933748,0.021160616720032385,1.000051448992385,-0.0004999317002934106,0.009631809536934328,-0.008971344535254853,0.13379431944192188,0.13117259334574802,0,1,0
13.373373373373374,-0.00960748705418702,0.02301631933733638,1.000046705341184,-0.00023718256005970798,0.009385982326523193,-0.012291360520556602,0.13377258500806496,0.1310807689617872,0,1,0
13.393393393393394,-0.009110862514637474,0.024831226977477333,1.0000455369590622,-5.841910608139753e-05,0.00914193113275868,-0.012202559688225905,0.13377244216636908,0.13097567250724731,0,1,0
13.413413413413414,-0.008578975101816141,0.02659437064106667,1.0000463910614688,4.270512032733969e-05,0.008865249450050442,-0.013834084135411895,0.13373901124378199,0.13087230839266425,0,1,0
13.433433433433434,-0.008012840915443985,0.028306709318607827,1.0000472483480594,4.286432953049388e-05,0.00852072718459152,-0.01722611327294601,0.13387470004407034,0.13042699507694144,0,1,0
13.453453453453454,-0.007413616631509148,0.029961214196741793,1.000043531730948,-0.0001858308555647504,0.0076484714830868,-0.043612785075236,0.13340002294454306,0.13025529139571532,0,1,0
13.473473473473474,-0.00678278206743187,0.031541728203863924,1.0000256810405448,-0.0008925345201611179,0.0065322955447943715,-0.05580879691462143,0.13354590919480192,0.13056229803477373,0,1,0
13.493493493493494,-0.006123745894159516,0.03295180866361769,1.0000004448178836,-0.0012618111330627158,0.005351829105757333,-0.05902332195185181,0.13366689622695643,0.13075440325891546,0,1,0
13.513513513513514,-0.00544087509493843,0.03414353996105433,0.999972498456773,-0.0013973180555298854,0.0041757151115411955,-0.058805699710806916,0.13375118157957894,0.13088238102479705,0,1,0
13.533533533533534,-0.00473877068439793,0.03510522052702501,0.9999450162950552,-0.0013741080858935787,0.0029872945224600437,-0.059421029454057576,0.13370636058458743,0.13150800610178218,0,1,0
13.553553553553554,-0.004022010747013201,0.035837996869236444,0.9999266243651267,-0.0009195964964231822,0.002297152921878651,-0.0345070800290696,0.13387743073633324,0.1313920884853569,0,1,0
13.573573573573574,-0.003295282245507883,0.03633642507526587,0.9999181489443594,-0.0004237710383672782,0.0018896088968590576,-0.020377201250979665,0.13381994403619402,0.13116439463190788,0,1,0
13.593593593593594,-0.0025613239416664674,0.036697915192070794,0.9999153640987474,-0.00013924228060172657,0.0016442841071559384,-0.012266239485155945,0.13375194132574536,0.13099697961697448,0,1,0
13.613613613613614,-0.0018217430079882615,0.03697904668391029,0.9999147807966038,-2.916510717859187e-05,0.0014708780870217317,-0.008670301006710339,0.1337095540801317,0.13091763187611116,0,1,0
13.633633633633634,-0.0010774937212734868,0.03721246433573873,0.9999145954335282,-9.26815377504961e-06,0.0013094267388871093,-0.008072567406731134,0.1337113434571359,0.1304756983517369,0,1,0
13.653653653653654,-0.00032922164149208535,0.03741360398907007,0.9999082880913269,-0.00031536711006272455,0.0007126413351264425,-0.029839270188033337,0.13324326239018564,0.13036215338733814,0,1,0
13.673673673673674,0.00042243830622445044,0.03758299738582679,0.9998872480547362,-0.0010520018295357586,-5.809771615469565e-05,-0.038536952564056905,0.13329447671124794,0.13063642987368954,0,1,0
13.693693693693694,0.0011752177493648333,0.03763897215701915,0.9998563119950983,-0.0015468029818916412,-0.0009432485619015285,-0.04425754228734164,0.1332998602353859,0.13084426641725225,0,1,0
13.713713713713714,0.0019261393628961798,0.037546080676567326,0.9998186479307906,-0.0018832032153843483,-0.0018531008859419308,-0.045492616202020164,0.13321588692025654,0.13092495109568741,0,1,0
13.733733733733734,0.002671765276755952,0.037281295692988596,0.9997742109898816,-0.0022218470454469378,-0.0027028509045287892,-0.04248750092934289,0.1332205775971449,0.13103883373207426,0,1,0
13.753753753753754,0.003408585773320071,0.03684102482820597,0.9997247584461829,-0.002472627184937736,-0.003500576755390106,-0.03988629254306587,0.13315536092664984,0.131096939734323,0,1,0
13.773773773773774,0.004133317094328071,0.03623656605039997,0.9996701815242185,-0.0027288460982225495,-0.00421547413670235,-0.035744869065612236,0.13299755686932566,0.13105153339372164,0,1,0
13.793793793793794,0.004842932643178498,0.03548077744252135,0.9996074642567992,-0.0031358633709644068,-0.004903269664501386,-0.034389776389951714,0.13307362558495903,0.13127995698773537,0,1,0
13.813813813813814,0.005534637591295669,0.034585247405858575,0.9995411135246377,-0.003317536608079523,-0.005457217117238769,-0.02769737263686927,0.1331779585179795,0.13147064698810346,0,1,0
13.833833833833834,0.006205859984419261,0.0335611196561796,0.9994754906678776,-0.003281142838004736,-0.006054754813295627,-0.029876884802842896,0.1333132713191697,0.1316607583248626,0,1,0
13.853853853853854,0.00685444085881381,0.032429043719727456,0.9994154048060597,-0.0030042930908915815,-0.006693892992452508,-0.03195690895784405,0.1332271569067401,0.13180756042144215,0,1,0
13.873873873873874,0.0074781482910476985,0.031185371611694445,0.9993617368636011,-0.002683397122933998,-0.0073807332506793995,-0.0343420129113446,0.1329992591553362,0.13181972328669,0,1,0
13.893893893893894,0.008074548256879617,0.029819998291595925,0.9993112694872596,-0.0025233688170756205,-0.007986633971950397,-0.03029503606354989,0.1329946377727065,0.1319689049924032,0,1,0
13.913913913913914,0.008641030234030246,0.028324098857531437,0.9992661225941638,-0.002257344654786934,-0.008536443496499424,-0.027490476227451374,0.13304816200200223,0.1321874437508902,0,1,0
13.933933933933934,0.009175290155345045,0.02671299606573995,0.9992303039055023,-0.0017909344330779516,-0.009054550479213995,-0.02590534913572856,0.13296648639565128,0.13228625646991352,0,1,0
13.953953953953954,0.009675261962884655,0.024998590376980535,0.9992040417252728,-0.001313109011477055,-0.009530076547811694,-0.023776303429884734,0.13289914113586362,0.13239404448253553,0,1,0
13.973973973973974,0.010139013145278725,0.02318755911970348,0.9991879093870527,-0.0008066169110019031,-0.009977059091670779,-0.022349127192953903,0.1327841702007524,0.13245937435506835,0,1,0
13.993993993993994,0.010564806947191826,0.021289690095655026,0.9991811458041362,-0.00033817914582615007,-0.010433813601494818,-0.022837725491201777,0.1325083284506288,0.13239356982268632,0,1,0
14.014014014014014,0.01095104041001553,0.019311673141185204,0.999178664991577,-0.00012404062795967448,-0.010869453337159626,-0.021781986783240292,0.1324608457015322,0.13253642343258548,0,1,0
14.034034034034034,0.011295979240709787,0.017246941534712797,0.9991818579778747,0.00015964931488271844,-0.011208694502173872,-0.01696205825071199,0.13306071393269495,0.13313469286726684,0,1,0
14.054054054054054,0.011597840924339332,0.015093084181477296,0.9992084510638669,0.0013296542996072615,-0.011619287033409573,-0.020529626561784996,0.13262555406589527,0.13295397188067204,0,1,0
14.074074074074074,0.011855511675073774,0.01288353753672211,0.9992492868952958,0.0020417915714464312,-0.01206363153731755,-0.022217225195398878,0.13229192655628907,0.13285972067738644,0,1,0
14.094094094094094,0.012067574949735808,0.010603163733101736,0.9992979970194845,0.0024355062094385768,-0.01252145034525483,-0.022890940396863988,0.13202716544068704,0.13282527662314098,0,1,0
14.114114114114114,0.012232423962622752,0.008242450644347157,0.9993501221242213,0.0026062552368361232,-0.012900529463571758,-0.018953955915846143,0.1319102653887558,0.13287715548735352,0,1,0
14.134134134134134,0.012348389258659257,0.0057982648018253,0.9994046742583448,0.002727606706176635,-0.013212865381391013,-0.015616795890962688,0.1317676544304493,0.1329176767395452,0,1,0
14.154154154154154,0.012414128423773913,0.0032869582557328515,0.999460120345554,0.0027723043604592932,-0.013476542464064106,-0.013183854133654686,0.1316173519747442,0.13296195647801642,0,1,0
14.174174174174174,0.012428546136826814,0.0007208856526450431,0.9995148731990254,0.002737642673571669,-0.013667101554418953,-0.009527954517742692,0.13152244785151643,0.13304768435840045,0,1,0
14.194194194194194,0.012390697110651364,-0.001892451308772484,0.999568783716296,0.002695525863529145,-0.013727033207208507,-0.002996582639477832,0.13144349830733265,0.13311616524764155,0,1,0
14.214214214214214,0.012299995302872357,-0.004535090388950386,0.9996216873399116,0.0026451811807813577,-0.013763584254721701,-0.0018275523756601153,0.13133719545696113,0.1332210075536658,0,1,0
14.234234234234235,0.012156291850145022,-0.007185172636366715,0.999673559942285,0.002593630118669616,-0.013691114131245328,0.003623506173817833,0.13174414016436647,0.13340071534213405,0,1,0
14.254254254254255,0.011959435362189068,-0.009842824397797718,0.9997330906092672,0.002976533349106261,-0.01382377654428238,-0.00663312065185362,0.13125762321653411,0.1332818637581032,0,1,0
14.274274274274275,0.011709891983642993,-0.012477168927303729,0.9997913093671386,0.002910937893568309,-0.01389716552356073,-0.003669448963918557,0.13117927687826647,0.13340151986337656,0,1,0
14.294294294294295,0.011407269302503497,-0.0151311340569748,0.9998488219439815,0.0028756288421446286,-0.013932006916210219,-0.0017420696324761044,0.13103864082068553,0.13347823206346926,0,1,0
14.314314314314315,0.01105138691745084,-0.017794119252632794,0.9999046778771327,0.00279279665755905,-0.013851815675889457,0.004009562016036261,0.13074838071426662,0.13333831097388596,0,1,0
14.334334334334335,0.010642230563298273,-0.020457817707628407,0.9999525040596632,0.0023913091265263214,-0.013516196674269077,0.016780950081016606,0.13044641534881804,0.1330676400353055,0,1,0
14.354354354354355,0.010180360541465245,-0.023093501091651442,0.9999838286035372,0.0015662271936997467,-0.01306404282698716,0.022607692364092984,0.13025565765753258,0.13296866710388058,0,1,0
14.374374374374375,0.009667194014039919,-0.025658326371266332,0.9999943909332287,0.0005281164845757896,-0.01243184824160088,0.03160972926931136,0.12995622703942838,0.13269313542519406,0,1,0
14.394394394394395,0.009104715076996811,-0.02812394685215541,0.999975714221433,-0.0009338355897847246,-0.01172935465526322,0.03512467931687997,0.13003797644373202,0.13283939600612707,0,1,0
14.414414414414415,0.008495393049845328,-0.030466101357574122,0.9999312315196071,-0.0022241350913000417,-0.01092426358871883,0.04025455332721583,0.13098423305802617,0.1337944299277806,0,1,0
14.434434434434435,0.007841695150834507,-0.032684894950541034,0.9998891625186558,-0.0021034500475631385,-0.010052443969108335,0.04359098098052054,0.12975413511202524,0.13334192639278997,0,1,0
14.454454454454455,0.007147087130313956,-0.03473040102602756,0.9998246151311986,-0.0032273693728577134,-0.00848757953380064,0.07824322176538022,0.12971960502171395,0.13284221281930977,0,1,0
14.474474474474475,0.006415124013177936,-0.03659815585680102,0.9997297293576405,-0.004744288677905124,-0.00668436694901554,0.0901606292392502,0.1304929842973839,0.13338914059884202,0,1,0
14.494494494494495,0.005651749555537378,-0.03816872288202791,0.9996241462948044,-0.0052791531418003735,-0.004806441615004576,0.09389626670054314,0.1310359287689174,0.13377581067511712,0,1,0
14.514514514514515,0.004863988412483925,-0.039388057152672636,0.9995217001896914,-0.005122305255650221,-0.0030566375965324346,0.08749020092360191,0.13154277233877223,0.134229700459917,0,1,0
14.534534534534535,0.004059139732477857,-0.040242434000303404,0.9994366637839154,-0.004251820288803592,-0.0014370827060240009,0.08097774452541634,0.13111743252297225,0.1342122212817693,0,1,0
14.554554554554555,0.003244151121583487,-0.04074943054471848,0.9993624894833252,-0.003708715029512537,0.00033393944325204407,0.08855110746379677,0.13148690238341632,0.1343495649891158,0,1,0
14.574574574574575,0.002425381036856757,-0.040938504236336506,0.9993066909186454,-0.0027899282339883223,0.0020816143073190086,0.08738374320334275,0.13155244368133176,0.13426950284814365,0,1,0
14.594594594594595,0.001609819157198019,-0.0407780939829369,0.9992690415164708,-0.0018824701087301506,0.0036671012211179914,0.07927434568994375,0.13158334672880684,0.1342261930017142,0,1,0
14.614614614614615,0.0008042747229321666,-0.04027722171329262,0.9992493340387295,-0.0009853738870633862,0.005166333984322874,0.07496163816023894,0.13209714258842759,0.13461306266109158,0,1,0
14.634634634634635,1.5019556461129033e-05,-0.03946275832355188,0.9992608786946333,0.0005772327951876781,0.0065008605748973925,0.06672632952872087,0.13126795929198118,0.13397224633613036,0,1,0
14.654654654654655,-0.0007521995129537085,-0.03836095347074188,0.9992818458372977,0.0010483571332199767,0.007918605069625408,0.07088722473639623,0.13136031584357158,0.1337776344207483,0,1,0
14.674674674674675,-0.001492140407707778,-0.036997044737703474,0.9993106821960582,0.0014418179380271757,0.009137823141391178,0.06096090358828401,0.13161511896378666,0.13392197673159503,0,1,0
14.694694694694695,-0.0021992572722980956,-0.03535584322951587,0.9993532541957326,0.002128599983721819,0.010159345450762098,0.05107611546854245,0.13162539378772267,0.13381279265594936,0,1,0
14.714714714714715,-0.0028688128410634967,-0.033477778438270066,0.9994080443315146,0.002739506789099153,0.010921020569751428,0.038083755949463595,0.1316760818444198,0.13379255135415533,0,1,0
14.734734734734735,-0.0034969050881299623,-0.03140461235332327,0.9994754548443981,0.003370525644175612,0.011534540264747446,0.030675984749798397,0.13168979170889852,0.13367356169359712,0,1,0
14.754754754754755,-0.00408061796530093,-0.02918564385854841,0.9995538842261378,0.003921469086980055,0.011945846052856235,0.02056528940543781,0.1315589486141012,0.13343767858873087,0,1,0
14.774774774774775,-0.004617755151265335,-0.026856859298220223,0.9996378638178652,0.0041989795863720345,0.012292957468173485,0.017355570765861604,0.13148767309466822,0.13316731854090416,0,1,0
14.794794794794795,-0.00510679800995573,-0.02445214293451974,0.9997223093374069,0.004222275977086263,0.012409197781434733,0.00581201566306239,0.13137603705284573,0.13297153041831705,0,1,0
14.814814814814815,-0.00554654410785381,-0.021987304894903976,0.9998026499803819,0.004017032148753684,0.012346823817820304,-0.003118698180720525,0.1313830506891407,0.1328659785988359,0,1,0
14.834834834834835,-0.005936622674299295,-0.019503928322274277,0.9998774239355216,0.0037386977569803526,0.012064062370322213,-0.014138072374902748,0.13162128056920167,0.13293112226432247,0,1,0
14.854854854854855,-0.006277355247353256,-0.017036628652698026,0.9999511330075288,0.0036854536003627894,0.011598895137249505,-0.023258361653632778,0.13174423722326126,0.13294787594286384,0,1,0
14.874874874874875,-0.006569949253933698,-0.014629700329022123,1.0000258613665547,0.003736417951297014,0.011027121642242628,-0.028588674750340343,0.13162790768060154,0.13268580327911444,0,1,0
14.894894894894895,-0.006816327295851252,-0.01231890209587767,1.0000960243219952,0.003508147772020111,0.010220372929050868,-0.040337435659583434,0.1316610975928416,0.13267133222373056,0,1,0
14.914914914914915,-0.007018887934868246,-0.010128031950849686,1.0001619283378906,0.0032952007947743395,0.009381457071511244,-0.0419457928769758,0.13163935585714576,0.13247753339531265,0,1,0
14.934934934934935,-0.007180918290266877,-0.008101517769931565,1.000220417514561,0.0029244588335143647,0.008487571581019279,-0.04469427452459211,0.13168248717616296,0.1323716051318676,0,1,0
14.954954954954955,-0.0073058190599242494,-0.0062450384828686,1.0002705998296626,0.0025091157550816727,0.007567135748938901,-0.046021791604011486,0.13177193075282292,0.13229768460452015,0,1,0
14.974974974974975,-0.007397159527115564,-0.004567023359565733,1.0003127432661427,0.0021071718240080663,0.006575153154642813,-0.04959912971479616,0.1318682331889293,0.13228725048808343,0,1,0
14.994994994994995,-0.00745866572765971,-0.003075310027207301,1.0003481553477476,0.0017706040802407436,0.0056341429698799446,-0.04705050923813438,0.13202433274575157,0.13226704808419046,0,1,0
15.015015015015015,-0.007494341603443007,-0.0017837937891648538,1.0003788822264696,0.0015363439360991113,0.004817496760318465,-0.04083231047806387,0.13216618286361753,0.13218491896409898,0,1,0
15.035035035035035,-0.007507895179461744,-0.0006776788009368103,1.0004058349267877,0.001347635015898309,0.003961064722277295,-0.04282160190204753,0.13231034215958323,0.13230586077823422,0,1,0
15.055055055055055,-0.007502588341639625,0.00026534189110597026,1.0004329605850275,0.0013562829119876808,0.003171442683702785,-0.039481101928713444,0.13246512898256096,0.13227734478166567,0,1,0
15.075075075075075,-0.0074819105245120246,0.0010338908563800008,1.0004621444661996,0.0014591940586034407,0.0025418486026730146,-0.03147970405147543,0.13257486899857307,0.13214273247065947,0,1,0
15.095095095095095,-0.007449024015327104,0.0016443254592460343,1.0004930274799826,0.00154415068914476,0.0019766821203941925,-0.028258324113926803,0.13275647230447407,0.13214155466752725,0,1,0
15.115115115115115,-0.007406464516102996,0.0021279749612053596,1.0005282882682192,0.001763039411833234,0.0014524017018845334,-0.02621402092546731,0.13287632550880354,0.13208806556269936,0,1,0
15.135135135135135,-0.007356584145851888,0.002494018512555381,1.00056891148732,0.0020311609550446356,0.0010779749847401314,-0.018721335857202995,0.13305370590037022,0.13202238023111837,0,1,0
15.155155155155155,-0.007301489083702168,0.0027547531074860244,1.0006165510891882,0.0023819800934091005,0.0007450831147158331,-0.016644593501196153,0.13309661766473468,0.13189024252154152,0,1,0
15.175175175175175,-0.007242706713539554,0.0029391185081307078,1.000669881421692,0.0026665166251883393,0.00041281087827021925,-0.01661361182226005,0.133105012429447,0.1317665370193892,0,1,0
15.195195195195195,-0.007181632737001183,0.003053698826918534,1.0007271907862083,0.002865468225809773,0.00013881355637870995,-0.013699866094552733,0.13309378313969913,0.13159958315188408,0,1,0
15.215215215215215,-0.007119634348217095,0.003099919439204394,1.0007858369814358,0.002932309761372822,-8.488318298826019e-05,-0.011184836968323428,0.13306917646087563,0.13143190638491503,0,1,0
15.235235235235235,-0.00705783423996743,0.0030900054124832228,1.0008429705824347,0.0028566800499467025,-0.0002817920850173061,-0.009845445101424632,0.13174046110628806,0.1308242270488614,0,1,0
15.255255255255255,-0.006997144304669911,0.0030344967648759436,1.0008699055021257,0.001346745984557903,0.00019817529791336087,0.023998369146563406,0.13207171155378536,0.1305935746974569,0,1,0
15.275275275275275,-0.006938422488078243,0.0029360908295834004,1.0008681562219373,-8.746400942266034e-05,0.001083560010047713,0.0442692356067506,0.13266543147742443,0.13074866372722035,0,1,0
15.295295295295295,-0.006879834641404369,0.0029293923336936793,1.0008488393087214,-0.0009658456607924084,0.002095227254084423,0.05058336220187185,0.13309903874128434,0.13090208126688496,0,1,0
15.315315315315315,-0.006817987434731082,0.0030923603336643632,1.0008206633044952,-0.0014088002113070602,0.003146595536201421,0.05256841410588996,0.13329503291729444,0.13086579458080183,0,1,0
15.335335335335335,-0.006748956408641693,0.003451551304469471,1.0007859950683102,-0.001733411809243033,0.0041185795816302195,0.048599202271484135,0.13342422610520763,0.130842037769571,0,1,0
15.355355355355355,-0.00666864342311909,0.004015649276130116,1.000746391053351,-0.0019802007479603825,0.004918724900327055,0.04000726593489028,0.13343199431850425,0.1307703250544908,0,1,0
15.375375375375375,-0.006573355843762531,0.004764378967827983,1.0007008941017428,-0.0022748475804029843,0.005675963503876265,0.03786193017751362,0.1334891052245248,0.13067192547689158,0,1,0
15.395395395395395,-0.006460009794267596,0.005667302474746736,1.0006488831498017,-0.0026005475970538915,0.006329215514088142,0.032662600510651896,0.13351520953550733,0.1305959186937199,0,1,0
15.415415415415415,-0.0063256308137084015,0.006718949027959757,1.0005896084936927,-0.0029637328054504066,0.006739149165637908,0.020496682577551203,0.13353561876545375,0.1306236078005407,0,1,0
15.435435435435435,-0.006167743287116008,0.007894376329619672,1.0005237732442118,-0.003291762474044693,0.007042532647237886,0.015169174080066851,0.13375052415981795,0.13137111389695974,0,1,0
15.455455455455455,-0.0059846761512884795,0.00915335679137641,1.000465629893854,-0.0029071675178935336,0.007684980553871165,0.03212239533173648,0.13358469880167992,0.1308337113952739,0,1,0
15.475475475475475,-0.005775376945003352,0.010464960314256354,1.0004047461420684,-0.0030441875892688744,0.008456180720972524,0.038560008355145295,0.13365635448222785,0.13065064680228083,0,1,0
15.495495495495495,-0.005537365582045052,0.011900568147915003,1.0003394552796703,-0.003264543119910357,0.009156783829931774,0.03503015544804498,0.1336488604142849,0.13051626224389004,0,1,0
15.515515515515515,-0.005267696920706266,0.01348343306693928,1.000267634744712,-0.0035910267479169217,0.00974932961872402,0.029627289439699576,0.1336337397263389,0.130399236069034,0,1,0
15.535535535535535,-0.0049636763411230874,0.01520102897915893,1.000187308123112,-0.004016331079987282,0.010158408735263772,0.020453955827079803,0.1342333326660343,0.12995823963945513,0,1,0
15.555555555555555,-0.004622941229018961,0.017036755605206313,1.0001008099846636,-0.004324906922425318,0.009454475909242269,-0.035196641300978125,0.13397723650823498,0.1303509947274584,0,1,0
15.575575575575575,-0.004243902558189114,0.018951933541492345,1.0000101540077913,-0.004532798843618583,0.008161643718854568,-0.06464160951928358,0.13396423506930846,0.1307237739564624,0,1,0
15.595595595595595,-0.0038292912173182227,0.02073056704354454,0.9999207005506561,-0.004472672856758633,0.006575482323734077,-0.07930806975591972,0.13391226944882437,0.13091386153849946,0,1,0
15.615615615615615,-0.00338412603432175,0.02225825914982363,0.999834539591446,-0.004308047960504223,0.004767347818281485,-0.09040672527252214,0.1339579380954701,0.13118558495129892,0,1,0
15.635635635635635,-0.0029146757813497725,0.02347251264859889,0.999756416398767,-0.0039061596339470105,0.0030170453195768943,-0.0875151249351199,0.13427624642388244,0.13137645339172727,0,1,0
15.655655655655655,-0.0024279954413889146,0.0243340169980429,0.9996939080213909,-0.003125418868806378,0.0011613132423070759,-0.09278660386337963,0.13461404856121426,0.1318990354560019,0,1,0
15.675675675675675,-0.0019308863337170043,0.024855455383595515,0.9996597748930143,-0.0017066564188292148,-0.0007736290908602793,-0.09674711665825565,0.13433762625793594,0.13182983719987282,0,1,0
15.695695695695695,-0.0014306737986873443,0.025010626751483002,0.9996488887733,-0.0005443059857093131,-0.002653524886964015,-0.09399478980507442,0.13418904134662613,0.131818713395826,0,1,0
15.715715715715715,-0.0009349456337840103,0.024786408245166702,0.999658866026857,0.0004988626778495442,-0.004451115738259938,-0.08987954256468433,0.1339661568646143,0.1317380815321906,0,1,0
15.735735735735735,-0.00045105856812808115,0.024194353282796455,0.9996851803297645,0.0013157151453723555,-0.006121983409828962,-0.08354338357834043,0.13386028496641253,0.13175711064218865,0,1,0
15.755755755755755,1.3971970681601984e-05,0.023251526940484157,0.9997265066170734,0.0020663143654470525,-0.007652722930762922,-0.07653697604658888,0.13364613034519718,0.13167369482878566,0,1,0
15.775775775775776,0.0004536728473494969,0.021985043833394745,0.9997783894904335,0.00259414366800495,-0.009052531010167699,-0.06999040397013201,0.13345742496473187,0.13162697082493707,0,1,0
15.795795795795796,0.0008621347766875548,0.020423096466902897,0.9998372911772248,0.002945084339559389,-0.010322660569077461,-0.06350647794538404,0.13332691274976033,0.13164074518848756,0,1,0
15.815815815815816,0.0012339627900298789,0.018591400667116204,0.9999014307138376,0.003206976830642456,-0.01146425198505125,-0.05707957079858859,0.1332068690301438,0.13168127959116202,0,1,0
15.835835835835836,0.0015642581739817702,0.01651476919759456,0.9999695777613096,0.0034073523735959647,-0.012434255007844976,-0.04850015113958944,0.13286352797980916,0.13148964612735925,0,1,0
15.855855855855856,0.0018487318725672218,0.014223684929272572,1.0000337553340726,0.0032088786381456514,-0.013237386851560952,-0.04015659218570575,0.13287198234304187,0.1316410746019784,0,1,0
15.875875875875876,0.002083644929182541,0.011745652830765969,1.0000962898374013,0.003126725166431836,-0.01385825936952634,-0.031043625898180893,0.1328415615446714,0.1317536154025857,0,1,0
15.895895895895896,0.0022659733462119893,0.009116420851472403,1.0001583588160148,0.0031034489306694473,-0.014372389489918916,-0.02570650601954504,0.13280868653740424,0.13190868037834258,0,1,0
15.915915915915916,0.002393355370332505,0.006369101206025774,1.0002217398487885,0.0031690516386901515,-0.014733494018119268,-0.01805522640993886,0.13263608735490823,0.1318955638588747,0,1,0
15.935935935935936,0.002463933801019493,0.003528921534349408,1.0002836524844274,0.0030956317819421084,-0.014958162820412766,-0.011233440114601876,0.13248288380541023,0.1319063548995957,0,1,0
15.955955955955956,0.002476435927697196,0.0006251063338851316,1.000341967845825,0.0029157680698774667,-0.015041271869795036,-0.004155452469045277,0.13234687506114046,0.13192819970198028,0,1,0
15.975975975975976,0.002430143167395089,-0.0023146380151053375,1.0003949847118905,0.002650843303273612,-0.01502894853794342,0.0006161665926432075,0.13219291829674057,0.1319629248669374,0,1,0
15.995995995995996,0.0023248521491968715,-0.005264550909910882,1.0004409362364868,0.0022975762298147913,-0.014863325864135859,0.008281133690435401,0.13207868006807205,0.13200175017677657,0,1,0
16.016016016016017,0.0021607505840798243,-0.008205078255852363,1.0004787116327938,0.001888769815348895,-0.014567053066450269,0.014813639884331275,0.1319200520104673,0.132018182583423,0,1,0
16.036036036036037,0.0019386566607009195,-0.011104696168945244,1.0005062207131095,0.0013754540157889543,-0.014176373441457623,0.019533981249678534,0.1303260822482149,0.1323053302161065,0,1,0
16.056056056056057,0.0016601614670161593,-0.013924759684238012,1.0005041304716267,-0.000104512074137197,-0.012386061468678069,0.08951559863901878,0.12961064159474303,0.1309322823644936,0,1,0
16.076076076076077,0.0013272678988608519,-0.01664467840776537,1.0004415492411596,-0.0031290615233534303,-0.00971985079488829,0.13331053368952533,0.13075481574286957,0.13165771289898343,0,1,0
16.096096096096097,0.0009467167730717804,-0.019027556289453573,1.0003463137377109,-0.004761775172434232,-0.006762753387189719,0.14785487038496,0.1313998374049066,0.1322161734591538,0,1,0
16.116116116116117,0.00052884125711297,-0.02089377579794052,1.0002363938183065,-0.005495995970218149,-0.003781773188960531,0.1490490099114871,0.13172431355414885,0.13258849093123268,0,1,0
16.136136136136138,8.521147191813702e-05,-0.022181489259741647,1.000122219443648,-0.005708718732921935,-0.0008553050408051606,0.1463234074077919,0.1310576140594591,0.13201286913565732,0,1,0
16.156156156156158,-0.0003723751327474516,-0.02287933023327943,0.99998545112286,-0.006838416039404464,0.0020245668122885006,0.14399359265470213,0.13201201049886097,0.1330048175462594,0,1,0
16.176176176176178,-0.0008324216684142927,-0.023002326783342054,0.9998549686236939,-0.0065241249582994555,0.004686770639778012,0.13311019137449032,0.13253976778934545,0.13366639998128657,0,1,0
16.196196196196198,-0.0012835595132700906,-0.02255689224278989,0.9997483800018896,-0.0053294310902167056,0.0071923500943769595,0.12527897272995775,0.13337817426072843,0.13456429975253636,0,1,0
16.216216216216218,-0.0017150868175240367,-0.02157636521269731,0.9996913531641336,-0.002851341887797636,0.009416164071086208,0.11119069883546819,0.13318848693576602,0.13450985688281245,0,1,0
16.236236236236238,-0.0021170524170186513,-0.020098279974730734,0.9996801717532557,-0.0005590705438949886,0.01137430702763701,0.09790714782754087,0.13237175318533373,0.13329214646916612,0,1,0
16.256256256256258,-0.002480889867074507,-0.018191872502792788,0.9996845864645442,0.00022073556442000607,0.012638654030412358,0.06321735013876276,0.13222951052688517,0.1335455781224588,0,1,0
16.276276276276278,-0.0027988686321667277,-0.015898938254611042,0.9997061516024338,0.001078256894480581,0.013454843764631236,0.04080948671093369,0.13179805873401143,0.13338663048868185,0,1,0
16.296296296296298,-0.0030660623810706143,-0.01335968744519433,0.9997360475064793,0.001494795202270754,0.013854398120189357,0.0199777177778895,0.13143376242029817,0.13328468285010972,0,1,0
16.316316316316318,-0.0032793573246321715,-0.010664747178077855,0.9997673189392274,0.0015635716374091935,0.013965998768708274,0.005580032425921939,0.13116962116751807,0.13321220342164344,0,1,0
16.336336336336338,-0.0034372546633984528,-0.007894866938314067,0.9997949569621625,0.0013819011467511098,0.013855939572215691,-0.00550295982466046,0.13097923435462594,0.1331758114255753,0,1,0
16.356356356356358,-0.003539336926149332,-0.005104113137543947,0.999815599135897,0.0010321086867282985,0.013507819216194785,-0.01740601780108528,0.1307655006327159,0.1331141705743977,0,1,0
16.376376376376378,-0.0035861107049660374,-0.002338688940835276,0.9998251779079875,0.00047893860452582137,0.012993645779289135,-0.025708671845332244,0.1306523677378062,0.13311538719381485,0,1,0
16.396396396396398,-0.003579007712586384,0.0003551496189826658,0.9998220629485379,-0.00015574797247792146,0.012412624661067767,-0.02905105591112857,0.13059892615266158,0.13311145905639088,0,1,0
16.416416416416418,-0.003520062718488024,0.0029472497049179984,0.9998054412045864,-0.0008310871975795157,0.011749454209449315,-0.033158522580994984,0.13060180764152404,0.13317358860449463,0,1,0
16.436436436436438,-0.0034115194241094203,0.005427164718930165,0.9997763154082365,-0.001456289817492174,0.010944194817854584,-0.04026296957982254,0.13109208723055435,0.1333159787606887,0,1,0
16.456456456456458,-0.00325587489233181,0.007782226588880516,0.9997440991986744,-0.0016108104781103513,0.00967211194212979,-0.0636041437863406,0.1306848256210702,0.13324790746667217,0,1,0
16.476476476476478,-0.0030564057456232375,0.009973457335428645,0.9997017893657322,-0.0021154916471073926,0.008219017612287834,-0.07265471649221619,0.13073325206453204,0.13347464874615952,0,1,0
16.496496496496498,-0.0028180390499266857,0.011918334784827586,0.9996535217644944,-0.002413380061890039,0.006645057058801099,-0.07869802767447527,0.1307459480318276,0.13364166321759785,0,1,0
16.516516516516518,-0.0025464643358184716,0.013578735705410698,0.9996020144514931,-0.0025753656500659304,0.0050587574286014075,-0.07931498151014606,0.1308143854039505,0.1338000700067974,0,1,0
16.536536536536538,-0.0022478322674203406,0.01493160341990655,0.999550676516366,-0.002566896756355047,0.0034954883210247434,-0.07816345537902089,0.13283536308372237,0.13651585054914617,0,1,0
16.556556556556558,-0.0019280771832244508,0.015987754209794484,0.9995697175649844,0.0009520524309187713,0.002604765022065873,-0.0445361649481616,0.13197287683970452,0.13525635030747118,0,1,0
16.576576576576578,-0.0015935383548693549,0.0167269414177548,0.9996276704640054,0.002897644951049102,0.0020182407244008923,-0.029326214883501227,0.13139459620490657,0.13448065216188854,0,1,0
16.596596596596598,-0.001247814902939035,0.017286172596515992,0.9997044554197603,0.0038392477877449097,0.001593557555518755,-0.021234158444397556,0.1310435926753093,0.1340024497587876,0,1,0
16.616616616616618,-0.0008933021442240102,0.01772563793575124,0.999787777898767,0.004166123950340587,0.0013269170837918855,-0.013332023586677838,0.13086290994272703,0.13367634805863482,0,1,0
16.636636636636638,-0.0005317284581473148,0.01807868430383477,0.9998701276484466,0.0041174874839762085,0.0011817948693719047,-0.007256110721382562,0.1304140161856071,0.13286983484041998,0,1,0
16.656656656656658,-0.0001641302627035126,0.018379909772190107,0.9999329083596646,0.0031390355609005717,0.000796426652196848,-0.01926841085919191,0.13049295260922594,0.13305144125285093,0,1,0
16.676676676676678,0.00020889158208075068,0.018651092239213164,0.9999799965738814,0.0023544107108371317,0.0003194091598953292,-0.023850874615578707,0.1306353724900472,0.13321080264587493,0,1,0
16.696696696696698,0.0005857762109779264,0.018844231444858788,1.0000158773939112,0.0017940410014854542,-0.00012899527621766308,-0.02242022180622451,0.13067899641278807,0.13319789253593167,0,1,0
16.716716716716718,0.0009646159218027002,0.018941985541238687,1.000041016010188,0.0012569308138392979,-0.0005168145273112109,-0.01939096255533348,0.13083836931859352,0.13327046968931272,0,1,0
16.736736736736738,0.0013436082907782535,0.01894961844877767,1.0000588576420963,0.0008920815954178026,-0.000822111406641778,-0.015264843967275177,0.13109093588514245,0.13341245731468843,0,1,0
16.756756756756758,0.0017212200538023453,0.01888058815120459,1.00007525299475,0.0008197676326843072,-0.0011089692275812288,-0.014342891047820982,0.13110058562089977,0.1333518355997808,0,1,0
16.776776776776778,0.0020962088298209615,0.018749438800930822,1.0000894473069961,0.000709715612298844,-0.0013414142924188684,-0.011622253242843458,0.1310986184311085,0.1332437392704131,0,1,0
16.796796796796798,0.002467366226606936,0.018557869839298705,1.000099810719703,0.0005181706353458904,-0.0014336787890578612,-0.004613224833034635,0.13143116894243892,0.13341331329281597,0,1,0
16.816816816816818,0.0028337302391982524,0.01831820062956582,1.0001137841167327,0.0006986698514848053,-0.0014296515800129516,0.00020136045102576734,0.13135194944016024,0.13318649146519543,0,1,0
16.836836836836838,0.0031948690367097276,0.018056939875573774,1.0001268301158175,0.0006522999542418225,-0.0012926408122608322,0.006850538386241474,0.13116707063581243,0.1326755799334961,0,1,0
16.856856856856858,0.0035507744274845075,0.017795269538738997,1.0001286415033708,9.056937766144572e-05,-0.0012005728738769485,0.004603396917676644,0.13116809517574887,0.13260539146359543,0,1,0
16.876876876876878,0.0039018982341662823,0.01755619033408873,1.0001182035088698,-0.0005218997250515075,-0.0010379736789621248,0.008129959744061065,0.13170561921571716,0.1329844122349283,0,1,0
16.896896896896898,0.004248551879108038,0.017332682247087793,1.0001091049846393,-0.00045492621152855463,-0.0008622302168728442,0.008787173102611857,0.13139860943566126,0.13257122329167312,0,1,0
16.916916916916918,0.004591324907453028,0.017138651417249472,1.0000906759473287,-0.0009214518655310307,-0.0006370896811355121,0.011257026784833984,0.13188511502792644,0.13290336219930562,0,1,0
16.936936936936938,0.004930853722529748,0.016976440753836013,1.0000750527033242,-0.0007811622002299164,-0.0004019389602305787,0.011757536043026406,0.13203724858040933,0.13291725317557726,0,1,0
16.956956956956958,0.005267909427859841,0.016852785266504657,1.0000646932515864,-0.0005179725868940136,-4.90474883247797e-05,0.017644573592881956,0.13222821377917268,0.1328751025158756,0,1,0
16.976976976976978,0.0056033595416275115,0.01677250568838354,1.0000617984475946,-0.00014474019959267228,0.0003442994128824013,0.019667345057765254,0.13187640039391446,0.13233304534239512,0,1,0
16.996996996996998,0.005938485664680124,0.016756306152630632,1.0000531200044858,-0.00043392215544445125,0.0008309795521348391,0.02433400695985147,0.1320423938784197,0.13226409539020284,0,1,0
17.017017017017018,0.006274761603192103,0.016813796925598996,1.0000401000812844,-0.0006509961600699343,0.0013514108987826656,0.026021567329456326,0.13198233157969155,0.13200692308951006,0,1,0
17.037037037037038,0.006614028281632597,0.016963333922024648,1.0000180413199957,-0.001102938064438338,0.0018633800867380922,0.025598459394686083,0.13276283773973915,0.13064470103275994,0,1,0
17.057057057057058,0.006958194383460125,0.01720830509137641,0.9999783308499977,-0.0019855234999025012,0.0008698177602768939,-0.04967811632616513,0.1297855201108509,0.12848324763958224,0,1,0
17.077077077077078,0.0073090557696251866,0.017543069308253112,0.9998448500227071,-0.0066740413645290896,-0.0008671912800621769,-0.08685045202010176,0.1303277787903899,0.12945841325328564,0,1,0
17.097097097097098,0.007662762594473489,0.01768534124241509,0.9996401608550369,-0.01023445838350624,-0.002881178450134165,-0.10069935850679383,0.13149568697149022,0.13081580988169866,0,1,0
17.117117117117118,0.00801254176482635,0.01748895851764304,0.9994017335731195,-0.011921364095871698,-0.004918850297013083,-0.10188359234717641,0.13253643461346715,0.13190796267810975,0,1,0
17.137137137137138,0.008350377059760576,0.016891764746711304,0.9991611795841213,-0.012027699449904753,-0.006743264472273003,-0.0912207087662315,0.13334952964003605,0.13262864037700697,0,1,0
17.157157157157158,0.008668128981825986,0.01588759610327053,0.9989411916931882,-0.010999394546655253,-0.008323348904683524,-0.07900422162372926,0.134245021414717,0.1333835194224553,0,1,0
17.177177177177178,0.00895836976278132,0.014512039047766743,0.9987661603208713,-0.008751568615842592,-0.009597023971332372,-0.06368375333556062,0.1340196744083513,0.13299036758316146,0,1,0
17.197197197197198,0.009214878555956655,0.012825439658766721,0.9986268386512788,-0.006966083479626111,-0.010592177493735554,-0.049757676123139694,0.13408295561457745,0.13288813223274662,0,1,0
17.217217217217218,0.009432568849445948,0.010884514674464649,0.998522575155232,-0.005213174802335617,-0.011283898554700276,-0.03458605305101738,0.1340645727116279,0.13267556968825917,0,1,0
17.237237237237238,0.009607496841169148,0.008746399586160017,0.9984498802127415,-0.0036347471245248893,-0.011681124818782791,-0.019861313206641154,0.13548641044353782,0.1348878774020846,0,1,0
17.25725725725726,0.00973633908680017,0.006442112281551029,0.998462533979106,0.0006326883182272832,-0.011117916358298587,0.028160423021909117,0.13486817012616628,0.13359594588853993,0,1,0
17.27727727727728,0.009817785501019766,0.004072320710979839,0.9985321523782003,0.003480919954710626,-0.009966151195107423,0.057588258157590624,0.13420432533718676,0.13245970988022066,0,1,0
17.2972972972973,0.009854394275095059,0.001830438703764575,0.9986320489245588,0.004994827317928557,-0.008572555450641136,0.0696797872217611,0.1337775921635436,0.1317544658349917,0,1,0
17.31731731731732,0.009850877072851996,-0.00017586011215310615,0.998745478035682,0.0056714555561589355,-0.0070802291188798135,0.07461631658698978,0.13352132637509403,0.1312968771150291,0,1,0
17.33733733733734,0.009812777224669415,-0.0019049924091290454,0.9988619043771485,0.005821317073324453,-0.005531659921221771,0.07742845988235697,0.13339456770482466,0.1309833783906185,0,1,0
17.35735735735736,0.009745946907483996,-0.0033415158592709597,0.9989748491483242,0.005647238558786469,-0.003928896973301744,0.08013814739603771,0.13337744975397384,0.13077124545095428,0,1,0
17.37737737737738,0.009656474589360725,-0.004473615906163572,0.9990809571017092,0.0053053976692479105,-0.0023918595810502002,0.07685186961321966,0.13332421569967381,0.13061195311989834,0,1,0
17.3973973973974,0.009550624870518887,-0.005292485942091888,0.9991771148645544,0.004807888142260999,-0.0009317592449365151,0.07300501680694028,0.1333739214648186,0.1305712764679912,0,1,0
17.41741741741742,0.00943436621513259,-0.005812932769314807,0.9992634831943832,0.004318416491436285,0.0004843263016983945,0.0708042773336113,0.1334443045169108,0.13053476892322927,0,1,0
17.43743743743744,0.009313407158207198,-0.006047952846269574,0.9993405813195652,0.003854906259097298,0.0017880996337863613,0.06518866660684411,0.1338755821672161,0.13089862512727352,0,1,0
17.45745745745746,0.0091932650269709,-0.006007106561814904,0.9994201977126227,0.003980819652877737,0.0029840760490117205,0.05979882076424862,0.13381704372124253,0.13078534047575877,0,1,0
17.47747747747748,0.009079035115714383,-0.005711495562825804,0.9994997790082337,0.003979064780549914,0.004055049698862542,0.05354868249598897,0.13376063676481895,0.13069522628949076,0,1,0
17.4974974974975,0.008975440518450433,-0.00517972986319749,0.9995771433897654,0.0038682190765874473,0.004885483274167689,0.041521678769074546,0.13367553692854753,0.13066704147684774,0,1,0
17.51751751751752,0.008886634475571607,-0.0044403021439412904,0.9996505996286993,0.0036728119466940094,0.005573819785838122,0.0344168255876046,0.1336581979436248,0.13066010814777587,0,1,0
17.53753753753754,0.008815853158866774,-0.003539065835241676,0.9997197767896345,0.0034588580467644916,0.006132941172719989,0.027956069348324154,0.1352608862901511,0.13048396713444257,0,1,0
17.55755755755756,0.008765897777761194,-0.002497769055278978,0.9998057979709034,0.004301059063444032,0.0051350532722083024,-0.049894395021218556,0.1322837984379772,0.12855826555521935,0,1,0
17.57757757757758,0.008738496374515509,-0.0013700701622842526,0.999836004192744,0.0015103110920281016,0.0034438919347090195,-0.08455806687068144,0.13293471948288263,0.12979293958789223,0,1,0
17.5975975975976,0.008729922206826949,-0.00042870838442798096,0.9998383964992198,0.00011961532378834661,0.0015192292778008444,-0.09623313284139196,0.1335200402378539,0.13072114268594845,0,1,0
17.61761761761762,0.008733665071495261,0.00018714323341559335,0.9998354478676351,-0.00014743157923263864,-0.00038380145941438524,-0.09515153685717406,0.13393285296779403,0.1313371436730273,0,1,0
17.63763763763764,0.008742250528955057,0.0004292728729897961,0.9998424229364284,0.0003487534396667132,-0.002192696609869383,-0.0904447575197424,0.13358744349653512,0.13196238840603328,0,1,0
17.65765765765766,0.008748206171745446,0.00029778213951946804,0.999863463716064,0.0010520389817797956,-0.003153816587756407,-0.048055998892070836,0.13416729881497688,0.13222596202549958,0,1,0
17.67767767767768,0.00874441334552379,-0.00018964131108281277,0.9999110449845485,0.0023790634242238534,-0.0035651844824901367,-0.020568394735242905,0.133967312137915,0.1318651246597251,0,1,0
17.6976976976977,0.008727175912833906,-0.0008618716344941702,0.9999768268340496,0.0032890924750572123,-0.003677260308174326,-0.005603791283700185,0.13375724201235895,0.1316428956761711,0,1,0
17.71771771771772,0.008694887487894381,-0.0016144212469762272,1.0000543847828456,0.0038778974397938467,-0.0034614122526728515,0.01079240277457092,0.1336187515330032,0.1314599643586805,0,1,0
17.73773773773774,0.008647221157022024,-0.0023833165436178234,1.000138945960416,0.004228058878519905,-0.0031155729906018133,0.01729196310198455,0.1334798677975178,0.13139620516530642,0,1,0
17.75775775775776,0.008585077264943609,-0.0031071946039207543,1.0002275056225505,0.0044279831067256595,-0.0026373122365131937,0.023913037701777985,0.133351305607666,0.13133861818165266,0,1,0
17.77777777777778,0.008509881641625614,-0.0037597811658997005,1.0003173072262241,0.004490080183684077,-0.002063309509092533,0.028700136367304556,0.1333219667423739,0.13140099544535577,0,1,0
17.7977977977978,0.00842355013078681,-0.0043165755419401685,1.0004088445909818,0.004576868237878031,-0.0013803065000224947,0.0341501504487425,0.1332637929550762,0.13143024486183352,0,1,0
17.81781781781782,0.008328453002180769,-0.004754856430302027,1.0005016930708104,0.004642423991430067,-0.0007291173330119156,0.03255945834480622,0.13316586587373402,0.1315145570832342,0,1,0
17.83783783783784,0.008227266362951851,-0.005059331961445924,1.0005956544940406,0.004698071161512114,5.468338681067318e-05,0.039190035984554665,0.13262133985885888,0.13111772630036683,0,1,0
17.85785785785786,0.008122657998166201,-0.005230418239282556,1.0006767846151543,0.004056506055683325,0.00089773867494352,0.04215276439932393,0.1327259890910653,0.13134771340559495,0,1,0
17.87787787787788,0.008017783379336606,-0.005243730941479702,1.0007500523966628,0.0036633890754215748,0.0017267457841827077,0.04145035545402017,0.13271352618667656,0.13152205220775243,0,1,0
17.8978978978979,0.007916033788425567,-0.005087479545551932,1.0008178607729514,0.0033904188144257717,0.0025161267737491143,0.03946904946986738,0.13264327841630524,0.13166060339443186,0,1,0
17.91791791791792,0.007820679206990196,-0.004767729071768521,1.0008812217972565,0.003168051215255757,0.003383713222555614,0.04337932243148862,0.13260164085499612,0.13174275319972698,0,1,0
17.93793793793794,0.007734926180937088,-0.00428765130265541,1.0009407326912771,0.002975544701038858,0.00419822280867988,0.040725479297046334,0.13251943284473472,0.13186846562324508,0,1,0
17.95795795795796,0.0076622062165245496,-0.0036359982206269196,1.0009970310601524,0.002814918443762171,0.00504992831121338,0.04258527511723555,0.13245781888469688,0.13195446574640818,0,1,0
17.97797797797798,0.007605765812471499,-0.002822020202652526,1.0010504686942125,0.002671881703003901,0.005931044589132412,0.04405581388624636,0.1323904204334712,0.13203695268616805,0,1,0
17.997997997998,0.007569014580955168,-0.0018375615758165489,1.001101256025996,0.0025393665891734083,0.006796763126422488,0.043285926854440375,0.1323069237656373,0.1321335164786456,0,1,0
18.01801801801802,0.007555456251954657,-0.0006779164500255448,1.0011495698466144,0.0024156910309173192,0.0076622926714611265,0.04327647724134265,0.1323550775891893,0.13233540261769963,0,1,0
18.03803803803804,0.007568539119959069,0.0006541434002206008,1.001199094791954,0.0024762472669792365,0.008553632231160051,0.04456697797362739,0.13177966706270497,0.13090815053061164,0,1,0
18.05805805805806,0.0076114954546423474,0.0021478167341639318,1.0012201371467389,0.0010521177392389988,0.008621262239243985,0.0033815003928673384,0.1313405792659574,0.1311221720605033,0,1,0
18.07807807807808,0.007687852083018265,0.0038178314187958737,1.001209357440572,-0.0005389853083396521,0.008174768938756167,-0.022324665036735344,0.1315910154457946,0.13186507533328778,0,1,0
18.0980980980981,0.007798049495693716,0.005509870633772545,1.0011814945395632,-0.001393145050443632,0.0074588355474419325,-0.03579666958008963,0.1317276352480388,0.1323584531260171,0,1,0
18.11811811811812,0.007940434145802387,0.007119232505433533,1.0011459098244886,-0.0017792357537287147,0.006681643962579206,-0.03885957926048667,0.1317991177913685,0.13266287378135866,0,1,0
18.13813813813814,0.008112335037993145,0.008595044609537899,1.0011082002310885,-0.001885479670001018,0.005808592364513067,-0.04365257992488177,0.13179311891555234,0.13291320738235554,0,1,0
18.15815815815816,0.008310718951957426,0.009919195698214076,1.0010720087374412,-0.0018095746823665792,0.005022642888437436,-0.03929747383060212,0.1317614300807769,0.1330160383691714,0,1,0
18.17817817817818,0.008532216917523584,0.011074898278307843,1.0010384094770743,-0.001679963018338648,0.00429592122172911,-0.03633608336868371,0.1319784885064025,0.13336975573001977,0,1,0
18.1981981981982,0.008773856151146788,0.012081961681160207,1.001015872912484,-0.0011268282295138078,0.0035706162171616545,-0.036265250269510343,0.13177123566934074,0.1333108543316118,0,1,0
18.21821821821822,0.009032809184428012,0.01294765166406122,1.0010004604324794,-0.0007706240002301385,0.0028443538967495266,-0.03631311607104403,0.13169890414912747,0.1333638328406728,0,1,0
18.23823823823824,0.00930625120849931,0.01367210120356487,1.0009918907728952,-0.00042848297920776955,0.0021425740954905494,-0.03508899012398456,0.12964118983696363,0.12952305384102714,0,1,0
18.25825825825826,0.009591145070246394,0.014244693087354232,1.0009027828082109,-0.004455398234212324,-0.00010637508894028965,-0.1124474592893058,0.12488216832367754,0.12590159144069524,0,1,0
18.27827827827828,0.009884584048160096,0.014671948895685114,1.0006090536255312,-0.014686459133987848,-0.003113117197799947,-0.15033710552161095,0.12966766791870607,0.13139534369642783,0,1,0
18.2982982982983,0.010178236260894808,0.014682610636735564,1.000263164454534,-0.017294458549870013,-0.006402790423556736,-0.16448366138042808,0.1308250072283876,0.13306775561057443,0,1,0
18.31831831831832,0.010460391677094692,0.014107770809994256,0.9999070617403614,-0.01780513570862617,-0.00965884463090231,-0.16280271047648434,0.13210758510480633,0.13465024771086195,0,1,0
18.33833833833834,0.010717996941592162,0.012880263224873541,0.9995831372669096,-0.01619622367258632,-0.012775577170629293,-0.15583662711429938,0.1308949417860208,0.13369020756236383,0,1,0
18.35835835835836,0.01093853082135214,0.01102669398799883,0.9992590744427279,-0.016203141209087144,-0.01557891405486992,-0.14016684436012425,0.13299764671259634,0.1359384161169519,0,1,0
18.37837837837838,0.011109054722868666,0.008526195075826378,0.9989991887777333,-0.012994283249729224,-0.018088092815133797,-0.12545893818275583,0.13224263554823115,0.1353393977837676,0,1,0
18.3983983983984,0.011218771187935643,0.005485823253348852,0.99878321147574,-0.01079886509966634,-0.020210323220804974,-0.10611152047521924,0.13193761398200501,0.13513579595933092,0,1,0
18.41841841841842,0.011257952047167391,0.0019590429615873937,0.9986034049108038,-0.008990328246810264,-0.021924606961149815,-0.08571418723125625,0.13200850902093436,0.1352816484476,0,1,0
18.43843843843844,0.011218221827249172,-0.0019865109959109777,0.9984627890115167,-0.007030794964352421,-0.023224099435096433,-0.06497462393346692,0.13312799772514844,0.1369325583133546,0,1,0
18.45845845845846,0.011091992420545047,-0.006311470335206239,0.9984022219994337,-0.0030283506041501014,-0.023750797974117065,-0.02633492721037748,0.13239047400313342,0.13595992741268526,0,1,0
18.47847847847848,0.010874702298997903,-0.010864506077357243,0.998396193203758,-0.00030143978378376545,-0.023651471322161555,0.004966332317900231,0.13181525126097168,0.13518814217824163,0,1,0
18.4984984984985,0.010564838582289616,-0.015493185835414345,0.9984246594852736,0.0014233140757768205,-0.023146474832670464,0.02524982417659628,0.13136254875897996,0.13464238234360823,0,1,0
18.51851851851852,0.010163247483413846,-0.020079554943788495,0.9984728142548802,0.002407738480330962,-0.022363759013514374,0.03913579064432765,0.1310237245796066,0.1342587410109621,0,1,0
18.53853853853854,0.009672235910799049,-0.02455057863073981,0.9985299875732602,0.002858665918995586,-0.021327231988868177,0.051826350906415505,0.1310254812180875,0.13519586367872582,0,1,0
18.55855855855856,0.00909463761785921,-0.028879914646991935,0.9986101477113962,0.0040080069068019215,-0.01927871402997045,0.10242589760709073,0.13000726301446966,0.13355192171307514,0,1,0
18.57857857857858,0.008435449222983737,-0.032959419743773574,0.998673934398923,0.0031893343763387642,-0.016711065389255663,0.12838243169191998,0.13009402962085315,0.1332502517124621,0,1,0
18.5985985985986,0.007702789754379488,-0.0366329734302124,0.9987183401364875,0.0022202868782227603,-0.01391920657484496,0.13959294037596923,0.130179979002844,0.13309182170694323,0,1,0
18.61861861861862,0.006906777905124782,-0.039800592462735346,0.9987424874302652,0.001207364688881866,-0.011141601518881853,0.13888025245765293,0.13050263751303728,0.1332820194446696,0,1,0
18.63863863863864,0.006058180619203348,-0.0424298642960717,0.9987541569181262,0.0005834743930519034,-0.008350004954995837,0.13957982786298712,0.13052436362976017,0.13296467479403173,0,1,0
18.65865865865866,0.005167920336640991,-0.04451301412811788,0.9987491157030388,-0.0002520607543714902,-0.005766252940094346,0.12918760042814809,0.13103999057848648,0.13342349556877875,0,1,0
18.67867867867868,0.004246781470683378,-0.046056943297880605,0.9987419196879188,-0.0003598007559983357,-0.003381899187987153,0.1192176873073445,0.1312629141967694,0.13357385116589135,0,1,0
18.6986986986987,0.0033048535108884326,-0.04709639798974728,0.9987381721021342,-0.00018737928923090534,-0.0012000973452744794,0.10909009186099777,0.1313488179590217,0.1335759413070117,0,1,0
18.71871871871872,0.0023513846898060116,-0.04767344105412106,0.9987392164593568,5.221786113070352e-05,0.0009443486124334409,0.10722229763860534,0.13164327849786703,0.1336604921988658,0,1,0
18.73873873873874,0.001394960802220444,-0.047821194379278384,0.9987506833432561,0.0005733441949629412,0.002846391386310663,0.09510213847884211,0.13183919857241155,0.13377228308887618,0,1,0
18.75875875875876,0.00044397633366369477,-0.047549223427837455,0.9987771237736168,0.001322021518034675,0.004517906978180157,0.08357577941388383,0.13192906316047462,0.13375066238912658,0,1,0
18.77877877877878,-0.0004941552449265795,-0.04690657892951371,0.998819522034692,0.0021199130537629713,0.006003069564111401,0.07425812915571853,0.13176342702405988,0.13343811487955248,0,1,0
18.7987987987988,-0.0014129242408708002,-0.04593844979721103,0.9988707564187663,0.002561719203713418,0.007234736199119947,0.06158333165120922,0.13175121274203963,0.13331169448974645,0,1,0
18.81881881881882,-0.00230658016632443,-0.04468279627268147,0.9989287350585375,0.0028989319885585714,0.008228148737885556,0.04967062688315034,0.13175352580881972,0.13318097798645934,0,1,0
18.83883883883884,-0.0031703644940329354,-0.04318921638542528,0.9989915181315492,0.003139153650582519,0.008958476935021824,0.036516409847798484,0.13188784357683447,0.13320597172302742,0,1,0
18.85885885885886,-0.004000472047130688,-0.04150537765488765,0.9990614316413029,0.003495675487684643,0.009506482297563727,0.027400268165777973,0.1321180528080613,0.13324753687713592,0,1,0
18.87887887887888,-0.004794106587859992,-0.03968172703646518,0.9991424712070602,0.004051978287868602,0.009873051529828756,0.018328461700770696,0.13220594826906448,0.13314389197780735,0,1,0
18.8988988988989,-0.00554920342235444,-0.037754841724722446,0.9992343744669618,0.00459516299507833,0.010012690354069122,0.006981941349131,0.13190547945384948,0.13267765870733342,0,1,0
18.91891891891892,-0.006264519173860628,-0.035765787575309384,0.9993257605609114,0.004569304697474516,0.009893588145290374,-0.0059551102517732685,0.131770868928446,0.13239349183518517,0,1,0
18.93893893893894,-0.006939708621301985,-0.03375947237206785,0.9994104208221264,0.0042330130607495,0.009600163916203582,-0.01467121121681092,0.13175394982225164,0.1322028644842545,0,1,0
18.95895895895896,-0.007575342005917164,-0.03178166923075895,0.9994852909902545,0.003743508406406252,0.009069431223886665,-0.02653663432786567,0.13173811912746025,0.1320680322617785,0,1,0
18.97897897897898,-0.008172752834112142,-0.029870541409748905,0.9995481585282195,0.003143376898251041,0.008458770561448413,-0.030533032783161287,0.13199788973060153,0.1321265604471119,0,1,0
18.998998998999,-0.008734039706029123,-0.028064343595849046,0.9996037681501337,0.0027804810957118772,0.007674184562473872,-0.03922929955903183,0.13200681392373703,0.13200779003200847,0,1,0
19.01901901901902,-0.009261653961768748,-0.026380712786981248,0.9996505195664726,0.0023375708169405688,0.006647558536735128,-0.051331300846230166,0.13185830175132782,0.1317986448810543,0,1,0
19.03903903903904,-0.009758878002241882,-0.024861202023656718,0.9996831464107699,0.0016313422148704817,0.005609443077589269,-0.05190577246448947,0.13211362680521546,0.133011356337083,0,1,0
19.05905905905906,-0.010229652315473889,-0.023538715661600353,0.9997234372464128,0.0020145417821407626,0.005421297485968223,-0.009407279039233905,0.13180983050116218,0.1320139256922172,0,1,0
19.07907907907908,-0.010678236736208355,-0.022429221036723356,0.9997521336867025,0.0014348220144837255,0.005627982224143303,0.010334237502835391,0.13221384519462778,0.131992125289209,0,1,0
19.0990990990991,-0.011105456216507813,-0.0213609740149729,0.9997749116591388,0.001138898621817476,0.006084639373616348,0.022832858123874793,0.13241985341013682,0.13183957166080867,0,1,0
19.11911911911912,-0.011510567111593319,-0.02025554475427533,0.9997925634624619,0.000882590166158234,0.006604391494915897,0.025987606775242263,0.13267855218000976,0.1318611782513752,0,1,0
19.13913913913914,-0.011891885155590871,-0.019065902199877596,0.9998092354263582,0.0008335981948183746,0.007210267711681953,0.030293811613886452,0.13294005832068514,0.13185952680635,0,1,0
19.15915915915916,-0.012247388875272103,-0.017775185984061546,0.999828765058172,0.0009764815906846903,0.007732350329667497,0.02610413174486201,0.13346806019744556,0.13221238338657224,0,1,0
19.17917917917918,-0.012574739492082763,-0.016367530840533023,0.999864183046404,0.001770899411603036,0.008244012146206514,0.025583091749545317,0.13343528078607206,0.13197320018122669,0,1,0
19.1991991991992,-0.012871997079643259,-0.01486287937802474,0.9999114321837911,0.002362456869353119,0.008696854383136969,0.02264211285321788,0.1337732952205171,0.13212820149719598,0,1,0
19.21921921921922,-0.013137160452533199,-0.013258168644496998,0.9999777905209848,0.0033179168596857394,0.009033273792410423,0.016820971561743933,0.13351460258479902,0.1317387533073755,0,1,0
19.23923923923924,-0.013368634091885533,-0.011573681967616753,1.0000536257806816,0.003791762984834671,0.009300093802422213,0.013341001698525111,0.13301327540097477,0.1314579331487014,0,1,0
19.25925925925926,-0.013565261583984422,-0.009831374604944428,1.000127331752989,0.0036852986153731357,0.009738083144444368,0.021899468401332063,0.13287912564514728,0.1310388642029059,0,1,0
19.27927927927928,-0.013726150767529184,-0.008044459177238079,1.0001907051998828,0.0031686723446862596,0.010212853021925032,0.02373849528732846,0.13304128278041832,0.13099128250252803,0,1,0
19.2992992992993,-0.013849724297499401,-0.006178676498510889,1.0002454356002628,0.0027365200189942607,0.0107929151991717,0.029003110402387264,0.13314817101868287,0.13084411724515232,0,1,0
19.31931931931932,-0.013934188088473735,-0.004223189548716751,1.0002909148202448,0.0022739609991049006,0.011326226873265165,0.02666558538241157,0.13320853194047785,0.130746966392975,0,1,0
19.33933933933934,-0.013977353506870658,-0.0021582709198461514,1.0003265815511064,0.0017833365430822033,0.01176859608404721,0.022118462364706763,0.13329168865787613,0.13071775612695485,0,1,0
19.35935935935936,-0.013977221401007997,6.6052931330259045e-06,1.0003532198285767,0.0013319138735183105,0.012149875797217219,0.019063987642412974,0.13332926032071687,0.13063540424853026,0,1,0
19.37937937937938,-0.013932080890472959,0.002257025526751933,1.0003701535829714,0.000846687719731517,0.012329239826821032,0.008968203628187238,0.13334215841654598,0.13063766041752864,0,1,0
19.3993993993994,-0.013840553012473703,0.004576393899962752,1.0003775972334703,0.00037218252494254194,0.012450000964855979,0.0060380592226238795,0.1333950013712236,0.13060746198896728,0,1,0
19.41941941941942,-0.013701944681266951,0.006930416560337596,1.0003758852409523,-8.559962589847661e-05,0.01239774590098048,-0.002612750696098256,0.13341602819050077,0.13063725769010132,0,1,0
19.43943943943944,-0.013515895263022347,0.009302470912230222,1.0003657719828072,-0.000505662907256379,0.012339606045938815,-0.0029069900697430806,0.1336671123095194,0.13124819093269602,0,1,0
19.45945945945946,-0.013282504810568715,0.011669522622681562,1.000360036431432,-0.0002867775687622326,0.01259316215448822,0.012677808289072239,0.13357030849141177,0.1308501132449979,0,1,0
19.47947947947948,-0.013002120990419403,0.01401919100746557,1.000351346865125,-0.00043447831534367063,0.012898555727394727,0.015269681695617886,0.1335509907667854,0.1306887707016019,0,1,0
19.4994994994995,-0.012673824050160898,0.01641484701292526,1.0003370170724855,-0.0007164896319806944,0.013144363545328037,0.012290394140853622,0.13357076097493675,0.13064617287630967,0,1,0
19.51951951951952,-0.012296509844687172,0.018865710273686373,1.0003166982600515,-0.0010159406217007103,0.0133721713932605,0.011390395840375982,0.13349193128757866,0.13048633642572333,0,1,0
19.53953953953954,-0.011869304848099222,0.021360249829397528,1.000286847319769,-0.0014925470141265791,0.013520013256819754,0.007392096823634134,0.1347570608936772,0.13111005582116458,0,1,0
19.55955955955956,-0.011390981838977384,0.02391615045609192,1.0002754407159777,-0.0005703301895650889,0.013067547639009844,-0.022623277026680644,0.13431350936588324,0.1309944069497576,0,1,0
19.57957957957958,-0.01086112712565564,0.02649273566608718,1.0002741718769574,-6.344195101403197e-05,0.012304255041273722,-0.0381646258166322,0.13400693072246908,0.13087423541369536,0,1,0
19.5995995995996,-0.01028161503224652,0.028975604670456,1.0002767344566936,0.0001281289868038843,0.011321951336675554,-0.04911518096441712,0.13379542242168563,0.1308255247931725,0,1,0
19.61961961961962,-0.009655474844824355,0.03130700937110828,1.0002793084968993,0.00012870201028510072,0.010144736563715385,-0.05886073419978725,0.13356745198245168,0.13077875876155992,0,1,0
19.63963963963964,-0.008986653150429798,0.0334410847197279,1.0002778695642423,-7.194663285517298e-05,0.008937600484008835,-0.06035679936252558,0.13291720487952988,0.1298769600535064,0,1,0
19.65965965965966,-0.008279992371047077,0.035333038969136046,1.000249478366009,-0.0014195599116664894,0.0074276008548637374,-0.07549997665922771,0.1326526104428252,0.12994301020826962,0,1,0
19.67967967967968,-0.007540252033541549,0.036987016875276384,1.000191260788617,-0.0029108788696015978,0.005882178597243302,-0.07727110792208745,0.1335567063247823,0.1310253621177902,0,1,0
19.6996996996997,-0.0067730533110372405,0.03835993612521539,1.0001327177287351,-0.0029271529940916446,0.004322643357562674,-0.07797675687765984,0.13367673578093334,0.13134067589876913,0,1,0
19.71971971971972,-0.005984407216118854,0.039432304745919286,1.0000803392504514,-0.002618923914185492,0.0028430432757202426,-0.073979998849246,0.13367264515482144,0.13148782506375567,0,1,0
19.73973973973974,-0.0051803773285456715,0.04020149437865916,1.0000362708835864,-0.0022034183432453718,0.0014317304539866072,-0.07056563571880345,0.13348106048331929,0.1314619776070467,0,1,0
19.75975975975976,-0.004366744871361385,0.040681622859214346,0.999997305363667,-0.0019482759959675393,0.00011799703147426841,-0.06568666564286947,0.13348566472184165,0.1316224212778467,0,1,0
19.77977977977978,-0.0035490448419651186,0.040885001469813304,0.9999658954496053,-0.0015704957030835687,-0.0009915804724924427,-0.05547886960591545,0.13356944977030702,0.13179511868646987,0,1,0
19.7997997997998,-0.002732391006314224,0.040832691782544714,0.9999458385927564,-0.0010028428424433732,-0.001920636540277697,-0.046452797692007664,0.13362722246785316,0.13195605309636124,0,1,0
19.81981981981982,-0.001921075601141125,0.04056577025865496,0.999940363535416,-0.0002737528670191991,-0.002726010750798117,-0.04026870473052806,0.13347144223406862,0.1319448109303588,0,1,0
19.83983983983984,-0.0011186939169387329,0.040119084210119595,0.9999469784094551,0.0003307437019521983,-0.0033900773391871896,-0.033203323531466086,0.13303983529772218,0.13174712582848536,0,1,0
19.85985985985986,-0.000328336720944503,0.039517859799711494,0.9999563429840955,0.00046822873201747285,-0.0038085278284923003,-0.020922518491134842,0.13303204313910105,0.13180798683114786,0,1,0
19.87987987987988,0.0004474758614221246,0.03879062911833138,0.99996923320923,0.0006445112567256835,-0.004075365384969595,-0.013341871766542853,0.1329124371264156,0.13181039324090646,0,1,0
19.8998998998999,0.0012071623319811285,0.03798432352795019,0.9999839039720719,0.0007335381420930039,-0.004172442979529404,-0.004853873589255401,0.13284434984183952,0.1318455885516341,0,1,0
19.91991991991992,0.0019497843309535263,0.03713109994861989,0.9999998623915931,0.0007979209760599469,-0.004195154170955057,-0.0011355533562544093,0.13272172681359443,0.13187993151604668,0,1,0
19.93993993993994,0.0026750386802807205,0.03626271746635971,1.0000157979969566,0.0007967802681760971,-0.0041285923699258065,0.0033280963381430817,0.13260219204206647,0.13191623313617012,0,1,0
19.95995995995996,0.003382957516865174,0.03539594182922268,1.0000304773715818,0.0007339687312600521,-0.004043085833536083,0.004275333169319781,0.1322776155812686,0.13179872781996205,0,1,0
19.97997997997998,0.004073898116997359,0.03454703000660923,1.0000373533475975,0.0003437988007789337,-0.0038781601585760384,0.008246290153958735,0.1323140504868869,0.13199152071630757,0,1,0
20.0,0.004748317287224281,0.033720958511346086,1.0000398296985915,0.000123817549702534,-0.0037430833191298024,0.006753848422647764,0.1323478618977884,0.1322504296599804,0,1,0
